gt_name,gt_number,gt_set,ocr_name,ocr_number,ocr_collection,match_name,match_number,match_set,match_score,detected,ocr_name_ok,ocr_number_ok,ocr_set_ok,cer_name,cer_number,uid,roi_name_src,roi_name_conf,roi_number_src,roi_number_conf,roi_collection_src,roi_collection_conf,ocr_ok,ok,image,iou,gt_raw,id_ok,ocr_hit,arquivo,nome_lido,nome_correto,numero_lido,numero_correto,set_lido,set_correto
Mew ex,216/91,PAF,,,,,,,0.0,False,False,False,False,1.0,1.0,,missing,0.0,missing,0.0,missing,0.0,False,False,0313_jpg.rf.dc6dec655579adedcd63082f9149c9b8.jpg,0.0,PAF 216-91 Mew ex,False,False,0313,,Mew ex,,216/91,,PAF
Correio de Treinadores,92/108,xy6,TREINADOR,,,N,96/108,DEX,880.0,True,False,False,False,0.55,1.0,1003_jpg.rf.f534702c5c496c1f6687ad964686d102.jpg#p00#7#7,det,0.914,template,0.0,template,0.0,False,False,1003_jpg.rf.f534702c5c496c1f6687ad964686d102.jpg,0.992,xy6 92-108 Correio de Treinadores,False,False,1003,TREINADOR,Correio de Treinadores,,92/108,,xy6
Luxray TURBO,47/122,xy9,,,,,,,0.0,False,False,False,False,1.0,1.0,,missing,0.0,missing,0.0,missing,0.0,False,False,1008_jpg.rf.29b71b57c5b65509016eb0b8054ef8c1.jpg,0.0,xy9 47-122 Luxray TURBO,False,False,1008,,Luxray TURBO,,47/122,,xy9
Energia de Agua,124/111,sm4,,,,Alakazam,1/130,B2,0.0,True,False,False,False,1.0,1.0,1012_jpg.rf.4dde815c75b9932387c81953780d421e.jpg#p00#8#5,template,0.0,template,0.0,template,0.0,False,False,1012_jpg.rf.4dde815c75b9932387c81953780d421e.jpg,0.968,sm4 124-111 Energia de Agua,False,False,1012,,Energia de Agua,,124/111,,sm4
Machamp TURBO,60/108,xy12,,,,Alakazam,1/130,B2,0.0,True,False,False,False,1.0,1.0,1014_jpg.rf.ceea5d7337f51ed928140c773699879d.jpg#p00#8#4,template,0.0,template,0.0,template,0.0,False,False,1014_jpg.rf.ceea5d7337f51ed928140c773699879d.jpg,0.935,xy12 60-108 Machamp TURBO,False,False,1014,,Machamp TURBO,,60/108,,xy12
Pyroar TURBO,24/114,xy11,,,,,,,0.0,False,False,False,False,1.0,1.0,,missing,0.0,missing,0.0,missing,0.0,False,False,1022_jpg.rf.61e21ebef4695fdde5fff5ef23af79ef.jpg,0.0,xy11 24-114 Pyroar TURBO,False,False,1022,,Pyroar TURBO,,24/114,,xy11
Xerneas TURBO,82/114,xy11,,,,Alakazam,1/130,B2,0.0,True,False,False,False,1.0,1.0,1041_jpg.rf.a431e4b08a434a6470ad2933f30b260d.jpg#p00#8#5,template,0.0,template,0.0,template,0.0,False,False,1041_jpg.rf.a431e4b08a434a6470ad2933f30b260d.jpg,0.959,xy11 82-114 Xerneas TURBO,False,False,1041,,Xerneas TURBO,,82/114,,xy11
Mew,1/18,si1,lew,,,Axew,BW26/101,BWP,900.0,True,False,False,False,0.3333333333333333,1.0,1057_jpg.rf.f0883245ed9c80e3d14ccecf9bda4845.jpg#p00#4#4,template,0.0,det,0.413,template,0.0,False,False,1057_jpg.rf.f0883245ed9c80e3d14ccecf9bda4845.jpg,0.981,si1 1-18 Mew,False,False,1057,lew,Mew,,1/18,,si1
Darkness Energy,129/130,dp1,NEROY,,,Berry,99/111,N1,900.0,True,False,False,False,0.7142857142857143,1.0,1063_jpg.rf.eb5334c3fafeb960c5d8a9597e812802.jpg#p00#4#8,template,0.0,template,0.0,template,0.0,False,False,1063_jpg.rf.eb5334c3fafeb960c5d8a9597e812802.jpg,0.977,dp1 129-130 Darkness Energy,False,False,1063,NEROY,Darkness Energy,,129/130,,dp1
Pheromosa and Buzzwole GX,1/214,sm10,G TEAMZzwole,012/100,,Salazzle,14/70,DRM,541.3157958984375,True,False,False,False,0.6363636363636364,0.75,1067_jpg.rf.7b57928d1926373a1b8d7761094bd171.jpg#p00#6#6,template,0.0,template,0.0,template,0.0,False,False,1067_jpg.rf.7b57928d1926373a1b8d7761094bd171.jpg,0.987,sm10 1-214 Pheromosa and Buzzwole GX,False,False,1067,G TEAMZzwole,Pheromosa and Buzzwole GX,012/100,1/214,,sm10
Hydreigon BREAK,87/114,xy11,M,,,Muk,13/62,FO,900.0,True,False,False,False,1.0,1.0,1090_jpg.rf.fbdf6a5f0d9af196242f2a0e8a32f11b.jpg#p00#8#7,template,0.0,template,0.0,template,0.0,False,False,1090_jpg.rf.fbdf6a5f0d9af196242f2a0e8a32f11b.jpg,0.955,xy11 87-114 Hydreigon BREAK,False,False,1090,M,Hydreigon BREAK,,87/114,,xy11
Water Energy,231/198,swsh6,X,231/19,,Meowscarada ex,231/193,PAL,930.0,True,False,False,False,1.0,0.16666666666666666,1098_jpg.rf.08150b45181866f84464bed09f8593e0.jpg#p00#8#4,template,0.0,template,0.0,template,0.0,False,False,1098_jpg.rf.08150b45181866f84464bed09f8593e0.jpg,0.965,swsh6 231-198 Water Energy,False,False,1098,X,Water Energy,231/19,231/198,,swsh6
,088/67,S10P,,008/66,S10P,Karrablast,8/119,PHF,50.0,True,False,False,True,0.0,0.4,1116_jpg.rf.264fc3332cfa84962f195613928493ab.jpg#p00#5#8,det,0.472,template,0.0,det,0.4,False,False,1116_jpg.rf.264fc3332cfa84962f195613928493ab.jpg,0.96,S10P 088-67 -----------,False,False,1116,,,008/66,088/67,S10P,S10P
,055/68,S11a,V,,,AZ,91/119,PHF,900.0,True,False,False,False,1.0,1.0,1135_jpg.rf.8aafb28062b5192968b4b777578ed95a.jpg#p00#8#3,det,0.951,template,0.0,template,0.0,False,False,1135_jpg.rf.8aafb28062b5192968b4b777578ed95a.jpg,0.917,S11a 055-68 ----V,False,False,1135,V,,,055/68,,S11a
,115/190,SV4a,ex,,,Mew,8/53,WBP,900.0,True,False,False,False,1.0,1.0,1149_jpg.rf.1ee6f180c98e4a6a77f3174dd26a6efb.jpg#p00#0#2,det,0.733,template,0.0,template,0.0,False,False,1149_jpg.rf.1ee6f180c98e4a6a77f3174dd26a6efb.jpg,0.977,SV4a 115-190 -----ex,False,False,1149,ex,,,115/190,,SV4a
Energia de Agua,231/198,swsh6,R,020/311,,Infernape,20/114,STS,930.0,True,False,False,False,0.9230769230769231,0.6666666666666666,2002_jpg.rf.0202c558a4cde7fe7c680843457d9d9b.jpg#p00#3#0,template,0.0,template,0.0,template,0.0,False,False,2002_jpg.rf.0202c558a4cde7fe7c680843457d9d9b.jpg,0.96,swsh6 231-198 Energia de Agua,False,False,2002,R,Energia de Agua,020/311,231/198,,swsh6
Drita,220/167,sv06,p,,,Hop,165/202,SSH,900.0,True,False,False,False,1.0,1.0,2005_jpg.rf.d12a5d56bd2c499c51962ee5edceb46f.jpg#p00#0#2,template,0.0,template,0.0,template,0.0,False,False,2005_jpg.rf.d12a5d56bd2c499c51962ee5edceb46f.jpg,0.961,sv06 220-167 Drita,False,False,2005,p,Drita,,220/167,,sv06
Eevee e Snorlax GX,191/181,sm9,C,,,AZ,91/119,PHF,900.0,True,False,False,False,1.0,1.0,2005_jpg.rf.d12a5d56bd2c499c51962ee5edceb46f.jpg#p00#2#3,template,0.0,template,0.0,template,0.0,False,False,2005_jpg.rf.d12a5d56bd2c499c51962ee5edceb46f.jpg,0.938,sm9 191-181 Eevee e Snorlax GX,False,False,2005,C,Eevee e Snorlax GX,,191/181,,sm9
Mega Dragalge ex,118/86,me04,,,,Alakazam,1/130,B2,0.0,True,False,False,False,1.0,1.0,2005_jpg.rf.d12a5d56bd2c499c51962ee5edceb46f.jpg#p00#1#4,template,0.0,template,0.0,template,0.0,False,False,2005_jpg.rf.d12a5d56bd2c499c51962ee5edceb46f.jpg,0.809,me04 118-86 Mega Dragalge ex,False,False,2005,,Mega Dragalge ex,,118/86,,me04
Petilil,4/145,sm2,,,,Alakazam,1/130,B2,0.0,True,False,False,False,1.0,1.0,2005_jpg.rf.d12a5d56bd2c499c51962ee5edceb46f.jpg#p00#4#5,template,0.0,template,0.0,template,0.0,False,False,2005_jpg.rf.d12a5d56bd2c499c51962ee5edceb46f.jpg,0.762,sm2 4-145 Petilil,False,False,2005,,Petilil,,4/145,,sm2
Gumshoos,177/197,sv03,,,,Alakazam,1/130,B2,0.0,True,False,False,False,1.0,1.0,2005_jpg.rf.d12a5d56bd2c499c51962ee5edceb46f.jpg#p00#5#0,template,0.0,template,0.0,template,0.0,False,False,2005_jpg.rf.d12a5d56bd2c499c51962ee5edceb46f.jpg,0.508,sv03 177-197 Gumshoos,False,False,2005,,Gumshoos,,177/197,,sv03
Wigglytuff ex,040/165,sv03-5,,,,,,,0.0,False,False,False,False,1.0,1.0,,missing,0.0,missing,0.0,missing,0.0,False,False,2005_jpg.rf.d12a5d56bd2c499c51962ee5edceb46f.jpg,0.0,sv03-5 040-165 Wigglytuff ex,False,False,2005,,Wigglytuff ex,,040/165,,sv03-5
Moltres ex da Equipe Rocket,229/182,sv10,Moltresd tpip kekt,297/182,CN,Champions Festival,SWSH296/307,SWSHP,378.6363525390625,True,False,False,False,0.4782608695652174,0.3333333333333333,2006_jpg.rf.5804457a99119b4e6ea16d3de7683104.jpg#p00#2#2,det,0.944,det,0.945,det,0.948,False,False,2006_jpg.rf.5804457a99119b4e6ea16d3de7683104.jpg,0.973,sv10 229-182 Moltres ex da Equipe Rocket,False,False,2006,Moltresd tpip kekt,Moltres ex da Equipe Rocket,297/182,229/182,CN,sv10
Rhydon,075/142,sv07,,,,Alakazam,1/130,B2,0.0,True,False,False,False,1.0,1.0,2007_jpg.rf.ec028632491120f439841882341bac49.jpg#p00#0#0,template,0.0,template,0.0,template,0.0,False,False,2007_jpg.rf.ec028632491120f439841882341bac49.jpg,0.948,sv07 075-142 Rhydon,False,False,2007,,Rhydon,,075/142,,sv07
Hydrapple,188/182,sv10,,,,Alakazam,1/130,B2,0.0,True,False,False,False,1.0,1.0,2007_jpg.rf.ec028632491120f439841882341bac49.jpg#p00#2#2,template,0.0,template,0.0,template,0.0,False,False,2007_jpg.rf.ec028632491120f439841882341bac49.jpg,0.913,sv10 188-182 Hydrapple,False,False,2007,,Hydrapple,,188/182,,sv10
Indeedee,56/72,swsh4-5,,,,,,,0.0,False,False,False,False,1.0,1.0,,missing,0.0,missing,0.0,missing,0.0,False,False,2007_jpg.rf.ec028632491120f439841882341bac49.jpg,0.0,swsh4-5 56-72 Indeedee,False,False,2007,,Indeedee,,56/72,,swsh4-5
Pingente Grande,158/202,swsh1,,,,Alakazam,1/130,B2,0.0,True,False,False,False,1.0,1.0,2009_jpg.rf.53d74d4f024cabd4e9ecbed68ded6cdd.jpg#p00#3#5,det,0.425,template,0.0,template,0.0,False,False,2009_jpg.rf.53d74d4f024cabd4e9ecbed68ded6cdd.jpg,0.898,swsh1 158-202 Pingente Grande,False,False,2009,,Pingente Grande,,158/202,,swsh1
Superpocao,87/108,xy12,Supoao,,,Super Potion,158/159,JTG,588.2352905273438,True,False,False,False,0.4,1.0,2009_jpg.rf.53d74d4f024cabd4e9ecbed68ded6cdd.jpg#p00#6#3,det,0.708,template,0.0,template,0.0,False,False,2009_jpg.rf.53d74d4f024cabd4e9ecbed68ded6cdd.jpg,0.876,xy12 87-108 Superpocao,False,False,2009,Supoao,Superpocao,,87/108,,xy12
Marowak de Alola,75/236,sm11,,,,Alakazam,1/130,B2,0.0,True,False,False,False,1.0,1.0,2009_jpg.rf.53d74d4f024cabd4e9ecbed68ded6cdd.jpg#p00#5#4,template,0.0,template,0.0,template,0.0,False,False,2009_jpg.rf.53d74d4f024cabd4e9ecbed68ded6cdd.jpg,0.856,sm11 75-236 Marowak de Alola,False,False,2009,,Marowak de Alola,,75/236,,sm11
Palkia,24/73,sm3-5,,,,Alakazam,1/130,B2,0.0,True,False,False,False,1.0,1.0,2010_jpg.rf.f3515f6fbf76f55240dd1e1e7f256df4.jpg#p00#3#6,template,0.0,template,0.0,template,0.0,False,False,2010_jpg.rf.f3515f6fbf76f55240dd1e1e7f256df4.jpg,0.962,sm3-5 24-73 Palkia,False,False,2010,,Palkia,,24/73,,sm3-5
Grande Bola,119/149,sm1,Gran gola,,,N,96/108,DEX,880.0,True,False,False,False,0.3,1.0,2010_jpg.rf.f3515f6fbf76f55240dd1e1e7f256df4.jpg#p00#5#1,det,0.433,template,0.0,template,0.0,False,False,2010_jpg.rf.f3515f6fbf76f55240dd1e1e7f256df4.jpg,0.931,sm1 119-149 Grande Bola,False,False,2010,Gran gola,Grande Bola,,119/149,,sm1
Malamar,77/146,xy1,,,,Alakazam,1/130,B2,0.0,True,False,False,False,1.0,1.0,2010_jpg.rf.f3515f6fbf76f55240dd1e1e7f256df4.jpg#p00#2#4,template,0.0,template,0.0,template,0.0,False,False,2010_jpg.rf.f3515f6fbf76f55240dd1e1e7f256df4.jpg,0.928,xy1 77-146 Malamar,False,False,2010,,Malamar,,77/146,,xy1
Braixen,12/124,xy10,,,,Alakazam,1/130,B2,0.0,True,False,False,False,1.0,1.0,2012_jpg.rf.0490483573bee033c24b7e39aeb572a6.jpg#p00#2#2,template,0.0,det,0.617,template,0.0,False,False,2012_jpg.rf.0490483573bee033c24b7e39aeb572a6.jpg,0.963,xy10 12-124 Braixen,False,False,2012,,Braixen,,12/124,,xy10
Machadinha de Gelo,165/214,sm10,Ma celo,,,Accelgor,14/264,FST,714.2857055664062,True,False,False,False,0.625,1.0,2012_jpg.rf.0490483573bee033c24b7e39aeb572a6.jpg#p00#3#1,det,0.688,template,0.0,template,0.0,False,False,2012_jpg.rf.0490483573bee033c24b7e39aeb572a6.jpg,0.874,sm10 165-214 Machadinha de Gelo,False,False,2012,Ma celo,Machadinha de Gelo,,165/214,,sm10
Maractus,093/86,sv10-5b,,,,Alakazam,1/130,B2,0.0,True,False,False,False,1.0,1.0,2017_jpg.rf.193a7a709baee9dc0411b85ceb882b56.jpg#p00#0#3,template,0.0,template,0.0,template,0.0,False,False,2017_jpg.rf.193a7a709baee9dc0411b85ceb882b56.jpg,0.94,sv10-5b 093-86 Maractus,False,False,2017,,Maractus,,093/86,,sv10-5b
Ralts,060/189,swsh10,,,,Alakazam,1/130,B2,0.0,True,False,False,False,1.0,1.0,2023_jpg.rf.fa18a4e6df10e27280d547d2d2b64c45.jpg#p00#1#2,template,0.0,template,0.0,template,0.0,False,False,2023_jpg.rf.fa18a4e6df10e27280d547d2d2b64c45.jpg,0.94,swsh10 060-189 Ralts,False,False,2023,,Ralts,,060/189,,swsh10
Snubbull,68/124,xy10,RSAC,085/510,,Rosa,204/236,CEC,900.0,True,False,False,False,1.0,1.0,2023_jpg.rf.fa18a4e6df10e27280d547d2d2b64c45.jpg#p00#4#0,det,0.749,det,0.832,template,0.0,False,False,2023_jpg.rf.fa18a4e6df10e27280d547d2d2b64c45.jpg,0.889,xy10 68-124 Snubbull,False,False,2023,RSAC,Snubbull,085/510,68/124,,xy10
Lideranca do Explorador,147/162,sv05,ide rdor,,,Skiddo,17/185,VIV,615.3846435546875,True,False,False,False,0.6666666666666666,1.0,2023_jpg.rf.fa18a4e6df10e27280d547d2d2b64c45.jpg#p00#3#4,det,0.884,template,0.0,template,0.0,False,False,2023_jpg.rf.fa18a4e6df10e27280d547d2d2b64c45.jpg,0.887,sv05 147-162 Lideranca do Explorador,False,False,2023,ide rdor,Lideranca do Explorador,,147/162,,sv05
Pyroar TURBO,24/114,xy11,,,,Alakazam,1/130,B2,0.0,True,False,False,False,1.0,1.0,2024_jpg.rf.9bda467779f9616b235d67142bcf4c68.jpg#p00#8#7,template,0.0,template,0.0,template,0.0,False,False,2024_jpg.rf.9bda467779f9616b235d67142bcf4c68.jpg,0.968,xy11 24-114 Pyroar TURBO,False,False,2024,,Pyroar TURBO,,24/114,,xy11
Porygon-Z,118/198,swsh6,,,,Alakazam,1/130,B2,0.0,True,False,False,False,1.0,1.0,2026_jpg.rf.b112afb0df52b44560cfd6811b95006e.jpg#p00#1#3,template,0.0,template,0.0,template,0.0,False,False,2026_jpg.rf.b112afb0df52b44560cfd6811b95006e.jpg,0.961,swsh6 118-198 Porygon-Z,False,False,2026,,Porygon-Z,,118/198,,swsh6
Umbreon ex,060/131,sv08-5,,,,Alakazam,1/130,B2,0.0,True,False,False,False,1.0,1.0,2026_jpg.rf.b112afb0df52b44560cfd6811b95006e.jpg#p00#4#4,template,0.0,template,0.0,template,0.0,False,False,2026_jpg.rf.b112afb0df52b44560cfd6811b95006e.jpg,0.943,sv08-5 060-131 Umbreon ex,False,False,2026,,Umbreon ex,,060/131,,sv08-5
Zacian V,SWSH018/307,swshp,,,,Alakazam,1/130,B2,0.0,True,False,False,False,1.0,1.0,2029_jpg.rf.7beb33b69acf1d5a442cbfc908645aff.jpg#p00#3#3,template,0.0,template,0.0,template,0.0,False,False,2029_jpg.rf.7beb33b69acf1d5a442cbfc908645aff.jpg,0.946,swshp SWSH018-307 Zacian V,False,False,2029,,Zacian V,,SWSH018/307,,swshp
Absol ex,135/197,sv03,,,,,,,0.0,False,False,False,False,1.0,1.0,,missing,0.0,missing,0.0,missing,0.0,False,False,2029_jpg.rf.7beb33b69acf1d5a442cbfc908645aff.jpg,0.0,sv03 135-197 Absol ex,False,False,2029,,Absol ex,,135/197,,sv03
Busca do Brock,146/159,sv09,,,,Alakazam,1/130,B2,0.0,True,False,False,False,1.0,1.0,2034_jpg.rf.7f719c109f5720cb555c9b53bf8c79b5.jpg#p00#2#1,template,0.0,template,0.0,template,0.0,False,False,2034_jpg.rf.7f719c109f5720cb555c9b53bf8c79b5.jpg,0.944,sv09 146-159 Busca do Brock,False,False,2034,,Busca do Brock,,146/159,,sv09
Cofagrigus ex,224/182,sv04,,,,Alakazam,1/130,B2,0.0,True,False,False,False,1.0,1.0,2034_jpg.rf.7f719c109f5720cb555c9b53bf8c79b5.jpg#p00#1#2,template,0.0,template,0.0,template,0.0,False,False,2034_jpg.rf.7f719c109f5720cb555c9b53bf8c79b5.jpg,0.942,sv04 224-182 Cofagrigus ex,False,False,2034,,Cofagrigus ex,,224/182,,sv04
Lucario GX,135/131,sm6,ww.AASKEPy,,,Thwackey,115/102,SVP,588.2352905273438,True,False,False,False,0.8888888888888888,1.0,2034_jpg.rf.7f719c109f5720cb555c9b53bf8c79b5.jpg#p00#3#3,det,0.569,template,0.0,template,0.0,False,False,2034_jpg.rf.7f719c109f5720cb555c9b53bf8c79b5.jpg,0.931,sm6 135-131 Lucario GX,False,False,2034,ww.AASKEPy,Lucario GX,,135/131,,sm6
Correio de Treinadores,92/108,xy6,,,,Alakazam,1/130,B2,0.0,True,False,False,False,1.0,1.0,2035_jpg.rf.75f61e928112b8c1996483f6a849cb40.jpg#p00#0#2,template,0.0,template,0.0,template,0.0,False,False,2035_jpg.rf.75f61e928112b8c1996483f6a849cb40.jpg,0.94,xy6 92-108 Correio de Treinadores,False,False,2035,,Correio de Treinadores,,92/108,,xy6
Pignite,32/236,sm12,OLL,,,Bill,118/130,B2,900.0,True,False,False,False,1.0,1.0,2035_jpg.rf.75f61e928112b8c1996483f6a849cb40.jpg#p00#2#0,det,0.589,template,0.0,template,0.0,False,False,2035_jpg.rf.75f61e928112b8c1996483f6a849cb40.jpg,0.907,sm12 32-236 Pignite,False,False,2035,OLL,Pignite,,32/236,,sm12
Fossil Casca,90/101,bw3,,,,Alakazam,1/130,B2,0.0,True,False,False,False,1.0,1.0,2035_jpg.rf.75f61e928112b8c1996483f6a849cb40.jpg#p00#5#4,template,0.0,template,0.0,template,0.0,False,False,2035_jpg.rf.75f61e928112b8c1996483f6a849cb40.jpg,0.845,bw3 90-101 Fossil Casca,False,False,2035,,Fossil Casca,,90/101,,bw3
Yveltal,118/182,sv04,,,,Alakazam,1/130,B2,0.0,True,False,False,False,1.0,1.0,2035_jpg.rf.75f61e928112b8c1996483f6a849cb40.jpg#p00#3#5,template,0.0,template,0.0,template,0.0,False,False,2035_jpg.rf.75f61e928112b8c1996483f6a849cb40.jpg,0.796,sv04 118-182 Yveltal,False,False,2035,,Yveltal,,118/182,,sv04
Weezing da Equipe Rocket,199/182,sv10,,,,Alakazam,1/130,B2,0.0,True,False,False,False,1.0,1.0,2036_jpg.rf.a7a880ac8f4565dfae9113da1c252942.jpg#p00#1#2,template,0.0,template,0.0,template,0.0,False,False,2036_jpg.rf.a7a880ac8f4565dfae9113da1c252942.jpg,0.932,sv10 199-182 Weezing da Equipe Rocket,False,False,2036,,Weezing da Equipe Rocket,,199/182,,sv10
Eevee e Snorlax GX,191/181,sm9,cO,,,N,BW100/101,BWP,900.0,True,False,False,False,0.9333333333333333,1.0,2036_jpg.rf.a7a880ac8f4565dfae9113da1c252942.jpg#p00#2#0,template,0.0,template,0.0,template,0.0,False,False,2036_jpg.rf.a7a880ac8f4565dfae9113da1c252942.jpg,0.657,sm9 191-181 Eevee e Snorlax GX,False,False,2036,cO,Eevee e Snorlax GX,,191/181,,sm9
Celebi e Venusaur GX,182/181,sm9,,,,,,,0.0,False,False,False,False,1.0,1.0,,missing,0.0,missing,0.0,missing,0.0,False,False,2036_jpg.rf.a7a880ac8f4565dfae9113da1c252942.jpg,0.0,sm9 182-181 Celebi e Venusaur GX,False,False,2036,,Celebi e Venusaur GX,,182/181,,sm9
Energia de Agua,231/198,swsh6,NCRGA,231/19,,Dancer,232/264,FST,560.4545288085938,True,False,False,False,0.6923076923076923,0.16666666666666666,2037_jpg.rf.a86a9ece06390e6808ccc3cabb243a3c.jpg#p00#8#0,template,0.0,template,0.0,template,0.0,False,False,2037_jpg.rf.a86a9ece06390e6808ccc3cabb243a3c.jpg,0.956,swsh6 231-198 Energia de Agua,False,False,2037,NCRGA,Energia de Agua,231/19,231/198,,swsh6
Steelix EX,108/114,xy11,,,,Alakazam,1/130,B2,0.0,True,False,False,False,1.0,1.0,2038_jpg.rf.5301c4158c73f3721951ed93c9466700.jpg#p00#2#0,template,0.0,template,0.0,template,0.0,False,False,2038_jpg.rf.5301c4158c73f3721951ed93c9466700.jpg,0.953,xy11 108-114 Steelix EX,False,False,2038,,Steelix EX,,108/114,,xy11
Emboar,19/114,bw1,,,,Alakazam,1/130,B2,0.0,True,False,False,False,1.0,1.0,2038_jpg.rf.5301c4158c73f3721951ed93c9466700.jpg#p00#3#3,det,0.487,template,0.0,template,0.0,False,False,2038_jpg.rf.5301c4158c73f3721951ed93c9466700.jpg,0.933,bw1 19-114 Emboar,False,False,2038,,Emboar,,19/114,,bw1
Erica,191/236,sm12,t d,,,N,BW100/101,BWP,900.0,True,False,False,False,1.0,1.0,2040_jpg.rf.2b248f2b7b99e6cfa6cf465d4ca81a0d.jpg#p00#4#3,template,0.0,template,0.0,template,0.0,False,False,2040_jpg.rf.2b248f2b7b99e6cfa6cf465d4ca81a0d.jpg,0.961,sm12 191-236 Erica,False,False,2040,t d,Erica,,191/236,,sm12
Pupitar,048/131,sv08-5,,,,Alakazam,1/130,B2,0.0,True,False,False,False,1.0,1.0,2040_jpg.rf.2b248f2b7b99e6cfa6cf465d4ca81a0d.jpg#p00#1#1,template,0.0,template,0.0,template,0.0,False,False,2040_jpg.rf.2b248f2b7b99e6cfa6cf465d4ca81a0d.jpg,0.907,sv08-5 048-131 Pupitar,False,False,2040,,Pupitar,,048/131,,sv08-5
Winona,96/108,xy6,,,,,,,0.0,False,False,False,False,1.0,1.0,,missing,0.0,missing,0.0,missing,0.0,False,False,2040_jpg.rf.2b248f2b7b99e6cfa6cf465d4ca81a0d.jpg,0.0,xy6 96-108 Winona,False,False,2040,,Winona,,96/108,,xy6
Machamp TURBO,60/108,xy12,,,,Alakazam,1/130,B2,0.0,True,False,False,False,1.0,1.0,2044_jpg.rf.1e1db420d21ffe9659616e23c7482c70.jpg#p00#5#3,template,0.0,template,0.0,template,0.0,False,False,2044_jpg.rf.1e1db420d21ffe9659616e23c7482c70.jpg,0.976,xy12 60-108 Machamp TURBO,False,False,2044,,Machamp TURBO,,60/108,,xy12
Magearna,131/214,sm8,,,,Alakazam,1/130,B2,0.0,True,False,False,False,1.0,1.0,2046_jpg.rf.ced126d766c3207bb96efab19beafd66.jpg#p00#0#3,template,0.0,template,0.0,template,0.0,False,False,2046_jpg.rf.ced126d766c3207bb96efab19beafd66.jpg,0.916,sm8 131-214 Magearna,False,False,2046,,Magearna,,131/214,,sm8
Floette Ange,075/86,me04,,,,,,,0.0,False,False,False,False,1.0,1.0,,missing,0.0,missing,0.0,missing,0.0,False,False,2046_jpg.rf.ced126d766c3207bb96efab19beafd66.jpg,0.0,me04 075-86 Floette Ange,False,False,2046,,Floette Ange,,075/86,,me04
Victini,13/108,xy6,C,,,AZ,91/119,PHF,900.0,True,False,False,False,0.8571428571428571,1.0,2047_jpg.rf.e580e422b1f927d269823acef29d0a92.jpg#p00#0#3,template,0.0,template,0.0,template,0.0,False,False,2047_jpg.rf.e580e422b1f927d269823acef29d0a92.jpg,0.96,xy6 13-108 Victini,False,False,2047,C,Victini,,13/108,,xy6
Ho-Oh EX,121/122,xy9,,,,Alakazam,1/130,B2,0.0,True,False,False,False,1.0,1.0,2047_jpg.rf.e580e422b1f927d269823acef29d0a92.jpg#p00#1#0,template,0.0,template,0.0,template,0.0,False,False,2047_jpg.rf.e580e422b1f927d269823acef29d0a92.jpg,0.957,xy9 121-122 Ho-Oh EX,False,False,2047,,Ho-Oh EX,,121/122,,xy9
Tympole,019/86,sv10-5b,,,,Alakazam,1/130,B2,0.0,True,False,False,False,1.0,1.0,2047_jpg.rf.e580e422b1f927d269823acef29d0a92.jpg#p00#2#2,template,0.0,template,0.0,template,0.0,False,False,2047_jpg.rf.e580e422b1f927d269823acef29d0a92.jpg,0.919,sv10-5b 019-86 Tympole,False,False,2047,,Tympole,,019/86,,sv10-5b
Zacian ex do Lupo,111/159,sv09,,,,Alakazam,1/130,B2,0.0,True,False,False,False,1.0,1.0,2047_jpg.rf.e580e422b1f927d269823acef29d0a92.jpg#p00#3#1,det,0.429,template,0.0,template,0.0,False,False,2047_jpg.rf.e580e422b1f927d269823acef29d0a92.jpg,0.787,sv09 111-159 Zacian ex do Lupo,False,False,2047,,Zacian ex do Lupo,,111/159,,sv09
Lopunny,145/195,swsh12,OLL,,,Bill,118/130,B2,900.0,True,False,False,False,0.8571428571428571,1.0,2048_jpg.rf.200fa7e9d41aa412d89f154fa4189c28.jpg#p00#3#3,det,0.43,template,0.0,template,0.0,False,False,2048_jpg.rf.200fa7e9d41aa412d89f154fa4189c28.jpg,0.886,swsh12 145-195 Lopunny,False,False,2048,OLL,Lopunny,,145/195,,swsh12
Pupitar,048/131,sv08-5,,,,Alakazam,1/130,B2,0.0,True,False,False,False,1.0,1.0,2049_jpg.rf.607ed7bf856d30142b8d830f7b6aa87a.jpg#p00#3#4,template,0.0,template,0.0,template,0.0,False,False,2049_jpg.rf.607ed7bf856d30142b8d830f7b6aa87a.jpg,0.952,sv08-5 048-131 Pupitar,False,False,2049,,Pupitar,,048/131,,sv08-5
Boltund,76/202,swsh1,,,,Alakazam,1/130,B2,0.0,True,False,False,False,1.0,1.0,2049_jpg.rf.607ed7bf856d30142b8d830f7b6aa87a.jpg#p00#0#3,template,0.0,template,0.0,template,0.0,False,False,2049_jpg.rf.607ed7bf856d30142b8d830f7b6aa87a.jpg,0.918,swsh1 76-202 Boltund,False,False,2049,,Boltund,,76/202,,swsh1
Energia Psiquica,95/108,xy12,ENERG,,,R Energy,95/109,TR,1000.0,True,False,False,False,0.6666666666666666,1.0,2049_jpg.rf.607ed7bf856d30142b8d830f7b6aa87a.jpg#p00#2#2,template,0.0,template,0.0,template,0.0,False,False,2049_jpg.rf.607ed7bf856d30142b8d830f7b6aa87a.jpg,0.877,xy12 95-108 Energia Psiquica,False,False,2049,ENERG,Energia Psiquica,,95/108,,xy12
Lucario GX,135/131,sm6,,,,Alakazam,1/130,B2,0.0,True,False,False,False,1.0,1.0,2055_jpg.rf.135dabba0deddc9739f15fe27c52ca64.jpg#p00#0#1,template,0.0,template,0.0,template,0.0,False,False,2055_jpg.rf.135dabba0deddc9739f15fe27c52ca64.jpg,0.978,sm6 135-131 Lucario GX,False,False,2055,,Lucario GX,,135/131,,sm6
Mega Clefable ex,119/88,me03,acex,,,Axew,BW10/101,BWP,900.0,True,False,False,False,0.7142857142857143,1.0,2055_jpg.rf.135dabba0deddc9739f15fe27c52ca64.jpg#p00#1#0,det,0.579,template,0.0,template,0.0,False,False,2055_jpg.rf.135dabba0deddc9739f15fe27c52ca64.jpg,0.947,me03 119-88 Mega Clefable ex,False,False,2055,acex,Mega Clefable ex,,119/88,,me03
Gumshoos,177/197,sv03,,,,,,,0.0,False,False,False,False,1.0,1.0,,missing,0.0,missing,0.0,missing,0.0,False,False,2055_jpg.rf.135dabba0deddc9739f15fe27c52ca64.jpg,0.0,sv03 177-197 Gumshoos,False,False,2055,,Gumshoos,,177/197,,sv03
Cobalion GX,168/181,sm9,,,,Alakazam,1/130,B2,0.0,True,False,False,False,1.0,1.0,2057_jpg.rf.b8338d6c2e1a8c5812be03981b5e5d10.jpg#p00#3#0,template,0.0,template,0.0,template,0.0,False,False,2057_jpg.rf.b8338d6c2e1a8c5812be03981b5e5d10.jpg,0.884,sm9 168-181 Cobalion GX,False,False,2057,,Cobalion GX,,168/181,,sm9
Cryogonal,32/101,bw3,,,,Alakazam,1/130,B2,0.0,True,False,False,False,1.0,1.0,2059_jpg.rf.7d25c56ac8311593812919ac03ec4a40.jpg#p00#2#2,template,0.0,template,0.0,template,0.0,False,False,2059_jpg.rf.7d25c56ac8311593812919ac03ec4a40.jpg,0.961,bw3 32-101 Cryogonal,False,False,2059,,Cryogonal,,32/101,,bw3
Magearna,131/214,sm8,,,,Alakazam,1/130,B2,0.0,True,False,False,False,1.0,1.0,2059_jpg.rf.7d25c56ac8311593812919ac03ec4a40.jpg#p00#0#0,template,0.0,template,0.0,template,0.0,False,False,2059_jpg.rf.7d25c56ac8311593812919ac03ec4a40.jpg,0.951,sm8 131-214 Magearna,False,False,2059,,Magearna,,131/214,,sm8
Jellicent,45/149,bw7,,,,Alakazam,1/130,B2,0.0,True,False,False,False,1.0,1.0,2059_jpg.rf.7d25c56ac8311593812919ac03ec4a40.jpg#p00#1#3,template,0.0,template,0.0,template,0.0,False,False,2059_jpg.rf.7d25c56ac8311593812919ac03ec4a40.jpg,0.945,bw7 45-149 Jellicent,False,False,2059,,Jellicent,,45/149,,bw7
Cofagrigus,040/86,sv10-5w,,,,Alakazam,1/130,B2,0.0,True,False,False,False,1.0,1.0,2059_jpg.rf.7d25c56ac8311593812919ac03ec4a40.jpg#p00#4#4,template,0.0,template,0.0,template,0.0,False,False,2059_jpg.rf.7d25c56ac8311593812919ac03ec4a40.jpg,0.853,sv10-5w 040-86 Cofagrigus,False,False,2059,,Cofagrigus,,040/86,,sv10-5w
Petilil,4/145,sm2,,,,,,,0.0,False,False,False,False,1.0,1.0,,missing,0.0,missing,0.0,missing,0.0,False,False,2059_jpg.rf.7d25c56ac8311593812919ac03ec4a40.jpg,0.0,sm2 4-145 Petilil,False,False,2059,,Petilil,,4/145,,sm2
Pincurchin,056/159,swsh12-5,,,,Alakazam,1/130,B2,0.0,True,False,False,False,1.0,1.0,2061_jpg.rf.c831aab3001a6bcbb26ffa335e69963f.jpg#p00#3#3,template,0.0,template,0.0,template,0.0,False,False,2061_jpg.rf.c831aab3001a6bcbb26ffa335e69963f.jpg,0.904,swsh12-5 056-159 Pincurchin,False,False,2061,,Pincurchin,,056/159,,swsh12-5
Urshifu Golpe Fluido V,87/163,swsh5,,,,,,,0.0,False,False,False,False,1.0,1.0,,missing,0.0,missing,0.0,missing,0.0,False,False,2061_jpg.rf.c831aab3001a6bcbb26ffa335e69963f.jpg,0.0,swsh5 87-163 Urshifu Golpe Fluido V,False,False,2061,,Urshifu Golpe Fluido V,,87/163,,swsh5
Sableye V,120/202,swsh1,,,,Alakazam,1/130,B2,0.0,True,False,False,False,1.0,1.0,2062_jpg.rf.03013eac9676491dc58585777a6ea254.jpg#p00#1#4,template,0.0,template,0.0,template,0.0,False,False,2062_jpg.rf.03013eac9676491dc58585777a6ea254.jpg,0.967,swsh1 120-202 Sableye V,False,False,2062,,Sableye V,,120/202,,swsh1
Remoraid,016/86,me04,,,,Alakazam,1/130,B2,0.0,True,False,False,False,1.0,1.0,2062_jpg.rf.03013eac9676491dc58585777a6ea254.jpg#p00#2#1,template,0.0,template,0.0,template,0.0,False,False,2062_jpg.rf.03013eac9676491dc58585777a6ea254.jpg,0.962,me04 016-86 Remoraid,False,False,2062,,Remoraid,,016/86,,me04
Castform Forma Ensolarada,195/191,sv08,,,,Alakazam,1/130,B2,0.0,True,False,False,False,1.0,1.0,2062_jpg.rf.03013eac9676491dc58585777a6ea254.jpg#p00#4#2,template,0.0,template,0.0,template,0.0,False,False,2062_jpg.rf.03013eac9676491dc58585777a6ea254.jpg,0.939,sv08 195-191 Castform Forma Ensolarada,False,False,2062,,Castform Forma Ensolarada,,195/191,,sv08
Xerneas TURBO,82/114,xy11,,,,Alakazam,1/130,B2,0.0,True,False,False,False,1.0,1.0,2062_jpg.rf.03013eac9676491dc58585777a6ea254.jpg#p00#3#0,template,0.0,template,0.0,template,0.0,False,False,2062_jpg.rf.03013eac9676491dc58585777a6ea254.jpg,0.938,xy11 82-114 Xerneas TURBO,False,False,2062,,Xerneas TURBO,,82/114,,xy11
Elo Espiritual de Gardevoir,101/114,xy11,TREINADOR,101/100,,N,101/101,NVI,930.0,True,False,False,False,0.75,0.3333333333333333,2064_jpg.rf.69d68ddf7021fe3f9c6d0095256fc6c4.jpg#p00#3#7,det,0.876,det,0.938,template,0.0,False,False,2064_jpg.rf.69d68ddf7021fe3f9c6d0095256fc6c4.jpg,0.97,xy11 101-114 Elo Espiritual de Gardevoir,False,False,2064,TREINADOR,Elo Espiritual de Gardevoir,101/100,101/114,,xy11
Annihilape ex,242/193,sv02,,,,Alakazam,1/130,B2,0.0,True,False,False,False,1.0,1.0,2067_jpg.rf.a8699c908e8c7c1d3442593cf1a70151.jpg#p00#2#3,template,0.0,template,0.0,template,0.0,False,False,2067_jpg.rf.a8699c908e8c7c1d3442593cf1a70151.jpg,0.949,sv02 242-193 Annihilape ex,False,False,2067,,Annihilape ex,,242/193,,sv02
Energia Psiquica,95/108,xy12,ENERG,095/100,,R Energy,95/109,TR,1050.0,True,False,False,False,0.6666666666666666,0.4,2070_jpg.rf.476027dd69b164c1dbd0d9a935d09c52.jpg#p00#5#3,template,0.0,det,0.899,template,0.0,False,False,2070_jpg.rf.476027dd69b164c1dbd0d9a935d09c52.jpg,0.957,xy12 95-108 Energia Psiquica,False,False,2070,ENERG,Energia Psiquica,095/100,95/108,,xy12
Energia de Agua,231/198,swsh6,,,,Alakazam,1/130,B2,0.0,True,False,False,False,1.0,1.0,2073_jpg.rf.b853ed05f54fccf7d4134903395a31d2.jpg#p00#1#1,template,0.0,template,0.0,template,0.0,False,False,2073_jpg.rf.b853ed05f54fccf7d4134903395a31d2.jpg,0.985,swsh6 231-198 Energia de Agua,False,False,2073,,Energia de Agua,,231/198,,swsh6
Seguro Contra Erro,131/172,swsh9,,,,Alakazam,1/130,B2,0.0,True,False,False,False,1.0,1.0,2073_jpg.rf.b853ed05f54fccf7d4134903395a31d2.jpg#p00#2#3,det,0.43,template,0.0,template,0.0,False,False,2073_jpg.rf.b853ed05f54fccf7d4134903395a31d2.jpg,0.964,swsh9 131-172 Seguro Contra Erro,False,False,2073,,Seguro Contra Erro,,131/172,,swsh9
Energia Psiquica,95/108,xy12,ENERG,,,R Energy,95/109,TR,1000.0,True,False,False,False,0.6666666666666666,1.0,2074_jpg.rf.773df9c304ac72dae0ab2a84559400dd.jpg#p00#1#3,template,0.0,det,0.908,template,0.0,False,False,2074_jpg.rf.773df9c304ac72dae0ab2a84559400dd.jpg,0.983,xy12 95-108 Energia Psiquica,False,False,2074,ENERG,Energia Psiquica,,95/108,,xy12
Salamence,109/203,swsh7,,,,Alakazam,1/130,B2,0.0,True,False,False,False,1.0,1.0,2074_jpg.rf.773df9c304ac72dae0ab2a84559400dd.jpg#p00#3#4,template,0.0,template,0.0,template,0.0,False,False,2074_jpg.rf.773df9c304ac72dae0ab2a84559400dd.jpg,0.954,swsh7 109-203 Salamence,False,False,2074,,Salamence,,109/203,,swsh7
Floette Ange,075/86,me04,,,,Alakazam,1/130,B2,0.0,True,False,False,False,1.0,1.0,2074_jpg.rf.773df9c304ac72dae0ab2a84559400dd.jpg#p00#5#1,template,0.0,template,0.0,template,0.0,False,False,2074_jpg.rf.773df9c304ac72dae0ab2a84559400dd.jpg,0.95,me04 075-86 Floette Ange,False,False,2074,,Floette Ange,,075/86,,me04
Luxray TURBO,47/122,xy9,,,,Alakazam,1/130,B2,0.0,True,False,False,False,1.0,1.0,2074_jpg.rf.773df9c304ac72dae0ab2a84559400dd.jpg#p00#4#0,template,0.0,template,0.0,template,0.0,False,False,2074_jpg.rf.773df9c304ac72dae0ab2a84559400dd.jpg,0.932,xy9 47-122 Luxray TURBO,False,False,2074,,Luxray TURBO,,47/122,,xy9
Sewaddle,6/236,sm11,,,,Alakazam,1/130,B2,0.0,True,False,False,False,1.0,1.0,2074_jpg.rf.773df9c304ac72dae0ab2a84559400dd.jpg#p00#2#6,det,0.851,template,0.0,template,0.0,False,False,2074_jpg.rf.773df9c304ac72dae0ab2a84559400dd.jpg,0.828,sm11 6-236 Sewaddle,False,False,2074,,Sewaddle,,6/236,,sm11
Energia Psiquica,95/108,xy12,ENERG,,,R Energy,95/109,TR,1000.0,True,False,False,False,0.6666666666666666,1.0,2075_jpg.rf.bde5d41689883f1a0820a920bf2cdf52.jpg#p00#5#2,template,0.0,det,0.92,template,0.0,False,False,2075_jpg.rf.bde5d41689883f1a0820a920bf2cdf52.jpg,0.965,xy12 95-108 Energia Psiquica,False,False,2075,ENERG,Energia Psiquica,,95/108,,xy12
Lampent,037/167,sv06,,,,Alakazam,1/130,B2,0.0,True,False,False,False,1.0,1.0,2076_jpg.rf.9880697dffe56ed2a89d516a579f0fe5.jpg#p00#2#3,template,0.0,template,0.0,template,0.0,False,False,2076_jpg.rf.9880697dffe56ed2a89d516a579f0fe5.jpg,0.927,sv06 037-167 Lampent,False,False,2076,,Lampent,,037/167,,sv06
Eevee,104/156,sm5,,,,,,,0.0,False,False,False,False,1.0,1.0,,missing,0.0,missing,0.0,missing,0.0,False,False,2076_jpg.rf.9880697dffe56ed2a89d516a579f0fe5.jpg,0.0,sm5 104-156 Eevee,False,False,2076,,Eevee,,104/156,,sm5
Regidrago,124/203,swsh7,,,,,,,0.0,False,False,False,False,1.0,1.0,,missing,0.0,missing,0.0,missing,0.0,False,False,2076_jpg.rf.9880697dffe56ed2a89d516a579f0fe5.jpg,0.0,swsh7 124-203 Regidrago,False,False,2076,,Regidrago,,124/203,,swsh7
Energia Psiquica,95/108,xy12,ENERG,,,R Energy,95/109,TR,1000.0,True,False,False,False,0.6666666666666666,1.0,2077_jpg.rf.38e1cfe58c33bfbecb3720ba17d088dc.jpg#p00#4#2,template,0.0,det,0.925,template,0.0,False,False,2077_jpg.rf.38e1cfe58c33bfbecb3720ba17d088dc.jpg,0.974,xy12 95-108 Energia Psiquica,False,False,2077,ENERG,Energia Psiquica,,95/108,,xy12
Charizard ex,234/91,sv04-5,,008/821,,Karrablast,8/119,PHF,50.0,True,False,False,False,1.0,1.0,2078_jpg.rf.0c1c8ad9e6923c5c3c8c22960f8031e0.jpg#p00#3#0,template,0.0,template,0.0,template,0.0,False,False,2078_jpg.rf.0c1c8ad9e6923c5c3c8c22960f8031e0.jpg,0.933,sv04-5 234-91 Charizard ex,False,False,2078,,Charizard ex,008/821,234/91,,sv04-5
Froslass,053/167,sv06,,,,Alakazam,1/130,B2,0.0,True,False,False,False,1.0,1.0,2078_jpg.rf.0c1c8ad9e6923c5c3c8c22960f8031e0.jpg#p00#2#2,template,0.0,template,0.0,template,0.0,False,False,2078_jpg.rf.0c1c8ad9e6923c5c3c8c22960f8031e0.jpg,0.897,sv06 053-167 Froslass,False,False,2078,,Froslass,,053/167,,sv06
Radar Eletromagnetico,230/214,sm10,,,,,,,0.0,False,False,False,False,1.0,1.0,,missing,0.0,missing,0.0,missing,0.0,False,False,2078_jpg.rf.0c1c8ad9e6923c5c3c8c22960f8031e0.jpg,0.0,sm10 230-214 Radar Eletromagnetico,False,False,2078,,Radar Eletromagnetico,,230/214,,sm10
Ursaluna V,102/195,swsh12,,,,,,,0.0,False,False,False,False,1.0,1.0,,missing,0.0,missing,0.0,missing,0.0,False,False,2078_jpg.rf.0c1c8ad9e6923c5c3c8c22960f8031e0.jpg,0.0,swsh12 102-195 Ursaluna V,False,False,2078,,Ursaluna V,,102/195,,swsh12
Giacomo,182/193,sv02,y,,,AZ,91/119,PHF,900.0,True,False,False,False,1.0,1.0,2081_jpg.rf.d9460030dc90d5ee989a75c0ed09c1c9.jpg#p00#1#5,template,0.0,template,0.0,template,0.0,False,False,2081_jpg.rf.d9460030dc90d5ee989a75c0ed09c1c9.jpg,0.887,sv02 182-193 Giacomo,False,False,2081,y,Giacomo,,182/193,,sv02
Wigglytuff ex,040/165,sv03-5,Wiit,,,Will,208/236,CEC,900.0,True,False,False,False,0.75,1.0,2089_jpg.rf.68a89c7652fc6fe48f72981ae86b6b38.jpg#p00#0#0,det,0.707,det,0.496,template,0.0,False,False,2089_jpg.rf.68a89c7652fc6fe48f72981ae86b6b38.jpg,0.929,sv03-5 040-165 Wigglytuff ex,False,False,2089,Wiit,Wigglytuff ex,,040/165,,sv03-5
Cartao Vermelho Especial,113/86,me04,rtaoo ycial,,,Tag Call,270/236,CEC,588.2352905273438,True,False,False,False,0.5909090909090909,1.0,2089_jpg.rf.68a89c7652fc6fe48f72981ae86b6b38.jpg#p00#3#5,det,0.9,template,0.0,template,0.0,False,False,2089_jpg.rf.68a89c7652fc6fe48f72981ae86b6b38.jpg,0.918,me04 113-86 Cartao Vermelho Especial,False,False,2089,rtaoo ycial,Cartao Vermelho Especial,,113/86,,me04
Memoria Eletrica,121/156,sm5,Mea Erica,,,Eri,136/131,PRE,880.0,True,False,False,False,0.4666666666666667,1.0,2089_jpg.rf.68a89c7652fc6fe48f72981ae86b6b38.jpg#p00#5#6,det,0.541,template,0.0,template,0.0,False,False,2089_jpg.rf.68a89c7652fc6fe48f72981ae86b6b38.jpg,0.792,sm5 121-156 Memoria Eletrica,False,False,2089,Mea Erica,Memoria Eletrica,,121/156,,sm5
Machamp TURBO,60/108,xy12,M,,,Muk,13/62,FO,900.0,True,False,False,False,0.9166666666666666,1.0,2089_jpg.rf.68a89c7652fc6fe48f72981ae86b6b38.jpg#p00#6#2,template,0.0,template,0.0,template,0.0,False,False,2089_jpg.rf.68a89c7652fc6fe48f72981ae86b6b38.jpg,0.672,xy12 60-108 Machamp TURBO,False,False,2089,M,Machamp TURBO,,60/108,,xy12
Trompete de Vidro,260/217,me02-5,Troeia e tiro,,,Turtonator,SM27/248,SMP,571.4285888671875,True,False,False,False,0.4666666666666667,1.0,2090_jpg.rf.179ad6e48119596042e43f159bc8a539.jpg#p00#0#5,det,0.722,template,0.0,template,0.0,False,False,2090_jpg.rf.179ad6e48119596042e43f159bc8a539.jpg,0.957,me02-5 260-217 Trompete de Vidro,False,False,2090,Troeia e tiro,Trompete de Vidro,,260/217,,me02-5
Mewtwo,150/165,sv03-5,,,,Alakazam,1/130,B2,0.0,True,False,False,False,1.0,1.0,2090_jpg.rf.179ad6e48119596042e43f159bc8a539.jpg#p00#3#1,template,0.0,template,0.0,template,0.0,False,False,2090_jpg.rf.179ad6e48119596042e43f159bc8a539.jpg,0.951,sv03-5 150-165 Mewtwo,False,False,2090,,Mewtwo,,150/165,,sv03-5
Salamence,109/203,swsh7,,,,Alakazam,1/130,B2,0.0,True,False,False,False,1.0,1.0,2090_jpg.rf.179ad6e48119596042e43f159bc8a539.jpg#p00#1#2,template,0.0,template,0.0,template,0.0,False,False,2090_jpg.rf.179ad6e48119596042e43f159bc8a539.jpg,0.95,swsh7 109-203 Salamence,False,False,2090,,Salamence,,109/203,,swsh7
Eelektross,59/185,swsh4,,,,Alakazam,1/130,B2,0.0,True,False,False,False,1.0,1.0,2090_jpg.rf.179ad6e48119596042e43f159bc8a539.jpg#p00#4#0,template,0.0,template,0.0,template,0.0,False,False,2090_jpg.rf.179ad6e48119596042e43f159bc8a539.jpg,0.887,swsh4 59-185 Eelektross,False,False,2090,,Eelektross,,59/185,,swsh4
Chandelure,33/192,swsh2,,,,,,,0.0,False,False,False,False,1.0,1.0,,missing,0.0,missing,0.0,missing,0.0,False,False,2090_jpg.rf.179ad6e48119596042e43f159bc8a539.jpg,0.0,swsh2 33-192 Chandelure,False,False,2090,,Chandelure,,33/192,,swsh2
Rockruff,116/193,sv02,,,,Alakazam,1/130,B2,0.0,True,False,False,False,1.0,1.0,2091_jpg.rf.17fbd1bef5330acf0b10abfb50770433.jpg#p00#2#2,template,0.0,template,0.0,template,0.0,False,False,2091_jpg.rf.17fbd1bef5330acf0b10abfb50770433.jpg,0.937,sv02 116-193 Rockruff,False,False,2091,,Rockruff,,116/193,,sv02
Nosepass,54/114,xy11,,,,Alakazam,1/130,B2,0.0,True,False,False,False,1.0,1.0,2091_jpg.rf.17fbd1bef5330acf0b10abfb50770433.jpg#p00#1#1,template,0.0,template,0.0,template,0.0,False,False,2091_jpg.rf.17fbd1bef5330acf0b10abfb50770433.jpg,0.936,xy11 54-114 Nosepass,False,False,2091,,Nosepass,,54/114,,xy11
Hypno,017/64,sv06-5,,,,Alakazam,1/130,B2,0.0,True,False,False,False,1.0,1.0,2091_jpg.rf.17fbd1bef5330acf0b10abfb50770433.jpg#p00#3#0,template,0.0,template,0.0,template,0.0,False,False,2091_jpg.rf.17fbd1bef5330acf0b10abfb50770433.jpg,0.936,sv06-5 017-64 Hypno,False,False,2091,,Hypno,,017/64,,sv06-5
Energia de Agua,231/198,swsh6,NERGIA,231/196,,Counter Gain,230/214,LOT,603.2352905273438,True,False,False,False,0.5384615384615384,0.16666666666666666,2092_jpg.rf.387ba0d43810a472822749208a923a0f.jpg#p00#7#1,template,0.0,template,0.0,template,0.0,False,False,2092_jpg.rf.387ba0d43810a472822749208a923a0f.jpg,0.952,swsh6 231-198 Energia de Agua,False,False,2092,NERGIA,Energia de Agua,231/196,231/198,,swsh6
Mewtwo V-ASTRO,031/78,swsh10-5,,,,Alakazam,1/130,B2,0.0,True,False,False,False,1.0,1.0,2097_jpg.rf.56ab45a4add4cc439af4a65c905b3d31.jpg#p00#0#4,template,0.0,template,0.0,template,0.0,False,False,2097_jpg.rf.56ab45a4add4cc439af4a65c905b3d31.jpg,0.943,swsh10-5 031-78 Mewtwo V-ASTRO,False,False,2097,,Mewtwo V-ASTRO,,031/78,,swsh10-5
Eelektross,115/86,sv10-5b,,,,Alakazam,1/130,B2,0.0,True,False,False,False,1.0,1.0,2097_jpg.rf.56ab45a4add4cc439af4a65c905b3d31.jpg#p00#1#6,template,0.0,template,0.0,template,0.0,False,False,2097_jpg.rf.56ab45a4add4cc439af4a65c905b3d31.jpg,0.942,sv10-5b 115-86 Eelektross,False,False,2097,,Eelektross,,115/86,,sv10-5b
Boltund,76/202,swsh1,V,,,AZ,91/119,PHF,900.0,True,False,False,False,1.0,1.0,2097_jpg.rf.56ab45a4add4cc439af4a65c905b3d31.jpg#p00#5#1,template,0.0,template,0.0,template,0.0,False,False,2097_jpg.rf.56ab45a4add4cc439af4a65c905b3d31.jpg,0.894,swsh1 76-202 Boltund,False,False,2097,V,Boltund,,76/202,,swsh1
Doce Raro,129/149,sm1,a o o,,,Ho-oh,52/53,WBP,900.0,True,False,False,False,0.75,1.0,2097_jpg.rf.56ab45a4add4cc439af4a65c905b3d31.jpg#p00#6#0,template,0.0,template,0.0,template,0.0,False,False,2097_jpg.rf.56ab45a4add4cc439af4a65c905b3d31.jpg,0.84,sm1 129-149 Doce Raro,False,False,2097,a o o,Doce Raro,,129/149,,sm1
Kartana GX,117/111,sm4,,,,Alakazam,1/130,B2,0.0,True,False,False,False,1.0,1.0,2097_jpg.rf.56ab45a4add4cc439af4a65c905b3d31.jpg#p00#4#2,template,0.0,template,0.0,template,0.0,False,False,2097_jpg.rf.56ab45a4add4cc439af4a65c905b3d31.jpg,0.822,sm4 117-111 Kartana GX,False,False,2097,,Kartana GX,,117/111,,sm4
Suicune GX,220/214,sm8,Est t e 50,,,Beastite,185/236,CEC,666.6666870117188,True,False,False,False,0.8888888888888888,1.0,2102_jpg.rf.53c9ab9a9f196117655b8d4ab10afc78.jpg#p00#4#3,det,0.656,template,0.0,template,0.0,False,False,2102_jpg.rf.53c9ab9a9f196117655b8d4ab10afc78.jpg,0.935,sm8 220-214 Suicune GX,False,False,2102,Est t e 50,Suicune GX,,220/214,,sm8
Sinistea,89/202,swsh1,,,,Alakazam,1/130,B2,0.0,True,False,False,False,1.0,1.0,2102_jpg.rf.53c9ab9a9f196117655b8d4ab10afc78.jpg#p00#3#4,template,0.0,template,0.0,template,0.0,False,False,2102_jpg.rf.53c9ab9a9f196117655b8d4ab10afc78.jpg,0.911,swsh1 89-202 Sinistea,False,False,2102,,Sinistea,,89/202,,swsh1
Pyroar TURBO,24/114,xy11,,,,Alakazam,1/130,B2,0.0,True,False,False,False,1.0,1.0,2110_jpg.rf.ada7c0dbf6336db7c69845b61a7526f7.jpg#p00#8#7,template,0.0,template,0.0,template,0.0,False,False,2110_jpg.rf.ada7c0dbf6336db7c69845b61a7526f7.jpg,0.978,xy11 24-114 Pyroar TURBO,False,False,2110,,Pyroar TURBO,,24/114,,xy11
Ponyta,23/236,sm12,,,,Alakazam,1/130,B2,0.0,True,False,False,False,1.0,1.0,2111_jpg.rf.314e3ab16dacfdac122235642ea2ae6b.jpg#p00#2#1,det,0.506,template,0.0,template,0.0,False,False,2111_jpg.rf.314e3ab16dacfdac122235642ea2ae6b.jpg,0.932,sm12 23-236 Ponyta,False,False,2111,,Ponyta,,23/236,,sm12
Growlithe,21/149,sm1,,,,Alakazam,1/130,B2,0.0,True,False,False,False,1.0,1.0,2111_jpg.rf.314e3ab16dacfdac122235642ea2ae6b.jpg#p00#3#3,det,0.464,template,0.0,template,0.0,False,False,2111_jpg.rf.314e3ab16dacfdac122235642ea2ae6b.jpg,0.93,sm1 21-149 Growlithe,False,False,2111,,Growlithe,,21/149,,sm1
Victini,26/236,sm11,,,,,,,0.0,False,False,False,False,1.0,1.0,,missing,0.0,missing,0.0,missing,0.0,False,False,2111_jpg.rf.314e3ab16dacfdac122235642ea2ae6b.jpg,0.0,sm11 26-236 Victini,False,False,2111,,Victini,,26/236,,sm11
Electivire,121/123,dp2,Eetx,,,Geeta,188/197,OBF,900.0,True,False,False,False,0.7,1.0,2112_jpg.rf.bfc35fc714920a33c8ddf53e490b59a2.jpg#p00#1#2,det,0.817,template,0.0,template,0.0,False,False,2112_jpg.rf.bfc35fc714920a33c8ddf53e490b59a2.jpg,0.944,dp2 121-123 Electivire,False,False,2112,Eetx,Electivire,,121/123,,dp2
Yamask,54/116,bw9,G37,,,Pokégear 3.0,186/198,SVI,307.69232177734375,True,False,False,False,1.0,1.0,2112_jpg.rf.bfc35fc714920a33c8ddf53e490b59a2.jpg#p00#3#3,template,0.0,template,0.0,template,0.0,False,False,2112_jpg.rf.bfc35fc714920a33c8ddf53e490b59a2.jpg,0.911,bw9 54-116 Yamask,False,False,2112,G37,Yamask,,54/116,,bw9
Quaquaval ex,235/193,sv02,,,,,,,0.0,False,False,False,False,1.0,1.0,,missing,0.0,missing,0.0,missing,0.0,False,False,2112_jpg.rf.bfc35fc714920a33c8ddf53e490b59a2.jpg,0.0,sv02 235-193 Quaquaval ex,False,False,2112,,Quaquaval ex,,235/193,,sv02
Shellder,090/165,sv03-5,OL,,,N,BW100/101,BWP,900.0,True,False,False,False,0.875,1.0,2113_jpg.rf.567b993418f9863c71c9d95aa5e62166.jpg#p00#5#3,det,0.737,template,0.0,template,0.0,False,False,2113_jpg.rf.567b993418f9863c71c9d95aa5e62166.jpg,0.923,sv03-5 090-165 Shellder,False,False,2113,OL,Shellder,,090/165,,sv03-5
Ethan-s Ho-Oh ex,230/182,sv10,,,,Alakazam,1/130,B2,0.0,True,False,False,False,1.0,1.0,2113_jpg.rf.567b993418f9863c71c9d95aa5e62166.jpg#p00#1#4,template,0.0,template,0.0,template,0.0,False,False,2113_jpg.rf.567b993418f9863c71c9d95aa5e62166.jpg,0.914,sv10 230-182 Ethan-s Ho-Oh ex,False,False,2113,,Ethan-s Ho-Oh ex,,230/182,,sv10
Mew,1/18,si1,,,,Alakazam,1/130,B2,0.0,True,False,False,False,1.0,1.0,2115_jpg.rf.866a7d9edf698937809e0a5054f3cbb0.jpg#p00#3#3,template,0.0,template,0.0,template,0.0,False,False,2115_jpg.rf.866a7d9edf698937809e0a5054f3cbb0.jpg,0.897,si1 1-18 Mew,False,False,2115,,Mew,,1/18,,si1
Tyranitar GX,203/214,sm8,,,,,,,0.0,False,False,False,False,1.0,1.0,,missing,0.0,missing,0.0,missing,0.0,False,False,2116_jpg.rf.64a15b2069f2b302a71522bccfa235e3.jpg,0.0,sm8 203-214 Tyranitar GX,False,False,2116,,Tyranitar GX,,203/214,,sm8
Vulpix,016/191,sv08,,,,,,,0.0,False,False,False,False,1.0,1.0,,missing,0.0,missing,0.0,missing,0.0,False,False,2116_jpg.rf.64a15b2069f2b302a71522bccfa235e3.jpg,0.0,sv08 016-191 Vulpix,False,False,2116,,Vulpix,,016/191,,sv08
White Kyurem-EX,96/135,bw8,,,,,,,0.0,False,False,False,False,1.0,1.0,,missing,0.0,missing,0.0,missing,0.0,False,False,2116_jpg.rf.64a15b2069f2b302a71522bccfa235e3.jpg,0.0,bw8 96-135 White Kyurem-EX,False,False,2116,,White Kyurem-EX,,96/135,,bw8
Nidoqueen,SM160/248,smp,www,,,Mew,8/53,WBP,900.0,True,False,False,False,1.0,1.0,2121_jpg.rf.4a53254ba56d5b5a1fbabb5297793446.jpg#p00#1#4,det,0.528,template,0.0,template,0.0,False,False,2121_jpg.rf.4a53254ba56d5b5a1fbabb5297793446.jpg,0.967,smp SM160-248 Nidoqueen,False,False,2121,www,Nidoqueen,,SM160/248,,smp
Luxray,051/172,swsh9,,,,Alakazam,1/130,B2,0.0,True,False,False,False,1.0,1.0,2121_jpg.rf.4a53254ba56d5b5a1fbabb5297793446.jpg#p00#4#0,template,0.0,template,0.0,template,0.0,False,False,2121_jpg.rf.4a53254ba56d5b5a1fbabb5297793446.jpg,0.856,swsh9 051-172 Luxray,False,False,2121,,Luxray,,051/172,,swsh9
Pokemon Catcher,36/39,xy0,p,,,Hop,165/202,SSH,900.0,True,False,False,False,0.9285714285714286,1.0,2122_jpg.rf.8acf85079f5624db77f770a9c2ec9f84.jpg#p00#1#1,template,0.0,template,0.0,template,0.0,False,False,2122_jpg.rf.8acf85079f5624db77f770a9c2ec9f84.jpg,0.974,xy0 36-39 Pokemon Catcher,False,False,2122,p,Pokemon Catcher,,36/39,,xy0
Spinda,46/147,pl3,,,,Alakazam,1/130,B2,0.0,True,False,False,False,1.0,1.0,2122_jpg.rf.8acf85079f5624db77f770a9c2ec9f84.jpg#p00#2#5,template,0.0,template,0.0,template,0.0,False,False,2122_jpg.rf.8acf85079f5624db77f770a9c2ec9f84.jpg,0.96,pl3 46-147 Spinda,False,False,2122,,Spinda,,46/147,,pl3
Torterra,008/172,swsh9,,,,Alakazam,1/130,B2,0.0,True,False,False,False,1.0,1.0,2122_jpg.rf.8acf85079f5624db77f770a9c2ec9f84.jpg#p00#0#4,template,0.0,template,0.0,template,0.0,False,False,2122_jpg.rf.8acf85079f5624db77f770a9c2ec9f84.jpg,0.944,swsh9 008-172 Torterra,False,False,2122,,Torterra,,008/172,,swsh9
Foongus,17/124,bw6,,,,Alakazam,1/130,B2,0.0,True,False,False,False,1.0,1.0,2122_jpg.rf.8acf85079f5624db77f770a9c2ec9f84.jpg#p00#3#2,template,0.0,template,0.0,template,0.0,False,False,2122_jpg.rf.8acf85079f5624db77f770a9c2ec9f84.jpg,0.917,bw6 17-124 Foongus,False,False,2122,,Foongus,,17/124,,bw6
Vileplume,43/147,ecard2,HHP,,,Hau,132/168,CES,900.0,True,False,False,False,0.8888888888888888,1.0,2122_jpg.rf.8acf85079f5624db77f770a9c2ec9f84.jpg#p00#5#3,det,0.794,template,0.0,template,0.0,False,False,2122_jpg.rf.8acf85079f5624db77f770a9c2ec9f84.jpg,0.872,ecard2 43-147 Vileplume,False,False,2122,HHP,Vileplume,,43/147,,ecard2
Dusk Ball,175/191,sv08,w p sed,,,Weedle,3/146,XY,545.4545288085938,True,False,False,False,0.875,1.0,2124_jpg.rf.30e6b3120cf5372b93e3880b52c2d297.jpg#p00#2#1,template,0.0,template,0.0,template,0.0,False,False,2124_jpg.rf.30e6b3120cf5372b93e3880b52c2d297.jpg,0.789,sv08 175-191 Dusk Ball,False,False,2124,w p sed,Dusk Ball,,175/191,,sv08
Joltik,41/108,bw5,,,,,,,0.0,False,False,False,False,1.0,1.0,,missing,0.0,missing,0.0,missing,0.0,False,False,2124_jpg.rf.30e6b3120cf5372b93e3880b52c2d297.jpg,0.0,bw5 41-108 Joltik,False,False,2124,,Joltik,,41/108,,bw5
Lightning Energy,108/114,bw1,,,,Alakazam,1/130,B2,0.0,True,False,False,False,1.0,1.0,2126_jpg.rf.3598b5410c3a08cf7f2696f475f52c16.jpg#p00#1#4,template,0.0,template,0.0,template,0.0,False,False,2126_jpg.rf.3598b5410c3a08cf7f2696f475f52c16.jpg,0.95,bw1 108-114 Lightning Energy,False,False,2126,,Lightning Energy,,108/114,,bw1
Dragonair,148/165,sv03-5,,,,Alakazam,1/130,B2,0.0,True,False,False,False,1.0,1.0,2127_jpg.rf.b7749be6f9ac8f7a9cdcacaa7662b5b3.jpg#p00#3#3,template,0.0,template,0.0,template,0.0,False,False,2127_jpg.rf.b7749be6f9ac8f7a9cdcacaa7662b5b3.jpg,0.935,sv03-5 148-165 Dragonair,False,False,2127,,Dragonair,,148/165,,sv03-5
Vaporeon VMAX,SWSH182/307,swshp,C,,,AZ,91/119,PHF,900.0,True,False,False,False,1.0,1.0,2127_jpg.rf.b7749be6f9ac8f7a9cdcacaa7662b5b3.jpg#p00#1#1,template,0.0,template,0.0,template,0.0,False,False,2127_jpg.rf.b7749be6f9ac8f7a9cdcacaa7662b5b3.jpg,0.862,swshp SWSH182-307 Vaporeon VMAX,False,False,2127,C,Vaporeon VMAX,,SWSH182/307,,swshp
Emolga,054/195,swsh12,,,,,,,0.0,False,False,False,False,1.0,1.0,,missing,0.0,missing,0.0,missing,0.0,False,False,2127_jpg.rf.b7749be6f9ac8f7a9cdcacaa7662b5b3.jpg,0.0,swsh12 054-195 Emolga,False,False,2127,,Emolga,,054/195,,swsh12
Cetitan ex,065/182,sv10,,,,,,,0.0,False,False,False,False,1.0,1.0,,missing,0.0,missing,0.0,missing,0.0,False,False,2127_jpg.rf.b7749be6f9ac8f7a9cdcacaa7662b5b3.jpg,0.0,sv10 065-182 Cetitan ex,False,False,2127,,Cetitan ex,,065/182,,sv10
Sharpedo ex,104/107,ex8,,,,Alakazam,1/130,B2,0.0,True,False,False,False,1.0,1.0,2128_jpg.rf.a08b02fe6855994984d8c6ca6a49f027.jpg#p00#1#3,template,0.0,template,0.0,template,0.0,False,False,2128_jpg.rf.a08b02fe6855994984d8c6ca6a49f027.jpg,0.917,ex8 104-107 Sharpedo ex,False,False,2128,,Sharpedo ex,,104/107,,ex8
Iron Treads ex,233/198,sv01,,,,Alakazam,1/130,B2,0.0,True,False,False,False,1.0,1.0,2128_jpg.rf.a08b02fe6855994984d8c6ca6a49f027.jpg#p00#3#0,template,0.0,template,0.0,template,0.0,False,False,2128_jpg.rf.a08b02fe6855994984d8c6ca6a49f027.jpg,0.913,sv01 233-198 Iron Treads ex,False,False,2128,,Iron Treads ex,,233/198,,sv01
Duskull,068/64,sv06-5,,,,Alakazam,1/130,B2,0.0,True,False,False,False,1.0,1.0,2129_jpg.rf.ff3305dc423b4adee1df88b1eba7c454.jpg#p00#0#3,template,0.0,template,0.0,template,0.0,False,False,2129_jpg.rf.ff3305dc423b4adee1df88b1eba7c454.jpg,0.951,sv06-5 068-64 Duskull,False,False,2129,,Duskull,,068/64,,sv06-5
Schoolgirl,262/264,swsh8,hp po o,,,Hypno,8/62,FO,900.0,True,False,False,False,0.8,1.0,2132_jpg.rf.f3d3c4b9a30fc47997bb3a935cfa3b6e.jpg#p00#1#1,template,0.0,template,0.0,template,0.0,False,False,2132_jpg.rf.f3d3c4b9a30fc47997bb3a935cfa3b6e.jpg,0.897,swsh8 262-264 Schoolgirl,False,False,2132,hp po o,Schoolgirl,,262/264,,swsh8
Azelf,43/131,sm6,,,,,,,0.0,False,False,False,False,1.0,1.0,,missing,0.0,missing,0.0,missing,0.0,False,False,2132_jpg.rf.f3d3c4b9a30fc47997bb3a935cfa3b6e.jpg,0.0,sm6 43-131 Azelf,False,False,2132,,Azelf,,43/131,,sm6
Magneton,44/135,bw8,,,,,,,0.0,False,False,False,False,1.0,1.0,,missing,0.0,missing,0.0,missing,0.0,False,False,2132_jpg.rf.f3d3c4b9a30fc47997bb3a935cfa3b6e.jpg,0.0,bw8 44-135 Magneton,False,False,2132,,Magneton,,44/135,,bw8
Drampa GX,142/145,sm2,,,,,,,0.0,False,False,False,False,1.0,1.0,,missing,0.0,missing,0.0,missing,0.0,False,False,2132_jpg.rf.f3d3c4b9a30fc47997bb3a935cfa3b6e.jpg,0.0,sm2 142-145 Drampa GX,False,False,2132,,Drampa GX,,142/145,,sm2
Kabuto,77/181,sm9,,,,,,,0.0,False,False,False,False,1.0,1.0,,missing,0.0,missing,0.0,missing,0.0,False,False,2132_jpg.rf.f3d3c4b9a30fc47997bb3a935cfa3b6e.jpg,0.0,sm9 77-181 Kabuto,False,False,2132,,Kabuto,,77/181,,sm9
Torterra,39/127,pl1,,,,,,,0.0,False,False,False,False,1.0,1.0,,missing,0.0,missing,0.0,missing,0.0,False,False,2132_jpg.rf.f3d3c4b9a30fc47997bb3a935cfa3b6e.jpg,0.0,pl1 39-127 Torterra,False,False,2132,,Torterra,,39/127,,pl1
Hydreigon BREAK,87/114,xy11,HN,,,Hau,132/168,CES,900.0,True,False,False,False,0.8571428571428571,1.0,2134_jpg.rf.89763d7d94d27e0eda289931b8778e19.jpg#p00#7#0,template,0.0,template,0.0,template,0.0,False,False,2134_jpg.rf.89763d7d94d27e0eda289931b8778e19.jpg,0.968,xy11 87-114 Hydreigon BREAK,False,False,2134,HN,Hydreigon BREAK,,87/114,,xy11
Dragonair,148/165,sv03-5,ka,,,N,BW100/101,BWP,900.0,True,False,False,False,0.8888888888888888,1.0,2138_jpg.rf.2b1e36c9af59884ae3b792d818b88ea1.jpg#p00#4#5,template,0.0,template,0.0,template,0.0,False,False,2138_jpg.rf.2b1e36c9af59884ae3b792d818b88ea1.jpg,0.932,sv03-5 148-165 Dragonair,False,False,2138,ka,Dragonair,,148/165,,sv03-5
Emolga,054/195,swsh12,O7,,,N,BW100/101,BWP,900.0,True,False,False,False,0.8333333333333334,1.0,2138_jpg.rf.2b1e36c9af59884ae3b792d818b88ea1.jpg#p00#2#1,det,0.721,template,0.0,template,0.0,False,False,2138_jpg.rf.2b1e36c9af59884ae3b792d818b88ea1.jpg,0.84,swsh12 054-195 Emolga,False,False,2138,O7,Emolga,,054/195,,swsh12
Cursed Stone,72/92,ex12,,,,,,,0.0,False,False,False,False,1.0,1.0,,missing,0.0,missing,0.0,missing,0.0,False,False,2138_jpg.rf.2b1e36c9af59884ae3b792d818b88ea1.jpg,0.0,ex12 72-92 Cursed Stone,False,False,2138,,Cursed Stone,,72/92,,ex12
Sharpedo ex,104/107,ex8,,,,Alakazam,1/130,B2,0.0,True,False,False,False,1.0,1.0,2139_jpg.rf.71abe41779b15d7164228022a946c503.jpg#p00#2#0,template,0.0,det,0.474,template,0.0,False,False,2139_jpg.rf.71abe41779b15d7164228022a946c503.jpg,0.922,ex8 104-107 Sharpedo ex,False,False,2139,,Sharpedo ex,,104/107,,ex8
Tapu Fini,SM203/248,smp,,,,Alakazam,1/130,B2,0.0,True,False,False,False,1.0,1.0,2139_jpg.rf.71abe41779b15d7164228022a946c503.jpg#p00#1#2,det,0.586,template,0.0,template,0.0,False,False,2139_jpg.rf.71abe41779b15d7164228022a946c503.jpg,0.905,smp SM203-248 Tapu Fini,False,False,2139,,Tapu Fini,,SM203/248,,smp
Sophocles,146/147,sm3,,,,,,,0.0,False,False,False,False,1.0,1.0,,missing,0.0,missing,0.0,missing,0.0,False,False,2139_jpg.rf.71abe41779b15d7164228022a946c503.jpg,0.0,sm3 146-147 Sophocles,False,False,2139,,Sophocles,,146/147,,sm3
Charmeleon,24/102,base1,,,,,,,0.0,False,False,False,False,1.0,1.0,,missing,0.0,missing,0.0,missing,0.0,False,False,2141_jpg.rf.fe3e86feeda17ddaaabb204d72eb430b.jpg,0.0,base1 24-102 Charmeleon,False,False,2141,,Charmeleon,,24/102,,base1
Tympole,22/101,bw3,,,,Alakazam,1/130,B2,0.0,True,False,False,False,1.0,1.0,2143_jpg.rf.51b0ed3e5137f1bb52b29c984304a7eb.jpg#p00#0#3,det,0.837,template,0.0,template,0.0,False,False,2143_jpg.rf.51b0ed3e5137f1bb52b29c984304a7eb.jpg,0.956,bw3 22-101 Tympole,False,False,2143,,Tympole,,22/101,,bw3
Combusken,16/108,bw5,E,,,Mew,8/53,WBP,900.0,True,False,False,False,0.8888888888888888,1.0,2143_jpg.rf.51b0ed3e5137f1bb52b29c984304a7eb.jpg#p00#3#4,template,0.0,template,0.0,template,0.0,False,False,2143_jpg.rf.51b0ed3e5137f1bb52b29c984304a7eb.jpg,0.805,bw5 16-108 Combusken,False,False,2143,E,Combusken,,16/108,,bw5
Lightning Energy,108/114,bw1,,,,,,,0.0,False,False,False,False,1.0,1.0,,missing,0.0,missing,0.0,missing,0.0,False,False,2143_jpg.rf.51b0ed3e5137f1bb52b29c984304a7eb.jpg,0.0,bw1 108-114 Lightning Energy,False,False,2143,,Lightning Energy,,108/114,,bw1
Loudred,84/119,xy4,,,,Alakazam,1/130,B2,0.0,True,False,False,False,1.0,1.0,2147_jpg.rf.39f47c5530e4a038288e947054c4d3e1.jpg#p00#0#1,det,0.494,template,0.0,template,0.0,False,False,2147_jpg.rf.39f47c5530e4a038288e947054c4d3e1.jpg,0.979,xy4 84-119 Loudred,False,False,2147,,Loudred,,84/119,,xy4
Litten,26/214,sm10,,,,Alakazam,1/130,B2,0.0,True,False,False,False,1.0,1.0,2147_jpg.rf.39f47c5530e4a038288e947054c4d3e1.jpg#p00#1#0,template,0.0,template,0.0,template,0.0,False,False,2147_jpg.rf.39f47c5530e4a038288e947054c4d3e1.jpg,0.892,sm10 26-214 Litten,False,False,2147,,Litten,,26/214,,sm10
Tangela,114/165,sv03-5,,,,Alakazam,1/130,B2,0.0,True,False,False,False,1.0,1.0,2147_jpg.rf.39f47c5530e4a038288e947054c4d3e1.jpg#p00#2#2,template,0.0,template,0.0,template,0.0,False,False,2147_jpg.rf.39f47c5530e4a038288e947054c4d3e1.jpg,0.892,sv03-5 114-165 Tangela,False,False,2147,,Tangela,,114/165,,sv03-5
Snorlax VMAX,142/202,swsh1,,,,,,,0.0,False,False,False,False,1.0,1.0,,missing,0.0,missing,0.0,missing,0.0,False,False,2147_jpg.rf.39f47c5530e4a038288e947054c4d3e1.jpg,0.0,swsh1 142-202 Snorlax VMAX,False,False,2147,,Snorlax VMAX,,142/202,,swsh1
Krookodile,66/108,bw5,,,,Alakazam,1/130,B2,0.0,True,False,False,False,1.0,1.0,2149_jpg.rf.fbdd95b880371fd3f9679624e2be5198.jpg#p00#3#3,template,0.0,template,0.0,template,0.0,False,False,2149_jpg.rf.fbdd95b880371fd3f9679624e2be5198.jpg,0.925,bw5 66-108 Krookodile,False,False,2149,,Krookodile,,66/108,,bw5
Victini-EX,24/113,bw11,,,,Alakazam,1/130,B2,0.0,True,False,False,False,1.0,1.0,2149_jpg.rf.fbdd95b880371fd3f9679624e2be5198.jpg#p00#4#4,template,0.0,template,0.0,template,0.0,False,False,2149_jpg.rf.fbdd95b880371fd3f9679624e2be5198.jpg,0.891,bw11 24-113 Victini-EX,False,False,2149,,Victini-EX,,24/113,,bw11
Scyther,7/149,bw7,,,,Alakazam,1/130,B2,0.0,True,False,False,False,1.0,1.0,2150_jpg.rf.1b5f56c52d65305dc47f893508617679.jpg#p00#3#2,template,0.0,template,0.0,template,0.0,False,False,2150_jpg.rf.1b5f56c52d65305dc47f893508617679.jpg,0.914,bw7 7-149 Scyther,False,False,2150,,Scyther,,7/149,,bw7
Hydreigon BREAK,87/114,xy11,,,,,,,0.0,False,False,False,False,1.0,1.0,,missing,0.0,missing,0.0,missing,0.0,False,False,2150_jpg.rf.1b5f56c52d65305dc47f893508617679.jpg,0.0,xy11 87-114 Hydreigon BREAK,False,False,2150,,Hydreigon BREAK,,87/114,,xy11
Mismagius,40/111,sm4,,,,,,,0.0,False,False,False,False,1.0,1.0,,missing,0.0,missing,0.0,missing,0.0,False,False,2153_jpg.rf.9c867928bf25ce97d4e97758fb94a109.jpg,0.0,sm4 40-111 Mismagius,False,False,2153,,Mismagius,,40/111,,sm4
Sealeo,47/101,ex5,,,,Alakazam,1/130,B2,0.0,True,False,False,False,1.0,1.0,2154_jpg.rf.dd0f40e4f2b4592bcfe6972251c644f5.jpg#p00#2#2,template,0.0,template,0.0,template,0.0,False,False,2154_jpg.rf.dd0f40e4f2b4592bcfe6972251c644f5.jpg,0.953,ex5 47-101 Sealeo,False,False,2154,,Sealeo,,47/101,,ex5
Lillie,122/149,sm1,,,,,,,0.0,False,False,False,False,1.0,1.0,,missing,0.0,missing,0.0,missing,0.0,False,False,2154_jpg.rf.dd0f40e4f2b4592bcfe6972251c644f5.jpg,0.0,sm1 122-149 Lillie,False,False,2154,,Lillie,,122/149,,sm1
Professor Oak-s Visit,90/99,pl4,,,,,,,0.0,False,False,False,False,1.0,1.0,,missing,0.0,missing,0.0,missing,0.0,False,False,2154_jpg.rf.dd0f40e4f2b4592bcfe6972251c644f5.jpg,0.0,pl4 90-99 Professor Oak-s Visit,False,False,2154,,Professor Oak-s Visit,,90/99,,pl4
Shinx,98/123,dp2,,,,Alakazam,1/130,B2,0.0,True,False,False,False,1.0,1.0,2157_jpg.rf.ac87eef617c2f85755fbd3ee6d7a1389.jpg#p00#3#1,template,0.0,template,0.0,template,0.0,False,False,2157_jpg.rf.ac87eef617c2f85755fbd3ee6d7a1389.jpg,0.938,dp2 98-123 Shinx,False,False,2157,,Shinx,,98/123,,dp2
Aipom,99/124,bw6,,,,Alakazam,1/130,B2,0.0,True,False,False,False,1.0,1.0,2157_jpg.rf.ac87eef617c2f85755fbd3ee6d7a1389.jpg#p00#1#0,template,0.0,det,0.673,template,0.0,False,False,2157_jpg.rf.ac87eef617c2f85755fbd3ee6d7a1389.jpg,0.935,bw6 99-124 Aipom,False,False,2157,,Aipom,,99/124,,bw6
Floette,72/203,swsh7,,,,Alakazam,1/130,B2,0.0,True,False,False,False,1.0,1.0,2157_jpg.rf.ac87eef617c2f85755fbd3ee6d7a1389.jpg#p00#2#3,template,0.0,template,0.0,template,0.0,False,False,2157_jpg.rf.ac87eef617c2f85755fbd3ee6d7a1389.jpg,0.914,swsh7 72-203 Floette,False,False,2157,,Floette,,72/203,,swsh7
Magneton,44/135,bw8,,,,,,,0.0,False,False,False,False,1.0,1.0,,missing,0.0,missing,0.0,missing,0.0,False,False,2157_jpg.rf.ac87eef617c2f85755fbd3ee6d7a1389.jpg,0.0,bw8 44-135 Magneton,False,False,2157,,Magneton,,44/135,,bw8
Gengar and Mimikyu GX,164/181,sm9,,,,,,,0.0,False,False,False,False,1.0,1.0,,missing,0.0,missing,0.0,missing,0.0,False,False,2157_jpg.rf.ac87eef617c2f85755fbd3ee6d7a1389.jpg,0.0,sm9 164-181 Gengar and Mimikyu GX,False,False,2157,,Gengar and Mimikyu GX,,164/181,,sm9
Bruno,121/163,swsh5,ok,,,Muk,13/62,FO,900.0,True,False,False,False,1.0,1.0,2159_jpg.rf.004f2cefb78320f757250c8cd75b394d.jpg#p00#0#2,template,0.0,template,0.0,template,0.0,False,False,2159_jpg.rf.004f2cefb78320f757250c8cd75b394d.jpg,0.963,swsh5 121-163 Bruno,False,False,2159,ok,Bruno,,121/163,,swsh5
Floette,72/203,swsh7,,,,Alakazam,1/130,B2,0.0,True,False,False,False,1.0,1.0,2159_jpg.rf.004f2cefb78320f757250c8cd75b394d.jpg#p00#3#0,template,0.0,template,0.0,template,0.0,False,False,2159_jpg.rf.004f2cefb78320f757250c8cd75b394d.jpg,0.89,swsh7 72-203 Floette,False,False,2159,,Floette,,72/203,,swsh7
Applin,17/203,swsh7,,,,Alakazam,1/130,B2,0.0,True,False,False,False,1.0,1.0,2160_jpg.rf.1b5d93407d5f588ad003909e3b5e744b.jpg#p00#3#0,template,0.0,template,0.0,template,0.0,False,False,2160_jpg.rf.1b5d93407d5f588ad003909e3b5e744b.jpg,0.943,swsh7 17-203 Applin,False,False,2160,,Applin,,17/203,,swsh7
Dragonair,14/97,ex3,,,,Alakazam,1/130,B2,0.0,True,False,False,False,1.0,1.0,2160_jpg.rf.1b5d93407d5f588ad003909e3b5e744b.jpg#p00#5#5,det,0.62,template,0.0,template,0.0,False,False,2160_jpg.rf.1b5d93407d5f588ad003909e3b5e744b.jpg,0.797,ex3 14-97 Dragonair,False,False,2160,,Dragonair,,14/97,,ex3
Vanillish,044/182,sv04,,,,Alakazam,1/130,B2,0.0,True,False,False,False,1.0,1.0,2161_jpg.rf.1272130f9bdb237ceab684bf2442febb.jpg#p00#2#1,template,0.0,template,0.0,template,0.0,False,False,2161_jpg.rf.1272130f9bdb237ceab684bf2442febb.jpg,0.951,sv04 044-182 Vanillish,False,False,2161,,Vanillish,,044/182,,sv04
Iron Treads ex,066/91,sv04-5,,,,Alakazam,1/130,B2,0.0,True,False,False,False,1.0,1.0,2161_jpg.rf.1272130f9bdb237ceab684bf2442febb.jpg#p00#3#3,template,0.0,template,0.0,template,0.0,False,False,2161_jpg.rf.1272130f9bdb237ceab684bf2442febb.jpg,0.876,sv04-5 066-91 Iron Treads ex,False,False,2161,,Iron Treads ex,,066/91,,sv04-5
Aggron Spirit Link,123/160,xy5,,,,,,,0.0,False,False,False,False,1.0,1.0,,missing,0.0,missing,0.0,missing,0.0,False,False,2165_jpg.rf.ded2924f03ef2fe667e2f3bd1a3504cd.jpg,0.0,xy5 123-160 Aggron Spirit Link,False,False,2165,,Aggron Spirit Link,,123/160,,xy5
Leafeon,7/100,dp5,,,,Alakazam,1/130,B2,0.0,True,False,False,False,1.0,1.0,2167_jpg.rf.add4d4e840f78d8e8cc191a9417bf067.jpg#p00#0#4,template,0.0,template,0.0,template,0.0,False,False,2167_jpg.rf.add4d4e840f78d8e8cc191a9417bf067.jpg,0.933,dp5 7-100 Leafeon,False,False,2167,,Leafeon,,7/100,,dp5
Croagunk,60/100,dp5,,,,Alakazam,1/130,B2,0.0,True,False,False,False,1.0,1.0,2167_jpg.rf.add4d4e840f78d8e8cc191a9417bf067.jpg#p00#4#3,det,0.405,template,0.0,template,0.0,False,False,2167_jpg.rf.add4d4e840f78d8e8cc191a9417bf067.jpg,0.789,dp5 60-100 Croagunk,False,False,2167,,Croagunk,,60/100,,dp5
Hawlucha,089/131,sv08-5,,,,Alakazam,1/130,B2,0.0,True,False,False,False,1.0,1.0,2169_jpg.rf.d429112a04d998515077d95262552f1b.jpg#p00#3#4,template,0.0,template,0.0,template,0.0,False,False,2169_jpg.rf.d429112a04d998515077d95262552f1b.jpg,0.917,sv08-5 089-131 Hawlucha,False,False,2169,,Hawlucha,,089/131,,sv08-5
Torterra,39/127,pl1,,,,Alakazam,1/130,B2,0.0,True,False,False,False,1.0,1.0,2175_jpg.rf.92c6eb1d16a9b555469432610bfcf6f1.jpg#p00#3#0,template,0.0,template,0.0,template,0.0,False,False,2175_jpg.rf.92c6eb1d16a9b555469432610bfcf6f1.jpg,0.919,pl1 39-127 Torterra,False,False,2175,,Torterra,,39/127,,pl1
Okidogi ex,082/64,sv06-5,,,,Alakazam,1/130,B2,0.0,True,False,False,False,1.0,1.0,2175_jpg.rf.92c6eb1d16a9b555469432610bfcf6f1.jpg#p00#4#2,template,0.0,template,0.0,template,0.0,False,False,2175_jpg.rf.92c6eb1d16a9b555469432610bfcf6f1.jpg,0.904,sv06-5 082-64 Okidogi ex,False,False,2175,,Okidogi ex,,082/64,,sv06-5
Quaquaval ex,235/193,sv02,,,,Alakazam,1/130,B2,0.0,True,False,False,False,1.0,1.0,2177_jpg.rf.ccfd7b05ad8b83cd98619067fa2ae3a2.jpg#p00#0#1,template,0.0,template,0.0,template,0.0,False,False,2177_jpg.rf.ccfd7b05ad8b83cd98619067fa2ae3a2.jpg,0.951,sv02 235-193 Quaquaval ex,False,False,2177,,Quaquaval ex,,235/193,,sv02
Black Kyurem,100/149,bw7,,,,Alakazam,1/130,B2,0.0,True,False,False,False,1.0,1.0,2177_jpg.rf.ccfd7b05ad8b83cd98619067fa2ae3a2.jpg#p00#2#0,template,0.0,template,0.0,template,0.0,False,False,2177_jpg.rf.ccfd7b05ad8b83cd98619067fa2ae3a2.jpg,0.915,bw7 100-149 Black Kyurem,False,False,2177,,Black Kyurem,,100/149,,bw7
Cherrim,007/128,30th,,,,Alakazam,1/130,B2,0.0,True,False,False,False,1.0,1.0,2177_jpg.rf.ccfd7b05ad8b83cd98619067fa2ae3a2.jpg#p00#4#3,template,0.0,template,0.0,template,0.0,False,False,2177_jpg.rf.ccfd7b05ad8b83cd98619067fa2ae3a2.jpg,0.878,30th 007-128 Cherrim,False,False,2177,,Cherrim,,007/128,,30th
Amarys,132/131,sv08-5,p d,,,N,BW100/101,BWP,900.0,True,False,False,False,1.0,1.0,2178_jpg.rf.1151ded8dcbd10018d29107a6b8d3f05.jpg#p00#2#3,template,0.0,template,0.0,template,0.0,False,False,2178_jpg.rf.1151ded8dcbd10018d29107a6b8d3f05.jpg,0.96,sv08-5 132-131 Amarys,False,False,2178,p d,Amarys,,132/131,,sv08-5
Bronzor,100/181,sm9,,,,Alakazam,1/130,B2,0.0,True,False,False,False,1.0,1.0,2178_jpg.rf.1151ded8dcbd10018d29107a6b8d3f05.jpg#p00#5#2,template,0.0,template,0.0,template,0.0,False,False,2178_jpg.rf.1151ded8dcbd10018d29107a6b8d3f05.jpg,0.932,sm9 100-181 Bronzor,False,False,2178,,Bronzor,,100/181,,sm9
Poltchageist,021/167,sv06,,,,Alakazam,1/130,B2,0.0,True,False,False,False,1.0,1.0,2178_jpg.rf.1151ded8dcbd10018d29107a6b8d3f05.jpg#p00#3#1,template,0.0,template,0.0,template,0.0,False,False,2178_jpg.rf.1151ded8dcbd10018d29107a6b8d3f05.jpg,0.926,sv06 021-167 Poltchageist,False,False,2178,,Poltchageist,,021/167,,sv06
Toxtricity,059/128,30th,p,,,Hop,165/202,SSH,900.0,True,False,False,False,1.0,1.0,2178_jpg.rf.1151ded8dcbd10018d29107a6b8d3f05.jpg#p00#0#0,template,0.0,template,0.0,template,0.0,False,False,2178_jpg.rf.1151ded8dcbd10018d29107a6b8d3f05.jpg,0.902,30th 059-128 Toxtricity,False,False,2178,p,Toxtricity,,059/128,,30th
Cubone,103/165,ecard1,,,,Alakazam,1/130,B2,0.0,True,False,False,False,1.0,1.0,2179_jpg.rf.89d4f2a56848aacd56349d7db7818fb3.jpg#p00#0#2,template,0.0,template,0.0,template,0.0,False,False,2179_jpg.rf.89d4f2a56848aacd56349d7db7818fb3.jpg,0.972,ecard1 103-165 Cubone,False,False,2179,,Cubone,,103/165,,ecard1
Vullaby,72/114,bw1,,,,Alakazam,1/130,B2,0.0,True,False,False,False,1.0,1.0,2179_jpg.rf.89d4f2a56848aacd56349d7db7818fb3.jpg#p00#2#4,template,0.0,template,0.0,template,0.0,False,False,2179_jpg.rf.89d4f2a56848aacd56349d7db7818fb3.jpg,0.95,bw1 72-114 Vullaby,False,False,2179,,Vullaby,,72/114,,bw1
Cynthia,SV82/94,sma,,,,Alakazam,1/130,B2,0.0,True,False,False,False,1.0,1.0,2179_jpg.rf.89d4f2a56848aacd56349d7db7818fb3.jpg#p00#1#3,template,0.0,template,0.0,template,0.0,False,False,2179_jpg.rf.89d4f2a56848aacd56349d7db7818fb3.jpg,0.943,sma SV82-94 Cynthia,False,False,2179,,Cynthia,,SV82/94,,sma
Pachirisu,051/132,me01,,,,Alakazam,1/130,B2,0.0,True,False,False,False,1.0,1.0,2179_jpg.rf.89d4f2a56848aacd56349d7db7818fb3.jpg#p00#3#5,template,0.0,template,0.0,template,0.0,False,False,2179_jpg.rf.89d4f2a56848aacd56349d7db7818fb3.jpg,0.929,me01 051-132 Pachirisu,False,False,2179,,Pachirisu,,051/132,,me01
Loudred,84/119,xy4,,,,Alakazam,1/130,B2,0.0,True,False,False,False,1.0,1.0,2179_jpg.rf.89d4f2a56848aacd56349d7db7818fb3.jpg#p00#4#1,template,0.0,template,0.0,template,0.0,False,False,2179_jpg.rf.89d4f2a56848aacd56349d7db7818fb3.jpg,0.91,xy4 84-119 Loudred,False,False,2179,,Loudred,,84/119,,xy4
Pikachu,SM206/248,smp,,,,,,,0.0,False,False,False,False,1.0,1.0,,missing,0.0,missing,0.0,missing,0.0,False,False,2179_jpg.rf.89d4f2a56848aacd56349d7db7818fb3.jpg,0.0,smp SM206-248 Pikachu,False,False,2179,,Pikachu,,SM206/248,,smp
Porygon-Z,7/102,hgss4,,,,Alakazam,1/130,B2,0.0,True,False,False,False,1.0,1.0,2187_jpg.rf.168f994cb4d4f11de9c84a0947a82d24.jpg#p00#3#1,template,0.0,template,0.0,template,0.0,False,False,2187_jpg.rf.168f994cb4d4f11de9c84a0947a82d24.jpg,0.928,hgss4 7-102 Porygon-Z,False,False,2187,,Porygon-Z,,7/102,,hgss4
Tornadus VMAX,125/198,swsh6,,,,Alakazam,1/130,B2,0.0,True,False,False,False,1.0,1.0,2187_jpg.rf.168f994cb4d4f11de9c84a0947a82d24.jpg#p00#4#0,template,0.0,template,0.0,template,0.0,False,False,2187_jpg.rf.168f994cb4d4f11de9c84a0947a82d24.jpg,0.894,swsh6 125-198 Tornadus VMAX,False,False,2187,,Tornadus VMAX,,125/198,,swsh6
Larvesta,040/197,sv03,,,,Alakazam,1/130,B2,0.0,True,False,False,False,1.0,1.0,2191_jpg.rf.9630a680f6fc0b13ce0427fc0c26de21.jpg#p00#2#6,template,0.0,template,0.0,template,0.0,False,False,2191_jpg.rf.9630a680f6fc0b13ce0427fc0c26de21.jpg,0.97,sv03 040-197 Larvesta,False,False,2191,,Larvesta,,040/197,,sv03
Dark Forretress,35/105,neo4,PAMSEETEN,,,N,101/101,NVI,880.0,True,False,False,False,0.7142857142857143,1.0,2191_jpg.rf.9630a680f6fc0b13ce0427fc0c26de21.jpg#p00#0#2,template,0.0,template,0.0,template,0.0,False,False,2191_jpg.rf.9630a680f6fc0b13ce0427fc0c26de21.jpg,0.962,neo4 35-105 Dark Forretress,False,False,2191,PAMSEETEN,Dark Forretress,,35/105,,neo4
Deoxys Normal Forme,1/146,dp6,UXYS NORHAL FORME IV.50,,,N,96/108,DEX,880.0,True,False,False,False,0.47058823529411764,1.0,2191_jpg.rf.9630a680f6fc0b13ce0427fc0c26de21.jpg#p00#6#5,det,0.447,template,0.0,template,0.0,False,False,2191_jpg.rf.9630a680f6fc0b13ce0427fc0c26de21.jpg,0.807,dp6 1-146 Deoxys Normal Forme,False,False,2191,UXYS NORHAL FORME IV.50,Deoxys Normal Forme,,1/146,,dp6
Gastly,47/108,xy12,,,,Alakazam,1/130,B2,0.0,True,False,False,False,1.0,1.0,2194_jpg.rf.a0fd43bf2c237174cc18370ae3eb1705.jpg#p00#0#3,template,0.0,template,0.0,template,0.0,False,False,2194_jpg.rf.a0fd43bf2c237174cc18370ae3eb1705.jpg,0.965,xy12 47-108 Gastly,False,False,2194,,Gastly,,47/108,,xy12
Brock,98/132,gym1,,,,Alakazam,1/130,B2,0.0,True,False,False,False,1.0,1.0,2194_jpg.rf.a0fd43bf2c237174cc18370ae3eb1705.jpg#p00#2#4,template,0.0,template,0.0,template,0.0,False,False,2194_jpg.rf.a0fd43bf2c237174cc18370ae3eb1705.jpg,0.961,gym1 98-132 Brock,False,False,2194,,Brock,,98/132,,gym1
Emolga,054/195,swsh12,,,,Alakazam,1/130,B2,0.0,True,False,False,False,1.0,1.0,2194_jpg.rf.a0fd43bf2c237174cc18370ae3eb1705.jpg#p00#1#0,template,0.0,template,0.0,template,0.0,False,False,2194_jpg.rf.a0fd43bf2c237174cc18370ae3eb1705.jpg,0.943,swsh12 054-195 Emolga,False,False,2194,,Emolga,,054/195,,swsh12
Toxtricity,059/128,30th,y,,,AZ,91/119,PHF,900.0,True,False,False,False,0.9,1.0,2194_jpg.rf.a0fd43bf2c237174cc18370ae3eb1705.jpg#p00#3#2,template,0.0,template,0.0,template,0.0,False,False,2194_jpg.rf.a0fd43bf2c237174cc18370ae3eb1705.jpg,0.926,30th 059-128 Toxtricity,False,False,2194,y,Toxtricity,,059/128,,30th
Rufflet,86/98,bw2,,,,Alakazam,1/130,B2,0.0,True,False,False,False,1.0,1.0,2194_jpg.rf.a0fd43bf2c237174cc18370ae3eb1705.jpg#p00#4#1,det,0.877,template,0.0,template,0.0,False,False,2194_jpg.rf.a0fd43bf2c237174cc18370ae3eb1705.jpg,0.778,bw2 86-98 Rufflet,False,False,2194,,Rufflet,,86/98,,bw2
Baltoy,57/163,swsh5,uy,,,Muk,13/62,FO,900.0,True,False,False,False,0.8333333333333334,1.0,2196_jpg.rf.bc02923b6e417a35245b4f428a51e73f.jpg#p00#1#1,det,0.824,det,0.637,template,0.0,False,False,2196_jpg.rf.bc02923b6e417a35245b4f428a51e73f.jpg,0.762,swsh5 57-163 Baltoy,False,False,2196,uy,Baltoy,,57/163,,swsh5
Cheren-s Care,168/172,swsh9,,,,Alakazam,1/130,B2,0.0,True,False,False,False,1.0,1.0,2200_jpg.rf.8aa6af7f81b18ed402444f0ffe99910e.jpg#p00#3#2,template,0.0,template,0.0,template,0.0,False,False,2200_jpg.rf.8aa6af7f81b18ed402444f0ffe99910e.jpg,0.93,swsh9 168-172 Cheren-s Care,False,False,2200,,Cheren-s Care,,168/172,,swsh9
Simisage,8/264,swsh8,,,,Alakazam,1/130,B2,0.0,True,False,False,False,1.0,1.0,2200_jpg.rf.8aa6af7f81b18ed402444f0ffe99910e.jpg#p00#1#1,template,0.0,template,0.0,template,0.0,False,False,2200_jpg.rf.8aa6af7f81b18ed402444f0ffe99910e.jpg,0.892,swsh8 8-264 Simisage,False,False,2200,,Simisage,,8/264,,swsh8
Glameow,83/130,dp1,Glamm,,,Gloom,37/64,JU,900.0,True,False,False,False,0.42857142857142855,1.0,2200_jpg.rf.8aa6af7f81b18ed402444f0ffe99910e.jpg#p00#2#4,det,0.718,template,0.0,template,0.0,False,False,2200_jpg.rf.8aa6af7f81b18ed402444f0ffe99910e.jpg,0.873,dp1 83-130 Glameow,False,False,2200,Glamm,Glameow,,83/130,,dp1
Yanma,3/119,xy4,,,,Alakazam,1/130,B2,0.0,True,False,False,False,1.0,1.0,2202_jpg.rf.a34ac5735a5e9138d8f4a797f23d156e.jpg#p00#3#1,template,0.0,det,0.454,template,0.0,False,False,2202_jpg.rf.a34ac5735a5e9138d8f4a797f23d156e.jpg,0.965,xy4 3-119 Yanma,False,False,2202,,Yanma,,3/119,,xy4
Kangaskhan,75/124,xy10,Kanhan,,,Raihan,GG65/70,CRZ,900.0,True,False,False,False,0.4,1.0,2202_jpg.rf.a34ac5735a5e9138d8f4a797f23d156e.jpg#p00#0#0,det,0.8,det,0.53,template,0.0,False,False,2202_jpg.rf.a34ac5735a5e9138d8f4a797f23d156e.jpg,0.952,xy10 75-124 Kangaskhan,False,False,2202,Kanhan,Kangaskhan,,75/124,,xy10
Hydreigon BREAK,87/114,xy11,IM,,,N,BW100/101,BWP,900.0,True,False,False,False,0.9285714285714286,1.0,2203_jpg.rf.b84927a08eb6f85588b12473e00c3623.jpg#p00#4#4,template,0.0,template,0.0,template,0.0,False,False,2203_jpg.rf.b84927a08eb6f85588b12473e00c3623.jpg,0.911,xy11 87-114 Hydreigon BREAK,False,False,2203,IM,Hydreigon BREAK,,87/114,,xy11
Energy Switch,89/111,xy3,w,,,Mew,8/53,WBP,900.0,True,False,False,False,0.9166666666666666,1.0,2204_jpg.rf.f5193dd0c39b1d43b4b041c9110b2b75.jpg#p00#2#0,template,0.0,template,0.0,template,0.0,False,False,2204_jpg.rf.f5193dd0c39b1d43b4b041c9110b2b75.jpg,0.969,xy3 89-111 Energy Switch,False,False,2204,w,Energy Switch,,89/111,,xy3
Celesteela,SM131/248,smp,,,,Alakazam,1/130,B2,0.0,True,False,False,False,1.0,1.0,2204_jpg.rf.f5193dd0c39b1d43b4b041c9110b2b75.jpg#p00#0#1,template,0.0,template,0.0,template,0.0,False,False,2204_jpg.rf.f5193dd0c39b1d43b4b041c9110b2b75.jpg,0.961,smp SM131-248 Celesteela,False,False,2204,,Celesteela,,SM131/248,,smp
Togetic,137/214,sm10,,,,Alakazam,1/130,B2,0.0,True,False,False,False,1.0,1.0,2204_jpg.rf.f5193dd0c39b1d43b4b041c9110b2b75.jpg#p00#4#3,template,0.0,template,0.0,template,0.0,False,False,2204_jpg.rf.f5193dd0c39b1d43b4b041c9110b2b75.jpg,0.909,sm10 137-214 Togetic,False,False,2204,,Togetic,,137/214,,sm10
Ekans -,47/101,ex15,,,,,,,0.0,False,False,False,False,1.0,1.0,,missing,0.0,missing,0.0,missing,0.0,False,False,2204_jpg.rf.f5193dd0c39b1d43b4b041c9110b2b75.jpg,0.0,ex15 47-101 Ekans -,False,False,2204,,Ekans -,,47/101,,ex15
Audino,124/159,sv09,,,,,,,0.0,False,False,False,False,1.0,1.0,,missing,0.0,missing,0.0,missing,0.0,False,False,2204_jpg.rf.f5193dd0c39b1d43b4b041c9110b2b75.jpg,0.0,sv09 124-159 Audino,False,False,2204,,Audino,,124/159,,sv09
Lickitung,152/214,sm10,asdine,,,Audino,87/114,BLW,900.0,True,False,False,False,0.7777777777777778,1.0,2205_jpg.rf.249318e8fe55c348b28e22babba70a9e.jpg#p00#1#0,det,0.774,template,0.0,template,0.0,False,False,2205_jpg.rf.249318e8fe55c348b28e22babba70a9e.jpg,0.946,sm10 152-214 Lickitung,False,False,2205,asdine,Lickitung,,152/214,,sm10
Skarmory,55/113,ex11,,,,Alakazam,1/130,B2,0.0,True,False,False,False,1.0,1.0,2205_jpg.rf.249318e8fe55c348b28e22babba70a9e.jpg#p00#5#3,template,0.0,template,0.0,template,0.0,False,False,2205_jpg.rf.249318e8fe55c348b28e22babba70a9e.jpg,0.943,ex11 55-113 Skarmory,False,False,2205,,Skarmory,,55/113,,ex11
Empoleon,56/236,sm12,,,,Alakazam,1/130,B2,0.0,True,False,False,False,1.0,1.0,2205_jpg.rf.249318e8fe55c348b28e22babba70a9e.jpg#p00#4#4,det,0.672,template,0.0,template,0.0,False,False,2205_jpg.rf.249318e8fe55c348b28e22babba70a9e.jpg,0.917,sm12 56-236 Empoleon,False,False,2205,,Empoleon,,56/236,,sm12
Maushold,125/128,30th,,,,Alakazam,1/130,B2,0.0,True,False,False,False,1.0,1.0,2205_jpg.rf.249318e8fe55c348b28e22babba70a9e.jpg#p00#6#6,template,0.0,template,0.0,template,0.0,False,False,2205_jpg.rf.249318e8fe55c348b28e22babba70a9e.jpg,0.907,30th 125-128 Maushold,False,False,2205,,Maushold,,125/128,,30th
Miracle Sphere -,129/144,ecard3,Mirfres er,,,Simisear,24/162,BKT,588.2352905273438,True,False,False,False,0.46153846153846156,1.0,2210_jpg.rf.6382b1270ff70e03a06b10090da0c54c.jpg#p00#1#1,det,0.791,template,0.0,template,0.0,False,False,2210_jpg.rf.6382b1270ff70e03a06b10090da0c54c.jpg,0.928,ecard3 129-144 Miracle Sphere -,False,False,2210,Mirfres er,Miracle Sphere -,,129/144,,ecard3
Ultra Ball,196/198,sv01,mp e o,,,Mew,8/53,WBP,900.0,True,False,False,False,1.0,1.0,2212_jpg.rf.3d182090f06fb7df2ffd15565c0d6809.jpg#p00#0#5,template,0.0,template,0.0,template,0.0,False,False,2212_jpg.rf.3d182090f06fb7df2ffd15565c0d6809.jpg,0.949,sv01 196-198 Ultra Ball,False,False,2212,mp e o,Ultra Ball,,196/198,,sv01
Sableye V,120/202,swsh1,,,,Alakazam,1/130,B2,0.0,True,False,False,False,1.0,1.0,2212_jpg.rf.3d182090f06fb7df2ffd15565c0d6809.jpg#p00#3#0,template,0.0,template,0.0,template,0.0,False,False,2212_jpg.rf.3d182090f06fb7df2ffd15565c0d6809.jpg,0.937,swsh1 120-202 Sableye V,False,False,2212,,Sableye V,,120/202,,swsh1
Girafarig,66/105,neo4,,,,Alakazam,1/130,B2,0.0,True,False,False,False,1.0,1.0,2212_jpg.rf.3d182090f06fb7df2ffd15565c0d6809.jpg#p00#5#4,template,0.0,template,0.0,template,0.0,False,False,2212_jpg.rf.3d182090f06fb7df2ffd15565c0d6809.jpg,0.907,neo4 66-105 Girafarig,False,False,2212,,Girafarig,,66/105,,neo4
Lucario,117/236,sm11,rrREWC,,,Rare Candy,256/198,SVI,533.3333129882812,True,False,False,False,1.0,1.0,2213_jpg.rf.e12d86299e567ccccc193fdd922a48af.jpg#p00#3#3,det,0.417,template,0.0,template,0.0,False,False,2213_jpg.rf.e12d86299e567ccccc193fdd922a48af.jpg,0.921,sm11 117-236 Lucario,False,False,2213,rrREWC,Lucario,,117/236,,sm11
Chandelure,137/128,30th,,,,Alakazam,1/130,B2,0.0,True,False,False,False,1.0,1.0,2213_jpg.rf.e12d86299e567ccccc193fdd922a48af.jpg#p00#1#2,template,0.0,template,0.0,template,0.0,False,False,2213_jpg.rf.e12d86299e567ccccc193fdd922a48af.jpg,0.897,30th 137-128 Chandelure,False,False,2213,,Chandelure,,137/128,,30th
Celebi,XY93/211,xyp,,,,Alakazam,1/130,B2,0.0,True,False,False,False,1.0,1.0,2219_jpg.rf.29f10d8649ed88f3b874cbcd5fe1eb0f.jpg#p00#0#1,template,0.0,template,0.0,template,0.0,False,False,2219_jpg.rf.29f10d8649ed88f3b874cbcd5fe1eb0f.jpg,0.919,xyp XY93-211 Celebi,False,False,2219,,Celebi,,XY93/211,,xyp
Torracat,28/214,sm10,,,,Alakazam,1/130,B2,0.0,True,False,False,False,1.0,1.0,2221_jpg.rf.03a1af5799c20109de0bb17db7c1e4d9.jpg#p00#5#4,det,0.628,template,0.0,template,0.0,False,False,2221_jpg.rf.03a1af5799c20109de0bb17db7c1e4d9.jpg,0.972,sm10 28-214 Torracat,False,False,2221,,Torracat,,28/214,,sm10
Carkol,094/162,sv05,,,,Alakazam,1/130,B2,0.0,True,False,False,False,1.0,1.0,2221_jpg.rf.03a1af5799c20109de0bb17db7c1e4d9.jpg#p00#1#5,template,0.0,template,0.0,template,0.0,False,False,2221_jpg.rf.03a1af5799c20109de0bb17db7c1e4d9.jpg,0.919,sv05 094-162 Carkol,False,False,2221,,Carkol,,094/162,,sv05
Zigzagoon,167/197,sv03,,,,,,,0.0,False,False,False,False,1.0,1.0,,missing,0.0,missing,0.0,missing,0.0,False,False,2221_jpg.rf.03a1af5799c20109de0bb17db7c1e4d9.jpg,0.0,sv03 167-197 Zigzagoon,False,False,2221,,Zigzagoon,,167/197,,sv03
Lickitung,152/214,sm10,BAsikiiiun8,,,N,BW100/101,BWP,880.0,True,False,False,False,0.7777777777777778,1.0,2222_jpg.rf.54d8336c22351a4dfdba94a5453be84c.jpg#p00#2#2,det,0.641,template,0.0,template,0.0,False,False,2222_jpg.rf.54d8336c22351a4dfdba94a5453be84c.jpg,0.942,sm10 152-214 Lickitung,False,False,2222,BAsikiiiun8,Lickitung,,152/214,,sm10
Weezing,24/109,ex1,dH08,,,Oddish,1/149,BCR,400.0,True,False,False,False,1.0,1.0,2222_jpg.rf.54d8336c22351a4dfdba94a5453be84c.jpg#p00#1#6,det,0.486,template,0.0,template,0.0,False,False,2222_jpg.rf.54d8336c22351a4dfdba94a5453be84c.jpg,0.938,ex1 24-109 Weezing,False,False,2222,dH08,Weezing,,24/109,,ex1
Rillaboom,016/167,sv06,,,,Alakazam,1/130,B2,0.0,True,False,False,False,1.0,1.0,2222_jpg.rf.54d8336c22351a4dfdba94a5453be84c.jpg#p00#5#0,template,0.0,template,0.0,template,0.0,False,False,2222_jpg.rf.54d8336c22351a4dfdba94a5453be84c.jpg,0.919,sv06 016-167 Rillaboom,False,False,2222,,Rillaboom,,016/167,,sv06
Glalie,042/195,swsh12,,,,Alakazam,1/130,B2,0.0,True,False,False,False,1.0,1.0,2222_jpg.rf.54d8336c22351a4dfdba94a5453be84c.jpg#p00#3#1,template,0.0,det,0.749,template,0.0,False,False,2222_jpg.rf.54d8336c22351a4dfdba94a5453be84c.jpg,0.916,swsh12 042-195 Glalie,False,False,2222,,Glalie,,042/195,,swsh12
Carkol,094/162,sv05,,,,Alakazam,1/130,B2,0.0,True,False,False,False,1.0,1.0,2222_jpg.rf.54d8336c22351a4dfdba94a5453be84c.jpg#p00#4#3,template,0.0,template,0.0,template,0.0,False,False,2222_jpg.rf.54d8336c22351a4dfdba94a5453be84c.jpg,0.911,sv05 094-162 Carkol,False,False,2222,,Carkol,,094/162,,sv05
Capsakid,028/198,sv01,,,,Alakazam,1/130,B2,0.0,True,False,False,False,1.0,1.0,2222_jpg.rf.54d8336c22351a4dfdba94a5453be84c.jpg#p00#6#4,template,0.0,template,0.0,template,0.0,False,False,2222_jpg.rf.54d8336c22351a4dfdba94a5453be84c.jpg,0.709,sv01 028-198 Capsakid,False,False,2222,,Capsakid,,028/198,,sv01
,086/64,SV6a,,,560,Alakazam,1/130,B2,0.0,True,False,False,False,0.0,1.0,2224_jpg.rf.59f38a1d6b4d1a03f88fa33713f3541a.jpg#p00#3#7,det,0.913,det,0.944,det,0.962,False,False,2224_jpg.rf.59f38a1d6b4d1a03f88fa33713f3541a.jpg,0.965,SV6a 086-64 ----------,False,False,2224,,,,086/64,560,SV6a
,203/172,S12a,,203/120,F120,Team Rocket's Factory,203/217,ASC,50.0,True,False,False,False,0.0,0.3333333333333333,2226_jpg.rf.d67a8cb95182d5c5529870ce72bf7dca.jpg#p00#3#0,det,0.956,det,0.93,det,0.941,False,False,2226_jpg.rf.d67a8cb95182d5c5529870ce72bf7dca.jpg,0.97,S12a 203-172 ----,False,False,2226,,,203/120,203/172,F120,S12a
,043/64,SV6a,,,,Alakazam,1/130,B2,0.0,True,False,False,False,0.0,1.0,2227_jpg.rf.f23cc632295b08876f27930100fc2298.jpg#p00#4#0,template,0.0,template,0.0,template,0.0,False,False,2227_jpg.rf.f23cc632295b08876f27930100fc2298.jpg,0.953,SV6a 043-64 ----,False,False,2227,,,,043/64,,SV6a
,124/172,S12a,,,,Alakazam,1/130,B2,0.0,True,False,False,False,0.0,1.0,2227_jpg.rf.f23cc632295b08876f27930100fc2298.jpg#p00#3#4,template,0.0,template,0.0,template,0.0,False,False,2227_jpg.rf.f23cc632295b08876f27930100fc2298.jpg,0.941,S12a 124-172 -----V,False,False,2227,,,,124/172,,S12a
,074/100,S11,,,,Alakazam,1/130,B2,0.0,True,False,False,False,0.0,1.0,2227_jpg.rf.f23cc632295b08876f27930100fc2298.jpg#p00#2#1,template,0.0,template,0.0,template,0.0,False,False,2227_jpg.rf.f23cc632295b08876f27930100fc2298.jpg,0.914,S11 074-100 ----,False,False,2227,,,,074/100,,S11
,145/187,SV8a,,,,,,,0.0,False,False,False,False,0.0,1.0,,missing,0.0,missing,0.0,missing,0.0,False,False,2227_jpg.rf.f23cc632295b08876f27930100fc2298.jpg,0.0,SV8a 145-187 --------,False,False,2227,,,,145/187,,SV8a
,092/71,SV2D,X,,20,AZ,91/119,PHF,900.0,True,False,False,False,1.0,1.0,2228_jpg.rf.f1e5eb588b825fdf353fec79c4773853.jpg#p00#2#3,det,0.938,det,0.921,det,0.955,False,False,2228_jpg.rf.f1e5eb588b825fdf353fec79c4773853.jpg,0.959,SV2D 092-71 ----ex,False,False,2228,X,,,092/71,20,SV2D
,082/71,SV2D,,,,Alakazam,1/130,B2,0.0,True,False,False,False,0.0,1.0,2229_jpg.rf.7404e96ab296ac83ad438259d4634d19.jpg#p00#2#3,template,0.0,template,0.0,template,0.0,False,False,2229_jpg.rf.7404e96ab296ac83ad438259d4634d19.jpg,0.966,SV2D 082-71 -----,False,False,2229,,,,082/71,,SV2D
,023/165,SV2a,,,22,Alakazam,1/130,B2,0.0,True,False,False,False,0.0,1.0,2229_jpg.rf.7404e96ab296ac83ad438259d4634d19.jpg#p00#1#1,det,0.945,det,0.923,det,0.949,False,False,2229_jpg.rf.7404e96ab296ac83ad438259d4634d19.jpg,0.956,SV2a 023-165 ---,False,False,2229,,,,023/165,22,SV2a
,054/172,S12a,VMAX,,0120,Hatterene VMAX,66/159,CRZ,1000.0,True,False,False,False,1.0,1.0,2230_jpg.rf.e92d730e4c8914b8ccff835e2bf31f88.jpg#p00#0#3,det,0.91,det,0.925,det,0.893,False,False,2230_jpg.rf.e92d730e4c8914b8ccff835e2bf31f88.jpg,0.955,S12a 054-172 ---VMAX,False,False,2230,VMAX,,,054/172,0120,S12a
,042/100,S9,m,,,Muk,13/62,FO,900.0,True,False,False,False,1.0,1.0,2230_jpg.rf.e92d730e4c8914b8ccff835e2bf31f88.jpg#p00#2#2,template,0.0,template,0.0,template,0.0,False,False,2230_jpg.rf.e92d730e4c8914b8ccff835e2bf31f88.jpg,0.952,S9 042-100 ----,False,False,2230,m,,,042/100,,S9
,096/71,SV2P,,,,Alakazam,1/130,B2,0.0,True,False,False,False,0.0,1.0,2230_jpg.rf.e92d730e4c8914b8ccff835e2bf31f88.jpg#p00#1#1,det,0.514,template,0.0,template,0.0,False,False,2230_jpg.rf.e92d730e4c8914b8ccff835e2bf31f88.jpg,0.937,SV2P 096-71 ----,False,False,2230,,,,096/71,,SV2P
,042/71,S10a,,,,Alakazam,1/130,B2,0.0,True,False,False,False,0.0,1.0,2230_jpg.rf.e92d730e4c8914b8ccff835e2bf31f88.jpg#p00#3#0,template,0.0,template,0.0,template,0.0,False,False,2230_jpg.rf.e92d730e4c8914b8ccff835e2bf31f88.jpg,0.777,S10a 042-71 -----,False,False,2230,,,,042/71,,S10a
,059/66,SV4K,,052/66,14R,Machop,52/102,BS,50.0,True,False,False,False,0.0,0.2,2232_jpg.rf.bd1ed1041cf82aea121549cbcffad2bc.jpg#p00#1#0,det,0.939,det,0.937,det,0.957,False,False,2232_jpg.rf.bd1ed1041cf82aea121549cbcffad2bc.jpg,0.944,SV4K 059-66 -------,False,False,2232,,,052/66,059/66,14R,SV4K
,012/62,SV3a,,,,Alakazam,1/130,B2,0.0,True,False,False,False,0.0,1.0,2233_jpg.rf.d0dc3ee0ada8e681682678fdcb0f4a84.jpg#p00#2#3,template,0.0,template,0.0,template,0.0,False,False,2233_jpg.rf.d0dc3ee0ada8e681682678fdcb0f4a84.jpg,0.932,SV3a 012-62 -----,False,False,2233,,,,012/62,,SV3a
,065/100,SV9,c0,,,N,BW100/101,BWP,900.0,True,False,False,False,1.0,1.0,2233_jpg.rf.d0dc3ee0ada8e681682678fdcb0f4a84.jpg#p00#0#2,template,0.0,template,0.0,template,0.0,False,False,2233_jpg.rf.d0dc3ee0ada8e681682678fdcb0f4a84.jpg,0.928,SV9 065-100 N-----,False,False,2233,c0,,,065/100,,SV9
,098/101,SV6,,,,,,,0.0,False,False,False,False,0.0,1.0,,missing,0.0,missing,0.0,missing,0.0,False,False,2233_jpg.rf.d0dc3ee0ada8e681682678fdcb0f4a84.jpg,0.0,SV6 098-101 ----,False,False,2233,,,,098/101,,SV6
,012/106,SV8,,,,,,,0.0,False,False,False,False,0.0,1.0,,missing,0.0,missing,0.0,missing,0.0,False,False,2233_jpg.rf.d0dc3ee0ada8e681682678fdcb0f4a84.jpg,0.0,SV8 012-106 -----,False,False,2233,,,,012/106,,SV8
,067/62,SV3a,,,VID,Alakazam,1/130,B2,0.0,True,False,False,False,0.0,1.0,2234_jpg.rf.13e16c4d32edd307df40dccbc3a4a937.jpg#p00#2#7,det,0.953,det,0.936,det,0.961,False,False,2234_jpg.rf.13e16c4d32edd307df40dccbc3a4a937.jpg,0.977,SV3a 067-62 ----,False,False,2234,,,,067/62,VID,SV3a
,027/98,SV10,,,,Alakazam,1/130,B2,0.0,True,False,False,False,0.0,1.0,2235_jpg.rf.476bfe0a359aa492ead2ddc2549f44d5.jpg#p00#0#1,template,0.0,template,0.0,template,0.0,False,False,2235_jpg.rf.476bfe0a359aa492ead2ddc2549f44d5.jpg,0.946,SV10 027-98 -----,False,False,2235,,,,027/98,,SV10
,050/106,SV8,,,,Alakazam,1/130,B2,0.0,True,False,False,False,0.0,1.0,2235_jpg.rf.476bfe0a359aa492ead2ddc2549f44d5.jpg#p00#2#2,template,0.0,template,0.0,template,0.0,False,False,2235_jpg.rf.476bfe0a359aa492ead2ddc2549f44d5.jpg,0.917,SV8 050-106 ----,False,False,2235,,,,050/106,,SV8
,033/62,SV3a,,,,Alakazam,1/130,B2,0.0,True,False,False,False,0.0,1.0,2235_jpg.rf.476bfe0a359aa492ead2ddc2549f44d5.jpg#p00#1#0,template,0.0,template,0.0,template,0.0,False,False,2235_jpg.rf.476bfe0a359aa492ead2ddc2549f44d5.jpg,0.898,SV3a 033-62 ---,False,False,2235,,,,033/62,,SV3a
,315/190,SV4a,,,,,,,0.0,False,False,False,False,0.0,1.0,,missing,0.0,missing,0.0,missing,0.0,False,False,2235_jpg.rf.476bfe0a359aa492ead2ddc2549f44d5.jpg,0.0,SV4a 315-190 ----,False,False,2235,,,,315/190,,SV4a
,192/187,SV8a,,,,Alakazam,1/130,B2,0.0,True,False,False,False,0.0,1.0,2237_jpg.rf.a02429d70576b45f81083b4ee4d19cbc.jpg#p00#8#8,det,0.946,det,0.929,det,0.939,False,False,2237_jpg.rf.a02429d70576b45f81083b4ee4d19cbc.jpg,0.973,SV8a 192-187 -----,False,False,2237,,,,192/187,,SV8a
,217/187,SV8a,,212/187,SY8O,Tool Scrapper,212/217,ASC,50.0,True,False,False,False,0.0,0.16666666666666666,2237_jpg.rf.a02429d70576b45f81083b4ee4d19cbc.jpg#p00#2#4,det,0.863,det,0.931,det,0.937,False,False,2237_jpg.rf.a02429d70576b45f81083b4ee4d19cbc.jpg,0.961,SV8a 217-187 -----ex,False,False,2237,,,212/187,217/187,SY8O,SV8a
,025/101,SV6,,,,Alakazam,1/130,B2,0.0,True,False,False,False,0.0,1.0,2237_jpg.rf.a02429d70576b45f81083b4ee4d19cbc.jpg#p00#6#6,det,0.95,det,0.935,det,0.953,False,False,2237_jpg.rf.a02429d70576b45f81083b4ee4d19cbc.jpg,0.956,SV6 025-101 -----,False,False,2237,,,,025/101,,SV6
,020/100,SV9,,620/100,,Munchlax,68/100,MD,25.0,True,False,False,False,0.0,0.16666666666666666,2237_jpg.rf.a02429d70576b45f81083b4ee4d19cbc.jpg#p00#1#1,det,0.955,det,0.941,det,0.961,False,False,2237_jpg.rf.a02429d70576b45f81083b4ee4d19cbc.jpg,0.952,SV9 020-100 ----,False,False,2237,,,620/100,020/100,,SV9
,012/68,S11a,,,,Alakazam,1/130,B2,0.0,True,False,False,False,0.0,1.0,2238_jpg.rf.bdac0c6dc3378f1c35f335c566f8fdab.jpg#p00#2#0,template,0.0,template,0.0,template,0.0,False,False,2238_jpg.rf.bdac0c6dc3378f1c35f335c566f8fdab.jpg,0.939,S11a 012-68 ----,False,False,2238,,,,012/68,,S11a
,015/100,S11,,001/510,,Venonat,1/119,PHF,50.0,True,False,False,False,0.0,0.3333333333333333,2239_jpg.rf.b9d6dd12917c8678f4990f431cdcef8a.jpg#p00#0#5,det,0.95,det,0.943,det,0.917,False,False,2239_jpg.rf.b9d6dd12917c8678f4990f431cdcef8a.jpg,0.961,S11 015-100 -----,False,False,2239,,,001/510,015/100,,S11
,087/71,S10a,AINER'S,087/19,3100,Piers,58/73,CPA,900.0,True,False,False,False,1.0,0.4,2241_jpg.rf.ad754bdfcbe75d32889a05d9c693e8c5.jpg#p00#1#1,template,0.0,det,0.942,det,0.932,False,False,2241_jpg.rf.ad754bdfcbe75d32889a05d9c693e8c5.jpg,0.973,S10a 087-71 -----,False,False,2241,AINER'S,,087/19,087/71,3100,S10a
,229/172,S12a,V,,12,AZ,91/119,PHF,900.0,True,False,False,False,1.0,1.0,2241_jpg.rf.ad754bdfcbe75d32889a05d9c693e8c5.jpg#p00#3#0,det,0.831,det,0.915,det,0.871,False,False,2241_jpg.rf.ad754bdfcbe75d32889a05d9c693e8c5.jpg,0.93,S12a 229-172 --- -----V,False,False,2241,V,,,229/172,12,S12a
,069/63,SV9a,,,VEA,Alakazam,1/130,B2,0.0,True,False,False,False,0.0,1.0,2242_jpg.rf.04e75648359db6bb8bd6bee453d94f37.jpg#p00#0#7,det,0.956,det,0.948,det,0.957,False,False,2242_jpg.rf.04e75648359db6bb8bd6bee453d94f37.jpg,0.991,SV9a 069-63 -----,False,False,2242,,,,069/63,VEA,SV9a
,115/190,SV4a,eX,135/190,,Absol ex,135/197,OBF,1050.0,True,False,False,False,1.0,0.16666666666666666,2243_jpg.rf.92eda568bcd74ee22d451c79d0ad0a84.jpg#p00#2#2,det,0.943,det,0.856,det,0.92,False,False,2243_jpg.rf.92eda568bcd74ee22d451c79d0ad0a84.jpg,0.927,SV4a 115-190 -----ex,False,False,2243,eX,,135/190,115/190,,SV4a
,129/165,SV2a,,120/133,1527,Max Revive,120/146,XY,50.0,True,False,False,False,0.0,0.5,2244_jpg.rf.eea80626bbb9eb184a788dd9e0c79d5a.jpg#p00#1#2,det,0.941,det,0.93,det,0.952,False,False,2244_jpg.rf.eea80626bbb9eb184a788dd9e0c79d5a.jpg,0.978,SV2a 129-165 -----,False,False,2244,,,120/133,129/165,1527,SV2a
,081/106,SV8,E3,,,Mew,8/53,WBP,900.0,True,False,False,False,1.0,1.0,2244_jpg.rf.eea80626bbb9eb184a788dd9e0c79d5a.jpg#p00#0#3,det,0.93,det,0.953,det,0.95,False,False,2244_jpg.rf.eea80626bbb9eb184a788dd9e0c79d5a.jpg,0.939,SV8 081-106 -----ex,False,False,2244,E3,,,081/106,,SV8
,095/190,SV4a,,065/190,MA,Team Magma's Poochyena,65/95,MA,60.0,True,False,False,False,0.0,0.16666666666666666,2244_jpg.rf.eea80626bbb9eb184a788dd9e0c79d5a.jpg#p00#4#5,det,0.939,det,0.927,det,0.957,False,False,2244_jpg.rf.eea80626bbb9eb184a788dd9e0c79d5a.jpg,0.937,SV4a 095-190 ------,False,False,2244,,,065/190,095/190,MA,SV4a
,081/67,S9a,,,,Alakazam,1/130,B2,0.0,True,False,False,False,0.0,1.0,2245_jpg.rf.75e96b61a12ea141a34b9560cdc2b70e.jpg#p00#1#2,det,0.695,det,0.94,det,0.953,False,False,2245_jpg.rf.75e96b61a12ea141a34b9560cdc2b70e.jpg,0.962,S9a 081-67 ---,False,False,2245,,,,081/67,,S9a
,048/98,SV10,,,,Alakazam,1/130,B2,0.0,True,False,False,False,0.0,1.0,2245_jpg.rf.75e96b61a12ea141a34b9560cdc2b70e.jpg#p00#3#3,det,0.938,det,0.937,det,0.949,False,False,2245_jpg.rf.75e96b61a12ea141a34b9560cdc2b70e.jpg,0.921,SV10 048-98 -----------,False,False,2245,,,,048/98,,SV10
,017/67,S10P,,017/47,10P,Articuno,17/62,FO,50.0,True,False,False,True,0.0,0.2,2245_jpg.rf.75e96b61a12ea141a34b9560cdc2b70e.jpg#p00#0#0,det,0.954,det,0.926,det,0.934,False,False,2245_jpg.rf.75e96b61a12ea141a34b9560cdc2b70e.jpg,0.913,S10P 017-67 -----,False,False,2245,,,017/47,017/67,10P,S10P
,061/98,S12,I,051/98,,Registeel,51/98,AOR,955.0,True,False,False,False,1.0,0.2,2245_jpg.rf.75e96b61a12ea141a34b9560cdc2b70e.jpg#p00#4#1,template,0.0,det,0.441,template,0.0,False,False,2245_jpg.rf.75e96b61a12ea141a34b9560cdc2b70e.jpg,0.768,S12 061-98 -----,False,False,2245,I,,051/98,061/98,,S12
,120/100,S11,,,,Alakazam,1/130,B2,0.0,True,False,False,False,0.0,1.0,2247_jpg.rf.5359b2831f5230e69cd14af02b538d34.jpg#p00#3#3,template,0.0,template,0.0,template,0.0,False,False,2247_jpg.rf.5359b2831f5230e69cd14af02b538d34.jpg,0.954,S11 120-100 -----VSTAR,False,False,2247,,,,120/100,,S11
,192/187,SV8a,,,,Alakazam,1/130,B2,0.0,True,False,False,False,0.0,1.0,2247_jpg.rf.5359b2831f5230e69cd14af02b538d34.jpg#p00#2#4,det,0.938,det,0.886,det,0.952,False,False,2247_jpg.rf.5359b2831f5230e69cd14af02b538d34.jpg,0.94,SV8a 192-187 -----,False,False,2247,,,,192/187,,SV8a
,167/165,SV2a,,,,Alakazam,1/130,B2,0.0,True,False,False,False,0.0,1.0,2247_jpg.rf.5359b2831f5230e69cd14af02b538d34.jpg#p00#1#1,det,0.949,det,0.933,det,0.956,False,False,2247_jpg.rf.5359b2831f5230e69cd14af02b538d34.jpg,0.932,SV2a 167-165 -----,False,False,2247,,,,167/165,,SV2a
,070/66,SV4K,,,5V4K,Alakazam,1/130,B2,0.0,True,False,False,False,0.0,1.0,2248_jpg.rf.f6055b6e12c20b3913c22fb563f016fc.jpg#p00#2#5,template,0.0,template,0.0,det,0.938,False,False,2248_jpg.rf.f6055b6e12c20b3913c22fb563f016fc.jpg,0.977,SV4K 070-66 -----,False,False,2248,,,,070/66,5V4K,SV4K
,083/73,SV1a,,,,Alakazam,1/130,B2,0.0,True,False,False,False,0.0,1.0,2249_jpg.rf.61e56976b4100a040b641c881db39837.jpg#p00#0#3,template,0.0,template,0.0,template,0.0,False,False,2249_jpg.rf.61e56976b4100a040b641c881db39837.jpg,0.965,SV1a 083-73 -----,False,False,2249,,,,083/73,,SV1a
,015/100,S11,,,,Alakazam,1/130,B2,0.0,True,False,False,False,0.0,1.0,2249_jpg.rf.61e56976b4100a040b641c881db39837.jpg#p00#3#4,template,0.0,template,0.0,template,0.0,False,False,2249_jpg.rf.61e56976b4100a040b641c881db39837.jpg,0.927,S11 015-100 -----,False,False,2249,,,,015/100,,S11
,051/64,SV7a,,,,Alakazam,1/130,B2,0.0,True,False,False,False,0.0,1.0,2249_jpg.rf.61e56976b4100a040b641c881db39837.jpg#p00#1#2,det,0.941,det,0.946,det,0.96,False,False,2249_jpg.rf.61e56976b4100a040b641c881db39837.jpg,0.922,SV7a 051-64 -----ex,False,False,2249,,,,051/64,,SV7a
,096/78,SV1S,,,,Alakazam,1/130,B2,0.0,True,False,False,False,0.0,1.0,2249_jpg.rf.61e56976b4100a040b641c881db39837.jpg#p00#2#1,template,0.0,template,0.0,template,0.0,False,False,2249_jpg.rf.61e56976b4100a040b641c881db39837.jpg,0.899,SV1S 096-78 ------ex,False,False,2249,,,,096/78,,SV1S
,047/63,SV9a,,047/61,190,Diglett,47/102,BS,50.0,True,False,False,False,0.0,0.2,2251_jpg.rf.cec96dde82abb0c6fea1678f74f5bc53.jpg#p00#0#0,det,0.916,det,0.943,det,0.952,False,False,2251_jpg.rf.cec96dde82abb0c6fea1678f74f5bc53.jpg,0.955,SV9a 047-63 ---------,False,False,2251,,,047/61,047/63,190,SV9a
,262/172,S12a,TR,,1120,N,BW100/101,BWP,900.0,True,False,False,False,1.0,1.0,2251_jpg.rf.cec96dde82abb0c6fea1678f74f5bc53.jpg#p00#4#2,det,0.922,det,0.928,det,0.915,False,False,2251_jpg.rf.cec96dde82abb0c6fea1678f74f5bc53.jpg,0.952,S12a 262-172 -----VSTAR,False,False,2251,TR,,,262/172,1120,S12a
,095/187,SV8a,,,,Alakazam,1/130,B2,0.0,True,False,False,False,0.0,1.0,2252_jpg.rf.07cbe184748626a401929f237c1d7ccf.jpg#p00#0#3,template,0.0,det,0.946,det,0.963,False,False,2252_jpg.rf.07cbe184748626a401929f237c1d7ccf.jpg,0.97,SV8a 095-187 -----,False,False,2252,,,,095/187,,SV8a
,140/108,SV3,,,,Alakazam,1/130,B2,0.0,True,False,False,False,0.0,1.0,2252_jpg.rf.07cbe184748626a401929f237c1d7ccf.jpg#p00#2#2,template,0.0,template,0.0,template,0.0,False,False,2252_jpg.rf.07cbe184748626a401929f237c1d7ccf.jpg,0.943,SV3 140-108 ------,False,False,2252,,,,140/108,,SV3
,016/66,SV5a,,016/56,,Pikachu,DP16/56,DPP,75.0,True,False,False,False,0.0,0.2,2252_jpg.rf.07cbe184748626a401929f237c1d7ccf.jpg#p00#3#0,det,0.954,det,0.939,det,0.961,False,False,2252_jpg.rf.07cbe184748626a401929f237c1d7ccf.jpg,0.934,SV5a 016-66 -----,False,False,2252,,,016/56,016/66,,SV5a
,107/108,SV3,,,,Alakazam,1/130,B2,0.0,True,False,False,False,0.0,1.0,2252_jpg.rf.07cbe184748626a401929f237c1d7ccf.jpg#p00#1#1,template,0.0,template,0.0,template,0.0,False,False,2252_jpg.rf.07cbe184748626a401929f237c1d7ccf.jpg,0.884,SV3 107-108 -------,False,False,2252,,,,107/108,,SV3
,092/98,S12,,092/96,02,Rufflet,92/114,STS,50.0,True,False,False,False,0.0,0.2,2254_jpg.rf.323fa8723a119ebd92af25bea8aa5687.jpg#p00#1#4,det,0.956,det,0.933,det,0.952,False,False,2254_jpg.rf.323fa8723a119ebd92af25bea8aa5687.jpg,0.936,S12 092-98 -----,False,False,2254,,,092/96,092/98,02,S12
,023/100,SV9,,073/100,,Psyduck,73/100,SS,75.0,True,False,False,False,0.0,0.16666666666666666,2255_jpg.rf.f0ae4f0db0c4793b2b03984253214c84.jpg#p00#4#4,det,0.949,det,0.939,det,0.96,False,False,2255_jpg.rf.f0ae4f0db0c4793b2b03984253214c84.jpg,0.934,SV9 023-100 -----,False,False,2255,,,073/100,023/100,,SV9
,005/100,S9,,005/160,,Tangrowth,5/160,PRC,75.0,True,False,False,False,0.0,0.16666666666666666,2256_jpg.rf.ccda12fcfc1a83443f61aaa08afdbef4.jpg#p00#1#2,det,0.954,det,0.948,det,0.94,False,False,2256_jpg.rf.ccda12fcfc1a83443f61aaa08afdbef4.jpg,0.962,S9 005-100 -----,False,False,2256,,,005/160,005/100,,S9
,006/100,S11,,,,Alakazam,1/130,B2,0.0,True,False,False,False,0.0,1.0,2256_jpg.rf.ccda12fcfc1a83443f61aaa08afdbef4.jpg#p00#0#1,template,0.0,template,0.0,template,0.0,False,False,2256_jpg.rf.ccda12fcfc1a83443f61aaa08afdbef4.jpg,0.934,S11 006-100 ----,False,False,2256,,,,006/100,,S11
,005/67,S9a,,,,Alakazam,1/130,B2,0.0,True,False,False,False,0.0,1.0,2256_jpg.rf.ccda12fcfc1a83443f61aaa08afdbef4.jpg#p00#2#3,template,0.0,template,0.0,template,0.0,False,False,2256_jpg.rf.ccda12fcfc1a83443f61aaa08afdbef4.jpg,0.924,S9a 005-67 -----,False,False,2256,,,,005/67,,S9a
,057/71,SV2D,,,,Alakazam,1/130,B2,0.0,True,False,False,False,0.0,1.0,2256_jpg.rf.ccda12fcfc1a83443f61aaa08afdbef4.jpg#p00#3#0,det,0.952,det,0.934,det,0.933,False,False,2256_jpg.rf.ccda12fcfc1a83443f61aaa08afdbef4.jpg,0.892,SV2D 057-71 -----,False,False,2256,,,,057/71,,SV2D
,005/100,S9,,005/300,,Beedrill,5/146,XY,50.0,True,False,False,False,0.0,0.16666666666666666,2257_jpg.rf.da12d716fd044d2949b806cb9f18a623.jpg#p00#2#3,det,0.959,det,0.94,det,0.947,False,False,2257_jpg.rf.da12d716fd044d2949b806cb9f18a623.jpg,0.98,S9 005-100 -----,False,False,2257,,,005/300,005/100,,S9
,087/64,SV6a,CR,,5V60,N,BW100/101,BWP,900.0,True,False,False,False,1.0,1.0,2257_jpg.rf.da12d716fd044d2949b806cb9f18a623.jpg#p00#7#5,det,0.936,det,0.925,det,0.945,False,False,2257_jpg.rf.da12d716fd044d2949b806cb9f18a623.jpg,0.963,SV6a 087-64 -----ex,False,False,2257,CR,,,087/64,5V60,SV6a
,042/100,S9,,042/160,,Corphish,42/160,PRC,75.0,True,False,False,False,0.0,0.16666666666666666,2257_jpg.rf.da12d716fd044d2949b806cb9f18a623.jpg#p00#5#0,det,0.622,det,0.949,det,0.921,False,False,2257_jpg.rf.da12d716fd044d2949b806cb9f18a623.jpg,0.952,S9 042-100 ----,False,False,2257,,,042/160,042/100,,S9
,114/100,S11,,,,Alakazam,1/130,B2,0.0,True,False,False,False,0.0,1.0,2259_jpg.rf.35344e155dae0e4a1316842db0c67433.jpg#p00#4#3,det,0.958,det,0.931,det,0.946,False,False,2259_jpg.rf.35344e155dae0e4a1316842db0c67433.jpg,0.965,S11 114-100 ------,False,False,2259,,,,114/100,,S11
,228/190,SV4a,,,SAA,Alakazam,1/130,B2,0.0,True,False,False,False,0.0,1.0,2259_jpg.rf.35344e155dae0e4a1316842db0c67433.jpg#p00#0#0,det,0.954,det,0.933,det,0.959,False,False,2259_jpg.rf.35344e155dae0e4a1316842db0c67433.jpg,0.944,SV4a 228-190 -----,False,False,2259,,,,228/190,SAA,SV4a
,065/100,SV9,,,,Alakazam,1/130,B2,0.0,True,False,False,False,0.0,1.0,2260_jpg.rf.06c82f1b3030a0ca9a9b099b443876c0.jpg#p00#5#2,template,0.0,template,0.0,template,0.0,False,False,2260_jpg.rf.06c82f1b3030a0ca9a9b099b443876c0.jpg,0.97,SV9 065-100 N-----,False,False,2260,,,,065/100,,SV9
,058/68,S11a,OL,,,N,BW100/101,BWP,900.0,True,False,False,False,1.0,1.0,2260_jpg.rf.06c82f1b3030a0ca9a9b099b443876c0.jpg#p00#1#4,det,0.674,template,0.0,template,0.0,False,False,2260_jpg.rf.06c82f1b3030a0ca9a9b099b443876c0.jpg,0.968,S11a 058-68 ----,False,False,2260,OL,,,058/68,,S11a
,036/71,SV2P,,016/71,,Tauros,16/112,RG,50.0,True,False,False,False,0.0,0.2,2260_jpg.rf.06c82f1b3030a0ca9a9b099b443876c0.jpg#p00#0#3,det,0.958,det,0.939,det,0.962,False,False,2260_jpg.rf.06c82f1b3030a0ca9a9b099b443876c0.jpg,0.967,SV2P 036-71 -----,False,False,2260,,,016/71,036/71,,SV2P
,041/71,S10a,,,,Alakazam,1/130,B2,0.0,True,False,False,False,0.0,1.0,2260_jpg.rf.06c82f1b3030a0ca9a9b099b443876c0.jpg#p00#2#5,det,0.942,det,0.906,det,0.498,False,False,2260_jpg.rf.06c82f1b3030a0ca9a9b099b443876c0.jpg,0.965,S10a 041-71 ----,False,False,2260,,,,041/71,,S10a
,081/73,SV1a,LE,,,Mew,8/53,WBP,900.0,True,False,False,False,1.0,1.0,2260_jpg.rf.06c82f1b3030a0ca9a9b099b443876c0.jpg#p00#4#1,template,0.0,template,0.0,template,0.0,False,False,2260_jpg.rf.06c82f1b3030a0ca9a9b099b443876c0.jpg,0.899,SV1a 081-73 ----,False,False,2260,LE,,,081/73,,SV1a
,075/67,S10P,V,,S10P,AZ,91/119,PHF,900.0,True,False,False,True,1.0,1.0,2262_jpg.rf.89689419d07fdf0fc5e50d90288b0b9c.jpg#p00#6#5,det,0.899,det,0.944,det,0.901,False,False,2262_jpg.rf.89689419d07fdf0fc5e50d90288b0b9c.jpg,0.968,S10P 075-67 --- ------V,False,False,2262,V,,,075/67,S10P,S10P
,146/172,S12a,,146/372,,Xerneas-EX,146/146,XY,50.0,True,False,False,False,0.0,0.16666666666666666,2264_jpg.rf.1edc60a9cc308c00a4ef61c34305742e.jpg#p00#2#0,det,0.959,det,0.929,det,0.95,False,False,2264_jpg.rf.1edc60a9cc308c00a4ef61c34305742e.jpg,0.962,S12a 146-172 -----,False,False,2264,,,146/372,146/172,,S12a
,041/71,S10a,,,,Alakazam,1/130,B2,0.0,True,False,False,False,0.0,1.0,2265_jpg.rf.ac2fb3f79a30fb9fd765eb586cacd1cf.jpg#p00#1#1,template,0.0,template,0.0,template,0.0,False,False,2265_jpg.rf.ac2fb3f79a30fb9fd765eb586cacd1cf.jpg,0.952,S10a 041-71 ----,False,False,2265,,,,041/71,,S10a
,031/64,SV7a,,,,Alakazam,1/130,B2,0.0,True,False,False,False,0.0,1.0,2265_jpg.rf.ac2fb3f79a30fb9fd765eb586cacd1cf.jpg#p00#0#0,template,0.0,template,0.0,template,0.0,False,False,2265_jpg.rf.ac2fb3f79a30fb9fd765eb586cacd1cf.jpg,0.936,SV7a 031-64 ------,False,False,2265,,,,031/64,,SV7a
,048/101,SV6,,,,Alakazam,1/130,B2,0.0,True,False,False,False,0.0,1.0,2265_jpg.rf.ac2fb3f79a30fb9fd765eb586cacd1cf.jpg#p00#2#2,template,0.0,template,0.0,template,0.0,False,False,2265_jpg.rf.ac2fb3f79a30fb9fd765eb586cacd1cf.jpg,0.867,SV6 048-101 -----,False,False,2265,,,,048/101,,SV6
,042/64,SV6a,,,,,,,0.0,False,False,False,False,0.0,1.0,,missing,0.0,missing,0.0,missing,0.0,False,False,2265_jpg.rf.ac2fb3f79a30fb9fd765eb586cacd1cf.jpg,0.0,SV6a 042-64 ------,False,False,2265,,,,042/64,,SV6a
,069/100,S9,,,,Alakazam,1/130,B2,0.0,True,False,False,False,0.0,1.0,2266_jpg.rf.0859cacea622530fc65b23377d33be25.jpg#p00#0#2,template,0.0,template,0.0,template,0.0,False,False,2266_jpg.rf.0859cacea622530fc65b23377d33be25.jpg,0.954,S9 069-100 ---,False,False,2266,,,,069/100,,S9
,054/67,S9a,,,,Alakazam,1/130,B2,0.0,True,False,False,False,0.0,1.0,2266_jpg.rf.0859cacea622530fc65b23377d33be25.jpg#p00#2#4,det,0.6,template,0.0,template,0.0,False,False,2266_jpg.rf.0859cacea622530fc65b23377d33be25.jpg,0.899,S9a 054-67 -----V,False,False,2266,,,,054/67,,S9a
,096/71,SV2P,,,,Alakazam,1/130,B2,0.0,True,False,False,False,0.0,1.0,2266_jpg.rf.0859cacea622530fc65b23377d33be25.jpg#p00#5#3,template,0.0,template,0.0,template,0.0,False,False,2266_jpg.rf.0859cacea622530fc65b23377d33be25.jpg,0.863,SV2P 096-71 ----,False,False,2266,,,,096/71,,SV2P
,025/64,SV6a,,,,,,,0.0,False,False,False,False,0.0,1.0,,missing,0.0,missing,0.0,missing,0.0,False,False,2266_jpg.rf.0859cacea622530fc65b23377d33be25.jpg,0.0,SV6a 025-64 ---- ----,False,False,2266,,,,025/64,,SV6a
,017/68,S11a,,,SID,Alakazam,1/130,B2,0.0,True,False,False,False,0.0,1.0,2267_jpg.rf.6b10b91a7a2524e8c300e980dabca110.jpg#p00#1#1,det,0.936,det,0.949,det,0.926,False,False,2267_jpg.rf.6b10b91a7a2524e8c300e980dabca110.jpg,0.96,S11a 017-68 -----,False,False,2267,,,,017/68,SID,S11a
,025/66,SV5a,,,,Alakazam,1/130,B2,0.0,True,False,False,False,0.0,1.0,2267_jpg.rf.6b10b91a7a2524e8c300e980dabca110.jpg#p00#0#2,template,0.0,template,0.0,template,0.0,False,False,2267_jpg.rf.6b10b91a7a2524e8c300e980dabca110.jpg,0.953,SV5a 025-66 ---,False,False,2267,,,,025/66,,SV5a
,082/71,SV2D,,,,Alakazam,1/130,B2,0.0,True,False,False,False,0.0,1.0,2267_jpg.rf.6b10b91a7a2524e8c300e980dabca110.jpg#p00#3#3,det,0.594,det,0.918,det,0.948,False,False,2267_jpg.rf.6b10b91a7a2524e8c300e980dabca110.jpg,0.904,SV2D 082-71 -----,False,False,2267,,,,082/71,,SV2D
,053/165,SV2a,,,,Alakazam,1/130,B2,0.0,True,False,False,False,0.0,1.0,2267_jpg.rf.6b10b91a7a2524e8c300e980dabca110.jpg#p00#2#0,template,0.0,template,0.0,template,0.0,False,False,2267_jpg.rf.6b10b91a7a2524e8c300e980dabca110.jpg,0.839,SV2a 053-165 -----,False,False,2267,,,,053/165,,SV2a
,124/108,SV3,,,,Alakazam,1/130,B2,0.0,True,False,False,False,0.0,1.0,2268_jpg.rf.e4172a18dc8d68a32a6ec557cebaf9db.jpg#p00#0#2,template,0.0,template,0.0,template,0.0,False,False,2268_jpg.rf.e4172a18dc8d68a32a6ec557cebaf9db.jpg,0.974,SV3 124-108 -----ex,False,False,2268,,,,124/108,,SV3
,174/187,SV8a,g oA,,,Koga,19/132,G2,900.0,True,False,False,False,1.0,1.0,2268_jpg.rf.e4172a18dc8d68a32a6ec557cebaf9db.jpg#p00#1#3,det,0.759,template,0.0,template,0.0,False,False,2268_jpg.rf.e4172a18dc8d68a32a6ec557cebaf9db.jpg,0.965,SV8a 174-187 ---------,False,False,2268,g oA,,,174/187,,SV8a
,038/187,SV8a,,083/100,,Wailmer,83/100,SS,75.0,True,False,False,False,0.0,0.6666666666666666,2268_jpg.rf.e4172a18dc8d68a32a6ec557cebaf9db.jpg#p00#3#0,det,0.929,det,0.937,det,0.959,False,False,2268_jpg.rf.e4172a18dc8d68a32a6ec557cebaf9db.jpg,0.914,SV8a 038-187 -----,False,False,2268,,,083/100,038/187,,SV8a
,083/187,SV8a,,,,Alakazam,1/130,B2,0.0,True,False,False,False,0.0,1.0,2269_jpg.rf.fe9dee33ca2a8e81aa31145f136e4721.jpg#p00#3#1,det,0.942,det,0.946,det,0.966,False,False,2269_jpg.rf.fe9dee33ca2a8e81aa31145f136e4721.jpg,0.951,SV8a 083-187 -----,False,False,2269,,,,083/187,,SV8a
,348/190,SV4a,C,,,AZ,91/119,PHF,900.0,True,False,False,False,1.0,1.0,2269_jpg.rf.fe9dee33ca2a8e81aa31145f136e4721.jpg#p00#4#2,template,0.0,template,0.0,template,0.0,False,False,2269_jpg.rf.fe9dee33ca2a8e81aa31145f136e4721.jpg,0.93,SV4a 348-190 -----ex,False,False,2269,C,,,348/190,,SV4a
,032/67,S10P,,,,Alakazam,1/130,B2,0.0,True,False,False,False,0.0,1.0,2269_jpg.rf.fe9dee33ca2a8e81aa31145f136e4721.jpg#p00#1#4,template,0.0,template,0.0,template,0.0,False,False,2269_jpg.rf.fe9dee33ca2a8e81aa31145f136e4721.jpg,0.901,S10P 032-67 -----,False,False,2269,,,,032/67,,S10P
,082/108,SV3,,,,,,,0.0,False,False,False,False,0.0,1.0,,missing,0.0,missing,0.0,missing,0.0,False,False,2269_jpg.rf.fe9dee33ca2a8e81aa31145f136e4721.jpg,0.0,SV3 082-108 -----,False,False,2269,,,,082/108,,SV3
,094/73,SV1a,,,,Alakazam,1/130,B2,0.0,True,False,False,False,0.0,1.0,2271_jpg.rf.08a2bc14c627f5d5ad17f4c5e35fcd7c.jpg#p00#6#0,det,0.958,det,0.941,det,0.951,False,False,2271_jpg.rf.08a2bc14c627f5d5ad17f4c5e35fcd7c.jpg,0.978,SV1a 094-73 ---,False,False,2271,,,,094/73,,SV1a
,128/187,SV8a,,128/167,5480,Dreepy,128/167,TWM,75.0,True,False,False,False,0.0,0.16666666666666666,2271_jpg.rf.08a2bc14c627f5d5ad17f4c5e35fcd7c.jpg#p00#2#2,det,0.918,det,0.951,det,0.968,False,False,2271_jpg.rf.08a2bc14c627f5d5ad17f4c5e35fcd7c.jpg,0.974,SV8a 128-187 -----,False,False,2271,,,128/167,128/187,5480,SV8a
,022/63,SV9a,,,,Alakazam,1/130,B2,0.0,True,False,False,False,0.0,1.0,2272_jpg.rf.0df5666d477d2482fe9d4d796e161e7f.jpg#p00#1#3,template,0.0,template,0.0,template,0.0,False,False,2272_jpg.rf.0df5666d477d2482fe9d4d796e161e7f.jpg,0.95,SV9a 022-63 --------,False,False,2272,,,,022/63,,SV9a
,017/101,SV6,,,,Alakazam,1/130,B2,0.0,True,False,False,False,0.0,1.0,2272_jpg.rf.0df5666d477d2482fe9d4d796e161e7f.jpg#p00#2#0,det,0.465,template,0.0,template,0.0,False,False,2272_jpg.rf.0df5666d477d2482fe9d4d796e161e7f.jpg,0.947,SV6 017-101 -----,False,False,2272,,,,017/101,,SV6
,015/98,S12,,015/90,12,Honchkrow,15/90,UD,75.0,True,False,False,True,0.0,0.2,2272_jpg.rf.0df5666d477d2482fe9d4d796e161e7f.jpg#p00#0#1,det,0.945,det,0.933,det,0.936,False,False,2272_jpg.rf.0df5666d477d2482fe9d4d796e161e7f.jpg,0.941,S12 015-98 ----,False,False,2272,,,015/90,015/98,12,S12
,023/165,SV2a,,,,Alakazam,1/130,B2,0.0,True,False,False,False,0.0,1.0,2272_jpg.rf.0df5666d477d2482fe9d4d796e161e7f.jpg#p00#3#2,template,0.0,template,0.0,template,0.0,False,False,2272_jpg.rf.0df5666d477d2482fe9d4d796e161e7f.jpg,0.922,SV2a 023-165 ---,False,False,2272,,,,023/165,,SV2a
,020/106,SV8,,029/306,,Helioptile,29/119,PHF,50.0,True,False,False,False,0.0,0.3333333333333333,2274_jpg.rf.8b4f6638fcefb1f6057c25b87cbab007.jpg#p00#2#3,det,0.962,det,0.944,det,0.966,False,False,2274_jpg.rf.8b4f6638fcefb1f6057c25b87cbab007.jpg,0.985,SV8 020-106 ----,False,False,2274,,,029/306,020/106,,SV8
,008/100,S11,,009/100,,Mewtwo,9/100,MD,75.0,True,False,False,False,0.0,0.16666666666666666,2274_jpg.rf.8b4f6638fcefb1f6057c25b87cbab007.jpg#p00#3#1,det,0.951,det,0.936,det,0.926,False,False,2274_jpg.rf.8b4f6638fcefb1f6057c25b87cbab007.jpg,0.96,S11 008-100 -----,False,False,2274,,,009/100,008/100,,S11
,114/100,S9,,,,Alakazam,1/130,B2,0.0,True,False,False,False,0.0,1.0,2277_jpg.rf.fc7be97c49c824403044e0a1649033ac.jpg#p00#5#2,det,0.898,det,0.95,det,0.886,False,False,2277_jpg.rf.fc7be97c49c824403044e0a1649033ac.jpg,0.931,S9 114-100 ------,False,False,2277,,,,114/100,,S9
,095/187,SV8a,,695/857,1X80,Alakazam,1/130,B2,0.0,True,False,False,False,0.0,0.5,2278_jpg.rf.bc0d67b5f7da01b900ca743a928afcb9.jpg#p00#3#8,template,0.0,det,0.948,det,0.961,False,False,2278_jpg.rf.bc0d67b5f7da01b900ca743a928afcb9.jpg,0.971,SV8a 095-187 -----,False,False,2278,,,695/857,095/187,1X80,SV8a
,028/62,SV3a,,928/62,,Articuno,17/62,FO,25.0,True,False,False,False,0.0,0.2,2278_jpg.rf.bc0d67b5f7da01b900ca743a928afcb9.jpg#p00#7#2,det,0.942,det,0.929,det,0.954,False,False,2278_jpg.rf.bc0d67b5f7da01b900ca743a928afcb9.jpg,0.957,SV3a 028-62 ----,False,False,2278,,,928/62,028/62,,SV3a
,038/71,SV2D,,098/71,,Mew,BW98/101,BWP,50.0,True,False,False,False,0.0,0.2,2280_jpg.rf.a90142735b453f83905aab5d5281ec53.jpg#p00#3#0,det,0.952,det,0.923,det,0.958,False,False,2280_jpg.rf.a90142735b453f83905aab5d5281ec53.jpg,0.946,SV2D 038-71 -----,False,False,2280,,,098/71,038/71,,SV2D
,075/67,S10P,V,,10P,AZ,91/119,PHF,900.0,True,False,False,True,1.0,1.0,2281_jpg.rf.2dc52f9aed1472dabfef8b80b706e9cd.jpg#p00#2#0,det,0.89,det,0.934,det,0.897,False,False,2281_jpg.rf.2dc52f9aed1472dabfef8b80b706e9cd.jpg,0.964,S10P 075-67 --- ------V,False,False,2281,V,,,075/67,10P,S10P
,111/102,SV7,,175/102,,Larry's Komala,175/217,ASC,50.0,True,False,False,False,0.0,0.3333333333333333,2282_jpg.rf.a55f72985e0791227ee8e0e1820c80bd.jpg#p00#6#1,template,0.0,det,0.941,det,0.94,False,False,2282_jpg.rf.a55f72985e0791227ee8e0e1820c80bd.jpg,0.976,SV7 111-102 ----,False,False,2282,,,175/102,111/102,,SV7
,348/190,SV4a,,,,Alakazam,1/130,B2,0.0,True,False,False,False,0.0,1.0,2284_jpg.rf.1a580882c400a40279cc02edc43e4a47.jpg#p00#3#1,template,0.0,template,0.0,template,0.0,False,False,2284_jpg.rf.1a580882c400a40279cc02edc43e4a47.jpg,0.96,SV4a 348-190 -----ex,False,False,2284,,,,348/190,,SV4a
,262/172,S12a,,,,Alakazam,1/130,B2,0.0,True,False,False,False,0.0,1.0,2284_jpg.rf.1a580882c400a40279cc02edc43e4a47.jpg#p00#0#0,template,0.0,template,0.0,template,0.0,False,False,2284_jpg.rf.1a580882c400a40279cc02edc43e4a47.jpg,0.95,S12a 262-172 -----VSTAR,False,False,2284,,,,262/172,,S12a
,004/22,SVLN,,,,Alakazam,1/130,B2,0.0,True,False,False,False,0.0,1.0,2284_jpg.rf.1a580882c400a40279cc02edc43e4a47.jpg#p00#5#3,template,0.0,template,0.0,template,0.0,False,False,2284_jpg.rf.1a580882c400a40279cc02edc43e4a47.jpg,0.946,SVLN 004-22 ----,False,False,2284,,,,004/22,,SVLN
,206/190,SV4a,,,,Alakazam,1/130,B2,0.0,True,False,False,False,0.0,1.0,2284_jpg.rf.1a580882c400a40279cc02edc43e4a47.jpg#p00#4#5,template,0.0,template,0.0,template,0.0,False,False,2284_jpg.rf.1a580882c400a40279cc02edc43e4a47.jpg,0.939,SV4a 206-190 -----,False,False,2284,,,,206/190,,SV4a
,081/67,S9a,Tavaa050,,,Carvanha,35/203,EVS,500.0,True,False,False,False,1.0,1.0,2284_jpg.rf.1a580882c400a40279cc02edc43e4a47.jpg#p00#1#2,det,0.663,template,0.0,template,0.0,False,False,2284_jpg.rf.1a580882c400a40279cc02edc43e4a47.jpg,0.925,S9a 081-67 ---,False,False,2284,Tavaa050,,,081/67,,S9a
,007/78,SV1V,,,,Alakazam,1/130,B2,0.0,True,False,False,False,0.0,1.0,2284_jpg.rf.1a580882c400a40279cc02edc43e4a47.jpg#p00#2#4,template,0.0,template,0.0,template,0.0,False,False,2284_jpg.rf.1a580882c400a40279cc02edc43e4a47.jpg,0.915,SV1V 007-78 ------,False,False,2284,,,,007/78,,SV1V
,053/165,SV2a,,,,Alakazam,1/130,B2,0.0,True,False,False,False,0.0,1.0,2288_jpg.rf.02cfb1430c56b1eb56341d3d60dd78fe.jpg#p00#4#0,det,0.94,det,0.949,det,0.967,False,False,2288_jpg.rf.02cfb1430c56b1eb56341d3d60dd78fe.jpg,0.965,SV2a 053-165 -----,False,False,2288,,,,053/165,,SV2a
,116/108,SV3,,,,Alakazam,1/130,B2,0.0,True,False,False,False,0.0,1.0,2288_jpg.rf.02cfb1430c56b1eb56341d3d60dd78fe.jpg#p00#1#2,template,0.0,template,0.0,template,0.0,False,False,2288_jpg.rf.02cfb1430c56b1eb56341d3d60dd78fe.jpg,0.962,SV3 116-108 ----,False,False,2288,,,,116/108,,SV3
,070/78,SV1V,mpnz os c,,,N,96/108,DEX,880.0,True,False,False,False,1.0,1.0,2288_jpg.rf.02cfb1430c56b1eb56341d3d60dd78fe.jpg#p00#2#3,template,0.0,template,0.0,template,0.0,False,False,2288_jpg.rf.02cfb1430c56b1eb56341d3d60dd78fe.jpg,0.943,SV1V 070-78 -------,False,False,2288,mpnz os c,,,070/78,,SV1V
,038/100,S9,,,,Alakazam,1/130,B2,0.0,True,False,False,False,0.0,1.0,2288_jpg.rf.02cfb1430c56b1eb56341d3d60dd78fe.jpg#p00#3#1,template,0.0,template,0.0,template,0.0,False,False,2288_jpg.rf.02cfb1430c56b1eb56341d3d60dd78fe.jpg,0.942,S9 038-100 ----,False,False,2288,,,,038/100,,S9
,123/100,S9,,221/703,,Ethan's Adventure,221/182,DRI,50.0,True,False,False,False,0.0,0.6666666666666666,2288_jpg.rf.02cfb1430c56b1eb56341d3d60dd78fe.jpg#p00#6#4,det,0.915,det,0.928,template,0.0,False,False,2288_jpg.rf.02cfb1430c56b1eb56341d3d60dd78fe.jpg,0.897,S9 123-100 ---------,False,False,2288,,,221/703,123/100,,S9
,039/67,S10P,EO68y,,,Peony,197/198,CRE,600.0,True,False,False,False,1.0,1.0,2291_jpg.rf.2b8c80baca20cb6027b24e3cfd13564b.jpg#p00#2#0,template,0.0,template,0.0,template,0.0,False,False,2291_jpg.rf.2b8c80baca20cb6027b24e3cfd13564b.jpg,0.949,S10P 039-67 --- ------,False,False,2291,EO68y,,,039/67,,S10P
,321/190,SV4a,,,,Alakazam,1/130,B2,0.0,True,False,False,False,0.0,1.0,2291_jpg.rf.2b8c80baca20cb6027b24e3cfd13564b.jpg#p00#1#3,det,0.485,det,0.874,template,0.0,False,False,2291_jpg.rf.2b8c80baca20cb6027b24e3cfd13564b.jpg,0.933,SV4a 321-190 ------ex,False,False,2291,,,,321/190,,SV4a
,108/165,SV2a,,,,Alakazam,1/130,B2,0.0,True,False,False,False,0.0,1.0,2291_jpg.rf.2b8c80baca20cb6027b24e3cfd13564b.jpg#p00#3#4,template,0.0,template,0.0,template,0.0,False,False,2291_jpg.rf.2b8c80baca20cb6027b24e3cfd13564b.jpg,0.91,SV2a 108-165 -----,False,False,2291,,,,108/165,,SV2a
,083/67,S9a,,001/102,,Alakazam,1/102,BS,75.0,True,False,False,False,0.0,1.0,2291_jpg.rf.2b8c80baca20cb6027b24e3cfd13564b.jpg#p00#4#2,template,0.0,template,0.0,template,0.0,False,False,2291_jpg.rf.2b8c80baca20cb6027b24e3cfd13564b.jpg,0.881,S9a 083-67 -----V,False,False,2291,,,001/102,083/67,,S9a
,262/172,S12a,VR,202/472,32D,N,BW100/101,BWP,900.0,True,False,False,False,1.0,0.3333333333333333,2292_jpg.rf.705c30890d621a0270813c6bb5daa83b.jpg#p00#3#2,det,0.926,det,0.938,det,0.83,False,False,2292_jpg.rf.705c30890d621a0270813c6bb5daa83b.jpg,0.95,S12a 262-172 -----VSTAR,False,False,2292,VR,,202/472,262/172,32D,S12a
,032/64,SV7a,,,W3,Alakazam,1/130,B2,0.0,True,False,False,False,0.0,1.0,2292_jpg.rf.705c30890d621a0270813c6bb5daa83b.jpg#p00#0#0,det,0.944,det,0.939,det,0.95,False,False,2292_jpg.rf.705c30890d621a0270813c6bb5daa83b.jpg,0.935,SV7a 032-64 ----,False,False,2292,,,,032/64,W3,SV7a
,116/108,SV3,,011/608,,Simisage,11/146,XY,50.0,True,False,False,False,0.0,0.3333333333333333,2293_jpg.rf.7a9762ca092dc98c529ddf96563cae98.jpg#p00#1#2,det,0.956,det,0.938,det,0.954,False,False,2293_jpg.rf.7a9762ca092dc98c529ddf96563cae98.jpg,0.986,SV3 116-108 ----,False,False,2293,,,011/608,116/108,,SV3
,012/101,SV6,,612/101,,Beldum,29/101,HL,25.0,True,False,False,False,0.0,0.16666666666666666,2293_jpg.rf.7a9762ca092dc98c529ddf96563cae98.jpg#p00#4#6,det,0.943,det,0.936,det,0.964,False,False,2293_jpg.rf.7a9762ca092dc98c529ddf96563cae98.jpg,0.972,SV6 012-101 -----,False,False,2293,,,612/101,012/101,,SV6
,069/100,SV9,EX,,,Mew,8/53,WBP,900.0,True,False,False,False,1.0,1.0,2293_jpg.rf.7a9762ca092dc98c529ddf96563cae98.jpg#p00#6#4,det,0.936,det,0.951,det,0.961,False,False,2293_jpg.rf.7a9762ca092dc98c529ddf96563cae98.jpg,0.961,SV9 069-100 --------ex,False,False,2293,EX,,,069/100,,SV9
,053/165,SV2a,,,,Alakazam,1/130,B2,0.0,True,False,False,False,0.0,1.0,2296_jpg.rf.b52578c77959c32d00d80d9f86d6f455.jpg#p00#1#1,template,0.0,template,0.0,template,0.0,False,False,2296_jpg.rf.b52578c77959c32d00d80d9f86d6f455.jpg,0.958,SV2a 053-165 -----,False,False,2296,,,,053/165,,SV2a
,025/67,S9a,,,,Alakazam,1/130,B2,0.0,True,False,False,False,0.0,1.0,2296_jpg.rf.b52578c77959c32d00d80d9f86d6f455.jpg#p00#3#2,det,0.95,det,0.937,det,0.935,False,False,2296_jpg.rf.b52578c77959c32d00d80d9f86d6f455.jpg,0.951,S9a 025-67 -----,False,False,2296,,,,025/67,,S9a
,017/101,SV6,,,,Alakazam,1/130,B2,0.0,True,False,False,False,0.0,1.0,2296_jpg.rf.b52578c77959c32d00d80d9f86d6f455.jpg#p00#2#0,template,0.0,template,0.0,template,0.0,False,False,2296_jpg.rf.b52578c77959c32d00d80d9f86d6f455.jpg,0.931,SV6 017-101 -----,False,False,2296,,,,017/101,,SV6
,075/67,S10P,C,,,AZ,91/119,PHF,900.0,True,False,False,False,1.0,1.0,2296_jpg.rf.b52578c77959c32d00d80d9f86d6f455.jpg#p00#0#3,template,0.0,template,0.0,template,0.0,False,False,2296_jpg.rf.b52578c77959c32d00d80d9f86d6f455.jpg,0.925,S10P 075-67 --- ------V,False,False,2296,C,,,075/67,,S10P
,022/22,SVLS,,,,,,,0.0,False,False,False,False,0.0,1.0,,missing,0.0,missing,0.0,missing,0.0,False,False,2296_jpg.rf.b52578c77959c32d00d80d9f86d6f455.jpg,0.0,SVLS 022-22 -----,False,False,2296,,,,022/22,,SVLS
,090/106,SV8,,,,,,,0.0,False,False,False,False,0.0,1.0,,missing,0.0,missing,0.0,missing,0.0,False,False,2296_jpg.rf.b52578c77959c32d00d80d9f86d6f455.jpg,0.0,SV8 090-106 ------,False,False,2296,,,,090/106,,SV8
,027/98,SV10,,022/2,,Mr. Mime,22/64,JU,50.0,True,False,False,False,0.0,0.6,2298_jpg.rf.e0fb8284d0032c73267125d8bbbd5929.jpg#p00#3#1,det,0.933,det,0.936,det,0.957,False,False,2298_jpg.rf.e0fb8284d0032c73267125d8bbbd5929.jpg,0.945,SV10 027-98 -----,False,False,2298,,,022/2,027/98,,SV10
,083/71,SV2D,,,SY2D,Alakazam,1/130,B2,0.0,True,False,False,False,0.0,1.0,2299_jpg.rf.44a56f8f5b0f45dab1bf64c5f22f30b1.jpg#p00#2#1,det,0.955,det,0.934,det,0.94,False,False,2299_jpg.rf.44a56f8f5b0f45dab1bf64c5f22f30b1.jpg,0.957,SV2D 083-71 -----,False,False,2299,,,,083/71,SY2D,SV2D
,043/64,SV7a,,,,Alakazam,1/130,B2,0.0,True,False,False,False,0.0,1.0,2300_jpg.rf.8dc13aa00af39160273fc73ce15c3ea8.jpg#p00#2#1,template,0.0,template,0.0,template,0.0,False,False,2300_jpg.rf.8dc13aa00af39160273fc73ce15c3ea8.jpg,0.961,SV7a 043-64 ----,False,False,2300,,,,043/64,,SV7a
,053/165,SV2a,,,,Alakazam,1/130,B2,0.0,True,False,False,False,0.0,1.0,2300_jpg.rf.8dc13aa00af39160273fc73ce15c3ea8.jpg#p00#0#2,template,0.0,template,0.0,template,0.0,False,False,2300_jpg.rf.8dc13aa00af39160273fc73ce15c3ea8.jpg,0.958,SV2a 053-165 -----,False,False,2300,,,,053/165,,SV2a
,095/187,SV8a,,,COTA,Alakazam,1/130,B2,0.0,True,False,False,False,0.0,1.0,2300_jpg.rf.8dc13aa00af39160273fc73ce15c3ea8.jpg#p00#1#0,template,0.0,det,0.95,det,0.954,False,False,2300_jpg.rf.8dc13aa00af39160273fc73ce15c3ea8.jpg,0.877,SV8a 095-187 -----,False,False,2300,,,,095/187,COTA,SV8a
,024/44,SVK,,,,,,,0.0,False,False,False,False,0.0,1.0,,missing,0.0,missing,0.0,missing,0.0,False,False,2300_jpg.rf.8dc13aa00af39160273fc73ce15c3ea8.jpg,0.0,SVK 024-44 --------,False,False,2300,,,,024/44,,SVK
,016/64,SV6a,,,,Alakazam,1/130,B2,0.0,True,False,False,False,0.0,1.0,2302_jpg.rf.64b2eacf81ccdfaa885d35b10389d929.jpg#p00#3#0,template,0.0,template,0.0,template,0.0,False,False,2302_jpg.rf.64b2eacf81ccdfaa885d35b10389d929.jpg,0.961,SV6a 016-64 ----,False,False,2302,,,,016/64,,SV6a
,047/102,SV7,,,,Alakazam,1/130,B2,0.0,True,False,False,False,0.0,1.0,2302_jpg.rf.64b2eacf81ccdfaa885d35b10389d929.jpg#p00#4#3,template,0.0,template,0.0,template,0.0,False,False,2302_jpg.rf.64b2eacf81ccdfaa885d35b10389d929.jpg,0.946,SV7 047-102 ------,False,False,2302,,,,047/102,,SV7
,037/108,SV3,,,,Alakazam,1/130,B2,0.0,True,False,False,False,0.0,1.0,2302_jpg.rf.64b2eacf81ccdfaa885d35b10389d929.jpg#p00#1#2,template,0.0,template,0.0,template,0.0,False,False,2302_jpg.rf.64b2eacf81ccdfaa885d35b10389d929.jpg,0.936,SV3 037-108 ----,False,False,2302,,,,037/108,,SV3
,054/172,S12a,,,,Alakazam,1/130,B2,0.0,True,False,False,False,0.0,1.0,2302_jpg.rf.64b2eacf81ccdfaa885d35b10389d929.jpg#p00#2#4,template,0.0,det,0.433,template,0.0,False,False,2302_jpg.rf.64b2eacf81ccdfaa885d35b10389d929.jpg,0.899,S12a 054-172 ---VMAX,False,False,2302,,,,054/172,,S12a
,061/106,SV8,,041/105,,Heracross,41/105,N4,75.0,True,False,False,False,0.0,0.3333333333333333,2303_jpg.rf.04a9846362a437448d2e72cc6a71bdb8.jpg#p00#1#0,det,0.955,det,0.939,det,0.964,False,False,2303_jpg.rf.04a9846362a437448d2e72cc6a71bdb8.jpg,0.953,SV8 061-106 -----,False,False,2303,,,041/105,061/106,,SV8
,013/98,S12,,,DA,Alakazam,1/130,B2,0.0,True,False,False,False,0.0,1.0,2303_jpg.rf.04a9846362a437448d2e72cc6a71bdb8.jpg#p00#2#1,det,0.953,det,0.929,det,0.925,False,False,2303_jpg.rf.04a9846362a437448d2e72cc6a71bdb8.jpg,0.942,S12 013-98 ----,False,False,2303,,,,013/98,DA,S12
,217/187,SV8a,,,,Alakazam,1/130,B2,0.0,True,False,False,False,0.0,1.0,2303_jpg.rf.04a9846362a437448d2e72cc6a71bdb8.jpg#p00#0#2,template,0.0,template,0.0,template,0.0,False,False,2303_jpg.rf.04a9846362a437448d2e72cc6a71bdb8.jpg,0.932,SV8a 217-187 -----ex,False,False,2303,,,,217/187,,SV8a
,083/98,SV10,,,,Alakazam,1/130,B2,0.0,True,False,False,False,0.0,1.0,2303_jpg.rf.04a9846362a437448d2e72cc6a71bdb8.jpg#p00#3#3,template,0.0,template,0.0,template,0.0,False,False,2303_jpg.rf.04a9846362a437448d2e72cc6a71bdb8.jpg,0.918,SV10 083-98 ----------Z,False,False,2303,,,,083/98,,SV10
,037/100,S11,,,,,,,0.0,False,False,False,False,0.0,1.0,,missing,0.0,missing,0.0,missing,0.0,False,False,2303_jpg.rf.04a9846362a437448d2e72cc6a71bdb8.jpg,0.0,S11 037-100 ---V,False,False,2303,,,,037/100,,S11
,051/172,S12a,Sュ7—VSTAR,,012J,Arceus VSTAR,SWSH307/307,SWSHP,1000.0,True,False,False,False,1.0,1.0,2304_jpg.rf.369c8708d01c2c892f4f9419f4548dee.jpg#p00#6#3,template,0.0,det,0.922,det,0.721,False,False,2304_jpg.rf.369c8708d01c2c892f4f9419f4548dee.jpg,0.979,S12a 051-172 -----VSTAR,False,False,2304,Sュ7—VSTAR,,,051/172,012J,S12a
,117/98,S12,STAR,112/707,312,Starly,110/159,CRZ,1015.0,True,False,False,False,1.0,0.6,2304_jpg.rf.369c8708d01c2c892f4f9419f4548dee.jpg#p00#5#8,det,0.898,det,0.923,det,0.935,False,False,2304_jpg.rf.369c8708d01c2c892f4f9419f4548dee.jpg,0.971,S12 117-98 -----VSTAR,False,False,2304,STAR,,112/707,117/98,312,S12
,091/66,SV4K,,,,Alakazam,1/130,B2,0.0,True,False,False,False,0.0,1.0,2304_jpg.rf.369c8708d01c2c892f4f9419f4548dee.jpg#p00#2#1,det,0.924,det,0.922,det,0.955,False,False,2304_jpg.rf.369c8708d01c2c892f4f9419f4548dee.jpg,0.963,SV4K 091-66 ---------,False,False,2304,,,,091/66,,SV4K
,081/68,S11a,,,GN,Alakazam,1/130,B2,0.0,True,False,False,False,0.0,1.0,2305_jpg.rf.156a37557ce4f5c2f54634ca09da7b8c.jpg#p00#5#5,det,0.95,det,0.944,det,0.909,False,False,2305_jpg.rf.156a37557ce4f5c2f54634ca09da7b8c.jpg,0.982,S11a 081-68 ---,False,False,2305,,,,081/68,GN,S11a
,022/172,S12a,,022/122,1312,Shellder,22/122,BKP,75.0,True,False,False,False,0.0,0.16666666666666666,2305_jpg.rf.156a37557ce4f5c2f54634ca09da7b8c.jpg#p00#8#6,det,0.961,det,0.936,det,0.921,False,False,2305_jpg.rf.156a37557ce4f5c2f54634ca09da7b8c.jpg,0.965,S12a 022-172 -----,False,False,2305,,,022/122,022/172,1312,S12a
,015/100,S11,y2,,,N,BW100/101,BWP,900.0,True,False,False,False,1.0,1.0,2306_jpg.rf.ae3974d8d8ef7d078ab14b711cacfb2f.jpg#p00#0#0,template,0.0,template,0.0,template,0.0,False,False,2306_jpg.rf.ae3974d8d8ef7d078ab14b711cacfb2f.jpg,0.957,S11 015-100 -----,False,False,2306,y2,,,015/100,,S11
,114/100,S9,,,,Alakazam,1/130,B2,0.0,True,False,False,False,0.0,1.0,2306_jpg.rf.ae3974d8d8ef7d078ab14b711cacfb2f.jpg#p00#2#1,template,0.0,template,0.0,template,0.0,False,False,2306_jpg.rf.ae3974d8d8ef7d078ab14b711cacfb2f.jpg,0.909,S9 114-100 ------,False,False,2306,,,,114/100,,S9
,071/172,S12a,t0,,,N,BW100/101,BWP,900.0,True,False,False,False,1.0,1.0,2306_jpg.rf.ae3974d8d8ef7d078ab14b711cacfb2f.jpg#p00#3#2,det,0.564,template,0.0,template,0.0,False,False,2306_jpg.rf.ae3974d8d8ef7d078ab14b711cacfb2f.jpg,0.842,S12a 071-172 -----V,False,False,2306,t0,,,071/172,,S12a
,029/78,SV1S,,,,Alakazam,1/130,B2,0.0,True,False,False,False,0.0,1.0,2307_jpg.rf.30985853f7713b39ca90c1e1880ca433.jpg#p00#0#3,template,0.0,template,0.0,template,0.0,False,False,2307_jpg.rf.30985853f7713b39ca90c1e1880ca433.jpg,0.954,SV1S 029-78 ----,False,False,2307,,,,029/78,,SV1S
,022/108,SV3,,622/164,,Alakazam,1/130,B2,0.0,True,False,False,False,0.0,0.5,2307_jpg.rf.30985853f7713b39ca90c1e1880ca433.jpg#p00#3#4,det,0.911,det,0.935,det,0.952,False,False,2307_jpg.rf.30985853f7713b39ca90c1e1880ca433.jpg,0.916,SV3 022-108 -----,False,False,2307,,,622/164,022/108,,SV3
,019/66,SV5a,,,,Alakazam,1/130,B2,0.0,True,False,False,False,0.0,1.0,2307_jpg.rf.30985853f7713b39ca90c1e1880ca433.jpg#p00#5#0,det,0.926,template,0.0,template,0.0,False,False,2307_jpg.rf.30985853f7713b39ca90c1e1880ca433.jpg,0.766,SV5a 019-66 ----,False,False,2307,,,,019/66,,SV5a
,072/101,SV6,,,,,,,0.0,False,False,False,False,0.0,1.0,,missing,0.0,missing,0.0,missing,0.0,False,False,2307_jpg.rf.30985853f7713b39ca90c1e1880ca433.jpg,0.0,SV6 072-101 -----,False,False,2307,,,,072/101,,SV6
,081/102,SV7,,,,,,,0.0,False,False,False,False,0.0,1.0,,missing,0.0,missing,0.0,missing,0.0,False,False,2307_jpg.rf.30985853f7713b39ca90c1e1880ca433.jpg,0.0,SV7 081-102 -----,False,False,2307,,,,081/102,,SV7
,032/64,SV7a,,,,Alakazam,1/130,B2,0.0,True,False,False,False,0.0,1.0,2310_jpg.rf.f58058eb323a889555ddb59472477283.jpg#p00#3#1,template,0.0,template,0.0,template,0.0,False,False,2310_jpg.rf.f58058eb323a889555ddb59472477283.jpg,0.971,SV7a 032-64 ----,False,False,2310,,,,032/64,,SV7a
,015/100,S11,,,,Alakazam,1/130,B2,0.0,True,False,False,False,0.0,1.0,2310_jpg.rf.f58058eb323a889555ddb59472477283.jpg#p00#1#2,template,0.0,template,0.0,template,0.0,False,False,2310_jpg.rf.f58058eb323a889555ddb59472477283.jpg,0.957,S11 015-100 -----,False,False,2310,,,,015/100,,S11
,140/108,SV3,,,,Alakazam,1/130,B2,0.0,True,False,False,False,0.0,1.0,2311_jpg.rf.67ae71b6002882647b87f0b0fa004c2c.jpg#p00#1#2,template,0.0,template,0.0,template,0.0,False,False,2311_jpg.rf.67ae71b6002882647b87f0b0fa004c2c.jpg,0.909,SV3 140-108 ------,False,False,2311,,,,140/108,,SV3
,085/63,SV9a,E3,,PATT,Mew,8/53,WBP,900.0,True,False,False,False,1.0,1.0,2311_jpg.rf.67ae71b6002882647b87f0b0fa004c2c.jpg#p00#2#0,det,0.931,det,0.832,det,0.874,False,False,2311_jpg.rf.67ae71b6002882647b87f0b0fa004c2c.jpg,0.877,SV9a 085-63 -----ex,False,False,2311,E3,,,085/63,PATT,SV9a
,046/62,SV3a,,,,,,,0.0,False,False,False,False,0.0,1.0,,missing,0.0,missing,0.0,missing,0.0,False,False,2311_jpg.rf.67ae71b6002882647b87f0b0fa004c2c.jpg,0.0,SV3a 046-62 -----,False,False,2311,,,,046/62,,SV3a
,020/66,SV4K,EX,,,Mew,8/53,WBP,900.0,True,False,False,False,1.0,1.0,2312_jpg.rf.0e64cb6695246b2ad4123eee1540c4b6.jpg#p00#5#5,det,0.921,det,0.934,det,0.957,False,False,2312_jpg.rf.0e64cb6695246b2ad4123eee1540c4b6.jpg,0.972,SV4K 020-66 -----ex,False,False,2312,EX,,,020/66,,SV4K
,066/73,SV1a,,,,Alakazam,1/130,B2,0.0,True,False,False,False,0.0,1.0,2314_jpg.rf.79d9d34051cccb522687053dbdd7043c.jpg#p00#0#0,template,0.0,template,0.0,template,0.0,False,False,2314_jpg.rf.79d9d34051cccb522687053dbdd7043c.jpg,0.959,SV1a 066-73 ---,False,False,2314,,,,066/73,,SV1a
,106/165,SV2a,,106/163,MA,Doublade,106/163,BST,75.0,True,False,False,False,0.0,0.16666666666666666,2314_jpg.rf.79d9d34051cccb522687053dbdd7043c.jpg#p00#2#2,det,0.911,det,0.876,det,0.961,False,False,2314_jpg.rf.79d9d34051cccb522687053dbdd7043c.jpg,0.883,SV2a 106-165 -----,False,False,2314,,,106/163,106/165,MA,SV2a
,065/100,SV9,,,,,,,0.0,False,False,False,False,0.0,1.0,,missing,0.0,missing,0.0,missing,0.0,False,False,2314_jpg.rf.79d9d34051cccb522687053dbdd7043c.jpg,0.0,SV9 065-100 N-----,False,False,2314,,,,065/100,,SV9
,067/165,SV2a,,,1V20,Alakazam,1/130,B2,0.0,True,False,False,False,0.0,1.0,2315_jpg.rf.2b11248d88878d28410616f582783de6.jpg#p00#6#2,det,0.855,det,0.938,det,0.955,False,False,2315_jpg.rf.2b11248d88878d28410616f582783de6.jpg,0.97,SV2a 067-165 -----,False,False,2315,,,,067/165,1V20,SV2a
,061/68,S11a,,,,Alakazam,1/130,B2,0.0,True,False,False,False,0.0,1.0,2316_jpg.rf.5251b5fba0ae284e9b4ca11f428200ac.jpg#p00#3#3,det,0.945,det,0.927,det,0.916,False,False,2316_jpg.rf.5251b5fba0ae284e9b4ca11f428200ac.jpg,0.945,S11a 061-68 --------,False,False,2316,,,,061/68,,S11a
,007/78,SV1V,,,,Alakazam,1/130,B2,0.0,True,False,False,False,0.0,1.0,2317_jpg.rf.0f9a80ebd9dfe571921bba44b365f640.jpg#p00#1#2,template,0.0,template,0.0,template,0.0,False,False,2317_jpg.rf.0f9a80ebd9dfe571921bba44b365f640.jpg,0.95,SV1V 007-78 ------,False,False,2317,,,,007/78,,SV1V
,044/66,SV4K,,,,Alakazam,1/130,B2,0.0,True,False,False,False,0.0,1.0,2317_jpg.rf.0f9a80ebd9dfe571921bba44b365f640.jpg#p00#2#3,template,0.0,template,0.0,template,0.0,False,False,2317_jpg.rf.0f9a80ebd9dfe571921bba44b365f640.jpg,0.934,SV4K 044-66 ----,False,False,2317,,,,044/66,,SV4K
,119/165,SV2a,,,,Alakazam,1/130,B2,0.0,True,False,False,False,0.0,1.0,2317_jpg.rf.0f9a80ebd9dfe571921bba44b365f640.jpg#p00#4#4,template,0.0,det,0.886,template,0.0,False,False,2317_jpg.rf.0f9a80ebd9dfe571921bba44b365f640.jpg,0.899,SV2a 119-165 -----,False,False,2317,,,,119/165,,SV2a
,083/67,S9a,,,,Alakazam,1/130,B2,0.0,True,False,False,False,0.0,1.0,2317_jpg.rf.0f9a80ebd9dfe571921bba44b365f640.jpg#p00#3#1,template,0.0,template,0.0,template,0.0,False,False,2317_jpg.rf.0f9a80ebd9dfe571921bba44b365f640.jpg,0.871,S9a 083-67 -----V,False,False,2317,,,,083/67,,S9a
,064/106,SV8,,,,Alakazam,1/130,B2,0.0,True,False,False,False,0.0,1.0,2319_jpg.rf.bd1cbe77b8a45d74e2227bd008dd651f.jpg#p00#1#1,template,0.0,template,0.0,template,0.0,False,False,2319_jpg.rf.bd1cbe77b8a45d74e2227bd008dd651f.jpg,0.918,SV8 064-106 ----,False,False,2319,,,,064/106,,SV8
,083/187,SV8a,,,,,,,0.0,False,False,False,False,0.0,1.0,,missing,0.0,missing,0.0,missing,0.0,False,False,2319_jpg.rf.bd1cbe77b8a45d74e2227bd008dd651f.jpg,0.0,SV8a 083-187 -----,False,False,2319,,,,083/187,,SV8a
,122/100,SV9,,,CI,Alakazam,1/130,B2,0.0,True,False,False,False,0.0,1.0,2320_jpg.rf.e92d9e1d1f91961b15f0332b65328d74.jpg#p00#3#3,det,0.957,det,0.947,det,0.959,False,False,2320_jpg.rf.e92d9e1d1f91961b15f0332b65328d74.jpg,0.958,SV9 122-100 ------,False,False,2320,,,,122/100,CI,SV9
,090/78,SV1S,,,,Alakazam,1/130,B2,0.0,True,False,False,False,0.0,1.0,2320_jpg.rf.e92d9e1d1f91961b15f0332b65328d74.jpg#p00#2#4,template,0.0,template,0.0,template,0.0,False,False,2320_jpg.rf.e92d9e1d1f91961b15f0332b65328d74.jpg,0.909,SV1S 090-78 ----,False,False,2320,,,,090/78,,SV1S
,019/66,SV5a,,012/600,,Foongus,12/114,STS,50.0,True,False,False,False,0.0,0.6,2320_jpg.rf.e92d9e1d1f91961b15f0332b65328d74.jpg#p00#4#0,det,0.931,det,0.934,det,0.961,False,False,2320_jpg.rf.e92d9e1d1f91961b15f0332b65328d74.jpg,0.909,SV5a 019-66 ----,False,False,2320,,,012/600,019/66,,SV5a
,083/67,S9a,,,,,,,0.0,False,False,False,False,0.0,1.0,,missing,0.0,missing,0.0,missing,0.0,False,False,2320_jpg.rf.e92d9e1d1f91961b15f0332b65328d74.jpg,0.0,S9a 083-67 -----V,False,False,2320,,,,083/67,,S9a
,046/187,SV8a,R,046/102,,Charmander,46/102,BS,955.0,True,False,False,False,1.0,0.3333333333333333,2322_jpg.rf.3c56a2a1c29d98b422bab8ce80f613d2.jpg#p00#4#1,det,0.95,det,0.94,det,0.96,False,False,2322_jpg.rf.3c56a2a1c29d98b422bab8ce80f613d2.jpg,0.942,SV8a 046-187 -----ex,False,False,2322,R,,046/102,046/187,,SV8a
,204/187,SV8a,,,,Alakazam,1/130,B2,0.0,True,False,False,False,0.0,1.0,2322_jpg.rf.3c56a2a1c29d98b422bab8ce80f613d2.jpg#p00#1#0,template,0.0,template,0.0,template,0.0,False,False,2322_jpg.rf.3c56a2a1c29d98b422bab8ce80f613d2.jpg,0.934,SV8a 204-187 ----- ------ex,False,False,2322,,,,204/187,,SV8a
,054/102,SV7,EX,,,Mew,8/53,WBP,900.0,True,False,False,False,1.0,1.0,2322_jpg.rf.3c56a2a1c29d98b422bab8ce80f613d2.jpg#p00#0#2,det,0.932,det,0.934,det,0.96,False,False,2322_jpg.rf.3c56a2a1c29d98b422bab8ce80f613d2.jpg,0.911,SV7 054-102 -----ex,False,False,2322,EX,,,054/102,,SV7
,067/165,SV2a,,,,Alakazam,1/130,B2,0.0,True,False,False,False,0.0,1.0,2323_jpg.rf.4c3a3107014848d574d99322e6878d94.jpg#p00#3#0,det,0.912,det,0.933,det,0.949,False,False,2323_jpg.rf.4c3a3107014848d574d99322e6878d94.jpg,0.968,SV2a 067-165 -----,False,False,2323,,,,067/165,,SV2a
,102/98,S12,,,,Alakazam,1/130,B2,0.0,True,False,False,False,0.0,1.0,2324_jpg.rf.a1eac9b513a415c3f89e006c26b3a8dc.jpg#p00#0#1,template,0.0,template,0.0,template,0.0,False,False,2324_jpg.rf.a1eac9b513a415c3f89e006c26b3a8dc.jpg,0.966,S12 102-98 -----V,False,False,2324,,,,102/98,,S12
,004/22,SVLN,,,,Alakazam,1/130,B2,0.0,True,False,False,False,0.0,1.0,2324_jpg.rf.a1eac9b513a415c3f89e006c26b3a8dc.jpg#p00#2#0,template,0.0,template,0.0,template,0.0,False,False,2324_jpg.rf.a1eac9b513a415c3f89e006c26b3a8dc.jpg,0.921,SVLN 004-22 ----,False,False,2324,,,,004/22,,SVLN
,043/63,SV9a,,015/61,,Snorlax,15/112,RG,50.0,True,False,False,False,0.0,0.6,2324_jpg.rf.a1eac9b513a415c3f89e006c26b3a8dc.jpg#p00#3#2,det,0.936,det,0.93,det,0.909,False,False,2324_jpg.rf.a1eac9b513a415c3f89e006c26b3a8dc.jpg,0.854,SV9a 043-63 --------,False,False,2324,,,015/61,043/63,,SV9a
,074/100,S11,,,,,,,0.0,False,False,False,False,0.0,1.0,,missing,0.0,missing,0.0,missing,0.0,False,False,2324_jpg.rf.a1eac9b513a415c3f89e006c26b3a8dc.jpg,0.0,S11 074-100 ----,False,False,2324,,,,074/100,,S11
,119/165,SV2a,,,20,Alakazam,1/130,B2,0.0,True,False,False,False,0.0,1.0,2327_jpg.rf.2982491c1849d47508497942e11bbe09.jpg#p00#4#4,det,0.941,det,0.937,det,0.953,False,False,2327_jpg.rf.2982491c1849d47508497942e11bbe09.jpg,0.974,SV2a 119-165 -----,False,False,2327,,,,119/165,20,SV2a
,081/73,SV1a,,001/73,5VID,Venusaur V,1/73,CPA,75.0,True,False,False,False,0.0,0.2,2327_jpg.rf.2982491c1849d47508497942e11bbe09.jpg#p00#5#1,det,0.589,det,0.938,det,0.952,False,False,2327_jpg.rf.2982491c1849d47508497942e11bbe09.jpg,0.97,SV1a 081-73 ----,False,False,2327,,,001/73,081/73,5VID,SV1a
,059/71,S10a,MRTT,,,Morty,186/214,LOT,900.0,True,False,False,False,1.0,1.0,2328_jpg.rf.37df0b9fa18e1c1279442d82c49fbf40.jpg#p00#1#3,template,0.0,template,0.0,template,0.0,False,False,2328_jpg.rf.37df0b9fa18e1c1279442d82c49fbf40.jpg,0.946,S10a 059-71 ----,False,False,2328,MRTT,,,059/71,,S10a
,029/78,SV1S,,,,Alakazam,1/130,B2,0.0,True,False,False,False,0.0,1.0,2328_jpg.rf.37df0b9fa18e1c1279442d82c49fbf40.jpg#p00#0#2,template,0.0,template,0.0,template,0.0,False,False,2328_jpg.rf.37df0b9fa18e1c1279442d82c49fbf40.jpg,0.943,SV1S 029-78 ----,False,False,2328,,,,029/78,,SV1S
,097/165,SV2a,,,,Alakazam,1/130,B2,0.0,True,False,False,False,0.0,1.0,2328_jpg.rf.37df0b9fa18e1c1279442d82c49fbf40.jpg#p00#2#1,template,0.0,template,0.0,template,0.0,False,False,2328_jpg.rf.37df0b9fa18e1c1279442d82c49fbf40.jpg,0.909,SV2a 097-165 -----,False,False,2328,,,,097/165,,SV2a
,041/101,SV6,,,,,,,0.0,False,False,False,False,0.0,1.0,,missing,0.0,missing,0.0,missing,0.0,False,False,2328_jpg.rf.37df0b9fa18e1c1279442d82c49fbf40.jpg,0.0,SV6 041-101 -----ex,False,False,2328,,,,041/101,,SV6
,068/71,SV5K,,,,,,,0.0,False,False,False,False,0.0,1.0,,missing,0.0,missing,0.0,missing,0.0,False,False,2328_jpg.rf.37df0b9fa18e1c1279442d82c49fbf40.jpg,0.0,SV5K 068-71 --,False,False,2328,,,,068/71,,SV5K
,088/67,S10P,,000/67,1OP,Alakazam,1/130,B2,15.0,True,False,False,False,0.0,0.4,2329_jpg.rf.7f766f4ae9aa472d32a3af3ee1f95339.jpg#p00#2#1,det,0.902,template,0.0,det,0.931,False,False,2329_jpg.rf.7f766f4ae9aa472d32a3af3ee1f95339.jpg,0.967,S10P 088-67 -----------,False,False,2329,,,000/67,088/67,1OP,S10P
,031/71,SV2P,,,,Alakazam,1/130,B2,0.0,True,False,False,False,0.0,1.0,2330_jpg.rf.6c87d5e80b4c9d713395c1dcb9e7b35d.jpg#p00#1#6,det,0.952,det,0.936,det,0.96,False,False,2330_jpg.rf.6c87d5e80b4c9d713395c1dcb9e7b35d.jpg,0.963,SV2P 031-71 ---,False,False,2330,,,,031/71,,SV2P
,056/73,SV1a,,056/71,,Shelgon,56/108,ROS,50.0,True,False,False,False,0.0,0.2,2331_jpg.rf.c09b4d928ed1c90992b51dc02bfd22cf.jpg#p00#1#2,det,0.777,det,0.934,det,0.953,False,False,2331_jpg.rf.c09b4d928ed1c90992b51dc02bfd22cf.jpg,0.962,SV1a 056-73 -----,False,False,2331,,,056/71,056/73,,SV1a
,102/98,S12,,,,Alakazam,1/130,B2,0.0,True,False,False,False,0.0,1.0,2331_jpg.rf.c09b4d928ed1c90992b51dc02bfd22cf.jpg#p00#0#3,template,0.0,template,0.0,template,0.0,False,False,2331_jpg.rf.c09b4d928ed1c90992b51dc02bfd22cf.jpg,0.947,S12 102-98 -----V,False,False,2331,,,,102/98,,S12
,106/100,S11,,,,Alakazam,1/130,B2,0.0,True,False,False,False,0.0,1.0,2331_jpg.rf.c09b4d928ed1c90992b51dc02bfd22cf.jpg#p00#2#1,template,0.0,template,0.0,template,0.0,False,False,2331_jpg.rf.c09b4d928ed1c90992b51dc02bfd22cf.jpg,0.917,S11 106-100 ---V,False,False,2331,,,,106/100,,S11
,056/66,SV4M,,,,,,,0.0,False,False,False,False,0.0,1.0,,missing,0.0,missing,0.0,missing,0.0,False,False,2331_jpg.rf.c09b4d928ed1c90992b51dc02bfd22cf.jpg,0.0,SV4M 056-66 ------,False,False,2331,,,,056/66,,SV4M
,068/190,SV4a,,068/196,5V4C,Jynx,68/196,LOR,75.0,True,False,False,False,0.0,0.16666666666666666,2332_jpg.rf.ab2c0d695ced4af5f96e8f5802dc11c9.jpg#p00#8#0,det,0.952,det,0.94,det,0.967,False,False,2332_jpg.rf.ab2c0d695ced4af5f96e8f5802dc11c9.jpg,0.969,SV4a 068-190 -----,False,False,2332,,,068/196,068/190,5V4C,SV4a
