uid,image,page,slot,order,det_conf,orient_deg,roi_name_src,roi_number_src,roi_collection_src,ocr_name,ocr_number,ocr_collection,match_name,match_number,match_set,match_file,match_rarity,match_score
0079_jpg.rf.0ef91d0ab65ea2bb722814182fe00e54.jpg#p00#7#0,0079_jpg.rf.0ef91d0ab65ea2bb722814182fe00e54.jpg,0,7,0,0.973,0,det,det,det,Tranquill,072/86,,Tranquill,72/86,BLK,Black Bolt,Common,1115.0
0079_jpg.rf.0ef91d0ab65ea2bb722814182fe00e54.jpg#p00#1#1,0079_jpg.rf.0ef91d0ab65ea2bb722814182fe00e54.jpg,0,1,1,0.981,0,det,det,det,Unfezant,073/86,DK,Unfezant,73/86,BLK,Black Bolt,Uncommon,1115.0
0079_jpg.rf.0ef91d0ab65ea2bb722814182fe00e54.jpg#p00#2#2,0079_jpg.rf.0ef91d0ab65ea2bb722814182fe00e54.jpg,0,2,2,0.981,0,det,det,det,Diggersby,065/88,POREN,Diggersby,65/88,POR,Perfect Order,Uncommon,1115.0
0079_jpg.rf.0ef91d0ab65ea2bb722814182fe00e54.jpg#p00#4#3,0079_jpg.rf.0ef91d0ab65ea2bb722814182fe00e54.jpg,0,4,3,0.98,0,det,det,det,Starly do Lauro,168/217,ASCPT,Larry's Starly,168/217,ASC,Ascended Heroes,Common,555.0
0079_jpg.rf.0ef91d0ab65ea2bb722814182fe00e54.jpg#p00#8#4,0079_jpg.rf.0ef91d0ab65ea2bb722814182fe00e54.jpg,0,8,4,0.972,0,det,det,det,Staravia do Lauro,169/217,ASCPT,Larry's Staravia,169/217,ASC,Ascended Heroes,Uncommon,626.72412109375
0079_jpg.rf.0ef91d0ab65ea2bb722814182fe00e54.jpg#p00#5#5,0079_jpg.rf.0ef91d0ab65ea2bb722814182fe00e54.jpg,0,5,5,0.979,0,det,det,det,Staraptor do Lauro,170/217,ASCP,Larry's Staraptor,170/217,ASC,Ascended Heroes,Rare,655.6451416015625
0079_jpg.rf.0ef91d0ab65ea2bb722814182fe00e54.jpg#p00#0#6,0079_jpg.rf.0ef91d0ab65ea2bb722814182fe00e54.jpg,0,0,6,0.984,0,det,det,det,Lopunny,108/132,MEGPI,Lopunny,108/132,MEG,Mega Evolution,Common,1115.0
0079_jpg.rf.0ef91d0ab65ea2bb722814182fe00e54.jpg#p00#3#7,0079_jpg.rf.0ef91d0ab65ea2bb722814182fe00e54.jpg,0,3,7,0.98,0,det,det,det,Skitty,165/217,ASCPI,Skitty,165/217,ASC,Ascended Heroes,Common,1115.0
0079_jpg.rf.0ef91d0ab65ea2bb722814182fe00e54.jpg#p00#6#8,0079_jpg.rf.0ef91d0ab65ea2bb722814182fe00e54.jpg,0,6,8,0.978,0,det,det,det,Komala do Lauro,175/217,ASCM,Larry's Komala,175/217,ASC,Ascended Heroes,Common,555.0
0089_jpg.rf.a883ea0a002c40f7f50dcc93e92bee70.jpg#p00#6#0,0089_jpg.rf.a883ea0a002c40f7f50dcc93e92bee70.jpg,0,6,0,0.979,0,det,det,det,Sigilyph doN,064/159,JIGH,N's Sigilyph,64/159,JTG,Journey Together,Common,1075.0
0089_jpg.rf.a883ea0a002c40f7f50dcc93e92bee70.jpg#p00#5#1,0089_jpg.rf.a883ea0a002c40f7f50dcc93e92bee70.jpg,0,5,1,0.982,0,det,det,det,Oricorio,065/159,UIGPA,Oricorio,65/159,JTG,Journey Together,Common,1115.0
0089_jpg.rf.a883ea0a002c40f7f50dcc93e92bee70.jpg#p00#8#2,0089_jpg.rf.a883ea0a002c40f7f50dcc93e92bee70.jpg,0,8,2,0.973,0,det,det,det,Cutiefly da Lilan,066/159,IGM,Lillie's Cutiefly,66/159,JTG,Journey Together,Common,608.3333129882812
0089_jpg.rf.a883ea0a002c40f7f50dcc93e92bee70.jpg#p00#3#3,0089_jpg.rf.a883ea0a002c40f7f50dcc93e92bee70.jpg,0,3,3,0.982,0,det,det,det,Ribombee da Lilian,067/159,UIGF7,Lillie's Ribombee,67/159,JTG,Journey Together,Rare,1075.0
0089_jpg.rf.a883ea0a002c40f7f50dcc93e92bee70.jpg#p00#1#4,0089_jpg.rf.a883ea0a002c40f7f50dcc93e92bee70.jpg,0,1,4,0.986,0,det,det,det,Comfey da Lilian,068/159,UIGP,Lillie's Comfey,68/159,JTG,Journey Together,Common,1075.0
0089_jpg.rf.a883ea0a002c40f7f50dcc93e92bee70.jpg#p00#7#5,0089_jpg.rf.a883ea0a002c40f7f50dcc93e92bee70.jpg,0,7,5,0.978,0,det,det,det,MimikyueX,069/159,JIGP,Mimikyu ex,69/159,JTG,Journey Together,Double Rare,1115.0
0089_jpg.rf.a883ea0a002c40f7f50dcc93e92bee70.jpg#p00#2#6,0089_jpg.rf.a883ea0a002c40f7f50dcc93e92bee70.jpg,0,2,6,0.985,0,det,det,det,Dhelmise,070/159,JG,Dhelmise,70/159,JTG,Journey Together,Common,1115.0
0089_jpg.rf.a883ea0a002c40f7f50dcc93e92bee70.jpg#p00#4#7,0089_jpg.rf.a883ea0a002c40f7f50dcc93e92bee70.jpg,0,4,7,0.982,0,det,det,det,Impidimp,071/159,JIGM,Impidimp,71/159,JTG,Journey Together,Common,1115.0
0089_jpg.rf.a883ea0a002c40f7f50dcc93e92bee70.jpg#p00#0#8,0089_jpg.rf.a883ea0a002c40f7f50dcc93e92bee70.jpg,0,0,8,0.987,0,det,det,det,Morgrem,072/159,1GN,Morgrem,72/159,JTG,Journey Together,Common,1115.0
0117_jpg.rf.5cbf1f1666b13ecd7af905dc2b2afa1d.jpg#p00#2#0,0117_jpg.rf.5cbf1f1666b13ecd7af905dc2b2afa1d.jpg,0,2,0,0.981,0,det,det,det,Grumpig,063/132,MEGPT,Grumpig,63/132,MEG,Mega Evolution,Uncommon,1115.0
0117_jpg.rf.5cbf1f1666b13ecd7af905dc2b2afa1d.jpg#p00#1#1,0117_jpg.rf.5cbf1f1666b13ecd7af905dc2b2afa1d.jpg,0,1,1,0.985,0,det,det,det,Spoink,062/132,MEGR,Spoink,62/132,MEG,Mega Evolution,Common,1115.0
0117_jpg.rf.5cbf1f1666b13ecd7af905dc2b2afa1d.jpg#p00#0#2,0117_jpg.rf.5cbf1f1666b13ecd7af905dc2b2afa1d.jpg,0,0,2,0.988,0,det,det,det,Stonjourner,061/132,MEGEI,Stonjourner,81/132,MEG,Mega Evolution,Uncommon,1065.0
0117_jpg.rf.5cbf1f1666b13ecd7af905dc2b2afa1d.jpg#p00#3#3,0117_jpg.rf.5cbf1f1666b13ecd7af905dc2b2afa1d.jpg,0,3,3,0.979,0,det,det,det,Nacli,082/132,MEGR,Nacli,82/132,MEG,Mega Evolution,Common,1115.0
0118_jpg.rf.2be0105271c5a51e1f35f12b70e17c5e.jpg#p00#1#0,0118_jpg.rf.2be0105271c5a51e1f35f12b70e17c5e.jpg,0,1,0,0.981,0,det,det,det,Numel,027/217,ASCP,Numel,27/217,ASC,Ascended Heroes,Common,1115.0
0118_jpg.rf.2be0105271c5a51e1f35f12b70e17c5e.jpg#p00#0#1,0118_jpg.rf.2be0105271c5a51e1f35f12b70e17c5e.jpg,0,0,1,0.984,0,det,det,det,Noibat,156/217,ASCH,Noibat,156/217,ASC,Ascended Heroes,Common,1115.0
0118_jpg.rf.2be0105271c5a51e1f35f12b70e17c5e.jpg#p00#3#2,0118_jpg.rf.2be0105271c5a51e1f35f12b70e17c5e.jpg,0,3,2,0.975,0,det,det,det,Pancham,115/217,ASCPI,Pancham,115/217,ASC,Ascended Heroes,Common,1115.0
0118_jpg.rf.2be0105271c5a51e1f35f12b70e17c5e.jpg#p00#2#3,0118_jpg.rf.2be0105271c5a51e1f35f12b70e17c5e.jpg,0,2,3,0.978,0,det,det,det,Tadbulb da Kissera,069/217,ASCPI,Bulbasaur,67/130,B2,Base Set 2,Common,575.0
0120_jpg.rf.4462cd8cb3d2fa1240c86eccf6edc6f3.jpg#p00#0#0,0120_jpg.rf.4462cd8cb3d2fa1240c86eccf6edc6f3.jpg,0,0,0,0.987,0,det,det,det,Tyrogue,071/132,MEGFT,Tyrogue,71/132,MEG,Mega Evolution,Common,1115.0
0120_jpg.rf.4462cd8cb3d2fa1240c86eccf6edc6f3.jpg#p00#1#1,0120_jpg.rf.4462cd8cb3d2fa1240c86eccf6edc6f3.jpg,0,1,1,0.985,0,det,det,det,Ninjask,017/132,MEGPT,Ninjask,17/132,MEG,Mega Evolution,Uncommon,1115.0
0120_jpg.rf.4462cd8cb3d2fa1240c86eccf6edc6f3.jpg#p00#3#2,0120_jpg.rf.4462cd8cb3d2fa1240c86eccf6edc6f3.jpg,0,3,2,0.969,0,det,det,det,Raging BolteX,196/162,TO,Raging Bolt ex,196/162,TEF,Temporal Forces,Ultra Rare,1115.0
0120_jpg.rf.4462cd8cb3d2fa1240c86eccf6edc6f3.jpg#p00#2#3,0120_jpg.rf.4462cd8cb3d2fa1240c86eccf6edc6f3.jpg,0,2,3,0.981,0,det,det,det,Barbaracle,043/88,PORP,Barbaracle,43/88,POR,Perfect Order,Uncommon,1115.0
0121_jpg.rf.89e38b892e512bfbddc95ff7ace457ce.jpg#p00#3#0,0121_jpg.rf.89e38b892e512bfbddc95ff7ace457ce.jpg,0,3,0,0.977,0,det,det,det,Escama Espessa,211/217,ASCFT,Teal Mask Ogerpon ex,211/167,TWM,Twilight Masquerade,Special Illustration Rare,516.6666259765625
0121_jpg.rf.89e38b892e512bfbddc95ff7ace457ce.jpg#p00#2#1,0121_jpg.rf.89e38b892e512bfbddc95ff7ace457ce.jpg,0,2,1,0.983,0,det,det,det,Tynamo,059/217,ASCF,Tynamo,59/217,ASC,Ascended Heroes,Common,1115.0
0121_jpg.rf.89e38b892e512bfbddc95ff7ace457ce.jpg#p00#1#2,0121_jpg.rf.89e38b892e512bfbddc95ff7ace457ce.jpg,0,1,2,0.983,0,det,det,det,Spectrier,098/217,ASCPT,Spectrier,98/217,ASC,Ascended Heroes,Rare,1115.0
0121_jpg.rf.89e38b892e512bfbddc95ff7ace457ce.jpg#p00#0#3,0121_jpg.rf.89e38b892e512bfbddc95ff7ace457ce.jpg,0,0,3,0.987,0,det,det,det,Zigzagoon de Galar,130/217,ASCPT,Galarian Zigzagoon,130/217,ASC,Ascended Heroes,Common,620.4545288085938
0137_jpg.rf.a423343a6ed9ae3c9126fb351dbd9b53.jpg#p00#0#0,0137_jpg.rf.a423343a6ed9ae3c9126fb351dbd9b53.jpg,0,0,0,0.98,0,det,det,det,Archeops,132/86,WAT,Archeops,132/86,WHT,White Flare,Illustration Rare,1115.0
0137_jpg.rf.a423343a6ed9ae3c9126fb351dbd9b53.jpg#p00#1#1,0137_jpg.rf.a423343a6ed9ae3c9126fb351dbd9b53.jpg,0,1,1,0.977,0,det,det,det,Archeops,132/86,WHIO,Archeops,132/86,WHT,White Flare,Illustration Rare,1115.0
0193_jpg.rf.4aeea26bd4f6da37559c0caa7916e56f.jpg#p00#0#0,0193_jpg.rf.4aeea26bd4f6da37559c0caa7916e56f.jpg,0,0,0,0.966,0,det,det,template,Pikachu,241/236,,Pikachu,241/236,CEC,Cosmic Eclipse,Rare Secret,1115.0
0215_jpg.rf.d88c0f0370c6e1e0081e8412d82cacd1.jpg#p00#0#0,0215_jpg.rf.d88c0f0370c6e1e0081e8412d82cacd1.jpg,0,0,0,0.935,0,det,det,det,Mewex,232/91,A0,Mew ex,232/91,PAF,Paldean Fates,Special Illustration Rare,1115.0
0221_jpg.rf.c5577826af6aac7b4845fb3c2806d88e.jpg#p00#0#0,0221_jpg.rf.c5577826af6aac7b4845fb3c2806d88e.jpg,0,0,0,0.927,0,det,det,det,Mega Charizard Y,294/217,ASCPR,Mega Charizard Y ex,294/217,ASC,Ascended Heroes,Mega Hyper Rare,1075.0
0227_jpg.rf.703ef2d257c34c9cf78a3c117633e5b7.jpg#p00#0#0,0227_jpg.rf.703ef2d257c34c9cf78a3c117633e5b7.jpg,0,0,0,0.965,0,det,det,det,Unfezant,150/86,BUKET,Unfezant,150/86,BLK,Black Bolt,Illustration Rare,1115.0
0227_jpg.rf.703ef2d257c34c9cf78a3c117633e5b7.jpg#p00#1#1,0227_jpg.rf.703ef2d257c34c9cf78a3c117633e5b7.jpg,0,1,1,0.958,0,det,det,det,Tirtouga,106/86,BLKF,Tirtouga,106/86,BLK,Black Bolt,Illustration Rare,1115.0
0241_jpg.rf.bfb23d44f104fc55089e73e26598fc32.jpg#p00#0#0,0241_jpg.rf.bfb23d44f104fc55089e73e26598fc32.jpg,0,0,0,0.952,0,det,det,template,MeWw.40,015/132,,Mew,15/132,SW,Secret Wonders,Rare Holo,955.0
0270_jpg.rf.25a55704248d6d6895ae3b5179a14f24.jpg#p00#5#0,0270_jpg.rf.25a55704248d6d6895ae3b5179a14f24.jpg,0,5,0,0.98,0,det,det,det,Lokix,100/159,IGR,Lokix,100/159,JTG,Journey Together,Uncommon,1115.0
0270_jpg.rf.25a55704248d6d6895ae3b5179a14f24.jpg#p00#0#1,0270_jpg.rf.25a55704248d6d6895ae3b5179a14f24.jpg,0,0,1,0.983,0,det,det,det,Bombirdier,101/159,LTGN,Bombirdier,101/159,JTG,Journey Together,Common,1115.0
0270_jpg.rf.25a55704248d6d6895ae3b5179a14f24.jpg#p00#6#2,0270_jpg.rf.25a55704248d6d6895ae3b5179a14f24.jpg,0,6,2,0.978,0,det,det,det,Escavalier,102/159,UGR,Escavalier,102/159,JTG,Journey Together,Uncommon,1115.0
0270_jpg.rf.25a55704248d6d6895ae3b5179a14f24.jpg#p00#2#3,0270_jpg.rf.25a55704248d6d6895ae3b5179a14f24.jpg,0,2,3,0.981,0,det,det,det,Klink doN,103/159,IGPT,N's Klink,103/159,JTG,Journey Together,Common,1075.0
0270_jpg.rf.25a55704248d6d6895ae3b5179a14f24.jpg#p00#7#4,0270_jpg.rf.25a55704248d6d6895ae3b5179a14f24.jpg,0,7,4,0.976,0,det,det,det,Klang do N,104/159,IGF,N's Klang,104/159,JTG,Journey Together,Common,1075.0
0270_jpg.rf.25a55704248d6d6895ae3b5179a14f24.jpg#p00#1#5,0270_jpg.rf.25a55704248d6d6895ae3b5179a14f24.jpg,0,1,5,0.982,0,det,det,det,KlinklangdoN,105/159,IGF,Klinklang,104/172,BRS,Brilliant Stars,Rare,1015.0
0270_jpg.rf.25a55704248d6d6895ae3b5179a14f24.jpg#p00#4#6,0270_jpg.rf.25a55704248d6d6895ae3b5179a14f24.jpg,0,4,6,0.98,0,det,det,det,Magearna,107/159,JG,Magearna,107/159,JTG,Journey Together,Rare,1115.0
0270_jpg.rf.25a55704248d6d6895ae3b5179a14f24.jpg#p00#8#7,0270_jpg.rf.25a55704248d6d6895ae3b5179a14f24.jpg,0,8,7,0.975,0,det,det,det,Corviknight do Lupo,108/159,LIGR,Hop's Corviknight,108/159,JTG,Journey Together,Uncommon,1075.0
0270_jpg.rf.25a55704248d6d6895ae3b5179a14f24.jpg#p00#3#8,0270_jpg.rf.25a55704248d6d6895ae3b5179a14f24.jpg,0,3,8,0.981,0,det,det,det,Stunfisk de Galar,106/159,IGRT,N,105/124,FCO,Fates Collide,Uncommon,895.0
0272_jpg.rf.6ac2538837796764b52c2aefe851f673.jpg#p00#2#0,0272_jpg.rf.6ac2538837796764b52c2aefe851f673.jpg,0,2,0,0.979,0,det,det,det,Baderneiro,181/159,GH,Dragonair,181/165,MEW,151,Illustration Rare,471.0526428222656
0272_jpg.rf.6ac2538837796764b52c2aefe851f673.jpg#p00#1#1,0272_jpg.rf.6ac2538837796764b52c2aefe851f673.jpg,0,1,1,0.983,0,det,det,det,VolcanionX,182/159,JTGP,Volcanion ex,182/159,JTG,Journey Together,Special Illustration Rare,1075.0
0272_jpg.rf.6ac2538837796764b52c2aefe851f673.jpg#p00#5#2,0272_jpg.rf.6ac2538837796764b52c2aefe851f673.jpg,0,5,2,0.978,0,det,det,det,BelliboltZdakissera,183/159,DIG,Iono's Bellibolt ex,183/159,JTG,Journey Together,Special Illustration Rare,646.4285888671875
0272_jpg.rf.6ac2538837796764b52c2aefe851f673.jpg#p00#8#3,0272_jpg.rf.6ac2538837796764b52c2aefe851f673.jpg,0,8,3,0.976,0,det,det,det,Clefairyda Llian,184/159,JIGN,Lillie's Clefairy ex,184/159,JTG,Journey Together,Special Illustration Rare,575.0
0272_jpg.rf.6ac2538837796764b52c2aefe851f673.jpg#p00#4#4,0272_jpg.rf.6ac2538837796764b52c2aefe851f673.jpg,0,4,4,0.978,0,det,det,det,ZoroarkeXdoN,185/159,JTGPT,N's Zoroark ex,185/159,JTG,Journey Together,Special Illustration Rare,857.6087036132812
0272_jpg.rf.6ac2538837796764b52c2aefe851f673.jpg#p00#6#5,0272_jpg.rf.6ac2538837796764b52c2aefe851f673.jpg,0,6,5,0.977,0,det,det,det,ZacianZdoupo,186/159,IGPT,Hop's Zacian ex,186/159,JTG,Journey Together,Special Illustration Rare,575.0
0272_jpg.rf.6ac2538837796764b52c2aefe851f673.jpg#p00#0#6,0272_jpg.rf.6ac2538837796764b52c2aefe851f673.jpg,0,0,6,0.983,0,det,det,det,SalamenceX,187/159,JGN,Salamence ex,187/159,JTG,Journey Together,Special Illustration Rare,1075.0
0272_jpg.rf.6ac2538837796764b52c2aefe851f673.jpg#p00#3#7,0272_jpg.rf.6ac2538837796764b52c2aefe851f673.jpg,0,3,7,0.979,0,det,det,det,Bellibolt X da Kissera,188/159,MGN,Iono's Bellibolt ex,188/159,JTG,Journey Together,Hyper Rare,646.4285888671875
0272_jpg.rf.6ac2538837796764b52c2aefe851f673.jpg#p00#7#8,0272_jpg.rf.6ac2538837796764b52c2aefe851f673.jpg,0,7,8,0.977,0,det,det,det,Zoroark@XdoN,,IGH,Zoroark,SM89/248,SMP,SM Black Star Promos,Promo,1000.0
0311_jpg.rf.067464f71b3dbf69874a6d6331a17b5e.jpg#p00#0#0,0311_jpg.rf.067464f71b3dbf69874a6d6331a17b5e.jpg,0,0,0,0.945,0,det,det,template,Typhlosion de Hisui,193/189,,Hisuian Typhlosion VSTAR,193/189,ASR,Astral Radiance,Rare Rainbow,1075.0
0313_jpg.rf.dc6dec655579adedcd63082f9149c9b8.jpg#p00#0#0,0313_jpg.rf.dc6dec655579adedcd63082f9149c9b8.jpg,0,0,0,0.912,0,det,det,det,Mewex,216/91,PAFPT,Mew ex,216/91,PAF,Paldean Fates,Shiny Ultra Rare,1115.0
0319_jpg.rf.ef163d57a78ff565cdd691663d63db8f.jpg#p00#0#0,0319_jpg.rf.ef163d57a78ff565cdd691663d63db8f.jpg,0,0,0,0.913,0,det,det,det,Mega(GardevoireX,178/132,MEGPU,Mega Gardevoir ex,178/132,MEG,Mega Evolution,Special Illustration Rare,1115.0
0331_jpg.rf.67a1a1f490ddb63f746b1c570de8ca2d.jpg#p00#8#0,0331_jpg.rf.67a1a1f490ddb63f746b1c570de8ca2d.jpg,0,8,0,0.975,0,det,det,det,Liepard,,TR,Liepard,67/114,BLW,Black & White,Rare,1040.0
0331_jpg.rf.67a1a1f490ddb63f746b1c570de8ca2d.jpg#p00#2#1,0331_jpg.rf.67a1a1f490ddb63f746b1c570de8ca2d.jpg,0,2,1,0.985,0,det,det,det,Purrloin,055/86,WATI,Purrloin,55/86,WHT,White Flare,Common,1115.0
0331_jpg.rf.67a1a1f490ddb63f746b1c570de8ca2d.jpg#p00#3#2,0331_jpg.rf.67a1a1f490ddb63f746b1c570de8ca2d.jpg,0,3,2,0.985,0,det,det,det,Scolipede,056/86,,Scolipede,56/86,BLK,Black Bolt,Uncommon,1115.0
0331_jpg.rf.67a1a1f490ddb63f746b1c570de8ca2d.jpg#p00#5#3,0331_jpg.rf.67a1a1f490ddb63f746b1c570de8ca2d.jpg,0,5,3,0.983,0,det,det,det,Yveltal,035/64,SFAPT,Yveltal,35/64,SFA,Shrouded Fable,Uncommon,1115.0
0331_jpg.rf.67a1a1f490ddb63f746b1c570de8ca2d.jpg#p00#6#4,0331_jpg.rf.67a1a1f490ddb63f746b1c570de8ca2d.jpg,0,6,4,0.98,0,det,det,det,Zweilous,066/86,WHTER,Zweilous,66/86,WHT,White Flare,Common,1115.0
0331_jpg.rf.67a1a1f490ddb63f746b1c570de8ca2d.jpg#p00#7#5,0331_jpg.rf.67a1a1f490ddb63f746b1c570de8ca2d.jpg,0,7,5,0.978,0,det,det,det,Deino,065/86,WHTM,Deino,65/86,WHT,White Flare,Common,1115.0
0331_jpg.rf.67a1a1f490ddb63f746b1c570de8ca2d.jpg#p00#1#6,0331_jpg.rf.67a1a1f490ddb63f746b1c570de8ca2d.jpg,0,1,6,0.988,0,det,det,det,Zorua,061/86,WIN,Zorua,61/86,WHT,White Flare,Common,1115.0
0331_jpg.rf.67a1a1f490ddb63f746b1c570de8ca2d.jpg#p00#4#7,0331_jpg.rf.67a1a1f490ddb63f746b1c570de8ca2d.jpg,0,4,7,0.984,0,det,det,det,Spiritomb,087/132,MEGP,Spiritomb,87/132,MEG,Mega Evolution,Uncommon,1115.0
0331_jpg.rf.67a1a1f490ddb63f746b1c570de8ca2d.jpg#p00#0#8,0331_jpg.rf.67a1a1f490ddb63f746b1c570de8ca2d.jpg,0,0,8,0.991,0,det,det,template,Spinarak,112/196,,Spinarak,112/196,LOR,Lost Origin,Common,1115.0
1001_jpg.rf.3f6d9a7615a2cb41f38bc324d3e9b06b.jpg#p00#3#0,1001_jpg.rf.3f6d9a7615a2cb41f38bc324d3e9b06b.jpg,0,3,0,0.989,0,det,det,det,Parasect,047/165,MEWPT,Parasect,47/165,MEW,151,Uncommon,1115.0
1001_jpg.rf.3f6d9a7615a2cb41f38bc324d3e9b06b.jpg#p00#1#1,1001_jpg.rf.3f6d9a7615a2cb41f38bc324d3e9b06b.jpg,0,1,1,0.99,0,det,det,det,CastformFormaEnsolarada,195/191,SSPP,Castform Sunny Form,195/191,SSP,Surging Sparks,Illustration Rare,675.0
1001_jpg.rf.3f6d9a7615a2cb41f38bc324d3e9b06b.jpg#p00#0#2,1001_jpg.rf.3f6d9a7615a2cb41f38bc324d3e9b06b.jpg,0,0,2,0.991,0,det,det,template,Seguro Contra Erro,131/172,,Treasure Tracker,131/131,PRE,Prismatic Evolutions,ACE SPEC Rare,566.1290283203125
1001_jpg.rf.3f6d9a7615a2cb41f38bc324d3e9b06b.jpg#p00#8#3,1001_jpg.rf.3f6d9a7615a2cb41f38bc324d3e9b06b.jpg,0,8,3,0.983,0,det,det,det,Infernape,,SVPP,Infernape,17/135,PLS,Plasma Storm,Rare Holo,1040.0
1001_jpg.rf.3f6d9a7615a2cb41f38bc324d3e9b06b.jpg#p00#7#4,1001_jpg.rf.3f6d9a7615a2cb41f38bc324d3e9b06b.jpg,0,7,4,0.985,0,det,det,template,Torkoal,016/106,,Torkoal,16/106,FLF,Flashfire,Uncommon,1115.0
1001_jpg.rf.3f6d9a7615a2cb41f38bc324d3e9b06b.jpg#p00#4#5,1001_jpg.rf.3f6d9a7615a2cb41f38bc324d3e9b06b.jpg,0,4,5,0.988,0,det,det,det,Swinub,165/159,UIGEI,Swinub,165/159,JTG,Journey Together,Illustration Rare,1115.0
1001_jpg.rf.3f6d9a7615a2cb41f38bc324d3e9b06b.jpg#p00#2#6,1001_jpg.rf.3f6d9a7615a2cb41f38bc324d3e9b06b.jpg,0,2,6,0.99,0,det,det,template,Gligar,067/145,,Gligar,67/145,GRI,Guardians Rising,Common,1115.0
1001_jpg.rf.3f6d9a7615a2cb41f38bc324d3e9b06b.jpg#p00#5#7,1001_jpg.rf.3f6d9a7615a2cb41f38bc324d3e9b06b.jpg,0,5,7,0.986,0,det,det,template,Lairon,066/111,,Lairon,66/111,CIN,Crimson Invasion,Uncommon,1115.0
1001_jpg.rf.3f6d9a7615a2cb41f38bc324d3e9b06b.jpg#p00#6#8,1001_jpg.rf.3f6d9a7615a2cb41f38bc324d3e9b06b.jpg,0,6,8,0.986,0,det,det,template,Mienfoo,067/990,,Mienfoo,67/99,NXD,Next Destinies,Common,1090.0
1002_jpg.rf.fc629be5e8e2e99b2480eb722c4b7583.jpg#p00#8#0,1002_jpg.rf.fc629be5e8e2e99b2480eb722c4b7583.jpg,0,8,0,0.984,0,det,det,template,Doce Raro,180/202,,Dendra,179/193,PAL,Paldea Evolved,Uncommon,586.4285888671875
1002_jpg.rf.fc629be5e8e2e99b2480eb722c4b7583.jpg#p00#4#1,1002_jpg.rf.fc629be5e8e2e99b2480eb722c4b7583.jpg,0,4,1,0.986,0,det,det,template,Rattata,087/116,,Rattata,87/116,PLF,Plasma Freeze,Common,1115.0
1002_jpg.rf.fc629be5e8e2e99b2480eb722c4b7583.jpg#p00#0#2,1002_jpg.rf.fc629be5e8e2e99b2480eb722c4b7583.jpg,0,0,2,0.991,0,det,det,template,Sewaddle,009/264,,Sewaddle,9/264,FST,Fusion Strike,Common,1115.0
1002_jpg.rf.fc629be5e8e2e99b2480eb722c4b7583.jpg#p00#1#3,1002_jpg.rf.fc629be5e8e2e99b2480eb722c4b7583.jpg,0,1,3,0.989,0,det,det,template,Clara Petra,067/72,,Clamperl,65/264,FST,Fusion Strike,Common,681.6666870117188
1002_jpg.rf.fc629be5e8e2e99b2480eb722c4b7583.jpg#p00#3#4,1002_jpg.rf.fc629be5e8e2e99b2480eb722c4b7583.jpg,0,3,4,0.986,0,det,det,det,Vespiquen,009/193,PALM,Vespiquen,9/193,PAL,Paldea Evolved,Uncommon,1115.0
1002_jpg.rf.fc629be5e8e2e99b2480eb722c4b7583.jpg#p00#6#5,1002_jpg.rf.fc629be5e8e2e99b2480eb722c4b7583.jpg,0,6,5,0.984,0,det,det,template,Duosion,034/124,,Duosion,34/124,FCO,Fates Collide,Uncommon,1115.0
1002_jpg.rf.fc629be5e8e2e99b2480eb722c4b7583.jpg#p00#7#6,1002_jpg.rf.fc629be5e8e2e99b2480eb722c4b7583.jpg,0,7,6,0.984,0,det,det,template,Ho-OhEX,121/122,,Ho-Oh-EX,121/122,BKP,BREAKpoint,Rare Ultra,1115.0
1002_jpg.rf.fc629be5e8e2e99b2480eb722c4b7583.jpg#p00#2#7,1002_jpg.rf.fc629be5e8e2e99b2480eb722c4b7583.jpg,0,2,7,0.987,0,det,det,template,Grimer de Alola,083/181,,Grimer,84/172,BRS,Brilliant Stars,Common,1015.0
1002_jpg.rf.fc629be5e8e2e99b2480eb722c4b7583.jpg#p00#5#8,1002_jpg.rf.fc629be5e8e2e99b2480eb722c4b7583.jpg,0,5,8,0.985,0,det,det,template,Dialga,121/185,,Dialga,121/185,VIV,Vivid Voltage,Rare Holo,1115.0
1003_jpg.rf.f534702c5c496c1f6687ad964686d102.jpg#p00#8#0,1003_jpg.rf.f534702c5c496c1f6687ad964686d102.jpg,0,8,0,0.983,0,det,template,template,Shauna,,,Shauna,72/83,GEN,Generations,Uncommon,1040.0
1003_jpg.rf.f534702c5c496c1f6687ad964686d102.jpg#p00#1#1,1003_jpg.rf.f534702c5c496c1f6687ad964686d102.jpg,0,1,1,0.991,0,det,det,det,Forretress,139/198,SVIPT,Forretress,139/198,SVI,Scarlet & Violet,Uncommon,1115.0
1003_jpg.rf.f534702c5c496c1f6687ad964686d102.jpg#p00#0#2,1003_jpg.rf.f534702c5c496c1f6687ad964686d102.jpg,0,0,2,0.992,0,det,template,template,Ultra Necrozma GX,,,Ultra Necrozma-GX,78/70,DRM,Dragon Majesty,Rare Secret,1040.0
1003_jpg.rf.f534702c5c496c1f6687ad964686d102.jpg#p00#2#3,1003_jpg.rf.f534702c5c496c1f6687ad964686d102.jpg,0,2,3,0.987,0,det,det,template,Zorua,052/73,,Zorua,52/73,SLG,Shining Legends,Common,1115.0
1003_jpg.rf.f534702c5c496c1f6687ad964686d102.jpg#p00#5#4,1003_jpg.rf.f534702c5c496c1f6687ad964686d102.jpg,0,5,4,0.985,0,det,det,det,Alomomola,048/198,SVIPI,Alomomola,48/198,SVI,Scarlet & Violet,Common,1115.0
1003_jpg.rf.f534702c5c496c1f6687ad964686d102.jpg#p00#7#5,1003_jpg.rf.f534702c5c496c1f6687ad964686d102.jpg,0,7,5,0.984,0,det,det,det,Charmeleon,169/165,MEWPT,Charmeleon,169/165,MEW,151,Illustration Rare,1115.0
1003_jpg.rf.f534702c5c496c1f6687ad964686d102.jpg#p00#4#6,1003_jpg.rf.f534702c5c496c1f6687ad964686d102.jpg,0,4,6,0.985,0,det,det,det,Klink,099/142,SCRPT,Klink,99/142,SCR,Stellar Crown,Common,1115.0
1003_jpg.rf.f534702c5c496c1f6687ad964686d102.jpg#p00#3#7,1003_jpg.rf.f534702c5c496c1f6687ad964686d102.jpg,0,3,7,0.986,0,det,template,template,Correio de Treinadores,,,N,105a/124,FCO,Fates Collide,Rare Ultra,880.0
1003_jpg.rf.f534702c5c496c1f6687ad964686d102.jpg#p00#6#8,1003_jpg.rf.f534702c5c496c1f6687ad964686d102.jpg,0,6,8,0.984,0,det,det,template,Surskit,007/149,,Surskit,7/149,SUM,Sun & Moon,Common,1115.0
1004_jpg.rf.516f9c3da761252fa68f8ecb0ac95b20.jpg#p00#7#0,1004_jpg.rf.516f9c3da761252fa68f8ecb0ac95b20.jpg,0,7,0,0.985,0,det,det,det,Energia Voltaica,084/84,PBLPY,Energy Switch,84/115,UF,Unseen Forces,Uncommon,642.5925903320312
1004_jpg.rf.516f9c3da761252fa68f8ecb0ac95b20.jpg#p00#0#1,1004_jpg.rf.516f9c3da761252fa68f8ecb0ac95b20.jpg,0,0,1,0.993,0,det,template,template,CelebieVenusaur,,,Celebi & Venusaur-GX,1/181,TEU,Team Up,Rare Holo GX,1000.0
1004_jpg.rf.516f9c3da761252fa68f8ecb0ac95b20.jpg#p00#1#2,1004_jpg.rf.516f9c3da761252fa68f8ecb0ac95b20.jpg,0,1,2,0.992,0,det,det,det,Eelektross,115/86,BLKPT,Eelektross,115/86,BLK,Black Bolt,Illustration Rare,1115.0
1004_jpg.rf.516f9c3da761252fa68f8ecb0ac95b20.jpg#p00#3#3,1004_jpg.rf.516f9c3da761252fa68f8ecb0ac95b20.jpg,0,3,3,0.987,0,det,det,template,Magearna,131/214,,Magearna,131/214,LOT,Lost Thunder,Uncommon,1115.0
1004_jpg.rf.516f9c3da761252fa68f8ecb0ac95b20.jpg#p00#5#4,1004_jpg.rf.516f9c3da761252fa68f8ecb0ac95b20.jpg,0,5,4,0.986,0,det,template,template,Fóssil Casca,,,Fossil Excavator,82/100,MD,Majestic Dawn,Uncommon,692.3076782226562
1004_jpg.rf.516f9c3da761252fa68f8ecb0ac95b20.jpg#p00#8#5,1004_jpg.rf.516f9c3da761252fa68f8ecb0ac95b20.jpg,0,8,5,0.984,0,det,det,template,Shinx,049/172,,Shinx,49/172,BRS,Brilliant Stars,Common,1115.0
1004_jpg.rf.516f9c3da761252fa68f8ecb0ac95b20.jpg#p00#2#6,1004_jpg.rf.516f9c3da761252fa68f8ecb0ac95b20.jpg,0,2,6,0.988,0,det,det,template,Medicham,098/192,,Medicham,98/192,RCL,Rebel Clash,Uncommon,1115.0
1004_jpg.rf.516f9c3da761252fa68f8ecb0ac95b20.jpg#p00#4#7,1004_jpg.rf.516f9c3da761252fa68f8ecb0ac95b20.jpg,0,4,7,0.987,0,det,det,det,Hippopotas,105/182,DRI,Hippopotas,105/182,DRI,Destined Rivals,Common,1125.0
1004_jpg.rf.516f9c3da761252fa68f8ecb0ac95b20.jpg#p00#6#8,1004_jpg.rf.516f9c3da761252fa68f8ecb0ac95b20.jpg,0,6,8,0.985,0,det,det,template,Urshifu Golpe Fluido,044/198,,Sharpedo,43/162,TEF,Temporal Forces,Uncommon,476.5384521484375
1005_jpg.rf.1e73d949a2dc47d750542e02fe96b316.jpg#p00#8#0,1005_jpg.rf.1e73d949a2dc47d750542e02fe96b316.jpg,0,8,0,0.983,180,template,det,template,,,,Alakazam,1/130,B2,Base Set 2,Rare Holo,0.0
1005_jpg.rf.1e73d949a2dc47d750542e02fe96b316.jpg#p00#6#1,1005_jpg.rf.1e73d949a2dc47d750542e02fe96b316.jpg,0,6,1,0.985,0,det,det,template,Wimpod,008/145,,Wimpod,8/145,GRI,Guardians Rising,Common,1115.0
1005_jpg.rf.1e73d949a2dc47d750542e02fe96b316.jpg#p00#0#2,1005_jpg.rf.1e73d949a2dc47d750542e02fe96b316.jpg,0,0,2,0.99,0,det,det,det,Eternatus,069/94,PFLPT,Eternatus,69/94,PFL,Phantasmal Flames,Uncommon,1115.0
1005_jpg.rf.1e73d949a2dc47d750542e02fe96b316.jpg#p00#2#3,1005_jpg.rf.1e73d949a2dc47d750542e02fe96b316.jpg,0,2,3,0.987,0,det,det,template,Ponyta,023/236,,Ponyta,23/236,CEC,Cosmic Eclipse,Common,1115.0
1005_jpg.rf.1e73d949a2dc47d750542e02fe96b316.jpg#p00#4#4,1005_jpg.rf.1e73d949a2dc47d750542e02fe96b316.jpg,0,4,4,0.986,0,det,det,template,Glastrier,051/196,,Glastrier,51/196,LOR,Lost Origin,Rare Holo,1115.0
1005_jpg.rf.1e73d949a2dc47d750542e02fe96b316.jpg#p00#7#5,1005_jpg.rf.1e73d949a2dc47d750542e02fe96b316.jpg,0,7,5,0.984,0,det,det,det,Glaceon,,SVPP,Glaceon,BW90/101,BWP,BW Black Star Promos,Promo,1040.0
1005_jpg.rf.1e73d949a2dc47d750542e02fe96b316.jpg#p00#1#6,1005_jpg.rf.1e73d949a2dc47d750542e02fe96b316.jpg,0,1,6,0.989,0,det,det,template,Emboar,019/114,,Emboar,19/114,BLW,Black & White,Rare Holo,1115.0
1005_jpg.rf.1e73d949a2dc47d750542e02fe96b316.jpg#p00#3#7,1005_jpg.rf.1e73d949a2dc47d750542e02fe96b316.jpg,0,3,7,0.987,0,det,det,template,Heatmor,023/135,,Heatmor,23/135,PLS,Plasma Storm,Uncommon,1115.0
1005_jpg.rf.1e73d949a2dc47d750542e02fe96b316.jpg#p00#5#8,1005_jpg.rf.1e73d949a2dc47d750542e02fe96b316.jpg,0,5,8,0.985,0,det,det,template,Lillipup,120/149,,Lillipup,120/149,BCR,Boundaries Crossed,Common,1115.0
1006_jpg.rf.a7971d880e2754ccc7f024b219b9ce53.jpg#p00#8#0,1006_jpg.rf.a7971d880e2754ccc7f024b219b9ce53.jpg,0,8,0,0.978,0,det,det,det,Chespin,087/86,CRIPT,Chespin,XY88/211,XYP,XY Black Star Promos,Promo,1055.0
1006_jpg.rf.a7971d880e2754ccc7f024b219b9ce53.jpg#p00#0#1,1006_jpg.rf.a7971d880e2754ccc7f024b219b9ce53.jpg,0,0,1,0.99,0,det,det,det,Flaaffy,067/198,SVIPT,Flaaffy,67/198,SVI,Scarlet & Violet,Uncommon,1115.0
1006_jpg.rf.a7971d880e2754ccc7f024b219b9ce53.jpg#p00#1#2,1006_jpg.rf.a7971d880e2754ccc7f024b219b9ce53.jpg,0,1,2,0.99,0,det,det,det,Zacian @ do Lupo,111/159,UTGPT,Hop's Zacian ex,111/159,JTG,Journey Together,Double Rare,1075.0
1006_jpg.rf.a7971d880e2754ccc7f024b219b9ce53.jpg#p00#2#3,1006_jpg.rf.a7971d880e2754ccc7f024b219b9ce53.jpg,0,2,3,0.989,0,det,det,template,Ho-OhV,187/195,,Ho-Oh V,187/195,SIT,Silver Tempest,Rare Ultra,1115.0
1006_jpg.rf.a7971d880e2754ccc7f024b219b9ce53.jpg#p00#6#4,1006_jpg.rf.a7971d880e2754ccc7f024b219b9ce53.jpg,0,6,4,0.985,0,det,det,det,Fomantis,013/182,DRIP,Fomantis,13/182,DRI,Destined Rivals,Common,1115.0
1006_jpg.rf.a7971d880e2754ccc7f024b219b9ce53.jpg#p00#5#5,1006_jpg.rf.a7971d880e2754ccc7f024b219b9ce53.jpg,0,5,5,0.985,0,det,det,det,Castform Forma Ensolrada,020/191,SSPPT,Castform Sunny Form,20/191,SSP,Surging Sparks,Common,690.3846435546875
1006_jpg.rf.a7971d880e2754ccc7f024b219b9ce53.jpg#p00#3#6,1006_jpg.rf.a7971d880e2754ccc7f024b219b9ce53.jpg,0,3,6,0.986,0,det,det,template,Spinarak,112/196,,Spinarak,112/196,LOR,Lost Origin,Common,1115.0
1006_jpg.rf.a7971d880e2754ccc7f024b219b9ce53.jpg#p00#7#7,1006_jpg.rf.a7971d880e2754ccc7f024b219b9ce53.jpg,0,7,7,0.985,0,det,det,template,Terrakion,099/101,,Terrakion,99/101,NVI,Noble Victories,Rare Ultra,1115.0
1006_jpg.rf.a7971d880e2754ccc7f024b219b9ce53.jpg#p00#4#8,1006_jpg.rf.a7971d880e2754ccc7f024b219b9ce53.jpg,0,4,8,0.986,0,det,det,det,Mewtwo,150/165,MEWPT,Mewtwo,150/165,MEW,151,Rare,1115.0
1007_jpg.rf.2ae3488ce268ebe1b8408d04f6de9fee.jpg#p00#2#0,1007_jpg.rf.2ae3488ce268ebe1b8408d04f6de9fee.jpg,0,2,0,0.987,0,det,det,template,Koffing,094/198,,Koffing,94/198,CRE,Chilling Reign,Common,1115.0
1007_jpg.rf.2ae3488ce268ebe1b8408d04f6de9fee.jpg#p00#0#1,1007_jpg.rf.2ae3488ce268ebe1b8408d04f6de9fee.jpg,0,0,1,0.991,0,det,det,template,Vila Pô,121/147,,Ilima,121/149,SUM,Sun & Moon,Uncommon,595.4545288085938
1007_jpg.rf.2ae3488ce268ebe1b8408d04f6de9fee.jpg#p00#1#2,1007_jpg.rf.2ae3488ce268ebe1b8408d04f6de9fee.jpg,0,1,2,0.99,0,det,det,template,Elo Espiritual de Venusaur T,089/108,,Venusaur Spirit Link,89/108,EVO,Evolutions,Uncommon,503.5714416503906
1007_jpg.rf.2ae3488ce268ebe1b8408d04f6de9fee.jpg#p00#5#3,1007_jpg.rf.2ae3488ce268ebe1b8408d04f6de9fee.jpg,0,5,3,0.985,0,det,det,template,Carvanha,011/73,,Carvanha,11/73,CPA,Champion's Path,Common,1115.0
1007_jpg.rf.2ae3488ce268ebe1b8408d04f6de9fee.jpg#p00#4#4,1007_jpg.rf.2ae3488ce268ebe1b8408d04f6de9fee.jpg,0,4,4,0.986,0,det,det,template,Talonflame,029/195,,Talonflame,29/195,SIT,Silver Tempest,Rare,1115.0
1007_jpg.rf.2ae3488ce268ebe1b8408d04f6de9fee.jpg#p00#6#5,1007_jpg.rf.2ae3488ce268ebe1b8408d04f6de9fee.jpg,0,6,5,0.985,0,det,det,det,Kyureme,165/86,BLKP1,Kyurem ex,165/86,BLK,Black Bolt,Special Illustration Rare,1075.0
1007_jpg.rf.2ae3488ce268ebe1b8408d04f6de9fee.jpg#p00#7#6,1007_jpg.rf.2ae3488ce268ebe1b8408d04f6de9fee.jpg,0,7,6,0.984,0,det,det,template,Ho-Oh,022/124,,Ho-Oh-EX,22/124,DRX,Dragons Exalted,Rare Holo EX,1075.0
1007_jpg.rf.2ae3488ce268ebe1b8408d04f6de9fee.jpg#p00#3#7,1007_jpg.rf.2ae3488ce268ebe1b8408d04f6de9fee.jpg,0,3,7,0.986,0,det,det,template,Ho-OhGX,021/147,,Ho-Oh-GX,21/147,BUS,Burning Shadows,Rare Holo GX,1115.0
1007_jpg.rf.2ae3488ce268ebe1b8408d04f6de9fee.jpg#p00#8#8,1007_jpg.rf.2ae3488ce268ebe1b8408d04f6de9fee.jpg,0,8,8,0.983,0,det,det,det,Duskull,068/64,SFAPT,Duskull,68/64,SFA,Shrouded Fable,Illustration Rare,1115.0
1008_jpg.rf.29b71b57c5b65509016eb0b8054ef8c1.jpg#p00#3#0,1008_jpg.rf.29b71b57c5b65509016eb0b8054ef8c1.jpg,0,3,0,0.987,0,det,det,template,Crobat,033/119,,Crobat,33/119,PHF,Phantom Forces,Rare,1115.0
1008_jpg.rf.29b71b57c5b65509016eb0b8054ef8c1.jpg#p00#2#1,1008_jpg.rf.29b71b57c5b65509016eb0b8054ef8c1.jpg,0,2,1,0.987,0,det,det,template,Volo,151/159,,Volo,151/159,CRZ,Crown Zenith,Rare Ultra,1115.0
1008_jpg.rf.29b71b57c5b65509016eb0b8054ef8c1.jpg#p00#0#2,1008_jpg.rf.29b71b57c5b65509016eb0b8054ef8c1.jpg,0,0,2,0.989,0,det,det,template,Snover,012/192,,Snover,12/192,RCL,Rebel Clash,Common,1115.0
1008_jpg.rf.29b71b57c5b65509016eb0b8054ef8c1.jpg#p00#1#3,1008_jpg.rf.29b71b57c5b65509016eb0b8054ef8c1.jpg,0,1,3,0.989,0,det,det,det,Megassinal,171/132,MEGPT,Mega Signal,171/132,MEG,Mega Evolution,Ultra Rare,1075.0
1008_jpg.rf.29b71b57c5b65509016eb0b8054ef8c1.jpg#p00#4#4,1008_jpg.rf.29b71b57c5b65509016eb0b8054ef8c1.jpg,0,4,4,0.986,0,det,det,template,Blissey,081/119,,Blissey,81/119,PHF,Phantom Forces,Rare,1115.0
1008_jpg.rf.29b71b57c5b65509016eb0b8054ef8c1.jpg#p00#7#5,1008_jpg.rf.29b71b57c5b65509016eb0b8054ef8c1.jpg,0,7,5,0.984,0,det,det,template,Dunsparce,137/189,,Dunsparce,137/189,DAA,Darkness Ablaze,Common,1115.0
1008_jpg.rf.29b71b57c5b65509016eb0b8054ef8c1.jpg#p00#5#6,1008_jpg.rf.29b71b57c5b65509016eb0b8054ef8c1.jpg,0,5,6,0.986,0,det,det,det,Gogoat,012/198,SVI,Gogoat,12/198,SVI,Scarlet & Violet,Common,1125.0
1008_jpg.rf.29b71b57c5b65509016eb0b8054ef8c1.jpg#p00#6#7,1008_jpg.rf.29b71b57c5b65509016eb0b8054ef8c1.jpg,0,6,7,0.985,0,det,det,det,Pidgeotto,208/197,OBFPT,Pidgeotto,208/197,OBF,Obsidian Flames,Illustration Rare,1115.0
1008_jpg.rf.29b71b57c5b65509016eb0b8054ef8c1.jpg#p00#8#8,1008_jpg.rf.29b71b57c5b65509016eb0b8054ef8c1.jpg,0,8,8,0.981,0,template,template,template,,,,Alakazam,1/130,B2,Base Set 2,Rare Holo,0.0
1009_jpg.rf.0a435e8f156354cceaa16f1bdada2afc.jpg#p00#3#0,1009_jpg.rf.0a435e8f156354cceaa16f1bdada2afc.jpg,0,3,0,0.986,0,det,det,template,Walrein,052/236,,Walrein,52/236,CEC,Cosmic Eclipse,Rare,1115.0
1009_jpg.rf.0a435e8f156354cceaa16f1bdada2afc.jpg#p00#0#1,1009_jpg.rf.0a435e8f156354cceaa16f1bdada2afc.jpg,0,0,1,0.992,0,det,det,template,Marowak de Alola,075/236,,Marowak,73/142,SCR,Stellar Crown,Uncommon,1015.0
1009_jpg.rf.0a435e8f156354cceaa16f1bdada2afc.jpg#p00#1#2,1009_jpg.rf.0a435e8f156354cceaa16f1bdada2afc.jpg,0,1,2,0.988,0,det,det,template,Giratina,062/135,,Giratina,62/135,PLS,Plasma Storm,Rare,1115.0
1009_jpg.rf.0a435e8f156354cceaa16f1bdada2afc.jpg#p00#7#3,1009_jpg.rf.0a435e8f156354cceaa16f1bdada2afc.jpg,0,7,3,0.983,0,det,det,template,SylveonVMAX,211/203,,Sylveon VMAX,211/203,EVS,Evolving Skies,Rare Rainbow,1115.0
1009_jpg.rf.0a435e8f156354cceaa16f1bdada2afc.jpg#p00#6#4,1009_jpg.rf.0a435e8f156354cceaa16f1bdada2afc.jpg,0,6,4,0.984,0,det,det,template,LurantisGX,015/149,,Lurantis-GX,15/149,SUM,Sun & Moon,Rare Holo GX,1115.0
1009_jpg.rf.0a435e8f156354cceaa16f1bdada2afc.jpg#p00#4#5,1009_jpg.rf.0a435e8f156354cceaa16f1bdada2afc.jpg,0,4,5,0.986,0,det,det,template,SableyeV,120/202,,Sableye V,120/202,SSH,Sword & Shield,Rare Holo V,1115.0
1009_jpg.rf.0a435e8f156354cceaa16f1bdada2afc.jpg#p00#8#6,1009_jpg.rf.0a435e8f156354cceaa16f1bdada2afc.jpg,0,8,6,0.982,0,det,det,template,NecrozmaGX,063/147,,Necrozma-GX,63/147,BUS,Burning Shadows,Rare Holo GX,1115.0
1009_jpg.rf.0a435e8f156354cceaa16f1bdada2afc.jpg#p00#2#7,1009_jpg.rf.0a435e8f156354cceaa16f1bdada2afc.jpg,0,2,7,0.987,0,det,det,template,Meowth,067/108,,Meowth,67/108,ROS,Roaring Skies,Common,1115.0
1009_jpg.rf.0a435e8f156354cceaa16f1bdada2afc.jpg#p00#5#8,1009_jpg.rf.0a435e8f156354cceaa16f1bdada2afc.jpg,0,5,8,0.985,0,det,det,template,Dewott,031/114,,Dewott,31/114,STS,Steam Siege,Uncommon,1115.0
1010_jpg.rf.02bacd40a4e132c46d3368ea27dc4c32.jpg#p00#1#0,1010_jpg.rf.02bacd40a4e132c46d3368ea27dc4c32.jpg,0,1,0,0.987,0,det,det,template,Shiinotic,017/149,,Shiinotic,17/149,SUM,Sun & Moon,Rare Holo,1115.0
1010_jpg.rf.02bacd40a4e132c46d3368ea27dc4c32.jpg#p00#2#1,1010_jpg.rf.02bacd40a4e132c46d3368ea27dc4c32.jpg,0,2,1,0.987,0,det,template,template,ENERGIA,231/198,,Water Energy,231/198,CRE,Chilling Reign,Rare Secret,630.5555419921875
1010_jpg.rf.02bacd40a4e132c46d3368ea27dc4c32.jpg#p00#0#2,1010_jpg.rf.02bacd40a4e132c46d3368ea27dc4c32.jpg,0,0,2,0.991,0,det,det,template,Sliggoo,095/145,,Sliggoo,95/145,GRI,Guardians Rising,Uncommon,1115.0
1010_jpg.rf.02bacd40a4e132c46d3368ea27dc4c32.jpg#p00#6#3,1010_jpg.rf.02bacd40a4e132c46d3368ea27dc4c32.jpg,0,6,3,0.985,0,det,det,det,Sliggoo,095/86,CRIPT,Sliggoo,95/145,GRI,Guardians Rising,Uncommon,1090.0
1010_jpg.rf.02bacd40a4e132c46d3368ea27dc4c32.jpg#p00#7#4,1010_jpg.rf.02bacd40a4e132c46d3368ea27dc4c32.jpg,0,7,4,0.984,0,det,det,det,Tympole,019/86,BIKP7,Tympole,19/86,BLK,Black Bolt,Common,1115.0
1010_jpg.rf.02bacd40a4e132c46d3368ea27dc4c32.jpg#p00#8#5,1010_jpg.rf.02bacd40a4e132c46d3368ea27dc4c32.jpg,0,8,5,0.983,0,det,det,template,KartanaX,117/111,,Kartana-GX,117/111,CIN,Crimson Invasion,Rare Rainbow,1075.0
1010_jpg.rf.02bacd40a4e132c46d3368ea27dc4c32.jpg#p00#4#6,1010_jpg.rf.02bacd40a4e132c46d3368ea27dc4c32.jpg,0,4,6,0.986,0,det,det,det,Recruta da Equipe Star,195/198,SVIR,Leafeon VSTAR,SWSH195/307,SWSHP,SWSH Black Star Promos,Promo,501.6129150390625
1010_jpg.rf.02bacd40a4e132c46d3368ea27dc4c32.jpg#p00#3#7,1010_jpg.rf.02bacd40a4e132c46d3368ea27dc4c32.jpg,0,3,7,0.987,0,det,det,template,RayquazaVMAX,218/203,,Rayquaza VMAX,218/203,EVS,Evolving Skies,Rare Rainbow,1115.0
1010_jpg.rf.02bacd40a4e132c46d3368ea27dc4c32.jpg#p00#5#8,1010_jpg.rf.02bacd40a4e132c46d3368ea27dc4c32.jpg,0,5,8,0.985,0,det,det,template,Quilava,041/214,,Quilava,41/214,LOT,Lost Thunder,Uncommon,1115.0
1011_jpg.rf.69d4031c5b9cd8b1a485bada31c5deaa.jpg#p00#4#0,1011_jpg.rf.69d4031c5b9cd8b1a485bada31c5deaa.jpg,0,4,0,0.987,0,det,det,template,Dubwool,122/159,,Dubwool,122/159,CRZ,Crown Zenith,Rare,1115.0
1011_jpg.rf.69d4031c5b9cd8b1a485bada31c5deaa.jpg#p00#0#1,1011_jpg.rf.69d4031c5b9cd8b1a485bada31c5deaa.jpg,0,0,1,0.991,0,det,det,template,Decidueye de Hisui ASTRO,084/189,,Hisuian Decidueye VSTAR,84/189,ASR,Astral Radiance,Rare Holo VSTAR,1075.0
1011_jpg.rf.69d4031c5b9cd8b1a485bada31c5deaa.jpg#p00#3#2,1011_jpg.rf.69d4031c5b9cd8b1a485bada31c5deaa.jpg,0,3,2,0.989,0,det,det,det,Phione,055/167,TWMP,Phione,55/167,TWM,Twilight Masquerade,Common,1115.0
1011_jpg.rf.69d4031c5b9cd8b1a485bada31c5deaa.jpg#p00#2#3,1011_jpg.rf.69d4031c5b9cd8b1a485bada31c5deaa.jpg,0,2,3,0.989,0,det,det,det,Trompete de Vidro,260/217,ASCPI,Glass Trumpet,260/217,ASC,Ascended Heroes,Ultra Rare,519.4444580078125
1011_jpg.rf.69d4031c5b9cd8b1a485bada31c5deaa.jpg#p00#6#4,1011_jpg.rf.69d4031c5b9cd8b1a485bada31c5deaa.jpg,0,6,4,0.986,0,det,det,template,Tapu LeleGX,060/145,,Tapu Lele-GX,60/145,GRI,Guardians Rising,Rare Holo GX,1115.0
1011_jpg.rf.69d4031c5b9cd8b1a485bada31c5deaa.jpg#p00#8#5,1011_jpg.rf.69d4031c5b9cd8b1a485bada31c5deaa.jpg,0,8,5,0.984,0,det,det,det,Mãos Férreas,031/131,PREPT,Xerneas,XY31/211,XYP,XY Black Star Promos,Promo,605.5555419921875
1011_jpg.rf.69d4031c5b9cd8b1a485bada31c5deaa.jpg#p00#1#6,1011_jpg.rf.69d4031c5b9cd8b1a485bada31c5deaa.jpg,0,1,6,0.99,0,det,det,template,Scatterbug,006/131,,Scatterbug,6/131,FLI,Forbidden Light,Common,1115.0
1011_jpg.rf.69d4031c5b9cd8b1a485bada31c5deaa.jpg#p00#5#7,1011_jpg.rf.69d4031c5b9cd8b1a485bada31c5deaa.jpg,0,5,7,0.986,0,det,det,template,Natu,027/108,,Natu,27/108,ROS,Roaring Skies,Common,1115.0
1011_jpg.rf.69d4031c5b9cd8b1a485bada31c5deaa.jpg#p00#7#8,1011_jpg.rf.69d4031c5b9cd8b1a485bada31c5deaa.jpg,0,7,8,0.986,0,det,det,template,Sewaddle,006/236,,Sewaddle,6/236,UNM,Unified Minds,Common,1115.0
1012_jpg.rf.4dde815c75b9932387c81953780d421e.jpg#p00#5#0,1012_jpg.rf.4dde815c75b9932387c81953780d421e.jpg,0,5,0,0.985,0,det,det,det,Skitty,130/162,TEF,Skitty,130/162,TEF,Temporal Forces,Common,1125.0
1012_jpg.rf.4dde815c75b9932387c81953780d421e.jpg#p00#1#1,1012_jpg.rf.4dde815c75b9932387c81953780d421e.jpg,0,1,1,0.99,0,det,det,det,Aron,120/167,TWMPT,Aron,120/167,TWM,Twilight Masquerade,Common,1115.0
1012_jpg.rf.4dde815c75b9932387c81953780d421e.jpg#p00#0#2,1012_jpg.rf.4dde815c75b9932387c81953780d421e.jpg,0,0,2,0.991,0,det,det,det,Cubchoo,109/86,BIKPT,Cubchoo,109/86,BLK,Black Bolt,Illustration Rare,1115.0
1012_jpg.rf.4dde815c75b9932387c81953780d421e.jpg#p00#8#3,1012_jpg.rf.4dde815c75b9932387c81953780d421e.jpg,0,8,3,0.981,0,det,det,template,Blastoise,142/146,,Blastoise-EX,142/146,XY,XY,Rare Ultra,1075.0
1012_jpg.rf.4dde815c75b9932387c81953780d421e.jpg#p00#4#4,1012_jpg.rf.4dde815c75b9932387c81953780d421e.jpg,0,4,4,0.985,0,det,det,det,Bonsly,110/197,OBFPRT,Bonsly,110/197,OBF,Obsidian Flames,Common,1115.0
1012_jpg.rf.4dde815c75b9932387c81953780d421e.jpg#p00#7#5,1012_jpg.rf.4dde815c75b9932387c81953780d421e.jpg,0,7,5,0.984,0,det,template,template,ENERGIA,,,N,105/124,FCO,Fates Collide,Uncommon,880.0
1012_jpg.rf.4dde815c75b9932387c81953780d421e.jpg#p00#2#6,1012_jpg.rf.4dde815c75b9932387c81953780d421e.jpg,0,2,6,0.99,0,det,det,template,Oranguru,114/156,,Oranguru,114/156,UPR,Ultra Prism,Uncommon,1115.0
1012_jpg.rf.4dde815c75b9932387c81953780d421e.jpg#p00#3#7,1012_jpg.rf.4dde815c75b9932387c81953780d421e.jpg,0,3,7,0.988,0,det,det,template,Fornalha Gigante,197/236,,Floragato,197/193,PAL,Paldea Evolved,Illustration Rare,633.3333129882812
1012_jpg.rf.4dde815c75b9932387c81953780d421e.jpg#p00#6#8,1012_jpg.rf.4dde815c75b9932387c81953780d421e.jpg,0,6,8,0.985,0,det,det,det,Rockruff,116/193,PALFT,Rockruff,116/193,PAL,Paldea Evolved,Common,1115.0
1013_jpg.rf.512180bc698ccac939ae84712f711102.jpg#p00#8#0,1013_jpg.rf.512180bc698ccac939ae84712f711102.jpg,0,8,0,0.983,0,det,det,template,ZacianV,055/18,,Zacian V,GG48/70,CRZ,Crown Zenith,Rare Holo V,1040.0
1013_jpg.rf.512180bc698ccac939ae84712f711102.jpg#p00#0#1,1013_jpg.rf.512180bc698ccac939ae84712f711102.jpg,0,0,1,0.993,0,det,det,det,Klinklang,101/142,SCRPT,Klinklang,101/142,SCR,Stellar Crown,Rare,1115.0
1013_jpg.rf.512180bc698ccac939ae84712f711102.jpg#p00#4#2,1013_jpg.rf.512180bc698ccac939ae84712f711102.jpg,0,4,2,0.986,0,det,template,template,Doce Raro,000/19,,Heracross,2/198,SVI,Scarlet & Violet,Uncommon,603.2352905273438
1013_jpg.rf.512180bc698ccac939ae84712f711102.jpg#p00#3#3,1013_jpg.rf.512180bc698ccac939ae84712f711102.jpg,0,3,3,0.987,0,det,det,template,Sinistea,089/202,,Sinistea,89/202,SSH,Sword & Shield,Common,1115.0
1013_jpg.rf.512180bc698ccac939ae84712f711102.jpg#p00#6#4,1013_jpg.rf.512180bc698ccac939ae84712f711102.jpg,0,6,4,0.985,0,det,det,template,Substituidor Cruzado,230/264,,Cross Switcher,230/264,FST,Fusion Strike,Uncommon,387.5
1013_jpg.rf.512180bc698ccac939ae84712f711102.jpg#p00#5#5,1013_jpg.rf.512180bc698ccac939ae84712f711102.jpg,0,5,5,0.986,0,det,det,det,Drita,220/167,TWMPT,Erika,16/132,G1,Gym Heroes,Rare Holo,900.0
1013_jpg.rf.512180bc698ccac939ae84712f711102.jpg#p00#2#6,1013_jpg.rf.512180bc698ccac939ae84712f711102.jpg,0,2,6,0.987,0,det,det,template,Spearow,097/149,,Spearow,97/149,SUM,Sun & Moon,Common,1115.0
1013_jpg.rf.512180bc698ccac939ae84712f711102.jpg#p00#1#7,1013_jpg.rf.512180bc698ccac939ae84712f711102.jpg,0,1,7,0.987,0,det,det,template,Nosepass,054/114,,Nosepass,54/114,STS,Steam Siege,Common,1115.0
1013_jpg.rf.512180bc698ccac939ae84712f711102.jpg#p00#7#8,1013_jpg.rf.512180bc698ccac939ae84712f711102.jpg,0,7,8,0.985,0,det,det,det,Oricorio,113/91,PAFPT,Oricorio,113/91,PAF,Paldean Fates,Shiny Rare,1115.0
1014_jpg.rf.ceea5d7337f51ed928140c773699879d.jpg#p00#5#0,1014_jpg.rf.ceea5d7337f51ed928140c773699879d.jpg,0,5,0,0.986,0,det,det,template,Eelektross,059/185,,Eelektross,59/185,VIV,Vivid Voltage,Rare,1115.0
1014_jpg.rf.ceea5d7337f51ed928140c773699879d.jpg#p00#1#1,1014_jpg.rf.ceea5d7337f51ed928140c773699879d.jpg,0,1,1,0.989,0,det,det,template,MalamarVAX,122/192,,Malamar VMAX,122/192,RCL,Rebel Clash,Rare Holo VMAX,1075.0
1014_jpg.rf.ceea5d7337f51ed928140c773699879d.jpg#p00#0#2,1014_jpg.rf.ceea5d7337f51ed928140c773699879d.jpg,0,0,2,0.989,0,det,det,template,Helioptile,049/181,,Helioptile,49/181,TEU,Team Up,Common,1115.0
1014_jpg.rf.ceea5d7337f51ed928140c773699879d.jpg#p00#3#3,1014_jpg.rf.ceea5d7337f51ed928140c773699879d.jpg,0,3,3,0.987,0,template,template,template,,,,Alakazam,1/130,B2,Base Set 2,Rare Holo,0.0
1014_jpg.rf.ceea5d7337f51ed928140c773699879d.jpg#p00#7#4,1014_jpg.rf.ceea5d7337f51ed928140c773699879d.jpg,0,7,4,0.984,0,det,det,template,Floatzel,036/156,,Floatzel,36/156,UPR,Ultra Prism,Uncommon,1115.0
1014_jpg.rf.ceea5d7337f51ed928140c773699879d.jpg#p00#2#5,1014_jpg.rf.ceea5d7337f51ed928140c773699879d.jpg,0,2,5,0.988,0,det,det,det,Tarsila,166/142,SCRPT,Tauros,164/236,UNM,Unified Minds,Uncommon,630.3846435546875
1014_jpg.rf.ceea5d7337f51ed928140c773699879d.jpg#p00#4#6,1014_jpg.rf.ceea5d7337f51ed928140c773699879d.jpg,0,4,6,0.987,0,det,det,template,Zorua,070/108,,Zorua,70/108,DEX,Dark Explorers,Common,1115.0
1014_jpg.rf.ceea5d7337f51ed928140c773699879d.jpg#p00#6#7,1014_jpg.rf.ceea5d7337f51ed928140c773699879d.jpg,0,6,7,0.986,0,det,det,det,Yveltal,118/182,PARPT,Yveltal,118/182,PAR,Paradox Rift,Rare,1115.0
1014_jpg.rf.ceea5d7337f51ed928140c773699879d.jpg#p00#8#8,1014_jpg.rf.ceea5d7337f51ed928140c773699879d.jpg,0,8,8,0.982,0,det,det,det,Liquidificador Perfeito,164/191,SSPP,Unidentified Fossil,165/195,SIT,Silver Tempest,Uncommon,465.0
1015_jpg.rf.7ee9290c1b72ae4ed80168ac01393fd8.jpg#p00#8#0,1015_jpg.rf.7ee9290c1b72ae4ed80168ac01393fd8.jpg,0,8,0,0.985,0,det,det,template,Victini,026/236,,Victini,26/236,UNM,Unified Minds,Rare Holo,1115.0
1015_jpg.rf.7ee9290c1b72ae4ed80168ac01393fd8.jpg#p00#0#1,1015_jpg.rf.7ee9290c1b72ae4ed80168ac01393fd8.jpg,0,0,1,0.99,0,det,det,det,MimikyU da Equipe Rocket,097/217,ASCPS,Team Rocket's Mimikyu,97/217,ASC,Ascended Heroes,Uncommon,1075.0
1015_jpg.rf.7ee9290c1b72ae4ed80168ac01393fd8.jpg#p00#2#2,1015_jpg.rf.7ee9290c1b72ae4ed80168ac01393fd8.jpg,0,2,2,0.987,0,det,det,det,Quadra de Praia,263/182,PARPT,Zeraora VMAX,SWSH264/307,SWSHP,SWSH Black Star Promos,Promo,431.6666564941406
1015_jpg.rf.7ee9290c1b72ae4ed80168ac01393fd8.jpg#p00#1#3,1015_jpg.rf.7ee9290c1b72ae4ed80168ac01393fd8.jpg,0,1,3,0.989,0,det,det,template,Navegador de Estádio,208/236,,Slumbering Forest,207/236,UNM,Unified Minds,Uncommon,451.76470947265625
1015_jpg.rf.7ee9290c1b72ae4ed80168ac01393fd8.jpg#p00#7#4,1015_jpg.rf.7ee9290c1b72ae4ed80168ac01393fd8.jpg,0,7,4,0.985,0,det,det,template,Copperajah,137/202,,Copperajah,137/202,SSH,Sword & Shield,Rare Holo,1115.0
1015_jpg.rf.7ee9290c1b72ae4ed80168ac01393fd8.jpg#p00#4#5,1015_jpg.rf.7ee9290c1b72ae4ed80168ac01393fd8.jpg,0,4,5,0.986,0,det,det,template,Bisharp,073/116,,Bisharp,73/116,PLF,Plasma Freeze,Rare,1115.0
1015_jpg.rf.7ee9290c1b72ae4ed80168ac01393fd8.jpg#p00#5#6,1015_jpg.rf.7ee9290c1b72ae4ed80168ac01393fd8.jpg,0,5,6,0.986,0,det,det,template,Arezu,189/196,,Arezu,189/196,LOR,Lost Origin,Rare Ultra,1115.0
1015_jpg.rf.7ee9290c1b72ae4ed80168ac01393fd8.jpg#p00#3#7,1015_jpg.rf.7ee9290c1b72ae4ed80168ac01393fd8.jpg,0,3,7,0.987,0,det,det,template,Dartrix,020/189,,Dartrix,20/189,ASR,Astral Radiance,Uncommon,1115.0
1015_jpg.rf.7ee9290c1b72ae4ed80168ac01393fd8.jpg#p00#6#8,1015_jpg.rf.7ee9290c1b72ae4ed80168ac01393fd8.jpg,0,6,8,0.985,0,det,det,template,Masquerain,002/101,,Masquerain,2/101,PLB,Plasma Blast,Rare,1115.0
1016_jpg.rf.cbc2a1f6ac204df060b7489ba82171ed.jpg#p00#7#0,1016_jpg.rf.cbc2a1f6ac204df060b7489ba82171ed.jpg,0,7,0,0.985,0,det,det,det,CofagriguseX,224/182,PARPT,Cofagrigus ex,224/182,PAR,Paradox Rift,Ultra Rare,1115.0
1016_jpg.rf.cbc2a1f6ac204df060b7489ba82171ed.jpg#p00#0#1,1016_jpg.rf.cbc2a1f6ac204df060b7489ba82171ed.jpg,0,0,1,0.992,0,det,det,det,Torre Prisma,080/86,CRIPT,Togepi,80/217,ASC,Ascended Heroes,Common,638.2352905273438
1016_jpg.rf.cbc2a1f6ac204df060b7489ba82171ed.jpg#p00#2#2,1016_jpg.rf.cbc2a1f6ac204df060b7489ba82171ed.jpg,0,2,2,0.99,0,det,det,template,Pincurchin,056/159,,Pincurchin,56/159,CRZ,Crown Zenith,Uncommon,1115.0
1016_jpg.rf.cbc2a1f6ac204df060b7489ba82171ed.jpg#p00#4#3,1016_jpg.rf.cbc2a1f6ac204df060b7489ba82171ed.jpg,0,4,3,0.987,0,det,det,template,Valentia do Brock,172/181,,Paldean Tauros,172/91,PAF,Paldean Fates,Shiny Rare,621.4285888671875
1016_jpg.rf.cbc2a1f6ac204df060b7489ba82171ed.jpg#p00#6#4,1016_jpg.rf.cbc2a1f6ac204df060b7489ba82171ed.jpg,0,6,4,0.986,0,det,det,template,Hypno,061/195,,Hypno,61/195,SIT,Silver Tempest,Uncommon,1115.0
1016_jpg.rf.cbc2a1f6ac204df060b7489ba82171ed.jpg#p00#3#5,1016_jpg.rf.cbc2a1f6ac204df060b7489ba82171ed.jpg,0,3,5,0.988,0,det,det,det,Excadrillex,168/86,BLKP7,Excadrill ex,168/86,BLK,Black Bolt,Special Illustration Rare,1115.0
1016_jpg.rf.cbc2a1f6ac204df060b7489ba82171ed.jpg#p00#1#6,1016_jpg.rf.cbc2a1f6ac204df060b7489ba82171ed.jpg,0,1,6,0.991,0,det,det,template,Rhyhorn,074/160,,Rhyhorn,74/160,PRC,Primal Clash,Common,1115.0
1016_jpg.rf.cbc2a1f6ac204df060b7489ba82171ed.jpg#p00#5#7,1016_jpg.rf.cbc2a1f6ac204df060b7489ba82171ed.jpg,0,5,7,0.986,0,det,template,template,Radar Eletromagnético,,,N,96/108,DEX,Dark Explorers,Uncommon,880.0
1016_jpg.rf.cbc2a1f6ac204df060b7489ba82171ed.jpg#p00#8#8,1016_jpg.rf.cbc2a1f6ac204df060b7489ba82171ed.jpg,0,8,8,0.985,0,det,det,det,Zweilous,139/193,PALPT,Zweilous,139/193,PAL,Paldea Evolved,Uncommon,1115.0
1017_jpg.rf.2912644accb48ec6756c7a23fd1aa246.jpg#p00#7#0,1017_jpg.rf.2912644accb48ec6756c7a23fd1aa246.jpg,0,7,0,0.985,0,det,det,template,Steelix,104/236,,Steelix,104/236,UNM,Unified Minds,Rare,1115.0
1017_jpg.rf.2912644accb48ec6756c7a23fd1aa246.jpg#p00#1#1,1017_jpg.rf.2912644accb48ec6756c7a23fd1aa246.jpg,0,1,1,0.988,0,det,det,template,Cascoon,027/214,,Cascoon,27/214,LOT,Lost Thunder,Uncommon,1115.0
1017_jpg.rf.2912644accb48ec6756c7a23fd1aa246.jpg#p00#0#2,1017_jpg.rf.2912644accb48ec6756c7a23fd1aa246.jpg,0,0,2,0.989,0,det,det,det,Arctibax,059/193,PALEI,Arctibax,59/193,PAL,Paldea Evolved,Uncommon,1115.0
1017_jpg.rf.2912644accb48ec6756c7a23fd1aa246.jpg#p00#2#3,1017_jpg.rf.2912644accb48ec6756c7a23fd1aa246.jpg,0,2,3,0.987,0,det,det,template,Probopass,821/244,,Probopass,82/124,DRX,Dragons Exalted,Rare,1040.0
1017_jpg.rf.2912644accb48ec6756c7a23fd1aa246.jpg#p00#6#4,1017_jpg.rf.2912644accb48ec6756c7a23fd1aa246.jpg,0,6,4,0.985,0,det,template,template,Aula do Professor Elm,,,Professor Elm,96/111,N1,Neo Genesis,Uncommon,1000.0
1017_jpg.rf.2912644accb48ec6756c7a23fd1aa246.jpg#p00#8#5,1017_jpg.rf.2912644accb48ec6756c7a23fd1aa246.jpg,0,8,5,0.984,0,det,det,det,Charjabug,055/162,TEFPR,Charjabug,55/162,TEF,Temporal Forces,Common,1115.0
1017_jpg.rf.2912644accb48ec6756c7a23fd1aa246.jpg#p00#3#6,1017_jpg.rf.2912644accb48ec6756c7a23fd1aa246.jpg,0,3,6,0.987,0,det,det,det,Stoutland,076/86,HIR,Stoutland,76/86,WHT,White Flare,Uncommon,1115.0
1017_jpg.rf.2912644accb48ec6756c7a23fd1aa246.jpg#p00#4#7,1017_jpg.rf.2912644accb48ec6756c7a23fd1aa246.jpg,0,4,7,0.987,0,det,template,template,Megapegador,,,Mega Gengar ex,284/217,ASC,Ascended Heroes,Special Illustration Rare,695.6521606445312
1017_jpg.rf.2912644accb48ec6756c7a23fd1aa246.jpg#p00#5#8,1017_jpg.rf.2912644accb48ec6756c7a23fd1aa246.jpg,0,5,8,0.985,0,det,det,template,Dwebble,011/203,,Dwebble,11/203,EVS,Evolving Skies,Common,1115.0
1018_jpg.rf.2065a94b401ed1d4259c29430c36c021.jpg#p00#2#0,1018_jpg.rf.2065a94b401ed1d4259c29430c36c021.jpg,0,2,0,0.989,0,det,det,det,Spidops,,SVPP,Spidops,18/193,PAL,Paldea Evolved,Uncommon,1040.0
1018_jpg.rf.2065a94b401ed1d4259c29430c36c021.jpg#p00#0#1,1018_jpg.rf.2065a94b401ed1d4259c29430c36c021.jpg,0,0,1,0.99,0,det,det,det,Shiftry,005/162,TEFPT,Shiftry,5/162,TEF,Temporal Forces,Uncommon,1115.0
1018_jpg.rf.2065a94b401ed1d4259c29430c36c021.jpg#p00#3#2,1018_jpg.rf.2065a94b401ed1d4259c29430c36c021.jpg,0,3,2,0.989,0,det,det,template,Boltund,076/202,,Boltund,76/202,SSH,Sword & Shield,Rare Holo,1115.0
1018_jpg.rf.2065a94b401ed1d4259c29430c36c021.jpg#p00#5#3,1018_jpg.rf.2065a94b401ed1d4259c29430c36c021.jpg,0,5,3,0.987,0,det,det,template,Medalha do Herói,201/185,,Hero's Medal,201/185,VIV,Vivid Voltage,Rare Secret,491.6666564941406
1018_jpg.rf.2065a94b401ed1d4259c29430c36c021.jpg#p00#6#4,1018_jpg.rf.2065a94b401ed1d4259c29430c36c021.jpg,0,6,4,0.986,0,det,det,det,Croagunk,114/193,PALPT,Croagunk,114/193,PAL,Paldea Evolved,Common,1115.0
1018_jpg.rf.2065a94b401ed1d4259c29430c36c021.jpg#p00#8#5,1018_jpg.rf.2065a94b401ed1d4259c29430c36c021.jpg,0,8,5,0.984,0,det,det,template,Vanillish,044/162,,Vanillish,44/162,BKT,BREAKthrough,Uncommon,1115.0
1018_jpg.rf.2065a94b401ed1d4259c29430c36c021.jpg#p00#1#6,1018_jpg.rf.2065a94b401ed1d4259c29430c36c021.jpg,0,1,6,0.989,0,det,det,template,Vileplume,006/147,,Vileplume,6/147,BUS,Burning Shadows,Rare Holo,1115.0
1018_jpg.rf.2065a94b401ed1d4259c29430c36c021.jpg#p00#4#7,1018_jpg.rf.2065a94b401ed1d4259c29430c36c021.jpg,0,4,7,0.987,0,det,det,template,SuicuneGX,220/214,,Suicune-GX,220/214,LOT,Lost Thunder,Rare Rainbow,1115.0
1018_jpg.rf.2065a94b401ed1d4259c29430c36c021.jpg#p00#7#8,1018_jpg.rf.2065a94b401ed1d4259c29430c36c021.jpg,0,7,8,0.985,0,det,det,template,DragoniteV,191/203,,Dragonite V,191/203,EVS,Evolving Skies,Rare Ultra,1115.0
1019_jpg.rf.a7508d67e5a9a4e2470251fd2d337a1e.jpg#p00#4#0,1019_jpg.rf.a7508d67e5a9a4e2470251fd2d337a1e.jpg,0,4,0,0.987,0,det,det,template,MewtwoVASTRo,031/78,,Mewtwo VSTAR,31/78,PGO,Pokémon GO,Rare Holo VSTAR,1075.0
1019_jpg.rf.a7508d67e5a9a4e2470251fd2d337a1e.jpg#p00#0#1,1019_jpg.rf.a7508d67e5a9a4e2470251fd2d337a1e.jpg,0,0,1,0.99,0,det,det,det,Spheal,199/191,SSPPT,Spheal,199/191,SSP,Surging Sparks,Illustration Rare,1115.0
1019_jpg.rf.a7508d67e5a9a4e2470251fd2d337a1e.jpg#p00#2#2,1019_jpg.rf.a7508d67e5a9a4e2470251fd2d337a1e.jpg,0,2,2,0.989,0,det,det,template,Exploud,137/185,,Exploud,137/185,VIV,Vivid Voltage,Rare,1115.0
1019_jpg.rf.a7508d67e5a9a4e2470251fd2d337a1e.jpg#p00#8#3,1019_jpg.rf.a7508d67e5a9a4e2470251fd2d337a1e.jpg,0,8,3,0.983,0,det,det,det,Magnezone,060/191,SSPRR,Magnezone,60/191,SSP,Surging Sparks,Uncommon,1115.0
1019_jpg.rf.a7508d67e5a9a4e2470251fd2d337a1e.jpg#p00#5#4,1019_jpg.rf.a7508d67e5a9a4e2470251fd2d337a1e.jpg,0,5,4,0.986,0,det,det,det,Mega GardevoireX,089/217,ASCPT,Mega Gardevoir ex,89/217,ASC,Ascended Heroes,Double Rare,1115.0
1019_jpg.rf.a7508d67e5a9a4e2470251fd2d337a1e.jpg#p00#7#5,1019_jpg.rf.a7508d67e5a9a4e2470251fd2d337a1e.jpg,0,7,5,0.985,0,det,det,det,Rocha FérreaeX,192/162,TEF,Iron Crown ex,191/162,TEF,Temporal Forces,Ultra Rare,550.0
1019_jpg.rf.a7508d67e5a9a4e2470251fd2d337a1e.jpg#p00#1#6,1019_jpg.rf.a7508d67e5a9a4e2470251fd2d337a1e.jpg,0,1,6,0.99,0,det,det,template,Vaporeon,025/108,,Vaporeon,25/108,DEX,Dark Explorers,Uncommon,1115.0
1019_jpg.rf.a7508d67e5a9a4e2470251fd2d337a1e.jpg#p00#3#7,1019_jpg.rf.a7508d67e5a9a4e2470251fd2d337a1e.jpg,0,3,7,0.987,0,det,det,template,Genesect GX,224/214,,Genesect-GX,224/214,LOT,Lost Thunder,Rare Rainbow,1115.0
1019_jpg.rf.a7508d67e5a9a4e2470251fd2d337a1e.jpg#p00#6#8,1019_jpg.rf.a7508d67e5a9a4e2470251fd2d337a1e.jpg,0,6,8,0.986,0,det,det,det,Tarsila,172/142,SCRPT,Froslass,174/167,TWM,Twilight Masquerade,Illustration Rare,548.3333129882812
1020_jpg.rf.ec3fca21c37a5c614937e6b837cbff50.jpg#p00#4#0,1020_jpg.rf.ec3fca21c37a5c614937e6b837cbff50.jpg,0,4,0,0.988,0,det,det,det,Togekiss,082/217,ASCP,Togekiss,82/217,ASC,Ascended Heroes,Rare,1115.0
1020_jpg.rf.ec3fca21c37a5c614937e6b837cbff50.jpg#p00#2#1,1020_jpg.rf.ec3fca21c37a5c614937e6b837cbff50.jpg,0,2,1,0.988,0,det,det,template,DodrioV,201/264,,Dodrio V,201/264,FST,Fusion Strike,Rare Holo V,1115.0
1020_jpg.rf.ec3fca21c37a5c614937e6b837cbff50.jpg#p00#1#2,1020_jpg.rf.ec3fca21c37a5c614937e6b837cbff50.jpg,0,1,2,0.99,0,det,det,det,AegislasheX,135/182,PARPT,Aegislash ex,135/182,PAR,Paradox Rift,Double Rare,1115.0
1020_jpg.rf.ec3fca21c37a5c614937e6b837cbff50.jpg#p00#3#3,1020_jpg.rf.ec3fca21c37a5c614937e6b837cbff50.jpg,0,3,3,0.988,0,det,det,template,Carbink,108/196,,Carbink,108/196,LOR,Lost Origin,Uncommon,1115.0
1020_jpg.rf.ec3fca21c37a5c614937e6b837cbff50.jpg#p00#6#4,1020_jpg.rf.ec3fca21c37a5c614937e6b837cbff50.jpg,0,6,4,0.986,0,det,det,template,Trumbeak,144/185,,Trumbeak,144/185,VIV,Vivid Voltage,Uncommon,1115.0
1020_jpg.rf.ec3fca21c37a5c614937e6b837cbff50.jpg#p00#7#5,1020_jpg.rf.ec3fca21c37a5c614937e6b837cbff50.jpg,0,7,5,0.984,0,det,det,template,Snubbull,068/124,,Snubbull,68/124,FCO,Fates Collide,Common,1115.0
1020_jpg.rf.ec3fca21c37a5c614937e6b837cbff50.jpg#p00#0#6,1020_jpg.rf.ec3fca21c37a5c614937e6b837cbff50.jpg,0,0,6,0.99,0,det,det,det,Armarouge,034/191,SSPPT,Armarouge,34/191,SSP,Surging Sparks,Uncommon,1115.0
1020_jpg.rf.ec3fca21c37a5c614937e6b837cbff50.jpg#p00#5#7,1020_jpg.rf.ec3fca21c37a5c614937e6b837cbff50.jpg,0,5,7,0.987,0,det,det,det,Mega Clefable eX,119/88,PORPT,Mega Clefable ex,119/88,POR,Perfect Order,Special Illustration Rare,1115.0
1020_jpg.rf.ec3fca21c37a5c614937e6b837cbff50.jpg#p00#8#8,1020_jpg.rf.ec3fca21c37a5c614937e6b837cbff50.jpg,0,8,8,0.984,0,det,template,template,ScizorGX,,,Scizor-GX,SV72/94,HIFSV,Hidden Fates Shiny Vault,Rare Shiny GX,1040.0
1021_jpg.rf.faf1e35bb5058095f01b226352df78c9.jpg#p00#8#0,1021_jpg.rf.faf1e35bb5058095f01b226352df78c9.jpg,0,8,0,0.984,0,det,det,template,Weavile,031/198,,Weavile,31/198,CRE,Chilling Reign,Rare Holo,1115.0
1021_jpg.rf.faf1e35bb5058095f01b226352df78c9.jpg#p00#0#1,1021_jpg.rf.faf1e35bb5058095f01b226352df78c9.jpg,0,0,1,0.99,0,det,det,template,Stunfisk,068/101,,Stunfisk,68/101,NVI,Noble Victories,Uncommon,1115.0
1021_jpg.rf.faf1e35bb5058095f01b226352df78c9.jpg#p00#1#2,1021_jpg.rf.faf1e35bb5058095f01b226352df78c9.jpg,0,1,2,0.988,0,det,det,template,Muk,046/116,,Muk,46/116,PLF,Plasma Freeze,Rare,1115.0
1021_jpg.rf.faf1e35bb5058095f01b226352df78c9.jpg#p00#5#3,1021_jpg.rf.faf1e35bb5058095f01b226352df78c9.jpg,0,5,3,0.985,0,det,det,template,Peônio,150/198,,Peonia,149/198,CRE,Chilling Reign,Uncommon,1040.0
1021_jpg.rf.faf1e35bb5058095f01b226352df78c9.jpg#p00#3#4,1021_jpg.rf.faf1e35bb5058095f01b226352df78c9.jpg,0,3,4,0.986,0,det,det,det,Indeedee,093/191,SSPPT,Indeedee,93/191,SSP,Surging Sparks,Uncommon,1115.0
1021_jpg.rf.faf1e35bb5058095f01b226352df78c9.jpg#p00#4#5,1021_jpg.rf.faf1e35bb5058095f01b226352df78c9.jpg,0,4,5,0.985,0,det,det,det,Cartão Vermelho Especial,113/86,CRIPT,Cresselia,SWSH114/307,SWSHP,SWSH Black Star Promos,Promo,466.6129150390625
1021_jpg.rf.faf1e35bb5058095f01b226352df78c9.jpg#p00#7#6,1021_jpg.rf.faf1e35bb5058095f01b226352df78c9.jpg,0,7,6,0.985,0,det,det,template,Baltoy,144/264,,Baltoy,144/264,FST,Fusion Strike,Common,1115.0
1021_jpg.rf.faf1e35bb5058095f01b226352df78c9.jpg#p00#2#7,1021_jpg.rf.faf1e35bb5058095f01b226352df78c9.jpg,0,2,7,0.986,0,det,det,det,Absolex,135/197,OBFPT,Absol ex,135/197,OBF,Obsidian Flames,Double Rare,1115.0
1021_jpg.rf.faf1e35bb5058095f01b226352df78c9.jpg#p00#6#8,1021_jpg.rf.faf1e35bb5058095f01b226352df78c9.jpg,0,6,8,0.985,0,det,det,template,Wurmple,006/124,,Wurmple,6/124,DRX,Dragons Exalted,Common,1115.0
1022_jpg.rf.61e21ebef4695fdde5fff5ef23af79ef.jpg#p00#8#0,1022_jpg.rf.61e21ebef4695fdde5fff5ef23af79ef.jpg,0,8,0,0.98,0,det,det,det,Seismitoad,105/86,BLKP,Seismitoad,105/86,BLK,Black Bolt,Illustration Rare,1115.0
1022_jpg.rf.61e21ebef4695fdde5fff5ef23af79ef.jpg#p00#1#1,1022_jpg.rf.61e21ebef4695fdde5fff5ef23af79ef.jpg,0,1,1,0.991,0,det,det,template,Mamoswine,028/135,,Mamoswine,28/135,PLS,Plasma Storm,Rare,1115.0
1022_jpg.rf.61e21ebef4695fdde5fff5ef23af79ef.jpg#p00#0#2,1022_jpg.rf.61e21ebef4695fdde5fff5ef23af79ef.jpg,0,0,2,0.992,0,det,det,det,IncineroareX,187/162,TEFPT,Incineroar ex,187/162,TEF,Temporal Forces,Ultra Rare,1115.0
1022_jpg.rf.61e21ebef4695fdde5fff5ef23af79ef.jpg#p00#2#3,1022_jpg.rf.61e21ebef4695fdde5fff5ef23af79ef.jpg,0,2,3,0.988,0,det,det,template,Araquanid,033/131,,Araquanid,33/131,FLI,Forbidden Light,Uncommon,1115.0
1022_jpg.rf.61e21ebef4695fdde5fff5ef23af79ef.jpg#p00#6#4,1022_jpg.rf.61e21ebef4695fdde5fff5ef23af79ef.jpg,0,6,4,0.984,0,det,det,det,Miraidon,028/84,PBLR,Miraidon ex,28/102,SVP,SVP Black Star Promos,Promo,1050.0
1022_jpg.rf.61e21ebef4695fdde5fff5ef23af79ef.jpg#p00#5#5,1022_jpg.rf.61e21ebef4695fdde5fff5ef23af79ef.jpg,0,5,5,0.985,0,det,det,template,UrsalunaV,102/195,,Ursaluna V,102/195,SIT,Silver Tempest,Rare Holo V,1115.0
1022_jpg.rf.61e21ebef4695fdde5fff5ef23af79ef.jpg#p00#3#6,1022_jpg.rf.61e21ebef4695fdde5fff5ef23af79ef.jpg,0,3,6,0.988,0,det,det,det,Miriam,238/198,SVIPT,Miriam,238/198,SVI,Scarlet & Violet,Ultra Rare,1115.0
1022_jpg.rf.61e21ebef4695fdde5fff5ef23af79ef.jpg#p00#4#7,1022_jpg.rf.61e21ebef4695fdde5fff5ef23af79ef.jpg,0,4,7,0.987,0,det,det,det,Spewpa,006/191,SSPPT,Spewpa,6/191,SSP,Surging Sparks,Common,1115.0
1022_jpg.rf.61e21ebef4695fdde5fff5ef23af79ef.jpg#p00#7#8,1022_jpg.rf.61e21ebef4695fdde5fff5ef23af79ef.jpg,0,7,8,0.983,0,template,template,template,,,,Alakazam,1/130,B2,Base Set 2,Rare Holo,0.0
1023_jpg.rf.cafc61e2cbec4132d693fd9c40ec0f0e.jpg#p00#6#0,1023_jpg.rf.cafc61e2cbec4132d693fd9c40ec0f0e.jpg,0,6,0,0.982,0,det,template,template,Elo Espiritual de Gardevoir,,,Gardevoir,54/98,AOR,Ancient Origins,Rare Holo,1000.0
1023_jpg.rf.cafc61e2cbec4132d693fd9c40ec0f0e.jpg#p00#1#1,1023_jpg.rf.cafc61e2cbec4132d693fd9c40ec0f0e.jpg,0,1,1,0.992,0,det,det,template,Wigglytuff,090/146,,Wigglytuff,90/146,XY,XY,Rare,1115.0
1023_jpg.rf.cafc61e2cbec4132d693fd9c40ec0f0e.jpg#p00#0#2,1023_jpg.rf.cafc61e2cbec4132d693fd9c40ec0f0e.jpg,0,0,2,0.993,0,det,det,det,Scizor,205/197,OBFPT,Scizor,205/197,OBF,Obsidian Flames,Illustration Rare,1115.0
1023_jpg.rf.cafc61e2cbec4132d693fd9c40ec0f0e.jpg#p00#8#3,1023_jpg.rf.cafc61e2cbec4132d693fd9c40ec0f0e.jpg,0,8,3,0.981,0,det,det,template,Ducklett,148/189,,Ducklett,148/189,DAA,Darkness Ablaze,Common,1115.0
1023_jpg.rf.cafc61e2cbec4132d693fd9c40ec0f0e.jpg#p00#3#4,1023_jpg.rf.cafc61e2cbec4132d693fd9c40ec0f0e.jpg,0,3,4,0.985,0,det,det,det,Defensor Férreo,110/84,PBLPT,Defender,109/130,B2,Base Set 2,Uncommon,651.3636474609375
1023_jpg.rf.cafc61e2cbec4132d693fd9c40ec0f0e.jpg#p00#5#5,1023_jpg.rf.cafc61e2cbec4132d693fd9c40ec0f0e.jpg,0,5,5,0.984,0,det,det,template,Gallade,082/236,,Gallade,82/236,CEC,Cosmic Eclipse,Rare Holo,1115.0
1023_jpg.rf.cafc61e2cbec4132d693fd9c40ec0f0e.jpg#p00#7#6,1023_jpg.rf.cafc61e2cbec4132d693fd9c40ec0f0e.jpg,0,7,6,0.982,0,det,det,det,Dewott,022/86,VIHTP,Dewott,22/86,WHT,White Flare,Common,1115.0
1023_jpg.rf.cafc61e2cbec4132d693fd9c40ec0f0e.jpg#p00#2#7,1023_jpg.rf.cafc61e2cbec4132d693fd9c40ec0f0e.jpg,0,2,7,0.986,0,det,det,det,Hypno,017/64,SFAPT,Hypno,17/64,SFA,Shrouded Fable,Uncommon,1115.0
1023_jpg.rf.cafc61e2cbec4132d693fd9c40ec0f0e.jpg#p00#4#8,1023_jpg.rf.cafc61e2cbec4132d693fd9c40ec0f0e.jpg,0,4,8,0.985,0,det,det,template,Toxel,068/192,,Toxel,68/192,RCL,Rebel Clash,Common,1115.0
1024_jpg.rf.9c6a496c3692e13a46057846a7d6e514.jpg#p00#8#0,1024_jpg.rf.9c6a496c3692e13a46057846a7d6e514.jpg,0,8,0,0.983,0,det,det,template,Sneasler de HisuiV,175/189,,Hisuian Sneasler V,175/189,ASR,Astral Radiance,Rare Ultra,637.5
1024_jpg.rf.9c6a496c3692e13a46057846a7d6e514.jpg#p00#1#1,1024_jpg.rf.9c6a496c3692e13a46057846a7d6e514.jpg,0,1,1,0.99,0,det,det,template,Passimian,125/236,,Passimian,125/236,CEC,Cosmic Eclipse,Common,1115.0
1024_jpg.rf.9c6a496c3692e13a46057846a7d6e514.jpg#p00#0#2,1024_jpg.rf.9c6a496c3692e13a46057846a7d6e514.jpg,0,0,2,0.994,0,det,det,template,SylveonV,074/203,,Sylveon V,74/203,EVS,Evolving Skies,Rare Holo V,1115.0
1024_jpg.rf.9c6a496c3692e13a46057846a7d6e514.jpg#p00#3#3,1024_jpg.rf.9c6a496c3692e13a46057846a7d6e514.jpg,0,3,3,0.986,0,det,det,det,Bagon,112/159,LIGP,Bagon,112/159,JTG,Journey Together,Common,1115.0
1024_jpg.rf.9c6a496c3692e13a46057846a7d6e514.jpg#p00#5#4,1024_jpg.rf.9c6a496c3692e13a46057846a7d6e514.jpg,0,5,4,0.986,0,det,det,template,Articuno,032/181,,Articuno,32/181,TEU,Team Up,Rare Holo,1115.0
1024_jpg.rf.9c6a496c3692e13a46057846a7d6e514.jpg#p00#6#5,1024_jpg.rf.9c6a496c3692e13a46057846a7d6e514.jpg,0,6,5,0.984,0,det,det,template,Roserade,009/106,,Roserade,9/106,FLF,Flashfire,Uncommon,1115.0
1024_jpg.rf.9c6a496c3692e13a46057846a7d6e514.jpg#p00#2#6,1024_jpg.rf.9c6a496c3692e13a46057846a7d6e514.jpg,0,2,6,0.987,0,det,det,det,Pacote Férreo,,SVPPR,Computer Error,16/53,WBP,Wizards Black Star Promos,Promo,640.0
1024_jpg.rf.9c6a496c3692e13a46057846a7d6e514.jpg#p00#4#7,1024_jpg.rf.9c6a496c3692e13a46057846a7d6e514.jpg,0,4,7,0.986,0,det,template,template,Staryu,,,Staryu,95/130,B2,Base Set 2,Common,1040.0
1024_jpg.rf.9c6a496c3692e13a46057846a7d6e514.jpg#p00#7#8,1024_jpg.rf.9c6a496c3692e13a46057846a7d6e514.jpg,0,7,8,0.984,0,det,det,det,Natu,025/91,PAFT,Natu,25/91,PAF,Paldean Fates,Common,1115.0
1025_jpg.rf.b6e31fd397b36b4c145e9e995f61d1fa.jpg#p00#3#0,1025_jpg.rf.b6e31fd397b36b4c145e9e995f61d1fa.jpg,0,3,0,0.988,0,det,det,template,Tentacruel,041/214,,Tentacruel,41/214,UNB,Unbroken Bonds,Uncommon,1115.0
1025_jpg.rf.b6e31fd397b36b4c145e9e995f61d1fa.jpg#p00#1#1,1025_jpg.rf.b6e31fd397b36b4c145e9e995f61d1fa.jpg,0,1,1,0.992,0,det,det,det,Rhydon,075/142,SCRPT,Rhydon,75/142,SCR,Stellar Crown,Common,1115.0
1025_jpg.rf.b6e31fd397b36b4c145e9e995f61d1fa.jpg#p00#0#2,1025_jpg.rf.b6e31fd397b36b4c145e9e995f61d1fa.jpg,0,0,2,0.994,0,det,det,template,VileplumeGX,004/236,,Vileplume-GX,4/236,CEC,Cosmic Eclipse,Rare Holo GX,1115.0
1025_jpg.rf.b6e31fd397b36b4c145e9e995f61d1fa.jpg#p00#8#3,1025_jpg.rf.b6e31fd397b36b4c145e9e995f61d1fa.jpg,0,8,3,0.982,0,det,det,det,Aegislash,058/88,PORP,Aegislash,58/88,POR,Perfect Order,Uncommon,1115.0
1025_jpg.rf.b6e31fd397b36b4c145e9e995f61d1fa.jpg#p00#6#4,1025_jpg.rf.b6e31fd397b36b4c145e9e995f61d1fa.jpg,0,6,4,0.986,0,det,det,det,Drilbur,124/86,BIKPE,Drilbur,124/86,BLK,Black Bolt,Illustration Rare,1115.0
1025_jpg.rf.b6e31fd397b36b4c145e9e995f61d1fa.jpg#p00#7#5,1025_jpg.rf.b6e31fd397b36b4c145e9e995f61d1fa.jpg,0,7,5,0.983,0,det,det,template,Joltik,055/185,,Joltik,55/185,VIV,Vivid Voltage,Common,1115.0
1025_jpg.rf.b6e31fd397b36b4c145e9e995f61d1fa.jpg#p00#2#6,1025_jpg.rf.b6e31fd397b36b4c145e9e995f61d1fa.jpg,0,2,6,0.988,0,det,det,det,Xerneas,091/86,CRIPT,Xerneas,96/146,XY,XY,Rare,1040.0
1025_jpg.rf.b6e31fd397b36b4c145e9e995f61d1fa.jpg#p00#4#7,1025_jpg.rf.b6e31fd397b36b4c145e9e995f61d1fa.jpg,0,4,7,0.987,0,det,det,template,Fletchinder,031/189,,Fletchinder,31/189,DAA,Darkness Ablaze,Uncommon,1115.0
1025_jpg.rf.b6e31fd397b36b4c145e9e995f61d1fa.jpg#p00#5#8,1025_jpg.rf.b6e31fd397b36b4c145e9e995f61d1fa.jpg,0,5,8,0.986,0,det,det,template,Salamence,109/203,,Salamence,109/203,EVS,Evolving Skies,Rare Holo,1115.0
1026_jpg.rf.ebb09d960f207c36805072cc27f9a34e.jpg#p00#2#0,1026_jpg.rf.ebb09d960f207c36805072cc27f9a34e.jpg,0,2,0,0.988,0,det,det,template,Naganadel,108/214,,Naganadel,108/214,LOT,Lost Thunder,Rare Holo,1115.0
1026_jpg.rf.ebb09d960f207c36805072cc27f9a34e.jpg#p00#0#1,1026_jpg.rf.ebb09d960f207c36805072cc27f9a34e.jpg,0,0,1,0.993,0,det,det,det,SpidopdaEquipeRocket,187/182,DRIPT,Super Rod,188/193,PAL,Paldea Evolved,Common,443.5714416503906
1026_jpg.rf.ebb09d960f207c36805072cc27f9a34e.jpg#p00#1#2,1026_jpg.rf.ebb09d960f207c36805072cc27f9a34e.jpg,0,1,2,0.992,0,det,det,template,DuraludonVMAX,219/203,,Duraludon VMAX,219/203,EVS,Evolving Skies,Rare Rainbow,1115.0
1026_jpg.rf.ebb09d960f207c36805072cc27f9a34e.jpg#p00#4#3,1026_jpg.rf.ebb09d960f207c36805072cc27f9a34e.jpg,0,4,3,0.987,0,det,det,det,Bola de Ninho,084/91,PAFPT,Deino,84/114,STS,Steam Siege,Common,675.0
1026_jpg.rf.ebb09d960f207c36805072cc27f9a34e.jpg#p00#6#4,1026_jpg.rf.ebb09d960f207c36805072cc27f9a34e.jpg,0,6,4,0.986,0,det,template,template,Kakuna,,,Kakuna,47/130,B2,Base Set 2,Uncommon,1040.0
1026_jpg.rf.ebb09d960f207c36805072cc27f9a34e.jpg#p00#8#5,1026_jpg.rf.ebb09d960f207c36805072cc27f9a34e.jpg,0,8,5,0.984,0,det,det,det,Chansey,187/167,TMMET,Chansey,187/167,TWM,Twilight Masquerade,Illustration Rare,1115.0
1026_jpg.rf.ebb09d960f207c36805072cc27f9a34e.jpg#p00#3#6,1026_jpg.rf.ebb09d960f207c36805072cc27f9a34e.jpg,0,3,6,0.988,0,det,det,template,Hitmonchan,095/202,,Hitmonchan,95/202,SSH,Sword & Shield,Uncommon,1115.0
1026_jpg.rf.ebb09d960f207c36805072cc27f9a34e.jpg#p00#5#7,1026_jpg.rf.ebb09d960f207c36805072cc27f9a34e.jpg,0,5,7,0.986,0,det,det,det,Noctowl,,SVPPT,Noctowl,92/116,PLF,Plasma Freeze,Uncommon,1040.0
1026_jpg.rf.ebb09d960f207c36805072cc27f9a34e.jpg#p00#7#8,1026_jpg.rf.ebb09d960f207c36805072cc27f9a34e.jpg,0,7,8,0.985,0,det,det,det,Riolu,112/217,ASCPT,Riolu,112/217,ASC,Ascended Heroes,Common,1115.0
1027_jpg.rf.f2018a8587f6e18a5159e65cf750f7c8.jpg#p00#5#0,1027_jpg.rf.f2018a8587f6e18a5159e65cf750f7c8.jpg,0,5,0,0.985,0,det,template,template,Volcanion,,,Volcanion,25/132,MEG,Mega Evolution,Uncommon,1040.0
1027_jpg.rf.f2018a8587f6e18a5159e65cf750f7c8.jpg#p00#1#1,1027_jpg.rf.f2018a8587f6e18a5159e65cf750f7c8.jpg,0,1,1,0.989,0,det,det,det,Rockruff,084/159,IG,Rockruff,84/159,JTG,Journey Together,Common,1115.0
1027_jpg.rf.f2018a8587f6e18a5159e65cf750f7c8.jpg#p00#0#2,1027_jpg.rf.f2018a8587f6e18a5159e65cf750f7c8.jpg,0,0,2,0.993,0,det,det,det,Yanmegaex,206/182,DRIPT,Yanmega ex,206/182,DRI,Destined Rivals,Ultra Rare,1115.0
1027_jpg.rf.f2018a8587f6e18a5159e65cf750f7c8.jpg#p00#4#3,1027_jpg.rf.f2018a8587f6e18a5159e65cf750f7c8.jpg,0,4,3,0.985,0,det,det,template,Growlithe,021/149,,Growlithe,21/149,SUM,Sun & Moon,Common,1115.0
1027_jpg.rf.f2018a8587f6e18a5159e65cf750f7c8.jpg#p00#3#4,1027_jpg.rf.f2018a8587f6e18a5159e65cf750f7c8.jpg,0,3,4,0.986,0,det,det,template,Cryogonal,032/101,,Cryogonal,32/101,NVI,Noble Victories,Uncommon,1115.0
1027_jpg.rf.f2018a8587f6e18a5159e65cf750f7c8.jpg#p00#7#5,1027_jpg.rf.f2018a8587f6e18a5159e65cf750f7c8.jpg,0,7,5,0.984,0,det,det,template,Estádio de Turffield,170/192,,Turffield Stadium,170/192,RCL,Rebel Clash,Uncommon,604.4117431640625
1027_jpg.rf.f2018a8587f6e18a5159e65cf750f7c8.jpg#p00#6#6,1027_jpg.rf.f2018a8587f6e18a5159e65cf750f7c8.jpg,0,6,6,0.985,0,det,det,det,Gumshoos,177/197,OBFP,Gumshoos,177/197,OBF,Obsidian Flames,Uncommon,1115.0
1027_jpg.rf.f2018a8587f6e18a5159e65cf750f7c8.jpg#p00#2#7,1027_jpg.rf.f2018a8587f6e18a5159e65cf750f7c8.jpg,0,2,7,0.986,0,det,det,det,Mewtwo,,SVPPT,Mewtwo,10/130,B2,Base Set 2,Rare Holo,1040.0
1027_jpg.rf.f2018a8587f6e18a5159e65cf750f7c8.jpg#p00#8#8,1027_jpg.rf.f2018a8587f6e18a5159e65cf750f7c8.jpg,0,8,8,0.983,0,det,det,det,Nymble,015/142,SCRPT,Nymble,15/142,SCR,Stellar Crown,Common,1115.0
1028_jpg.rf.6f1c4a21f06ebab34d4882dbb51e9b55.jpg#p00#3#0,1028_jpg.rf.6f1c4a21f06ebab34d4882dbb51e9b55.jpg,0,3,0,0.988,0,det,det,det,Rocha Férrea,046/131,PREPT,Cherrim,45/130,DP,Diamond & Pearl,Uncommon,570.5555419921875
1028_jpg.rf.6f1c4a21f06ebab34d4882dbb51e9b55.jpg#p00#1#1,1028_jpg.rf.6f1c4a21f06ebab34d4882dbb51e9b55.jpg,0,1,1,0.989,0,det,det,template,Superpoção,087/108,,Super Potion,87/108,EVO,Evolutions,Uncommon,836.90478515625
1028_jpg.rf.6f1c4a21f06ebab34d4882dbb51e9b55.jpg#p00#0#2,1028_jpg.rf.6f1c4a21f06ebab34d4882dbb51e9b55.jpg,0,0,2,0.994,0,det,det,template,Tapu KokoV,072/202,,Tapu Koko V,72/202,SSH,Sword & Shield,Rare Holo V,1115.0
1028_jpg.rf.6f1c4a21f06ebab34d4882dbb51e9b55.jpg#p00#2#3,1028_jpg.rf.6f1c4a21f06ebab34d4882dbb51e9b55.jpg,0,2,3,0.989,0,det,det,template,Sigilyph,041/98,,Sigilyph,41/98,EPO,Emerging Powers,Uncommon,1115.0
1028_jpg.rf.6f1c4a21f06ebab34d4882dbb51e9b55.jpg#p00#7#4,1028_jpg.rf.6f1c4a21f06ebab34d4882dbb51e9b55.jpg,0,7,4,0.986,0,det,det,template,Petilil,004/145,,Petilil,4/145,GRI,Guardians Rising,Common,1115.0
1028_jpg.rf.6f1c4a21f06ebab34d4882dbb51e9b55.jpg#p00#4#5,1028_jpg.rf.6f1c4a21f06ebab34d4882dbb51e9b55.jpg,0,4,5,0.987,0,det,det,det,Moltres daqiplocket,229/182,DRIP,Clemont's Quick Wit,229/191,SSP,Surging Sparks,Ultra Rare,579.4117431640625
1028_jpg.rf.6f1c4a21f06ebab34d4882dbb51e9b55.jpg#p00#8#6,1028_jpg.rf.6f1c4a21f06ebab34d4882dbb51e9b55.jpg,0,8,6,0.983,0,det,det,template,Sorbus,205/189,,Scizor,205/197,OBF,Obsidian Flames,Illustration Rare,550.0
1028_jpg.rf.6f1c4a21f06ebab34d4882dbb51e9b55.jpg#p00#5#7,1028_jpg.rf.6f1c4a21f06ebab34d4882dbb51e9b55.jpg,0,5,7,0.987,0,det,det,det,Bellibolt daKisser,183/159,LIGPFI,Iono's Bellibolt ex,183/159,JTG,Journey Together,Special Illustration Rare,681.0606079101562
1028_jpg.rf.6f1c4a21f06ebab34d4882dbb51e9b55.jpg#p00#6#8,1028_jpg.rf.6f1c4a21f06ebab34d4882dbb51e9b55.jpg,0,6,8,0.986,0,det,det,template,Magcargo,023/160,,Magcargo,23/160,PRC,Primal Clash,Uncommon,1115.0
1029_jpg.rf.d2e99a4f5cff428dbb038e252f1c1546.jpg#p00#8#0,1029_jpg.rf.d2e99a4f5cff428dbb038e252f1c1546.jpg,0,8,0,0.98,0,det,det,template,Aluna,277/264,,Kakuna,47/130,B2,Base Set 2,Uncommon,900.0
1029_jpg.rf.d2e99a4f5cff428dbb038e252f1c1546.jpg#p00#0#1,1029_jpg.rf.d2e99a4f5cff428dbb038e252f1c1546.jpg,0,0,1,0.989,0,det,det,template,PalkiaFormaOrigemV,167/189,,Palkia-GX,165/156,UPR,Ultra Prism,Rare Rainbow,553.4615478515625
1029_jpg.rf.d2e99a4f5cff428dbb038e252f1c1546.jpg#p00#2#2,1029_jpg.rf.d2e99a4f5cff428dbb038e252f1c1546.jpg,0,2,2,0.988,0,det,det,template,Surskit,013/160,,Surskit,13/160,PRC,Primal Clash,Common,1115.0
1029_jpg.rf.d2e99a4f5cff428dbb038e252f1c1546.jpg#p00#1#3,1029_jpg.rf.d2e99a4f5cff428dbb038e252f1c1546.jpg,0,1,3,0.989,0,det,det,det,Maractus,093/86,BIK,Maractus,93/86,BLK,Black Bolt,Illustration Rare,1115.0
1029_jpg.rf.d2e99a4f5cff428dbb038e252f1c1546.jpg#p00#4#4,1029_jpg.rf.d2e99a4f5cff428dbb038e252f1c1546.jpg,0,4,4,0.987,0,det,det,det,MurkroW da Equipe Rocket,127/182,DRIPT,Team Rocket's Murkrow,127/182,DRI,Destined Rivals,Uncommon,1075.0
1029_jpg.rf.d2e99a4f5cff428dbb038e252f1c1546.jpg#p00#7#5,1029_jpg.rf.d2e99a4f5cff428dbb038e252f1c1546.jpg,0,7,5,0.985,0,det,det,det,Shelmet,008/86,WHTPT,Shelmet,8/86,WHT,White Flare,Common,1115.0
1029_jpg.rf.d2e99a4f5cff428dbb038e252f1c1546.jpg#p00#3#6,1029_jpg.rf.d2e99a4f5cff428dbb038e252f1c1546.jpg,0,3,6,0.988,0,det,det,template,Croconaw,056/264,,Croconaw,56/264,FST,Fusion Strike,Uncommon,1115.0
1029_jpg.rf.d2e99a4f5cff428dbb038e252f1c1546.jpg#p00#5#7,1029_jpg.rf.d2e99a4f5cff428dbb038e252f1c1546.jpg,0,5,7,0.986,0,det,det,template,Eevee e Snorlax,191/181,,Eevee & Snorlax-GX,191/181,TEU,Team Up,Rare Rainbow,1075.0
1029_jpg.rf.d2e99a4f5cff428dbb038e252f1c1546.jpg#p00#6#8,1029_jpg.rf.d2e99a4f5cff428dbb038e252f1c1546.jpg,0,6,8,0.986,0,det,det,det,Arcanine,059/165,MEWPT,Arcanine,59/165,MEW,151,Uncommon,1115.0
1030_jpg.rf.da683cb124392adbc83d8c93ae403e1b.jpg#p00#7#0,1030_jpg.rf.da683cb124392adbc83d8c93ae403e1b.jpg,0,7,0,0.982,0,det,template,template,Winona,,,Winona,96/108,ROS,Roaring Skies,Uncommon,1040.0
1030_jpg.rf.da683cb124392adbc83d8c93ae403e1b.jpg#p00#0#1,1030_jpg.rf.da683cb124392adbc83d8c93ae403e1b.jpg,0,0,1,0.991,0,det,det,template,Nickit,112/189,,Nickit,112/189,DAA,Darkness Ablaze,Common,1115.0
1030_jpg.rf.da683cb124392adbc83d8c93ae403e1b.jpg#p00#1#2,1030_jpg.rf.da683cb124392adbc83d8c93ae403e1b.jpg,0,1,2,0.989,0,det,det,template,Spritzee,084/122,,Spritzee,84/122,BKP,BREAKpoint,Common,1115.0
1030_jpg.rf.da683cb124392adbc83d8c93ae403e1b.jpg#p00#8#3,1030_jpg.rf.da683cb124392adbc83d8c93ae403e1b.jpg,0,8,3,0.981,0,det,det,det,Mega PyroareX,015/86,CRIPT,Mega Charizard X ex,13/94,PFL,Phantasmal Flames,Double Rare,1015.0
1030_jpg.rf.da683cb124392adbc83d8c93ae403e1b.jpg#p00#4#4,1030_jpg.rf.da683cb124392adbc83d8c93ae403e1b.jpg,0,4,4,0.986,0,det,det,template,Aerodactyl,053/108,,Aerodactyl,53/108,DEX,Dark Explorers,Rare,1115.0
1030_jpg.rf.da683cb124392adbc83d8c93ae403e1b.jpg#p00#6#5,1030_jpg.rf.da683cb124392adbc83d8c93ae403e1b.jpg,0,6,5,0.983,0,det,det,det,Shinx,135/91,PAFT,Shinx,135/91,PAF,Paldean Fates,Shiny Rare,1115.0
1030_jpg.rf.da683cb124392adbc83d8c93ae403e1b.jpg#p00#3#6,1030_jpg.rf.da683cb124392adbc83d8c93ae403e1b.jpg,0,3,6,0.986,0,det,det,template,Skarmory,087/135,,Skarmory,87/135,PLS,Plasma Storm,Rare,1115.0
1030_jpg.rf.da683cb124392adbc83d8c93ae403e1b.jpg#p00#2#7,1030_jpg.rf.da683cb124392adbc83d8c93ae403e1b.jpg,0,2,7,0.986,0,det,det,template,UrshifuGColpeDecisivV,151/163,,Single Strike Urshifu V,151/163,BST,Battle Styles,Rare Ultra,465.243896484375
1030_jpg.rf.da683cb124392adbc83d8c93ae403e1b.jpg#p00#5#8,1030_jpg.rf.da683cb124392adbc83d8c93ae403e1b.jpg,0,5,8,0.983,0,det,det,template,NecrozmaV,063/163,,Necrozma V,63/163,BST,Battle Styles,Rare Holo V,1115.0
1031_jpg.rf.1eb2fc7f90bf9dc269f6601ce906b172.jpg#p00#6#0,1031_jpg.rf.1eb2fc7f90bf9dc269f6601ce906b172.jpg,0,6,0,0.985,0,det,det,det,Cofagrigus,040/86,WHTPT,Cofagrigus,40/86,WHT,White Flare,Rare,1115.0
1031_jpg.rf.1eb2fc7f90bf9dc269f6601ce906b172.jpg#p00#0#1,1031_jpg.rf.1eb2fc7f90bf9dc269f6601ce906b172.jpg,0,0,1,0.991,0,det,det,template,Meowstic,043/106,,Meowstic,43/106,FLF,Flashfire,Rare,1115.0
1031_jpg.rf.1eb2fc7f90bf9dc269f6601ce906b172.jpg#p00#1#2,1031_jpg.rf.1eb2fc7f90bf9dc269f6601ce906b172.jpg,0,1,2,0.99,0,det,det,det,Lilligant,007/159,IGPT,Lilligant,7/159,JTG,Journey Together,Common,1115.0
1031_jpg.rf.1eb2fc7f90bf9dc269f6601ce906b172.jpg#p00#8#3,1031_jpg.rf.1eb2fc7f90bf9dc269f6601ce906b172.jpg,0,8,3,0.984,0,det,det,template,Regidrago,124/203,,Regidrago,124/203,EVS,Evolving Skies,Rare Holo,1115.0
1031_jpg.rf.1eb2fc7f90bf9dc269f6601ce906b172.jpg#p00#4#4,1031_jpg.rf.1eb2fc7f90bf9dc269f6601ce906b172.jpg,0,4,4,0.986,0,det,det,template,Goldeen,027/162,,Goldeen,27/162,BKT,BREAKthrough,Common,1115.0
1031_jpg.rf.1eb2fc7f90bf9dc269f6601ce906b172.jpg#p00#2#5,1031_jpg.rf.1eb2fc7f90bf9dc269f6601ce906b172.jpg,0,2,5,0.988,0,det,det,det,Tranquill,149/86,BLKPD,Tranquill,149/86,BLK,Black Bolt,Illustration Rare,1115.0
1031_jpg.rf.1eb2fc7f90bf9dc269f6601ce906b172.jpg#p00#3#6,1031_jpg.rf.1eb2fc7f90bf9dc269f6601ce906b172.jpg,0,3,6,0.986,0,det,det,template,Memória Elétrica,121/156,,Meloetta,123/236,UNM,Unified Minds,Rare,536.7391357421875
1031_jpg.rf.1eb2fc7f90bf9dc269f6601ce906b172.jpg#p00#5#7,1031_jpg.rf.1eb2fc7f90bf9dc269f6601ce906b172.jpg,0,5,7,0.985,0,det,det,template,DarkraiV,098/189,,Darkrai V,98/189,ASR,Astral Radiance,Rare Holo V,1115.0
1031_jpg.rf.1eb2fc7f90bf9dc269f6601ce906b172.jpg#p00#7#8,1031_jpg.rf.1eb2fc7f90bf9dc269f6601ce906b172.jpg,0,7,8,0.984,0,det,det,template,Malamar,077/146,,Malamar,77/146,XY,XY,Rare,1115.0
1032_jpg.rf.902193a9b45fc8ca980426688215821d.jpg#p00#8#0,1032_jpg.rf.902193a9b45fc8ca980426688215821d.jpg,0,8,0,0.981,0,det,det,det,TatsugirieX,226/191,SSPPR,Tatsugiri ex,226/191,SSP,Surging Sparks,Ultra Rare,1115.0
1032_jpg.rf.902193a9b45fc8ca980426688215821d.jpg#p00#0#1,1032_jpg.rf.902193a9b45fc8ca980426688215821d.jpg,0,0,1,0.99,0,det,det,template,Vullaby,057/124,,Vullaby,57/124,FCO,Fates Collide,Common,1115.0
1032_jpg.rf.902193a9b45fc8ca980426688215821d.jpg#p00#1#2,1032_jpg.rf.902193a9b45fc8ca980426688215821d.jpg,0,1,2,0.988,0,det,det,template,Sharpedo,028/145,,Sharpedo,28/145,GRI,Guardians Rising,Rare,1115.0
1032_jpg.rf.902193a9b45fc8ca980426688215821d.jpg#p00#7#3,1032_jpg.rf.902193a9b45fc8ca980426688215821d.jpg,0,7,3,0.983,0,det,det,det,Kaya,258/182,PARPT,Koga,19/132,G2,Gym Challenge,Rare Holo,900.0
1032_jpg.rf.902193a9b45fc8ca980426688215821d.jpg#p00#3#4,1032_jpg.rf.902193a9b45fc8ca980426688215821d.jpg,0,3,4,0.986,0,det,det,template,Indeedee,056/72,,Indeedee,56/72,SHF,Shining Fates,Rare Holo,1115.0
1032_jpg.rf.902193a9b45fc8ca980426688215821d.jpg#p00#4#5,1032_jpg.rf.902193a9b45fc8ca980426688215821d.jpg,0,4,5,0.986,0,det,template,template,Ninetales de Alola GX,,,Ninetales,38/106,EM,Emerald,Uncommon,1000.0
1032_jpg.rf.902193a9b45fc8ca980426688215821d.jpg#p00#2#6,1032_jpg.rf.902193a9b45fc8ca980426688215821d.jpg,0,2,6,0.988,0,det,det,det,Uxie,078/191,SSPPR,Uxie,78/191,SSP,Surging Sparks,Common,1115.0
1032_jpg.rf.902193a9b45fc8ca980426688215821d.jpg#p00#6#7,1032_jpg.rf.902193a9b45fc8ca980426688215821d.jpg,0,6,7,0.983,0,det,det,template,Lickitung,138/196,,Lickitung,138/196,LOR,Lost Origin,Common,1115.0
1032_jpg.rf.902193a9b45fc8ca980426688215821d.jpg#p00#5#8,1032_jpg.rf.902193a9b45fc8ca980426688215821d.jpg,0,5,8,0.984,0,det,template,template,Energia UnitáriaE,001/156,,Altaria,1/107,DX,Deoxys,Rare Holo,571.7391357421875
1033_jpg.rf.0deea66096e0317180c41a3249ba6b4d.jpg#p00#8#0,1033_jpg.rf.0deea66096e0317180c41a3249ba6b4d.jpg,0,8,0,0.982,0,det,det,det,Chien-PaoeX,242/91,PAFPT,Chien-Pao ex,242/91,PAF,Paldean Fates,Hyper Rare,1115.0
1033_jpg.rf.0deea66096e0317180c41a3249ba6b4d.jpg#p00#0#1,1033_jpg.rf.0deea66096e0317180c41a3249ba6b4d.jpg,0,0,1,0.99,0,det,det,template,WhimsicottV,160/172,,Whimsicott V,160/172,BRS,Brilliant Stars,Rare Ultra,1115.0
1033_jpg.rf.0deea66096e0317180c41a3249ba6b4d.jpg#p00#1#2,1033_jpg.rf.0deea66096e0317180c41a3249ba6b4d.jpg,0,1,2,0.989,0,det,det,template,Pidove,078/108,,Pidove,78/108,ROS,Roaring Skies,Common,1115.0
1033_jpg.rf.0deea66096e0317180c41a3249ba6b4d.jpg#p00#5#3,1033_jpg.rf.0deea66096e0317180c41a3249ba6b4d.jpg,0,5,3,0.984,0,det,det,det,Lampent,037/167,TWMPT,Lampent,37/167,TWM,Twilight Masquerade,Common,1115.0
1033_jpg.rf.0deea66096e0317180c41a3249ba6b4d.jpg#p00#4#4,1033_jpg.rf.0deea66096e0317180c41a3249ba6b4d.jpg,0,4,4,0.986,0,det,det,template,Sinistea,082/189,,Sinistea,82/189,DAA,Darkness Ablaze,Common,1115.0
1033_jpg.rf.0deea66096e0317180c41a3249ba6b4d.jpg#p00#6#5,1033_jpg.rf.0deea66096e0317180c41a3249ba6b4d.jpg,0,6,5,0.984,0,det,det,det,Pupitar,048/131,PRET,Pupitar,48/131,PRE,Prismatic Evolutions,Common,1115.0
1033_jpg.rf.0deea66096e0317180c41a3249ba6b4d.jpg#p00#2#6,1033_jpg.rf.0deea66096e0317180c41a3249ba6b4d.jpg,0,2,6,0.988,0,det,det,template,Cloyster,024/122,,Cloyster,24/122,BKP,BREAKpoint,Uncommon,1115.0
1033_jpg.rf.0deea66096e0317180c41a3249ba6b4d.jpg#p00#3#7,1033_jpg.rf.0deea66096e0317180c41a3249ba6b4d.jpg,0,3,7,0.987,0,det,det,template,Pyroar,019/131,,Pyroar,19/131,FLI,Forbidden Light,Rare Holo,1115.0
1033_jpg.rf.0deea66096e0317180c41a3249ba6b4d.jpg#p00#7#8,1033_jpg.rf.0deea66096e0317180c41a3249ba6b4d.jpg,0,7,8,0.984,0,det,det,det,Minccino,136/162,TEFET,Minccino,136/162,TEF,Temporal Forces,Common,1115.0
1034_jpg.rf.ef0e6a5449f9752434f72b0256f73d5b.jpg#p00#7#0,1034_jpg.rf.ef0e6a5449f9752434f72b0256f73d5b.jpg,0,7,0,0.985,0,det,det,template,Aron,123/214,,Aron,123/214,UNB,Unbroken Bonds,Common,1115.0
1034_jpg.rf.ef0e6a5449f9752434f72b0256f73d5b.jpg#p00#1#1,1034_jpg.rf.ef0e6a5449f9752434f72b0256f73d5b.jpg,0,1,1,0.992,0,det,det,det,Froakie,056/197,OBFPT,Froakie,56/197,OBF,Obsidian Flames,Common,1115.0
1034_jpg.rf.ef0e6a5449f9752434f72b0256f73d5b.jpg#p00#0#2,1034_jpg.rf.ef0e6a5449f9752434f72b0256f73d5b.jpg,0,0,2,0.993,0,det,det,template,GenesectX,120/124,,Genesect-EX,120/124,FCO,Fates Collide,Rare Ultra,1075.0
1034_jpg.rf.ef0e6a5449f9752434f72b0256f73d5b.jpg#p00#6#3,1034_jpg.rf.ef0e6a5449f9752434f72b0256f73d5b.jpg,0,6,3,0.985,0,det,det,template,Cacnea,004/72,,Cacnea,4/72,SHF,Shining Fates,Common,1115.0
1034_jpg.rf.ef0e6a5449f9752434f72b0256f73d5b.jpg#p00#8#4,1034_jpg.rf.ef0e6a5449f9752434f72b0256f73d5b.jpg,0,8,4,0.984,0,det,det,det,WigglytuffeX,040/165,MEWPR,Wigglytuff ex,40/165,MEW,151,Double Rare,1115.0
1034_jpg.rf.ef0e6a5449f9752434f72b0256f73d5b.jpg#p00#2#5,1034_jpg.rf.ef0e6a5449f9752434f72b0256f73d5b.jpg,0,2,5,0.987,0,det,det,template,Braixen,012/124,,Braixen,12/124,FCO,Fates Collide,Uncommon,1115.0
1034_jpg.rf.ef0e6a5449f9752434f72b0256f73d5b.jpg#p00#5#6,1034_jpg.rf.ef0e6a5449f9752434f72b0256f73d5b.jpg,0,5,6,0.985,0,det,det,template,Chandelure,033/192,,Chandelure,33/192,RCL,Rebel Clash,Rare Holo,1115.0
1034_jpg.rf.ef0e6a5449f9752434f72b0256f73d5b.jpg#p00#3#7,1034_jpg.rf.ef0e6a5449f9752434f72b0256f73d5b.jpg,0,3,7,0.987,0,det,det,template,Grande Bola,119/149,,Great Ball,119/149,SUM,Sun & Moon,Uncommon,601.3157958984375
1034_jpg.rf.ef0e6a5449f9752434f72b0256f73d5b.jpg#p00#4#8,1034_jpg.rf.ef0e6a5449f9752434f72b0256f73d5b.jpg,0,4,8,0.986,0,det,det,template,Porygon-Z,118/198,,Porygon-Z,118/198,CRE,Chilling Reign,Rare Holo,1115.0
1035_jpg.rf.592a1f9b1f86b56021aa4d17db3d3d0d.jpg#p00#5#0,1035_jpg.rf.592a1f9b1f86b56021aa4d17db3d3d0d.jpg,0,5,0,0.986,0,det,det,template,Oranguru,048/111,,Oranguru,48/111,CIN,Crimson Invasion,Rare,1115.0
1035_jpg.rf.592a1f9b1f86b56021aa4d17db3d3d0d.jpg#p00#0#1,1035_jpg.rf.592a1f9b1f86b56021aa4d17db3d3d0d.jpg,0,0,1,0.991,0,det,det,template,Carracosta,026/101,,Carracosta,26/101,NVI,Noble Victories,Rare,1115.0
1035_jpg.rf.592a1f9b1f86b56021aa4d17db3d3d0d.jpg#p00#2#2,1035_jpg.rf.592a1f9b1f86b56021aa4d17db3d3d0d.jpg,0,2,2,0.988,0,det,det,template,Palkia,024/73,,Palkia,24/73,SLG,Shining Legends,Rare Holo,1115.0
1035_jpg.rf.592a1f9b1f86b56021aa4d17db3d3d0d.jpg#p00#1#3,1035_jpg.rf.592a1f9b1f86b56021aa4d17db3d3d0d.jpg,0,1,3,0.989,0,det,det,det,Remoraid,016/86,CRIFT,Remoraid,18/101,PLB,Plasma Blast,Common,1055.0
1035_jpg.rf.592a1f9b1f86b56021aa4d17db3d3d0d.jpg#p00#6#4,1035_jpg.rf.592a1f9b1f86b56021aa4d17db3d3d0d.jpg,0,6,4,0.985,0,det,det,template,Cheryl,159/163,,Cheryl,159/163,BST,Battle Styles,Rare Ultra,1115.0
1035_jpg.rf.592a1f9b1f86b56021aa4d17db3d3d0d.jpg#p00#7#5,1035_jpg.rf.592a1f9b1f86b56021aa4d17db3d3d0d.jpg,0,7,5,0.984,0,det,det,template,Wailord,026/124,,Wailord,26/124,DRX,Dragons Exalted,Rare Holo,1115.0
1035_jpg.rf.592a1f9b1f86b56021aa4d17db3d3d0d.jpg#p00#4#6,1035_jpg.rf.592a1f9b1f86b56021aa4d17db3d3d0d.jpg,0,4,6,0.987,0,det,det,det,Furfrou,067/88,PORPT,Furfrou,67/88,POR,Perfect Order,Common,1115.0
1035_jpg.rf.592a1f9b1f86b56021aa4d17db3d3d0d.jpg#p00#3#7,1035_jpg.rf.592a1f9b1f86b56021aa4d17db3d3d0d.jpg,0,3,7,0.987,0,det,det,template,Zangoose,132/181,,Zangoose,132/181,TEU,Team Up,Rare Holo,1115.0
1035_jpg.rf.592a1f9b1f86b56021aa4d17db3d3d0d.jpg#p00#8#8,1035_jpg.rf.592a1f9b1f86b56021aa4d17db3d3d0d.jpg,0,8,8,0.983,0,det,det,det,Vanillish,190/182,PARPT,Vanillish,190/182,PAR,Paradox Rift,Illustration Rare,1115.0
1036_jpg.rf.2f72c7a12dc57806b22cdd42b1f84f9d.jpg#p00#4#0,1036_jpg.rf.2f72c7a12dc57806b22cdd42b1f84f9d.jpg,0,4,0,0.986,0,det,det,template,Suicune,059/214,,Suicune,59/214,LOT,Lost Thunder,Rare Holo,1115.0
1036_jpg.rf.2f72c7a12dc57806b22cdd42b1f84f9d.jpg#p00#0#1,1036_jpg.rf.2f72c7a12dc57806b22cdd42b1f84f9d.jpg,0,0,1,0.993,0,det,det,det,Quilava do Ethan,033/182,DRIPT,Ethan's Quilava,33/182,DRI,Destined Rivals,Common,1075.0
1036_jpg.rf.2f72c7a12dc57806b22cdd42b1f84f9d.jpg#p00#1#2,1036_jpg.rf.2f72c7a12dc57806b22cdd42b1f84f9d.jpg,0,1,2,0.989,0,det,det,template,Hydreigon,062/111,,Hydreigon,62/111,CIN,Crimson Invasion,Rare,1115.0
1036_jpg.rf.2f72c7a12dc57806b22cdd42b1f84f9d.jpg#p00#8#3,1036_jpg.rf.2f72c7a12dc57806b22cdd42b1f84f9d.jpg,0,8,3,0.981,0,det,det,det,Lucarioex,082/142,SCRPT,Lucario ex,82/142,SCR,Stellar Crown,Double Rare,1115.0
1036_jpg.rf.2f72c7a12dc57806b22cdd42b1f84f9d.jpg#p00#6#4,1036_jpg.rf.2f72c7a12dc57806b22cdd42b1f84f9d.jpg,0,6,4,0.985,0,det,det,template,Érica,191/236,,Erika,191/236,CEC,Cosmic Eclipse,Uncommon,1075.0
1036_jpg.rf.2f72c7a12dc57806b22cdd42b1f84f9d.jpg#p00#2#5,1036_jpg.rf.2f72c7a12dc57806b22cdd42b1f84f9d.jpg,0,2,5,0.988,0,det,det,det,CharizardeX,234/91,PAFMT,Charizard ex,234/91,PAF,Paldean Fates,Special Illustration Rare,1115.0
1036_jpg.rf.2f72c7a12dc57806b22cdd42b1f84f9d.jpg#p00#5#6,1036_jpg.rf.2f72c7a12dc57806b22cdd42b1f84f9d.jpg,0,5,6,0.986,0,det,det,det,Dunsparce,079/131,PRET,Dunsparce,79/131,PRE,Prismatic Evolutions,Common,1115.0
1036_jpg.rf.2f72c7a12dc57806b22cdd42b1f84f9d.jpg#p00#3#7,1036_jpg.rf.2f72c7a12dc57806b22cdd42b1f84f9d.jpg,0,3,7,0.987,0,det,det,template,Sableye,096/214,,Sableye,96/214,LOT,Lost Thunder,Uncommon,1115.0
1036_jpg.rf.2f72c7a12dc57806b22cdd42b1f84f9d.jpg#p00#7#8,1036_jpg.rf.2f72c7a12dc57806b22cdd42b1f84f9d.jpg,0,7,8,0.985,0,det,det,det,Umbreonex,060/131,PREPT,Umbreon ex,60/131,PRE,Prismatic Evolutions,Double Rare,1115.0
1037_jpg.rf.b5773b3d49c54feab3a4128ba4db620f.jpg#p00#8#0,1037_jpg.rf.b5773b3d49c54feab3a4128ba4db620f.jpg,0,8,0,0.984,0,det,det,template,Talonflame,010/119,,Talonflame,10/119,PHF,Phantom Forces,Rare,1115.0
1037_jpg.rf.b5773b3d49c54feab3a4128ba4db620f.jpg#p00#2#1,1037_jpg.rf.b5773b3d49c54feab3a4128ba4db620f.jpg,0,2,1,0.989,0,det,det,template,Pignite,032/236,,Pignite,32/236,CEC,Cosmic Eclipse,Uncommon,1115.0
1037_jpg.rf.b5773b3d49c54feab3a4128ba4db620f.jpg#p00#0#2,1037_jpg.rf.b5773b3d49c54feab3a4128ba4db620f.jpg,0,0,2,0.991,0,det,det,template,Gulpin,037/119,,Gulpin,37/119,PHF,Phantom Forces,Common,1115.0
1037_jpg.rf.b5773b3d49c54feab3a4128ba4db620f.jpg#p00#1#3,1037_jpg.rf.b5773b3d49c54feab3a4128ba4db620f.jpg,0,1,3,0.99,0,det,det,template,Favor da Misty,235/236,,Misty's Favor,235/236,UNM,Unified Minds,Rare Ultra,1075.0
1037_jpg.rf.b5773b3d49c54feab3a4128ba4db620f.jpg#p00#5#4,1037_jpg.rf.b5773b3d49c54feab3a4128ba4db620f.jpg,0,5,4,0.986,0,det,det,template,Poké Ball,035/39,,Poké Ball,35/39,KSS,Kalos Starter Set,nan,1115.0
1037_jpg.rf.b5773b3d49c54feab3a4128ba4db620f.jpg#p00#7#5,1037_jpg.rf.b5773b3d49c54feab3a4128ba4db620f.jpg,0,7,5,0.985,0,det,det,template,Claydol,064/124,,Claydol,64/124,DRX,Dragons Exalted,Rare,1115.0
1037_jpg.rf.b5773b3d49c54feab3a4128ba4db620f.jpg#p00#3#6,1037_jpg.rf.b5773b3d49c54feab3a4128ba4db620f.jpg,0,3,6,0.988,0,det,det,det,Tympole,103/86,BLK,Tympole,103/86,BLK,Black Bolt,Illustration Rare,1125.0
1037_jpg.rf.b5773b3d49c54feab3a4128ba4db620f.jpg#p00#4#7,1037_jpg.rf.b5773b3d49c54feab3a4128ba4db620f.jpg,0,4,7,0.987,0,det,det,det,Hydrapple,188/182,DRIPT,Hydrapple,188/182,DRI,Destined Rivals,Illustration Rare,1115.0
1037_jpg.rf.b5773b3d49c54feab3a4128ba4db620f.jpg#p00#6#8,1037_jpg.rf.b5773b3d49c54feab3a4128ba4db620f.jpg,0,6,8,0.985,0,det,det,det,Annihilapeex,242/193,PALP,Annihilape ex,242/193,PAL,Paldea Evolved,Ultra Rare,1115.0
1038_jpg.rf.f92c89e88ea4e7469cce7d707d4fc277.jpg#p00#7#0,1038_jpg.rf.f92c89e88ea4e7469cce7d707d4fc277.jpg,0,7,0,0.982,0,det,det,det,Steelix,208/182,PARPT,Steelix,208/182,PAR,Paradox Rift,Illustration Rare,1115.0
1038_jpg.rf.f92c89e88ea4e7469cce7d707d4fc277.jpg#p00#0#1,1038_jpg.rf.f92c89e88ea4e7469cce7d707d4fc277.jpg,0,0,1,0.989,0,det,template,template,Marshadow GX,,,Marshadow-GX,137/147,BUS,Burning Shadows,Rare Ultra,1040.0
1038_jpg.rf.f92c89e88ea4e7469cce7d707d4fc277.jpg#p00#1#2,1038_jpg.rf.f92c89e88ea4e7469cce7d707d4fc277.jpg,0,1,2,0.989,0,det,det,template,Golett,089/236,,Golett,89/236,CEC,Cosmic Eclipse,Common,1115.0
1038_jpg.rf.f92c89e88ea4e7469cce7d707d4fc277.jpg#p00#4#3,1038_jpg.rf.f92c89e88ea4e7469cce7d707d4fc277.jpg,0,4,3,0.986,0,det,det,template,Victini,010/145,,Victini,10/145,GRI,Guardians Rising,Rare Holo,1115.0
1038_jpg.rf.f92c89e88ea4e7469cce7d707d4fc277.jpg#p00#6#4,1038_jpg.rf.f92c89e88ea4e7469cce7d707d4fc277.jpg,0,6,4,0.984,0,det,det,template,Lopunny,145/195,,Lopunny,145/195,SIT,Silver Tempest,Uncommon,1115.0
1038_jpg.rf.f92c89e88ea4e7469cce7d707d4fc277.jpg#p00#3#5,1038_jpg.rf.f92c89e88ea4e7469cce7d707d4fc277.jpg,0,3,5,0.988,0,det,det,det,Chandelure,103/86,WHTP,Chandelure,103/86,WHT,White Flare,Illustration Rare,1115.0
1038_jpg.rf.f92c89e88ea4e7469cce7d707d4fc277.jpg#p00#2#6,1038_jpg.rf.f92c89e88ea4e7469cce7d707d4fc277.jpg,0,2,6,0.988,0,det,det,template,Shinx,045/156,,Shinx,45/156,UPR,Ultra Prism,Common,1115.0
1038_jpg.rf.f92c89e88ea4e7469cce7d707d4fc277.jpg#p00#5#7,1038_jpg.rf.f92c89e88ea4e7469cce7d707d4fc277.jpg,0,5,7,0.986,0,det,det,template,RotomV,058/196,,Rotom V,58/196,LOR,Lost Origin,Rare Holo V,1115.0
1038_jpg.rf.f92c89e88ea4e7469cce7d707d4fc277.jpg#p00#8#8,1038_jpg.rf.f92c89e88ea4e7469cce7d707d4fc277.jpg,0,8,8,0.982,0,det,det,det,Levincia,150/159,LIGE,Levincia,150/159,JTG,Journey Together,Uncommon,1115.0
1039_jpg.rf.7d6eed12b6e2d47b87b00380fdb653f7.jpg#p00#3#0,1039_jpg.rf.7d6eed12b6e2d47b87b00380fdb653f7.jpg,0,3,0,0.988,0,det,det,template,Aspirador Perdido,135/159,,Vaporeon,134/165,MEW,151,Rare,515.0
1039_jpg.rf.7d6eed12b6e2d47b87b00380fdb653f7.jpg#p00#1#1,1039_jpg.rf.7d6eed12b6e2d47b87b00380fdb653f7.jpg,0,1,1,0.99,0,det,det,template,Patinadora,203/236,,Latios,203/191,SSP,Surging Sparks,Illustration Rare,550.0
1039_jpg.rf.7d6eed12b6e2d47b87b00380fdb653f7.jpg#p00#0#2,1039_jpg.rf.7d6eed12b6e2d47b87b00380fdb653f7.jpg,0,0,2,0.992,0,det,det,template,Weavile,070/99,,Weavile,70/99,NXD,Next Destinies,Rare,1115.0
1039_jpg.rf.7d6eed12b6e2d47b87b00380fdb653f7.jpg#p00#6#3,1039_jpg.rf.7d6eed12b6e2d47b87b00380fdb653f7.jpg,0,6,3,0.986,0,det,det,template,Electabuzz,043/156,,Electabuzz,43/156,UPR,Ultra Prism,Common,1115.0
1039_jpg.rf.7d6eed12b6e2d47b87b00380fdb653f7.jpg#p00#7#4,1039_jpg.rf.7d6eed12b6e2d47b87b00380fdb653f7.jpg,0,7,4,0.986,0,det,det,det,Articuno,161/159,UIGPT,Articuno,161/159,JTG,Journey Together,Illustration Rare,1115.0
1039_jpg.rf.7d6eed12b6e2d47b87b00380fdb653f7.jpg#p00#5#5,1039_jpg.rf.7d6eed12b6e2d47b87b00380fdb653f7.jpg,0,5,5,0.986,0,det,det,det,Crocalor,202/193,PALPT,Crocalor,202/193,PAL,Paldea Evolved,Illustration Rare,1115.0
1039_jpg.rf.7d6eed12b6e2d47b87b00380fdb653f7.jpg#p00#2#6,1039_jpg.rf.7d6eed12b6e2d47b87b00380fdb653f7.jpg,0,2,6,0.99,0,det,det,det,Mawile,246/217,ASCPI,Mawile,246/217,ASC,Ascended Heroes,Illustration Rare,1115.0
1039_jpg.rf.7d6eed12b6e2d47b87b00380fdb653f7.jpg#p00#4#7,1039_jpg.rf.7d6eed12b6e2d47b87b00380fdb653f7.jpg,0,4,7,0.987,0,det,det,det,Nosepass,107/197,OBFPT,Nosepass,107/197,OBF,Obsidian Flames,Common,1115.0
1039_jpg.rf.7d6eed12b6e2d47b87b00380fdb653f7.jpg#p00#8#8,1039_jpg.rf.7d6eed12b6e2d47b87b00380fdb653f7.jpg,0,8,8,0.986,0,det,det,det,Fraxure,077/64,SFAPT,Fraxure,77/64,SFA,Shrouded Fable,Illustration Rare,1115.0
1040_jpg.rf.1318080d91f0cc1339ee9afeab445710.jpg#p00#8#0,1040_jpg.rf.1318080d91f0cc1339ee9afeab445710.jpg,0,8,0,0.98,0,det,det,det,Aromatisse,039/131,PREPT,Aromatisse,39/131,PRE,Prismatic Evolutions,Common,1115.0
1040_jpg.rf.1318080d91f0cc1339ee9afeab445710.jpg#p00#2#1,1040_jpg.rf.1318080d91f0cc1339ee9afeab445710.jpg,0,2,1,0.988,0,det,det,det,Poltchageist,020/167,TWMPT,Poltchageist,20/167,TWM,Twilight Masquerade,Common,1115.0
1040_jpg.rf.1318080d91f0cc1339ee9afeab445710.jpg#p00#0#2,1040_jpg.rf.1318080d91f0cc1339ee9afeab445710.jpg,0,0,2,0.991,0,det,det,template,Kecleon,122/198,,Kecleon,122/198,CRE,Chilling Reign,Rare,1115.0
1040_jpg.rf.1318080d91f0cc1339ee9afeab445710.jpg#p00#3#3,1040_jpg.rf.1318080d91f0cc1339ee9afeab445710.jpg,0,3,3,0.987,0,det,det,template,Victini,013/108,,Victini,13/108,ROS,Roaring Skies,Rare,1115.0
1040_jpg.rf.1318080d91f0cc1339ee9afeab445710.jpg#p00#7#4,1040_jpg.rf.1318080d91f0cc1339ee9afeab445710.jpg,0,7,4,0.985,0,det,det,template,Kangaskhan,099/149,,Kangaskhan,99/149,SUM,Sun & Moon,Rare Holo,1115.0
1040_jpg.rf.1318080d91f0cc1339ee9afeab445710.jpg#p00#1#5,1040_jpg.rf.1318080d91f0cc1339ee9afeab445710.jpg,0,1,5,0.988,0,det,det,det,WeezingchtapeRodet,199/182,DRIPT,Team Rocket's Weezing,199/182,DRI,Destined Rivals,Illustration Rare,463.8888854980469
1040_jpg.rf.1318080d91f0cc1339ee9afeab445710.jpg#p00#5#6,1040_jpg.rf.1318080d91f0cc1339ee9afeab445710.jpg,0,5,6,0.987,0,det,det,template,Exeggcute,004/111,,Exeggcute,4/111,CIN,Crimson Invasion,Common,1115.0
1040_jpg.rf.1318080d91f0cc1339ee9afeab445710.jpg#p00#4#7,1040_jpg.rf.1318080d91f0cc1339ee9afeab445710.jpg,0,4,7,0.987,0,det,det,template,Ninetales,019/124,,Ninetales,19/124,DRX,Dragons Exalted,Rare Holo,1115.0
1040_jpg.rf.1318080d91f0cc1339ee9afeab445710.jpg#p00#6#8,1040_jpg.rf.1318080d91f0cc1339ee9afeab445710.jpg,0,6,8,0.985,0,det,det,template,Jigglypuff,087/146,,Jigglypuff,87/146,XY,XY,Common,1115.0
1041_jpg.rf.a431e4b08a434a6470ad2933f30b260d.jpg#p00#2#0,1041_jpg.rf.a431e4b08a434a6470ad2933f30b260d.jpg,0,2,0,0.988,0,det,det,det,Zorua,031/64,SFAPT,Zorua,31/64,SFA,Shrouded Fable,Common,1115.0
1041_jpg.rf.a431e4b08a434a6470ad2933f30b260d.jpg#p00#0#1,1041_jpg.rf.a431e4b08a434a6470ad2933f30b260d.jpg,0,0,1,0.991,0,det,det,template,IncineroarGX,027/149,,Incineroar-GX,27/149,SUM,Sun & Moon,Rare Holo GX,1115.0
1041_jpg.rf.a431e4b08a434a6470ad2933f30b260d.jpg#p00#1#2,1041_jpg.rf.a431e4b08a434a6470ad2933f30b260d.jpg,0,1,2,0.989,0,det,det,template,Mr. Mime GX,173/168,,Mr. Mime-GX,173/168,CES,Celestial Storm,Rare Rainbow,1115.0
1041_jpg.rf.a431e4b08a434a6470ad2933f30b260d.jpg#p00#8#3,1041_jpg.rf.a431e4b08a434a6470ad2933f30b260d.jpg,0,8,3,0.979,0,det,det,template,Urshifu Golpe Fluid V,087/163,,Rapid Strike Urshifu V,87/163,BST,Battle Styles,Rare Holo V,507.43243408203125
1041_jpg.rf.a431e4b08a434a6470ad2933f30b260d.jpg#p00#7#4,1041_jpg.rf.a431e4b08a434a6470ad2933f30b260d.jpg,0,7,4,0.984,0,det,det,template,Chimecho,043/111,,Chimecho,43/111,CIN,Crimson Invasion,Common,1115.0
1041_jpg.rf.a431e4b08a434a6470ad2933f30b260d.jpg#p00#6#5,1041_jpg.rf.a431e4b08a434a6470ad2933f30b260d.jpg,0,6,5,0.984,0,template,template,template,,,,Alakazam,1/130,B2,Base Set 2,Rare Holo,0.0
1041_jpg.rf.a431e4b08a434a6470ad2933f30b260d.jpg#p00#4#6,1041_jpg.rf.a431e4b08a434a6470ad2933f30b260d.jpg,0,4,6,0.986,0,det,det,template,CresseliaEX,143/149,,Cresselia-EX,143/149,BCR,Boundaries Crossed,Rare Ultra,1115.0
1041_jpg.rf.a431e4b08a434a6470ad2933f30b260d.jpg#p00#3#7,1041_jpg.rf.a431e4b08a434a6470ad2933f30b260d.jpg,0,3,7,0.986,0,det,template,template,Machadinha de Gelo,015/24,,Arcanine G,15/147,SV,Supreme Victors,Rare,610.0
1041_jpg.rf.a431e4b08a434a6470ad2933f30b260d.jpg#p00#5#8,1041_jpg.rf.a431e4b08a434a6470ad2933f30b260d.jpg,0,5,8,0.984,0,det,det,template,Ralts,060/189,,Ralts,60/189,ASR,Astral Radiance,Common,1115.0
1042_jpg.rf.3acb7ff3bda34ed4ad4c9cfec25c3430.jpg#p00#0#0,1042_jpg.rf.3acb7ff3bda34ed4ad4c9cfec25c3430.jpg,0,0,0,0.988,0,det,det,det,Raticate,061/88,PORPT,Raticate,61/88,POR,Perfect Order,Uncommon,1115.0
1042_jpg.rf.3acb7ff3bda34ed4ad4c9cfec25c3430.jpg#p00#2#1,1042_jpg.rf.3acb7ff3bda34ed4ad4c9cfec25c3430.jpg,0,2,1,0.987,0,det,det,template,StoutlandV,117/163,,Stoutland V,117/163,BST,Battle Styles,Rare Holo V,1115.0
1042_jpg.rf.3acb7ff3bda34ed4ad4c9cfec25c3430.jpg#p00#1#2,1042_jpg.rf.3acb7ff3bda34ed4ad4c9cfec25c3430.jpg,0,1,2,0.987,0,det,det,det,Gongo de Luta,168/132,MEGER,Devolution Spray Z,166/214,UNB,Unbroken Bonds,Uncommon,459.4444580078125
1042_jpg.rf.3acb7ff3bda34ed4ad4c9cfec25c3430.jpg#p00#8#3,1042_jpg.rf.3acb7ff3bda34ed4ad4c9cfec25c3430.jpg,0,8,3,0.979,0,det,det,template,LatiosEX,086/116,,Latios-EX,86/116,PLF,Plasma Freeze,Rare Holo EX,1115.0
1042_jpg.rf.3acb7ff3bda34ed4ad4c9cfec25c3430.jpg#p00#7#4,1042_jpg.rf.3acb7ff3bda34ed4ad4c9cfec25c3430.jpg,0,7,4,0.985,0,det,det,det,Darkraiex,,SVPPT,Darkrai-EX,BW46/101,BWP,BW Black Star Promos,Promo,1040.0
1042_jpg.rf.3acb7ff3bda34ed4ad4c9cfec25c3430.jpg#p00#4#5,1042_jpg.rf.3acb7ff3bda34ed4ad4c9cfec25c3430.jpg,0,4,5,0.986,0,det,det,template,Celebi eVenusaur,182/181,,Celebi & Venusaur-GX,182/181,TEU,Team Up,Rare Rainbow,1075.0
1042_jpg.rf.3acb7ff3bda34ed4ad4c9cfec25c3430.jpg#p00#6#6,1042_jpg.rf.3acb7ff3bda34ed4ad4c9cfec25c3430.jpg,0,6,6,0.985,0,det,det,det,Giacomo,182/193,PALPT,Giacomo,182/193,PAL,Paldea Evolved,Uncommon,1115.0
1042_jpg.rf.3acb7ff3bda34ed4ad4c9cfec25c3430.jpg#p00#3#7,1042_jpg.rf.3acb7ff3bda34ed4ad4c9cfec25c3430.jpg,0,3,7,0.986,0,det,det,det,Froslass,053/167,TWMPT,Froslass,53/167,TWM,Twilight Masquerade,Rare,1115.0
1042_jpg.rf.3acb7ff3bda34ed4ad4c9cfec25c3430.jpg#p00#5#8,1042_jpg.rf.3acb7ff3bda34ed4ad4c9cfec25c3430.jpg,0,5,8,0.986,0,det,det,template,Reuniclus,035/124,,Reuniclus,35/124,FCO,Fates Collide,Rare,1115.0
1043_jpg.rf.a9e187d5e0a6198ae299d53fdb027bbd.jpg#p00#7#0,1043_jpg.rf.a9e187d5e0a6198ae299d53fdb027bbd.jpg,0,7,0,0.984,0,det,det,template,Thwackey,013/202,,Thwackey,13/202,SSH,Sword & Shield,Uncommon,1115.0
1043_jpg.rf.a9e187d5e0a6198ae299d53fdb027bbd.jpg#p00#1#1,1043_jpg.rf.a9e187d5e0a6198ae299d53fdb027bbd.jpg,0,1,1,0.988,0,det,det,template,Durant,008/202,,Durant,8/202,SSH,Sword & Shield,Rare,1115.0
1043_jpg.rf.a9e187d5e0a6198ae299d53fdb027bbd.jpg#p00#2#2,1043_jpg.rf.a9e187d5e0a6198ae299d53fdb027bbd.jpg,0,2,2,0.988,0,det,det,det,Glalie,052/167,TWMP,Glalie,52/167,TWM,Twilight Masquerade,Uncommon,1115.0
1043_jpg.rf.a9e187d5e0a6198ae299d53fdb027bbd.jpg#p00#6#3,1043_jpg.rf.a9e187d5e0a6198ae299d53fdb027bbd.jpg,0,6,3,0.984,0,det,det,template,Sorbus,149/189,,Haxorus,147/86,BLK,Black Bolt,Illustration Rare,630.3846435546875
1043_jpg.rf.a9e187d5e0a6198ae299d53fdb027bbd.jpg#p00#8#4,1043_jpg.rf.a9e187d5e0a6198ae299d53fdb027bbd.jpg,0,8,4,0.979,0,det,det,template,Cresselia,228/203,,Cresselia,228/203,EVS,Evolving Skies,Rare Secret,1115.0
1043_jpg.rf.a9e187d5e0a6198ae299d53fdb027bbd.jpg#p00#5#5,1043_jpg.rf.a9e187d5e0a6198ae299d53fdb027bbd.jpg,0,5,5,0.985,0,det,det,template,Drilbur,089/160,,Drilbur,89/160,PRC,Primal Clash,Common,1115.0
1043_jpg.rf.a9e187d5e0a6198ae299d53fdb027bbd.jpg#p00#0#6,1043_jpg.rf.a9e187d5e0a6198ae299d53fdb027bbd.jpg,0,0,6,0.99,0,det,det,det,Salazzle,024/142,SCRPT,Salazzle,24/142,SCR,Stellar Crown,Uncommon,1115.0
1043_jpg.rf.a9e187d5e0a6198ae299d53fdb027bbd.jpg#p00#3#7,1043_jpg.rf.a9e187d5e0a6198ae299d53fdb027bbd.jpg,0,3,7,0.986,0,det,det,det,Tinkatuff,217/193,PALET,Tinkatuff,217/193,PAL,Paldea Evolved,Illustration Rare,1115.0
1043_jpg.rf.a9e187d5e0a6198ae299d53fdb027bbd.jpg#p00#4#8,1043_jpg.rf.a9e187d5e0a6198ae299d53fdb027bbd.jpg,0,4,8,0.985,0,det,det,det,Scorbunny,225/217,ASCEI,Scorbunny,225/217,ASC,Ascended Heroes,Illustration Rare,1115.0
1044_jpg.rf.1d1704c701e23c2357d85dbc2026b9c4.jpg#p00#5#0,1044_jpg.rf.1d1704c701e23c2357d85dbc2026b9c4.jpg,0,5,0,0.985,0,det,det,template,GarchompV,178/189,,Garchomp V,178/189,ASR,Astral Radiance,Rare Ultra,1115.0
1044_jpg.rf.1d1704c701e23c2357d85dbc2026b9c4.jpg#p00#0#1,1044_jpg.rf.1d1704c701e23c2357d85dbc2026b9c4.jpg,0,0,1,0.991,0,det,det,template,DuraludonVMAX,220/203,,Duraludon VMAX,220/203,EVS,Evolving Skies,Rare Rainbow,1115.0
1044_jpg.rf.1d1704c701e23c2357d85dbc2026b9c4.jpg#p00#2#2,1044_jpg.rf.1d1704c701e23c2357d85dbc2026b9c4.jpg,0,2,2,0.989,0,det,det,det,Doce Raro,175/132,MEGPT,Drapion V,175/185,VIV,Vivid Voltage,Rare Ultra,550.0
1044_jpg.rf.1d1704c701e23c2357d85dbc2026b9c4.jpg#p00#3#3,1044_jpg.rf.1d1704c701e23c2357d85dbc2026b9c4.jpg,0,3,3,0.988,0,det,det,template,Tangela,005/236,,Tangela,5/236,CEC,Cosmic Eclipse,Common,1115.0
1044_jpg.rf.1d1704c701e23c2357d85dbc2026b9c4.jpg#p00#4#4,1044_jpg.rf.1d1704c701e23c2357d85dbc2026b9c4.jpg,0,4,4,0.987,0,det,det,det,Gastly,123/217,ASCPI,Gastly,123/217,ASC,Ascended Heroes,Common,1115.0
1044_jpg.rf.1d1704c701e23c2357d85dbc2026b9c4.jpg#p00#6#5,1044_jpg.rf.1d1704c701e23c2357d85dbc2026b9c4.jpg,0,6,5,0.985,0,det,det,det,ScovillaineX,022/162,TEE,Scovillain ex,22/162,TEF,Temporal Forces,Double Rare,1115.0
1044_jpg.rf.1d1704c701e23c2357d85dbc2026b9c4.jpg#p00#1#6,1044_jpg.rf.1d1704c701e23c2357d85dbc2026b9c4.jpg,0,1,6,0.989,0,det,det,det,Mega Dragalge eX,118/86,CRIPT,Mega Starmie ex,118/88,POR,Perfect Order,Special Illustration Rare,1050.0
1044_jpg.rf.1d1704c701e23c2357d85dbc2026b9c4.jpg#p00#7#7,1044_jpg.rf.1d1704c701e23c2357d85dbc2026b9c4.jpg,0,7,7,0.985,0,det,det,template,Eevee,104/156,,Eevee,104/156,UPR,Ultra Prism,Common,1115.0
1044_jpg.rf.1d1704c701e23c2357d85dbc2026b9c4.jpg#p00#8#8,1044_jpg.rf.1d1704c701e23c2357d85dbc2026b9c4.jpg,0,8,8,0.984,0,det,det,det,Charcadet,038/193,PALRI,Charcadet,38/193,PAL,Paldea Evolved,Common,1115.0
1045_jpg.rf.f83190e023d12ebb34555271d0c31e3a.jpg#p00#7#0,1045_jpg.rf.f83190e023d12ebb34555271d0c31e3a.jpg,0,7,0,0.982,0,det,det,template,Cinccino,089/114,,Cinccino,89/114,BLW,Black & White,Rare,1115.0
1045_jpg.rf.f83190e023d12ebb34555271d0c31e3a.jpg#p00#1#1,1045_jpg.rf.f83190e023d12ebb34555271d0c31e3a.jpg,0,1,1,0.993,0,det,det,det,Leafeon,011/167,TWMP,Leafeon,11/167,TWM,Twilight Masquerade,Uncommon,1115.0
1045_jpg.rf.f83190e023d12ebb34555271d0c31e3a.jpg#p00#0#2,1045_jpg.rf.f83190e023d12ebb34555271d0c31e3a.jpg,0,0,2,0.995,0,det,det,det,Pinsir,168/167,TWMP,Pinsir,168/167,TWM,Twilight Masquerade,Illustration Rare,1115.0
1045_jpg.rf.f83190e023d12ebb34555271d0c31e3a.jpg#p00#4#3,1045_jpg.rf.f83190e023d12ebb34555271d0c31e3a.jpg,0,4,3,0.984,0,det,det,det,Balão de Ar,079/86,BLKF,Gallade,81/113,LTR,Legendary Treasures,Rare,640.0
1045_jpg.rf.f83190e023d12ebb34555271d0c31e3a.jpg#p00#5#4,1045_jpg.rf.f83190e023d12ebb34555271d0c31e3a.jpg,0,5,4,0.984,0,det,det,det,Liderança do Explorador,147/162,TEER,Iron Crown ex,146/102,SVP,SVP Black Star Promos,Promo,452.5
1045_jpg.rf.f83190e023d12ebb34555271d0c31e3a.jpg#p00#3#5,1045_jpg.rf.f83190e023d12ebb34555271d0c31e3a.jpg,0,3,5,0.986,0,det,det,det,Grubbin,002/84,PBLPT,Grubbin,2/12,MCD17,McDonald's Collection 2017,nan,1090.0
1045_jpg.rf.f83190e023d12ebb34555271d0c31e3a.jpg#p00#8#6,1045_jpg.rf.f83190e023d12ebb34555271d0c31e3a.jpg,0,8,6,0.98,0,det,template,template,EnteiGX,,,Entei-GX,71/73,SLG,Shining Legends,Rare Ultra,1040.0
1045_jpg.rf.f83190e023d12ebb34555271d0c31e3a.jpg#p00#2#7,1045_jpg.rf.f83190e023d12ebb34555271d0c31e3a.jpg,0,2,7,0.987,0,det,det,det,Electrode,067/193,PALR,Electrode,67/193,PAL,Paldea Evolved,Uncommon,1115.0
1045_jpg.rf.f83190e023d12ebb34555271d0c31e3a.jpg#p00#6#8,1045_jpg.rf.f83190e023d12ebb34555271d0c31e3a.jpg,0,6,8,0.984,0,det,det,template,CobalionGX,168/181,,Cobalion-GX,168/181,TEU,Team Up,Rare Ultra,1115.0
1046_jpg.rf.9c8cafa11aed72dbf9650f6107906daa.jpg#p00#8#0,1046_jpg.rf.9c8cafa11aed72dbf9650f6107906daa.jpg,0,8,0,0.98,0,det,det,template,Pal Pad,172/202,,Pal Pad,172/202,SSH,Sword & Shield,Uncommon,1115.0
1046_jpg.rf.9c8cafa11aed72dbf9650f6107906daa.jpg#p00#1#1,1046_jpg.rf.9c8cafa11aed72dbf9650f6107906daa.jpg,0,1,1,0.989,0,det,det,template,Mawile,140/236,,Mawile,140/236,CEC,Cosmic Eclipse,Uncommon,1115.0
1046_jpg.rf.9c8cafa11aed72dbf9650f6107906daa.jpg#p00#0#2,1046_jpg.rf.9c8cafa11aed72dbf9650f6107906daa.jpg,0,0,2,0.991,0,det,det,det,Lopunny,084/131,PRET,Lopunny,84/131,PRE,Prismatic Evolutions,Common,1115.0
1046_jpg.rf.9c8cafa11aed72dbf9650f6107906daa.jpg#p00#5#3,1046_jpg.rf.9c8cafa11aed72dbf9650f6107906daa.jpg,0,5,3,0.985,0,det,det,template,Mareanie,051/189,,Mareanie,51/189,DAA,Darkness Ablaze,Common,1115.0
1046_jpg.rf.9c8cafa11aed72dbf9650f6107906daa.jpg#p00#4#4,1046_jpg.rf.9c8cafa11aed72dbf9650f6107906daa.jpg,0,4,4,0.986,0,det,det,template,Palossand,100/195,,Palossand,100/195,SIT,Silver Tempest,Uncommon,1115.0
1046_jpg.rf.9c8cafa11aed72dbf9650f6107906daa.jpg#p00#6#5,1046_jpg.rf.9c8cafa11aed72dbf9650f6107906daa.jpg,0,6,5,0.985,0,det,det,template,Doce Raro,142/168,,Occa Berry,140/142,SCR,Stellar Crown,Uncommon,603.2352905273438
1046_jpg.rf.9c8cafa11aed72dbf9650f6107906daa.jpg#p00#3#6,1046_jpg.rf.9c8cafa11aed72dbf9650f6107906daa.jpg,0,3,6,0.986,0,det,det,det,Zeraora,055/142,SCRPT,Zeraora,55/142,SCR,Stellar Crown,Rare,1115.0
1046_jpg.rf.9c8cafa11aed72dbf9650f6107906daa.jpg#p00#2#7,1046_jpg.rf.9c8cafa11aed72dbf9650f6107906daa.jpg,0,2,7,0.987,0,det,det,det,Arboliva,021/197,OBFF,Arboliva,21/197,OBF,Obsidian Flames,Uncommon,1115.0
1046_jpg.rf.9c8cafa11aed72dbf9650f6107906daa.jpg#p00#7#8,1046_jpg.rf.9c8cafa11aed72dbf9650f6107906daa.jpg,0,7,8,0.984,0,det,det,det,Floette Ange,075/86,CRIPT,Meloetta,77/149,BCR,Boundaries Crossed,Rare Holo,646.5789184570312
1047_jpg.rf.b7d9e54c0e69053bec49de95f8014c38.jpg#p00#8#0,1047_jpg.rf.b7d9e54c0e69053bec49de95f8014c38.jpg,0,8,0,0.982,0,det,det,template,Pesquisa de Professores P,147/172,,Professor's Research,147/172,BRS,Brilliant Stars,Rare Holo,625.0
1047_jpg.rf.b7d9e54c0e69053bec49de95f8014c38.jpg#p00#1#1,1047_jpg.rf.b7d9e54c0e69053bec49de95f8014c38.jpg,0,1,1,0.992,0,det,det,template,Drizzile,056/202,,Drizzile,56/202,SSH,Sword & Shield,Uncommon,1115.0
1047_jpg.rf.b7d9e54c0e69053bec49de95f8014c38.jpg#p00#0#2,1047_jpg.rf.b7d9e54c0e69053bec49de95f8014c38.jpg,0,0,2,0.993,0,det,det,template,LugiaV,138/195,,Lugia V,138/195,SIT,Silver Tempest,Rare Holo V,1115.0
1047_jpg.rf.b7d9e54c0e69053bec49de95f8014c38.jpg#p00#7#3,1047_jpg.rf.b7d9e54c0e69053bec49de95f8014c38.jpg,0,7,3,0.983,0,det,det,template,Fraxure,111/172,,Fraxure,111/172,BRS,Brilliant Stars,Uncommon,1115.0
1047_jpg.rf.b7d9e54c0e69053bec49de95f8014c38.jpg#p00#4#4,1047_jpg.rf.b7d9e54c0e69053bec49de95f8014c38.jpg,0,4,4,0.986,0,det,det,template,Gardevoir,057/99,,Gardevoir,57/99,NXD,Next Destinies,Rare Holo,1115.0
1047_jpg.rf.b7d9e54c0e69053bec49de95f8014c38.jpg#p00#5#5,1047_jpg.rf.b7d9e54c0e69053bec49de95f8014c38.jpg,0,5,5,0.985,0,det,det,template,Pansear,037/264,,Pansear,37/264,FST,Fusion Strike,Common,1115.0
1047_jpg.rf.b7d9e54c0e69053bec49de95f8014c38.jpg#p00#2#6,1047_jpg.rf.b7d9e54c0e69053bec49de95f8014c38.jpg,0,2,6,0.988,0,det,det,template,Klefki,073/111,,Klefki,73/111,FFI,Furious Fists,Uncommon,1115.0
1047_jpg.rf.b7d9e54c0e69053bec49de95f8014c38.jpg#p00#3#7,1047_jpg.rf.b7d9e54c0e69053bec49de95f8014c38.jpg,0,3,7,0.987,0,det,det,template,SteelixEX,108/114,,Steelix-EX,108/114,STS,Steam Siege,Rare Ultra,1115.0
1047_jpg.rf.b7d9e54c0e69053bec49de95f8014c38.jpg#p00#6#8,1047_jpg.rf.b7d9e54c0e69053bec49de95f8014c38.jpg,0,6,8,0.984,0,det,det,template,Sandile,111/195,,Sandile,111/195,SIT,Silver Tempest,Common,1115.0
1048_jpg.rf.d0da1ef60ece1862fafe0cd7e3764307.jpg#p00#8#0,1048_jpg.rf.d0da1ef60ece1862fafe0cd7e3764307.jpg,0,8,0,0.984,0,det,det,det,Energia Básica,207/165,MEWPY,Iscan,207/196,LOR,Lost Origin,Rare Rainbow,494.4444580078125
1048_jpg.rf.d0da1ef60ece1862fafe0cd7e3764307.jpg#p00#5#1,1048_jpg.rf.d0da1ef60ece1862fafe0cd7e3764307.jpg,0,5,1,0.986,0,det,det,template,Cottonee,139/214,,Cottonee,139/214,UNB,Unbroken Bonds,Common,1115.0
1048_jpg.rf.d0da1ef60ece1862fafe0cd7e3764307.jpg#p00#0#2,1048_jpg.rf.d0da1ef60ece1862fafe0cd7e3764307.jpg,0,0,2,0.99,0,det,template,template,Grande Bola,,,N,BW100/101,BWP,BW Black Star Promos,Promo,880.0
1048_jpg.rf.d0da1ef60ece1862fafe0cd7e3764307.jpg#p00#1#3,1048_jpg.rf.d0da1ef60ece1862fafe0cd7e3764307.jpg,0,1,3,0.987,0,det,det,template,Larvitar,040/124,,Larvitar,40/124,FCO,Fates Collide,Common,1115.0
1048_jpg.rf.d0da1ef60ece1862fafe0cd7e3764307.jpg#p00#3#4,1048_jpg.rf.d0da1ef60ece1862fafe0cd7e3764307.jpg,0,3,4,0.987,0,det,det,template,GyaradosEX,026/122,,Gyarados-EX,26/122,BKP,BREAKpoint,Rare Holo EX,1115.0
1048_jpg.rf.d0da1ef60ece1862fafe0cd7e3764307.jpg#p00#7#5,1048_jpg.rf.d0da1ef60ece1862fafe0cd7e3764307.jpg,0,7,5,0.984,0,det,det,det,Bisharp,065/86,BLK,Bisharp,65/86,BLK,Black Bolt,Uncommon,1125.0
1048_jpg.rf.d0da1ef60ece1862fafe0cd7e3764307.jpg#p00#4#6,1048_jpg.rf.d0da1ef60ece1862fafe0cd7e3764307.jpg,0,4,6,0.986,0,det,det,det,Annihilape,171/91,PAFRT,Annihilape,171/91,PAF,Paldean Fates,Shiny Rare,1115.0
1048_jpg.rf.d0da1ef60ece1862fafe0cd7e3764307.jpg#p00#2#7,1048_jpg.rf.d0da1ef60ece1862fafe0cd7e3764307.jpg,0,2,7,0.987,0,det,det,template,Sigilyph,066/172,,Sigilyph,66/172,BRS,Brilliant Stars,Uncommon,1115.0
1048_jpg.rf.d0da1ef60ece1862fafe0cd7e3764307.jpg#p00#6#8,1048_jpg.rf.d0da1ef60ece1862fafe0cd7e3764307.jpg,0,6,8,0.984,0,det,template,template,Imitadora,,,Misty's Seadra,9/132,G1,Gym Heroes,Rare Holo,666.6666870117188
1049_jpg.rf.8ebcf846e9255e3ce154301d8ec953f6.jpg#p00#3#0,1049_jpg.rf.8ebcf846e9255e3ce154301d8ec953f6.jpg,0,3,0,0.987,0,det,det,det,Applin,016/182,DRIPT,Applin,16/182,DRI,Destined Rivals,Common,1115.0
1049_jpg.rf.8ebcf846e9255e3ce154301d8ec953f6.jpg#p00#1#1,1049_jpg.rf.8ebcf846e9255e3ce154301d8ec953f6.jpg,0,1,1,0.991,0,det,template,template,LucarioGX,,,Lucario-GX,135/131,FLI,Forbidden Light,Rare Rainbow,1040.0
1049_jpg.rf.8ebcf846e9255e3ce154301d8ec953f6.jpg#p00#0#2,1049_jpg.rf.8ebcf846e9255e3ce154301d8ec953f6.jpg,0,0,2,0.994,0,det,det,det,Squirtle,148/142,SCRPT,Squirtle,148/142,SCR,Stellar Crown,Illustration Rare,1115.0
1049_jpg.rf.8ebcf846e9255e3ce154301d8ec953f6.jpg#p00#2#3,1049_jpg.rf.8ebcf846e9255e3ce154301d8ec953f6.jpg,0,2,3,0.988,0,det,det,template,Detetive Pikachu,010/18,,Detective Pikachu,10/18,DET,Detective Pikachu,Rare,1075.0
1049_jpg.rf.8ebcf846e9255e3ce154301d8ec953f6.jpg#p00#7#4,1049_jpg.rf.8ebcf846e9255e3ce154301d8ec953f6.jpg,0,7,4,0.984,0,det,det,template,Snorunt,041/195,,Snorunt,41/195,SIT,Silver Tempest,Common,1115.0
1049_jpg.rf.8ebcf846e9255e3ce154301d8ec953f6.jpg#p00#4#5,1049_jpg.rf.8ebcf846e9255e3ce154301d8ec953f6.jpg,0,4,5,0.987,0,det,det,det,OinkologneX,234/198,SVIRN,Oinkologne ex,234/198,SVI,Scarlet & Violet,Ultra Rare,1075.0
1049_jpg.rf.8ebcf846e9255e3ce154301d8ec953f6.jpg#p00#8#6,1049_jpg.rf.8ebcf846e9255e3ce154301d8ec953f6.jpg,0,8,6,0.981,0,det,det,template,BlazikenV,020/198,,Blaziken V,20/198,CRE,Chilling Reign,Rare Holo V,1115.0
1049_jpg.rf.8ebcf846e9255e3ce154301d8ec953f6.jpg#p00#5#7,1049_jpg.rf.8ebcf846e9255e3ce154301d8ec953f6.jpg,0,5,7,0.986,0,det,det,det,Busca do Brock,146/159,UTGPR,Brock's Scouting,146/159,JTG,Journey Together,Uncommon,1075.0
1049_jpg.rf.8ebcf846e9255e3ce154301d8ec953f6.jpg#p00#6#8,1049_jpg.rf.8ebcf846e9255e3ce154301d8ec953f6.jpg,0,6,8,0.985,0,det,det,det,Blastoise eX,030/142,SCRPT,Blastoise ex,30/142,SCR,Stellar Crown,Double Rare,1115.0
1050_jpg.rf.19c6836ca750bbfb061cdcc5b77acff5.jpg#p00#3#0,1050_jpg.rf.19c6836ca750bbfb061cdcc5b77acff5.jpg,0,3,0,0.985,0,det,det,template,Pingente Grande,158/202,,Shopping Center,157/203,EVS,Evolving Skies,Uncommon,657.8571166992188
1050_jpg.rf.19c6836ca750bbfb061cdcc5b77acff5.jpg#p00#6#1,1050_jpg.rf.19c6836ca750bbfb061cdcc5b77acff5.jpg,0,6,1,0.985,0,det,det,template,Gumshoos,113/156,,Gumshoos,113/156,UPR,Ultra Prism,Uncommon,1115.0
1050_jpg.rf.19c6836ca750bbfb061cdcc5b77acff5.jpg#p00#0#2,1050_jpg.rf.19c6836ca750bbfb061cdcc5b77acff5.jpg,0,0,2,0.991,0,det,det,template,Prancha de Retorno,255/236,,Viridian Forest,256/236,UNM,Unified Minds,Rare Secret,440.0
1050_jpg.rf.19c6836ca750bbfb061cdcc5b77acff5.jpg#p00#2#3,1050_jpg.rf.19c6836ca750bbfb061cdcc5b77acff5.jpg,0,2,3,0.986,0,det,det,det,KoraidoneX,254/198,SVIM,Koraidon ex,254/198,SVI,Scarlet & Violet,Hyper Rare,1115.0
1050_jpg.rf.19c6836ca750bbfb061cdcc5b77acff5.jpg#p00#5#4,1050_jpg.rf.19c6836ca750bbfb061cdcc5b77acff5.jpg,0,5,4,0.985,0,det,det,det,Slurpuff,094/217,ASCPT,Slurpuff,94/217,ASC,Ascended Heroes,Uncommon,1115.0
1050_jpg.rf.19c6836ca750bbfb061cdcc5b77acff5.jpg#p00#8#5,1050_jpg.rf.19c6836ca750bbfb061cdcc5b77acff5.jpg,0,8,5,0.983,0,template,det,template,ENERG,095/108,,R Energy,95/109,TR,Team Rocket Returns,Uncommon,1050.0
1050_jpg.rf.19c6836ca750bbfb061cdcc5b77acff5.jpg#p00#1#6,1050_jpg.rf.19c6836ca750bbfb061cdcc5b77acff5.jpg,0,1,6,0.99,0,det,template,template,Dojo de Artes Marciais,214/0,,Forretress ex,212/91,PAF,Paldean Fates,Shiny Ultra Rare,402.0967712402344
1050_jpg.rf.19c6836ca750bbfb061cdcc5b77acff5.jpg#p00#7#7,1050_jpg.rf.19c6836ca750bbfb061cdcc5b77acff5.jpg,0,7,7,0.984,0,det,det,template,Bronzor,101/163,,Bronzor,101/163,BST,Battle Styles,Common,1115.0
1050_jpg.rf.19c6836ca750bbfb061cdcc5b77acff5.jpg#p00#4#8,1050_jpg.rf.19c6836ca750bbfb061cdcc5b77acff5.jpg,0,4,8,0.985,0,det,det,template,Jellicent,045/149,,Jellicent,45/149,BCR,Boundaries Crossed,Rare,1115.0
1051_jpg.rf.f9f9093bdf481d691f5526771c1d9838.jpg#p00#7#0,1051_jpg.rf.f9f9093bdf481d691f5526771c1d9838.jpg,0,7,0,0.985,0,det,det,template,Wingull,081/107,,Wingull,81/107,DX,Deoxys,Common,1115.0
1051_jpg.rf.f9f9093bdf481d691f5526771c1d9838.jpg#p00#0#1,1051_jpg.rf.f9f9093bdf481d691f5526771c1d9838.jpg,0,0,1,0.99,0,det,det,template,Dark Forretress,035/105,,Dark Forretress,35/105,N4,Neo Destiny,Uncommon,1115.0
1051_jpg.rf.f9f9093bdf481d691f5526771c1d9838.jpg#p00#1#2,1051_jpg.rf.f9f9093bdf481d691f5526771c1d9838.jpg,0,1,2,0.99,0,det,det,template,Cheren's Care,168/172,,Cheren's Care,168/172,BRS,Brilliant Stars,Rare Ultra,1115.0
1051_jpg.rf.f9f9093bdf481d691f5526771c1d9838.jpg#p00#6#3,1051_jpg.rf.f9f9093bdf481d691f5526771c1d9838.jpg,0,6,3,0.986,0,det,template,template,Porygon-Z,,,Porygon-Z,BW84/101,BWP,BW Black Star Promos,Promo,1040.0
1051_jpg.rf.f9f9093bdf481d691f5526771c1d9838.jpg#p00#5#4,1051_jpg.rf.f9f9093bdf481d691f5526771c1d9838.jpg,0,5,4,0.986,0,det,det,template,Torterra.48,039/127,,Torterra,39/127,PL,Platinum,Rare,1075.0
1051_jpg.rf.f9f9093bdf481d691f5526771c1d9838.jpg#p00#4#5,1051_jpg.rf.f9f9093bdf481d691f5526771c1d9838.jpg,0,4,5,0.986,0,template,template,template,ENERG,,,R Energy,95/109,TR,Team Rocket Returns,Uncommon,1000.0
1051_jpg.rf.f9f9093bdf481d691f5526771c1d9838.jpg#p00#3#6,1051_jpg.rf.f9f9093bdf481d691f5526771c1d9838.jpg,0,3,6,0.987,0,det,det,template,Beauty,148/185,,Beauty,148/185,VIV,Vivid Voltage,Uncommon,1115.0
1051_jpg.rf.f9f9093bdf481d691f5526771c1d9838.jpg#p00#2#7,1051_jpg.rf.f9f9093bdf481d691f5526771c1d9838.jpg,0,2,7,0.987,0,det,det,det,Okidogiex,082/64,SFAEN,Okidogi ex,82/64,SFA,Shrouded Fable,Ultra Rare,1115.0
1051_jpg.rf.f9f9093bdf481d691f5526771c1d9838.jpg#p00#8#8,1051_jpg.rf.f9f9093bdf481d691f5526771c1d9838.jpg,0,8,8,0.985,0,det,det,template,Popplio,064/214,,Popplio,64/214,LOT,Lost Thunder,Common,1115.0
1052_jpg.rf.f82175372f67ca2234a074099c0f16a7.jpg#p00#4#0,1052_jpg.rf.f82175372f67ca2234a074099c0f16a7.jpg,0,4,0,0.987,0,det,det,det,Quaquavalex,,SYPE,Quaquaval ex,52/193,PAL,Paldea Evolved,Double Rare,1040.0
1052_jpg.rf.f82175372f67ca2234a074099c0f16a7.jpg#p00#0#1,1052_jpg.rf.f82175372f67ca2234a074099c0f16a7.jpg,0,0,1,0.993,0,det,det,template,Croagunk.13,060/100,,Croagunk,60/100,MD,Majestic Dawn,Common,1075.0
1052_jpg.rf.f82175372f67ca2234a074099c0f16a7.jpg#p00#2#2,1052_jpg.rf.f82175372f67ca2234a074099c0f16a7.jpg,0,2,2,0.989,0,det,det,det,Hawlucha,089/131,PREN,Hawlucha,89/131,PRE,Prismatic Evolutions,Uncommon,1115.0
1052_jpg.rf.f82175372f67ca2234a074099c0f16a7.jpg#p00#6#3,1052_jpg.rf.f82175372f67ca2234a074099c0f16a7.jpg,0,6,3,0.986,0,det,det,template,Dratini,,,Dratini,38/130,B2,Base Set 2,Uncommon,1040.0
1052_jpg.rf.f82175372f67ca2234a074099c0f16a7.jpg#p00#5#4,1052_jpg.rf.f82175372f67ca2234a074099c0f16a7.jpg,0,5,4,0.986,0,det,det,det,Iron TreadseX,233/198,SVIE,Iron Treads ex,233/198,SVI,Scarlet & Violet,Ultra Rare,1115.0
1052_jpg.rf.f82175372f67ca2234a074099c0f16a7.jpg#p00#7#5,1052_jpg.rf.f82175372f67ca2234a074099c0f16a7.jpg,0,7,5,0.985,0,det,det,det,Walking WakeX,,SVPEN,Walking Wake ex,178/131,PRE,Prismatic Evolutions,Hyper Rare,1000.0
1052_jpg.rf.f82175372f67ca2234a074099c0f16a7.jpg#p00#1#6,1052_jpg.rf.f82175372f67ca2234a074099c0f16a7.jpg,0,1,6,0.99,0,det,det,template,Entei,047/214,,Entei,47/214,LOT,Lost Thunder,Rare,1115.0
1052_jpg.rf.f82175372f67ca2234a074099c0f16a7.jpg#p00#3#7,1052_jpg.rf.f82175372f67ca2234a074099c0f16a7.jpg,0,3,7,0.987,0,det,det,det,Audino,124/159,IGN,Audino,124/159,JTG,Journey Together,Common,1115.0
1052_jpg.rf.f82175372f67ca2234a074099c0f16a7.jpg#p00#8#8,1052_jpg.rf.f82175372f67ca2234a074099c0f16a7.jpg,0,8,8,0.985,0,det,det,det,Dusk Ball,175/191,SSPE,Dusk Ball,175/191,SSP,Surging Sparks,Uncommon,1115.0
1053_jpg.rf.4ae187a375b163068d7313448716f7b6.jpg#p00#4#0,1053_jpg.rf.4ae187a375b163068d7313448716f7b6.jpg,0,4,0,0.987,0,det,det,template,Electivire,020/102,,Electivire,20/102,TM,Triumphant,Rare,1115.0
1053_jpg.rf.4ae187a375b163068d7313448716f7b6.jpg#p00#6#1,1053_jpg.rf.4ae187a375b163068d7313448716f7b6.jpg,0,6,1,0.985,0,det,det,template,Yamask,054/116,,Yamask,54/116,PLF,Plasma Freeze,Common,1115.0
1053_jpg.rf.4ae187a375b163068d7313448716f7b6.jpg#p00#0#2,1053_jpg.rf.4ae187a375b163068d7313448716f7b6.jpg,0,0,2,0.99,0,det,det,template,Sitrus Berry,182/202,,Sitrus Berry,182/202,SSH,Sword & Shield,Uncommon,1115.0
1053_jpg.rf.4ae187a375b163068d7313448716f7b6.jpg#p00#2#3,1053_jpg.rf.4ae187a375b163068d7313448716f7b6.jpg,0,2,3,0.988,0,det,det,template,Wigglytuff,019/130,,Wigglytuff,19/130,B2,Base Set 2,Rare Holo,1115.0
1053_jpg.rf.4ae187a375b163068d7313448716f7b6.jpg#p00#5#4,1053_jpg.rf.4ae187a375b163068d7313448716f7b6.jpg,0,5,4,0.986,0,det,det,template,Tapu Fini,151/214,,Tapu Fini,151/214,LOT,Lost Thunder,Rare Holo,1115.0
1053_jpg.rf.4ae187a375b163068d7313448716f7b6.jpg#p00#7#5,1053_jpg.rf.4ae187a375b163068d7313448716f7b6.jpg,0,7,5,0.985,0,det,det,det,Duskull,068/64,SFAEN,Duskull,68/64,SFA,Shrouded Fable,Illustration Rare,1115.0
1053_jpg.rf.4ae187a375b163068d7313448716f7b6.jpg#p00#1#6,1053_jpg.rf.4ae187a375b163068d7313448716f7b6.jpg,0,1,6,0.989,0,det,det,template,Scyther,055/105,,Scyther,55/105,N4,Neo Destiny,Uncommon,1115.0
1053_jpg.rf.4ae187a375b163068d7313448716f7b6.jpg#p00#3#7,1053_jpg.rf.4ae187a375b163068d7313448716f7b6.jpg,0,3,7,0.987,0,det,det,template,High Pressure System,010/17,,High Pressure System,10/17,P3,POP Series 3,Uncommon,1115.0
1053_jpg.rf.4ae187a375b163068d7313448716f7b6.jpg#p00#8#8,1053_jpg.rf.4ae187a375b163068d7313448716f7b6.jpg,0,8,8,0.98,0,det,det,template,PikachuV,055/198,,Pikachu,55/217,ASC,Ascended Heroes,Common,1050.0
1054_jpg.rf.ae848a5586f9e046cd00870153afa9e6.jpg#p00#4#0,1054_jpg.rf.ae848a5586f9e046cd00870153afa9e6.jpg,0,4,0,0.986,0,det,det,template,Magnemite,058/236,,Magnemite,58/236,UNM,Unified Minds,Common,1115.0
1054_jpg.rf.ae848a5586f9e046cd00870153afa9e6.jpg#p00#1#1,1054_jpg.rf.ae848a5586f9e046cd00870153afa9e6.jpg,0,1,1,0.991,0,det,det,template,Celesteela,100/168,,Celesteela,100/168,CES,Celestial Storm,Rare Holo,1115.0
1054_jpg.rf.ae848a5586f9e046cd00870153afa9e6.jpg#p00#0#2,1054_jpg.rf.ae848a5586f9e046cd00870153afa9e6.jpg,0,0,2,0.993,0,det,det,template,DracovishV,114/172,,Dracovish V,114/172,BRS,Brilliant Stars,Rare Holo V,1115.0
1054_jpg.rf.ae848a5586f9e046cd00870153afa9e6.jpg#p00#2#3,1054_jpg.rf.ae848a5586f9e046cd00870153afa9e6.jpg,0,2,3,0.987,0,det,det,template,Charmander,055/232,,Charmander,57/112,RG,FireRed & LeafGreen,Common,1055.0
1054_jpg.rf.ae848a5586f9e046cd00870153afa9e6.jpg#p00#5#4,1054_jpg.rf.ae848a5586f9e046cd00870153afa9e6.jpg,0,5,4,0.986,0,det,det,template,Rufflet,136/203,,Rufflet,136/203,EVS,Evolving Skies,Common,1115.0
1054_jpg.rf.ae848a5586f9e046cd00870153afa9e6.jpg#p00#6#5,1054_jpg.rf.ae848a5586f9e046cd00870153afa9e6.jpg,0,6,5,0.985,0,det,det,template,Single Strike Energy,183/163,,Single Strike Energy,183/163,BST,Battle Styles,Rare Secret,1115.0
1054_jpg.rf.ae848a5586f9e046cd00870153afa9e6.jpg#p00#7#6,1054_jpg.rf.ae848a5586f9e046cd00870153afa9e6.jpg,0,7,6,0.984,0,det,det,det,Litten,167/162,TEFE,Litten,167/162,TEF,Temporal Forces,Illustration Rare,1115.0
1054_jpg.rf.ae848a5586f9e046cd00870153afa9e6.jpg#p00#3#7,1054_jpg.rf.ae848a5586f9e046cd00870153afa9e6.jpg,0,3,7,0.986,0,det,det,template,Wartortle,030/149,,Wartortle,30/149,BCR,Boundaries Crossed,Uncommon,1115.0
1054_jpg.rf.ae848a5586f9e046cd00870153afa9e6.jpg#p00#8#8,1054_jpg.rf.ae848a5586f9e046cd00870153afa9e6.jpg,0,8,8,0.984,0,det,det,template,Professor Oak's Setup,201/236,,Professor Oak's Setup,201/236,CEC,Cosmic Eclipse,Uncommon,1115.0
1055_jpg.rf.afbea83cbd24b9b71a940b5023684015.jpg#p00#8#0,1055_jpg.rf.afbea83cbd24b9b71a940b5023684015.jpg,0,8,0,0.982,0,det,det,template,VileplumeGX,004/236,,Vileplume-GX,4/236,CEC,Cosmic Eclipse,Rare Holo GX,1115.0
1055_jpg.rf.afbea83cbd24b9b71a940b5023684015.jpg#p00#0#1,1055_jpg.rf.afbea83cbd24b9b71a940b5023684015.jpg,0,0,1,0.99,0,det,det,det,Rapidash,030/182,DRIEN,Rapidash,30/182,DRI,Destined Rivals,Uncommon,1115.0
1055_jpg.rf.afbea83cbd24b9b71a940b5023684015.jpg#p00#1#2,1055_jpg.rf.afbea83cbd24b9b71a940b5023684015.jpg,0,1,2,0.989,0,det,det,template,Light Piloswine,026/105,,Light Piloswine,26/105,N4,Neo Destiny,Rare,1115.0
1055_jpg.rf.afbea83cbd24b9b71a940b5023684015.jpg#p00#3#3,1055_jpg.rf.afbea83cbd24b9b71a940b5023684015.jpg,0,3,3,0.986,0,det,det,template,Tympole,022/101,,Tympole,22/101,NVI,Noble Victories,Common,1115.0
1055_jpg.rf.afbea83cbd24b9b71a940b5023684015.jpg#p00#7#4,1055_jpg.rf.afbea83cbd24b9b71a940b5023684015.jpg,0,7,4,0.985,0,det,det,template,Girafarig,066/105,,Girafarig,66/105,N4,Neo Destiny,Common,1115.0
1055_jpg.rf.afbea83cbd24b9b71a940b5023684015.jpg#p00#4#5,1055_jpg.rf.afbea83cbd24b9b71a940b5023684015.jpg,0,4,5,0.986,0,det,det,template,Wormadam,077/172,,Wormadam,77/172,BRS,Brilliant Stars,Rare,1115.0
1055_jpg.rf.afbea83cbd24b9b71a940b5023684015.jpg#p00#2#6,1055_jpg.rf.afbea83cbd24b9b71a940b5023684015.jpg,0,2,6,0.987,0,det,det,template,Oddish,005/214,,Oddish,5/214,UNB,Unbroken Bonds,Common,1115.0
1055_jpg.rf.afbea83cbd24b9b71a940b5023684015.jpg#p00#5#7,1055_jpg.rf.afbea83cbd24b9b71a940b5023684015.jpg,0,5,7,0.986,0,det,det,template,TV Reporter,149/168,,TV Reporter,149/168,CES,Celestial Storm,Uncommon,1115.0
1055_jpg.rf.afbea83cbd24b9b71a940b5023684015.jpg#p00#6#8,1055_jpg.rf.afbea83cbd24b9b71a940b5023684015.jpg,0,6,8,0.985,0,det,det,template,Mudsdale,076/145,,Mudsdale,76/145,GRI,Guardians Rising,Rare Holo,1115.0
1056_jpg.rf.732ff306ed0f074d8851ba26332dbdcb.jpg#p00#2#0,1056_jpg.rf.732ff306ed0f074d8851ba26332dbdcb.jpg,0,2,0,0.988,0,det,det,template,Armaldo ex,827/922,,Armaldo ex,84/92,LM,Legend Maker,Rare Holo EX,1040.0
1056_jpg.rf.732ff306ed0f074d8851ba26332dbdcb.jpg#p00#0#1,1056_jpg.rf.732ff306ed0f074d8851ba26332dbdcb.jpg,0,0,1,0.991,0,det,det,template,Raikou,022/64,,Raikou,22/64,N3,Neo Revelation,Rare,1115.0
1056_jpg.rf.732ff306ed0f074d8851ba26332dbdcb.jpg#p00#1#2,1056_jpg.rf.732ff306ed0f074d8851ba26332dbdcb.jpg,0,1,2,0.99,0,det,det,det,MimikyueX,069/159,IGEN,Mimikyu ex,69/159,JTG,Journey Together,Double Rare,1115.0
1056_jpg.rf.732ff306ed0f074d8851ba26332dbdcb.jpg#p00#4#3,1056_jpg.rf.732ff306ed0f074d8851ba26332dbdcb.jpg,0,4,3,0.986,0,det,template,template,Nidoqueen,,,Nidoqueen,12/130,B2,Base Set 2,Rare Holo,1040.0
1056_jpg.rf.732ff306ed0f074d8851ba26332dbdcb.jpg#p00#6#4,1056_jpg.rf.732ff306ed0f074d8851ba26332dbdcb.jpg,0,6,4,0.985,0,det,template,template,Ampharos,,,Ampharos,BW67/101,BWP,BW Black Star Promos,Promo,1040.0
1056_jpg.rf.732ff306ed0f074d8851ba26332dbdcb.jpg#p00#8#5,1056_jpg.rf.732ff306ed0f074d8851ba26332dbdcb.jpg,0,8,5,0.984,0,det,det,template,AlakazamEX,117/124,,Alakazam-EX,117/124,FCO,Fates Collide,Rare Ultra,1115.0
1056_jpg.rf.732ff306ed0f074d8851ba26332dbdcb.jpg#p00#3#6,1056_jpg.rf.732ff306ed0f074d8851ba26332dbdcb.jpg,0,3,6,0.987,0,det,det,template,Professor Rowan,123/132,,Professor Rowan,123/132,SW,Secret Wonders,Uncommon,1115.0
1056_jpg.rf.732ff306ed0f074d8851ba26332dbdcb.jpg#p00#5#7,1056_jpg.rf.732ff306ed0f074d8851ba26332dbdcb.jpg,0,5,7,0.986,0,det,det,template,Pangoro,082/145,,Pangoro,82/145,GRI,Guardians Rising,Rare,1115.0
1056_jpg.rf.732ff306ed0f074d8851ba26332dbdcb.jpg#p00#7#8,1056_jpg.rf.732ff306ed0f074d8851ba26332dbdcb.jpg,0,7,8,0.985,0,det,det,template,Professor Birch,080/108,,Professor Birch,80/108,PK,Power Keepers,Uncommon,1115.0
1057_jpg.rf.f0883245ed9c80e3d14ccecf9bda4845.jpg#p00#8#0,1057_jpg.rf.f0883245ed9c80e3d14ccecf9bda4845.jpg,0,8,0,0.981,0,det,template,template,Energy Search,,,Energy Search,59/62,FO,Fossil,Common,1040.0
1057_jpg.rf.f0883245ed9c80e3d14ccecf9bda4845.jpg#p00#1#1,1057_jpg.rf.f0883245ed9c80e3d14ccecf9bda4845.jpg,0,1,1,0.991,0,det,det,det,NsZoroarkex,175/159,ITGEH,N's Zoroark ex,175/159,JTG,Journey Together,Ultra Rare,1115.0
1057_jpg.rf.f0883245ed9c80e3d14ccecf9bda4845.jpg#p00#0#2,1057_jpg.rf.f0883245ed9c80e3d14ccecf9bda4845.jpg,0,0,2,0.992,0,det,det,template,Spinda.27,046/147,,Spinda,46/147,SV,Supreme Victors,Rare,1075.0
1057_jpg.rf.f0883245ed9c80e3d14ccecf9bda4845.jpg#p00#7#3,1057_jpg.rf.f0883245ed9c80e3d14ccecf9bda4845.jpg,0,7,3,0.982,0,det,det,template,Squirtle,055/233,,Squirtle,64/100,CG,Crystal Guardians,Common,1040.0
1057_jpg.rf.f0883245ed9c80e3d14ccecf9bda4845.jpg#p00#6#4,1057_jpg.rf.f0883245ed9c80e3d14ccecf9bda4845.jpg,0,6,4,0.982,0,template,template,template,Mew,,,Mew,9/53,WBP,Wizards Black Star Promos,Promo,1040.0
1057_jpg.rf.f0883245ed9c80e3d14ccecf9bda4845.jpg#p00#5#5,1057_jpg.rf.f0883245ed9c80e3d14ccecf9bda4845.jpg,0,5,5,0.984,0,det,det,template,Clauncher,033/114,,Clauncher,33/114,STS,Steam Siege,Common,1115.0
1057_jpg.rf.f0883245ed9c80e3d14ccecf9bda4845.jpg#p00#2#6,1057_jpg.rf.f0883245ed9c80e3d14ccecf9bda4845.jpg,0,2,6,0.986,0,det,det,template,Beldum,028/101,,Beldum,28/101,HL,Hidden Legends,Uncommon,1115.0
1057_jpg.rf.f0883245ed9c80e3d14ccecf9bda4845.jpg#p00#4#7,1057_jpg.rf.f0883245ed9c80e3d14ccecf9bda4845.jpg,0,4,7,0.985,0,det,det,template,Bronzor,100/181,,Bronzor,100/181,TEU,Team Up,Common,1115.0
1057_jpg.rf.f0883245ed9c80e3d14ccecf9bda4845.jpg#p00#3#8,1057_jpg.rf.f0883245ed9c80e3d14ccecf9bda4845.jpg,0,3,8,0.986,0,det,det,template,Growlithe,032/264,,Growlithe,32/264,FST,Fusion Strike,Common,1115.0
1058_jpg.rf.59b92a8c6d371c5fac871a589e8fcd37.jpg#p00#2#0,1058_jpg.rf.59b92a8c6d371c5fac871a589e8fcd37.jpg,0,2,0,0.987,0,det,det,template,Torkoal,029/168,,Torkoal,29/168,CES,Celestial Storm,Uncommon,1115.0
1058_jpg.rf.59b92a8c6d371c5fac871a589e8fcd37.jpg#p00#1#1,1058_jpg.rf.59b92a8c6d371c5fac871a589e8fcd37.jpg,0,1,1,0.991,0,det,det,det,Zigzagoon,167/197,OBFEN,Zigzagoon,167/197,OBF,Obsidian Flames,Common,1115.0
1058_jpg.rf.59b92a8c6d371c5fac871a589e8fcd37.jpg#p00#0#2,1058_jpg.rf.59b92a8c6d371c5fac871a589e8fcd37.jpg,0,0,2,0.992,0,det,det,det,Fezandipitiex,084/64,SFAEN,Fezandipiti ex,84/64,SFA,Shrouded Fable,Ultra Rare,1115.0
1058_jpg.rf.59b92a8c6d371c5fac871a589e8fcd37.jpg#p00#4#3,1058_jpg.rf.59b92a8c6d371c5fac871a589e8fcd37.jpg,0,4,3,0.985,0,det,det,template,Cinccino,088/124,,Cinccino,88/124,FCO,Fates Collide,Uncommon,1115.0
1058_jpg.rf.59b92a8c6d371c5fac871a589e8fcd37.jpg#p00#6#4,1058_jpg.rf.59b92a8c6d371c5fac871a589e8fcd37.jpg,0,6,4,0.985,0,det,det,template,Heavy Ball,088/99,,Heavy Ball,88/99,NXD,Next Destinies,Uncommon,1115.0
1058_jpg.rf.59b92a8c6d371c5fac871a589e8fcd37.jpg#p00#5#5,1058_jpg.rf.59b92a8c6d371c5fac871a589e8fcd37.jpg,0,5,5,0.985,0,det,det,template,Gastlyw.14,062/100,,Gastly,62/100,SF,Stormfront,Common,1075.0
1058_jpg.rf.59b92a8c6d371c5fac871a589e8fcd37.jpg#p00#8#6,1058_jpg.rf.59b92a8c6d371c5fac871a589e8fcd37.jpg,0,8,6,0.984,0,det,det,template,Lickitung,152/214,,Lickitung,152/214,UNB,Unbroken Bonds,Common,1115.0
1058_jpg.rf.59b92a8c6d371c5fac871a589e8fcd37.jpg#p00#3#7,1058_jpg.rf.59b92a8c6d371c5fac871a589e8fcd37.jpg,0,3,7,0.986,0,det,det,template,Chinglingw.7,098/147,,Chingling,98/147,SV,Supreme Victors,Common,1075.0
1058_jpg.rf.59b92a8c6d371c5fac871a589e8fcd37.jpg#p00#7#8,1058_jpg.rf.59b92a8c6d371c5fac871a589e8fcd37.jpg,0,7,8,0.984,0,det,det,det,Nincada,016/132,MEGEN,Nincada,16/132,MEG,Mega Evolution,Common,1115.0
1059_jpg.rf.5d8446f6cff401704de9913418ab4835.jpg#p00#2#0,1059_jpg.rf.5d8446f6cff401704de9913418ab4835.jpg,0,2,0,0.987,0,det,det,det,Deoxys,031/86,CRIEN,Deoxys,33/108,ROS,Roaring Skies,Rare Holo,1055.0
1059_jpg.rf.5d8446f6cff401704de9913418ab4835.jpg#p00#1#1,1059_jpg.rf.5d8446f6cff401704de9913418ab4835.jpg,0,1,1,0.989,0,det,det,template,ChesnaughtV,171/195,,Chesnaught V,171/195,SIT,Silver Tempest,Rare Ultra,1115.0
1059_jpg.rf.5d8446f6cff401704de9913418ab4835.jpg#p00#0#2,1059_jpg.rf.5d8446f6cff401704de9913418ab4835.jpg,0,0,2,0.99,0,det,det,template,OmastarV,174/195,,Omastar V,174/195,SIT,Silver Tempest,Rare Ultra,1115.0
1059_jpg.rf.5d8446f6cff401704de9913418ab4835.jpg#p00#8#3,1059_jpg.rf.5d8446f6cff401704de9913418ab4835.jpg,0,8,3,0.982,0,det,det,template,CharizardV,017/172,,Charizard V,17/172,BRS,Brilliant Stars,Rare Holo V,1115.0
1059_jpg.rf.5d8446f6cff401704de9913418ab4835.jpg#p00#7#4,1059_jpg.rf.5d8446f6cff401704de9913418ab4835.jpg,0,7,4,0.984,0,det,det,det,Lanturn,049/142,SCREN,Lanturn,49/142,SCR,Stellar Crown,Uncommon,1115.0
1059_jpg.rf.5d8446f6cff401704de9913418ab4835.jpg#p00#5#5,1059_jpg.rf.5d8446f6cff401704de9913418ab4835.jpg,0,5,5,0.986,0,det,det,template,Professor Oak's Visit,090/99,,Professor Oak's Visit,90/99,AR,Arceus,Uncommon,1115.0
1059_jpg.rf.5d8446f6cff401704de9913418ab4835.jpg#p00#4#6,1059_jpg.rf.5d8446f6cff401704de9913418ab4835.jpg,0,4,6,0.986,0,det,det,det,Ethan's Ho-Ohex,230/182,DRIE,Ethan's Ho-Oh ex,230/182,DRI,Destined Rivals,Special Illustration Rare,1115.0
1059_jpg.rf.5d8446f6cff401704de9913418ab4835.jpg#p00#3#7,1059_jpg.rf.5d8446f6cff401704de9913418ab4835.jpg,0,3,7,0.987,0,det,det,template,Primeape,050/110,,Primeape δ,50/110,HP,Holon Phantoms,Uncommon,1115.0
1059_jpg.rf.5d8446f6cff401704de9913418ab4835.jpg#p00#6#8,1059_jpg.rf.5d8446f6cff401704de9913418ab4835.jpg,0,6,8,0.985,0,det,det,template,Machoke v.41,041/100,,Machoke,41/100,SF,Stormfront,Uncommon,1075.0
1060_jpg.rf.385f70f84fceaa167e8ff1e1675d2357.jpg#p00#8#0,1060_jpg.rf.385f70f84fceaa167e8ff1e1675d2357.jpg,0,8,0,0.976,0,det,det,template,CorviknightV,055/200,,Corviknight V,156/163,BST,Battle Styles,Rare Ultra,1040.0
1060_jpg.rf.385f70f84fceaa167e8ff1e1675d2357.jpg#p00#6#1,1060_jpg.rf.385f70f84fceaa167e8ff1e1675d2357.jpg,0,6,1,0.985,0,det,det,template,Cloyster,051/264,,Cloyster,51/264,FST,Fusion Strike,Rare,1115.0
1060_jpg.rf.385f70f84fceaa167e8ff1e1675d2357.jpg#p00#0#2,1060_jpg.rf.385f70f84fceaa167e8ff1e1675d2357.jpg,0,0,2,0.991,0,det,det,template,Dragonair,010/197,,Dragonair,158/197,OBF,Obsidian Flames,Uncommon,1065.0
1060_jpg.rf.385f70f84fceaa167e8ff1e1675d2357.jpg#p00#7#3,1060_jpg.rf.385f70f84fceaa167e8ff1e1675d2357.jpg,0,7,3,0.982,0,det,det,det,Scream Tail,077/162,TEFEN,Scream Tail,77/162,TEF,Temporal Forces,Uncommon,1115.0
1060_jpg.rf.385f70f84fceaa167e8ff1e1675d2357.jpg#p00#2#4,1060_jpg.rf.385f70f84fceaa167e8ff1e1675d2357.jpg,0,2,4,0.986,0,det,det,template,Zebstrika,036/101,,Zebstrika,36/101,NVI,Noble Victories,Rare,1115.0
1060_jpg.rf.385f70f84fceaa167e8ff1e1675d2357.jpg#p00#4#5,1060_jpg.rf.385f70f84fceaa167e8ff1e1675d2357.jpg,0,4,5,0.985,0,det,det,det,Sandy Shocks,098/162,TEFEN,Sandy Shocks,98/162,TEF,Temporal Forces,Uncommon,1115.0
1060_jpg.rf.385f70f84fceaa167e8ff1e1675d2357.jpg#p00#1#6,1060_jpg.rf.385f70f84fceaa167e8ff1e1675d2357.jpg,0,1,6,0.986,0,det,det,template,Staraptor,127/162,,Staraptor,127/162,BKT,BREAKthrough,Rare,1115.0
1060_jpg.rf.385f70f84fceaa167e8ff1e1675d2357.jpg#p00#3#7,1060_jpg.rf.385f70f84fceaa167e8ff1e1675d2357.jpg,0,3,7,0.986,0,det,det,det,Torchic,022/159,IGEN,Torchic,22/159,JTG,Journey Together,Common,1115.0
1060_jpg.rf.385f70f84fceaa167e8ff1e1675d2357.jpg#p00#5#8,1060_jpg.rf.385f70f84fceaa167e8ff1e1675d2357.jpg,0,5,8,0.985,0,det,det,template,Cradily,007/108,,Cradily,7/108,PK,Power Keepers,Rare Holo,1115.0
1061_jpg.rf.a3252183f637babb56c194027c2f710d.jpg#p00#6#0,1061_jpg.rf.a3252183f637babb56c194027c2f710d.jpg,0,6,0,0.984,0,det,det,template,Toxtricity,063/189,,Toxtricity,63/189,DAA,Darkness Ablaze,Rare Holo,1115.0
1061_jpg.rf.a3252183f637babb56c194027c2f710d.jpg#p00#0#1,1061_jpg.rf.a3252183f637babb56c194027c2f710d.jpg,0,0,1,0.993,0,det,det,template,Super Scoop Up,124/147,,Super Scoop Up,124/147,BUS,Burning Shadows,Uncommon,1115.0
1061_jpg.rf.a3252183f637babb56c194027c2f710d.jpg#p00#2#2,1061_jpg.rf.a3252183f637babb56c194027c2f710d.jpg,0,2,2,0.989,0,det,det,template,Scyther,,,Scyther,17/130,B2,Base Set 2,Rare Holo,1040.0
1061_jpg.rf.a3252183f637babb56c194027c2f710d.jpg#p00#3#3,1061_jpg.rf.a3252183f637babb56c194027c2f710d.jpg,0,3,3,0.985,0,det,det,template,Taillow,112/149,,Taillow,112/149,BCR,Boundaries Crossed,Common,1115.0
1061_jpg.rf.a3252183f637babb56c194027c2f710d.jpg#p00#7#4,1061_jpg.rf.a3252183f637babb56c194027c2f710d.jpg,0,7,4,0.984,0,det,det,template,Numel.21,074/147,,Numel,74/147,SV,Supreme Victors,Uncommon,1075.0
1061_jpg.rf.a3252183f637babb56c194027c2f710d.jpg#p00#1#5,1061_jpg.rf.a3252183f637babb56c194027c2f710d.jpg,0,1,5,0.99,0,det,template,template,Sage's Training,,,Sage's Training,85/95,CL,Call of Legends,Uncommon,1040.0
1061_jpg.rf.a3252183f637babb56c194027c2f710d.jpg#p00#4#6,1061_jpg.rf.a3252183f637babb56c194027c2f710d.jpg,0,4,6,0.985,0,det,det,det,Toxtricity,059/128,3XCM,Toxtricity,68/94,PFL,Phantasmal Flames,Rare,1040.0
1061_jpg.rf.a3252183f637babb56c194027c2f710d.jpg#p00#5#7,1061_jpg.rf.a3252183f637babb56c194027c2f710d.jpg,0,5,7,0.984,0,det,det,det,Mega GengareX,125/217,ASCEN,Mega Gengar ex,125/217,ASC,Ascended Heroes,Double Rare,1115.0
1061_jpg.rf.a3252183f637babb56c194027c2f710d.jpg#p00#8#8,1061_jpg.rf.a3252183f637babb56c194027c2f710d.jpg,0,8,8,0.984,0,det,det,template,Green's Exploration,175/214,,Green's Exploration,175/214,UNB,Unbroken Bonds,Uncommon,1115.0
1062_jpg.rf.c8d0b9ed10b3dad0e0f545230f0248de.jpg#p00#8#0,1062_jpg.rf.c8d0b9ed10b3dad0e0f545230f0248de.jpg,0,8,0,0.984,0,det,det,det,Pidove,071/86,BLKEH,Pidove,71/86,BLK,Black Bolt,Common,1115.0
1062_jpg.rf.c8d0b9ed10b3dad0e0f545230f0248de.jpg#p00#0#1,1062_jpg.rf.c8d0b9ed10b3dad0e0f545230f0248de.jpg,0,0,1,0.991,0,det,det,det,Tsareena,018/197,OBFEN,Tsareena,18/197,OBF,Obsidian Flames,Uncommon,1115.0
1062_jpg.rf.c8d0b9ed10b3dad0e0f545230f0248de.jpg#p00#1#2,1062_jpg.rf.c8d0b9ed10b3dad0e0f545230f0248de.jpg,0,1,2,0.989,0,det,det,template,Magmar,019/172,,Magmar,19/172,BRS,Brilliant Stars,Common,1115.0
1062_jpg.rf.c8d0b9ed10b3dad0e0f545230f0248de.jpg#p00#3#3,1062_jpg.rf.c8d0b9ed10b3dad0e0f545230f0248de.jpg,0,3,3,0.987,0,det,det,det,Diancie,086/142,SCREN,Diancie,86/142,SCR,Stellar Crown,Uncommon,1115.0
1062_jpg.rf.c8d0b9ed10b3dad0e0f545230f0248de.jpg#p00#5#4,1062_jpg.rf.c8d0b9ed10b3dad0e0f545230f0248de.jpg,0,5,4,0.986,0,det,det,template,Teddiursa,007/15,,Teddiursa,RC15/113,LTR,Legendary Treasures,Common,1040.0
1062_jpg.rf.c8d0b9ed10b3dad0e0f545230f0248de.jpg#p00#7#5,1062_jpg.rf.c8d0b9ed10b3dad0e0f545230f0248de.jpg,0,7,5,0.985,0,det,det,template,Dunsparce,101/146,,Dunsparce,101/146,XY,XY,Uncommon,1115.0
1062_jpg.rf.c8d0b9ed10b3dad0e0f545230f0248de.jpg#p00#2#6,1062_jpg.rf.c8d0b9ed10b3dad0e0f545230f0248de.jpg,0,2,6,0.988,0,det,det,template,TEAMMAGMA'S Mightyena,019/34,,Team Magma's Mightyena,19/34,DCR,Double Crisis,Common,1115.0
1062_jpg.rf.c8d0b9ed10b3dad0e0f545230f0248de.jpg#p00#4#7,1062_jpg.rf.c8d0b9ed10b3dad0e0f545230f0248de.jpg,0,4,7,0.986,0,det,det,det,Ethan's Adventure,221/182,DRIEM,Ethan's Adventure,221/182,DRI,Destined Rivals,Ultra Rare,1115.0
1062_jpg.rf.c8d0b9ed10b3dad0e0f545230f0248de.jpg#p00#6#8,1062_jpg.rf.c8d0b9ed10b3dad0e0f545230f0248de.jpg,0,6,8,0.985,0,det,det,template,ENERGY,083/83,,Fairy Energy,83/83,GEN,Generations,Common,1075.0
1063_jpg.rf.eb5334c3fafeb960c5d8a9597e812802.jpg#p00#3#0,1063_jpg.rf.eb5334c3fafeb960c5d8a9597e812802.jpg,0,3,0,0.986,0,det,det,template,Ralts,,,Ralts,59/113,LTR,Legendary Treasures,Common,1040.0
1063_jpg.rf.eb5334c3fafeb960c5d8a9597e812802.jpg#p00#0#1,1063_jpg.rf.eb5334c3fafeb960c5d8a9597e812802.jpg,0,0,1,0.99,0,det,det,det,Crustle,183/182,PAREN,Crustle,183/182,PAR,Paradox Rift,Illustration Rare,1115.0
1063_jpg.rf.eb5334c3fafeb960c5d8a9597e812802.jpg#p00#2#2,1063_jpg.rf.eb5334c3fafeb960c5d8a9597e812802.jpg,0,2,2,0.989,0,det,det,template,Vibrava,075/172,,Vibrava,75/172,BRS,Brilliant Stars,Uncommon,1115.0
1063_jpg.rf.eb5334c3fafeb960c5d8a9597e812802.jpg#p00#7#3,1063_jpg.rf.eb5334c3fafeb960c5d8a9597e812802.jpg,0,7,3,0.983,0,det,det,det,Arven's Skwovet,158/182,DRIEN,Arven's Skwovet,158/182,DRI,Destined Rivals,Common,1115.0
1063_jpg.rf.eb5334c3fafeb960c5d8a9597e812802.jpg#p00#5#4,1063_jpg.rf.eb5334c3fafeb960c5d8a9597e812802.jpg,0,5,4,0.985,0,det,det,template,Magikarp,019/980,,Magikarp,19/98,AOR,Ancient Origins,Common,1090.0
1063_jpg.rf.eb5334c3fafeb960c5d8a9597e812802.jpg#p00#6#5,1063_jpg.rf.eb5334c3fafeb960c5d8a9597e812802.jpg,0,6,5,0.985,0,det,det,det,Rockruff,084/159,TGE,Rockruff,84/159,JTG,Journey Together,Common,1115.0
1063_jpg.rf.eb5334c3fafeb960c5d8a9597e812802.jpg#p00#1#6,1063_jpg.rf.eb5334c3fafeb960c5d8a9597e812802.jpg,0,1,6,0.99,0,det,det,template,Litten,020/181,,Litten,20/181,TEU,Team Up,Common,1115.0
1063_jpg.rf.eb5334c3fafeb960c5d8a9597e812802.jpg#p00#4#7,1063_jpg.rf.eb5334c3fafeb960c5d8a9597e812802.jpg,0,4,7,0.985,0,det,det,template,Roseanne's Backup,172/172,,Roseanne's Backup,172/172,BRS,Brilliant Stars,Rare Ultra,1115.0
1063_jpg.rf.eb5334c3fafeb960c5d8a9597e812802.jpg#p00#8#8,1063_jpg.rf.eb5334c3fafeb960c5d8a9597e812802.jpg,0,8,8,0.98,0,det,template,template,ENERGY,,,R Energy,95/109,TR,Team Rocket Returns,Uncommon,1000.0
1064_jpg.rf.bbcda37cc46b930b6b4440246b986289.jpg#p00#7#0,1064_jpg.rf.bbcda37cc46b930b6b4440246b986289.jpg,0,7,0,0.984,0,det,det,template,Zacian,082/185,,Zacian,82/185,VIV,Vivid Voltage,Amazing Rare,1115.0
1064_jpg.rf.bbcda37cc46b930b6b4440246b986289.jpg#p00#0#1,1064_jpg.rf.bbcda37cc46b930b6b4440246b986289.jpg,0,0,1,0.994,0,det,det,det,Feraligatr,041/162,TEFEN,Feraligatr,41/162,TEF,Temporal Forces,Rare,1115.0
1064_jpg.rf.bbcda37cc46b930b6b4440246b986289.jpg#p00#1#2,1064_jpg.rf.bbcda37cc46b930b6b4440246b986289.jpg,0,1,2,0.99,0,det,det,template,Muk,046/116,,Muk,46/116,PLF,Plasma Freeze,Rare,1115.0
1064_jpg.rf.bbcda37cc46b930b6b4440246b986289.jpg#p00#6#3,1064_jpg.rf.bbcda37cc46b930b6b4440246b986289.jpg,0,6,3,0.984,0,det,det,det,Darmanitan,016/94,PFLEN,Darmanitan,16/94,PFL,Phantasmal Flames,Uncommon,1115.0
1064_jpg.rf.bbcda37cc46b930b6b4440246b986289.jpg#p00#2#4,1064_jpg.rf.bbcda37cc46b930b6b4440246b986289.jpg,0,2,4,0.989,0,det,det,template,Gastly,033/62,,Gastly,33/62,FO,Fossil,Uncommon,1115.0
1064_jpg.rf.bbcda37cc46b930b6b4440246b986289.jpg#p00#4#5,1064_jpg.rf.bbcda37cc46b930b6b4440246b986289.jpg,0,4,5,0.986,0,det,det,template,Stufful,111/149,,Stufful,111/149,SUM,Sun & Moon,Common,1115.0
1064_jpg.rf.bbcda37cc46b930b6b4440246b986289.jpg#p00#8#6,1064_jpg.rf.bbcda37cc46b930b6b4440246b986289.jpg,0,8,6,0.983,0,det,det,template,Gengar&MimikyuMP,164/181,,Gengar & Mimikyu-GX,164/181,TEU,Team Up,Rare Ultra,1075.0
1064_jpg.rf.bbcda37cc46b930b6b4440246b986289.jpg#p00#3#7,1064_jpg.rf.bbcda37cc46b930b6b4440246b986289.jpg,0,3,7,0.988,0,det,det,template,Cursed Stone,072/92,,Cursed Stone,72/92,LM,Legend Maker,Uncommon,1115.0
1064_jpg.rf.bbcda37cc46b930b6b4440246b986289.jpg#p00#5#8,1064_jpg.rf.bbcda37cc46b930b6b4440246b986289.jpg,0,5,8,0.985,0,det,det,template,Togekiss wv.51,011/106,,Togekiss,11/106,GE,Great Encounters,Rare Holo,1075.0
1065_jpg.rf.7650649b6ba33137e4cb4141a2080eb2.jpg#p00#2#0,1065_jpg.rf.7650649b6ba33137e4cb4141a2080eb2.jpg,0,2,0,0.987,0,det,det,template,Meowth,080/99,,Meowth,80/99,NXD,Next Destinies,Common,1115.0
1065_jpg.rf.7650649b6ba33137e4cb4141a2080eb2.jpg#p00#0#1,1065_jpg.rf.7650649b6ba33137e4cb4141a2080eb2.jpg,0,0,1,0.991,0,det,det,template,MCharizard,013/106,,M Charizard-EX,13/106,FLF,Flashfire,Rare Holo EX,1075.0
1065_jpg.rf.7650649b6ba33137e4cb4141a2080eb2.jpg#p00#4#2,1065_jpg.rf.7650649b6ba33137e4cb4141a2080eb2.jpg,0,4,2,0.986,0,det,det,det,Larvesta,040/197,OBFEM,Larvesta,40/197,OBF,Obsidian Flames,Common,1115.0
1065_jpg.rf.7650649b6ba33137e4cb4141a2080eb2.jpg#p00#8#3,1065_jpg.rf.7650649b6ba33137e4cb4141a2080eb2.jpg,0,8,3,0.982,0,det,det,template,Goomy,092/131,,Goomy,92/131,FLI,Forbidden Light,Common,1115.0
1065_jpg.rf.7650649b6ba33137e4cb4141a2080eb2.jpg#p00#5#4,1065_jpg.rf.7650649b6ba33137e4cb4141a2080eb2.jpg,0,5,4,0.986,0,det,det,det,Roaring MooneX,,SVP,Roaring Moon ex,67/102,SVP,SVP Black Star Promos,Promo,1050.0
1065_jpg.rf.7650649b6ba33137e4cb4141a2080eb2.jpg#p00#7#5,1065_jpg.rf.7650649b6ba33137e4cb4141a2080eb2.jpg,0,7,5,0.984,0,det,det,det,Fezandipitiex,142/217,ASCEN,Fezandipiti ex,142/217,ASC,Ascended Heroes,Double Rare,1115.0
1065_jpg.rf.7650649b6ba33137e4cb4141a2080eb2.jpg#p00#1#6,1065_jpg.rf.7650649b6ba33137e4cb4141a2080eb2.jpg,0,1,6,0.988,0,det,det,det,Poltchageist,021/167,TWMEN,Poltchageist,21/167,TWM,Twilight Masquerade,Common,1115.0
1065_jpg.rf.7650649b6ba33137e4cb4141a2080eb2.jpg#p00#3#7,1065_jpg.rf.7650649b6ba33137e4cb4141a2080eb2.jpg,0,3,7,0.987,0,det,det,template,Celebi,,,Celebi,50/53,WBP,Wizards Black Star Promos,Promo,1040.0
1065_jpg.rf.7650649b6ba33137e4cb4141a2080eb2.jpg#p00#6#8,1065_jpg.rf.7650649b6ba33137e4cb4141a2080eb2.jpg,0,6,8,0.986,0,det,det,det,CyclizareX,,SVPE,Cyclizar ex,159/191,SSP,Surging Sparks,Double Rare,1040.0
1066_jpg.rf.ef523f9590d2335fba3f61b5f474ceb0.jpg#p00#8#0,1066_jpg.rf.ef523f9590d2335fba3f61b5f474ceb0.jpg,0,8,0,0.984,0,det,det,det,Armarouge,218/182,PAREN,Armarouge ex,218/182,PAR,Paradox Rift,Ultra Rare,1075.0
1066_jpg.rf.ef523f9590d2335fba3f61b5f474ceb0.jpg#p00#0#1,1066_jpg.rf.ef523f9590d2335fba3f61b5f474ceb0.jpg,0,0,1,0.99,0,det,template,template,GenesectGX,000/21,,Genesect-GX,204/214,LOT,Lost Thunder,Rare Ultra,1040.0
1066_jpg.rf.ef523f9590d2335fba3f61b5f474ceb0.jpg#p00#1#2,1066_jpg.rf.ef523f9590d2335fba3f61b5f474ceb0.jpg,0,1,2,0.989,0,det,det,det,Cobalion,144/86,BILKEN,Cobalion,144/86,BLK,Black Bolt,Illustration Rare,1115.0
1066_jpg.rf.ef523f9590d2335fba3f61b5f474ceb0.jpg#p00#3#3,1066_jpg.rf.ef523f9590d2335fba3f61b5f474ceb0.jpg,0,3,3,0.985,0,det,det,det,Artazon,076/91,PAFEN,Artazon,76/91,PAF,Paldean Fates,Uncommon,1115.0
1066_jpg.rf.ef523f9590d2335fba3f61b5f474ceb0.jpg#p00#2#4,1066_jpg.rf.ef523f9590d2335fba3f61b5f474ceb0.jpg,0,2,4,0.986,0,det,template,template,Groudon,,,Groudon,29/146,LA,Legends Awakened,Rare,1040.0
1066_jpg.rf.ef523f9590d2335fba3f61b5f474ceb0.jpg#p00#5#5,1066_jpg.rf.ef523f9590d2335fba3f61b5f474ceb0.jpg,0,5,5,0.985,0,det,det,template,Foongus,017/124,,Foongus,17/124,DRX,Dragons Exalted,Common,1115.0
1066_jpg.rf.ef523f9590d2335fba3f61b5f474ceb0.jpg#p00#4#6,1066_jpg.rf.ef523f9590d2335fba3f61b5f474ceb0.jpg,0,4,6,0.985,0,det,det,template,Staravia,118/172,,Staravia,118/172,BRS,Brilliant Stars,Uncommon,1115.0
1066_jpg.rf.ef523f9590d2335fba3f61b5f474ceb0.jpg#p00#6#7,1066_jpg.rf.ef523f9590d2335fba3f61b5f474ceb0.jpg,0,6,7,0.985,0,det,det,template,SableyeV,120/202,,Sableye V,120/202,SSH,Sword & Shield,Rare Holo V,1115.0
1066_jpg.rf.ef523f9590d2335fba3f61b5f474ceb0.jpg#p00#7#8,1066_jpg.rf.ef523f9590d2335fba3f61b5f474ceb0.jpg,0,7,8,0.984,0,det,det,template,Suicune,115/115,,Suicune ★,115/115,UF,Unseen Forces,Rare Holo Star,1115.0
1067_jpg.rf.7b57928d1926373a1b8d7761094bd171.jpg#p00#8#0,1067_jpg.rf.7b57928d1926373a1b8d7761094bd171.jpg,0,8,0,0.979,0,det,det,template,GiratinaVSTAR,131/196,,Giratina VSTAR,131/196,LOR,Lost Origin,Rare Holo VSTAR,1115.0
1067_jpg.rf.7b57928d1926373a1b8d7761094bd171.jpg#p00#2#1,1067_jpg.rf.7b57928d1926373a1b8d7761094bd171.jpg,0,2,1,0.987,0,det,det,template,Hypno,062/203,,Hypno,62/203,EVS,Evolving Skies,Uncommon,1115.0
1067_jpg.rf.7b57928d1926373a1b8d7761094bd171.jpg#p00#0#2,1067_jpg.rf.7b57928d1926373a1b8d7761094bd171.jpg,0,0,2,0.991,0,det,det,template,Torchic.12,099/127,,Torchic,99/127,PL,Platinum,Common,1075.0
1067_jpg.rf.7b57928d1926373a1b8d7761094bd171.jpg#p00#4#3,1067_jpg.rf.7b57928d1926373a1b8d7761094bd171.jpg,0,4,3,0.986,0,det,det,template,Lucario,117/236,,Lucario,117/236,UNM,Unified Minds,Rare,1115.0
1067_jpg.rf.7b57928d1926373a1b8d7761094bd171.jpg#p00#6#4,1067_jpg.rf.7b57928d1926373a1b8d7761094bd171.jpg,0,6,4,0.985,0,det,det,template,Shroomish,004/264,,Shroomish,4/264,FST,Fusion Strike,Common,1115.0
1067_jpg.rf.7b57928d1926373a1b8d7761094bd171.jpg#p00#7#5,1067_jpg.rf.7b57928d1926373a1b8d7761094bd171.jpg,0,7,5,0.984,0,det,det,det,Electric Generator,170/198,SVIN,Electric Generator,170/198,SVI,Scarlet & Violet,Uncommon,1115.0
1067_jpg.rf.7b57928d1926373a1b8d7761094bd171.jpg#p00#1#6,1067_jpg.rf.7b57928d1926373a1b8d7761094bd171.jpg,0,1,6,0.99,0,det,template,template,Pheromosa&woleGX,012/140,,Pheromosa,11/131,FLI,Forbidden Light,Rare Holo,1015.0
1067_jpg.rf.7b57928d1926373a1b8d7761094bd171.jpg#p00#3#7,1067_jpg.rf.7b57928d1926373a1b8d7761094bd171.jpg,0,3,7,0.986,0,det,det,template,Grookey,011/202,,Grookey,11/202,SSH,Sword & Shield,Common,1115.0
1067_jpg.rf.7b57928d1926373a1b8d7761094bd171.jpg#p00#5#8,1067_jpg.rf.7b57928d1926373a1b8d7761094bd171.jpg,0,5,8,0.986,0,det,det,template,Torterra,008/172,,Torterra,8/172,BRS,Brilliant Stars,Rare Holo,1115.0
1068_jpg.rf.c252e73f364f089a553a3b06b73ac53c.jpg#p00#8#0,1068_jpg.rf.c252e73f364f089a553a3b06b73ac53c.jpg,0,8,0,0.98,0,det,det,template,Beartic,030/98,,Beartic,30/98,EPO,Emerging Powers,Rare Holo,1115.0
1068_jpg.rf.c252e73f364f089a553a3b06b73ac53c.jpg#p00#1#1,1068_jpg.rf.c252e73f364f089a553a3b06b73ac53c.jpg,0,1,1,0.99,0,det,det,det,Voltorb,100/165,MEWEN,Voltorb,100/165,MEW,151,Common,1115.0
1068_jpg.rf.c252e73f364f089a553a3b06b73ac53c.jpg#p00#0#2,1068_jpg.rf.c252e73f364f089a553a3b06b73ac53c.jpg,0,0,2,0.99,0,det,det,template,Skarmory,055/113,,Skarmory,55/113,DS,Delta Species,Uncommon,1115.0
1068_jpg.rf.c252e73f364f089a553a3b06b73ac53c.jpg#p00#4#3,1068_jpg.rf.c252e73f364f089a553a3b06b73ac53c.jpg,0,4,3,0.986,0,det,det,template,Electromagnetic Radar,169/214,,Electromagnetic Radar,169/214,UNB,Unbroken Bonds,Uncommon,1115.0
1068_jpg.rf.c252e73f364f089a553a3b06b73ac53c.jpg#p00#6#4,1068_jpg.rf.c252e73f364f089a553a3b06b73ac53c.jpg,0,6,4,0.985,0,det,det,template,Whimsicott,006/202,,Whimsicott,6/202,SSH,Sword & Shield,Rare,1115.0
1068_jpg.rf.c252e73f364f089a553a3b06b73ac53c.jpg#p00#3#5,1068_jpg.rf.c252e73f364f089a553a3b06b73ac53c.jpg,0,3,5,0.986,0,det,det,det,Quaquayalex,235/193,PALEM,Quaquaval ex,235/193,PAL,Paldea Evolved,Ultra Rare,1075.0
1068_jpg.rf.c252e73f364f089a553a3b06b73ac53c.jpg#p00#2#6,1068_jpg.rf.c252e73f364f089a553a3b06b73ac53c.jpg,0,2,6,0.987,0,det,det,template,Unown m,088/105,,Unown [T],88/105,N4,Neo Destiny,Common,1075.0
1068_jpg.rf.c252e73f364f089a553a3b06b73ac53c.jpg#p00#5#7,1068_jpg.rf.c252e73f364f089a553a3b06b73ac53c.jpg,0,5,7,0.986,0,det,det,template,Schoolgirl,262/264,,Schoolgirl,262/264,FST,Fusion Strike,Rare Ultra,1115.0
1068_jpg.rf.c252e73f364f089a553a3b06b73ac53c.jpg#p00#7#8,1068_jpg.rf.c252e73f364f089a553a3b06b73ac53c.jpg,0,7,8,0.984,0,det,det,template,Great Ball,164/202,,Great Ball,164/202,SSH,Sword & Shield,Uncommon,1115.0
1069_jpg.rf.2c661035a66bbc1242e1ea2010e60020.jpg#p00#8#0,1069_jpg.rf.2c661035a66bbc1242e1ea2010e60020.jpg,0,8,0,0.978,0,det,det,template,Rufflet,086/98,,Rufflet,86/98,EPO,Emerging Powers,Common,1115.0
1069_jpg.rf.2c661035a66bbc1242e1ea2010e60020.jpg#p00#1#1,1069_jpg.rf.2c661035a66bbc1242e1ea2010e60020.jpg,0,1,1,0.992,0,det,det,det,Pachirisu,051/132,MEGEN,Pachirisu,51/132,MEG,Mega Evolution,Common,1115.0
1069_jpg.rf.2c661035a66bbc1242e1ea2010e60020.jpg#p00#0#2,1069_jpg.rf.2c661035a66bbc1242e1ea2010e60020.jpg,0,0,2,0.993,0,det,det,template,Brock,098/132,,Brock,98/132,G1,Gym Heroes,Rare,1115.0
1069_jpg.rf.2c661035a66bbc1242e1ea2010e60020.jpg#p00#3#3,1069_jpg.rf.2c661035a66bbc1242e1ea2010e60020.jpg,0,3,3,0.987,0,det,det,det,Paldean Student,085/91,PAFEN,Paldean Student,85/91,PAF,Paldean Fates,Common,1115.0
1069_jpg.rf.2c661035a66bbc1242e1ea2010e60020.jpg#p00#5#4,1069_jpg.rf.2c661035a66bbc1242e1ea2010e60020.jpg,0,5,4,0.984,0,det,det,det,Spikemuth Gym,169/182,DRIEN,Spikemuth Gym,169/182,DRI,Destined Rivals,Uncommon,1115.0
1069_jpg.rf.2c661035a66bbc1242e1ea2010e60020.jpg#p00#7#5,1069_jpg.rf.2c661035a66bbc1242e1ea2010e60020.jpg,0,7,5,0.983,0,det,det,template,Switching Cups,162/203,,Switching Cups,162/203,EVS,Evolving Skies,Uncommon,1115.0
1069_jpg.rf.2c661035a66bbc1242e1ea2010e60020.jpg#p00#4#6,1069_jpg.rf.2c661035a66bbc1242e1ea2010e60020.jpg,0,4,6,0.985,0,det,det,template,Lycanroc,076/131,,Lycanroc,76/131,FLI,Forbidden Light,Rare,1115.0
1069_jpg.rf.2c661035a66bbc1242e1ea2010e60020.jpg#p00#2#7,1069_jpg.rf.2c661035a66bbc1242e1ea2010e60020.jpg,0,2,7,0.987,0,det,det,template,Litwick,041/119,,Litwick,41/119,PHF,Phantom Forces,Common,1115.0
1069_jpg.rf.2c661035a66bbc1242e1ea2010e60020.jpg#p00#6#8,1069_jpg.rf.2c661035a66bbc1242e1ea2010e60020.jpg,0,6,8,0.984,0,det,det,template,Sealeo,017/101,,Sealeo,47/101,HL,Hidden Legends,Uncommon,1065.0
1070_jpg.rf.36c4400e215fc1f46263549294f152e7.jpg#p00#7#0,1070_jpg.rf.36c4400e215fc1f46263549294f152e7.jpg,0,7,0,0.984,0,det,det,template,Exeggcute,074/130,,Exeggcute,74/130,B2,Base Set 2,Common,1115.0
1070_jpg.rf.36c4400e215fc1f46263549294f152e7.jpg#p00#0#1,1070_jpg.rf.36c4400e215fc1f46263549294f152e7.jpg,0,0,1,0.992,0,det,det,template,Crabrawler,084/198,,Crabrawler,84/198,CRE,Chilling Reign,Common,1115.0
1070_jpg.rf.36c4400e215fc1f46263549294f152e7.jpg#p00#1#2,1070_jpg.rf.36c4400e215fc1f46263549294f152e7.jpg,0,1,2,0.991,0,det,det,det,MismagiuseX,036/94,PFLEM,Mismagius ex,36/94,PFL,Phantasmal Flames,Double Rare,1115.0
1070_jpg.rf.36c4400e215fc1f46263549294f152e7.jpg#p00#8#3,1070_jpg.rf.36c4400e215fc1f46263549294f152e7.jpg,0,8,3,0.982,0,det,det,template,VaporeonVAx,030/203,,Vaporeon VMAX,30/203,EVS,Evolving Skies,Rare Holo VMAX,1075.0
1070_jpg.rf.36c4400e215fc1f46263549294f152e7.jpg#p00#4#4,1070_jpg.rf.36c4400e215fc1f46263549294f152e7.jpg,0,4,4,0.986,0,det,det,det,Audino,151/86,BULK,Audino,151/86,BLK,Black Bolt,Illustration Rare,1115.0
1070_jpg.rf.36c4400e215fc1f46263549294f152e7.jpg#p00#3#5,1070_jpg.rf.36c4400e215fc1f46263549294f152e7.jpg,0,3,5,0.987,0,det,det,template,Mismagius,040/111,,Mismagius,40/111,CIN,Crimson Invasion,Rare,1115.0
1070_jpg.rf.36c4400e215fc1f46263549294f152e7.jpg#p00#2#6,1070_jpg.rf.36c4400e215fc1f46263549294f152e7.jpg,0,2,6,0.988,0,det,det,template,Charizard,004/102,,Charizard,4/102,BS,Base Set,Rare Holo,1115.0
1070_jpg.rf.36c4400e215fc1f46263549294f152e7.jpg#p00#6#7,1070_jpg.rf.36c4400e215fc1f46263549294f152e7.jpg,0,6,7,0.984,0,det,template,template,Sophocles,,,Sophocles,123/147,BUS,Burning Shadows,Uncommon,1040.0
1070_jpg.rf.36c4400e215fc1f46263549294f152e7.jpg#p00#5#8,1070_jpg.rf.36c4400e215fc1f46263549294f152e7.jpg,0,5,8,0.985,0,det,det,template,Magneton,044/135,,Magneton,44/135,PLS,Plasma Storm,Uncommon,1115.0
1071_jpg.rf.c52c97ebb7b9e568c6b3334fcb4e89ab.jpg#p00#8#0,1071_jpg.rf.c52c97ebb7b9e568c6b3334fcb4e89ab.jpg,0,8,0,0.98,0,det,template,template,Sharpedo ex,,,Sharpedo ex,104/107,DX,Deoxys,Rare Holo EX,1040.0
1071_jpg.rf.c52c97ebb7b9e568c6b3334fcb4e89ab.jpg#p00#0#1,1071_jpg.rf.c52c97ebb7b9e568c6b3334fcb4e89ab.jpg,0,0,1,0.989,0,det,det,template,HoundoomV,021/189,,Houndoom V,21/189,DAA,Darkness Ablaze,Rare Holo V,1115.0
1071_jpg.rf.c52c97ebb7b9e568c6b3334fcb4e89ab.jpg#p00#1#2,1071_jpg.rf.c52c97ebb7b9e568c6b3334fcb4e89ab.jpg,0,1,2,0.987,0,det,det,det,Snorunt,037/182,PAREN,Snorunt,37/182,PAR,Paradox Rift,Common,1115.0
1071_jpg.rf.c52c97ebb7b9e568c6b3334fcb4e89ab.jpg#p00#2#3,1071_jpg.rf.c52c97ebb7b9e568c6b3334fcb4e89ab.jpg,0,2,3,0.987,0,det,det,det,Kadabra,055/132,MEGEN,Kadabra,55/132,MEG,Mega Evolution,Uncommon,1115.0
1071_jpg.rf.c52c97ebb7b9e568c6b3334fcb4e89ab.jpg#p00#6#4,1071_jpg.rf.c52c97ebb7b9e568c6b3334fcb4e89ab.jpg,0,6,4,0.983,0,det,det,det,Toxel,140/91,PAFEN,Toxel,140/91,PAF,Paldean Fates,Shiny Rare,1115.0
1071_jpg.rf.c52c97ebb7b9e568c6b3334fcb4e89ab.jpg#p00#5#5,1071_jpg.rf.c52c97ebb7b9e568c6b3334fcb4e89ab.jpg,0,5,5,0.984,0,det,det,template,Applin,017/203,,Applin,17/203,EVS,Evolving Skies,Common,1115.0
1071_jpg.rf.c52c97ebb7b9e568c6b3334fcb4e89ab.jpg#p00#7#6,1071_jpg.rf.c52c97ebb7b9e568c6b3334fcb4e89ab.jpg,0,7,6,0.983,0,det,det,template,Gastly,471/108,,Gastly,47/108,EVO,Evolutions,Common,1065.0
1071_jpg.rf.c52c97ebb7b9e568c6b3334fcb4e89ab.jpg#p00#3#7,1071_jpg.rf.c52c97ebb7b9e568c6b3334fcb4e89ab.jpg,0,3,7,0.987,0,det,det,det,Blitzle,062/182,PAREN,Blitzle,62/182,PAR,Paradox Rift,Common,1115.0
1071_jpg.rf.c52c97ebb7b9e568c6b3334fcb4e89ab.jpg#p00#4#8,1071_jpg.rf.c52c97ebb7b9e568c6b3334fcb4e89ab.jpg,0,4,8,0.985,0,det,det,template,Hydreigon,115/203,,Hydreigon,115/203,EVS,Evolving Skies,Rare Holo,1115.0
1072_jpg.rf.731a92e33991761bef9b86d5b29debac.jpg#p00#4#0,1072_jpg.rf.731a92e33991761bef9b86d5b29debac.jpg,0,4,0,0.988,0,det,det,template,Giratinaw.59,027/127,,Giratina,27/127,PL,Platinum,Rare,1075.0
1072_jpg.rf.731a92e33991761bef9b86d5b29debac.jpg#p00#0#1,1072_jpg.rf.731a92e33991761bef9b86d5b29debac.jpg,0,0,1,0.991,0,det,det,template,Cleffa,065/512,,Cleffa,78/130,DP,Diamond & Pearl,Common,1040.0
1072_jpg.rf.731a92e33991761bef9b86d5b29debac.jpg#p00#2#2,1072_jpg.rf.731a92e33991761bef9b86d5b29debac.jpg,0,2,2,0.99,0,det,det,template,Xerneas,,,Xerneas,64/132,MEG,Mega Evolution,Rare,1040.0
1072_jpg.rf.731a92e33991761bef9b86d5b29debac.jpg#p00#5#3,1072_jpg.rf.731a92e33991761bef9b86d5b29debac.jpg,0,5,3,0.988,0,det,det,det,Croconaw,040/162,TEFE,Croconaw,40/162,TEF,Temporal Forces,Common,1115.0
1072_jpg.rf.731a92e33991761bef9b86d5b29debac.jpg#p00#8#4,1072_jpg.rf.731a92e33991761bef9b86d5b29debac.jpg,0,8,4,0.985,0,det,template,template,Bronzong,,,Bronzong,76/99,NXD,Next Destinies,Rare,1040.0
1072_jpg.rf.731a92e33991761bef9b86d5b29debac.jpg#p00#3#5,1072_jpg.rf.731a92e33991761bef9b86d5b29debac.jpg,0,3,5,0.989,0,det,det,det,Roaring Moone,251/182,PARE,Roaring Moon ex,251/182,PAR,Paradox Rift,Special Illustration Rare,1075.0
1072_jpg.rf.731a92e33991761bef9b86d5b29debac.jpg#p00#1#6,1072_jpg.rf.731a92e33991761bef9b86d5b29debac.jpg,0,1,6,0.99,0,det,det,template,Garchompw.X,097/100,,Garchomp LV.X,97/100,MD,Majestic Dawn,Rare Holo LV.X,1075.0
1072_jpg.rf.731a92e33991761bef9b86d5b29debac.jpg#p00#6#7,1072_jpg.rf.731a92e33991761bef9b86d5b29debac.jpg,0,6,7,0.987,0,det,det,template,Spinarak,003/195,,Spinarak,3/195,SIT,Silver Tempest,Common,1115.0
1072_jpg.rf.731a92e33991761bef9b86d5b29debac.jpg#p00#7#8,1072_jpg.rf.731a92e33991761bef9b86d5b29debac.jpg,0,7,8,0.985,0,det,det,template,UnownVSTAR,066/195,,Unown VSTAR,66/195,SIT,Silver Tempest,Rare Holo VSTAR,1115.0
1073_jpg.rf.486115c4be0f4aa3481034e2abf5310d.jpg#p00#3#0,1073_jpg.rf.486115c4be0f4aa3481034e2abf5310d.jpg,0,3,0,0.987,0,det,det,template,Chinchou,050/92,,Chinchou,50/92,LM,Legend Maker,Common,1115.0
1073_jpg.rf.486115c4be0f4aa3481034e2abf5310d.jpg#p00#4#1,1073_jpg.rf.486115c4be0f4aa3481034e2abf5310d.jpg,0,4,1,0.987,0,det,det,template,Caterpie,001/106,,Caterpie,1/106,FLF,Flashfire,Common,1115.0
1073_jpg.rf.486115c4be0f4aa3481034e2abf5310d.jpg#p00#0#2,1073_jpg.rf.486115c4be0f4aa3481034e2abf5310d.jpg,0,0,2,0.99,0,det,det,det,Carkol,094/162,TEFEN,Carkol,94/162,TEF,Temporal Forces,Common,1115.0
1073_jpg.rf.486115c4be0f4aa3481034e2abf5310d.jpg#p00#7#3,1073_jpg.rf.486115c4be0f4aa3481034e2abf5310d.jpg,0,7,3,0.985,0,det,det,det,Hippowdon,040/88,POREN,Hippowdon,40/88,POR,Perfect Order,Uncommon,1115.0
1073_jpg.rf.486115c4be0f4aa3481034e2abf5310d.jpg#p00#5#4,1073_jpg.rf.486115c4be0f4aa3481034e2abf5310d.jpg,0,5,4,0.986,0,det,det,template,Simisage,008/264,,Simisage,8/264,FST,Fusion Strike,Uncommon,1115.0
1073_jpg.rf.486115c4be0f4aa3481034e2abf5310d.jpg#p00#8#5,1073_jpg.rf.486115c4be0f4aa3481034e2abf5310d.jpg,0,8,5,0.985,0,det,det,template,Pikachu,026/830,,Pikachu,26/53,WBP,Wizards Black Star Promos,Promo,1090.0
1073_jpg.rf.486115c4be0f4aa3481034e2abf5310d.jpg#p00#2#6,1073_jpg.rf.486115c4be0f4aa3481034e2abf5310d.jpg,0,2,6,0.987,0,det,det,det,Fan Rotom,118/142,SCREN,Fan Rotom,118/142,SCR,Stellar Crown,Common,1115.0
1073_jpg.rf.486115c4be0f4aa3481034e2abf5310d.jpg#p00#1#7,1073_jpg.rf.486115c4be0f4aa3481034e2abf5310d.jpg,0,1,7,0.988,0,det,det,template,Litten,026/214,,Litten,26/214,UNB,Unbroken Bonds,Common,1115.0
1073_jpg.rf.486115c4be0f4aa3481034e2abf5310d.jpg#p00#6#8,1073_jpg.rf.486115c4be0f4aa3481034e2abf5310d.jpg,0,6,8,0.986,0,det,det,template,Chandelure,013/145,,Chandelure,13/145,GRI,Guardians Rising,Rare Holo,1115.0
1074_jpg.rf.a09b061198818c352418743bfbba908c.jpg#p00#4#0,1074_jpg.rf.a09b061198818c352418743bfbba908c.jpg,0,4,0,0.986,0,det,det,template,Azelf,043/131,,Azelf,43/131,FLI,Forbidden Light,Uncommon,1115.0
1074_jpg.rf.a09b061198818c352418743bfbba908c.jpg#p00#0#1,1074_jpg.rf.a09b061198818c352418743bfbba908c.jpg,0,0,1,0.992,0,det,det,det,CetitaneX,065/182,DRIEN,Cetitan ex,65/182,DRI,Destined Rivals,Double Rare,1115.0
1074_jpg.rf.a09b061198818c352418743bfbba908c.jpg#p00#1#2,1074_jpg.rf.a09b061198818c352418743bfbba908c.jpg,0,1,2,0.991,0,det,det,template,Mime Jr,047/95,,Mime Jr.,47/95,CL,Call of Legends,Uncommon,1115.0
1074_jpg.rf.a09b061198818c352418743bfbba908c.jpg#p00#2#3,1074_jpg.rf.a09b061198818c352418743bfbba908c.jpg,0,2,3,0.987,0,det,det,template,Yanma,003/119,,Yanma,3/119,PHF,Phantom Forces,Common,1115.0
1074_jpg.rf.a09b061198818c352418743bfbba908c.jpg#p00#8#4,1074_jpg.rf.a09b061198818c352418743bfbba908c.jpg,0,8,4,0.982,0,det,det,template,ENERGY,108/114,,Lightning Energy,108/114,BLW,Black & White,Common,1075.0
1074_jpg.rf.a09b061198818c352418743bfbba908c.jpg#p00#7#5,1074_jpg.rf.a09b061198818c352418743bfbba908c.jpg,0,7,5,0.984,0,det,det,det,Pikachu,039/128,3XCM,Pikachu,39/99,NXD,Next Destinies,Common,1090.0
1074_jpg.rf.a09b061198818c352418743bfbba908c.jpg#p00#3#6,1074_jpg.rf.a09b061198818c352418743bfbba908c.jpg,0,3,6,0.987,0,det,det,template,Golduck,017/100,,Golduck,17/100,SS,Sandstorm,Rare,1115.0
1074_jpg.rf.a09b061198818c352418743bfbba908c.jpg#p00#5#7,1074_jpg.rf.a09b061198818c352418743bfbba908c.jpg,0,5,7,0.986,0,det,template,template,Double Colorless Energy specia,,,Double Colorless Energy,113/113,LTR,Legendary Treasures,Uncommon,1000.0
1074_jpg.rf.a09b061198818c352418743bfbba908c.jpg#p00#6#8,1074_jpg.rf.a09b061198818c352418743bfbba908c.jpg,0,6,8,0.985,0,det,det,template,TyranitarGX,203/214,,Tyranitar-GX,203/214,LOT,Lost Thunder,Rare Ultra,1115.0
1075_jpg.rf.05ce8ae1c41e1b786a3cd6ce70c8996a.jpg#p00#5#0,1075_jpg.rf.05ce8ae1c41e1b786a3cd6ce70c8996a.jpg,0,5,0,0.985,0,det,det,det,Gimmighoul,088/182,PAREN,Gimmighoul,88/182,PAR,Paradox Rift,Common,1115.0
1075_jpg.rf.05ce8ae1c41e1b786a3cd6ce70c8996a.jpg#p00#1#1,1075_jpg.rf.05ce8ae1c41e1b786a3cd6ce70c8996a.jpg,0,1,1,0.99,0,det,det,template,Stone Energy,164/185,,Stone Fighting Energy,164/185,VIV,Vivid Voltage,Uncommon,1075.0
1075_jpg.rf.05ce8ae1c41e1b786a3cd6ce70c8996a.jpg#p00#0#2,1075_jpg.rf.05ce8ae1c41e1b786a3cd6ce70c8996a.jpg,0,0,2,0.99,0,det,det,det,Spiritomb,035/84,PBLEM,Spiritomb,62/114,STS,Steam Siege,Rare,1040.0
1075_jpg.rf.05ce8ae1c41e1b786a3cd6ce70c8996a.jpg#p00#4#3,1075_jpg.rf.05ce8ae1c41e1b786a3cd6ce70c8996a.jpg,0,4,3,0.985,0,det,det,template,PikachuEX,,,Pikachu ex,106/102,SVP,SVP Black Star Promos,Promo,1040.0
1075_jpg.rf.05ce8ae1c41e1b786a3cd6ce70c8996a.jpg#p00#8#4,1075_jpg.rf.05ce8ae1c41e1b786a3cd6ce70c8996a.jpg,0,8,4,0.983,0,det,det,template,ArceuS w.100,,,Arceus,AR4/99,AR,Arceus,Rare,1000.0
1075_jpg.rf.05ce8ae1c41e1b786a3cd6ce70c8996a.jpg#p00#2#5,1075_jpg.rf.05ce8ae1c41e1b786a3cd6ce70c8996a.jpg,0,2,5,0.989,0,det,det,det,Rookidee,225/193,PALEM,Rookidee,225/193,PAL,Paldea Evolved,Illustration Rare,1115.0
1075_jpg.rf.05ce8ae1c41e1b786a3cd6ce70c8996a.jpg#p00#7#6,1075_jpg.rf.05ce8ae1c41e1b786a3cd6ce70c8996a.jpg,0,7,6,0.984,0,det,det,template,Urn of Vitality,139/163,,Urn of Vitality,139/163,BST,Battle Styles,Uncommon,1115.0
1075_jpg.rf.05ce8ae1c41e1b786a3cd6ce70c8996a.jpg#p00#3#7,1075_jpg.rf.05ce8ae1c41e1b786a3cd6ce70c8996a.jpg,0,3,7,0.986,0,det,det,det,Ultra Ball,196/198,SVIN,Ultra Ball,196/198,SVI,Scarlet & Violet,Uncommon,1115.0
1075_jpg.rf.05ce8ae1c41e1b786a3cd6ce70c8996a.jpg#p00#6#8,1075_jpg.rf.05ce8ae1c41e1b786a3cd6ce70c8996a.jpg,0,6,8,0.985,0,det,det,det,Team Rocket's Spidops,020/182,DRIEM,Team Rocket's Spidops,20/182,DRI,Destined Rivals,Rare,1115.0
1076_jpg.rf.f0bdbb4043d4df0c4c9835d6362e54d0.jpg#p00#8#0,1076_jpg.rf.f0bdbb4043d4df0c4c9835d6362e54d0.jpg,0,8,0,0.982,0,det,det,det,Basic Energy,258/198,SVIEN,Basic Fighting Energy,258/198,SVI,Scarlet & Violet,Hyper Rare,1075.0
1076_jpg.rf.f0bdbb4043d4df0c4c9835d6362e54d0.jpg#p00#2#1,1076_jpg.rf.f0bdbb4043d4df0c4c9835d6362e54d0.jpg,0,2,1,0.988,0,det,det,det,Shellder,090/165,MEWEN,Shellder,90/165,MEW,151,Common,1115.0
1076_jpg.rf.f0bdbb4043d4df0c4c9835d6362e54d0.jpg#p00#0#2,1076_jpg.rf.f0bdbb4043d4df0c4c9835d6362e54d0.jpg,0,0,2,0.991,0,det,det,template,Misdreavus16,091/130,,Misdreavus,91/130,DP,Diamond & Pearl,Common,1075.0
1076_jpg.rf.f0bdbb4043d4df0c4c9835d6362e54d0.jpg#p00#3#3,1076_jpg.rf.f0bdbb4043d4df0c4c9835d6362e54d0.jpg,0,3,3,0.987,0,det,det,template,Armor Fossil wP50,116/123,,Armor Fossil,116/123,MT,Mysterious Treasures,Common,1075.0
1076_jpg.rf.f0bdbb4043d4df0c4c9835d6362e54d0.jpg#p00#5#4,1076_jpg.rf.f0bdbb4043d4df0c4c9835d6362e54d0.jpg,0,5,4,0.986,0,det,template,template,Claw Fossil HP 40,008/201,,Gossifleur,SV010/122,SHFSV,Shining Fates Shiny Vault,Rare Shiny,431.6666564941406
1076_jpg.rf.f0bdbb4043d4df0c4c9835d6362e54d0.jpg#p00#7#5,1076_jpg.rf.f0bdbb4043d4df0c4c9835d6362e54d0.jpg,0,7,5,0.984,0,det,det,template,Accelgor,011/108,,Accelgor,11/108,DEX,Dark Explorers,Rare,1115.0
1076_jpg.rf.f0bdbb4043d4df0c4c9835d6362e54d0.jpg#p00#1#6,1076_jpg.rf.f0bdbb4043d4df0c4c9835d6362e54d0.jpg,0,1,6,0.989,0,det,det,template,Rayquaza,,,Rayquaza,11/20,DRV,Dragon Vault,Rare Holo,1040.0
1076_jpg.rf.f0bdbb4043d4df0c4c9835d6362e54d0.jpg#p00#4#7,1076_jpg.rf.f0bdbb4043d4df0c4c9835d6362e54d0.jpg,0,4,7,0.986,0,det,det,template,Hitmonlee,058/950,,Hitmonlee,58/95,CL,Call of Legends,Common,1090.0
1076_jpg.rf.f0bdbb4043d4df0c4c9835d6362e54d0.jpg#p00#6#8,1076_jpg.rf.f0bdbb4043d4df0c4c9835d6362e54d0.jpg,0,6,8,0.985,0,det,det,template,Aerodactyl,035/110,,Aerodactyl δ,35/110,HP,Holon Phantoms,Uncommon,1115.0
1077_jpg.rf.f2f4c2139a6ad8f0ffddf342643b6209.jpg#p00#7#0,1077_jpg.rf.f2f4c2139a6ad8f0ffddf342643b6209.jpg,0,7,0,0.985,0,det,det,det,Hop's Trevenant,096/217,ASCEM,Hop's Trevenant,96/217,ASC,Ascended Heroes,Rare,1115.0
1077_jpg.rf.f2f4c2139a6ad8f0ffddf342643b6209.jpg#p00#2#1,1077_jpg.rf.f2f4c2139a6ad8f0ffddf342643b6209.jpg,0,2,1,0.988,0,det,det,template,Alolan Muk,058/149,,Alolan Muk,58/149,SUM,Sun & Moon,Rare Holo,1115.0
1077_jpg.rf.f2f4c2139a6ad8f0ffddf342643b6209.jpg#p00#1#2,1077_jpg.rf.f2f4c2139a6ad8f0ffddf342643b6209.jpg,0,1,2,0.99,0,det,det,template,Gyarados w.46,030/127,,Gyarados G,30/127,PL,Platinum,Rare,1075.0
1077_jpg.rf.f2f4c2139a6ad8f0ffddf342643b6209.jpg#p00#8#3,1077_jpg.rf.f2f4c2139a6ad8f0ffddf342643b6209.jpg,0,8,3,0.978,0,template,template,template,ENERG,,,R Energy,95/109,TR,Team Rocket Returns,Uncommon,1000.0
1077_jpg.rf.f2f4c2139a6ad8f0ffddf342643b6209.jpg#p00#4#4,1077_jpg.rf.f2f4c2139a6ad8f0ffddf342643b6209.jpg,0,4,4,0.986,0,det,det,template,Aipom,099/124,,Aipom,99/124,DRX,Dragons Exalted,Common,1115.0
1077_jpg.rf.f2f4c2139a6ad8f0ffddf342643b6209.jpg#p00#6#5,1077_jpg.rf.f2f4c2139a6ad8f0ffddf342643b6209.jpg,0,6,5,0.986,0,det,det,template,Primeape,072/181,,Primeape,72/181,TEU,Team Up,Rare,1115.0
1077_jpg.rf.f2f4c2139a6ad8f0ffddf342643b6209.jpg#p00#0#6,1077_jpg.rf.f2f4c2139a6ad8f0ffddf342643b6209.jpg,0,0,6,0.99,0,det,det,template,Gliscor w.53,,,Gliscor,55/146,LA,Legends Awakened,Uncommon,1000.0
1077_jpg.rf.f2f4c2139a6ad8f0ffddf342643b6209.jpg#p00#3#7,1077_jpg.rf.f2f4c2139a6ad8f0ffddf342643b6209.jpg,0,3,7,0.987,0,det,det,template,Ralts,055/99,,Ralts,55/99,NXD,Next Destinies,Common,1115.0
1077_jpg.rf.f2f4c2139a6ad8f0ffddf342643b6209.jpg#p00#5#8,1077_jpg.rf.f2f4c2139a6ad8f0ffddf342643b6209.jpg,0,5,8,0.986,0,det,det,det,Cherrim,007/128,30CM,Cherrim,7/135,PLS,Plasma Storm,Rare,1090.0
1078_jpg.rf.3713c7f8c287cdf8f2b0c5d9d47c3a99.jpg#p00#5#0,1078_jpg.rf.3713c7f8c287cdf8f2b0c5d9d47c3a99.jpg,0,5,0,0.985,0,det,det,template,Cubone,103/165,,Cubone,103/165,EX,Expedition Base Set,Common,1115.0
1078_jpg.rf.3713c7f8c287cdf8f2b0c5d9d47c3a99.jpg#p00#1#1,1078_jpg.rf.3713c7f8c287cdf8f2b0c5d9d47c3a99.jpg,0,1,1,0.989,0,det,det,template,Electivirew.X,121/123,,Electivire LV.X,121/123,MT,Mysterious Treasures,Rare Holo LV.X,1075.0
1078_jpg.rf.3713c7f8c287cdf8f2b0c5d9d47c3a99.jpg#p00#0#2,1078_jpg.rf.3713c7f8c287cdf8f2b0c5d9d47c3a99.jpg,0,0,2,0.99,0,det,det,template,Kangaskhan,075/124,,Kangaskhan,75/124,FCO,Fates Collide,Uncommon,1115.0
1078_jpg.rf.3713c7f8c287cdf8f2b0c5d9d47c3a99.jpg#p00#8#3,1078_jpg.rf.3713c7f8c287cdf8f2b0c5d9d47c3a99.jpg,0,8,3,0.982,0,det,det,det,Snorunt,227/217,ASCEM,Snorunt,227/217,ASC,Ascended Heroes,Illustration Rare,1115.0
1078_jpg.rf.3713c7f8c287cdf8f2b0c5d9d47c3a99.jpg#p00#2#4,1078_jpg.rf.3713c7f8c287cdf8f2b0c5d9d47c3a99.jpg,0,2,4,0.987,0,det,template,template,Miracle Sphere,,,Miracle Sphere α,129/144,SK,Skyridge,Uncommon,1040.0
1078_jpg.rf.3713c7f8c287cdf8f2b0c5d9d47c3a99.jpg#p00#7#5,1078_jpg.rf.3713c7f8c287cdf8f2b0c5d9d47c3a99.jpg,0,7,5,0.984,0,det,det,template,Purugly w.47,050/106,,Purugly,50/106,GE,Great Encounters,Uncommon,1075.0
1078_jpg.rf.3713c7f8c287cdf8f2b0c5d9d47c3a99.jpg#p00#4#6,1078_jpg.rf.3713c7f8c287cdf8f2b0c5d9d47c3a99.jpg,0,4,6,0.985,0,det,template,template,Bisharp,,,Bisharp,72/108,DEX,Dark Explorers,Rare,1040.0
1078_jpg.rf.3713c7f8c287cdf8f2b0c5d9d47c3a99.jpg#p00#3#7,1078_jpg.rf.3713c7f8c287cdf8f2b0c5d9d47c3a99.jpg,0,3,7,0.986,0,det,det,det,Dawn,087/94,PFLEN,Dawn,87/94,PFL,Phantasmal Flames,Uncommon,1115.0
1078_jpg.rf.3713c7f8c287cdf8f2b0c5d9d47c3a99.jpg#p00#6#8,1078_jpg.rf.3713c7f8c287cdf8f2b0c5d9d47c3a99.jpg,0,6,8,0.985,0,det,det,template,Glameow.12,083/130,,Glameow,83/130,DP,Diamond & Pearl,Common,1075.0
1079_jpg.rf.a76f6d16a83c42ff4d9f41c07f872c87.jpg#p00#5#0,1079_jpg.rf.a76f6d16a83c42ff4d9f41c07f872c87.jpg,0,5,0,0.985,0,det,det,template,Eevee,083/108,,Eevee,83/108,DEX,Dark Explorers,Common,1115.0
1079_jpg.rf.a76f6d16a83c42ff4d9f41c07f872c87.jpg#p00#1#1,1079_jpg.rf.a76f6d16a83c42ff4d9f41c07f872c87.jpg,0,1,1,0.993,0,det,det,det,Ortega,219/197,OBFEN,Ortega,219/197,OBF,Obsidian Flames,Ultra Rare,1115.0
1079_jpg.rf.a76f6d16a83c42ff4d9f41c07f872c87.jpg#p00#0#2,1079_jpg.rf.a76f6d16a83c42ff4d9f41c07f872c87.jpg,0,0,2,0.995,0,det,det,template,MGengar,,,Gengar,5/62,FO,Fossil,Rare Holo,1000.0
1079_jpg.rf.a76f6d16a83c42ff4d9f41c07f872c87.jpg#p00#8#3,1079_jpg.rf.a76f6d16a83c42ff4d9f41c07f872c87.jpg,0,8,3,0.98,0,det,det,template,SnorlaxVMAX,142/202,,Snorlax VMAX,142/202,SSH,Sword & Shield,Rare Holo VMAX,1115.0
1079_jpg.rf.a76f6d16a83c42ff4d9f41c07f872c87.jpg#p00#4#4,1079_jpg.rf.a76f6d16a83c42ff4d9f41c07f872c87.jpg,0,4,4,0.985,0,det,det,template,Nosepassw.15,109/146,,Nosepass,109/146,LA,Legends Awakened,Common,1075.0
1079_jpg.rf.a76f6d16a83c42ff4d9f41c07f872c87.jpg#p00#7#5,1079_jpg.rf.a76f6d16a83c42ff4d9f41c07f872c87.jpg,0,7,5,0.984,0,det,det,template,Kecleon,162/214,,Kecleon,162/214,LOT,Lost Thunder,Uncommon,1115.0
1079_jpg.rf.a76f6d16a83c42ff4d9f41c07f872c87.jpg#p00#2#6,1079_jpg.rf.a76f6d16a83c42ff4d9f41c07f872c87.jpg,0,2,6,0.988,0,det,det,template,Mew,011/25,,Mew,11/25,CEL,Celebrations,Rare Holo,1115.0
1079_jpg.rf.a76f6d16a83c42ff4d9f41c07f872c87.jpg#p00#3#7,1079_jpg.rf.a76f6d16a83c42ff4d9f41c07f872c87.jpg,0,3,7,0.986,0,det,det,template,GalladeV,181/196,,Gallade V,181/196,LOR,Lost Origin,Rare Ultra,1115.0
1079_jpg.rf.a76f6d16a83c42ff4d9f41c07f872c87.jpg#p00#6#8,1079_jpg.rf.a76f6d16a83c42ff4d9f41c07f872c87.jpg,0,6,8,0.984,0,det,det,template,Sudowoodo,036/147,,Sudowoodo,36/147,AQ,Aquapolis,Rare,1115.0
1080_jpg.rf.478b5f77b42154eaf109b505d6e74b31.jpg#p00#2#0,1080_jpg.rf.478b5f77b42154eaf109b505d6e74b31.jpg,0,2,0,0.988,0,det,det,template,Ralts,080/236,,Ralts,80/236,CEC,Cosmic Eclipse,Common,1115.0
1080_jpg.rf.478b5f77b42154eaf109b505d6e74b31.jpg#p00#0#1,1080_jpg.rf.478b5f77b42154eaf109b505d6e74b31.jpg,0,0,1,0.992,0,det,det,det,Oshawott,105/86,WIHTEN,Oshawott,105/86,WHT,White Flare,Illustration Rare,1115.0
1080_jpg.rf.478b5f77b42154eaf109b505d6e74b31.jpg#p00#1#2,1080_jpg.rf.478b5f77b42154eaf109b505d6e74b31.jpg,0,1,2,0.99,0,det,det,template,Alolan Golem GX,102/111,,Alolan Golem-GX,102/111,CIN,Crimson Invasion,Rare Ultra,1115.0
1080_jpg.rf.478b5f77b42154eaf109b505d6e74b31.jpg#p00#4#3,1080_jpg.rf.478b5f77b42154eaf109b505d6e74b31.jpg,0,4,3,0.985,0,det,det,det,GardevoireX,029/91,PAFEN,Gardevoir ex,29/91,PAF,Paldean Fates,Double Rare,1115.0
1080_jpg.rf.478b5f77b42154eaf109b505d6e74b31.jpg#p00#5#4,1080_jpg.rf.478b5f77b42154eaf109b505d6e74b31.jpg,0,5,4,0.985,0,det,det,det,Night Stretcher,173/132,MEGEN,Night Stretcher,173/132,MEG,Mega Evolution,Ultra Rare,1115.0
1080_jpg.rf.478b5f77b42154eaf109b505d6e74b31.jpg#p00#8#5,1080_jpg.rf.478b5f77b42154eaf109b505d6e74b31.jpg,0,8,5,0.984,0,det,det,template,TornadusEX,108/108,,Tornadus-EX,108/108,DEX,Dark Explorers,Rare Ultra,1115.0
1080_jpg.rf.478b5f77b42154eaf109b505d6e74b31.jpg#p00#6#6,1080_jpg.rf.478b5f77b42154eaf109b505d6e74b31.jpg,0,6,6,0.985,0,det,det,det,Dratini,147/165,MEWEN,Dratini,147/165,MEW,151,Common,1115.0
1080_jpg.rf.478b5f77b42154eaf109b505d6e74b31.jpg#p00#3#7,1080_jpg.rf.478b5f77b42154eaf109b505d6e74b31.jpg,0,3,7,0.986,0,det,det,template,Gengar.X,097/99,,Gengar LV.X,97/99,AR,Arceus,Rare Holo LV.X,1075.0
1080_jpg.rf.478b5f77b42154eaf109b505d6e74b31.jpg#p00#7#8,1080_jpg.rf.478b5f77b42154eaf109b505d6e74b31.jpg,0,7,8,0.984,0,det,det,det,Frosmoth,046/162,TEFEN,Frosmoth,46/162,TEF,Temporal Forces,Common,1115.0
1081_jpg.rf.68f6e3f5bc17950f80e3b9797afe883d.jpg#p00#8#0,1081_jpg.rf.68f6e3f5bc17950f80e3b9797afe883d.jpg,0,8,0,0.981,0,det,det,template,TornadusVx,125/198,,Tornadus VMAX,125/198,CRE,Chilling Reign,Rare Holo VMAX,1075.0
1081_jpg.rf.68f6e3f5bc17950f80e3b9797afe883d.jpg#p00#0#1,1081_jpg.rf.68f6e3f5bc17950f80e3b9797afe883d.jpg,0,0,1,0.991,0,det,template,template,Pikachu,,,Pikachu,87/130,B2,Base Set 2,Common,1040.0
1081_jpg.rf.68f6e3f5bc17950f80e3b9797afe883d.jpg#p00#1#2,1081_jpg.rf.68f6e3f5bc17950f80e3b9797afe883d.jpg,0,1,2,0.991,0,det,det,det,Onix,090/182,PAREM,Onix,90/182,PAR,Paradox Rift,Common,1115.0
1081_jpg.rf.68f6e3f5bc17950f80e3b9797afe883d.jpg#p00#7#3,1081_jpg.rf.68f6e3f5bc17950f80e3b9797afe883d.jpg,0,7,3,0.982,0,det,det,template,Joltik,041/108,,Joltik,41/108,DEX,Dark Explorers,Common,1115.0
1081_jpg.rf.68f6e3f5bc17950f80e3b9797afe883d.jpg#p00#3#4,1081_jpg.rf.68f6e3f5bc17950f80e3b9797afe883d.jpg,0,3,4,0.986,0,det,det,template,Magnemite,059/92,,Magnemite,59/92,LM,Legend Maker,Common,1115.0
1081_jpg.rf.68f6e3f5bc17950f80e3b9797afe883d.jpg#p00#5#5,1081_jpg.rf.68f6e3f5bc17950f80e3b9797afe883d.jpg,0,5,5,0.984,0,det,det,template,Baltoy,057/163,,Baltoy,57/163,BST,Battle Styles,Common,1115.0
1081_jpg.rf.68f6e3f5bc17950f80e3b9797afe883d.jpg#p00#6#6,1081_jpg.rf.68f6e3f5bc17950f80e3b9797afe883d.jpg,0,6,6,0.982,0,det,det,template,Houndour,053/90,,Houndour,53/90,UD,Undaunted,Common,1115.0
1081_jpg.rf.68f6e3f5bc17950f80e3b9797afe883d.jpg#p00#2#7,1081_jpg.rf.68f6e3f5bc17950f80e3b9797afe883d.jpg,0,2,7,0.986,0,det,det,template,Flaaffy,048/198,,Flaaffy,48/198,CRE,Chilling Reign,Uncommon,1115.0
1081_jpg.rf.68f6e3f5bc17950f80e3b9797afe883d.jpg#p00#4#8,1081_jpg.rf.68f6e3f5bc17950f80e3b9797afe883d.jpg,0,4,8,0.985,0,det,det,template,Wailord w.41,047/147,,Wailord,47/147,SV,Supreme Victors,Rare,1075.0
1082_jpg.rf.dd127548c88791e7392aa5b6b1e21f13.jpg#p00#3#0,1082_jpg.rf.dd127548c88791e7392aa5b6b1e21f13.jpg,0,3,0,0.987,0,det,det,det,Toedscruel,026/198,SVIEN,Toedscruel,26/198,SVI,Scarlet & Violet,Uncommon,1115.0
1082_jpg.rf.dd127548c88791e7392aa5b6b1e21f13.jpg#p00#0#1,1082_jpg.rf.dd127548c88791e7392aa5b6b1e21f13.jpg,0,0,1,0.99,0,det,det,template,Professor Rowan,112/130,,Professor Rowan,112/130,DP,Diamond & Pearl,Uncommon,1115.0
1082_jpg.rf.dd127548c88791e7392aa5b6b1e21f13.jpg#p00#1#2,1082_jpg.rf.dd127548c88791e7392aa5b6b1e21f13.jpg,0,1,2,0.989,0,det,det,det,Arboliva,021/197,OBFEN,Arboliva,21/197,OBF,Obsidian Flames,Uncommon,1115.0
1082_jpg.rf.dd127548c88791e7392aa5b6b1e21f13.jpg#p00#7#3,1082_jpg.rf.dd127548c88791e7392aa5b6b1e21f13.jpg,0,7,3,0.983,0,det,det,template,Crabominable,043/149,,Crabominable,43/149,SUM,Sun & Moon,Rare,1115.0
1082_jpg.rf.dd127548c88791e7392aa5b6b1e21f13.jpg#p00#2#4,1082_jpg.rf.dd127548c88791e7392aa5b6b1e21f13.jpg,0,2,4,0.987,0,det,det,template,Exp. Share,128/160,,Exp. Share,128/160,PRC,Primal Clash,Uncommon,1115.0
1082_jpg.rf.dd127548c88791e7392aa5b6b1e21f13.jpg#p00#4#5,1082_jpg.rf.dd127548c88791e7392aa5b6b1e21f13.jpg,0,4,5,0.985,0,det,det,template,Shinx w.9,098/123,,Shinx,98/123,MT,Mysterious Treasures,Common,1075.0
1082_jpg.rf.dd127548c88791e7392aa5b6b1e21f13.jpg#p00#6#6,1082_jpg.rf.dd127548c88791e7392aa5b6b1e21f13.jpg,0,6,6,0.984,0,det,template,template,Bastiodon Il w.41,,,Bastiodon,14/16,RM,Pokémon Rumble,nan,1000.0
1082_jpg.rf.dd127548c88791e7392aa5b6b1e21f13.jpg#p00#5#7,1082_jpg.rf.dd127548c88791e7392aa5b6b1e21f13.jpg,0,5,7,0.985,0,det,det,template,Ekans,047/101,,Ekans δ,47/101,DF,Dragon Frontiers,Common,1115.0
1082_jpg.rf.dd127548c88791e7392aa5b6b1e21f13.jpg#p00#8#8,1082_jpg.rf.dd127548c88791e7392aa5b6b1e21f13.jpg,0,8,8,0.983,0,det,det,template,Lillie,122/149,,Lillie,122/149,SUM,Sun & Moon,Uncommon,1115.0
1083_jpg.rf.ef4536a9561ad5e0466e78c5ea207dd5.jpg#p00#2#0,1083_jpg.rf.ef4536a9561ad5e0466e78c5ea207dd5.jpg,0,2,0,0.988,0,det,det,det,Capsakid,028/198,SVIEN,Capsakid,28/198,SVI,Scarlet & Violet,Common,1115.0
1083_jpg.rf.ef4536a9561ad5e0466e78c5ea207dd5.jpg#p00#0#1,1083_jpg.rf.ef4536a9561ad5e0466e78c5ea207dd5.jpg,0,0,1,0.99,0,det,det,det,TerapagoseX,170/142,SCREWN,Terapagos ex,170/142,SCR,Stellar Crown,Special Illustration Rare,1115.0
1083_jpg.rf.ef4536a9561ad5e0466e78c5ea207dd5.jpg#p00#1#2,1083_jpg.rf.ef4536a9561ad5e0466e78c5ea207dd5.jpg,0,1,2,0.99,0,det,det,template,Torracat,028/214,,Torracat,28/214,UNB,Unbroken Bonds,Uncommon,1115.0
1083_jpg.rf.ef4536a9561ad5e0466e78c5ea207dd5.jpg#p00#8#3,1083_jpg.rf.ef4536a9561ad5e0466e78c5ea207dd5.jpg,0,8,3,0.98,0,det,det,template,Temple of Sinnoh,155/189,,Temple of Sinnoh,155/189,ASR,Astral Radiance,Uncommon,1115.0
1083_jpg.rf.ef4536a9561ad5e0466e78c5ea207dd5.jpg#p00#7#4,1083_jpg.rf.ef4536a9561ad5e0466e78c5ea207dd5.jpg,0,7,4,0.981,0,det,det,template,Staryu,025/122,,Staryu,25/122,BKP,BREAKpoint,Common,1115.0
1083_jpg.rf.ef4536a9561ad5e0466e78c5ea207dd5.jpg#p00#5#5,1083_jpg.rf.ef4536a9561ad5e0466e78c5ea207dd5.jpg,0,5,5,0.984,0,det,det,template,Muk,063/181,,Muk,63/181,TEU,Team Up,Rare,1115.0
1083_jpg.rf.ef4536a9561ad5e0466e78c5ea207dd5.jpg#p00#3#6,1083_jpg.rf.ef4536a9561ad5e0466e78c5ea207dd5.jpg,0,3,6,0.987,0,det,det,template,Crustle,012/203,,Crustle,12/203,EVS,Evolving Skies,Uncommon,1115.0
1083_jpg.rf.ef4536a9561ad5e0466e78c5ea207dd5.jpg#p00#4#7,1083_jpg.rf.ef4536a9561ad5e0466e78c5ea207dd5.jpg,0,4,7,0.987,0,det,det,template,DeoXYS NORMAL FORME Lv.50,001/146,,Deoxys Normal Forme,1/146,LA,Legends Awakened,Rare Holo,1075.0
1083_jpg.rf.ef4536a9561ad5e0466e78c5ea207dd5.jpg#p00#6#8,1083_jpg.rf.ef4536a9561ad5e0466e78c5ea207dd5.jpg,0,6,8,0.984,0,det,det,template,Pokémon Catcher,036/39,,Pokémon Catcher,36/39,KSS,Kalos Starter Set,nan,1115.0
1084_jpg.rf.8ee1ff01ec635e4d78a9ae8c2e2f1100.jpg#p00#8#0,1084_jpg.rf.8ee1ff01ec635e4d78a9ae8c2e2f1100.jpg,0,8,0,0.977,0,det,template,template,Beldum,,,Beldum,50/116,PLF,Plasma Freeze,Common,1040.0
1084_jpg.rf.8ee1ff01ec635e4d78a9ae8c2e2f1100.jpg#p00#1#1,1084_jpg.rf.8ee1ff01ec635e4d78a9ae8c2e2f1100.jpg,0,1,1,0.988,0,det,det,det,Lillie's Cutiefly,066/159,LIGEN,Lillie's Cutiefly,66/159,JTG,Journey Together,Common,1115.0
1084_jpg.rf.8ee1ff01ec635e4d78a9ae8c2e2f1100.jpg#p00#0#2,1084_jpg.rf.8ee1ff01ec635e4d78a9ae8c2e2f1100.jpg,0,0,2,0.988,0,det,template,template,Raikou,,,Raikou,16/132,SW,Secret Wonders,Rare Holo,1040.0
1084_jpg.rf.8ee1ff01ec635e4d78a9ae8c2e2f1100.jpg#p00#2#3,1084_jpg.rf.8ee1ff01ec635e4d78a9ae8c2e2f1100.jpg,0,2,3,0.987,0,det,det,template,Cynthia,582/594,,Cynthia,SV82/94,HIFSV,Hidden Fates Shiny Vault,Rare Ultra,1040.0
1084_jpg.rf.8ee1ff01ec635e4d78a9ae8c2e2f1100.jpg#p00#4#4,1084_jpg.rf.8ee1ff01ec635e4d78a9ae8c2e2f1100.jpg,0,4,4,0.986,0,det,det,det,Tyme,190/191,SSPH,Tyme,190/191,SSP,Surging Sparks,Uncommon,1115.0
1084_jpg.rf.8ee1ff01ec635e4d78a9ae8c2e2f1100.jpg#p00#6#5,1084_jpg.rf.8ee1ff01ec635e4d78a9ae8c2e2f1100.jpg,0,6,5,0.985,0,det,det,template,Crawdaunt,013/197,,Crawdaunt,13/97,DR,Dragon,Rare,1090.0
1084_jpg.rf.8ee1ff01ec635e4d78a9ae8c2e2f1100.jpg#p00#5#6,1084_jpg.rf.8ee1ff01ec635e4d78a9ae8c2e2f1100.jpg,0,5,6,0.985,0,det,det,template,OrbeetleVMAX,186/185,,Orbeetle VMAX,186/185,VIV,Vivid Voltage,Rare Rainbow,1115.0
1084_jpg.rf.8ee1ff01ec635e4d78a9ae8c2e2f1100.jpg#p00#3#7,1084_jpg.rf.8ee1ff01ec635e4d78a9ae8c2e2f1100.jpg,0,3,7,0.987,0,det,det,template,Bastiodon,085/156,,Bastiodon,85/156,UPR,Ultra Prism,Rare Holo,1115.0
1084_jpg.rf.8ee1ff01ec635e4d78a9ae8c2e2f1100.jpg#p00#7#8,1084_jpg.rf.8ee1ff01ec635e4d78a9ae8c2e2f1100.jpg,0,7,8,0.983,0,det,det,template,Herdier,082/114,,Herdier,82/114,BLW,Black & White,Uncommon,1115.0
1085_jpg.rf.4b5a9454b3278cc64704ecaac0cab4b6.jpg#p00#2#0,1085_jpg.rf.4b5a9454b3278cc64704ecaac0cab4b6.jpg,0,2,0,0.987,0,det,det,template,Eelektross,066/236,,Eelektross,66/236,UNM,Unified Minds,Rare Holo,1115.0
1085_jpg.rf.4b5a9454b3278cc64704ecaac0cab4b6.jpg#p00#8#1,1085_jpg.rf.4b5a9454b3278cc64704ecaac0cab4b6.jpg,0,8,1,0.981,0,template,template,template,ENERG,010/90,,R Energy,95/109,TR,Team Rocket Returns,Uncommon,1000.0
1085_jpg.rf.4b5a9454b3278cc64704ecaac0cab4b6.jpg#p00#0#2,1085_jpg.rf.4b5a9454b3278cc64704ecaac0cab4b6.jpg,0,0,2,0.99,0,det,det,det,Toxicroak,079/132,MEGEM,Toxicroak,79/132,MEG,Mega Evolution,Common,1115.0
1085_jpg.rf.4b5a9454b3278cc64704ecaac0cab4b6.jpg#p00#3#3,1085_jpg.rf.4b5a9454b3278cc64704ecaac0cab4b6.jpg,0,3,3,0.986,0,det,det,det,Varoom,064/91,PAFEN,Varoom,64/91,PAF,Paldean Fates,Common,1115.0
1085_jpg.rf.4b5a9454b3278cc64704ecaac0cab4b6.jpg#p00#7#4,1085_jpg.rf.4b5a9454b3278cc64704ecaac0cab4b6.jpg,0,7,4,0.984,0,det,det,template,Snorlax,030/130,,Snorlax,30/130,B2,Base Set 2,Rare,1115.0
1085_jpg.rf.4b5a9454b3278cc64704ecaac0cab4b6.jpg#p00#1#5,1085_jpg.rf.4b5a9454b3278cc64704ecaac0cab4b6.jpg,0,1,5,0.989,0,det,det,template,Tapu Koko GX,593/594,,Tapu Koko-GX,SM33/248,SMP,SM Black Star Promos,Promo,1040.0
1085_jpg.rf.4b5a9454b3278cc64704ecaac0cab4b6.jpg#p00#5#6,1085_jpg.rf.4b5a9454b3278cc64704ecaac0cab4b6.jpg,0,5,6,0.985,0,det,det,det,Pokégear 3.0,084/86,BLKE,Pokégear 3.0,84/86,BLK,Black Bolt,Uncommon,1115.0
1085_jpg.rf.4b5a9454b3278cc64704ecaac0cab4b6.jpg#p00#4#7,1085_jpg.rf.4b5a9454b3278cc64704ecaac0cab4b6.jpg,0,4,7,0.986,0,det,det,template,CrobatV,055/98,,Crobat,55/135,PLS,Plasma Storm,Rare Holo,1050.0
1085_jpg.rf.4b5a9454b3278cc64704ecaac0cab4b6.jpg#p00#6#8,1085_jpg.rf.4b5a9454b3278cc64704ecaac0cab4b6.jpg,0,6,8,0.985,0,det,det,det,Psyduck,175/165,MEWEW,Psyduck,175/165,MEW,151,Illustration Rare,1115.0
1086_jpg.rf.4d7565c777a3ca0c2acc78292337c1da.jpg#p00#8#0,1086_jpg.rf.4d7565c777a3ca0c2acc78292337c1da.jpg,0,8,0,0.982,0,det,det,template,Max Revive,120/146,,Max Revive,120/146,XY,XY,Uncommon,1115.0
1086_jpg.rf.4d7565c777a3ca0c2acc78292337c1da.jpg#p00#0#1,1086_jpg.rf.4d7565c777a3ca0c2acc78292337c1da.jpg,0,0,1,0.991,0,det,det,template,Ho-OhEX,119/124,,Ho-Oh-EX,119/124,DRX,Dragons Exalted,Rare Ultra,1115.0
1086_jpg.rf.4d7565c777a3ca0c2acc78292337c1da.jpg#p00#1#2,1086_jpg.rf.4d7565c777a3ca0c2acc78292337c1da.jpg,0,1,2,0.988,0,det,det,template,Chimecho.30,021/147,,Chimecho,21/147,SV,Supreme Victors,Rare,1075.0
1086_jpg.rf.4d7565c777a3ca0c2acc78292337c1da.jpg#p00#6#3,1086_jpg.rf.4d7565c777a3ca0c2acc78292337c1da.jpg,0,6,3,0.984,0,det,det,template,Breloom,,,Breloom,45/132,SW,Secret Wonders,Uncommon,1040.0
1086_jpg.rf.4d7565c777a3ca0c2acc78292337c1da.jpg#p00#5#4,1086_jpg.rf.4d7565c777a3ca0c2acc78292337c1da.jpg,0,5,4,0.985,0,det,det,det,Mega Dragonite eX,295/217,ASCEN,Mega Dragonite ex,295/217,ASC,Ascended Heroes,Mega Hyper Rare,1115.0
1086_jpg.rf.4d7565c777a3ca0c2acc78292337c1da.jpg#p00#7#5,1086_jpg.rf.4d7565c777a3ca0c2acc78292337c1da.jpg,0,7,5,0.983,0,det,det,template,Aggron Spirit Link,123/160,,Aggron Spirit Link,123/160,PRC,Primal Clash,Uncommon,1115.0
1086_jpg.rf.4d7565c777a3ca0c2acc78292337c1da.jpg#p00#3#6,1086_jpg.rf.4d7565c777a3ca0c2acc78292337c1da.jpg,0,3,6,0.986,0,det,det,det,Iron TreadseX,066/91,PAFEN,Iron Treads ex,66/91,PAF,Paldean Fates,Double Rare,1115.0
1086_jpg.rf.4d7565c777a3ca0c2acc78292337c1da.jpg#p00#2#7,1086_jpg.rf.4d7565c777a3ca0c2acc78292337c1da.jpg,0,2,7,0.987,0,det,det,template,Delcatty,008/108,,Delcatty,8/108,PK,Power Keepers,Rare Holo,1115.0
1086_jpg.rf.4d7565c777a3ca0c2acc78292337c1da.jpg#p00#4#8,1086_jpg.rf.4d7565c777a3ca0c2acc78292337c1da.jpg,0,4,8,0.986,0,det,det,template,Galarian SlowkingV,179/198,,Galarian Slowking V,179/198,CRE,Chilling Reign,Rare Ultra,1115.0
1087_jpg.rf.4a10f11734c873d59980ffbbc905c1f7.jpg#p00#3#0,1087_jpg.rf.4a10f11734c873d59980ffbbc905c1f7.jpg,0,3,0,0.987,0,det,det,template,Ariados,113/196,,Ariados,113/196,LOR,Lost Origin,Rare,1115.0
1087_jpg.rf.4a10f11734c873d59980ffbbc905c1f7.jpg#p00#0#1,1087_jpg.rf.4a10f11734c873d59980ffbbc905c1f7.jpg,0,0,1,0.994,0,det,det,det,Golbat,050/86,CRIEN,Golbat,50/123,MT,Mysterious Treasures,Uncommon,1090.0
1087_jpg.rf.4a10f11734c873d59980ffbbc905c1f7.jpg#p00#1#2,1087_jpg.rf.4a10f11734c873d59980ffbbc905c1f7.jpg,0,1,2,0.99,0,det,det,template,Ditto,,,Ditto,3/62,FO,Fossil,Rare Holo,1040.0
1087_jpg.rf.4a10f11734c873d59980ffbbc905c1f7.jpg#p00#6#3,1087_jpg.rf.4a10f11734c873d59980ffbbc905c1f7.jpg,0,6,3,0.984,0,det,det,template,Air Balloon,213/202,,Air Balloon,213/202,SSH,Sword & Shield,Rare Secret,1115.0
1087_jpg.rf.4a10f11734c873d59980ffbbc905c1f7.jpg#p00#5#4,1087_jpg.rf.4a10f11734c873d59980ffbbc905c1f7.jpg,0,5,4,0.984,0,det,det,template,Leafeon.42,007/100,,Leafeon,7/100,MD,Majestic Dawn,Rare Holo,1075.0
1087_jpg.rf.4a10f11734c873d59980ffbbc905c1f7.jpg#p00#7#5,1087_jpg.rf.4a10f11734c873d59980ffbbc905c1f7.jpg,0,7,5,0.984,0,det,det,template,Hypno,051/122,,Hypno,51/122,BKP,BREAKpoint,Rare,1115.0
1087_jpg.rf.4a10f11734c873d59980ffbbc905c1f7.jpg#p00#2#6,1087_jpg.rf.4a10f11734c873d59980ffbbc905c1f7.jpg,0,2,6,0.99,0,det,det,template,Ditto,037/113,,Ditto,37/113,DS,Delta Species,Uncommon,1115.0
1087_jpg.rf.4a10f11734c873d59980ffbbc905c1f7.jpg#p00#4#7,1087_jpg.rf.4a10f11734c873d59980ffbbc905c1f7.jpg,0,4,7,0.986,0,det,det,det,Fossil Quarry,076/84,PBLEN,Claw Fossil,78/92,LM,Legend Maker,Common,560.4545288085938
1087_jpg.rf.4a10f11734c873d59980ffbbc905c1f7.jpg#p00#8#8,1087_jpg.rf.4a10f11734c873d59980ffbbc905c1f7.jpg,0,8,8,0.979,0,det,det,det,Vanillish,044/182,PAREM,Vanillish,44/182,PAR,Paradox Rift,Common,1115.0
1088_jpg.rf.bea04102bf08b107f5d5ef161baf234e.jpg#p00#6#0,1088_jpg.rf.bea04102bf08b107f5d5ef161baf234e.jpg,0,6,0,0.985,0,det,det,template,Floette,072/203,,Floette,72/203,EVS,Evolving Skies,Uncommon,1115.0
1088_jpg.rf.bea04102bf08b107f5d5ef161baf234e.jpg#p00#1#1,1088_jpg.rf.bea04102bf08b107f5d5ef161baf234e.jpg,0,1,1,0.99,0,det,det,template,Reshiram,063/108,,Reshiram,63/108,ROS,Roaring Skies,Rare Holo,1115.0
1088_jpg.rf.bea04102bf08b107f5d5ef161baf234e.jpg#p00#0#2,1088_jpg.rf.bea04102bf08b107f5d5ef161baf234e.jpg,0,0,2,0.99,0,det,det,template,Seadra,031/160,,Seadra,31/160,PRC,Primal Clash,Uncommon,1115.0
1088_jpg.rf.bea04102bf08b107f5d5ef161baf234e.jpg#p00#2#3,1088_jpg.rf.bea04102bf08b107f5d5ef161baf234e.jpg,0,2,3,0.989,0,det,det,template,Team Magma Conspirator,082/95,,Team Magma Conspirator,82/95,MA,Team Magma vs Team Aqua,Uncommon,1115.0
1088_jpg.rf.bea04102bf08b107f5d5ef161baf234e.jpg#p00#5#4,1088_jpg.rf.bea04102bf08b107f5d5ef161baf234e.jpg,0,5,4,0.986,0,det,det,template,Squirtlew.15,112/132,,Squirtle,112/132,SW,Secret Wonders,Common,1075.0
1088_jpg.rf.bea04102bf08b107f5d5ef161baf234e.jpg#p00#7#5,1088_jpg.rf.bea04102bf08b107f5d5ef161baf234e.jpg,0,7,5,0.984,0,det,det,template,Seadra,391/978,,Seadra,42/62,FO,Fossil,Uncommon,1040.0
1088_jpg.rf.bea04102bf08b107f5d5ef161baf234e.jpg#p00#4#6,1088_jpg.rf.bea04102bf08b107f5d5ef161baf234e.jpg,0,4,6,0.986,0,det,template,template,Bronzor,,,Bronzor,75/99,NXD,Next Destinies,Common,1040.0
1088_jpg.rf.bea04102bf08b107f5d5ef161baf234e.jpg#p00#3#7,1088_jpg.rf.bea04102bf08b107f5d5ef161baf234e.jpg,0,3,7,0.987,0,det,det,template,Tangrowth,002/113,,Tangrowth,2/113,LTR,Legendary Treasures,Rare,1115.0
1088_jpg.rf.bea04102bf08b107f5d5ef161baf234e.jpg#p00#8#8,1088_jpg.rf.bea04102bf08b107f5d5ef161baf234e.jpg,0,8,8,0.983,0,det,det,det,Dratini,157/197,OBFEN,Dratini,157/197,OBF,Obsidian Flames,Common,1115.0
1089_jpg.rf.74c1d320f2973bd12b32246e8bb251f4.jpg#p00#3#0,1089_jpg.rf.74c1d320f2973bd12b32246e8bb251f4.jpg,0,3,0,0.987,0,det,det,template,Hitmontop,072/172,,Hitmontop,72/172,BRS,Brilliant Stars,Uncommon,1115.0
1089_jpg.rf.74c1d320f2973bd12b32246e8bb251f4.jpg#p00#0#1,1089_jpg.rf.74c1d320f2973bd12b32246e8bb251f4.jpg,0,0,1,0.991,0,det,det,template,FlappleVMAX,019/163,,Flapple VMAX,19/163,BST,Battle Styles,Rare Holo VMAX,1115.0
1089_jpg.rf.74c1d320f2973bd12b32246e8bb251f4.jpg#p00#1#2,1089_jpg.rf.74c1d320f2973bd12b32246e8bb251f4.jpg,0,1,2,0.989,0,det,det,template,Kabuto,077/181,,Kabuto,77/181,TEU,Team Up,Uncommon,1115.0
1089_jpg.rf.74c1d320f2973bd12b32246e8bb251f4.jpg#p00#4#3,1089_jpg.rf.74c1d320f2973bd12b32246e8bb251f4.jpg,0,4,3,0.987,0,det,det,template,Dragonair,004/20,,Dragonair,4/20,DRV,Dragon Vault,Rare Holo,1115.0
1089_jpg.rf.74c1d320f2973bd12b32246e8bb251f4.jpg#p00#5#4,1089_jpg.rf.74c1d320f2973bd12b32246e8bb251f4.jpg,0,5,4,0.985,0,det,det,det,Meowth@r,121/88,POREN,Meowth ex,121/88,POR,Perfect Order,Special Illustration Rare,1075.0
1089_jpg.rf.74c1d320f2973bd12b32246e8bb251f4.jpg#p00#8#5,1089_jpg.rf.74c1d320f2973bd12b32246e8bb251f4.jpg,0,8,5,0.984,0,det,det,template,Gastly,063/112,,Gastly,63/112,RG,FireRed & LeafGreen,Common,1115.0
1089_jpg.rf.74c1d320f2973bd12b32246e8bb251f4.jpg#p00#6#6,1089_jpg.rf.74c1d320f2973bd12b32246e8bb251f4.jpg,0,6,6,0.985,0,det,det,det,Mega Eelektross eX,061/217,ASCEN,Mega Eelektross ex,61/217,ASC,Ascended Heroes,Double Rare,1115.0
1089_jpg.rf.74c1d320f2973bd12b32246e8bb251f4.jpg#p00#2#7,1089_jpg.rf.74c1d320f2973bd12b32246e8bb251f4.jpg,0,2,7,0.987,0,det,det,template,Cinderace,036/202,,Cinderace,36/202,SSH,Sword & Shield,Rare,1115.0
1089_jpg.rf.74c1d320f2973bd12b32246e8bb251f4.jpg#p00#7#8,1089_jpg.rf.74c1d320f2973bd12b32246e8bb251f4.jpg,0,7,8,0.985,0,det,det,template,Empoleon,056/236,,Empoleon,56/236,CEC,Cosmic Eclipse,Rare,1115.0
1090_jpg.rf.fbdf6a5f0d9af196242f2a0e8a32f11b.jpg#p00#8#0,1090_jpg.rf.fbdf6a5f0d9af196242f2a0e8a32f11b.jpg,0,8,0,0.983,0,det,det,template,Victini,024/113,,Victini,23/113,LTR,Legendary Treasures,Rare Holo,1080.0
1090_jpg.rf.fbdf6a5f0d9af196242f2a0e8a32f11b.jpg#p00#1#1,1090_jpg.rf.fbdf6a5f0d9af196242f2a0e8a32f11b.jpg,0,1,1,0.991,0,det,det,template,Sandslash,076/162,,Sandslash,76/162,BKT,BREAKthrough,Uncommon,1115.0
1090_jpg.rf.fbdf6a5f0d9af196242f2a0e8a32f11b.jpg#p00#0#2,1090_jpg.rf.fbdf6a5f0d9af196242f2a0e8a32f11b.jpg,0,0,2,0.992,0,det,det,template,Goomy,072/106,,Goomy,72/106,FLF,Flashfire,Common,1115.0
1090_jpg.rf.fbdf6a5f0d9af196242f2a0e8a32f11b.jpg#p00#6#3,1090_jpg.rf.fbdf6a5f0d9af196242f2a0e8a32f11b.jpg,0,6,3,0.983,0,det,det,template,Bruno,121/163,,Bruno,121/163,BST,Battle Styles,Uncommon,1115.0
1090_jpg.rf.fbdf6a5f0d9af196242f2a0e8a32f11b.jpg#p00#2#4,1090_jpg.rf.fbdf6a5f0d9af196242f2a0e8a32f11b.jpg,0,2,4,0.986,0,det,det,template,Prinplup,028/108,,Prinplup,28/108,DEX,Dark Explorers,Uncommon,1115.0
1090_jpg.rf.fbdf6a5f0d9af196242f2a0e8a32f11b.jpg#p00#3#5,1090_jpg.rf.fbdf6a5f0d9af196242f2a0e8a32f11b.jpg,0,3,5,0.985,0,det,det,template,Regidrago/STAR,201/195,,Regidrago VSTAR,201/195,SIT,Silver Tempest,Rare Rainbow,1075.0
1090_jpg.rf.fbdf6a5f0d9af196242f2a0e8a32f11b.jpg#p00#7#6,1090_jpg.rf.fbdf6a5f0d9af196242f2a0e8a32f11b.jpg,0,7,6,0.983,0,det,det,template,White KyuremEX,096/135,,White Kyurem-EX,96/135,PLS,Plasma Storm,Rare Holo EX,1115.0
1090_jpg.rf.fbdf6a5f0d9af196242f2a0e8a32f11b.jpg#p00#4#7,1090_jpg.rf.fbdf6a5f0d9af196242f2a0e8a32f11b.jpg,0,4,7,0.985,0,template,template,template,M,,,Muk,13/62,FO,Fossil,Rare Holo,900.0
1090_jpg.rf.fbdf6a5f0d9af196242f2a0e8a32f11b.jpg#p00#5#8,1090_jpg.rf.fbdf6a5f0d9af196242f2a0e8a32f11b.jpg,0,5,8,0.984,0,det,det,template,Reshiram,,,Reshiram,26/114,BLW,Black & White,Rare Holo,1040.0
1091_jpg.rf.08651d4fbf42d3d9e8b50f49be7ec4b2.jpg#p00#8#0,1091_jpg.rf.08651d4fbf42d3d9e8b50f49be7ec4b2.jpg,0,8,0,0.984,0,det,det,template,Farfetch'd,040/130,,Farfetch'd,40/130,B2,Base Set 2,Uncommon,1115.0
1091_jpg.rf.08651d4fbf42d3d9e8b50f49be7ec4b2.jpg#p00#1#1,1091_jpg.rf.08651d4fbf42d3d9e8b50f49be7ec4b2.jpg,0,1,1,0.987,0,det,det,template,Vullaby,072/114,,Vullaby,72/114,BLW,Black & White,Uncommon,1115.0
1091_jpg.rf.08651d4fbf42d3d9e8b50f49be7ec4b2.jpg#p00#0#2,1091_jpg.rf.08651d4fbf42d3d9e8b50f49be7ec4b2.jpg,0,0,2,0.989,0,det,det,det,Rillaboom,016/167,TWMEN,Rillaboom,16/167,TWM,Twilight Masquerade,Uncommon,1115.0
1091_jpg.rf.08651d4fbf42d3d9e8b50f49be7ec4b2.jpg#p00#2#3,1091_jpg.rf.08651d4fbf42d3d9e8b50f49be7ec4b2.jpg,0,2,3,0.987,0,det,det,det,Vulpix,016/191,SSPEN,Vulpix,16/191,SSP,Surging Sparks,Common,1115.0
1091_jpg.rf.08651d4fbf42d3d9e8b50f49be7ec4b2.jpg#p00#5#4,1091_jpg.rf.08651d4fbf42d3d9e8b50f49be7ec4b2.jpg,0,5,4,0.985,0,det,det,template,Krookodile,066/108,,Krookodile,66/108,DEX,Dark Explorers,Rare Holo,1115.0
1091_jpg.rf.08651d4fbf42d3d9e8b50f49be7ec4b2.jpg#p00#7#5,1091_jpg.rf.08651d4fbf42d3d9e8b50f49be7ec4b2.jpg,0,7,5,0.984,0,det,det,template,Spoink,041/111,,Spoink,41/111,CIN,Crimson Invasion,Common,1115.0
1091_jpg.rf.08651d4fbf42d3d9e8b50f49be7ec4b2.jpg#p00#3#6,1091_jpg.rf.08651d4fbf42d3d9e8b50f49be7ec4b2.jpg,0,3,6,0.987,0,det,det,template,Scyther,007/149,,Scyther,7/149,BCR,Boundaries Crossed,Common,1115.0
1091_jpg.rf.08651d4fbf42d3d9e8b50f49be7ec4b2.jpg#p00#4#7,1091_jpg.rf.08651d4fbf42d3d9e8b50f49be7ec4b2.jpg,0,4,7,0.987,0,det,det,det,Dipplin,018/167,TWMEN,Dipplin,18/167,TWM,Twilight Masquerade,Uncommon,1115.0
1091_jpg.rf.08651d4fbf42d3d9e8b50f49be7ec4b2.jpg#p00#6#8,1091_jpg.rf.08651d4fbf42d3d9e8b50f49be7ec4b2.jpg,0,6,8,0.985,0,det,det,det,Mr. Mime,122/165,MEWEW,Mr. Mime,122/165,MEW,151,Rare,1115.0
1092_jpg.rf.46029492b76dd86c2412942096253dd0.jpg#p00#7#0,1092_jpg.rf.46029492b76dd86c2412942096253dd0.jpg,0,7,0,0.984,0,det,det,template,Celebi,,,Celebi,50/53,WBP,Wizards Black Star Promos,Promo,1040.0
1092_jpg.rf.46029492b76dd86c2412942096253dd0.jpg#p00#0#1,1092_jpg.rf.46029492b76dd86c2412942096253dd0.jpg,0,0,1,0.991,0,det,det,template,Timburr,079/135,,Timburr,79/135,PLS,Plasma Storm,Common,1115.0
1092_jpg.rf.46029492b76dd86c2412942096253dd0.jpg#p00#1#2,1092_jpg.rf.46029492b76dd86c2412942096253dd0.jpg,0,1,2,0.988,0,det,det,template,Dustox ex,086/92,,Dustox ex,86/92,LM,Legend Maker,Rare Holo EX,1115.0
1092_jpg.rf.46029492b76dd86c2412942096253dd0.jpg#p00#4#3,1092_jpg.rf.46029492b76dd86c2412942096253dd0.jpg,0,4,3,0.986,0,det,det,template,Octilleryw.32,057/123,,Octillery,57/123,MT,Mysterious Treasures,Uncommon,1075.0
1092_jpg.rf.46029492b76dd86c2412942096253dd0.jpg#p00#8#4,1092_jpg.rf.46029492b76dd86c2412942096253dd0.jpg,0,8,4,0.984,0,det,det,template,The Boss's Way,105/110,,The Boss's Way,105/110,LC,Legendary Collection,Uncommon,1115.0
1092_jpg.rf.46029492b76dd86c2412942096253dd0.jpg#p00#5#5,1092_jpg.rf.46029492b76dd86c2412942096253dd0.jpg,0,5,5,0.985,0,det,det,template,Monferno,022/156,,Monferno,22/156,UPR,Ultra Prism,Uncommon,1115.0
1092_jpg.rf.46029492b76dd86c2412942096253dd0.jpg#p00#2#6,1092_jpg.rf.46029492b76dd86c2412942096253dd0.jpg,0,2,6,0.988,0,det,det,template,Combusken,016/108,,Combusken,16/108,DEX,Dark Explorers,Uncommon,1115.0
1092_jpg.rf.46029492b76dd86c2412942096253dd0.jpg#p00#3#7,1092_jpg.rf.46029492b76dd86c2412942096253dd0.jpg,0,3,7,0.986,0,det,det,template,Electrike,052/100,,Electrike,52/100,CG,Crystal Guardians,Common,1115.0
1092_jpg.rf.46029492b76dd86c2412942096253dd0.jpg#p00#6#8,1092_jpg.rf.46029492b76dd86c2412942096253dd0.jpg,0,6,8,0.985,0,det,det,template,Yanmega,098/102,,Yanmega,98/102,TM,Triumphant,Rare Prime,1115.0
1093_jpg.rf.f01732791154a60caa68b776cf0cd7d6.jpg#p00#7#0,1093_jpg.rf.f01732791154a60caa68b776cf0cd7d6.jpg,0,7,0,0.98,0,det,det,det,Maushold,125/128,30CM,Maushold,168/193,PAL,Paldea Evolved,Uncommon,1040.0
1093_jpg.rf.f01732791154a60caa68b776cf0cd7d6.jpg#p00#0#1,1093_jpg.rf.f01732791154a60caa68b776cf0cd7d6.jpg,0,0,1,0.989,0,det,det,template,Lapras w.47,021/106,,Lapras,21/106,GE,Great Encounters,Rare,1075.0
1093_jpg.rf.f01732791154a60caa68b776cf0cd7d6.jpg#p00#1#2,1093_jpg.rf.f01732791154a60caa68b776cf0cd7d6.jpg,0,1,2,0.989,0,det,det,det,Mankey,045/91,PAFEN,Mankey,45/91,PAF,Paldean Fates,Common,1115.0
1093_jpg.rf.f01732791154a60caa68b776cf0cd7d6.jpg#p00#6#3,1093_jpg.rf.f01732791154a60caa68b776cf0cd7d6.jpg,0,6,3,0.982,0,det,det,det,Gouging FireeX,038/162,TEFEN,Gouging Fire ex,38/162,TEF,Temporal Forces,Double Rare,1115.0
1093_jpg.rf.f01732791154a60caa68b776cf0cd7d6.jpg#p00#2#4,1093_jpg.rf.f01732791154a60caa68b776cf0cd7d6.jpg,0,2,4,0.988,0,det,det,det,Team Rocket's Giovanni,225/182,DRIEN,Team Rocket's Giovanni,225/182,DRI,Destined Rivals,Ultra Rare,1115.0
1093_jpg.rf.f01732791154a60caa68b776cf0cd7d6.jpg#p00#3#5,1093_jpg.rf.f01732791154a60caa68b776cf0cd7d6.jpg,0,3,5,0.986,0,det,det,det,Sawsbuck,166/162,TEFEN,Sawsbuck,166/162,TEF,Temporal Forces,Illustration Rare,1115.0
1093_jpg.rf.f01732791154a60caa68b776cf0cd7d6.jpg#p00#8#6,1093_jpg.rf.f01732791154a60caa68b776cf0cd7d6.jpg,0,8,6,0.979,0,det,det,template,Dratini,527/109,,Dratini,53/109,TR,Team Rocket Returns,Common,1065.0
1093_jpg.rf.f01732791154a60caa68b776cf0cd7d6.jpg#p00#4#7,1093_jpg.rf.f01732791154a60caa68b776cf0cd7d6.jpg,0,4,7,0.985,0,det,det,template,Dark Sandslash,018/109,,Dark Sandslash,18/109,TR,Team Rocket Returns,Rare,1115.0
1093_jpg.rf.f01732791154a60caa68b776cf0cd7d6.jpg#p00#5#8,1093_jpg.rf.f01732791154a60caa68b776cf0cd7d6.jpg,0,5,8,0.983,0,det,det,template,Pichu,058/165,,Pichu,58/165,EX,Expedition Base Set,Rare,1115.0
1094_jpg.rf.bce580bff671cc6bdfcc59bc8147e2a8.jpg#p00#8#0,1094_jpg.rf.bce580bff671cc6bdfcc59bc8147e2a8.jpg,0,8,0,0.98,0,det,det,det,Amarys,132/131,PREEN,Amarys,132/131,PRE,Prismatic Evolutions,Ultra Rare,1115.0
1094_jpg.rf.bce580bff671cc6bdfcc59bc8147e2a8.jpg#p00#1#1,1094_jpg.rf.bce580bff671cc6bdfcc59bc8147e2a8.jpg,0,1,1,0.989,0,det,det,template,Black Kyurem,100/149,,Black Kyurem,100/149,BCR,Boundaries Crossed,Rare,1115.0
1094_jpg.rf.bce580bff671cc6bdfcc59bc8147e2a8.jpg#p00#0#2,1094_jpg.rf.bce580bff671cc6bdfcc59bc8147e2a8.jpg,0,0,2,0.992,0,det,template,template,UmbreonGX,,,Umbreon-GX,80/149,SUM,Sun & Moon,Rare Holo GX,1040.0
1094_jpg.rf.bce580bff671cc6bdfcc59bc8147e2a8.jpg#p00#3#3,1094_jpg.rf.bce580bff671cc6bdfcc59bc8147e2a8.jpg,0,3,3,0.986,0,det,det,template,Energy Switch,089/111,,Energy Switch,89/111,FFI,Furious Fists,Uncommon,1115.0
1094_jpg.rf.bce580bff671cc6bdfcc59bc8147e2a8.jpg#p00#5#4,1094_jpg.rf.bce580bff671cc6bdfcc59bc8147e2a8.jpg,0,5,4,0.985,0,det,det,template,Pikachu,013/17,,Pikachu,13/17,P4,POP Series 4,Common,1115.0
1094_jpg.rf.bce580bff671cc6bdfcc59bc8147e2a8.jpg#p00#7#5,1094_jpg.rf.bce580bff671cc6bdfcc59bc8147e2a8.jpg,0,7,5,0.985,0,det,det,template,Glalie,042/195,,Glalie,42/195,SIT,Silver Tempest,Uncommon,1115.0
1094_jpg.rf.bce580bff671cc6bdfcc59bc8147e2a8.jpg#p00#2#6,1094_jpg.rf.bce580bff671cc6bdfcc59bc8147e2a8.jpg,0,2,6,0.988,0,det,det,det,Hop's Silicobra,086/159,LIGN,Hop's Silicobra,86/159,JTG,Journey Together,Common,1115.0
1094_jpg.rf.bce580bff671cc6bdfcc59bc8147e2a8.jpg#p00#4#7,1094_jpg.rf.bce580bff671cc6bdfcc59bc8147e2a8.jpg,0,4,7,0.986,0,det,template,template,Celesteela,,,Celesteela,100/168,CES,Celestial Storm,Rare Holo,1040.0
1094_jpg.rf.bce580bff671cc6bdfcc59bc8147e2a8.jpg#p00#6#8,1094_jpg.rf.bce580bff671cc6bdfcc59bc8147e2a8.jpg,0,6,8,0.985,0,det,det,template,Nickit,104/203,,Nickit,104/203,EVS,Evolving Skies,Common,1115.0
1095_jpg.rf.33dbfaed30204150f434c337a9bd81fe.jpg#p00#7#0,1095_jpg.rf.33dbfaed30204150f434c337a9bd81fe.jpg,0,7,0,0.985,0,det,det,det,Chandelure,137/128,30C,Chandelure,20/99,NXD,Next Destinies,Rare Holo,1040.0
1095_jpg.rf.33dbfaed30204150f434c337a9bd81fe.jpg#p00#0#1,1095_jpg.rf.33dbfaed30204150f434c337a9bd81fe.jpg,0,0,1,0.991,0,det,det,template,Tynamo,062/160,,Tynamo,62/160,PRC,Primal Clash,Common,1115.0
1095_jpg.rf.33dbfaed30204150f434c337a9bd81fe.jpg#p00#1#2,1095_jpg.rf.33dbfaed30204150f434c337a9bd81fe.jpg,0,1,2,0.989,0,det,det,template,Frillish,034/99,,Frillish,34/99,NXD,Next Destinies,Uncommon,1115.0
1095_jpg.rf.33dbfaed30204150f434c337a9bd81fe.jpg#p00#4#3,1095_jpg.rf.33dbfaed30204150f434c337a9bd81fe.jpg,0,4,3,0.987,0,det,det,det,Tangela,114/165,MEWEN,Tangela,114/165,MEW,151,Common,1115.0
1095_jpg.rf.33dbfaed30204150f434c337a9bd81fe.jpg#p00#3#4,1095_jpg.rf.33dbfaed30204150f434c337a9bd81fe.jpg,0,3,4,0.988,0,det,det,template,Blaziken,005/108,,Blaziken,5/108,PK,Power Keepers,Rare Holo,1115.0
1095_jpg.rf.33dbfaed30204150f434c337a9bd81fe.jpg#p00#8#5,1095_jpg.rf.33dbfaed30204150f434c337a9bd81fe.jpg,0,8,5,0.984,0,det,det,template,Torkoal,023/149,,Torkoal,23/149,SUM,Sun & Moon,Common,1115.0
1095_jpg.rf.33dbfaed30204150f434c337a9bd81fe.jpg#p00#2#6,1095_jpg.rf.33dbfaed30204150f434c337a9bd81fe.jpg,0,2,6,0.988,0,det,det,template,Rotom,053/195,,Rotom,53/195,SIT,Silver Tempest,Common,1115.0
1095_jpg.rf.33dbfaed30204150f434c337a9bd81fe.jpg#p00#5#7,1095_jpg.rf.33dbfaed30204150f434c337a9bd81fe.jpg,0,5,7,0.987,0,det,det,template,Togetic,137/214,,Togetic,137/214,UNB,Unbroken Bonds,Uncommon,1115.0
1095_jpg.rf.33dbfaed30204150f434c337a9bd81fe.jpg#p00#6#8,1095_jpg.rf.33dbfaed30204150f434c337a9bd81fe.jpg,0,6,8,0.985,0,det,det,template,Hisuian Basculin,043/189,,Hisuian Basculin,43/189,ASR,Astral Radiance,Common,1115.0
1096_jpg.rf.c4f1067b69cc3d61d4e97c9daa1d4ade.jpg#p00#8#0,1096_jpg.rf.c4f1067b69cc3d61d4e97c9daa1d4ade.jpg,0,8,0,0.982,0,det,det,template,Gardevoir Spirit Link,130/160,,Gardevoir Spirit Link,130/160,PRC,Primal Clash,Uncommon,1115.0
1096_jpg.rf.c4f1067b69cc3d61d4e97c9daa1d4ade.jpg#p00#0#1,1096_jpg.rf.c4f1067b69cc3d61d4e97c9daa1d4ade.jpg,0,0,1,0.993,0,det,det,template,Emolga,054/195,,Emolga,54/195,SIT,Silver Tempest,Common,1115.0
1096_jpg.rf.c4f1067b69cc3d61d4e97c9daa1d4ade.jpg#p00#1#2,1096_jpg.rf.c4f1067b69cc3d61d4e97c9daa1d4ade.jpg,0,1,2,0.993,0,det,det,template,MAlakazam,026/124,,M Alakazam-EX,26/124,FCO,Fates Collide,Rare Holo EX,1075.0
1096_jpg.rf.c4f1067b69cc3d61d4e97c9daa1d4ade.jpg#p00#7#3,1096_jpg.rf.c4f1067b69cc3d61d4e97c9daa1d4ade.jpg,0,7,3,0.982,0,det,det,template,Machop,044/111,,Machop,44/111,FFI,Furious Fists,Common,1115.0
1096_jpg.rf.c4f1067b69cc3d61d4e97c9daa1d4ade.jpg#p00#4#4,1096_jpg.rf.c4f1067b69cc3d61d4e97c9daa1d4ade.jpg,0,4,4,0.985,0,det,det,template,Jigglypuff,054/64,,Jigglypuff,54/64,JU,Jungle,Common,1115.0
1096_jpg.rf.c4f1067b69cc3d61d4e97c9daa1d4ade.jpg#p00#6#5,1096_jpg.rf.c4f1067b69cc3d61d4e97c9daa1d4ade.jpg,0,6,5,0.984,0,det,det,template,Unown [D] I.14,068/130,,Unown [D],68/130,DP,Diamond & Pearl,Uncommon,1075.0
1096_jpg.rf.c4f1067b69cc3d61d4e97c9daa1d4ade.jpg#p00#2#6,1096_jpg.rf.c4f1067b69cc3d61d4e97c9daa1d4ade.jpg,0,2,6,0.988,0,det,det,template,Flareon,100/108,,Flareon ★,100/108,PK,Power Keepers,Rare Holo Star,1115.0
1096_jpg.rf.c4f1067b69cc3d61d4e97c9daa1d4ade.jpg#p00#3#7,1096_jpg.rf.c4f1067b69cc3d61d4e97c9daa1d4ade.jpg,0,3,7,0.985,0,det,det,template,Pikachu,093/192,,Pikachu δ,93/92,LM,Legend Maker,Rare Secret,1090.0
1096_jpg.rf.c4f1067b69cc3d61d4e97c9daa1d4ade.jpg#p00#5#8,1096_jpg.rf.c4f1067b69cc3d61d4e97c9daa1d4ade.jpg,0,5,8,0.985,0,det,det,template,ShdowRider CalyrexVX32,205/198,,Shadow Rider Calyrex VMAX,205/198,CRE,Chilling Reign,Rare Rainbow,1075.0
1097_jpg.rf.89f25a4fdb6a72faf7539c06cf5db480.jpg#p00#8#0,1097_jpg.rf.89f25a4fdb6a72faf7539c06cf5db480.jpg,0,8,0,0.981,0,det,det,template,Doduo,048/102,,Doduo,48/102,BS,Base Set,Common,1115.0
1097_jpg.rf.89f25a4fdb6a72faf7539c06cf5db480.jpg#p00#0#1,1097_jpg.rf.89f25a4fdb6a72faf7539c06cf5db480.jpg,0,0,1,0.99,0,det,template,template,Klang,,,Klang,75/114,BLW,Black & White,Uncommon,1040.0
1097_jpg.rf.89f25a4fdb6a72faf7539c06cf5db480.jpg#p00#1#2,1097_jpg.rf.89f25a4fdb6a72faf7539c06cf5db480.jpg,0,1,2,0.99,0,det,det,template,Charmeleon 80 HP,024/102,,Charmeleon,24/102,BS,Base Set,Uncommon,1075.0
1097_jpg.rf.89f25a4fdb6a72faf7539c06cf5db480.jpg#p00#2#3,1097_jpg.rf.89f25a4fdb6a72faf7539c06cf5db480.jpg,0,2,3,0.987,0,det,det,det,Tropius,007/198,SVIEN,Tropius,7/198,SVI,Scarlet & Violet,Common,1115.0
1097_jpg.rf.89f25a4fdb6a72faf7539c06cf5db480.jpg#p00#3#4,1097_jpg.rf.89f25a4fdb6a72faf7539c06cf5db480.jpg,0,3,4,0.986,0,det,det,template,Sliggoo,076/119,,Sliggoo,76/119,PHF,Phantom Forces,Uncommon,1115.0
1097_jpg.rf.89f25a4fdb6a72faf7539c06cf5db480.jpg#p00#7#5,1097_jpg.rf.89f25a4fdb6a72faf7539c06cf5db480.jpg,0,7,5,0.985,0,det,det,det,Ditto,115/128,30CM,Ditto,3/62,FO,Fossil,Rare Holo,1040.0
1097_jpg.rf.89f25a4fdb6a72faf7539c06cf5db480.jpg#p00#5#6,1097_jpg.rf.89f25a4fdb6a72faf7539c06cf5db480.jpg,0,5,6,0.985,0,det,det,det,Weezing,092/159,ITGEN,Weezing,92/159,JTG,Journey Together,Uncommon,1115.0
1097_jpg.rf.89f25a4fdb6a72faf7539c06cf5db480.jpg#p00#4#7,1097_jpg.rf.89f25a4fdb6a72faf7539c06cf5db480.jpg,0,4,7,0.985,0,det,det,template,Feebas,061/101,,Feebas,61/101,HL,Hidden Legends,Common,1115.0
1097_jpg.rf.89f25a4fdb6a72faf7539c06cf5db480.jpg#p00#6#8,1097_jpg.rf.89f25a4fdb6a72faf7539c06cf5db480.jpg,0,6,8,0.985,0,det,det,template,Vileplume,431/147,,Vileplume,43/147,AQ,Aquapolis,Rare,1065.0
1098_jpg.rf.08150b45181866f84464bed09f8593e0.jpg#p00#8#0,1098_jpg.rf.08150b45181866f84464bed09f8593e0.jpg,0,8,0,0.983,0,det,det,det,Drifloon,136/128,3XC,Drifloon,46/114,STS,Steam Siege,Common,1040.0
1098_jpg.rf.08150b45181866f84464bed09f8593e0.jpg#p00#1#1,1098_jpg.rf.08150b45181866f84464bed09f8593e0.jpg,0,1,1,0.991,0,det,det,det,Team Rocket's Giovanni,238/182,DRIEN,Team Rocket's Giovanni,238/182,DRI,Destined Rivals,Special Illustration Rare,1115.0
1098_jpg.rf.08150b45181866f84464bed09f8593e0.jpg#p00#0#2,1098_jpg.rf.08150b45181866f84464bed09f8593e0.jpg,0,0,2,0.993,0,det,det,template,KinglerV,028/172,,Kingler V,28/172,BRS,Brilliant Stars,Rare Holo V,1115.0
1098_jpg.rf.08150b45181866f84464bed09f8593e0.jpg#p00#4#3,1098_jpg.rf.08150b45181866f84464bed09f8593e0.jpg,0,4,3,0.985,0,det,det,template,Slurpuff,084/195,,Slurpuff,84/195,SIT,Silver Tempest,Uncommon,1115.0
1098_jpg.rf.08150b45181866f84464bed09f8593e0.jpg#p00#7#4,1098_jpg.rf.08150b45181866f84464bed09f8593e0.jpg,0,7,4,0.984,0,det,template,template,ENERGY,231/198,,Water Energy,231/198,CRE,Chilling Reign,Rare Secret,1075.0
1098_jpg.rf.08150b45181866f84464bed09f8593e0.jpg#p00#6#5,1098_jpg.rf.08150b45181866f84464bed09f8593e0.jpg,0,6,5,0.985,0,det,det,det,Chien-PaoeX,,SVPEN,Chien-Pao ex,61/193,PAL,Paldea Evolved,Double Rare,1040.0
1098_jpg.rf.08150b45181866f84464bed09f8593e0.jpg#p00#2#6,1098_jpg.rf.08150b45181866f84464bed09f8593e0.jpg,0,2,6,0.987,0,det,det,template,Eeveew.12,063/100,,Eevee,63/100,MD,Majestic Dawn,Common,955.0
1098_jpg.rf.08150b45181866f84464bed09f8593e0.jpg#p00#3#7,1098_jpg.rf.08150b45181866f84464bed09f8593e0.jpg,0,3,7,0.987,0,det,det,template,Emergency Jelly,155/195,,Emergency Jelly,155/195,SIT,Silver Tempest,Uncommon,1115.0
1098_jpg.rf.08150b45181866f84464bed09f8593e0.jpg#p00#5#8,1098_jpg.rf.08150b45181866f84464bed09f8593e0.jpg,0,5,8,0.985,0,det,det,template,Dark Golbat,034/109,,Dark Golbat,34/109,TR,Team Rocket Returns,Uncommon,1115.0
1099_jpg.rf.7ceeb20f46026d5195c8be6c7672daf0.jpg#p00#3#0,1099_jpg.rf.7ceeb20f46026d5195c8be6c7672daf0.jpg,0,3,0,0.987,0,det,det,template,LiepardV,180/198,,Liepard V,180/198,CRE,Chilling Reign,Rare Ultra,1115.0
1099_jpg.rf.7ceeb20f46026d5195c8be6c7672daf0.jpg#p00#1#1,1099_jpg.rf.7ceeb20f46026d5195c8be6c7672daf0.jpg,0,1,1,0.991,0,det,det,template,VaporeonVAX,055/182,,Vaporeon ex,110/113,DS,Delta Species,Rare Holo EX,1000.0
1099_jpg.rf.7ceeb20f46026d5195c8be6c7672daf0.jpg#p00#0#2,1099_jpg.rf.7ceeb20f46026d5195c8be6c7672daf0.jpg,0,0,2,0.993,0,det,det,det,Koraidonex,247/198,SVIEN,Koraidon ex,247/198,SVI,Scarlet & Violet,Special Illustration Rare,1115.0
1099_jpg.rf.7ceeb20f46026d5195c8be6c7672daf0.jpg#p00#2#3,1099_jpg.rf.7ceeb20f46026d5195c8be6c7672daf0.jpg,0,2,3,0.987,0,det,det,template,Tapu Fini,,,Tapu Fini,53/236,UNM,Unified Minds,Rare,1040.0
1099_jpg.rf.7ceeb20f46026d5195c8be6c7672daf0.jpg#p00#6#4,1099_jpg.rf.7ceeb20f46026d5195c8be6c7672daf0.jpg,0,6,4,0.986,0,det,det,det,Jamming Tower,153/167,TWMEN,Jamming Tower,153/167,TWM,Twilight Masquerade,Uncommon,1115.0
1099_jpg.rf.7ceeb20f46026d5195c8be6c7672daf0.jpg#p00#7#5,1099_jpg.rf.7ceeb20f46026d5195c8be6c7672daf0.jpg,0,7,5,0.984,0,det,det,template,Sableye,096/214,,Sableye,96/214,LOT,Lost Thunder,Uncommon,1115.0
1099_jpg.rf.7ceeb20f46026d5195c8be6c7672daf0.jpg#p00#5#6,1099_jpg.rf.7ceeb20f46026d5195c8be6c7672daf0.jpg,0,5,6,0.986,0,det,det,template,Loudred,084/119,,Loudred,84/119,PHF,Phantom Forces,Uncommon,1115.0
1099_jpg.rf.7ceeb20f46026d5195c8be6c7672daf0.jpg#p00#4#7,1099_jpg.rf.7ceeb20f46026d5195c8be6c7672daf0.jpg,0,4,7,0.987,0,det,det,template,Clefable,005/130,,Clefable,5/130,B2,Base Set 2,Rare Holo,1115.0
1099_jpg.rf.7ceeb20f46026d5195c8be6c7672daf0.jpg#p00#8#8,1099_jpg.rf.7ceeb20f46026d5195c8be6c7672daf0.jpg,0,8,8,0.984,0,det,det,template,CharizardV,153/172,,Charizard V,153/172,BRS,Brilliant Stars,Rare Ultra,1115.0
1100_jpg.rf.50cc4f0ee72a8c9c7b62627d41d2f67c.jpg#p00#8#0,1100_jpg.rf.50cc4f0ee72a8c9c7b62627d41d2f67c.jpg,0,8,0,0.982,0,det,det,template,MachampVMAX,194/189,,Machamp VMAX,194/189,ASR,Astral Radiance,Rare Rainbow,1115.0
1100_jpg.rf.50cc4f0ee72a8c9c7b62627d41d2f67c.jpg#p00#1#1,1100_jpg.rf.50cc4f0ee72a8c9c7b62627d41d2f67c.jpg,0,1,1,0.988,0,det,det,template,Luxray,051/172,,Luxray,51/172,BRS,Brilliant Stars,Rare,1115.0
1100_jpg.rf.50cc4f0ee72a8c9c7b62627d41d2f67c.jpg#p00#0#2,1100_jpg.rf.50cc4f0ee72a8c9c7b62627d41d2f67c.jpg,0,0,2,0.989,0,det,det,det,Dragonair,148/165,MEWEN,Dragonair,148/165,MEW,151,Uncommon,1115.0
1100_jpg.rf.50cc4f0ee72a8c9c7b62627d41d2f67c.jpg#p00#2#3,1100_jpg.rf.50cc4f0ee72a8c9c7b62627d41d2f67c.jpg,0,2,3,0.987,0,det,det,template,Weezing,024/109,,Weezing,24/109,RS,Ruby & Sapphire,Rare,1115.0
1100_jpg.rf.50cc4f0ee72a8c9c7b62627d41d2f67c.jpg#p00#5#4,1100_jpg.rf.50cc4f0ee72a8c9c7b62627d41d2f67c.jpg,0,5,4,0.986,0,det,det,template,Bellsprout,001/163,,Bellsprout,1/163,BST,Battle Styles,Common,1115.0
1100_jpg.rf.50cc4f0ee72a8c9c7b62627d41d2f67c.jpg#p00#6#5,1100_jpg.rf.50cc4f0ee72a8c9c7b62627d41d2f67c.jpg,0,6,5,0.983,0,det,det,template,Potion,110/110,,Potion,110/110,LC,Legendary Collection,Common,1115.0
1100_jpg.rf.50cc4f0ee72a8c9c7b62627d41d2f67c.jpg#p00#3#6,1100_jpg.rf.50cc4f0ee72a8c9c7b62627d41d2f67c.jpg,0,3,6,0.987,0,det,det,template,Gambler,060/162,,Gambler,60/62,FO,Fossil,Common,1090.0
1100_jpg.rf.50cc4f0ee72a8c9c7b62627d41d2f67c.jpg#p00#4#7,1100_jpg.rf.50cc4f0ee72a8c9c7b62627d41d2f67c.jpg,0,4,7,0.987,0,det,det,template,Buizel,022/72,,Buizel,22/72,SHF,Shining Fates,Common,1115.0
1100_jpg.rf.50cc4f0ee72a8c9c7b62627d41d2f67c.jpg#p00#7#8,1100_jpg.rf.50cc4f0ee72a8c9c7b62627d41d2f67c.jpg,0,7,8,0.983,0,det,det,template,DrampaGX,142/145,,Drampa-GX,142/145,GRI,Guardians Rising,Rare Ultra,1115.0
1101_jpg.rf.7be8dcd8698016a454881922cf10f97b.jpg#p00#5#0,1101_jpg.rf.7be8dcd8698016a454881922cf10f97b.jpg,0,5,0,0.985,0,det,det,det,,050/64,17D,Cubone,50/64,JU,Jungle,Common,75.0
1101_jpg.rf.7be8dcd8698016a454881922cf10f97b.jpg#p00#0#1,1101_jpg.rf.7be8dcd8698016a454881922cf10f97b.jpg,0,0,1,0.993,0,det,det,det,,081/102,,Energy Retrieval,81/102,BS,Base Set,Uncommon,75.0
1101_jpg.rf.7be8dcd8698016a454881922cf10f97b.jpg#p00#2#2,1101_jpg.rf.7be8dcd8698016a454881922cf10f97b.jpg,0,2,2,0.989,0,det,det,det,,086/98,5V10,Kyurem-EX,86/98,AOR,Ancient Origins,Rare Ultra,75.0
1101_jpg.rf.7be8dcd8698016a454881922cf10f97b.jpg#p00#1#3,1101_jpg.rf.7be8dcd8698016a454881922cf10f97b.jpg,0,1,3,0.989,0,template,det,det,,012/22,SYIN,Foongus,12/114,STS,Steam Siege,Common,50.0
1101_jpg.rf.7be8dcd8698016a454881922cf10f97b.jpg#p00#3#4,1101_jpg.rf.7be8dcd8698016a454881922cf10f97b.jpg,0,3,4,0.988,0,det,det,det,,094/172,S12,Grimmsnarl,94/172,BRS,Brilliant Stars,Rare,75.0
1101_jpg.rf.7be8dcd8698016a454881922cf10f97b.jpg#p00#7#5,1101_jpg.rf.7be8dcd8698016a454881922cf10f97b.jpg,0,7,5,0.984,0,det,det,det,,056/73,SVID,Marnie,56/73,CPA,Champion's Path,Rare Holo,75.0
1101_jpg.rf.7be8dcd8698016a454881922cf10f97b.jpg#p00#8#6,1101_jpg.rf.7be8dcd8698016a454881922cf10f97b.jpg,0,8,6,0.984,0,det,det,det,,036/98,5V10,Woobat,36/98,EPO,Emerging Powers,Common,75.0
1101_jpg.rf.7be8dcd8698016a454881922cf10f97b.jpg#p00#4#7,1101_jpg.rf.7be8dcd8698016a454881922cf10f97b.jpg,0,4,7,0.987,0,det,det,det,,043/100,S11,Pachirisu,43/100,MD,Majestic Dawn,Uncommon,75.0
1101_jpg.rf.7be8dcd8698016a454881922cf10f97b.jpg#p00#6#8,1101_jpg.rf.7be8dcd8698016a454881922cf10f97b.jpg,0,6,8,0.985,0,det,det,det,,048/101,SV6,Elekid δ,48/101,DF,Dragon Frontiers,Common,75.0
1102_jpg.rf.98752bc1449c3db0e2f0b956f882f1d9.jpg#p00#2#0,1102_jpg.rf.98752bc1449c3db0e2f0b956f882f1d9.jpg,0,2,0,0.988,0,det,det,det,,053/71,SV2P,Scolipede,53/146,XY,XY,Rare,50.0
1102_jpg.rf.98752bc1449c3db0e2f0b956f882f1d9.jpg#p00#1#1,1102_jpg.rf.98752bc1449c3db0e2f0b956f882f1d9.jpg,0,1,1,0.991,0,det,det,det,,039/102,,Porygon,39/102,BS,Base Set,Uncommon,75.0
1102_jpg.rf.98752bc1449c3db0e2f0b956f882f1d9.jpg#p00#0#2,1102_jpg.rf.98752bc1449c3db0e2f0b956f882f1d9.jpg,0,0,2,0.991,0,det,det,det,,058/66,SY5M,Diglett,58/146,XY,XY,Common,50.0
1102_jpg.rf.98752bc1449c3db0e2f0b956f882f1d9.jpg#p00#3#3,1102_jpg.rf.98752bc1449c3db0e2f0b956f882f1d9.jpg,0,3,3,0.988,0,det,det,det,,056/78,5V15,Aipom,56/78,PGO,Pokémon GO,Common,75.0
1102_jpg.rf.98752bc1449c3db0e2f0b956f882f1d9.jpg#p00#7#4,1102_jpg.rf.98752bc1449c3db0e2f0b956f882f1d9.jpg,0,7,4,0.984,0,det,det,det,,057/71,SY2P,Salamence,57/108,ROS,Roaring Skies,Rare Holo,50.0
1102_jpg.rf.98752bc1449c3db0e2f0b956f882f1d9.jpg#p00#4#5,1102_jpg.rf.98752bc1449c3db0e2f0b956f882f1d9.jpg,0,4,5,0.987,0,det,det,det,,046/64,SV7A,Seaking,46/64,JU,Jungle,Uncommon,75.0
1102_jpg.rf.98752bc1449c3db0e2f0b956f882f1d9.jpg#p00#8#6,1102_jpg.rf.98752bc1449c3db0e2f0b956f882f1d9.jpg,0,8,6,0.981,0,det,det,det,,067/71,,Meowth,67/108,ROS,Roaring Skies,Common,50.0
1102_jpg.rf.98752bc1449c3db0e2f0b956f882f1d9.jpg#p00#5#7,1102_jpg.rf.98752bc1449c3db0e2f0b956f882f1d9.jpg,0,5,7,0.986,0,det,det,det,,059/102,,Poliwag,59/102,BS,Base Set,Common,75.0
1102_jpg.rf.98752bc1449c3db0e2f0b956f882f1d9.jpg#p00#6#8,1102_jpg.rf.98752bc1449c3db0e2f0b956f882f1d9.jpg,0,6,8,0.984,0,det,det,det,,008/106,5V8,Roselia,8/106,FLF,Flashfire,Common,75.0
1103_jpg.rf.72394e9d37d277945ae742684ec7a329.jpg#p00#7#0,1103_jpg.rf.72394e9d37d277945ae742684ec7a329.jpg,0,7,0,0.985,0,det,det,det,,002/67,510P,M Venusaur-EX,2/146,XY,XY,Rare Holo EX,50.0
1103_jpg.rf.72394e9d37d277945ae742684ec7a329.jpg#p00#0#1,1103_jpg.rf.72394e9d37d277945ae742684ec7a329.jpg,0,0,1,0.993,0,det,det,det,,093/98,SV10,Giratina-EX,93/98,AOR,Ancient Origins,Rare Ultra,75.0
1103_jpg.rf.72394e9d37d277945ae742684ec7a329.jpg#p00#1#2,1103_jpg.rf.72394e9d37d277945ae742684ec7a329.jpg,0,1,2,0.991,0,det,det,det,,058/68,S11D,Jessie & James,58/68,HIF,Hidden Fates,Rare Holo,75.0
1103_jpg.rf.72394e9d37d277945ae742684ec7a329.jpg#p00#3#3,1103_jpg.rf.72394e9d37d277945ae742684ec7a329.jpg,0,3,3,0.987,0,det,det,det,,002/106,SV8,Metapod,2/106,FLF,Flashfire,Uncommon,75.0
1103_jpg.rf.72394e9d37d277945ae742684ec7a329.jpg#p00#8#4,1103_jpg.rf.72394e9d37d277945ae742684ec7a329.jpg,0,8,4,0.983,0,det,det,det,VSTAR,051/172,S12A,Dragonite VSTAR,50/78,PGO,Pokémon GO,Rare Holo VSTAR,1015.0
1103_jpg.rf.72394e9d37d277945ae742684ec7a329.jpg#p00#2#5,1103_jpg.rf.72394e9d37d277945ae742684ec7a329.jpg,0,2,5,0.987,0,det,det,det,VSTAR,014/172,S12A,Shaymin VSTAR,14/172,BRS,Brilliant Stars,Rare Holo VSTAR,1075.0
1103_jpg.rf.72394e9d37d277945ae742684ec7a329.jpg#p00#5#6,1103_jpg.rf.72394e9d37d277945ae742684ec7a329.jpg,0,5,6,0.986,0,det,det,det,,077/187,SV8A,Malamar,77/146,XY,XY,Rare,50.0
1103_jpg.rf.72394e9d37d277945ae742684ec7a329.jpg#p00#4#7,1103_jpg.rf.72394e9d37d277945ae742684ec7a329.jpg,0,4,7,0.986,0,det,det,det,,065/187,5V8A,Abra,65/130,B2,Base Set 2,Common,50.0
1103_jpg.rf.72394e9d37d277945ae742684ec7a329.jpg#p00#6#8,1103_jpg.rf.72394e9d37d277945ae742684ec7a329.jpg,0,6,8,0.986,0,det,det,det,,048/98,5V10,Gothitelle,48/98,EPO,Emerging Powers,Rare,75.0
1104_jpg.rf.6e4b54eeeb75bef42fc621ffbe92f3d3.jpg#p00#8#0,1104_jpg.rf.6e4b54eeeb75bef42fc621ffbe92f3d3.jpg,0,8,0,0.981,0,det,det,det,,038/101,5V6,Tynamo,38/101,NVI,Noble Victories,Common,75.0
1104_jpg.rf.6e4b54eeeb75bef42fc621ffbe92f3d3.jpg#p00#0#1,1104_jpg.rf.6e4b54eeeb75bef42fc621ffbe92f3d3.jpg,0,0,1,0.992,0,det,det,det,,022/63,5V90,Mr. Mime,22/64,JU,Jungle,Rare,50.0
1104_jpg.rf.6e4b54eeeb75bef42fc621ffbe92f3d3.jpg#p00#2#2,1104_jpg.rf.6e4b54eeeb75bef42fc621ffbe92f3d3.jpg,0,2,2,0.989,0,det,det,det,,008/100,59,Manectric,8/100,CG,Crystal Guardians,Rare Holo,75.0
1104_jpg.rf.6e4b54eeeb75bef42fc621ffbe92f3d3.jpg#p00#1#3,1104_jpg.rf.6e4b54eeeb75bef42fc621ffbe92f3d3.jpg,0,1,3,0.99,0,det,det,det,,116/102,,Infernape,116/102,SVP,SVP Black Star Promos,Promo,75.0
1104_jpg.rf.6e4b54eeeb75bef42fc621ffbe92f3d3.jpg#p00#6#4,1104_jpg.rf.6e4b54eeeb75bef42fc621ffbe92f3d3.jpg,0,6,4,0.985,0,det,det,det,,082/71,,Metal Energy,82/83,GEN,Generations,Common,50.0
1104_jpg.rf.6e4b54eeeb75bef42fc621ffbe92f3d3.jpg#p00#3#5,1104_jpg.rf.6e4b54eeeb75bef42fc621ffbe92f3d3.jpg,0,3,5,0.987,0,det,det,det,E3,085/63,5V90,Bea,123/159,CRZ,Crown Zenith,Rare Holo,900.0
1104_jpg.rf.6e4b54eeeb75bef42fc621ffbe92f3d3.jpg#p00#7#6,1104_jpg.rf.6e4b54eeeb75bef42fc621ffbe92f3d3.jpg,0,7,6,0.983,0,det,det,det,,081/73,SVLA,Scott,81/108,PK,Power Keepers,Uncommon,50.0
1104_jpg.rf.6e4b54eeeb75bef42fc621ffbe92f3d3.jpg#p00#4#7,1104_jpg.rf.6e4b54eeeb75bef42fc621ffbe92f3d3.jpg,0,4,7,0.987,0,det,det,det,,095/190,5V4G,Gengar Spirit Link,95/119,PHF,Phantom Forces,Uncommon,50.0
1104_jpg.rf.6e4b54eeeb75bef42fc621ffbe92f3d3.jpg#p00#5#8,1104_jpg.rf.6e4b54eeeb75bef42fc621ffbe92f3d3.jpg,0,5,8,0.985,0,det,det,det,,017/101,V6,Ducklett,BW17/101,BWP,BW Black Star Promos,Promo,75.0
1105_jpg.rf.fd5099e7b46264a210512398427b4c95.jpg#p00#4#0,1105_jpg.rf.fd5099e7b46264a210512398427b4c95.jpg,0,4,0,0.985,0,det,det,det,,017/67,S10P,Articuno,17/62,FO,Fossil,Rare,50.0
1105_jpg.rf.fd5099e7b46264a210512398427b4c95.jpg#p00#1#1,1105_jpg.rf.fd5099e7b46264a210512398427b4c95.jpg,0,1,1,0.991,0,det,det,det,VSTAR,045/67,S9A,Zeraora VSTAR,GG43/70,CRZ,Crown Zenith,Rare Holo VSTAR,1015.0
1105_jpg.rf.fd5099e7b46264a210512398427b4c95.jpg#p00#0#2,1105_jpg.rf.fd5099e7b46264a210512398427b4c95.jpg,0,0,2,0.992,0,det,det,det,,206/172,S120,Switch,206/165,MEW,151,Hyper Rare,50.0
1105_jpg.rf.fd5099e7b46264a210512398427b4c95.jpg#p00#8#3,1105_jpg.rf.fd5099e7b46264a210512398427b4c95.jpg,0,8,3,0.981,0,det,det,det,,093/108,5SV3,Dark Patch,93/108,DEX,Dark Explorers,Uncommon,75.0
1105_jpg.rf.fd5099e7b46264a210512398427b4c95.jpg#p00#2#4,1105_jpg.rf.fd5099e7b46264a210512398427b4c95.jpg,0,2,4,0.989,0,det,det,det,,348/190,5V4G,Alakazam,1/130,B2,Base Set 2,Rare Holo,0.0
1105_jpg.rf.fd5099e7b46264a210512398427b4c95.jpg#p00#6#5,1105_jpg.rf.fd5099e7b46264a210512398427b4c95.jpg,0,6,5,0.985,0,det,det,det,,081/68,S11D,Scott,81/108,PK,Power Keepers,Uncommon,50.0
1105_jpg.rf.fd5099e7b46264a210512398427b4c95.jpg#p00#7#6,1105_jpg.rf.fd5099e7b46264a210512398427b4c95.jpg,0,7,6,0.984,0,det,det,det,,027/98,5V10,Swanna,27/98,EPO,Emerging Powers,Rare,75.0
1105_jpg.rf.fd5099e7b46264a210512398427b4c95.jpg#p00#3#7,1105_jpg.rf.fd5099e7b46264a210512398427b4c95.jpg,0,3,7,0.987,0,det,det,det,,045/71,SV2P,Caterpie,45/102,BS,Base Set,Common,50.0
1105_jpg.rf.fd5099e7b46264a210512398427b4c95.jpg#p00#5#8,1105_jpg.rf.fd5099e7b46264a210512398427b4c95.jpg,0,5,8,0.985,0,det,det,det,,060/71,SV5K,Gambler,60/62,FO,Fossil,Common,50.0
1106_jpg.rf.3602c1fd6f35b84bf3911a2582c3910a.jpg#p00#2#0,1106_jpg.rf.3602c1fd6f35b84bf3911a2582c3910a.jpg,0,2,0,0.988,0,det,det,det,,051/63,5V9A,Koffing,51/102,BS,Base Set,Common,50.0
1106_jpg.rf.3602c1fd6f35b84bf3911a2582c3910a.jpg#p00#0#1,1106_jpg.rf.3602c1fd6f35b84bf3911a2582c3910a.jpg,0,0,1,0.99,0,det,det,det,,004/22,SVLN,Darkrai,4/106,GE,Great Encounters,Rare Holo,50.0
1106_jpg.rf.3602c1fd6f35b84bf3911a2582c3910a.jpg#p00#1#2,1106_jpg.rf.3602c1fd6f35b84bf3911a2582c3910a.jpg,0,1,2,0.989,0,det,det,det,,061/67,S10P,Recycle,61/62,FO,Fossil,Common,50.0
1106_jpg.rf.3602c1fd6f35b84bf3911a2582c3910a.jpg#p00#3#3,1106_jpg.rf.3602c1fd6f35b84bf3911a2582c3910a.jpg,0,3,3,0.987,0,det,det,det,,061/106,SV8,Buizel,61/106,GE,Great Encounters,Common,75.0
1106_jpg.rf.3602c1fd6f35b84bf3911a2582c3910a.jpg#p00#7#4,1106_jpg.rf.3602c1fd6f35b84bf3911a2582c3910a.jpg,0,7,4,0.984,0,det,det,det,,039/100,,Lickitung,39/100,MD,Majestic Dawn,Uncommon,75.0
1106_jpg.rf.3602c1fd6f35b84bf3911a2582c3910a.jpg#p00#5#5,1106_jpg.rf.3602c1fd6f35b84bf3911a2582c3910a.jpg,0,5,5,0.987,0,det,det,det,,037/66,5V5A,Gliscor,37/108,ROS,Roaring Skies,Uncommon,50.0
1106_jpg.rf.3602c1fd6f35b84bf3911a2582c3910a.jpg#p00#4#6,1106_jpg.rf.3602c1fd6f35b84bf3911a2582c3910a.jpg,0,4,6,0.987,0,det,det,det,e,087/64,5V6A,Colress's Tenacity,87/64,SFA,Shrouded Fable,Ultra Rare,955.0
1106_jpg.rf.3602c1fd6f35b84bf3911a2582c3910a.jpg#p00#6#7,1106_jpg.rf.3602c1fd6f35b84bf3911a2582c3910a.jpg,0,6,7,0.985,0,det,det,det,,141/172,S12D,Gloria,141/172,BRS,Brilliant Stars,Uncommon,75.0
1106_jpg.rf.3602c1fd6f35b84bf3911a2582c3910a.jpg#p00#8#8,1106_jpg.rf.3602c1fd6f35b84bf3911a2582c3910a.jpg,0,8,8,0.983,0,det,det,det,,083/100,59,Wailmer,83/100,SS,Sandstorm,Common,75.0
1107_jpg.rf.88ad582cd71f77765cde83f9cb83e950.jpg#p00#7#0,1107_jpg.rf.88ad582cd71f77765cde83f9cb83e950.jpg,0,7,0,0.985,0,det,det,det,,042/100,59,Lileep,42/100,SS,Sandstorm,Uncommon,75.0
1107_jpg.rf.88ad582cd71f77765cde83f9cb83e950.jpg#p00#1#1,1107_jpg.rf.88ad582cd71f77765cde83f9cb83e950.jpg,0,1,1,0.99,0,det,det,det,X,124/108,SV3,Pikachu-EX,XY124/211,XYP,XY Black Star Promos,Promo,930.0
1107_jpg.rf.88ad582cd71f77765cde83f9cb83e950.jpg#p00#0#2,1107_jpg.rf.88ad582cd71f77765cde83f9cb83e950.jpg,0,0,2,0.991,0,det,det,det,,082/108,5V3,Fletchling,82/108,ROS,Roaring Skies,Common,75.0
1107_jpg.rf.88ad582cd71f77765cde83f9cb83e950.jpg#p00#8#3,1107_jpg.rf.88ad582cd71f77765cde83f9cb83e950.jpg,0,8,3,0.985,0,det,det,det,,025/101,5V6,Snover,25/101,PLB,Plasma Blast,Common,75.0
1107_jpg.rf.88ad582cd71f77765cde83f9cb83e950.jpg#p00#2#4,1107_jpg.rf.88ad582cd71f77765cde83f9cb83e950.jpg,0,2,4,0.988,0,det,det,det,,091/66,SV4K,Mr. Mime,91/146,XY,XY,Uncommon,50.0
1107_jpg.rf.88ad582cd71f77765cde83f9cb83e950.jpg#p00#5#5,1107_jpg.rf.88ad582cd71f77765cde83f9cb83e950.jpg,0,5,5,0.986,0,det,det,det,,352/190,5V40,Alakazam,1/130,B2,Base Set 2,Rare Holo,0.0
1107_jpg.rf.88ad582cd71f77765cde83f9cb83e950.jpg#p00#3#6,1107_jpg.rf.88ad582cd71f77765cde83f9cb83e950.jpg,0,3,6,0.988,0,det,det,det,,095/187,5V8A,Gengar Spirit Link,95/119,PHF,Phantom Forces,Uncommon,50.0
1107_jpg.rf.88ad582cd71f77765cde83f9cb83e950.jpg#p00#4#7,1107_jpg.rf.88ad582cd71f77765cde83f9cb83e950.jpg,0,4,7,0.987,0,det,det,det,,055/98,512,Cottonee,55/98,AOR,Ancient Origins,Common,75.0
1107_jpg.rf.88ad582cd71f77765cde83f9cb83e950.jpg#p00#6#8,1107_jpg.rf.88ad582cd71f77765cde83f9cb83e950.jpg,0,6,8,0.986,0,det,det,det,,288/190,5V4A,Fezandipiti ex,288/217,ASC,Ascended Heroes,Special Illustration Rare,50.0
1108_jpg.rf.976a41192828248b83be5c68e667e951.jpg#p00#3#0,1108_jpg.rf.976a41192828248b83be5c68e667e951.jpg,0,3,0,0.987,0,det,det,det,,033/62,5V3A,Gastly,33/62,FO,Fossil,Uncommon,75.0
1108_jpg.rf.976a41192828248b83be5c68e667e951.jpg#p00#0#1,1108_jpg.rf.976a41192828248b83be5c68e667e951.jpg,0,0,1,0.994,0,det,det,det,X,033/66,5V5A,Deoxys,33/108,ROS,Roaring Skies,Rare Holo,930.0
1108_jpg.rf.976a41192828248b83be5c68e667e951.jpg#p00#1#2,1108_jpg.rf.976a41192828248b83be5c68e667e951.jpg,0,1,2,0.993,0,det,det,det,eX,089/64,5V60,Walrein ex,89/92,LM,Legend Maker,Rare Holo EX,1050.0
1108_jpg.rf.976a41192828248b83be5c68e667e951.jpg#p00#2#3,1108_jpg.rf.976a41192828248b83be5c68e667e951.jpg,0,2,3,0.99,0,det,det,det,,099/71,SY2P,Dodrio,99/146,XY,XY,Uncommon,50.0
1108_jpg.rf.976a41192828248b83be5c68e667e951.jpg#p00#7#4,1108_jpg.rf.976a41192828248b83be5c68e667e951.jpg,0,7,4,0.985,0,det,det,det,N,097/100,59,N,96/108,DEX,Dark Explorers,Uncommon,1055.0
1108_jpg.rf.976a41192828248b83be5c68e667e951.jpg#p00#5#5,1108_jpg.rf.976a41192828248b83be5c68e667e951.jpg,0,5,5,0.986,0,det,det,det,,086/64,V7D,Cassiopeia,86/64,SFA,Shrouded Fable,Ultra Rare,75.0
1108_jpg.rf.976a41192828248b83be5c68e667e951.jpg#p00#8#6,1108_jpg.rf.976a41192828248b83be5c68e667e951.jpg,0,8,6,0.984,0,det,det,det,EX,007/73,SVA,Sceptile-EX,7/98,AOR,Ancient Origins,Rare Holo EX,1050.0
1108_jpg.rf.976a41192828248b83be5c68e667e951.jpg#p00#4#7,1108_jpg.rf.976a41192828248b83be5c68e667e951.jpg,0,4,7,0.987,0,det,det,det,,044/71,52D,Bulbasaur,44/102,BS,Base Set,Common,50.0
1108_jpg.rf.976a41192828248b83be5c68e667e951.jpg#p00#6#8,1108_jpg.rf.976a41192828248b83be5c68e667e951.jpg,0,6,8,0.986,0,det,det,det,,125/190,5V4,Sabrina's Gaze,125/132,G1,Gym Heroes,Common,50.0
1109_jpg.rf.83f6d0dc5ebf97994c1c86a7f66cb64c.jpg#p00#7#0,1109_jpg.rf.83f6d0dc5ebf97994c1c86a7f66cb64c.jpg,0,7,0,0.98,0,det,det,det,V,075/67,S10P,Giovanni's Nidoran ♀,75/132,G2,Gym Challenge,Common,930.0
1109_jpg.rf.83f6d0dc5ebf97994c1c86a7f66cb64c.jpg#p00#0#1,1109_jpg.rf.83f6d0dc5ebf97994c1c86a7f66cb64c.jpg,0,0,1,0.992,0,det,det,det,,002/100,,Blastoise δ,2/100,CG,Crystal Guardians,Rare Holo,75.0
1109_jpg.rf.83f6d0dc5ebf97994c1c86a7f66cb64c.jpg#p00#1#2,1109_jpg.rf.83f6d0dc5ebf97994c1c86a7f66cb64c.jpg,0,1,2,0.992,0,det,det,det,E3,121/102,,Mew,97/102,TM,Triumphant,Rare Prime,925.0
1109_jpg.rf.83f6d0dc5ebf97994c1c86a7f66cb64c.jpg#p00#6#3,1109_jpg.rf.83f6d0dc5ebf97994c1c86a7f66cb64c.jpg,0,6,3,0.981,0,det,det,det,,086/64,SV6A,Cassiopeia,86/64,SFA,Shrouded Fable,Ultra Rare,75.0
1109_jpg.rf.83f6d0dc5ebf97994c1c86a7f66cb64c.jpg#p00#4#4,1109_jpg.rf.83f6d0dc5ebf97994c1c86a7f66cb64c.jpg,0,4,4,0.985,0,det,det,det,,023/165,SV20,Pidgeot,23/165,EX,Expedition Base Set,Rare Holo,75.0
1109_jpg.rf.83f6d0dc5ebf97994c1c86a7f66cb64c.jpg#p00#2#5,1109_jpg.rf.83f6d0dc5ebf97994c1c86a7f66cb64c.jpg,0,2,5,0.986,0,det,det,det,,067/63,5V9,Meowth,67/108,ROS,Roaring Skies,Common,50.0
1109_jpg.rf.83f6d0dc5ebf97994c1c86a7f66cb64c.jpg#p00#5#6,1109_jpg.rf.83f6d0dc5ebf97994c1c86a7f66cb64c.jpg,0,5,6,0.983,0,det,det,det,,029/101,SV6,Vanilluxe,29/101,NVI,Noble Victories,Rare,75.0
1109_jpg.rf.83f6d0dc5ebf97994c1c86a7f66cb64c.jpg#p00#3#7,1109_jpg.rf.83f6d0dc5ebf97994c1c86a7f66cb64c.jpg,0,3,7,0.985,0,det,det,det,,239/190,Y4D,Team Rocket's Dugtrio,239/217,ASC,Ascended Heroes,Illustration Rare,50.0
1109_jpg.rf.83f6d0dc5ebf97994c1c86a7f66cb64c.jpg#p00#8#8,1109_jpg.rf.83f6d0dc5ebf97994c1c86a7f66cb64c.jpg,0,8,8,0.976,0,det,det,det,,125/98,S12,Sabrina's Gaze,125/132,G1,Gym Heroes,Common,50.0
1110_jpg.rf.6b6e6110983b36739d569a89aa5feec4.jpg#p00#8#0,1110_jpg.rf.6b6e6110983b36739d569a89aa5feec4.jpg,0,8,0,0.982,0,template,det,det,DサSトZOR,139/108,V3,Scizor,141/197,OBF,Obsidian Flames,Rare,742.272705078125
1110_jpg.rf.6b6e6110983b36739d569a89aa5feec4.jpg#p00#0#1,1110_jpg.rf.6b6e6110983b36739d569a89aa5feec4.jpg,0,0,1,0.99,0,det,det,det,,346/190,5V4D,Alakazam,1/130,B2,Base Set 2,Rare Holo,0.0
1110_jpg.rf.6b6e6110983b36739d569a89aa5feec4.jpg#p00#1#2,1110_jpg.rf.6b6e6110983b36739d569a89aa5feec4.jpg,0,1,2,0.988,0,det,det,det,,014/66,SV4K,Kingler,14/119,PHF,Phantom Forces,Uncommon,50.0
1110_jpg.rf.6b6e6110983b36739d569a89aa5feec4.jpg#p00#4#3,1110_jpg.rf.6b6e6110983b36739d569a89aa5feec4.jpg,0,4,3,0.985,0,det,det,det,,045/102,,Caterpie,45/102,BS,Base Set,Common,75.0
1110_jpg.rf.6b6e6110983b36739d569a89aa5feec4.jpg#p00#7#4,1110_jpg.rf.6b6e6110983b36739d569a89aa5feec4.jpg,0,7,4,0.984,0,det,det,det,V,124/172,12,Escavalier,124/189,DAA,Darkness Ablaze,Rare,930.0
1110_jpg.rf.6b6e6110983b36739d569a89aa5feec4.jpg#p00#6#5,1110_jpg.rf.6b6e6110983b36739d569a89aa5feec4.jpg,0,6,5,0.984,0,det,det,det,,037/108,5V3,Magnemite,37/108,EVO,Evolutions,Common,75.0
1110_jpg.rf.6b6e6110983b36739d569a89aa5feec4.jpg#p00#3#6,1110_jpg.rf.6b6e6110983b36739d569a89aa5feec4.jpg,0,3,6,0.985,0,det,det,det,,083/73,,Maintenance,83/102,BS,Base Set,Uncommon,50.0
1110_jpg.rf.6b6e6110983b36739d569a89aa5feec4.jpg#p00#2#7,1110_jpg.rf.6b6e6110983b36739d569a89aa5feec4.jpg,0,2,7,0.986,0,det,det,det,,093/64,,Pecharunt ex,93/64,SFA,Shrouded Fable,Special Illustration Rare,75.0
1110_jpg.rf.6b6e6110983b36739d569a89aa5feec4.jpg#p00#5#8,1110_jpg.rf.6b6e6110983b36739d569a89aa5feec4.jpg,0,5,8,0.985,0,det,det,det,,022/172,5120,Entei V,22/172,BRS,Brilliant Stars,Rare Holo V,75.0
1111_jpg.rf.a4e96debc0385335097fe0c9e54b9467.jpg#p00#5#0,1111_jpg.rf.a4e96debc0385335097fe0c9e54b9467.jpg,0,5,0,0.986,0,det,det,det,EX,005/71,SV5K,Shaymin-EX,5/99,NXD,Next Destinies,Rare Holo EX,1050.0
1111_jpg.rf.a4e96debc0385335097fe0c9e54b9467.jpg#p00#0#1,1111_jpg.rf.a4e96debc0385335097fe0c9e54b9467.jpg,0,0,1,0.992,0,det,det,det,,057/67,S10P,Salamence,57/108,ROS,Roaring Skies,Rare Holo,50.0
1111_jpg.rf.a4e96debc0385335097fe0c9e54b9467.jpg#p00#2#2,1111_jpg.rf.a4e96debc0385335097fe0c9e54b9467.jpg,0,2,2,0.989,0,det,det,det,,090/100,,Energy Search,90/100,MD,Majestic Dawn,Common,75.0
1111_jpg.rf.a4e96debc0385335097fe0c9e54b9467.jpg#p00#1#3,1111_jpg.rf.a4e96debc0385335097fe0c9e54b9467.jpg,0,1,3,0.989,0,det,det,det,,090/98,510,Bianca,90/98,EPO,Emerging Powers,Uncommon,75.0
1111_jpg.rf.a4e96debc0385335097fe0c9e54b9467.jpg#p00#4#4,1111_jpg.rf.a4e96debc0385335097fe0c9e54b9467.jpg,0,4,4,0.986,0,det,det,det,,002/101,Y6,Tepig,BW02/101,BWP,BW Black Star Promos,Promo,75.0
1111_jpg.rf.a4e96debc0385335097fe0c9e54b9467.jpg#p00#7#5,1111_jpg.rf.a4e96debc0385335097fe0c9e54b9467.jpg,0,7,5,0.985,0,det,det,det,,112/98,512,Taillow,112/149,BCR,Boundaries Crossed,Common,50.0
1111_jpg.rf.a4e96debc0385335097fe0c9e54b9467.jpg#p00#8#6,1111_jpg.rf.a4e96debc0385335097fe0c9e54b9467.jpg,0,8,6,0.984,0,det,det,det,,095/71,SV2P,Gengar Spirit Link,95/119,PHF,Phantom Forces,Uncommon,50.0
1111_jpg.rf.a4e96debc0385335097fe0c9e54b9467.jpg#p00#3#7,1111_jpg.rf.a4e96debc0385335097fe0c9e54b9467.jpg,0,3,7,0.987,0,det,det,det,,015/98,12,Deerling,15/98,EPO,Emerging Powers,Common,75.0
1111_jpg.rf.a4e96debc0385335097fe0c9e54b9467.jpg#p00#6#8,1111_jpg.rf.a4e96debc0385335097fe0c9e54b9467.jpg,0,6,8,0.985,0,det,det,det,EX,136/108,V3,Marnie's Grimmsnarl ex,136/182,DRI,Destined Rivals,Double Rare,1050.0
1112_jpg.rf.75210c299f459530d79aadc1e0f71d53.jpg#p00#7#0,1112_jpg.rf.75210c299f459530d79aadc1e0f71d53.jpg,0,7,0,0.983,0,det,det,det,,048/165,,Venonat,48/165,MEW,151,Common,75.0
1112_jpg.rf.75210c299f459530d79aadc1e0f71d53.jpg#p00#1#1,1112_jpg.rf.75210c299f459530d79aadc1e0f71d53.jpg,0,1,1,0.99,0,det,det,det,,085/98,5V10,Cinccino,85/98,EPO,Emerging Powers,Uncommon,75.0
1112_jpg.rf.75210c299f459530d79aadc1e0f71d53.jpg#p00#0#2,1112_jpg.rf.75210c299f459530d79aadc1e0f71d53.jpg,0,0,2,0.992,0,det,det,det,,170/187,5V8A,Larry's Staraptor,170/217,ASC,Ascended Heroes,Rare,50.0
1112_jpg.rf.75210c299f459530d79aadc1e0f71d53.jpg#p00#4#3,1112_jpg.rf.75210c299f459530d79aadc1e0f71d53.jpg,0,4,3,0.985,0,det,det,det,,041/165,5V20,Zubat,41/165,MEW,151,Common,75.0
1112_jpg.rf.75210c299f459530d79aadc1e0f71d53.jpg#p00#6#4,1112_jpg.rf.75210c299f459530d79aadc1e0f71d53.jpg,0,6,4,0.983,0,det,det,det,,051/64,5V6A,Eevee,51/64,JU,Jungle,Common,75.0
1112_jpg.rf.75210c299f459530d79aadc1e0f71d53.jpg#p00#8#5,1112_jpg.rf.75210c299f459530d79aadc1e0f71d53.jpg,0,8,5,0.983,0,det,det,det,E3,194/165,V2D,Mew,19/165,EX,Expedition Base Set,Rare Holo,925.0
1112_jpg.rf.75210c299f459530d79aadc1e0f71d53.jpg#p00#3#6,1112_jpg.rf.75210c299f459530d79aadc1e0f71d53.jpg,0,3,6,0.986,0,det,det,det,,041/71,S10D,Greninja,41/146,XY,XY,Rare Holo,50.0
1112_jpg.rf.75210c299f459530d79aadc1e0f71d53.jpg#p00#2#7,1112_jpg.rf.75210c299f459530d79aadc1e0f71d53.jpg,0,2,7,0.986,0,det,det,det,EX,058/78,,Mewtwo ex,58/182,PAR,Paradox Rift,Double Rare,1050.0
1112_jpg.rf.75210c299f459530d79aadc1e0f71d53.jpg#p00#5#8,1112_jpg.rf.75210c299f459530d79aadc1e0f71d53.jpg,0,5,8,0.984,0,det,det,det,,043/71,SV2D,Abra,43/102,BS,Base Set,Common,50.0
1113_jpg.rf.a6ef2e282428a9e9382bd83fa63e3090.jpg#p00#8#0,1113_jpg.rf.a6ef2e282428a9e9382bd83fa63e3090.jpg,0,8,0,0.981,0,det,det,det,,315/190,5V4D,Alakazam,1/130,B2,Base Set 2,Rare Holo,0.0
1113_jpg.rf.a6ef2e282428a9e9382bd83fa63e3090.jpg#p00#0#1,1113_jpg.rf.a6ef2e282428a9e9382bd83fa63e3090.jpg,0,0,1,0.991,0,det,det,det,,098/101,W6,Mew,BW98/101,BWP,BW Black Star Promos,Promo,75.0
1113_jpg.rf.a6ef2e282428a9e9382bd83fa63e3090.jpg#p00#1#2,1113_jpg.rf.a6ef2e282428a9e9382bd83fa63e3090.jpg,0,1,2,0.99,0,det,det,det,,269/190,5V4A,Mega Gengar ex,269/217,ASC,Ascended Heroes,MEGA_ATTACK_RARE,50.0
1113_jpg.rf.a6ef2e282428a9e9382bd83fa63e3090.jpg#p00#2#3,1113_jpg.rf.a6ef2e282428a9e9382bd83fa63e3090.jpg,0,2,3,0.989,0,det,det,det,,047/106,5V8,Electrike,47/106,EM,Emerald,Common,75.0
1113_jpg.rf.a6ef2e282428a9e9382bd83fa63e3090.jpg#p00#4#4,1113_jpg.rf.a6ef2e282428a9e9382bd83fa63e3090.jpg,0,4,4,0.987,0,det,det,det,,087/66,SV4K,Bunnelby,87/119,PHF,Phantom Forces,Common,50.0
1113_jpg.rf.a6ef2e282428a9e9382bd83fa63e3090.jpg#p00#3#5,1113_jpg.rf.a6ef2e282428a9e9382bd83fa63e3090.jpg,0,3,5,0.987,0,det,det,det,X,012/44,SVK,Charizard-EX,12/108,EVO,Evolutions,Rare Holo EX,930.0
1113_jpg.rf.a6ef2e282428a9e9382bd83fa63e3090.jpg#p00#7#6,1113_jpg.rf.a6ef2e282428a9e9382bd83fa63e3090.jpg,0,7,6,0.983,0,det,det,det,,250/172,S12,Fan Rotom,250/217,ASC,Ascended Heroes,Illustration Rare,50.0
1113_jpg.rf.a6ef2e282428a9e9382bd83fa63e3090.jpg#p00#5#7,1113_jpg.rf.a6ef2e282428a9e9382bd83fa63e3090.jpg,0,5,7,0.987,0,det,det,det,E3,330/190,74D,Mew,8/53,WBP,Wizards Black Star Promos,Promo,900.0
1113_jpg.rf.a6ef2e282428a9e9382bd83fa63e3090.jpg#p00#6#8,1113_jpg.rf.a6ef2e282428a9e9382bd83fa63e3090.jpg,0,6,8,0.984,0,det,det,det,,074/100,,Ralts,74/100,SS,Sandstorm,Common,75.0
1114_jpg.rf.214bdfdffc5e84f2544026ba3e94895d.jpg#p00#8#0,1114_jpg.rf.214bdfdffc5e84f2544026ba3e94895d.jpg,0,8,0,0.977,0,det,det,det,,023/44,SVK,Staryu,23/99,NXD,Next Destinies,Common,50.0
1114_jpg.rf.214bdfdffc5e84f2544026ba3e94895d.jpg#p00#0#1,1114_jpg.rf.214bdfdffc5e84f2544026ba3e94895d.jpg,0,0,1,0.991,0,det,det,det,X,103/78,SVIS,Entei-EX,103/108,DEX,Dark Explorers,Rare Ultra,930.0
1114_jpg.rf.214bdfdffc5e84f2544026ba3e94895d.jpg#p00#1#2,1114_jpg.rf.214bdfdffc5e84f2544026ba3e94895d.jpg,0,1,2,0.989,0,det,det,det,,028/62,5V3A,Muk,28/62,FO,Fossil,Rare,75.0
1114_jpg.rf.214bdfdffc5e84f2544026ba3e94895d.jpg#p00#7#3,1114_jpg.rf.214bdfdffc5e84f2544026ba3e94895d.jpg,0,7,3,0.982,0,det,det,det,,083/172,512,Golurk,83/172,BRS,Brilliant Stars,Rare,75.0
1114_jpg.rf.214bdfdffc5e84f2544026ba3e94895d.jpg#p00#2#4,1114_jpg.rf.214bdfdffc5e84f2544026ba3e94895d.jpg,0,2,4,0.987,0,det,det,det,,014/106,SV8,Ponyta,14/106,FLF,Flashfire,Common,75.0
1114_jpg.rf.214bdfdffc5e84f2544026ba3e94895d.jpg#p00#3#5,1114_jpg.rf.214bdfdffc5e84f2544026ba3e94895d.jpg,0,3,5,0.986,0,det,det,det,EX,040/66,Y5M,Chi-Yu ex,40/193,PAL,Paldea Evolved,Double Rare,1050.0
1114_jpg.rf.214bdfdffc5e84f2544026ba3e94895d.jpg#p00#5#6,1114_jpg.rf.214bdfdffc5e84f2544026ba3e94895d.jpg,0,5,6,0.985,0,det,det,template,,038/100,,Illumise,38/100,SS,Sandstorm,Uncommon,75.0
1114_jpg.rf.214bdfdffc5e84f2544026ba3e94895d.jpg#p00#4#7,1114_jpg.rf.214bdfdffc5e84f2544026ba3e94895d.jpg,0,4,7,0.986,0,det,det,det,,110/165,SV20,Weezing,110/165,MEW,151,Rare,75.0
1114_jpg.rf.214bdfdffc5e84f2544026ba3e94895d.jpg#p00#6#8,1114_jpg.rf.214bdfdffc5e84f2544026ba3e94895d.jpg,0,6,8,0.984,0,det,det,det,,020/106,SV8,Kingler,20/106,GE,Great Encounters,Rare,75.0
1115_jpg.rf.cf15ede3b6ed05851b7388434445748a.jpg#p00#2#0,1115_jpg.rf.cf15ede3b6ed05851b7388434445748a.jpg,0,2,0,0.985,0,det,det,det,,063/67,510P,Heatran,63/119,PHF,Phantom Forces,Rare Holo,50.0
1115_jpg.rf.cf15ede3b6ed05851b7388434445748a.jpg#p00#0#1,1115_jpg.rf.cf15ede3b6ed05851b7388434445748a.jpg,0,0,1,0.992,0,det,det,det,,049/66,SV4M,Drowzee,49/102,BS,Base Set,Common,50.0
1115_jpg.rf.cf15ede3b6ed05851b7388434445748a.jpg#p00#1#2,1115_jpg.rf.cf15ede3b6ed05851b7388434445748a.jpg,0,1,2,0.991,0,det,det,det,,086/172,12D,Sneasel,86/172,BRS,Brilliant Stars,Common,75.0
1115_jpg.rf.cf15ede3b6ed05851b7388434445748a.jpg#p00#8#3,1115_jpg.rf.cf15ede3b6ed05851b7388434445748a.jpg,0,8,3,0.983,0,det,det,det,,024/108,5V3,Slowbro,24/108,DEX,Dark Explorers,Uncommon,75.0
1115_jpg.rf.cf15ede3b6ed05851b7388434445748a.jpg#p00#3#4,1115_jpg.rf.cf15ede3b6ed05851b7388434445748a.jpg,0,3,4,0.985,0,det,det,det,,093/71,510G,Squirtle,93/130,B2,Base Set 2,Common,50.0
1115_jpg.rf.cf15ede3b6ed05851b7388434445748a.jpg#p00#5#5,1115_jpg.rf.cf15ede3b6ed05851b7388434445748a.jpg,0,5,5,0.985,0,det,det,det,,069/63,5V9A,Voltorb,69/82,RO,Team Rocket,Common,50.0
1115_jpg.rf.cf15ede3b6ed05851b7388434445748a.jpg#p00#7#6,1115_jpg.rf.cf15ede3b6ed05851b7388434445748a.jpg,0,7,6,0.985,0,det,det,det,,321/190,V4D,Alakazam,1/130,B2,Base Set 2,Rare Holo,0.0
1115_jpg.rf.cf15ede3b6ed05851b7388434445748a.jpg#p00#4#7,1115_jpg.rf.cf15ede3b6ed05851b7388434445748a.jpg,0,4,7,0.985,0,det,det,det,STAR,082/67,S10P,Staryu,83/111,RR,Rising Rivals,Common,1015.0
1115_jpg.rf.cf15ede3b6ed05851b7388434445748a.jpg#p00#6#8,1115_jpg.rf.cf15ede3b6ed05851b7388434445748a.jpg,0,6,8,0.985,0,det,det,det,,059/98,S12,Sawk,59/98,EPO,Emerging Powers,Uncommon,75.0
1116_jpg.rf.264fc3332cfa84962f195613928493ab.jpg#p00#8#0,1116_jpg.rf.264fc3332cfa84962f195613928493ab.jpg,0,8,0,0.981,0,det,det,det,,094/73,SVLA,Swirlix,94/146,XY,XY,Common,50.0
1116_jpg.rf.264fc3332cfa84962f195613928493ab.jpg#p00#1#1,1116_jpg.rf.264fc3332cfa84962f195613928493ab.jpg,0,1,1,0.988,0,det,det,det,EX,019/102,57,Trevenant-EX,19/160,PRC,Primal Clash,Rare Holo EX,1050.0
1116_jpg.rf.264fc3332cfa84962f195613928493ab.jpg#p00#0#2,1116_jpg.rf.264fc3332cfa84962f195613928493ab.jpg,0,0,2,0.99,0,det,det,det,,030/66,SV5C,Oshawott,30/114,STS,Steam Siege,Common,50.0
1116_jpg.rf.264fc3332cfa84962f195613928493ab.jpg#p00#3#3,1116_jpg.rf.264fc3332cfa84962f195613928493ab.jpg,0,3,3,0.987,0,det,det,det,,090/63,590,Bouffalant,90/114,BLW,Black & White,Uncommon,50.0
1116_jpg.rf.264fc3332cfa84962f195613928493ab.jpg#p00#2#4,1116_jpg.rf.264fc3332cfa84962f195613928493ab.jpg,0,2,4,0.987,0,det,det,det,EX,030/73,,M Blastoise-EX,30/146,XY,XY,Rare Holo EX,1050.0
1116_jpg.rf.264fc3332cfa84962f195613928493ab.jpg#p00#6#5,1116_jpg.rf.264fc3332cfa84962f195613928493ab.jpg,0,6,5,0.983,0,det,det,det,,023/100,5V9,Steelix,23/100,SS,Sandstorm,Rare,75.0
1116_jpg.rf.264fc3332cfa84962f195613928493ab.jpg#p00#4#6,1116_jpg.rf.264fc3332cfa84962f195613928493ab.jpg,0,4,6,0.986,0,det,det,det,,023/62,5V3D,Hypno,23/62,FO,Fossil,Rare,75.0
1116_jpg.rf.264fc3332cfa84962f195613928493ab.jpg#p00#5#7,1116_jpg.rf.264fc3332cfa84962f195613928493ab.jpg,0,5,7,0.985,0,det,det,det,,073/71,SV5K,Porygon2,73/101,PLB,Plasma Blast,Uncommon,50.0
1116_jpg.rf.264fc3332cfa84962f195613928493ab.jpg#p00#7#8,1116_jpg.rf.264fc3332cfa84962f195613928493ab.jpg,0,7,8,0.983,0,det,det,det,,088/67,STOP,Meowth,88/114,STS,Steam Siege,Common,50.0
1117_jpg.rf.77b23f9b8e6dfaec10710d2a52fb2f2c.jpg#p00#4#0,1117_jpg.rf.77b23f9b8e6dfaec10710d2a52fb2f2c.jpg,0,4,0,0.984,0,det,det,det,,005/66,SV5A,Beedrill,5/146,XY,XY,Rare,50.0
1117_jpg.rf.77b23f9b8e6dfaec10710d2a52fb2f2c.jpg#p00#1#1,1117_jpg.rf.77b23f9b8e6dfaec10710d2a52fb2f2c.jpg,0,1,1,0.989,0,det,det,det,,029/63,5V9A,Helioptile,29/119,PHF,Phantom Forces,Common,50.0
1117_jpg.rf.77b23f9b8e6dfaec10710d2a52fb2f2c.jpg#p00#0#2,1117_jpg.rf.77b23f9b8e6dfaec10710d2a52fb2f2c.jpg,0,0,2,0.989,0,det,det,det,,128/187,5V8A,Super Potion,128/146,XY,XY,Uncommon,50.0
1117_jpg.rf.77b23f9b8e6dfaec10710d2a52fb2f2c.jpg#p00#8#3,1117_jpg.rf.77b23f9b8e6dfaec10710d2a52fb2f2c.jpg,0,8,3,0.983,0,det,det,det,,047/68,,Kangaskhan,47/68,HIF,Hidden Fates,Rare,75.0
1117_jpg.rf.77b23f9b8e6dfaec10710d2a52fb2f2c.jpg#p00#2#4,1117_jpg.rf.77b23f9b8e6dfaec10710d2a52fb2f2c.jpg,0,2,4,0.986,0,det,det,det,,034/66,SV4K,Machoke,34/102,BS,Base Set,Uncommon,50.0
1117_jpg.rf.77b23f9b8e6dfaec10710d2a52fb2f2c.jpg#p00#6#5,1117_jpg.rf.77b23f9b8e6dfaec10710d2a52fb2f2c.jpg,0,6,5,0.984,0,det,det,det,Z,083/98,SV10,Koga's Zubat,83/132,G2,Gym Challenge,Common,930.0
1117_jpg.rf.77b23f9b8e6dfaec10710d2a52fb2f2c.jpg#p00#5#6,1117_jpg.rf.77b23f9b8e6dfaec10710d2a52fb2f2c.jpg,0,5,6,0.984,0,det,det,det,,036/71,5V2D,Wobbuffet,36/119,PHF,Phantom Forces,Uncommon,50.0
1117_jpg.rf.77b23f9b8e6dfaec10710d2a52fb2f2c.jpg#p00#7#7,1117_jpg.rf.77b23f9b8e6dfaec10710d2a52fb2f2c.jpg,0,7,7,0.984,0,det,det,det,,061/68,G1D,Misty's Cerulean City Gym,61/68,HIF,Hidden Fates,Uncommon,75.0
1117_jpg.rf.77b23f9b8e6dfaec10710d2a52fb2f2c.jpg#p00#3#8,1117_jpg.rf.77b23f9b8e6dfaec10710d2a52fb2f2c.jpg,0,3,8,0.985,0,det,det,det,,013/98,12,Flareon,13/98,AOR,Ancient Origins,Uncommon,75.0
1118_jpg.rf.9ae740355a57d17ba0878e905e441440.jpg#p00#8#0,1118_jpg.rf.9ae740355a57d17ba0878e905e441440.jpg,0,8,0,0.981,0,det,det,det,,053/165,5Y2A,Persian,53/165,MEW,151,Uncommon,75.0
1118_jpg.rf.9ae740355a57d17ba0878e905e441440.jpg#p00#1#1,1118_jpg.rf.9ae740355a57d17ba0878e905e441440.jpg,0,1,1,0.989,0,det,det,det,,111/102,5V7,Pawniard,111/102,SVP,SVP Black Star Promos,Promo,75.0
1118_jpg.rf.9ae740355a57d17ba0878e905e441440.jpg#p00#0#2,1118_jpg.rf.9ae740355a57d17ba0878e905e441440.jpg,0,0,2,0.99,0,det,det,det,,047/102,5V7,Diglett,47/102,BS,Base Set,Common,75.0
1118_jpg.rf.9ae740355a57d17ba0878e905e441440.jpg#p00#3#3,1118_jpg.rf.9ae740355a57d17ba0878e905e441440.jpg,0,3,3,0.985,0,det,det,det,,070/78,,Spark,70/78,PGO,Pokémon GO,Uncommon,75.0
1118_jpg.rf.9ae740355a57d17ba0878e905e441440.jpg#p00#4#4,1118_jpg.rf.9ae740355a57d17ba0878e905e441440.jpg,0,4,4,0.984,0,det,det,det,E,069/100,5V9,Omanyte,69/100,MD,Majestic Dawn,Common,955.0
1118_jpg.rf.9ae740355a57d17ba0878e905e441440.jpg#p00#7#5,1118_jpg.rf.9ae740355a57d17ba0878e905e441440.jpg,0,7,5,0.981,0,det,det,det,,088/62,SV3A,Meowth,88/114,STS,Steam Siege,Common,50.0
1118_jpg.rf.9ae740355a57d17ba0878e905e441440.jpg#p00#5#6,1118_jpg.rf.9ae740355a57d17ba0878e905e441440.jpg,0,5,6,0.983,0,template,det,det,,077/66,SV4K,Malamar,77/146,XY,XY,Rare,50.0
1118_jpg.rf.9ae740355a57d17ba0878e905e441440.jpg#p00#2#7,1118_jpg.rf.9ae740355a57d17ba0878e905e441440.jpg,0,2,7,0.986,0,det,det,det,,047/63,5V90,Diglett,47/102,BS,Base Set,Common,50.0
1118_jpg.rf.9ae740355a57d17ba0878e905e441440.jpg#p00#6#8,1118_jpg.rf.9ae740355a57d17ba0878e905e441440.jpg,0,6,8,0.983,0,det,det,det,,059/71,SY5K,Energy Search,59/62,FO,Fossil,Common,50.0
1119_jpg.rf.806365b656a08a82cc96a7806c0fbeb7.jpg#p00#4#0,1119_jpg.rf.806365b656a08a82cc96a7806c0fbeb7.jpg,0,4,0,0.985,0,det,det,det,,024/44,SK,Piloswine,24/144,SK,Skyridge,Rare,60.0
1119_jpg.rf.806365b656a08a82cc96a7806c0fbeb7.jpg#p00#2#1,1119_jpg.rf.806365b656a08a82cc96a7806c0fbeb7.jpg,0,2,1,0.988,0,det,det,det,EX,120/100,5V9,Mega Zygarde ex,120/88,POR,Perfect Order,Special Illustration Rare,1050.0
1119_jpg.rf.806365b656a08a82cc96a7806c0fbeb7.jpg#p00#0#2,1119_jpg.rf.806365b656a08a82cc96a7806c0fbeb7.jpg,0,0,2,0.991,0,det,det,det,,043/98,SV10,Gothita,43/98,EPO,Emerging Powers,Common,75.0
1119_jpg.rf.806365b656a08a82cc96a7806c0fbeb7.jpg#p00#1#3,1119_jpg.rf.806365b656a08a82cc96a7806c0fbeb7.jpg,0,1,3,0.989,0,det,det,det,,090/106,5V8,Lysandre,90/106,FLF,Flashfire,Uncommon,75.0
1119_jpg.rf.806365b656a08a82cc96a7806c0fbeb7.jpg#p00#8#4,1119_jpg.rf.806365b656a08a82cc96a7806c0fbeb7.jpg,0,8,4,0.984,0,det,det,det,,029/78,SV1S,Zapdos,29/78,PGO,Pokémon GO,Rare Holo,75.0
1119_jpg.rf.806365b656a08a82cc96a7806c0fbeb7.jpg#p00#5#5,1119_jpg.rf.806365b656a08a82cc96a7806c0fbeb7.jpg,0,5,5,0.984,0,det,det,det,,005/102,,Clefairy,5/102,BS,Base Set,Rare Holo,75.0
1119_jpg.rf.806365b656a08a82cc96a7806c0fbeb7.jpg#p00#6#6,1119_jpg.rf.806365b656a08a82cc96a7806c0fbeb7.jpg,0,6,6,0.984,0,det,det,det,,069/78,MTS,Rare Candy,69/78,PGO,Pokémon GO,Uncommon,75.0
1119_jpg.rf.806365b656a08a82cc96a7806c0fbeb7.jpg#p00#3#7,1119_jpg.rf.806365b656a08a82cc96a7806c0fbeb7.jpg,0,3,7,0.987,0,det,det,det,,070/66,SV4K,Dedenne,70/119,PHF,Phantom Forces,Common,50.0
1119_jpg.rf.806365b656a08a82cc96a7806c0fbeb7.jpg#p00#7#8,1119_jpg.rf.806365b656a08a82cc96a7806c0fbeb7.jpg,0,7,8,0.984,0,det,det,det,VSTAR,013/100,59,Shaymin VSTAR,14/172,BRS,Brilliant Stars,Rare Holo VSTAR,1015.0
1120_jpg.rf.d065e0aa52767b330d4f6444062dcad3.jpg#p00#4#0,1120_jpg.rf.d065e0aa52767b330d4f6444062dcad3.jpg,0,4,0,0.985,0,det,det,det,,054/64,SY7A,Smoochum,54/64,N3,Neo Revelation,Common,75.0
1120_jpg.rf.d065e0aa52767b330d4f6444062dcad3.jpg#p00#0#1,1120_jpg.rf.d065e0aa52767b330d4f6444062dcad3.jpg,0,0,1,0.992,0,det,det,det,VSTAR,042/172,12,Glaceon VSTAR,GG40/70,CRZ,Crown Zenith,Rare Holo VSTAR,1015.0
1120_jpg.rf.d065e0aa52767b330d4f6444062dcad3.jpg#p00#2#2,1120_jpg.rf.d065e0aa52767b330d4f6444062dcad3.jpg,0,2,2,0.988,0,det,det,det,,182/190,SV4A,Anthea & Concordia,182/217,ASC,Ascended Heroes,Uncommon,50.0
1120_jpg.rf.d065e0aa52767b330d4f6444062dcad3.jpg#p00#8#3,1120_jpg.rf.d065e0aa52767b330d4f6444062dcad3.jpg,0,8,3,0.979,0,det,det,det,,067/71,510,Meowth,67/108,ROS,Roaring Skies,Common,50.0
1120_jpg.rf.d065e0aa52767b330d4f6444062dcad3.jpg#p00#1#4,1120_jpg.rf.d065e0aa52767b330d4f6444062dcad3.jpg,0,1,4,0.988,0,det,det,det,X,015/64,5V60,Revavroom ex,15/64,SFA,Shrouded Fable,Double Rare,955.0
1120_jpg.rf.d065e0aa52767b330d4f6444062dcad3.jpg#p00#7#5,1120_jpg.rf.d065e0aa52767b330d4f6444062dcad3.jpg,0,7,5,0.982,0,det,det,det,AINER'S,083/67,S10P,Piers,TG28/30,ASR,Astral Radiance,Rare Ultra,900.0
1120_jpg.rf.d065e0aa52767b330d4f6444062dcad3.jpg#p00#5#6,1120_jpg.rf.d065e0aa52767b330d4f6444062dcad3.jpg,0,5,6,0.983,0,det,det,det,EX,041/101,5V6,Toxicroak-EX,41/106,FLF,Flashfire,Rare Holo EX,1050.0
1120_jpg.rf.d065e0aa52767b330d4f6444062dcad3.jpg#p00#3#7,1120_jpg.rf.d065e0aa52767b330d4f6444062dcad3.jpg,0,3,7,0.986,0,det,det,det,,123/102,,Teal Mask Ogerpon,123/102,SVP,SVP Black Star Promos,Promo,75.0
1120_jpg.rf.d065e0aa52767b330d4f6444062dcad3.jpg#p00#6#8,1120_jpg.rf.d065e0aa52767b330d4f6444062dcad3.jpg,0,6,8,0.983,0,det,det,det,,022/108,SV3,M Blastoise-EX,22/108,EVO,Evolutions,Rare Holo EX,75.0
1121_jpg.rf.29d7fe9dd0e4f850495622d7e9a30750.jpg#p00#2#0,1121_jpg.rf.29d7fe9dd0e4f850495622d7e9a30750.jpg,0,2,0,0.989,0,det,det,det,,069/100,59,Whismur,69/100,CG,Crystal Guardians,Common,75.0
1121_jpg.rf.29d7fe9dd0e4f850495622d7e9a30750.jpg#p00#0#1,1121_jpg.rf.29d7fe9dd0e4f850495622d7e9a30750.jpg,0,0,1,0.991,0,det,det,det,,053/67,STOP,Scolipede,53/146,XY,XY,Rare,50.0
1121_jpg.rf.29d7fe9dd0e4f850495622d7e9a30750.jpg#p00#1#2,1121_jpg.rf.29d7fe9dd0e4f850495622d7e9a30750.jpg,0,1,2,0.991,0,det,det,template,,020/100,,Pichu,20/100,SS,Sandstorm,Rare,75.0
1121_jpg.rf.29d7fe9dd0e4f850495622d7e9a30750.jpg#p00#4#3,1121_jpg.rf.29d7fe9dd0e4f850495622d7e9a30750.jpg,0,4,3,0.986,0,det,det,det,,094/101,,Eevee,BW94/101,BWP,BW Black Star Promos,Promo,75.0
1121_jpg.rf.29d7fe9dd0e4f850495622d7e9a30750.jpg#p00#3#4,1121_jpg.rf.29d7fe9dd0e4f850495622d7e9a30750.jpg,0,3,4,0.987,0,det,det,det,,150/187,5V8A,Golurk,150/149,BCR,Boundaries Crossed,Rare Secret,50.0
1121_jpg.rf.29d7fe9dd0e4f850495622d7e9a30750.jpg#p00#6#5,1121_jpg.rf.29d7fe9dd0e4f850495622d7e9a30750.jpg,0,6,5,0.986,0,det,det,det,,099/165,2D,Chikorita,99/165,EX,Expedition Base Set,Common,75.0
1121_jpg.rf.29d7fe9dd0e4f850495622d7e9a30750.jpg#p00#7#6,1121_jpg.rf.29d7fe9dd0e4f850495622d7e9a30750.jpg,0,7,6,0.985,0,det,det,det,,016/66,5V5C,Tauros,16/112,RG,FireRed & LeafGreen,Rare Holo,50.0
1121_jpg.rf.29d7fe9dd0e4f850495622d7e9a30750.jpg#p00#5#7,1121_jpg.rf.29d7fe9dd0e4f850495622d7e9a30750.jpg,0,5,7,0.986,0,det,det,det,,039/63,SV9U,Tierno,39/39,KSS,Kalos Starter Set,nan,50.0
1121_jpg.rf.29d7fe9dd0e4f850495622d7e9a30750.jpg#p00#8#8,1121_jpg.rf.29d7fe9dd0e4f850495622d7e9a30750.jpg,0,8,8,0.981,0,det,det,det,,090/100,,Energy Search,90/100,MD,Majestic Dawn,Common,75.0
1122_jpg.rf.5031b96b51051fd545c944365f11542e.jpg#p00#8#0,1122_jpg.rf.5031b96b51051fd545c944365f11542e.jpg,0,8,0,0.976,0,det,det,det,,122/100,SV9,Eviolite,122/135,PLS,Plasma Storm,Uncommon,50.0
1122_jpg.rf.5031b96b51051fd545c944365f11542e.jpg#p00#0#1,1122_jpg.rf.5031b96b51051fd545c944365f11542e.jpg,0,0,1,0.99,0,det,det,det,,025/100,,Vaporeon,25/100,SS,Sandstorm,Rare,75.0
1122_jpg.rf.5031b96b51051fd545c944365f11542e.jpg#p00#1#2,1122_jpg.rf.5031b96b51051fd545c944365f11542e.jpg,0,1,2,0.988,0,det,det,det,,025/66,5V5A,Articuno-EX,25/135,PLS,Plasma Storm,Rare Holo EX,50.0
1122_jpg.rf.5031b96b51051fd545c944365f11542e.jpg#p00#4#3,1122_jpg.rf.5031b96b51051fd545c944365f11542e.jpg,0,4,3,0.984,0,det,det,det,,114/100,510,Purrloin,114/182,PAR,Paradox Rift,Common,50.0
1122_jpg.rf.5031b96b51051fd545c944365f11542e.jpg#p00#7#4,1122_jpg.rf.5031b96b51051fd545c944365f11542e.jpg,0,7,4,0.982,0,det,det,det,V,040/67,S1OP,Larvitar,40/124,FCO,Fates Collide,Common,930.0
1122_jpg.rf.5031b96b51051fd545c944365f11542e.jpg#p00#6#5,1122_jpg.rf.5031b96b51051fd545c944365f11542e.jpg,0,6,5,0.982,0,det,det,det,,089/67,59A,Professor Birch,89/109,RS,Ruby & Sapphire,Uncommon,50.0
1122_jpg.rf.5031b96b51051fd545c944365f11542e.jpg#p00#2#6,1122_jpg.rf.5031b96b51051fd545c944365f11542e.jpg,0,2,6,0.987,0,det,det,template,,003/68,,Butterfree,3/68,HIF,Hidden Fates,Rare,75.0
1122_jpg.rf.5031b96b51051fd545c944365f11542e.jpg#p00#3#7,1122_jpg.rf.5031b96b51051fd545c944365f11542e.jpg,0,3,7,0.987,0,det,det,det,STAR,117/98,512,Starly,117/172,BRS,Brilliant Stars,Common,1050.0
1122_jpg.rf.5031b96b51051fd545c944365f11542e.jpg#p00#5#8,1122_jpg.rf.5031b96b51051fd545c944365f11542e.jpg,0,5,8,0.983,0,det,det,det,X,038/66,SV4M,Zekrom-EX,BW38/101,BWP,BW Black Star Promos,Promo,930.0
1123_jpg.rf.9a20aaf3b6556c45f6c71cf3ea51db4e.jpg#p00#8#0,1123_jpg.rf.9a20aaf3b6556c45f6c71cf3ea51db4e.jpg,0,8,0,0.98,0,det,det,det,,030/187,SV8A,Oshawott,30/114,STS,Steam Siege,Common,50.0
1123_jpg.rf.9a20aaf3b6556c45f6c71cf3ea51db4e.jpg#p00#0#1,1123_jpg.rf.9a20aaf3b6556c45f6c71cf3ea51db4e.jpg,0,0,1,0.992,0,det,det,det,,061/64,,Rhyhorn,61/64,JU,Jungle,Common,75.0
1123_jpg.rf.9a20aaf3b6556c45f6c71cf3ea51db4e.jpg#p00#1#2,1123_jpg.rf.9a20aaf3b6556c45f6c71cf3ea51db4e.jpg,0,1,2,0.991,0,det,det,det,V,106/100,S11,M Gardevoir-EX,106/160,PRC,Primal Clash,Rare Holo EX,930.0
1123_jpg.rf.9a20aaf3b6556c45f6c71cf3ea51db4e.jpg#p00#6#3,1123_jpg.rf.9a20aaf3b6556c45f6c71cf3ea51db4e.jpg,0,6,3,0.984,0,det,det,det,,008/100,,Manectric,8/100,CG,Crystal Guardians,Rare Holo,75.0
1123_jpg.rf.9a20aaf3b6556c45f6c71cf3ea51db4e.jpg#p00#7#4,1123_jpg.rf.9a20aaf3b6556c45f6c71cf3ea51db4e.jpg,0,7,4,0.983,0,det,det,det,N,065/100,5V9,N,BW100/101,BWP,BW Black Star Promos,Promo,1040.0
1123_jpg.rf.9a20aaf3b6556c45f6c71cf3ea51db4e.jpg#p00#2#5,1123_jpg.rf.9a20aaf3b6556c45f6c71cf3ea51db4e.jpg,0,2,5,0.986,0,det,det,det,,097/165,SV2A,Hypno,97/165,MEW,151,Uncommon,75.0
1123_jpg.rf.9a20aaf3b6556c45f6c71cf3ea51db4e.jpg#p00#5#6,1123_jpg.rf.9a20aaf3b6556c45f6c71cf3ea51db4e.jpg,0,5,6,0.985,0,det,det,det,,060/190,5V40,Gambler,60/62,FO,Fossil,Common,50.0
1123_jpg.rf.9a20aaf3b6556c45f6c71cf3ea51db4e.jpg#p00#3#7,1123_jpg.rf.9a20aaf3b6556c45f6c71cf3ea51db4e.jpg,0,3,7,0.985,0,det,det,det,,037/187,5V8A,Gliscor,37/108,ROS,Roaring Skies,Uncommon,50.0
1123_jpg.rf.9a20aaf3b6556c45f6c71cf3ea51db4e.jpg#p00#4#8,1123_jpg.rf.9a20aaf3b6556c45f6c71cf3ea51db4e.jpg,0,4,8,0.985,0,det,det,det,,002/98,5V10,Gloom,2/98,AOR,Ancient Origins,Uncommon,75.0
1124_jpg.rf.712cb679015acc7db01a8c3992908a49.jpg#p00#4#0,1124_jpg.rf.712cb679015acc7db01a8c3992908a49.jpg,0,4,0,0.985,0,det,det,det,,096/71,SV2P,Latios ex δ,96/101,DF,Dragon Frontiers,Rare Holo EX,50.0
1124_jpg.rf.712cb679015acc7db01a8c3992908a49.jpg#p00#0#1,1124_jpg.rf.712cb679015acc7db01a8c3992908a49.jpg,0,0,1,0.994,0,det,det,det,,061/98,512,Krokorok,61/98,EPO,Emerging Powers,Uncommon,75.0
1124_jpg.rf.712cb679015acc7db01a8c3992908a49.jpg#p00#1#2,1124_jpg.rf.712cb679015acc7db01a8c3992908a49.jpg,0,1,2,0.989,0,det,det,det,,015/172,S12A,Karrablast,15/172,BRS,Brilliant Stars,Common,75.0
1124_jpg.rf.712cb679015acc7db01a8c3992908a49.jpg#p00#8#3,1124_jpg.rf.712cb679015acc7db01a8c3992908a49.jpg,0,8,3,0.979,0,det,det,det,X,033/102,,Meowscarada ex,33/102,SVP,SVP Black Star Promos,Promo,955.0
1124_jpg.rf.712cb679015acc7db01a8c3992908a49.jpg#p00#2#4,1124_jpg.rf.712cb679015acc7db01a8c3992908a49.jpg,0,2,4,0.988,0,det,det,det,ex,046/100,59,Golem-EX,46/83,GEN,Generations,Rare Holo EX,1050.0
1124_jpg.rf.712cb679015acc7db01a8c3992908a49.jpg#p00#6#5,1124_jpg.rf.712cb679015acc7db01a8c3992908a49.jpg,0,6,5,0.984,0,det,det,det,,025/106,5V8,Milotic,25/106,GE,Great Encounters,Rare,75.0
1124_jpg.rf.712cb679015acc7db01a8c3992908a49.jpg#p00#5#6,1124_jpg.rf.712cb679015acc7db01a8c3992908a49.jpg,0,5,6,0.984,0,det,det,det,,003/102,5V7,Quaxly,3/102,SVP,SVP Black Star Promos,Promo,75.0
1124_jpg.rf.712cb679015acc7db01a8c3992908a49.jpg#p00#3#7,1124_jpg.rf.712cb679015acc7db01a8c3992908a49.jpg,0,3,7,0.986,0,det,det,det,,129/165,SV2A,Shellder,129/165,EX,Expedition Base Set,Common,75.0
1124_jpg.rf.712cb679015acc7db01a8c3992908a49.jpg#p00#7#8,1124_jpg.rf.712cb679015acc7db01a8c3992908a49.jpg,0,7,8,0.983,0,det,det,det,,064/106,5V8,Floette,64/106,FLF,Flashfire,Rare,75.0
1125_jpg.rf.d36a9c485d7e3f359c649ddde931c83b.jpg#p00#4#0,1125_jpg.rf.d36a9c485d7e3f359c649ddde931c83b.jpg,0,4,0,0.984,0,det,det,det,,083/71,SY2D,Maintenance,83/102,BS,Base Set,Uncommon,50.0
1125_jpg.rf.d36a9c485d7e3f359c649ddde931c83b.jpg#p00#0#1,1125_jpg.rf.d36a9c485d7e3f359c649ddde931c83b.jpg,0,0,1,0.991,0,det,det,det,,025/67,590,Articuno-EX,25/135,PLS,Plasma Storm,Rare Holo EX,50.0
1125_jpg.rf.d36a9c485d7e3f359c649ddde931c83b.jpg#p00#1#2,1125_jpg.rf.d36a9c485d7e3f359c649ddde931c83b.jpg,0,1,2,0.99,0,det,det,det,,038/71,5V2D,Lickitung,38/64,JU,Jungle,Uncommon,50.0
1125_jpg.rf.d36a9c485d7e3f359c649ddde931c83b.jpg#p00#8#3,1125_jpg.rf.d36a9c485d7e3f359c649ddde931c83b.jpg,0,8,3,0.982,0,det,det,det,,059/67,TOP,Energy Search,59/62,FO,Fossil,Common,50.0
1125_jpg.rf.d36a9c485d7e3f359c649ddde931c83b.jpg#p00#2#4,1125_jpg.rf.d36a9c485d7e3f359c649ddde931c83b.jpg,0,2,4,0.987,0,det,det,det,X,081/106,SV8,Registeel-EX,81/124,DRX,Dragons Exalted,Rare Holo EX,930.0
1125_jpg.rf.d36a9c485d7e3f359c649ddde931c83b.jpg#p00#6#5,1125_jpg.rf.d36a9c485d7e3f359c649ddde931c83b.jpg,0,6,5,0.984,0,det,det,det,V,056/71,S10,Galvantula,56/185,VIV,Vivid Voltage,Uncommon,930.0
1125_jpg.rf.d36a9c485d7e3f359c649ddde931c83b.jpg#p00#7#6,1125_jpg.rf.d36a9c485d7e3f359c649ddde931c83b.jpg,0,7,6,0.983,0,det,det,det,EX,046/66,5V4M,Golem-EX,46/83,GEN,Generations,Rare Holo EX,1050.0
1125_jpg.rf.d36a9c485d7e3f359c649ddde931c83b.jpg#p00#3#7,1125_jpg.rf.d36a9c485d7e3f359c649ddde931c83b.jpg,0,3,7,0.986,0,det,det,det,,019/66,S5V4K,Wigglytuff,19/130,B2,Base Set 2,Rare Holo,50.0
1125_jpg.rf.d36a9c485d7e3f359c649ddde931c83b.jpg#p00#5#8,1125_jpg.rf.d36a9c485d7e3f359c649ddde931c83b.jpg,0,5,8,0.984,0,det,det,det,,174/187,Y8,Premium Power Pro,174/132,MEG,Mega Evolution,Ultra Rare,50.0
1126_jpg.rf.e1ef1c6dcb716851f3dfccbc7e0be299.jpg#p00#7#0,1126_jpg.rf.e1ef1c6dcb716851f3dfccbc7e0be299.jpg,0,7,0,0.978,0,det,det,det,,067/165,V2A,Machoke,67/165,MEW,151,Uncommon,75.0
1126_jpg.rf.e1ef1c6dcb716851f3dfccbc7e0be299.jpg#p00#2#1,1126_jpg.rf.e1ef1c6dcb716851f3dfccbc7e0be299.jpg,0,2,1,0.988,0,det,det,det,,092/98,5Y10,M Tyranitar-EX,92/98,AOR,Ancient Origins,Rare Ultra,75.0
1126_jpg.rf.e1ef1c6dcb716851f3dfccbc7e0be299.jpg#p00#0#2,1126_jpg.rf.e1ef1c6dcb716851f3dfccbc7e0be299.jpg,0,0,2,0.99,0,det,det,det,,043/63,5V9A,Abra,43/102,BS,Base Set,Common,50.0
1126_jpg.rf.e1ef1c6dcb716851f3dfccbc7e0be299.jpg#p00#6#3,1126_jpg.rf.e1ef1c6dcb716851f3dfccbc7e0be299.jpg,0,6,3,0.983,0,det,det,det,,015/63,5V90,Snorlax,15/112,RG,FireRed & LeafGreen,Rare Holo,50.0
1126_jpg.rf.e1ef1c6dcb716851f3dfccbc7e0be299.jpg#p00#1#4,1126_jpg.rf.e1ef1c6dcb716851f3dfccbc7e0be299.jpg,0,1,4,0.989,0,det,det,det,R,262/172,S120,Charizard VSTAR,SWSH262/307,SWSHP,SWSH Black Star Promos,Promo,930.0
1126_jpg.rf.e1ef1c6dcb716851f3dfccbc7e0be299.jpg#p00#5#5,1126_jpg.rf.e1ef1c6dcb716851f3dfccbc7e0be299.jpg,0,5,5,0.983,0,det,det,det,,024/98,12,Regice,24/98,AOR,Ancient Origins,Rare,75.0
1126_jpg.rf.e1ef1c6dcb716851f3dfccbc7e0be299.jpg#p00#4#6,1126_jpg.rf.e1ef1c6dcb716851f3dfccbc7e0be299.jpg,0,4,6,0.983,0,det,det,det,,022/22,,Mr. Mime,22/64,JU,Jungle,Rare,50.0
1126_jpg.rf.e1ef1c6dcb716851f3dfccbc7e0be299.jpg#p00#3#7,1126_jpg.rf.e1ef1c6dcb716851f3dfccbc7e0be299.jpg,0,3,7,0.986,0,template,det,det,,067/66,SV5A,Meowth,67/108,ROS,Roaring Skies,Common,50.0
1126_jpg.rf.e1ef1c6dcb716851f3dfccbc7e0be299.jpg#p00#8#8,1126_jpg.rf.e1ef1c6dcb716851f3dfccbc7e0be299.jpg,0,8,8,0.974,0,det,det,det,,123/100,59,Professor's Letter,123/146,XY,XY,Uncommon,50.0
1127_jpg.rf.cc87dd131b782ddbd7cf6631afa8e2b8.jpg#p00#4#0,1127_jpg.rf.cc87dd131b782ddbd7cf6631afa8e2b8.jpg,0,4,0,0.986,0,det,det,det,X,051/64,5V7D,Tapu Koko ex,51/159,JTG,Journey Together,Double Rare,930.0
1127_jpg.rf.cc87dd131b782ddbd7cf6631afa8e2b8.jpg#p00#0#1,1127_jpg.rf.cc87dd131b782ddbd7cf6631afa8e2b8.jpg,0,0,1,0.99,0,det,det,det,,065/106,5V8,Drowzee,65/106,GE,Great Encounters,Common,75.0
1127_jpg.rf.cc87dd131b782ddbd7cf6631afa8e2b8.jpg#p00#1#2,1127_jpg.rf.cc87dd131b782ddbd7cf6631afa8e2b8.jpg,0,1,2,0.99,0,det,det,det,,037/73,SVLA,Arbok,37/73,SLG,Shining Legends,Uncommon,75.0
1127_jpg.rf.cc87dd131b782ddbd7cf6631afa8e2b8.jpg#p00#8#3,1127_jpg.rf.cc87dd131b782ddbd7cf6631afa8e2b8.jpg,0,8,3,0.98,0,det,det,det,V,066/172,5120,Vikavolt,66/217,ASC,Ascended Heroes,Uncommon,930.0
1127_jpg.rf.cc87dd131b782ddbd7cf6631afa8e2b8.jpg#p00#2#4,1127_jpg.rf.cc87dd131b782ddbd7cf6631afa8e2b8.jpg,0,2,4,0.988,0,det,det,det,,005/67,590,Beedrill,5/146,XY,XY,Rare,50.0
1127_jpg.rf.cc87dd131b782ddbd7cf6631afa8e2b8.jpg#p00#7#5,1127_jpg.rf.cc87dd131b782ddbd7cf6631afa8e2b8.jpg,0,7,5,0.984,0,det,det,det,,063/108,,Reshiram,63/108,ROS,Roaring Skies,Rare Holo,75.0
1127_jpg.rf.cc87dd131b782ddbd7cf6631afa8e2b8.jpg#p00#3#6,1127_jpg.rf.cc87dd131b782ddbd7cf6631afa8e2b8.jpg,0,3,6,0.986,0,det,det,det,,031/172,S12,Lapras,31/172,BRS,Brilliant Stars,Rare,75.0
1127_jpg.rf.cc87dd131b782ddbd7cf6631afa8e2b8.jpg#p00#5#7,1127_jpg.rf.cc87dd131b782ddbd7cf6631afa8e2b8.jpg,0,5,7,0.986,0,det,det,det,,020/100,59,Pichu,20/100,SS,Sandstorm,Rare,75.0
1127_jpg.rf.cc87dd131b782ddbd7cf6631afa8e2b8.jpg#p00#6#8,1127_jpg.rf.cc87dd131b782ddbd7cf6631afa8e2b8.jpg,0,6,8,0.984,0,det,det,det,,007/78,5VIV,Ariados,7/78,PGO,Pokémon GO,Uncommon,75.0
1128_jpg.rf.3b1153f023ac3ba8647cbbe2a9f72547.jpg#p00#8#0,1128_jpg.rf.3b1153f023ac3ba8647cbbe2a9f72547.jpg,0,8,0,0.975,0,det,det,det,SAR,259/172,512,Sawk,81/172,BRS,Brilliant Stars,Common,925.0
1128_jpg.rf.3b1153f023ac3ba8647cbbe2a9f72547.jpg#p00#0#1,1128_jpg.rf.3b1153f023ac3ba8647cbbe2a9f72547.jpg,0,0,1,0.989,0,det,det,det,,067/62,5V3D,Meowth,67/108,ROS,Roaring Skies,Common,50.0
1128_jpg.rf.3b1153f023ac3ba8647cbbe2a9f72547.jpg#p00#1#2,1128_jpg.rf.3b1153f023ac3ba8647cbbe2a9f72547.jpg,0,1,2,0.989,0,det,det,det,,057/71,SV2D,Salamence,57/108,ROS,Roaring Skies,Rare Holo,50.0
1128_jpg.rf.3b1153f023ac3ba8647cbbe2a9f72547.jpg#p00#7#3,1128_jpg.rf.3b1153f023ac3ba8647cbbe2a9f72547.jpg,0,7,3,0.979,0,det,det,det,EX,054/102,SVT,Greninja ex,54/102,SVP,SVP Black Star Promos,Promo,1075.0
1128_jpg.rf.3b1153f023ac3ba8647cbbe2a9f72547.jpg#p00#2#4,1128_jpg.rf.3b1153f023ac3ba8647cbbe2a9f72547.jpg,0,2,4,0.987,0,det,det,det,,092/190,5V4A,Rufflet,92/114,STS,Steam Siege,Common,50.0
1128_jpg.rf.3b1153f023ac3ba8647cbbe2a9f72547.jpg#p00#4#5,1128_jpg.rf.3b1153f023ac3ba8647cbbe2a9f72547.jpg,0,4,5,0.986,0,det,det,det,,066/98,512,Porygon-Z,66/98,AOR,Ancient Origins,Rare,75.0
1128_jpg.rf.3b1153f023ac3ba8647cbbe2a9f72547.jpg#p00#6#6,1128_jpg.rf.3b1153f023ac3ba8647cbbe2a9f72547.jpg,0,6,6,0.982,0,det,det,det,,206/165,SV2A,Switch,206/165,MEW,151,Hyper Rare,75.0
1128_jpg.rf.3b1153f023ac3ba8647cbbe2a9f72547.jpg#p00#3#7,1128_jpg.rf.3b1153f023ac3ba8647cbbe2a9f72547.jpg,0,3,7,0.986,0,det,det,det,,209/190,SV4A,Team Rocket's Transceiver,209/217,ASC,Ascended Heroes,Uncommon,50.0
1128_jpg.rf.3b1153f023ac3ba8647cbbe2a9f72547.jpg#p00#5#8,1128_jpg.rf.3b1153f023ac3ba8647cbbe2a9f72547.jpg,0,5,8,0.984,0,det,det,det,,210/165,SV2A,Cetitan ex,210/182,DRI,Destined Rivals,Ultra Rare,50.0
1129_jpg.rf.440e8f1ae684ea9a3ed78837b2607da4.jpg#p00#7#0,1129_jpg.rf.440e8f1ae684ea9a3ed78837b2607da4.jpg,0,7,0,0.984,0,det,det,det,,179/165,SY2A,Mr. Mime,179/165,MEW,151,Illustration Rare,75.0
1129_jpg.rf.440e8f1ae684ea9a3ed78837b2607da4.jpg#p00#3#1,1129_jpg.rf.440e8f1ae684ea9a3ed78837b2607da4.jpg,0,3,1,0.986,0,det,det,det,,203/172,S12A,Team Rocket's Factory,203/217,ASC,Ascended Heroes,Uncommon,50.0
1129_jpg.rf.440e8f1ae684ea9a3ed78837b2607da4.jpg#p00#0#2,1129_jpg.rf.440e8f1ae684ea9a3ed78837b2607da4.jpg,0,0,2,0.988,0,det,det,det,,039/67,S10P,Tierno,39/39,KSS,Kalos Starter Set,nan,50.0
1129_jpg.rf.440e8f1ae684ea9a3ed78837b2607da4.jpg#p00#8#3,1129_jpg.rf.440e8f1ae684ea9a3ed78837b2607da4.jpg,0,8,3,0.982,0,det,det,det,EX,068/78,5V1S,Hop's Pincurchin ex,68/217,ASC,Ascended Heroes,Double Rare,1050.0
1129_jpg.rf.440e8f1ae684ea9a3ed78837b2607da4.jpg#p00#1#4,1129_jpg.rf.440e8f1ae684ea9a3ed78837b2607da4.jpg,0,1,4,0.987,0,det,det,det,,117/101,SV6,AZ,117/119,PHF,Phantom Forces,Rare Ultra,50.0
1129_jpg.rf.440e8f1ae684ea9a3ed78837b2607da4.jpg#p00#5#5,1129_jpg.rf.440e8f1ae684ea9a3ed78837b2607da4.jpg,0,5,5,0.984,0,det,det,det,,083/187,5V8A,Maintenance,83/102,BS,Base Set,Uncommon,50.0
1129_jpg.rf.440e8f1ae684ea9a3ed78837b2607da4.jpg#p00#2#6,1129_jpg.rf.440e8f1ae684ea9a3ed78837b2607da4.jpg,0,2,6,0.986,0,det,det,det,,031/73,,Electrode,31/73,SLG,Shining Legends,Uncommon,75.0
1129_jpg.rf.440e8f1ae684ea9a3ed78837b2607da4.jpg#p00#4#7,1129_jpg.rf.440e8f1ae684ea9a3ed78837b2607da4.jpg,0,4,7,0.986,0,det,det,det,,049/67,S90,Drowzee,49/102,BS,Base Set,Common,50.0
1129_jpg.rf.440e8f1ae684ea9a3ed78837b2607da4.jpg#p00#6#8,1129_jpg.rf.440e8f1ae684ea9a3ed78837b2607da4.jpg,0,6,8,0.984,0,det,det,det,,101/108,,Twist Mountain,101/108,DEX,Dark Explorers,Uncommon,75.0
1130_jpg.rf.76fb39f70a0e240e6c78122eeb9c4e5d.jpg#p00#6#0,1130_jpg.rf.76fb39f70a0e240e6c78122eeb9c4e5d.jpg,0,6,0,0.984,0,det,det,det,,016/64,SV6A,Drowzee,16/64,SFA,Shrouded Fable,Common,75.0
1130_jpg.rf.76fb39f70a0e240e6c78122eeb9c4e5d.jpg#p00#0#1,1130_jpg.rf.76fb39f70a0e240e6c78122eeb9c4e5d.jpg,0,0,1,0.994,0,det,det,det,,087/187,SV8A,Bunnelby,87/119,PHF,Phantom Forces,Common,50.0
1130_jpg.rf.76fb39f70a0e240e6c78122eeb9c4e5d.jpg#p00#1#2,1130_jpg.rf.76fb39f70a0e240e6c78122eeb9c4e5d.jpg,0,1,2,0.988,0,det,det,det,,064/66,SV5A,Bisharp,64/114,STS,Steam Siege,Rare Holo,50.0
1130_jpg.rf.76fb39f70a0e240e6c78122eeb9c4e5d.jpg#p00#3#3,1130_jpg.rf.76fb39f70a0e240e6c78122eeb9c4e5d.jpg,0,3,3,0.985,0,det,det,det,,012/106,SV8,Charizard-EX,12/106,FLF,Flashfire,Rare Holo EX,75.0
1130_jpg.rf.76fb39f70a0e240e6c78122eeb9c4e5d.jpg#p00#5#4,1130_jpg.rf.76fb39f70a0e240e6c78122eeb9c4e5d.jpg,0,5,4,0.984,0,det,det,det,,087/71,S10,Bunnelby,87/119,PHF,Phantom Forces,Common,50.0
1130_jpg.rf.76fb39f70a0e240e6c78122eeb9c4e5d.jpg#p00#7#5,1130_jpg.rf.76fb39f70a0e240e6c78122eeb9c4e5d.jpg,0,7,5,0.983,0,det,det,det,,014/100,5V9,Zangoose,14/100,SS,Sandstorm,Rare Holo,75.0
1130_jpg.rf.76fb39f70a0e240e6c78122eeb9c4e5d.jpg#p00#8#6,1130_jpg.rf.76fb39f70a0e240e6c78122eeb9c4e5d.jpg,0,8,6,0.975,0,det,det,det,,079/78,SVV,Mewtwo VSTAR,79/78,PGO,Pokémon GO,Rare Rainbow,75.0
1130_jpg.rf.76fb39f70a0e240e6c78122eeb9c4e5d.jpg#p00#2#7,1130_jpg.rf.76fb39f70a0e240e6c78122eeb9c4e5d.jpg,0,2,7,0.986,0,det,det,det,,059/190,V4,Energy Search,59/62,FO,Fossil,Common,50.0
1130_jpg.rf.76fb39f70a0e240e6c78122eeb9c4e5d.jpg#p00#4#8,1130_jpg.rf.76fb39f70a0e240e6c78122eeb9c4e5d.jpg,0,4,8,0.985,0,det,det,det,,012/101,SV6,Accelgor,12/101,NVI,Noble Victories,Rare,75.0
1131_jpg.rf.705e5cb31e37fc9c865006932c111ba7.jpg#p00#2#0,1131_jpg.rf.705e5cb31e37fc9c865006932c111ba7.jpg,0,2,0,0.988,0,det,det,det,,044/66,SV4K,Bulbasaur,44/102,BS,Base Set,Common,50.0
1131_jpg.rf.705e5cb31e37fc9c865006932c111ba7.jpg#p00#1#1,1131_jpg.rf.705e5cb31e37fc9c865006932c111ba7.jpg,0,1,1,0.991,0,det,det,det,,011/108,5V3,Charizard,11/108,EVO,Evolutions,Rare Holo,75.0
1131_jpg.rf.705e5cb31e37fc9c865006932c111ba7.jpg#p00#0#2,1131_jpg.rf.705e5cb31e37fc9c865006932c111ba7.jpg,0,0,2,0.991,0,det,det,det,,048/71,5V5K,Doduo,48/102,BS,Base Set,Common,50.0
1131_jpg.rf.705e5cb31e37fc9c865006932c111ba7.jpg#p00#4#3,1131_jpg.rf.705e5cb31e37fc9c865006932c111ba7.jpg,0,4,3,0.986,0,det,det,det,,081/67,,Scott,81/108,PK,Power Keepers,Uncommon,50.0
1131_jpg.rf.705e5cb31e37fc9c865006932c111ba7.jpg#p00#3#4,1131_jpg.rf.705e5cb31e37fc9c865006932c111ba7.jpg,0,3,4,0.986,0,det,det,det,,043/66,SV4K,Abra,43/102,BS,Base Set,Common,50.0
1131_jpg.rf.705e5cb31e37fc9c865006932c111ba7.jpg#p00#7#5,1131_jpg.rf.705e5cb31e37fc9c865006932c111ba7.jpg,0,7,5,0.985,0,det,det,det,,076/71,SWZP,Gothorita,76/149,BCR,Boundaries Crossed,Uncommon,50.0
1131_jpg.rf.705e5cb31e37fc9c865006932c111ba7.jpg#p00#8#6,1131_jpg.rf.705e5cb31e37fc9c865006932c111ba7.jpg,0,8,6,0.981,0,det,det,det,,171/187,SV8C,Fan Rotom,171/217,ASC,Ascended Heroes,Common,50.0
1131_jpg.rf.705e5cb31e37fc9c865006932c111ba7.jpg#p00#5#7,1131_jpg.rf.705e5cb31e37fc9c865006932c111ba7.jpg,0,5,7,0.986,0,det,det,det,,012/62,5V3D,Moltres,12/62,FO,Fossil,Rare Holo,75.0
1131_jpg.rf.705e5cb31e37fc9c865006932c111ba7.jpg#p00#6#8,1131_jpg.rf.705e5cb31e37fc9c865006932c111ba7.jpg,0,6,8,0.985,0,det,det,det,V,080/71,S10,Melmetal VMAX,80/78,PGO,Pokémon GO,Rare Rainbow,930.0
1132_jpg.rf.b42d921d3f342168378e6f2a2513730d.jpg#p00#8#0,1132_jpg.rf.b42d921d3f342168378e6f2a2513730d.jpg,0,8,0,0.98,0,det,det,det,EX,324/190,V4D,Mew,8/53,WBP,Wizards Black Star Promos,Promo,900.0
1132_jpg.rf.b42d921d3f342168378e6f2a2513730d.jpg#p00#0#1,1132_jpg.rf.b42d921d3f342168378e6f2a2513730d.jpg,0,0,1,0.992,0,det,det,det,,017/68,S11A,Lapras,17/68,HIF,Hidden Fates,Rare,75.0
1132_jpg.rf.b42d921d3f342168378e6f2a2513730d.jpg#p00#1#2,1132_jpg.rf.b42d921d3f342168378e6f2a2513730d.jpg,0,1,2,0.991,0,det,det,det,,192/187,SV8A,Lillie's Determination,192/217,ASC,Ascended Heroes,Uncommon,50.0
1132_jpg.rf.b42d921d3f342168378e6f2a2513730d.jpg#p00#7#3,1132_jpg.rf.b42d921d3f342168378e6f2a2513730d.jpg,0,7,3,0.981,0,det,det,det,,050/106,SV8,Feebas,50/106,EM,Emerald,Common,75.0
1132_jpg.rf.b42d921d3f342168378e6f2a2513730d.jpg#p00#3#4,1132_jpg.rf.b42d921d3f342168378e6f2a2513730d.jpg,0,3,4,0.986,0,det,det,det,,011/68,,Psyduck,11/68,HIF,Hidden Fates,Common,75.0
1132_jpg.rf.b42d921d3f342168378e6f2a2513730d.jpg#p00#4#5,1132_jpg.rf.b42d921d3f342168378e6f2a2513730d.jpg,0,4,5,0.986,0,det,det,det,,116/108,SV3,Evosoda,116/146,XY,XY,Uncommon,50.0
1132_jpg.rf.b42d921d3f342168378e6f2a2513730d.jpg#p00#6#6,1132_jpg.rf.b42d921d3f342168378e6f2a2513730d.jpg,0,6,6,0.985,0,det,det,det,,033/100,59,Budew,33/100,SF,Stormfront,Uncommon,75.0
1132_jpg.rf.b42d921d3f342168378e6f2a2513730d.jpg#p00#2#7,1132_jpg.rf.b42d921d3f342168378e6f2a2513730d.jpg,0,2,7,0.987,0,det,det,det,,073/64,SV7,Fezandipiti,73/64,SFA,Shrouded Fable,Illustration Rare,75.0
1132_jpg.rf.b42d921d3f342168378e6f2a2513730d.jpg#p00#5#8,1132_jpg.rf.b42d921d3f342168378e6f2a2513730d.jpg,0,5,8,0.985,0,det,det,det,,099/172,512,Probopass,99/172,BRS,Brilliant Stars,Uncommon,75.0
1133_jpg.rf.a7946cfefd24dcfc303245d0fa9dde7c.jpg#p00#8#0,1133_jpg.rf.a7946cfefd24dcfc303245d0fa9dde7c.jpg,0,8,0,0.979,0,det,det,det,E,087/73,VD,Bunnelby,87/119,PHF,Phantom Forces,Common,930.0
1133_jpg.rf.a7946cfefd24dcfc303245d0fa9dde7c.jpg#p00#4#1,1133_jpg.rf.a7946cfefd24dcfc303245d0fa9dde7c.jpg,0,4,1,0.984,0,det,det,det,,032/67,S10P,Croconaw,32/111,N1,Neo Genesis,Uncommon,50.0
1133_jpg.rf.a7946cfefd24dcfc303245d0fa9dde7c.jpg#p00#0#2,1133_jpg.rf.a7946cfefd24dcfc303245d0fa9dde7c.jpg,0,0,2,0.991,0,det,det,det,,059/71,10,Energy Search,59/62,FO,Fossil,Common,50.0
1133_jpg.rf.a7946cfefd24dcfc303245d0fa9dde7c.jpg#p00#7#3,1133_jpg.rf.a7946cfefd24dcfc303245d0fa9dde7c.jpg,0,7,3,0.982,0,det,det,det,,056/66,SV4M,Shelgon,56/108,ROS,Roaring Skies,Uncommon,50.0
1133_jpg.rf.a7946cfefd24dcfc303245d0fa9dde7c.jpg#p00#5#4,1133_jpg.rf.a7946cfefd24dcfc303245d0fa9dde7c.jpg,0,5,4,0.984,0,det,det,det,,035/67,59,Golduck,35/62,FO,Fossil,Uncommon,50.0
1133_jpg.rf.a7946cfefd24dcfc303245d0fa9dde7c.jpg#p00#1#5,1133_jpg.rf.a7946cfefd24dcfc303245d0fa9dde7c.jpg,0,1,5,0.989,0,det,det,det,EX,082/66,SV4K,Okidogi ex,82/64,SFA,Shrouded Fable,Ultra Rare,1050.0
1133_jpg.rf.a7946cfefd24dcfc303245d0fa9dde7c.jpg#p00#2#6,1133_jpg.rf.a7946cfefd24dcfc303245d0fa9dde7c.jpg,0,2,6,0.988,0,det,det,det,,150/165,2A,Strength Charm,150/165,EX,Expedition Base Set,Uncommon,75.0
1133_jpg.rf.a7946cfefd24dcfc303245d0fa9dde7c.jpg#p00#3#7,1133_jpg.rf.a7946cfefd24dcfc303245d0fa9dde7c.jpg,0,3,7,0.986,0,det,det,det,,094/187,5V8,Swirlix,94/146,XY,XY,Common,50.0
1133_jpg.rf.a7946cfefd24dcfc303245d0fa9dde7c.jpg#p00#6#8,1133_jpg.rf.a7946cfefd24dcfc303245d0fa9dde7c.jpg,0,6,8,0.983,0,det,det,det,,070/71,Y2,Dedenne,70/119,PHF,Phantom Forces,Common,50.0
1134_jpg.rf.984acfbac9f2c0aec8c7279dff36a762.jpg#p00#8#0,1134_jpg.rf.984acfbac9f2c0aec8c7279dff36a762.jpg,0,8,0,0.981,0,det,det,template,OトムV,037/100,,Morpeko V,37/72,SHF,Shining Fates,Rare Holo V,930.0
1134_jpg.rf.984acfbac9f2c0aec8c7279dff36a762.jpg#p00#0#1,1134_jpg.rf.984acfbac9f2c0aec8c7279dff36a762.jpg,0,0,1,0.992,0,det,det,det,,048/100,5V9,Sudowoodo,48/100,MD,Majestic Dawn,Uncommon,75.0
1134_jpg.rf.984acfbac9f2c0aec8c7279dff36a762.jpg#p00#1#2,1134_jpg.rf.984acfbac9f2c0aec8c7279dff36a762.jpg,0,1,2,0.991,0,det,det,det,,032/64,SV7A,Lanturn,32/64,N3,Neo Revelation,Uncommon,75.0
1134_jpg.rf.984acfbac9f2c0aec8c7279dff36a762.jpg#p00#5#3,1134_jpg.rf.984acfbac9f2c0aec8c7279dff36a762.jpg,0,5,3,0.985,0,det,det,det,X,020/63,5V9A,Reshiram ex,20/86,WHT,White Flare,Double Rare,930.0
1134_jpg.rf.984acfbac9f2c0aec8c7279dff36a762.jpg#p00#2#4,1134_jpg.rf.984acfbac9f2c0aec8c7279dff36a762.jpg,0,2,4,0.988,0,det,det,det,,104/100,5V9,Switch,104/114,BLW,Black & White,Common,50.0
1134_jpg.rf.984acfbac9f2c0aec8c7279dff36a762.jpg#p00#3#5,1134_jpg.rf.984acfbac9f2c0aec8c7279dff36a762.jpg,0,3,5,0.988,0,det,det,det,,072/71,SY2P,Tentacruel,72/160,PRC,Primal Clash,Rare,50.0
1134_jpg.rf.984acfbac9f2c0aec8c7279dff36a762.jpg#p00#6#6,1134_jpg.rf.984acfbac9f2c0aec8c7279dff36a762.jpg,0,6,6,0.983,0,det,det,det,,146/172,S12A,Pot Helmet,146/172,BRS,Brilliant Stars,Uncommon,75.0
1134_jpg.rf.984acfbac9f2c0aec8c7279dff36a762.jpg#p00#7#7,1134_jpg.rf.984acfbac9f2c0aec8c7279dff36a762.jpg,0,7,7,0.982,0,det,det,det,,126/100,S1D,Audino,126/149,BCR,Boundaries Crossed,Rare,50.0
1134_jpg.rf.984acfbac9f2c0aec8c7279dff36a762.jpg#p00#4#8,1134_jpg.rf.984acfbac9f2c0aec8c7279dff36a762.jpg,0,4,8,0.985,0,det,det,det,VSTAR,120/100,,Drapion VSTAR,119/196,LOR,Lost Origin,Rare Holo VSTAR,1015.0
1135_jpg.rf.8aafb28062b5192968b4b777578ed95a.jpg#p00#5#0,1135_jpg.rf.8aafb28062b5192968b4b777578ed95a.jpg,0,5,0,0.985,0,det,det,det,,048/78,SVV,Melmetal VMAX,48/78,PGO,Pokémon GO,Rare Holo VMAX,75.0
1135_jpg.rf.8aafb28062b5192968b4b777578ed95a.jpg#p00#0#1,1135_jpg.rf.8aafb28062b5192968b4b777578ed95a.jpg,0,0,1,0.991,0,det,det,det,,107/108,,Darkrai-EX,107/108,DEX,Dark Explorers,Rare Ultra,75.0
1135_jpg.rf.8aafb28062b5192968b4b777578ed95a.jpg#p00#1#2,1135_jpg.rf.8aafb28062b5192968b4b777578ed95a.jpg,0,1,2,0.989,0,det,det,det,,072/101,SV6,Cobalion,BW72/101,BWP,BW Black Star Promos,Promo,75.0
1135_jpg.rf.8aafb28062b5192968b4b777578ed95a.jpg#p00#8#3,1135_jpg.rf.8aafb28062b5192968b4b777578ed95a.jpg,0,8,3,0.982,0,det,det,det,V,055/68,11D,Eevee,55/82,RO,Team Rocket,Common,930.0
1135_jpg.rf.8aafb28062b5192968b4b777578ed95a.jpg#p00#2#4,1135_jpg.rf.8aafb28062b5192968b4b777578ed95a.jpg,0,2,4,0.987,0,det,det,det,,172/190,5V4,Mega Audino ex,172/217,ASC,Ascended Heroes,Double Rare,50.0
1135_jpg.rf.8aafb28062b5192968b4b777578ed95a.jpg#p00#6#5,1135_jpg.rf.8aafb28062b5192968b4b777578ed95a.jpg,0,6,5,0.985,0,det,det,det,,127/187,5V80,Escape Rope,127/160,PRC,Primal Clash,Uncommon,50.0
1135_jpg.rf.8aafb28062b5192968b4b777578ed95a.jpg#p00#3#6,1135_jpg.rf.8aafb28062b5192968b4b777578ed95a.jpg,0,3,6,0.987,0,det,det,det,,014/66,SV4M,Kingler,14/119,PHF,Phantom Forces,Uncommon,50.0
1135_jpg.rf.8aafb28062b5192968b4b777578ed95a.jpg#p00#4#7,1135_jpg.rf.8aafb28062b5192968b4b777578ed95a.jpg,0,4,7,0.986,0,det,det,det,,008/68,511D,Charmeleon,8/68,HIF,Hidden Fates,Uncommon,75.0
1135_jpg.rf.8aafb28062b5192968b4b777578ed95a.jpg#p00#7#8,1135_jpg.rf.8aafb28062b5192968b4b777578ed95a.jpg,0,7,8,0.984,0,det,det,det,,215/190,5V4,Waitress,215/217,ASC,Ascended Heroes,Common,50.0
1136_jpg.rf.8f8b77c42fb89adaca4967f7eba02339.jpg#p00#7#0,1136_jpg.rf.8f8b77c42fb89adaca4967f7eba02339.jpg,0,7,0,0.981,0,det,det,det,,009/73,,Shining Genesect,9/73,SLG,Shining Legends,Rare Shining,75.0
1136_jpg.rf.8f8b77c42fb89adaca4967f7eba02339.jpg#p00#0#1,1136_jpg.rf.8f8b77c42fb89adaca4967f7eba02339.jpg,0,0,1,0.994,0,det,det,det,,044/106,5V8,Cacnea,44/106,EM,Emerald,Common,75.0
1136_jpg.rf.8f8b77c42fb89adaca4967f7eba02339.jpg#p00#1#2,1136_jpg.rf.8f8b77c42fb89adaca4967f7eba02339.jpg,0,1,2,0.99,0,det,det,det,,191/190,V4A,Light Ball,191/217,ASC,Ascended Heroes,Uncommon,50.0
1136_jpg.rf.8f8b77c42fb89adaca4967f7eba02339.jpg#p00#6#3,1136_jpg.rf.8f8b77c42fb89adaca4967f7eba02339.jpg,0,6,3,0.983,0,det,det,det,,031/64,,Vileplume,31/64,JU,Jungle,Rare,75.0
1136_jpg.rf.8f8b77c42fb89adaca4967f7eba02339.jpg#p00#2#4,1136_jpg.rf.8f8b77c42fb89adaca4967f7eba02339.jpg,0,2,4,0.986,0,det,det,det,,014/68,S11,Starmie-GX,14/68,HIF,Hidden Fates,Rare Holo GX,75.0
1136_jpg.rf.8f8b77c42fb89adaca4967f7eba02339.jpg#p00#5#5,1136_jpg.rf.8f8b77c42fb89adaca4967f7eba02339.jpg,0,5,5,0.983,0,det,det,det,,002/71,SV5K,M Venusaur-EX,2/146,XY,XY,Rare Holo EX,50.0
1136_jpg.rf.8f8b77c42fb89adaca4967f7eba02339.jpg#p00#4#6,1136_jpg.rf.8f8b77c42fb89adaca4967f7eba02339.jpg,0,4,6,0.984,0,det,det,det,EX,065/108,,M Pidgeot-EX,65/108,EVO,Evolutions,Rare Holo EX,1075.0
1136_jpg.rf.8f8b77c42fb89adaca4967f7eba02339.jpg#p00#3#7,1136_jpg.rf.8f8b77c42fb89adaca4967f7eba02339.jpg,0,3,7,0.985,0,det,det,det,,114/100,59,Purrloin,114/182,PAR,Paradox Rift,Common,50.0
1136_jpg.rf.8f8b77c42fb89adaca4967f7eba02339.jpg#p00#8#8,1136_jpg.rf.8f8b77c42fb89adaca4967f7eba02339.jpg,0,8,8,0.981,0,det,det,det,,060/68,S1LD,Lt. Surge's Strategy,60/68,HIF,Hidden Fates,Uncommon,75.0
1137_jpg.rf.f939636d56244245ce4b988fe367c104.jpg#p00#0#0,1137_jpg.rf.f939636d56244245ce4b988fe367c104.jpg,0,0,0,0.987,0,det,det,det,,036/66,5V5A,Wobbuffet,36/119,PHF,Phantom Forces,Uncommon,50.0
1137_jpg.rf.f939636d56244245ce4b988fe367c104.jpg#p00#8#1,1137_jpg.rf.f939636d56244245ce4b988fe367c104.jpg,0,8,1,0.981,0,template,det,det,,083/67,59A,Maintenance,83/102,BS,Base Set,Uncommon,50.0
1137_jpg.rf.f939636d56244245ce4b988fe367c104.jpg#p00#5#2,1137_jpg.rf.f939636d56244245ce4b988fe367c104.jpg,0,5,2,0.984,0,det,det,det,EX,003/106,SV8,Mega Venusaur ex,3/132,MEG,Mega Evolution,Double Rare,1050.0
1137_jpg.rf.f939636d56244245ce4b988fe367c104.jpg#p00#1#3,1137_jpg.rf.f939636d56244245ce4b988fe367c104.jpg,0,1,3,0.987,0,det,det,det,,015/190,SV4A,Snorlax,15/112,RG,FireRed & LeafGreen,Rare Holo,50.0
1137_jpg.rf.f939636d56244245ce4b988fe367c104.jpg#p00#7#4,1137_jpg.rf.f939636d56244245ce4b988fe367c104.jpg,0,7,4,0.983,0,det,det,det,V,035/98,S12,Omastar V,35/195,SIT,Silver Tempest,Rare Holo V,930.0
1137_jpg.rf.f939636d56244245ce4b988fe367c104.jpg#p00#3#5,1137_jpg.rf.f939636d56244245ce4b988fe367c104.jpg,0,3,5,0.986,0,det,det,det,V,071/172,120,Mawile VSTAR,71/195,SIT,Silver Tempest,Rare Holo VSTAR,930.0
1137_jpg.rf.f939636d56244245ce4b988fe367c104.jpg#p00#2#6,1137_jpg.rf.f939636d56244245ce4b988fe367c104.jpg,0,2,6,0.986,0,det,det,det,,038/187,SV8A,Lickitung,38/64,JU,Jungle,Uncommon,50.0
1137_jpg.rf.f939636d56244245ce4b988fe367c104.jpg#p00#4#7,1137_jpg.rf.f939636d56244245ce4b988fe367c104.jpg,0,4,7,0.986,0,det,det,det,X,136/187,SV8A,Zygarde-GX,136/131,FLI,Forbidden Light,Rare Rainbow,930.0
1137_jpg.rf.f939636d56244245ce4b988fe367c104.jpg#p00#6#8,1137_jpg.rf.f939636d56244245ce4b988fe367c104.jpg,0,6,8,0.984,0,det,det,det,,054/68,511,Brock's Pewter City Gym,54/68,HIF,Hidden Fates,Uncommon,75.0
1138_jpg.rf.fb9765501788ee105d022fb6ba1b1a44.jpg#p00#4#0,1138_jpg.rf.fb9765501788ee105d022fb6ba1b1a44.jpg,0,4,0,0.987,0,det,det,det,,007/108,SV3,Dustox,7/108,ROS,Roaring Skies,Uncommon,75.0
1138_jpg.rf.fb9765501788ee105d022fb6ba1b1a44.jpg#p00#3#1,1138_jpg.rf.fb9765501788ee105d022fb6ba1b1a44.jpg,0,3,1,0.987,0,det,det,det,,090/78,SV1S,Bouffalant,90/114,BLW,Black & White,Uncommon,50.0
1138_jpg.rf.fb9765501788ee105d022fb6ba1b1a44.jpg#p00#0#2,1138_jpg.rf.fb9765501788ee105d022fb6ba1b1a44.jpg,0,0,2,0.993,0,det,det,det,ex,105/187,5V80,Gardevoir-EX,105/160,PRC,Primal Clash,Rare Holo EX,1050.0
1138_jpg.rf.fb9765501788ee105d022fb6ba1b1a44.jpg#p00#8#3,1138_jpg.rf.fb9765501788ee105d022fb6ba1b1a44.jpg,0,8,3,0.982,0,det,det,det,,099/101,SV6,Genesect,BW99/101,BWP,BW Black Star Promos,Promo,75.0
1138_jpg.rf.fb9765501788ee105d022fb6ba1b1a44.jpg#p00#2#4,1138_jpg.rf.fb9765501788ee105d022fb6ba1b1a44.jpg,0,2,4,0.989,0,det,det,det,eX,046/187,SV8A,Golem-EX,46/83,GEN,Generations,Rare Holo EX,1050.0
1138_jpg.rf.fb9765501788ee105d022fb6ba1b1a44.jpg#p00#6#5,1138_jpg.rf.fb9765501788ee105d022fb6ba1b1a44.jpg,0,6,5,0.985,0,det,det,det,,098/172,S12,Wormadam,98/172,BRS,Brilliant Stars,Rare,75.0
1138_jpg.rf.fb9765501788ee105d022fb6ba1b1a44.jpg#p00#1#6,1138_jpg.rf.fb9765501788ee105d022fb6ba1b1a44.jpg,0,1,6,0.99,0,det,det,template,,005/100,,Dugtrio,5/100,CG,Crystal Guardians,Rare Holo,75.0
1138_jpg.rf.fb9765501788ee105d022fb6ba1b1a44.jpg#p00#5#7,1138_jpg.rf.fb9765501788ee105d022fb6ba1b1a44.jpg,0,5,7,0.986,0,det,det,det,,156/187,5V8A,Potion,156/165,EX,Expedition Base Set,Common,50.0
1138_jpg.rf.fb9765501788ee105d022fb6ba1b1a44.jpg#p00#7#8,1138_jpg.rf.fb9765501788ee105d022fb6ba1b1a44.jpg,0,7,8,0.983,0,det,det,det,,018/22,SMS,Skiddo,18/146,XY,XY,Common,50.0
1139_jpg.rf.518f40df1f6c3d9a4d6a935dc81892c1.jpg#p00#8#0,1139_jpg.rf.518f40df1f6c3d9a4d6a935dc81892c1.jpg,0,8,0,0.978,0,det,det,det,V,054/67,S9A,Gardevoir,54/98,AOR,Ancient Origins,Rare Holo,930.0
1139_jpg.rf.518f40df1f6c3d9a4d6a935dc81892c1.jpg#p00#0#1,1139_jpg.rf.518f40df1f6c3d9a4d6a935dc81892c1.jpg,0,0,1,0.99,0,det,det,det,,085/64,SV6A,Pecharunt ex,85/64,SFA,Shrouded Fable,Ultra Rare,75.0
1139_jpg.rf.518f40df1f6c3d9a4d6a935dc81892c1.jpg#p00#2#2,1139_jpg.rf.518f40df1f6c3d9a4d6a935dc81892c1.jpg,0,2,2,0.989,0,det,det,det,,109/190,5V40,Psychic Energy,109/114,BLW,Black & White,Common,50.0
1139_jpg.rf.518f40df1f6c3d9a4d6a935dc81892c1.jpg#p00#7#3,1139_jpg.rf.518f40df1f6c3d9a4d6a935dc81892c1.jpg,0,7,3,0.983,0,det,det,det,,018/108,5V3,Arcanine,18/108,EVO,Evolutions,Rare,75.0
1139_jpg.rf.518f40df1f6c3d9a4d6a935dc81892c1.jpg#p00#1#4,1139_jpg.rf.518f40df1f6c3d9a4d6a935dc81892c1.jpg,0,1,4,0.99,0,det,det,det,,217/187,SV8A,Team Rocket's Energy,217/217,ASC,Ascended Heroes,Uncommon,50.0
1139_jpg.rf.518f40df1f6c3d9a4d6a935dc81892c1.jpg#p00#5#5,1139_jpg.rf.518f40df1f6c3d9a4d6a935dc81892c1.jpg,0,5,5,0.985,0,det,det,det,,033/67,S10P,Dark Dragonair,33/82,RO,Team Rocket,Uncommon,50.0
1139_jpg.rf.518f40df1f6c3d9a4d6a935dc81892c1.jpg#p00#3#6,1139_jpg.rf.518f40df1f6c3d9a4d6a935dc81892c1.jpg,0,3,6,0.986,0,det,det,det,,092/100,59,Call Energy,92/100,MD,Majestic Dawn,Uncommon,75.0
1139_jpg.rf.518f40df1f6c3d9a4d6a935dc81892c1.jpg#p00#4#7,1139_jpg.rf.518f40df1f6c3d9a4d6a935dc81892c1.jpg,0,4,7,0.986,0,det,det,det,,066/73,,Suspicious Food Tin,66/73,CPA,Champion's Path,Uncommon,75.0
1139_jpg.rf.518f40df1f6c3d9a4d6a935dc81892c1.jpg#p00#6#8,1139_jpg.rf.518f40df1f6c3d9a4d6a935dc81892c1.jpg,0,6,8,0.984,0,det,det,det,,010/63,5V9,Ninjask,10/108,ROS,Roaring Skies,Uncommon,50.0
1140_jpg.rf.c6883088b109c22fdc15d635e4d63751.jpg#p00#6#0,1140_jpg.rf.c6883088b109c22fdc15d635e4d63751.jpg,0,6,0,0.985,0,det,det,det,,006/100,,Kabutops,6/100,MD,Majestic Dawn,Rare Holo,75.0
1140_jpg.rf.c6883088b109c22fdc15d635e4d63751.jpg#p00#1#1,1140_jpg.rf.c6883088b109c22fdc15d635e4d63751.jpg,0,1,1,0.99,0,det,det,det,,003/101,SV6,Oshawott,BW03/101,BWP,BW Black Star Promos,Promo,75.0
1140_jpg.rf.c6883088b109c22fdc15d635e4d63751.jpg#p00#0#2,1140_jpg.rf.c6883088b109c22fdc15d635e4d63751.jpg,0,0,2,0.99,0,det,det,det,,067/71,2D,Meowth,67/108,ROS,Roaring Skies,Common,50.0
1140_jpg.rf.c6883088b109c22fdc15d635e4d63751.jpg#p00#3#3,1140_jpg.rf.c6883088b109c22fdc15d635e4d63751.jpg,0,3,3,0.987,0,det,det,det,,067/100,5V9,Lotad,67/100,SS,Sandstorm,Common,75.0
1140_jpg.rf.c6883088b109c22fdc15d635e4d63751.jpg#p00#8#4,1140_jpg.rf.c6883088b109c22fdc15d635e4d63751.jpg,0,8,4,0.984,0,det,det,det,,042/71,S10G,Nidoqueen,42/116,PLF,Plasma Freeze,Rare,50.0
1140_jpg.rf.c6883088b109c22fdc15d635e4d63751.jpg#p00#5#5,1140_jpg.rf.c6883088b109c22fdc15d635e4d63751.jpg,0,5,5,0.985,0,det,det,det,,015/100,511,Drapion,15/100,SF,Stormfront,Rare,75.0
1140_jpg.rf.c6883088b109c22fdc15d635e4d63751.jpg#p00#2#6,1140_jpg.rf.c6883088b109c22fdc15d635e4d63751.jpg,0,2,6,0.988,0,det,det,det,,021/102,5V7,Electrode,21/102,BS,Base Set,Rare,75.0
1140_jpg.rf.c6883088b109c22fdc15d635e4d63751.jpg#p00#4#7,1140_jpg.rf.c6883088b109c22fdc15d635e4d63751.jpg,0,4,7,0.986,0,det,det,det,EX,020/66,5V4K,Greninja-EX,XY20/211,XYP,XY Black Star Promos,Promo,1050.0
1140_jpg.rf.c6883088b109c22fdc15d635e4d63751.jpg#p00#7#8,1140_jpg.rf.c6883088b109c22fdc15d635e4d63751.jpg,0,7,8,0.984,0,det,det,det,,023/67,59A,Staryu,23/99,NXD,Next Destinies,Common,50.0
1141_jpg.rf.7bcc52a21314db86392c40f1fc221e7a.jpg#p00#8#0,1141_jpg.rf.7bcc52a21314db86392c40f1fc221e7a.jpg,0,8,0,0.974,0,det,det,det,,187/190,5V4,Fighting Gong,187/217,ASC,Ascended Heroes,Uncommon,50.0
1141_jpg.rf.7bcc52a21314db86392c40f1fc221e7a.jpg#p00#0#1,1141_jpg.rf.7bcc52a21314db86392c40f1fc221e7a.jpg,0,0,1,0.993,0,det,det,det,,068/190,SV4,Squirtle,68/82,RO,Team Rocket,Common,50.0
1141_jpg.rf.7bcc52a21314db86392c40f1fc221e7a.jpg#p00#1#2,1141_jpg.rf.7bcc52a21314db86392c40f1fc221e7a.jpg,0,1,2,0.991,0,det,det,det,V,102/98,512,Vigoroth,102/124,DRX,Dragons Exalted,Uncommon,930.0
1141_jpg.rf.7bcc52a21314db86392c40f1fc221e7a.jpg#p00#7#3,1141_jpg.rf.7bcc52a21314db86392c40f1fc221e7a.jpg,0,7,3,0.98,0,det,det,det,,035/62,5V3A,Golduck,35/62,FO,Fossil,Uncommon,75.0
1141_jpg.rf.7bcc52a21314db86392c40f1fc221e7a.jpg#p00#6#4,1141_jpg.rf.7bcc52a21314db86392c40f1fc221e7a.jpg,0,6,4,0.983,0,det,det,det,,074/78,,Conkeldurr V,74/78,PGO,Pokémon GO,Rare Ultra,75.0
1141_jpg.rf.7bcc52a21314db86392c40f1fc221e7a.jpg#p00#4#5,1141_jpg.rf.7bcc52a21314db86392c40f1fc221e7a.jpg,0,4,5,0.985,0,det,det,det,,059/66,SV4K,Energy Search,59/62,FO,Fossil,Common,50.0
1141_jpg.rf.7bcc52a21314db86392c40f1fc221e7a.jpg#p00#3#6,1141_jpg.rf.7bcc52a21314db86392c40f1fc221e7a.jpg,0,3,6,0.985,0,det,det,det,,093/165,5V20,Haunter,93/165,MEW,151,Uncommon,75.0
1141_jpg.rf.7bcc52a21314db86392c40f1fc221e7a.jpg#p00#2#7,1141_jpg.rf.7bcc52a21314db86392c40f1fc221e7a.jpg,0,2,7,0.987,0,template,det,det,,050/71,SV2P,Gastly,50/102,BS,Base Set,Common,50.0
1141_jpg.rf.7bcc52a21314db86392c40f1fc221e7a.jpg#p00#5#8,1141_jpg.rf.7bcc52a21314db86392c40f1fc221e7a.jpg,0,5,8,0.985,0,det,det,det,STAR,087/67,590,Staryu,85/113,DS,Delta Species,Common,1015.0
1142_jpg.rf.1ae05b642cb01e728d26f28c2c034f06.jpg#p00#8#0,1142_jpg.rf.1ae05b642cb01e728d26f28c2c034f06.jpg,0,8,0,0.984,0,det,det,det,,080/101,SV6,Escavalier,80/101,NVI,Noble Victories,Rare,75.0
1142_jpg.rf.1ae05b642cb01e728d26f28c2c034f06.jpg#p00#1#1,1142_jpg.rf.1ae05b642cb01e728d26f28c2c034f06.jpg,0,1,1,0.989,0,det,det,det,,036/71,SY2P,Wobbuffet,36/119,PHF,Phantom Forces,Uncommon,50.0
1142_jpg.rf.1ae05b642cb01e728d26f28c2c034f06.jpg#p00#0#2,1142_jpg.rf.1ae05b642cb01e728d26f28c2c034f06.jpg,0,0,2,0.991,0,det,det,det,,078/100,,Shroomish,78/100,SS,Sandstorm,Common,75.0
1142_jpg.rf.1ae05b642cb01e728d26f28c2c034f06.jpg#p00#3#3,1142_jpg.rf.1ae05b642cb01e728d26f28c2c034f06.jpg,0,3,3,0.987,0,det,det,det,,108/165,5V2A,Lickitung,108/165,MEW,151,Common,75.0
1142_jpg.rf.1ae05b642cb01e728d26f28c2c034f06.jpg#p00#2#4,1142_jpg.rf.1ae05b642cb01e728d26f28c2c034f06.jpg,0,2,4,0.988,0,det,det,det,,057/98,512,Excadrill,57/98,EPO,Emerging Powers,Rare,75.0
1142_jpg.rf.1ae05b642cb01e728d26f28c2c034f06.jpg#p00#7#5,1142_jpg.rf.1ae05b642cb01e728d26f28c2c034f06.jpg,0,7,5,0.985,0,det,det,det,,014/98,512,Entei,14/98,AOR,Ancient Origins,Rare,75.0
1142_jpg.rf.1ae05b642cb01e728d26f28c2c034f06.jpg#p00#5#6,1142_jpg.rf.1ae05b642cb01e728d26f28c2c034f06.jpg,0,5,6,0.985,0,det,det,det,EX,027/64,SVA,M Slowbro-EX,27/108,EVO,Evolutions,Rare Holo EX,1050.0
1142_jpg.rf.1ae05b642cb01e728d26f28c2c034f06.jpg#p00#4#7,1142_jpg.rf.1ae05b642cb01e728d26f28c2c034f06.jpg,0,4,7,0.986,0,det,det,det,,017/190,SV4A,Articuno,17/62,FO,Fossil,Rare,50.0
1142_jpg.rf.1ae05b642cb01e728d26f28c2c034f06.jpg#p00#6#8,1142_jpg.rf.1ae05b642cb01e728d26f28c2c034f06.jpg,0,6,8,0.985,0,det,det,template,,065/100,,Magikarp,65/100,SF,Stormfront,Common,75.0
1143_jpg.rf.63770e01e810d981d427f54d0c9de98e.jpg#p00#2#0,1143_jpg.rf.63770e01e810d981d427f54d0c9de98e.jpg,0,2,0,0.987,0,det,det,det,,055/100,5V9,Lotad,55/100,CG,Crystal Guardians,Common,75.0
1143_jpg.rf.63770e01e810d981d427f54d0c9de98e.jpg#p00#1#1,1143_jpg.rf.63770e01e810d981d427f54d0c9de98e.jpg,0,1,1,0.989,0,det,det,det,,166/172,S12D,Arceus V,166/172,BRS,Brilliant Stars,Rare Ultra,75.0
1143_jpg.rf.63770e01e810d981d427f54d0c9de98e.jpg#p00#0#2,1143_jpg.rf.63770e01e810d981d427f54d0c9de98e.jpg,0,0,2,0.993,0,det,det,det,EX,099/71,LSVSK,Walrein ex,99/108,PK,Power Keepers,Rare Holo EX,1050.0
1143_jpg.rf.63770e01e810d981d427f54d0c9de98e.jpg#p00#7#3,1143_jpg.rf.63770e01e810d981d427f54d0c9de98e.jpg,0,7,3,0.985,0,det,det,det,,023/187,SV8A,Staryu,23/99,NXD,Next Destinies,Common,50.0
1143_jpg.rf.63770e01e810d981d427f54d0c9de98e.jpg#p00#8#4,1143_jpg.rf.63770e01e810d981d427f54d0c9de98e.jpg,0,8,4,0.984,0,det,det,det,,119/165,SV20,Mareep,119/165,EX,Expedition Base Set,Common,75.0
1143_jpg.rf.63770e01e810d981d427f54d0c9de98e.jpg#p00#3#5,1143_jpg.rf.63770e01e810d981d427f54d0c9de98e.jpg,0,3,5,0.986,0,det,det,det,V,102/172,S12A,Revive,102/114,BLW,Black & White,Uncommon,930.0
1143_jpg.rf.63770e01e810d981d427f54d0c9de98e.jpg#p00#5#6,1143_jpg.rf.63770e01e810d981d427f54d0c9de98e.jpg,0,5,6,0.985,0,det,det,det,,046/62,Y3,Ekans,46/62,FO,Fossil,Common,75.0
1143_jpg.rf.63770e01e810d981d427f54d0c9de98e.jpg#p00#4#7,1143_jpg.rf.63770e01e810d981d427f54d0c9de98e.jpg,0,4,7,0.986,0,det,det,det,,010/190,5V4D,Ninjask,10/108,ROS,Roaring Skies,Uncommon,50.0
1143_jpg.rf.63770e01e810d981d427f54d0c9de98e.jpg#p00#6#8,1143_jpg.rf.63770e01e810d981d427f54d0c9de98e.jpg,0,6,8,0.985,0,det,det,det,,061/190,SY4D,Recycle,61/62,FO,Fossil,Common,50.0
1144_jpg.rf.75086a19d9d30da439e4621a1ed63076.jpg#p00#8#0,1144_jpg.rf.75086a19d9d30da439e4621a1ed63076.jpg,0,8,0,0.98,0,det,det,det,,028/73,SVLA,Pikachu,28/73,SLG,Shining Legends,Common,75.0
1144_jpg.rf.75086a19d9d30da439e4621a1ed63076.jpg#p00#0#1,1144_jpg.rf.75086a19d9d30da439e4621a1ed63076.jpg,0,0,1,0.993,0,det,det,det,,075/71,SV2P,Inkay,75/146,XY,XY,Common,50.0
1144_jpg.rf.75086a19d9d30da439e4621a1ed63076.jpg#p00#1#2,1144_jpg.rf.75086a19d9d30da439e4621a1ed63076.jpg,0,1,2,0.992,0,det,det,det,EX,092/71,5V2D,Ho-Oh-EX,92/122,BKP,BREAKpoint,Rare Holo EX,1050.0
1144_jpg.rf.75086a19d9d30da439e4621a1ed63076.jpg#p00#5#3,1144_jpg.rf.75086a19d9d30da439e4621a1ed63076.jpg,0,5,3,0.985,0,det,det,det,EX,019/62,5V3,Trevenant-EX,19/160,PRC,Primal Clash,Rare Holo EX,1050.0
1144_jpg.rf.75086a19d9d30da439e4621a1ed63076.jpg#p00#7#4,1144_jpg.rf.75086a19d9d30da439e4621a1ed63076.jpg,0,7,4,0.984,0,det,det,det,,030/102,,Sharpedo,30/102,TM,Triumphant,Rare,75.0
1144_jpg.rf.75086a19d9d30da439e4621a1ed63076.jpg#p00#2#5,1144_jpg.rf.75086a19d9d30da439e4621a1ed63076.jpg,0,2,5,0.989,0,det,det,det,V,229/172,5120,Urn of Vitality,229/198,CRE,Chilling Reign,Rare Secret,930.0
1144_jpg.rf.75086a19d9d30da439e4621a1ed63076.jpg#p00#6#6,1144_jpg.rf.75086a19d9d30da439e4621a1ed63076.jpg,0,6,6,0.984,0,det,det,det,,010/66,5V5A,Ninjask,10/108,ROS,Roaring Skies,Uncommon,50.0
1144_jpg.rf.75086a19d9d30da439e4621a1ed63076.jpg#p00#3#7,1144_jpg.rf.75086a19d9d30da439e4621a1ed63076.jpg,0,3,7,0.986,0,det,det,det,,012/68,S11D,Slowpoke,12/68,HIF,Hidden Fates,Common,75.0
1144_jpg.rf.75086a19d9d30da439e4621a1ed63076.jpg#p00#4#8,1144_jpg.rf.75086a19d9d30da439e4621a1ed63076.jpg,0,4,8,0.985,0,det,det,det,,054/67,STOP,Mightyena,54/119,PHF,Phantom Forces,Rare,50.0
1145_jpg.rf.1cb2c88399edade01289349b94c51a9f.jpg#p00#2#0,1145_jpg.rf.1cb2c88399edade01289349b94c51a9f.jpg,0,2,0,0.987,0,det,det,det,,028/66,SV4M,Combusken,28/109,RS,Ruby & Sapphire,Uncommon,50.0
1145_jpg.rf.1cb2c88399edade01289349b94c51a9f.jpg#p00#0#1,1145_jpg.rf.1cb2c88399edade01289349b94c51a9f.jpg,0,0,1,0.99,0,det,det,det,V,128/172,12,Drampa V,128/172,BRS,Brilliant Stars,Rare Holo V,955.0
1145_jpg.rf.1cb2c88399edade01289349b94c51a9f.jpg#p00#1#2,1145_jpg.rf.1cb2c88399edade01289349b94c51a9f.jpg,0,1,2,0.987,0,det,det,det,,019/66,5V5A,Wigglytuff,19/130,B2,Base Set 2,Rare Holo,50.0
1145_jpg.rf.1cb2c88399edade01289349b94c51a9f.jpg#p00#8#3,1145_jpg.rf.1cb2c88399edade01289349b94c51a9f.jpg,0,8,3,0.982,0,det,det,det,,140/108,,Fairy Energy,140/146,XY,XY,Common,50.0
1145_jpg.rf.1cb2c88399edade01289349b94c51a9f.jpg#p00#6#4,1145_jpg.rf.1cb2c88399edade01289349b94c51a9f.jpg,0,6,4,0.984,0,det,det,det,,036/67,59A,Wobbuffet,36/119,PHF,Phantom Forces,Uncommon,50.0
1145_jpg.rf.1cb2c88399edade01289349b94c51a9f.jpg#p00#4#5,1145_jpg.rf.1cb2c88399edade01289349b94c51a9f.jpg,0,4,5,0.986,0,det,det,det,V,079/71,S10M,M Gardevoir-EX,79/114,STS,Steam Siege,Rare Holo EX,930.0
1145_jpg.rf.1cb2c88399edade01289349b94c51a9f.jpg#p00#7#6,1145_jpg.rf.1cb2c88399edade01289349b94c51a9f.jpg,0,7,6,0.982,0,det,det,det,ex,006/165,SV2A,Charizard ex,6/165,MEW,151,Double Rare,1075.0
1145_jpg.rf.1cb2c88399edade01289349b94c51a9f.jpg#p00#3#7,1145_jpg.rf.1cb2c88399edade01289349b94c51a9f.jpg,0,3,7,0.986,0,det,det,det,,051/100,5V9,Aipom,51/100,MD,Majestic Dawn,Common,75.0
1145_jpg.rf.1cb2c88399edade01289349b94c51a9f.jpg#p00#5#8,1145_jpg.rf.1cb2c88399edade01289349b94c51a9f.jpg,0,5,8,0.985,0,det,det,det,,033/98,10,Claydol,33/98,AOR,Ancient Origins,Rare,75.0
1146_jpg.rf.7b2b981308573df04db281c36424d102.jpg#p00#3#0,1146_jpg.rf.7b2b981308573df04db281c36424d102.jpg,0,3,0,0.988,0,det,det,det,,043/64,V7,Primeape,43/64,JU,Jungle,Uncommon,75.0
1146_jpg.rf.7b2b981308573df04db281c36424d102.jpg#p00#1#1,1146_jpg.rf.7b2b981308573df04db281c36424d102.jpg,0,1,1,0.992,0,det,det,det,,145/187,SV8A,Pokémon Nurse,145/165,EX,Expedition Base Set,Uncommon,50.0
1146_jpg.rf.7b2b981308573df04db281c36424d102.jpg#p00#0#2,1146_jpg.rf.7b2b981308573df04db281c36424d102.jpg,0,0,2,0.994,0,det,det,det,VMAX,054/172,S120,Zeraora VMAX,54/159,CRZ,Crown Zenith,Rare Holo VMAX,1050.0
1146_jpg.rf.7b2b981308573df04db281c36424d102.jpg#p00#2#3,1146_jpg.rf.7b2b981308573df04db281c36424d102.jpg,0,2,3,0.989,0,det,det,det,,025/64,5V60,Bloodmoon Ursaluna,25/64,SFA,Shrouded Fable,Rare,75.0
1146_jpg.rf.7b2b981308573df04db281c36424d102.jpg#p00#6#4,1146_jpg.rf.7b2b981308573df04db281c36424d102.jpg,0,6,4,0.985,0,det,det,det,,153/187,5V8A,Rocky Helmet,153/149,BCR,Boundaries Crossed,Rare Secret,50.0
1146_jpg.rf.7b2b981308573df04db281c36424d102.jpg#p00#7#5,1146_jpg.rf.7b2b981308573df04db281c36424d102.jpg,0,7,5,0.984,0,det,det,det,,043/64,5V6A,Primeape,43/64,JU,Jungle,Uncommon,75.0
1146_jpg.rf.7b2b981308573df04db281c36424d102.jpg#p00#8#6,1146_jpg.rf.7b2b981308573df04db281c36424d102.jpg,0,8,6,0.984,0,det,det,det,,206/190,5V40,Switch,206/165,MEW,151,Hyper Rare,50.0
1146_jpg.rf.7b2b981308573df04db281c36424d102.jpg#p00#4#7,1146_jpg.rf.7b2b981308573df04db281c36424d102.jpg,0,4,7,0.986,0,det,det,det,,008/100,59,Manectric,8/100,CG,Crystal Guardians,Rare Holo,75.0
1146_jpg.rf.7b2b981308573df04db281c36424d102.jpg#p00#5#8,1146_jpg.rf.7b2b981308573df04db281c36424d102.jpg,0,5,8,0.985,0,det,det,det,EX,096/78,MS,Tornadus-EX,BW96/101,BWP,BW Black Star Promos,Promo,1050.0
1147_jpg.rf.ad60f6eff2b0b4482a41598710bd3c94.jpg#p00#8#0,1147_jpg.rf.ad60f6eff2b0b4482a41598710bd3c94.jpg,0,8,0,0.98,0,det,det,det,,039/78,SMV,Solrock,39/78,PGO,Pokémon GO,Uncommon,75.0
1147_jpg.rf.ad60f6eff2b0b4482a41598710bd3c94.jpg#p00#1#1,1147_jpg.rf.ad60f6eff2b0b4482a41598710bd3c94.jpg,0,1,1,0.988,0,det,det,det,,046/78,SVIV,Melmetal,46/78,PGO,Pokémon GO,Rare Holo,75.0
1147_jpg.rf.ad60f6eff2b0b4482a41598710bd3c94.jpg#p00#0#2,1147_jpg.rf.ad60f6eff2b0b4482a41598710bd3c94.jpg,0,0,2,0.992,0,det,det,det,,059/66,SV5A,Energy Search,59/62,FO,Fossil,Common,50.0
1147_jpg.rf.ad60f6eff2b0b4482a41598710bd3c94.jpg#p00#6#3,1147_jpg.rf.ad60f6eff2b0b4482a41598710bd3c94.jpg,0,6,3,0.982,0,det,det,det,,001/106,5V8,Caterpie,1/106,FLF,Flashfire,Common,75.0
1147_jpg.rf.ad60f6eff2b0b4482a41598710bd3c94.jpg#p00#3#4,1147_jpg.rf.ad60f6eff2b0b4482a41598710bd3c94.jpg,0,3,4,0.985,0,det,det,det,,094/71,SV5SK,Swirlix,94/146,XY,XY,Common,50.0
1147_jpg.rf.ad60f6eff2b0b4482a41598710bd3c94.jpg#p00#5#5,1147_jpg.rf.ad60f6eff2b0b4482a41598710bd3c94.jpg,0,5,5,0.984,0,det,det,det,,083/108,,Eevee,83/108,DEX,Dark Explorers,Common,75.0
1147_jpg.rf.ad60f6eff2b0b4482a41598710bd3c94.jpg#p00#2#6,1147_jpg.rf.ad60f6eff2b0b4482a41598710bd3c94.jpg,0,2,6,0.986,0,det,det,det,,042/64,5V6A,Chinchou,42/64,N3,Neo Revelation,Common,75.0
1147_jpg.rf.ad60f6eff2b0b4482a41598710bd3c94.jpg#p00#4#7,1147_jpg.rf.ad60f6eff2b0b4482a41598710bd3c94.jpg,0,4,7,0.985,0,det,det,det,,061/102,,Rattata,61/102,BS,Base Set,Common,75.0
1147_jpg.rf.ad60f6eff2b0b4482a41598710bd3c94.jpg#p00#7#8,1147_jpg.rf.ad60f6eff2b0b4482a41598710bd3c94.jpg,0,7,8,0.982,0,det,det,det,,088/108,,Stoutland,88/108,DEX,Dark Explorers,Rare,75.0
1148_jpg.rf.bf24bc681aac58ae0d552475744d23d4.jpg#p00#7#0,1148_jpg.rf.bf24bc681aac58ae0d552475744d23d4.jpg,0,7,0,0.984,0,det,det,det,,068/71,Y5K,Squirtle,68/82,RO,Team Rocket,Common,50.0
1148_jpg.rf.bf24bc681aac58ae0d552475744d23d4.jpg#p00#1#1,1148_jpg.rf.bf24bc681aac58ae0d552475744d23d4.jpg,0,1,1,0.991,0,det,det,det,,093/100,59,Darkness Energy,93/100,MD,Majestic Dawn,Uncommon,75.0
1148_jpg.rf.bf24bc681aac58ae0d552475744d23d4.jpg#p00#0#2,1148_jpg.rf.bf24bc681aac58ae0d552475744d23d4.jpg,0,0,2,0.992,0,det,det,det,,208/172,12,Team Rocket's Proton,208/217,ASC,Ascended Heroes,Uncommon,50.0
1148_jpg.rf.bf24bc681aac58ae0d552475744d23d4.jpg#p00#5#3,1148_jpg.rf.bf24bc681aac58ae0d552475744d23d4.jpg,0,5,3,0.985,0,det,det,det,,010/22,SVLN,Ninjask,10/108,ROS,Roaring Skies,Uncommon,50.0
1148_jpg.rf.bf24bc681aac58ae0d552475744d23d4.jpg#p00#4#4,1148_jpg.rf.bf24bc681aac58ae0d552475744d23d4.jpg,0,4,4,0.986,0,det,det,template,V,072/100,,Sylveon,72/111,FFI,Furious Fists,Rare,930.0
1148_jpg.rf.bf24bc681aac58ae0d552475744d23d4.jpg#p00#6#5,1148_jpg.rf.bf24bc681aac58ae0d552475744d23d4.jpg,0,6,5,0.984,0,det,det,det,,031/68,511D,Mewtwo-GX,31/68,HIF,Hidden Fates,Rare Holo GX,75.0
1148_jpg.rf.bf24bc681aac58ae0d552475744d23d4.jpg#p00#8#6,1148_jpg.rf.bf24bc681aac58ae0d552475744d23d4.jpg,0,8,6,0.984,0,det,det,det,VSTAR,111/172,512,Starly,110/159,CRZ,Crown Zenith,Common,742.272705078125
1148_jpg.rf.bf24bc681aac58ae0d552475744d23d4.jpg#p00#2#7,1148_jpg.rf.bf24bc681aac58ae0d552475744d23d4.jpg,0,2,7,0.986,0,det,det,det,,031/71,SY2P,Shellder,31/146,XY,XY,Common,50.0
1148_jpg.rf.bf24bc681aac58ae0d552475744d23d4.jpg#p00#3#8,1148_jpg.rf.bf24bc681aac58ae0d552475744d23d4.jpg,0,3,8,0.986,0,det,det,det,N,028/100,5V9,N,BW100/101,BWP,BW Black Star Promos,Promo,1040.0
1149_jpg.rf.1ee6f180c98e4a6a77f3174dd26a6efb.jpg#p00#8#0,1149_jpg.rf.1ee6f180c98e4a6a77f3174dd26a6efb.jpg,0,8,0,0.982,0,det,det,det,,240/190,SV4,Hitmontop,240/217,ASC,Ascended Heroes,Illustration Rare,50.0
1149_jpg.rf.1ee6f180c98e4a6a77f3174dd26a6efb.jpg#p00#5#1,1149_jpg.rf.1ee6f180c98e4a6a77f3174dd26a6efb.jpg,0,5,1,0.984,0,det,det,det,,071/66,SV4K,Onix,71/168,CES,Celestial Storm,Common,50.0
1149_jpg.rf.1ee6f180c98e4a6a77f3174dd26a6efb.jpg#p00#0#2,1149_jpg.rf.1ee6f180c98e4a6a77f3174dd26a6efb.jpg,0,0,2,0.991,0,det,det,det,ex,115/190,5V40,M Gyarados-EX,115/122,BKP,BREAKpoint,Rare Ultra,1050.0
1149_jpg.rf.1ee6f180c98e4a6a77f3174dd26a6efb.jpg#p00#7#3,1149_jpg.rf.1ee6f180c98e4a6a77f3174dd26a6efb.jpg,0,7,3,0.982,0,det,det,det,,040/71,SV5K,Omastar,40/62,FO,Fossil,Uncommon,50.0
1149_jpg.rf.1ee6f180c98e4a6a77f3174dd26a6efb.jpg#p00#3#4,1149_jpg.rf.1ee6f180c98e4a6a77f3174dd26a6efb.jpg,0,3,4,0.985,0,det,det,det,,066/62,Y3A,Rattata,66/82,RO,Team Rocket,Common,50.0
1149_jpg.rf.1ee6f180c98e4a6a77f3174dd26a6efb.jpg#p00#6#5,1149_jpg.rf.1ee6f180c98e4a6a77f3174dd26a6efb.jpg,0,6,5,0.983,0,det,det,det,,092/98,512,M Tyranitar-EX,92/98,AOR,Ancient Origins,Rare Ultra,75.0
1149_jpg.rf.1ee6f180c98e4a6a77f3174dd26a6efb.jpg#p00#2#6,1149_jpg.rf.1ee6f180c98e4a6a77f3174dd26a6efb.jpg,0,2,6,0.985,0,det,det,det,,167/165,SV2A,Ivysaur,167/165,MEW,151,Illustration Rare,75.0
1149_jpg.rf.1ee6f180c98e4a6a77f3174dd26a6efb.jpg#p00#1#7,1149_jpg.rf.1ee6f180c98e4a6a77f3174dd26a6efb.jpg,0,1,7,0.987,0,det,det,det,,107/190,SV4A,Tierno,107/119,PHF,Phantom Forces,Uncommon,50.0
1149_jpg.rf.1ee6f180c98e4a6a77f3174dd26a6efb.jpg#p00#4#8,1149_jpg.rf.1ee6f180c98e4a6a77f3174dd26a6efb.jpg,0,4,8,0.984,0,det,det,det,,074/165,SV2A,Croconaw,74/165,EX,Expedition Base Set,Uncommon,75.0
1150_jpg.rf.3f1b0441340aafde3d7be2fc4fe5bf31.jpg#p00#8#0,1150_jpg.rf.3f1b0441340aafde3d7be2fc4fe5bf31.jpg,0,8,0,0.978,0,det,det,det,X,090/73,SVLD,Tornadus-EX,90/108,DEX,Dark Explorers,Rare Holo EX,930.0
1150_jpg.rf.3f1b0441340aafde3d7be2fc4fe5bf31.jpg#p00#1#1,1150_jpg.rf.3f1b0441340aafde3d7be2fc4fe5bf31.jpg,0,1,1,0.992,0,det,det,det,,106/165,,Hitmonlee,106/165,MEW,151,Uncommon,75.0
1150_jpg.rf.3f1b0441340aafde3d7be2fc4fe5bf31.jpg#p00#0#2,1150_jpg.rf.3f1b0441340aafde3d7be2fc4fe5bf31.jpg,0,0,2,0.992,0,det,det,det,,204/187,5V8A,Team Rocket's Giovanni,204/217,ASC,Ascended Heroes,Uncommon,50.0
1150_jpg.rf.3f1b0441340aafde3d7be2fc4fe5bf31.jpg#p00#3#3,1150_jpg.rf.3f1b0441340aafde3d7be2fc4fe5bf31.jpg,0,3,3,0.986,0,det,det,det,,166/187,5V8A,Delcatty,166/217,ASC,Ascended Heroes,Uncommon,50.0
1150_jpg.rf.3f1b0441340aafde3d7be2fc4fe5bf31.jpg#p00#4#4,1150_jpg.rf.3f1b0441340aafde3d7be2fc4fe5bf31.jpg,0,4,4,0.986,0,det,det,det,,169/190,5V40,Larry's Staravia,169/217,ASC,Ascended Heroes,Uncommon,50.0
1150_jpg.rf.3f1b0441340aafde3d7be2fc4fe5bf31.jpg#p00#7#5,1150_jpg.rf.3f1b0441340aafde3d7be2fc4fe5bf31.jpg,0,7,5,0.983,0,det,det,det,,024/100,59,Marshtomp,24/100,CG,Crystal Guardians,Rare,75.0
1150_jpg.rf.3f1b0441340aafde3d7be2fc4fe5bf31.jpg#p00#2#6,1150_jpg.rf.3f1b0441340aafde3d7be2fc4fe5bf31.jpg,0,2,6,0.987,0,det,det,det,,054/71,SY5K,Mightyena,54/119,PHF,Phantom Forces,Rare,50.0
1150_jpg.rf.3f1b0441340aafde3d7be2fc4fe5bf31.jpg#p00#5#7,1150_jpg.rf.3f1b0441340aafde3d7be2fc4fe5bf31.jpg,0,5,7,0.986,0,det,det,det,,100/190,5V4G,Potion,100/114,BLW,Black & White,Common,50.0
1150_jpg.rf.3f1b0441340aafde3d7be2fc4fe5bf31.jpg#p00#6#8,1150_jpg.rf.3f1b0441340aafde3d7be2fc4fe5bf31.jpg,0,6,8,0.984,0,det,det,det,,228/190,5V4A,Weavile,228/217,ASC,Ascended Heroes,Illustration Rare,50.0
2001_jpg.rf.c8025c26a9331f2460cd97d43d7aafcc.jpg#p00#5#0,2001_jpg.rf.c8025c26a9331f2460cd97d43d7aafcc.jpg,0,5,0,0.982,0,det,det,template,Ho-Oh GX,021/147,,Ho-Oh-GX,21/147,BUS,Burning Shadows,Rare Holo GX,1115.0
2001_jpg.rf.c8025c26a9331f2460cd97d43d7aafcc.jpg#p00#3#1,2001_jpg.rf.c8025c26a9331f2460cd97d43d7aafcc.jpg,0,3,1,0.982,0,det,det,det,Hydrapple,188/182,,Hydrapple,188/182,DRI,Destined Rivals,Illustration Rare,1115.0
2001_jpg.rf.c8025c26a9331f2460cd97d43d7aafcc.jpg#p00#8#2,2001_jpg.rf.c8025c26a9331f2460cd97d43d7aafcc.jpg,0,8,2,0.977,180,det,det,template,,,,Alakazam,1/130,B2,Base Set 2,Rare Holo,0.0
2001_jpg.rf.c8025c26a9331f2460cd97d43d7aafcc.jpg#p00#4#3,2001_jpg.rf.c8025c26a9331f2460cd97d43d7aafcc.jpg,0,4,3,0.982,0,det,det,template,Estádio de Turffield,170/192,,Turffield Stadium,170/192,RCL,Rebel Clash,Uncommon,604.4117431640625
2001_jpg.rf.c8025c26a9331f2460cd97d43d7aafcc.jpg#p00#2#4,2001_jpg.rf.c8025c26a9331f2460cd97d43d7aafcc.jpg,0,2,4,0.983,0,det,det,det,Hypno,017/64,,Hypno,17/64,SFA,Shrouded Fable,Uncommon,1115.0
2001_jpg.rf.c8025c26a9331f2460cd97d43d7aafcc.jpg#p00#7#5,2001_jpg.rf.c8025c26a9331f2460cd97d43d7aafcc.jpg,0,7,5,0.981,180,det,det,template,,,,Alakazam,1/130,B2,Base Set 2,Rare Holo,0.0
2001_jpg.rf.c8025c26a9331f2460cd97d43d7aafcc.jpg#p00#1#6,2001_jpg.rf.c8025c26a9331f2460cd97d43d7aafcc.jpg,0,1,6,0.984,0,det,det,template,Sliggoo,095/145,,Sliggoo,95/145,GRI,Guardians Rising,Uncommon,1115.0
2001_jpg.rf.c8025c26a9331f2460cd97d43d7aafcc.jpg#p00#6#7,2001_jpg.rf.c8025c26a9331f2460cd97d43d7aafcc.jpg,0,6,7,0.982,0,det,det,template,GenesectGX,224/214,,Genesect-GX,224/214,LOT,Lost Thunder,Rare Rainbow,1115.0
2001_jpg.rf.c8025c26a9331f2460cd97d43d7aafcc.jpg#p00#0#8,2001_jpg.rf.c8025c26a9331f2460cd97d43d7aafcc.jpg,0,0,8,0.984,0,det,det,det,Croagunk,114/193,213,Croagunk,114/193,PAL,Paldea Evolved,Common,1115.0
2002_jpg.rf.0202c558a4cde7fe7c680843457d9d9b.jpg#p00#2#0,2002_jpg.rf.0202c558a4cde7fe7c680843457d9d9b.jpg,0,2,0,0.987,0,template,template,template,MERGIA,,,Erika,100/132,G1,Gym Heroes,Rare,727.272705078125
2002_jpg.rf.0202c558a4cde7fe7c680843457d9d9b.jpg#p00#1#1,2002_jpg.rf.0202c558a4cde7fe7c680843457d9d9b.jpg,0,1,1,0.989,0,det,det,template,Medicham,098/192,,Medicham,98/192,RCL,Rebel Clash,Uncommon,1115.0
2002_jpg.rf.0202c558a4cde7fe7c680843457d9d9b.jpg#p00#4#2,2002_jpg.rf.0202c558a4cde7fe7c680843457d9d9b.jpg,0,4,2,0.986,0,det,det,det,Aromatisse,039/713,PREN,Aromatisse,39/131,PRE,Prismatic Evolutions,Common,1090.0
2002_jpg.rf.0202c558a4cde7fe7c680843457d9d9b.jpg#p00#0#3,2002_jpg.rf.0202c558a4cde7fe7c680843457d9d9b.jpg,0,0,3,0.99,0,det,det,template,Tangela,005/236,,Tangela,5/236,CEC,Cosmic Eclipse,Common,1115.0
2002_jpg.rf.0202c558a4cde7fe7c680843457d9d9b.jpg#p00#3#4,2002_jpg.rf.0202c558a4cde7fe7c680843457d9d9b.jpg,0,3,4,0.986,0,det,det,template,Estádio de Turffield,170/192,,Turffield Stadium,170/192,RCL,Rebel Clash,Uncommon,604.4117431640625
2002_jpg.rf.0202c558a4cde7fe7c680843457d9d9b.jpg#p00#5#5,2002_jpg.rf.0202c558a4cde7fe7c680843457d9d9b.jpg,0,5,5,0.985,0,det,det,det,Quilava do Ethan,,,Ethan's Quilava,33/182,DRI,Destined Rivals,Common,1000.0
2003_jpg.rf.d6490e6290ecdddf65cc4e24899c6456.jpg#p00#2#0,2003_jpg.rf.d6490e6290ecdddf65cc4e24899c6456.jpg,0,2,0,0.976,0,det,det,template,Braixen,012/124,,Braixen,12/124,FCO,Fates Collide,Uncommon,1115.0
2003_jpg.rf.d6490e6290ecdddf65cc4e24899c6456.jpg#p00#1#1,2003_jpg.rf.d6490e6290ecdddf65cc4e24899c6456.jpg,0,1,1,0.979,0,det,det,template,SableyeV,120/202,,Sableye V,120/202,SSH,Sword & Shield,Rare Holo V,1115.0
2003_jpg.rf.d6490e6290ecdddf65cc4e24899c6456.jpg#p00#0#2,2003_jpg.rf.d6490e6290ecdddf65cc4e24899c6456.jpg,0,0,2,0.984,0,det,det,template,Hydreigon,062/111,,Hydreigon,62/111,CIN,Crimson Invasion,Rare,1115.0
2003_jpg.rf.d6490e6290ecdddf65cc4e24899c6456.jpg#p00#3#3,2003_jpg.rf.d6490e6290ecdddf65cc4e24899c6456.jpg,0,3,3,0.974,0,det,det,det,Bellibolt da Kisser,183/159,UON,Iono's Bellibolt ex,183/159,JTG,Journey Together,Special Illustration Rare,681.0606079101562
2004_jpg.rf.d8c8459592321cf15f7764c17c6a2e67.jpg#p00#4#0,2004_jpg.rf.d8c8459592321cf15f7764c17c6a2e67.jpg,0,4,0,0.985,0,det,det,template,MewtwoVASiko,031/78,,Mewtwo V,30/78,PGO,Pokémon GO,Rare Holo V,920.0
2004_jpg.rf.d8c8459592321cf15f7764c17c6a2e67.jpg#p00#2#1,2004_jpg.rf.d8c8459592321cf15f7764c17c6a2e67.jpg,0,2,1,0.985,0,det,det,template,DuraludonVAX,020/3,,Duraludon VMAX,TG21/30,SIT,Silver Tempest,Rare Holo VMAX,1015.0
2004_jpg.rf.d8c8459592321cf15f7764c17c6a2e67.jpg#p00#6#2,2004_jpg.rf.d8c8459592321cf15f7764c17c6a2e67.jpg,0,6,2,0.985,0,det,det,template,Bronzor,101/163,,Bronzor,101/163,BST,Battle Styles,Common,1115.0
2004_jpg.rf.d8c8459592321cf15f7764c17c6a2e67.jpg#p00#7#3,2004_jpg.rf.d8c8459592321cf15f7764c17c6a2e67.jpg,0,7,3,0.984,0,det,det,template,Victini,026/236,,Victini,26/236,UNM,Unified Minds,Rare Holo,1115.0
2004_jpg.rf.d8c8459592321cf15f7764c17c6a2e67.jpg#p00#5#4,2004_jpg.rf.d8c8459592321cf15f7764c17c6a2e67.jpg,0,5,4,0.985,0,det,det,template,Staryu,301/108,,Staryu,30/108,EVO,Evolutions,Common,1065.0
2004_jpg.rf.d8c8459592321cf15f7764c17c6a2e67.jpg#p00#1#5,2004_jpg.rf.d8c8459592321cf15f7764c17c6a2e67.jpg,0,1,5,0.988,0,det,det,template,Zangoose,132/181,,Zangoose,132/181,TEU,Team Up,Rare Holo,1115.0
2004_jpg.rf.d8c8459592321cf15f7764c17c6a2e67.jpg#p00#8#6,2004_jpg.rf.d8c8459592321cf15f7764c17c6a2e67.jpg,0,8,6,0.982,0,det,det,template,Shiinotic,017/19,,Shiinotic,17/149,SUM,Sun & Moon,Rare Holo,1090.0
2004_jpg.rf.d8c8459592321cf15f7764c17c6a2e67.jpg#p00#3#7,2004_jpg.rf.d8c8459592321cf15f7764c17c6a2e67.jpg,0,3,7,0.985,0,det,det,det,Cofagrigus,040/86,WIN,Cofagrigus,40/86,WHT,White Flare,Rare,1115.0
2004_jpg.rf.d8c8459592321cf15f7764c17c6a2e67.jpg#p00#0#8,2004_jpg.rf.d8c8459592321cf15f7764c17c6a2e67.jpg,0,0,8,0.991,0,det,det,template,Doce Raro,129/149,,Drakloak,129/167,TWM,Twilight Masquerade,Common,550.0
2005_jpg.rf.d12a5d56bd2c499c51962ee5edceb46f.jpg#p00#1#0,2005_jpg.rf.d12a5d56bd2c499c51962ee5edceb46f.jpg,0,1,0,0.976,180,det,det,det,Gumshoos,,,Gumshoos,110/132,MEG,Mega Evolution,Uncommon,1040.0
2005_jpg.rf.d12a5d56bd2c499c51962ee5edceb46f.jpg#p00#3#1,2005_jpg.rf.d12a5d56bd2c499c51962ee5edceb46f.jpg,0,3,1,0.972,0,det,det,template,Clara Petra,,,Clamperl,51/92,LM,Legend Maker,Common,666.6666870117188
2005_jpg.rf.d12a5d56bd2c499c51962ee5edceb46f.jpg#p00#2#2,2005_jpg.rf.d12a5d56bd2c499c51962ee5edceb46f.jpg,0,2,2,0.976,180,det,det,det,Drita,229/167,,Erika,16/132,G1,Gym Heroes,Rare Holo,900.0
2005_jpg.rf.d12a5d56bd2c499c51962ee5edceb46f.jpg#p00#5#3,2005_jpg.rf.d12a5d56bd2c499c51962ee5edceb46f.jpg,0,5,3,0.966,180,det,det,template,Eevee e Snorlax,,,Eevee,56/95,CL,Call of Legends,Common,1000.0
2005_jpg.rf.d12a5d56bd2c499c51962ee5edceb46f.jpg#p00#6#4,2005_jpg.rf.d12a5d56bd2c499c51962ee5edceb46f.jpg,0,6,4,0.952,180,det,det,det,Mega Dragalge eX,,CE,Mega Audino ex,172/217,ASC,Ascended Heroes,Double Rare,1000.0
2005_jpg.rf.d12a5d56bd2c499c51962ee5edceb46f.jpg#p00#4#5,2005_jpg.rf.d12a5d56bd2c499c51962ee5edceb46f.jpg,0,4,5,0.971,180,det,det,template,Petilil,,,Petilil,9/114,BLW,Black & White,Common,1040.0
2005_jpg.rf.d12a5d56bd2c499c51962ee5edceb46f.jpg#p00#0#6,2005_jpg.rf.d12a5d56bd2c499c51962ee5edceb46f.jpg,0,0,6,0.977,180,det,det,det,Wigglytuff@3,,KOR,Wigglytuff,19/130,B2,Base Set 2,Rare Holo,1000.0
2006_jpg.rf.5804457a99119b4e6ea16d3de7683104.jpg#p00#2#0,2006_jpg.rf.5804457a99119b4e6ea16d3de7683104.jpg,0,2,0,0.987,0,det,det,det,Swinub,165/159,,Swinub,165/159,JTG,Journey Together,Illustration Rare,1115.0
2006_jpg.rf.5804457a99119b4e6ea16d3de7683104.jpg#p00#3#1,2006_jpg.rf.5804457a99119b4e6ea16d3de7683104.jpg,0,3,1,0.986,0,det,det,template,Ninetales de Alola X,150/105,,Alolan Ninetales-GX,150/145,GRI,Guardians Rising,Rare Rainbow,638.2352905273438
2006_jpg.rf.5804457a99119b4e6ea16d3de7683104.jpg#p00#0#2,2006_jpg.rf.5804457a99119b4e6ea16d3de7683104.jpg,0,0,2,0.99,0,det,det,det,Moltres d tpo Rcka,229/182,CRIN,Armored Mewtwo,SM228/248,SMP,SM Black Star Promos,Promo,515.0
2006_jpg.rf.5804457a99119b4e6ea16d3de7683104.jpg#p00#1#3,2006_jpg.rf.5804457a99119b4e6ea16d3de7683104.jpg,0,1,3,0.988,0,det,det,template,Malamar,077/146,,Malamar,77/146,XY,XY,Rare,1115.0
2006_jpg.rf.5804457a99119b4e6ea16d3de7683104.jpg#p00#6#4,2006_jpg.rf.5804457a99119b4e6ea16d3de7683104.jpg,0,6,4,0.983,0,det,det,template,Larvitar,040/124,,Larvitar,40/124,FCO,Fates Collide,Common,1115.0
2006_jpg.rf.5804457a99119b4e6ea16d3de7683104.jpg#p00#7#5,2006_jpg.rf.5804457a99119b4e6ea16d3de7683104.jpg,0,7,5,0.981,0,det,det,det,Cofagrigus,040/86,CMN,Cofagrigus,40/86,WHT,White Flare,Rare,1115.0
2006_jpg.rf.5804457a99119b4e6ea16d3de7683104.jpg#p00#4#6,2006_jpg.rf.5804457a99119b4e6ea16d3de7683104.jpg,0,4,6,0.986,0,det,det,template,Dwebble,011/203,,Dwebble,11/203,EVS,Evolving Skies,Common,1115.0
2006_jpg.rf.5804457a99119b4e6ea16d3de7683104.jpg#p00#5#7,2006_jpg.rf.5804457a99119b4e6ea16d3de7683104.jpg,0,5,7,0.985,0,det,det,det,Poltchageist,020/167,,Poltchageist,20/167,TWM,Twilight Masquerade,Common,1115.0
2006_jpg.rf.5804457a99119b4e6ea16d3de7683104.jpg#p00#8#8,2006_jpg.rf.5804457a99119b4e6ea16d3de7683104.jpg,0,8,8,0.98,0,det,det,det,Mãos Férreas,031/131,,Xerneas,XY31/211,XYP,XY Black Star Promos,Promo,605.5555419921875
2007_jpg.rf.ec028632491120f439841882341bac49.jpg#p00#1#0,2007_jpg.rf.ec028632491120f439841882341bac49.jpg,0,1,0,0.98,180,det,det,det,Rhydon,075/69,STN,Rhydon,75/160,PRC,Primal Clash,Uncommon,1090.0
2007_jpg.rf.ec028632491120f439841882341bac49.jpg#p00#2#1,2007_jpg.rf.ec028632491120f439841882341bac49.jpg,0,2,1,0.979,0,det,det,template,Indeedee,054/72,,Indeedee,56/72,SHF,Shining Fates,Rare Holo,1080.0
2007_jpg.rf.ec028632491120f439841882341bac49.jpg#p00#3#2,2007_jpg.rf.ec028632491120f439841882341bac49.jpg,0,3,2,0.972,180,det,det,det,Hydrapple,188/182,,Hydrapple,188/182,DRI,Destined Rivals,Illustration Rare,1115.0
2007_jpg.rf.ec028632491120f439841882341bac49.jpg#p00#0#3,2007_jpg.rf.ec028632491120f439841882341bac49.jpg,0,0,3,0.986,0,det,det,template,Joltik,055/705,,Joltik,55/185,VIV,Vivid Voltage,Common,1090.0
2008_jpg.rf.51c067a7fb7a1dc281884a3425aaf4d2.jpg#p00#4#0,2008_jpg.rf.51c067a7fb7a1dc281884a3425aaf4d2.jpg,0,4,0,0.979,0,det,det,template,CelebieVenusaur,,,Celebi & Venusaur-GX,1/181,TEU,Team Up,Rare Holo GX,1000.0
2008_jpg.rf.51c067a7fb7a1dc281884a3425aaf4d2.jpg#p00#1#1,2008_jpg.rf.51c067a7fb7a1dc281884a3425aaf4d2.jpg,0,1,1,0.982,0,det,det,det,CofagrigusCX,022/12,,Cofagrigus,52/108,DEX,Dark Explorers,Rare,1000.0
2008_jpg.rf.51c067a7fb7a1dc281884a3425aaf4d2.jpg#p00#3#2,2008_jpg.rf.51c067a7fb7a1dc281884a3425aaf4d2.jpg,0,3,2,0.98,0,det,det,template,Spearow,,,Spearow,92/130,B2,Base Set 2,Common,1040.0
2008_jpg.rf.51c067a7fb7a1dc281884a3425aaf4d2.jpg#p00#0#3,2008_jpg.rf.51c067a7fb7a1dc281884a3425aaf4d2.jpg,0,0,3,0.985,0,det,det,template,Vila Pô,,,Volo,169/196,LOR,Lost Origin,Rare Holo,600.0
2008_jpg.rf.51c067a7fb7a1dc281884a3425aaf4d2.jpg#p00#2#4,2008_jpg.rf.51c067a7fb7a1dc281884a3425aaf4d2.jpg,0,2,4,0.98,0,det,det,template,Peônio,150/198,,Peonia,149/198,CRE,Chilling Reign,Uncommon,1040.0
2009_jpg.rf.53d74d4f024cabd4e9ecbed68ded6cdd.jpg#p00#1#0,2009_jpg.rf.53d74d4f024cabd4e9ecbed68ded6cdd.jpg,0,1,0,0.977,0,det,template,template,Lucario X,,,Lucario,BW85/101,BWP,BW Black Star Promos,Promo,1000.0
2009_jpg.rf.53d74d4f024cabd4e9ecbed68ded6cdd.jpg#p00#5#1,2009_jpg.rf.53d74d4f024cabd4e9ecbed68ded6cdd.jpg,0,5,1,0.971,0,det,det,template,Sliggoo,,,Sliggoo,93/131,FLI,Forbidden Light,Uncommon,1040.0
2009_jpg.rf.53d74d4f024cabd4e9ecbed68ded6cdd.jpg#p00#0#2,2009_jpg.rf.53d74d4f024cabd4e9ecbed68ded6cdd.jpg,0,0,2,0.98,0,det,det,det,Noctowl,,BIR,Noctowl,92/116,PLF,Plasma Freeze,Uncommon,1040.0
2009_jpg.rf.53d74d4f024cabd4e9ecbed68ded6cdd.jpg#p00#3#3,2009_jpg.rf.53d74d4f024cabd4e9ecbed68ded6cdd.jpg,0,3,3,0.975,180,det,det,template,Marowak de Alola,078/213,,Marowak,78/162,BKT,BREAKthrough,Rare,1050.0
2009_jpg.rf.53d74d4f024cabd4e9ecbed68ded6cdd.jpg#p00#2#4,2009_jpg.rf.53d74d4f024cabd4e9ecbed68ded6cdd.jpg,0,2,4,0.976,180,det,det,template,Superpoção,,,Super Potion,117/130,B2,Base Set 2,Uncommon,761.90478515625
2009_jpg.rf.53d74d4f024cabd4e9ecbed68ded6cdd.jpg#p00#6#5,2009_jpg.rf.53d74d4f024cabd4e9ecbed68ded6cdd.jpg,0,6,5,0.966,180,det,det,template,Pingente Grande,,,N,92/101,NVI,Noble Victories,Uncommon,880.0
2009_jpg.rf.53d74d4f024cabd4e9ecbed68ded6cdd.jpg#p00#4#6,2009_jpg.rf.53d74d4f024cabd4e9ecbed68ded6cdd.jpg,0,4,6,0.975,0,det,det,template,Cresselia,220/209,,Cresselia,2/106,GE,Great Encounters,Rare Holo,1040.0
2010_jpg.rf.f3515f6fbf76f55240dd1e1e7f256df4.jpg#p00#0#0,2010_jpg.rf.f3515f6fbf76f55240dd1e1e7f256df4.jpg,0,0,0,0.984,0,det,det,template,Winona,967/108,,Winona,96/108,ROS,Roaring Skies,Uncommon,1065.0
2010_jpg.rf.f3515f6fbf76f55240dd1e1e7f256df4.jpg#p00#4#1,2010_jpg.rf.f3515f6fbf76f55240dd1e1e7f256df4.jpg,0,4,1,0.974,180,det,det,template,Grande Bola,,,N,BW100/101,BWP,BW Black Star Promos,Promo,880.0
2010_jpg.rf.f3515f6fbf76f55240dd1e1e7f256df4.jpg#p00#3#2,2010_jpg.rf.f3515f6fbf76f55240dd1e1e7f256df4.jpg,0,3,2,0.976,0,det,det,det,AnnihilapeCX,222/193,20,Annihilape ex,242/193,PAL,Paldea Evolved,Ultra Rare,1025.0
2010_jpg.rf.f3515f6fbf76f55240dd1e1e7f256df4.jpg#p00#1#3,2010_jpg.rf.f3515f6fbf76f55240dd1e1e7f256df4.jpg,0,1,3,0.977,0,det,det,det,Phione,,,Phione,36/113,LTR,Legendary Treasures,Rare,1040.0
2010_jpg.rf.f3515f6fbf76f55240dd1e1e7f256df4.jpg#p00#2#4,2010_jpg.rf.f3515f6fbf76f55240dd1e1e7f256df4.jpg,0,2,4,0.976,180,det,det,template,Malamar,077/146,,Malamar,77/146,XY,XY,Rare,1115.0
2010_jpg.rf.f3515f6fbf76f55240dd1e1e7f256df4.jpg#p00#6#5,2010_jpg.rf.f3515f6fbf76f55240dd1e1e7f256df4.jpg,0,6,5,0.97,0,det,det,det,Charcadet,,,Charcadet,19/94,PFL,Phantasmal Flames,Common,1040.0
2010_jpg.rf.f3515f6fbf76f55240dd1e1e7f256df4.jpg#p00#5#6,2010_jpg.rf.f3515f6fbf76f55240dd1e1e7f256df4.jpg,0,5,6,0.971,180,det,det,template,Palkia,,,Palkia,DP27/56,DPP,DP Black Star Promos,Promo,1040.0
2011_jpg.rf.e962d905387060dd24a03cb20b790891.jpg#p00#4#0,2011_jpg.rf.e962d905387060dd24a03cb20b790891.jpg,0,4,0,0.981,0,det,det,det,Dunsparce,079/131,FREN,Dunsparce,79/131,PRE,Prismatic Evolutions,Common,1115.0
2011_jpg.rf.e962d905387060dd24a03cb20b790891.jpg#p00#3#1,2011_jpg.rf.e962d905387060dd24a03cb20b790891.jpg,0,3,1,0.981,0,det,det,det,Infernape,,52,Infernape,17/135,PLS,Plasma Storm,Rare Holo,1040.0
2011_jpg.rf.e962d905387060dd24a03cb20b790891.jpg#p00#5#2,2011_jpg.rf.e962d905387060dd24a03cb20b790891.jpg,0,5,2,0.98,0,det,det,template,Walrein,052/236,,Walrein,52/236,CEC,Cosmic Eclipse,Rare,1115.0
2011_jpg.rf.e962d905387060dd24a03cb20b790891.jpg#p00#2#3,2011_jpg.rf.e962d905387060dd24a03cb20b790891.jpg,0,2,3,0.983,0,det,det,template,Victini,011/108,,Victini,13/108,ROS,Roaring Skies,Rare,1080.0
2011_jpg.rf.e962d905387060dd24a03cb20b790891.jpg#p00#1#4,2011_jpg.rf.e962d905387060dd24a03cb20b790891.jpg,0,1,4,0.987,0,det,det,template,Torkoal,016/106,,Torkoal,16/106,FLF,Flashfire,Uncommon,1115.0
2011_jpg.rf.e962d905387060dd24a03cb20b790891.jpg#p00#0#5,2011_jpg.rf.e962d905387060dd24a03cb20b790891.jpg,0,0,5,0.987,0,det,det,template,Cinccino,089/114,,Cinccino,89/114,BLW,Black & White,Rare,1115.0
2012_jpg.rf.0490483573bee033c24b7e39aeb572a6.jpg#p00#3#0,2012_jpg.rf.0490483573bee033c24b7e39aeb572a6.jpg,0,3,0,0.944,0,det,det,template,Pal Pad,122/202,,Pal Pad,172/202,SSH,Sword & Shield,Uncommon,1065.0
2012_jpg.rf.0490483573bee033c24b7e39aeb572a6.jpg#p00#2#1,2012_jpg.rf.0490483573bee033c24b7e39aeb572a6.jpg,0,2,1,0.972,180,det,template,template,Machadinha de Gelo,,,N,96/108,DEX,Dark Explorers,Uncommon,880.0
2012_jpg.rf.0490483573bee033c24b7e39aeb572a6.jpg#p00#1#2,2012_jpg.rf.0490483573bee033c24b7e39aeb572a6.jpg,0,1,2,0.972,180,det,det,template,Braixen,,,Braixen,16/131,FLI,Forbidden Light,Uncommon,1040.0
2012_jpg.rf.0490483573bee033c24b7e39aeb572a6.jpg#p00#0#3,2012_jpg.rf.0490483573bee033c24b7e39aeb572a6.jpg,0,0,3,0.99,0,det,det,template,Érica,191/216,,Erika,191/236,CEC,Cosmic Eclipse,Uncommon,1050.0
2013_jpg.rf.03ed5365c3f3708a20452b87c78c3d1f.jpg#p00#3#0,2013_jpg.rf.03ed5365c3f3708a20452b87c78c3d1f.jpg,0,3,0,0.987,0,det,det,template,Patinadora,203/236,,Latios,203/191,SSP,Surging Sparks,Illustration Rare,550.0
2013_jpg.rf.03ed5365c3f3708a20452b87c78c3d1f.jpg#p00#2#1,2013_jpg.rf.03ed5365c3f3708a20452b87c78c3d1f.jpg,0,2,1,0.988,0,det,det,det,CofagriguseX,224/102,,Cofagrigus ex,224/182,PAR,Paradox Rift,Ultra Rare,1090.0
2013_jpg.rf.03ed5365c3f3708a20452b87c78c3d1f.jpg#p00#6#2,2013_jpg.rf.03ed5365c3f3708a20452b87c78c3d1f.jpg,0,6,2,0.985,0,det,template,template,Aula do Professor Elm,,,Professor Elm,96/111,N1,Neo Genesis,Uncommon,1000.0
2013_jpg.rf.03ed5365c3f3708a20452b87c78c3d1f.jpg#p00#8#3,2013_jpg.rf.03ed5365c3f3708a20452b87c78c3d1f.jpg,0,8,3,0.985,0,det,det,template,Snorunt,641/195,,Snorunt,41/195,SIT,Silver Tempest,Common,1065.0
2013_jpg.rf.03ed5365c3f3708a20452b87c78c3d1f.jpg#p00#4#4,2013_jpg.rf.03ed5365c3f3708a20452b87c78c3d1f.jpg,0,4,4,0.986,0,det,det,det,Tarsila,166/142,SAN,Tauros,164/236,UNM,Unified Minds,Uncommon,630.3846435546875
2013_jpg.rf.03ed5365c3f3708a20452b87c78c3d1f.jpg#p00#1#5,2013_jpg.rf.03ed5365c3f3708a20452b87c78c3d1f.jpg,0,1,5,0.989,0,det,det,det,Mewtwo,,SVPN,Mewtwo,10/130,B2,Base Set 2,Rare Holo,1040.0
2013_jpg.rf.03ed5365c3f3708a20452b87c78c3d1f.jpg#p00#5#6,2013_jpg.rf.03ed5365c3f3708a20452b87c78c3d1f.jpg,0,5,6,0.986,0,det,det,template,Trumbeak,144/185,,Trumbeak,144/185,VIV,Vivid Voltage,Uncommon,1115.0
2013_jpg.rf.03ed5365c3f3708a20452b87c78c3d1f.jpg#p00#7#7,2013_jpg.rf.03ed5365c3f3708a20452b87c78c3d1f.jpg,0,7,7,0.985,0,det,det,template,NecrozmaGX,637/478,,Necrozma-GX,63/147,BUS,Burning Shadows,Rare Holo GX,1040.0
2013_jpg.rf.03ed5365c3f3708a20452b87c78c3d1f.jpg#p00#0#8,2013_jpg.rf.03ed5365c3f3708a20452b87c78c3d1f.jpg,0,0,8,0.991,0,det,det,det,Togekiss,082/217,LASCA,Togekiss,82/217,ASC,Ascended Heroes,Rare,1115.0
2014_jpg.rf.3f6b91360511e81f78042b4e06a52193.jpg#p00#2#0,2014_jpg.rf.3f6b91360511e81f78042b4e06a52193.jpg,0,2,0,0.986,0,det,det,template,Chimecho,,,Chimecho,22/123,MT,Mysterious Treasures,Rare,1040.0
2014_jpg.rf.3f6b91360511e81f78042b4e06a52193.jpg#p00#0#1,2014_jpg.rf.3f6b91360511e81f78042b4e06a52193.jpg,0,0,1,0.987,0,det,det,template,Floatzel,036/156,,Floatzel,36/156,UPR,Ultra Prism,Uncommon,1115.0
2014_jpg.rf.3f6b91360511e81f78042b4e06a52193.jpg#p00#1#2,2014_jpg.rf.3f6b91360511e81f78042b4e06a52193.jpg,0,1,2,0.987,0,det,det,template,Heatmor,023/135,,Heatmor,23/135,PLS,Plasma Storm,Uncommon,1115.0
2014_jpg.rf.3f6b91360511e81f78042b4e06a52193.jpg#p00#3#3,2014_jpg.rf.3f6b91360511e81f78042b4e06a52193.jpg,0,3,3,0.981,0,det,det,template,Mr. Mime X,173/160,,Mr. Mime-GX,173/168,CES,Celestial Storm,Rare Rainbow,1050.0
2015_jpg.rf.00ff96ad8442f29c92117662ae9945ec.jpg#p00#0#0,2015_jpg.rf.00ff96ad8442f29c92117662ae9945ec.jpg,0,0,0,0.989,0,det,det,det,Gumshoos,177/197,OBFF,Gumshoos,177/197,OBF,Obsidian Flames,Uncommon,1115.0
2015_jpg.rf.00ff96ad8442f29c92117662ae9945ec.jpg#p00#4#1,2015_jpg.rf.00ff96ad8442f29c92117662ae9945ec.jpg,0,4,1,0.984,0,det,det,det,Balão de Ar,079/86,,Gallade,81/113,LTR,Legendary Treasures,Rare,640.0
2015_jpg.rf.00ff96ad8442f29c92117662ae9945ec.jpg#p00#2#2,2015_jpg.rf.00ff96ad8442f29c92117662ae9945ec.jpg,0,2,2,0.987,0,det,det,det,Busca do Brock,146/159,ME,Brock's Scouting,146/159,JTG,Journey Together,Uncommon,1075.0
2015_jpg.rf.00ff96ad8442f29c92117662ae9945ec.jpg#p00#1#3,2015_jpg.rf.00ff96ad8442f29c92117662ae9945ec.jpg,0,1,3,0.988,0,det,det,template,Érica,191/236,,Erika,191/236,CEC,Cosmic Eclipse,Uncommon,1075.0
2015_jpg.rf.00ff96ad8442f29c92117662ae9945ec.jpg#p00#3#4,2015_jpg.rf.00ff96ad8442f29c92117662ae9945ec.jpg,0,3,4,0.985,0,det,det,template,Pidove,,,Pidove,84/114,BLW,Black & White,Common,1040.0
2015_jpg.rf.00ff96ad8442f29c92117662ae9945ec.jpg#p00#5#5,2015_jpg.rf.00ff96ad8442f29c92117662ae9945ec.jpg,0,5,5,0.983,0,det,det,template,Sorbus,205/189,,Scizor,205/197,OBF,Obsidian Flames,Illustration Rare,550.0
2015_jpg.rf.00ff96ad8442f29c92117662ae9945ec.jpg#p00#6#6,2015_jpg.rf.00ff96ad8442f29c92117662ae9945ec.jpg,0,6,6,0.982,0,det,det,template,Sableye,096/214,,Sableye,96/214,LOT,Lost Thunder,Uncommon,1115.0
2015_jpg.rf.00ff96ad8442f29c92117662ae9945ec.jpg#p00#7#7,2015_jpg.rf.00ff96ad8442f29c92117662ae9945ec.jpg,0,7,7,0.98,0,det,det,template,Helioptile,049/161,,Helioptile,49/159,CRZ,Crown Zenith,Common,1090.0
2015_jpg.rf.00ff96ad8442f29c92117662ae9945ec.jpg#p00#8#8,2015_jpg.rf.00ff96ad8442f29c92117662ae9945ec.jpg,0,8,8,0.978,0,det,det,template,Sneasler de HisuiV,,,N,105/124,FCO,Fates Collide,Uncommon,880.0
2016_jpg.rf.4a621f86cab0fbf9c7723e39f6e9c4a6.jpg#p00#1#0,2016_jpg.rf.4a621f86cab0fbf9c7723e39f6e9c4a6.jpg,0,1,0,0.985,0,det,det,det,Gogoat,012/198,EVIR,Gogoat,12/198,SVI,Scarlet & Violet,Common,1115.0
2016_jpg.rf.4a621f86cab0fbf9c7723e39f6e9c4a6.jpg#p00#0#1,2016_jpg.rf.4a621f86cab0fbf9c7723e39f6e9c4a6.jpg,0,0,1,0.985,0,det,det,template,Pansear,,,Pansear,21/114,BLW,Black & White,Common,1040.0
2016_jpg.rf.4a621f86cab0fbf9c7723e39f6e9c4a6.jpg#p00#2#2,2016_jpg.rf.4a621f86cab0fbf9c7723e39f6e9c4a6.jpg,0,2,2,0.982,0,det,det,template,Spritzee,084/627,,Spritzee,84/122,BKP,BREAKpoint,Common,1090.0
2017_jpg.rf.193a7a709baee9dc0411b85ceb882b56.jpg#p00#3#0,2017_jpg.rf.193a7a709baee9dc0411b85ceb882b56.jpg,0,3,0,0.937,0,det,template,template,Radar Eletromagnético,,,N,96/108,DEX,Dark Explorers,Uncommon,880.0
2017_jpg.rf.193a7a709baee9dc0411b85ceb882b56.jpg#p00#0#1,2017_jpg.rf.193a7a709baee9dc0411b85ceb882b56.jpg,0,0,1,0.976,0,det,det,det,Glaceon,,,Glaceon,BW90/101,BWP,BW Black Star Promos,Promo,1040.0
2017_jpg.rf.193a7a709baee9dc0411b85ceb882b56.jpg#p00#1#2,2017_jpg.rf.193a7a709baee9dc0411b85ceb882b56.jpg,0,1,2,0.975,0,det,det,template,Superpoção,,,Super Potion,117/130,B2,Base Set 2,Uncommon,761.90478515625
2017_jpg.rf.193a7a709baee9dc0411b85ceb882b56.jpg#p00#2#3,2017_jpg.rf.193a7a709baee9dc0411b85ceb882b56.jpg,0,2,3,0.975,180,det,det,det,Maractus,093/86,,Maractus,93/86,BLK,Black Bolt,Illustration Rare,1115.0
2018_jpg.rf.fcb12cb794394768465d7d1750e975cc.jpg#p00#2#0,2018_jpg.rf.fcb12cb794394768465d7d1750e975cc.jpg,0,2,0,0.987,0,det,det,template,Gligar,,,Gligar,80/149,BCR,Boundaries Crossed,Common,1040.0
2018_jpg.rf.fcb12cb794394768465d7d1750e975cc.jpg#p00#5#1,2018_jpg.rf.fcb12cb794394768465d7d1750e975cc.jpg,0,5,1,0.983,0,det,det,template,ZacianV,055/18,,Zacian V,GG48/70,CRZ,Crown Zenith,Rare Holo V,1040.0
2018_jpg.rf.fcb12cb794394768465d7d1750e975cc.jpg#p00#4#2,2018_jpg.rf.fcb12cb794394768465d7d1750e975cc.jpg,0,4,2,0.985,0,det,det,det,Weezinga gorodet,199/182,DRIM,Team Rocket's Weezing,199/182,DRI,Destined Rivals,Illustration Rare,499.242431640625
2018_jpg.rf.fcb12cb794394768465d7d1750e975cc.jpg#p00#7#3,2018_jpg.rf.fcb12cb794394768465d7d1750e975cc.jpg,0,7,3,0.982,0,det,det,template,Detetive Pikachu,010/18,,Detective Pikachu,10/18,DET,Detective Pikachu,Rare,1075.0
2018_jpg.rf.fcb12cb794394768465d7d1750e975cc.jpg#p00#3#4,2018_jpg.rf.fcb12cb794394768465d7d1750e975cc.jpg,0,3,4,0.987,0,det,det,det,Lilligant,007/159,JIGM,Lilligant,7/159,JTG,Journey Together,Common,1115.0
2018_jpg.rf.fcb12cb794394768465d7d1750e975cc.jpg#p00#0#5,2018_jpg.rf.fcb12cb794394768465d7d1750e975cc.jpg,0,0,5,0.989,0,det,det,template,Ho-OhEX,,,Ho-Oh-EX,22/124,DRX,Dragons Exalted,Rare Holo EX,1040.0
2018_jpg.rf.fcb12cb794394768465d7d1750e975cc.jpg#p00#6#6,2018_jpg.rf.fcb12cb794394768465d7d1750e975cc.jpg,0,6,6,0.983,0,det,det,template,Sableye,,,Sableye,62/108,DEX,Dark Explorers,Uncommon,1040.0
2018_jpg.rf.fcb12cb794394768465d7d1750e975cc.jpg#p00#1#7,2018_jpg.rf.fcb12cb794394768465d7d1750e975cc.jpg,0,1,7,0.989,0,det,det,det,Phione,055/167,,Phione,55/167,TWM,Twilight Masquerade,Common,1115.0
2019_jpg.rf.053abae131789c71c7731f27d4df4c01.jpg#p00#5#0,2019_jpg.rf.053abae131789c71c7731f27d4df4c01.jpg,0,5,0,0.978,0,det,det,template,Ninetales de Alola X,150/235,,Alolan Ninetales-GX,150/145,GRI,Guardians Rising,Rare Rainbow,638.2352905273438
2019_jpg.rf.053abae131789c71c7731f27d4df4c01.jpg#p00#4#1,2019_jpg.rf.053abae131789c71c7731f27d4df4c01.jpg,0,4,1,0.98,0,det,det,det,Spheal,,87,Spheal,29/124,DRX,Dragons Exalted,Common,1040.0
2019_jpg.rf.053abae131789c71c7731f27d4df4c01.jpg#p00#3#2,2019_jpg.rf.053abae131789c71c7731f27d4df4c01.jpg,0,3,2,0.983,0,det,det,template,Cloyster,024/122,,Cloyster,24/122,BKP,BREAKpoint,Uncommon,1115.0
2019_jpg.rf.053abae131789c71c7731f27d4df4c01.jpg#p00#2#3,2019_jpg.rf.053abae131789c71c7731f27d4df4c01.jpg,0,2,3,0.983,0,det,det,template,CobalionGX,168/181,,Cobalion-GX,168/181,TEU,Team Up,Rare Ultra,1115.0
2019_jpg.rf.053abae131789c71c7731f27d4df4c01.jpg#p00#0#4,2019_jpg.rf.053abae131789c71c7731f27d4df4c01.jpg,0,0,4,0.985,0,det,det,det,Noctowl,,5VD,Noctowl,92/116,PLF,Plasma Freeze,Uncommon,1040.0
2019_jpg.rf.053abae131789c71c7731f27d4df4c01.jpg#p00#1#5,2019_jpg.rf.053abae131789c71c7731f27d4df4c01.jpg,0,1,5,0.985,0,det,det,det,Leafeon,011/167,TOM,Leafeon,11/167,TWM,Twilight Masquerade,Uncommon,1115.0
2020_jpg.rf.4f7dec782c6c0eeb0fee91b27da6661c.jpg#p00#5#0,2020_jpg.rf.4f7dec782c6c0eeb0fee91b27da6661c.jpg,0,5,0,0.978,0,det,det,template,Scatterbug,006/131,,Scatterbug,6/131,FLI,Forbidden Light,Common,1115.0
2020_jpg.rf.4f7dec782c6c0eeb0fee91b27da6661c.jpg#p00#3#1,2020_jpg.rf.4f7dec782c6c0eeb0fee91b27da6661c.jpg,0,3,1,0.981,0,det,det,template,Doce Raro,127/149,,Lucario,126/214,UNB,Unbroken Bonds,Rare Holo,548.3333129882812
2020_jpg.rf.4f7dec782c6c0eeb0fee91b27da6661c.jpg#p00#1#2,2020_jpg.rf.4f7dec782c6c0eeb0fee91b27da6661c.jpg,0,1,2,0.984,0,det,template,template,Imitadora,,,Misty's Seadra,9/132,G1,Gym Heroes,Rare Holo,666.6666870117188
2020_jpg.rf.4f7dec782c6c0eeb0fee91b27da6661c.jpg#p00#4#3,2020_jpg.rf.4f7dec782c6c0eeb0fee91b27da6661c.jpg,0,4,3,0.979,0,det,det,template,Eevee e Snorlax,,,Eevee,56/95,CL,Call of Legends,Common,1000.0
2020_jpg.rf.4f7dec782c6c0eeb0fee91b27da6661c.jpg#p00#0#4,2020_jpg.rf.4f7dec782c6c0eeb0fee91b27da6661c.jpg,0,0,4,0.985,0,det,det,template,Drilbur,089/160,,Drilbur,89/160,PRC,Primal Clash,Common,1115.0
2020_jpg.rf.4f7dec782c6c0eeb0fee91b27da6661c.jpg#p00#2#5,2020_jpg.rf.4f7dec782c6c0eeb0fee91b27da6661c.jpg,0,2,5,0.982,0,det,det,template,Fóssil Casca,,,Fossil Excavator,82/100,MD,Majestic Dawn,Uncommon,692.3076782226562
2021_jpg.rf.3d5066343c0cddb44a53075df28479c0.jpg#p00#3#0,2021_jpg.rf.3d5066343c0cddb44a53075df28479c0.jpg,0,3,0,0.986,0,det,det,template,Croconaw,056/264,,Croconaw,56/264,FST,Fusion Strike,Uncommon,1115.0
2021_jpg.rf.3d5066343c0cddb44a53075df28479c0.jpg#p00#0#1,2021_jpg.rf.3d5066343c0cddb44a53075df28479c0.jpg,0,0,1,0.988,0,det,det,det,TatsugiriX,226/191,SSPM,Tatsugiri ex,226/191,SSP,Surging Sparks,Ultra Rare,1075.0
2021_jpg.rf.3d5066343c0cddb44a53075df28479c0.jpg#p00#1#2,2021_jpg.rf.3d5066343c0cddb44a53075df28479c0.jpg,0,1,2,0.987,0,det,det,template,Pignite,032/236,,Pignite,32/236,CEC,Cosmic Eclipse,Uncommon,1115.0
2021_jpg.rf.3d5066343c0cddb44a53075df28479c0.jpg#p00#2#3,2021_jpg.rf.3d5066343c0cddb44a53075df28479c0.jpg,0,2,3,0.986,0,det,det,template,Zorua,070/108,,Zorua,70/108,DEX,Dark Explorers,Common,1115.0
2021_jpg.rf.3d5066343c0cddb44a53075df28479c0.jpg#p00#4#4,2021_jpg.rf.3d5066343c0cddb44a53075df28479c0.jpg,0,4,4,0.986,0,det,det,template,Gulpin,037/119,,Gulpin,37/119,PHF,Phantom Forces,Common,1115.0
2021_jpg.rf.3d5066343c0cddb44a53075df28479c0.jpg#p00#5#5,2021_jpg.rf.3d5066343c0cddb44a53075df28479c0.jpg,0,5,5,0.985,0,det,det,det,Lucarioex,082/142,50N,Lucario ex,82/142,SCR,Stellar Crown,Double Rare,1115.0
2022_jpg.rf.dadc3eb6981b8e9d8e7b66f93a9fcec4.jpg#p00#3#0,2022_jpg.rf.dadc3eb6981b8e9d8e7b66f93a9fcec4.jpg,0,3,0,0.981,0,det,det,template,Blastoise,,,Blastoise,2/130,B2,Base Set 2,Rare Holo,1040.0
2022_jpg.rf.dadc3eb6981b8e9d8e7b66f93a9fcec4.jpg#p00#1#1,2022_jpg.rf.dadc3eb6981b8e9d8e7b66f93a9fcec4.jpg,0,1,1,0.987,0,det,det,template,Suicune,039/214,,Suicune,59/214,LOT,Lost Thunder,Rare Holo,1065.0
2022_jpg.rf.dadc3eb6981b8e9d8e7b66f93a9fcec4.jpg#p00#0#2,2022_jpg.rf.dadc3eb6981b8e9d8e7b66f93a9fcec4.jpg,0,0,2,0.991,0,det,det,template,Dwebble,011/203,,Dwebble,11/203,EVS,Evolving Skies,Common,1115.0
2022_jpg.rf.dadc3eb6981b8e9d8e7b66f93a9fcec4.jpg#p00#2#3,2022_jpg.rf.dadc3eb6981b8e9d8e7b66f93a9fcec4.jpg,0,2,3,0.986,0,det,det,template,NecrozmaV,063/163,,Necrozma V,63/163,BST,Battle Styles,Rare Holo V,1115.0
2023_jpg.rf.fa18a4e6df10e27280d547d2d2b64c45.jpg#p00#0#0,2023_jpg.rf.fa18a4e6df10e27280d547d2d2b64c45.jpg,0,0,0,0.98,180,det,det,template,Snubbull,061/240,,Snubbull,22/39,KSS,Kalos Starter Set,nan,1040.0
2023_jpg.rf.fa18a4e6df10e27280d547d2d2b64c45.jpg#p00#2#1,2023_jpg.rf.fa18a4e6df10e27280d547d2d2b64c45.jpg,0,2,1,0.968,0,det,det,det,Hydrapple,,,Hydrapple,18/182,DRI,Destined Rivals,Rare,1040.0
2023_jpg.rf.fa18a4e6df10e27280d547d2d2b64c45.jpg#p00#3#2,2023_jpg.rf.fa18a4e6df10e27280d547d2d2b64c45.jpg,0,3,2,0.958,180,det,det,template,Ralts,,,Ralts,59/113,LTR,Legendary Treasures,Common,1040.0
2023_jpg.rf.fa18a4e6df10e27280d547d2d2b64c45.jpg#p00#4#3,2023_jpg.rf.fa18a4e6df10e27280d547d2d2b64c45.jpg,0,4,3,0.941,0,template,det,det,O2,146/159,,Hop,133/159,CRZ,Crown Zenith,Rare Holo,925.0
2023_jpg.rf.fa18a4e6df10e27280d547d2d2b64c45.jpg#p00#1#4,2023_jpg.rf.fa18a4e6df10e27280d547d2d2b64c45.jpg,0,1,4,0.974,180,det,det,det,Liderança do Explorador,227/162,19N,Pidgeot ex,225/197,OBF,Obsidian Flames,Special Illustration Rare,415.0
2024_jpg.rf.9bda467779f9616b235d67142bcf4c68.jpg#p00#6#0,2024_jpg.rf.9bda467779f9616b235d67142bcf4c68.jpg,0,6,0,0.982,180,template,det,template,,,,Alakazam,1/130,B2,Base Set 2,Rare Holo,0.0
2024_jpg.rf.9bda467779f9616b235d67142bcf4c68.jpg#p00#0#1,2024_jpg.rf.9bda467779f9616b235d67142bcf4c68.jpg,0,0,1,0.991,0,det,det,det,Fomantis,003/102,DRIM,Fomantis,14/149,SUM,Sun & Moon,Common,1040.0
2024_jpg.rf.9bda467779f9616b235d67142bcf4c68.jpg#p00#2#2,2024_jpg.rf.9bda467779f9616b235d67142bcf4c68.jpg,0,2,2,0.986,0,det,det,det,Bisharp,065/86,,Bisharp,65/86,BLK,Black Bolt,Uncommon,1115.0
2024_jpg.rf.9bda467779f9616b235d67142bcf4c68.jpg#p00#1#3,2024_jpg.rf.9bda467779f9616b235d67142bcf4c68.jpg,0,1,3,0.988,0,det,det,template,Machadinha de Gelo,165/214,,Ethan's Adventure,165/182,DRI,Destined Rivals,Uncommon,501.6129150390625
2024_jpg.rf.9bda467779f9616b235d67142bcf4c68.jpg#p00#8#4,2024_jpg.rf.9bda467779f9616b235d67142bcf4c68.jpg,0,8,4,0.981,0,det,det,template,LatiosEX,086/116,,Latios-EX,86/116,PLF,Plasma Freeze,Rare Holo EX,1115.0
2024_jpg.rf.9bda467779f9616b235d67142bcf4c68.jpg#p00#7#5,2024_jpg.rf.9bda467779f9616b235d67142bcf4c68.jpg,0,7,5,0.982,0,det,det,template,Dewott,031/114,,Dewott,31/114,STS,Steam Siege,Uncommon,1115.0
2024_jpg.rf.9bda467779f9616b235d67142bcf4c68.jpg#p00#5#6,2024_jpg.rf.9bda467779f9616b235d67142bcf4c68.jpg,0,5,6,0.983,0,det,det,template,Baltoy,141/160,,Baltoy,63/124,DRX,Dragons Exalted,Common,1040.0
2024_jpg.rf.9bda467779f9616b235d67142bcf4c68.jpg#p00#4#7,2024_jpg.rf.9bda467779f9616b235d67142bcf4c68.jpg,0,4,7,0.983,0,template,template,template,,,,Alakazam,1/130,B2,Base Set 2,Rare Holo,0.0
2024_jpg.rf.9bda467779f9616b235d67142bcf4c68.jpg#p00#3#8,2024_jpg.rf.9bda467779f9616b235d67142bcf4c68.jpg,0,3,8,0.985,0,det,det,det,Kaya,258/182,PAR,Koga,19/132,G2,Gym Challenge,Rare Holo,900.0
2025_jpg.rf.bcd63ab7445b8c37f3094557e24cf08f.jpg#p00#2#0,2025_jpg.rf.bcd63ab7445b8c37f3094557e24cf08f.jpg,0,2,0,0.982,0,det,det,det,Rockruff,116/193,PA,Rockruff,116/193,PAL,Paldea Evolved,Common,1115.0
2025_jpg.rf.bcd63ab7445b8c37f3094557e24cf08f.jpg#p00#0#1,2025_jpg.rf.bcd63ab7445b8c37f3094557e24cf08f.jpg,0,0,1,0.987,0,det,det,template,Sigilyph,041/98,,Sigilyph,41/98,EPO,Emerging Powers,Uncommon,1115.0
2025_jpg.rf.bcd63ab7445b8c37f3094557e24cf08f.jpg#p00#1#2,2025_jpg.rf.bcd63ab7445b8c37f3094557e24cf08f.jpg,0,1,2,0.984,0,det,det,template,Lickitung,138/196,,Lickitung,138/196,LOR,Lost Origin,Common,1115.0
2025_jpg.rf.bcd63ab7445b8c37f3094557e24cf08f.jpg#p00#3#3,2025_jpg.rf.bcd63ab7445b8c37f3094557e24cf08f.jpg,0,3,3,0.98,0,det,det,template,Surskit,013/160,,Surskit,13/160,PRC,Primal Clash,Common,1115.0
2026_jpg.rf.b112afb0df52b44560cfd6811b95006e.jpg#p00#4#0,2026_jpg.rf.b112afb0df52b44560cfd6811b95006e.jpg,0,4,0,0.971,0,det,det,det,Mimikyu da Equipe Rocket,,,Mimikyu,97/236,CEC,Cosmic Eclipse,Rare,1000.0
2026_jpg.rf.b112afb0df52b44560cfd6811b95006e.jpg#p00#2#1,2026_jpg.rf.b112afb0df52b44560cfd6811b95006e.jpg,0,2,1,0.976,0,det,det,template,Cryogonal,,,Cryogonal,46/149,BCR,Boundaries Crossed,Uncommon,1040.0
2026_jpg.rf.b112afb0df52b44560cfd6811b95006e.jpg#p00#1#2,2026_jpg.rf.b112afb0df52b44560cfd6811b95006e.jpg,0,1,2,0.976,0,det,det,template,Growlithe,,,Growlithe,42/130,B2,Base Set 2,Uncommon,1040.0
2026_jpg.rf.b112afb0df52b44560cfd6811b95006e.jpg#p00#0#3,2026_jpg.rf.b112afb0df52b44560cfd6811b95006e.jpg,0,0,3,0.985,180,det,det,template,Porygon-Z,118/198,,Porygon-Z,118/198,CRE,Chilling Reign,Rare Holo,1115.0
2026_jpg.rf.b112afb0df52b44560cfd6811b95006e.jpg#p00#3#4,2026_jpg.rf.b112afb0df52b44560cfd6811b95006e.jpg,0,3,4,0.974,180,det,det,det,Umbreonex,,AD,Umbreon ex,60/131,PRE,Prismatic Evolutions,Double Rare,1040.0
2027_jpg.rf.9a25329f8efcbd85d9de69535c129085.jpg#p00#2#0,2027_jpg.rf.9a25329f8efcbd85d9de69535c129085.jpg,0,2,0,0.977,0,det,det,det,Scovillain@X,022/162,,Scovillain ex,22/162,TEF,Temporal Forces,Double Rare,1075.0
2027_jpg.rf.9a25329f8efcbd85d9de69535c129085.jpg#p00#0#1,2027_jpg.rf.9a25329f8efcbd85d9de69535c129085.jpg,0,0,1,0.986,0,det,det,template,RayquazaVMAx,028/201,,Rayquaza VMAX,TG29/30,SIT,Silver Tempest,Rare Secret,1055.0
2027_jpg.rf.9a25329f8efcbd85d9de69535c129085.jpg#p00#1#2,2027_jpg.rf.9a25329f8efcbd85d9de69535c129085.jpg,0,1,2,0.98,0,det,det,det,Trompete de Vidro,260/217,ASCA,Glass Trumpet,260/217,ASC,Ascended Heroes,Ultra Rare,519.4444580078125
2028_jpg.rf.87599e90725af248eb38a6c19aa62d95.jpg#p00#0#0,2028_jpg.rf.87599e90725af248eb38a6c19aa62d95.jpg,0,0,0,0.985,0,det,template,template,Ultra Necrozma,,,Ultra Necrozma,164/236,CEC,Cosmic Eclipse,Rare Holo,1040.0
2028_jpg.rf.87599e90725af248eb38a6c19aa62d95.jpg#p00#3#1,2028_jpg.rf.87599e90725af248eb38a6c19aa62d95.jpg,0,3,1,0.98,0,det,det,template,Clara Petra,067/72,,Clamperl,65/264,FST,Fusion Strike,Common,681.6666870117188
2028_jpg.rf.87599e90725af248eb38a6c19aa62d95.jpg#p00#2#2,2028_jpg.rf.87599e90725af248eb38a6c19aa62d95.jpg,0,2,2,0.982,0,det,det,template,Urshifu Golpe Fluido,044/198,,Sharpedo,43/162,TEF,Temporal Forces,Uncommon,476.5384521484375
2028_jpg.rf.87599e90725af248eb38a6c19aa62d95.jpg#p00#1#3,2028_jpg.rf.87599e90725af248eb38a6c19aa62d95.jpg,0,1,3,0.984,0,det,det,template,Heatmor,023/135,,Heatmor,23/135,PLS,Plasma Storm,Uncommon,1115.0
2029_jpg.rf.7beb33b69acf1d5a442cbfc908645aff.jpg#p00#3#0,2029_jpg.rf.7beb33b69acf1d5a442cbfc908645aff.jpg,0,3,0,0.974,0,det,det,template,Thwackey,013/7,,Thwackey,13/202,SSH,Sword & Shield,Uncommon,1090.0
2029_jpg.rf.7beb33b69acf1d5a442cbfc908645aff.jpg#p00#4#1,2029_jpg.rf.7beb33b69acf1d5a442cbfc908645aff.jpg,0,4,1,0.97,0,det,det,template,Spritzee,,,Spritzee,35/88,POR,Perfect Order,Common,1040.0
2029_jpg.rf.7beb33b69acf1d5a442cbfc908645aff.jpg#p00#0#2,2029_jpg.rf.7beb33b69acf1d5a442cbfc908645aff.jpg,0,0,2,0.979,0,det,det,det,Bola de Ninho,084/91,,Deino,84/114,STS,Steam Siege,Common,675.0
2029_jpg.rf.7beb33b69acf1d5a442cbfc908645aff.jpg#p00#2#3,2029_jpg.rf.7beb33b69acf1d5a442cbfc908645aff.jpg,0,2,3,0.976,180,det,det,template,ZacianV,055/18,,Zacian V,GG48/70,CRZ,Crown Zenith,Rare Holo V,1040.0
2029_jpg.rf.7beb33b69acf1d5a442cbfc908645aff.jpg#p00#1#4,2029_jpg.rf.7beb33b69acf1d5a442cbfc908645aff.jpg,0,1,4,0.978,180,det,det,det,Absolex,135/197,GER,Absol ex,135/197,OBF,Obsidian Flames,Double Rare,1115.0
2030_jpg.rf.8229fab6187ca9af42e392e537744cd5.jpg#p00#1#0,2030_jpg.rf.8229fab6187ca9af42e392e537744cd5.jpg,0,1,0,0.987,0,det,det,template,Surskit,013/160,,Surskit,13/160,PRC,Primal Clash,Common,1115.0
2030_jpg.rf.8229fab6187ca9af42e392e537744cd5.jpg#p00#7#1,2030_jpg.rf.8229fab6187ca9af42e392e537744cd5.jpg,0,7,1,0.981,0,det,det,template,Cheryl,,,Cheryl,159/163,BST,Battle Styles,Rare Ultra,1040.0
2030_jpg.rf.8229fab6187ca9af42e392e537744cd5.jpg#p00#0#2,2030_jpg.rf.8229fab6187ca9af42e392e537744cd5.jpg,0,0,2,0.989,0,det,det,template,Favor da Misty,235/236,,Misty's Favor,235/236,UNM,Unified Minds,Rare Ultra,1075.0
2030_jpg.rf.8229fab6187ca9af42e392e537744cd5.jpg#p00#8#3,2030_jpg.rf.8229fab6187ca9af42e392e537744cd5.jpg,0,8,3,0.98,0,det,det,det,Zorua,031/64,,Zorua,31/64,SFA,Shrouded Fable,Common,1115.0
2030_jpg.rf.8229fab6187ca9af42e392e537744cd5.jpg#p00#5#4,2030_jpg.rf.8229fab6187ca9af42e392e537744cd5.jpg,0,5,4,0.983,0,det,det,det,Energia Voltaica,084/84,PBLI,Energy Switch,84/115,UF,Unseen Forces,Uncommon,642.5925903320312
2030_jpg.rf.8229fab6187ca9af42e392e537744cd5.jpg#p00#3#5,2030_jpg.rf.8229fab6187ca9af42e392e537744cd5.jpg,0,3,5,0.984,0,det,det,template,Skarmory,871/354,,Skarmory,95/149,BCR,Boundaries Crossed,Uncommon,1040.0
2030_jpg.rf.8229fab6187ca9af42e392e537744cd5.jpg#p00#2#6,2030_jpg.rf.8229fab6187ca9af42e392e537744cd5.jpg,0,2,6,0.987,0,det,det,det,Poltchageist,020/167,,Poltchageist,20/167,TWM,Twilight Masquerade,Common,1115.0
2030_jpg.rf.8229fab6187ca9af42e392e537744cd5.jpg#p00#6#7,2030_jpg.rf.8229fab6187ca9af42e392e537744cd5.jpg,0,6,7,0.981,0,det,det,template,Tangela,,,Tangela,96/130,B2,Base Set 2,Common,1040.0
2030_jpg.rf.8229fab6187ca9af42e392e537744cd5.jpg#p00#4#8,2030_jpg.rf.8229fab6187ca9af42e392e537744cd5.jpg,0,4,8,0.983,0,det,det,det,Armarouge,034/191,,Armarouge,34/191,SSP,Surging Sparks,Uncommon,1115.0
2031_jpg.rf.77f2532cffa527b4e7349baa9517cf97.jpg#p00#0#0,2031_jpg.rf.77f2532cffa527b4e7349baa9517cf97.jpg,0,0,0,0.991,0,det,det,template,Oranguru,114/156,,Oranguru,114/156,UPR,Ultra Prism,Uncommon,1115.0
2031_jpg.rf.77f2532cffa527b4e7349baa9517cf97.jpg#p00#8#1,2031_jpg.rf.77f2532cffa527b4e7349baa9517cf97.jpg,0,8,1,0.982,0,det,det,template,Eevee e Snorlax,191/181,,Eevee & Snorlax-GX,191/181,TEU,Team Up,Rare Rainbow,1075.0
2031_jpg.rf.77f2532cffa527b4e7349baa9517cf97.jpg#p00#7#2,2031_jpg.rf.77f2532cffa527b4e7349baa9517cf97.jpg,0,7,2,0.982,0,det,det,template,Fornalha Gigante,197/236,,Floragato,197/193,PAL,Paldea Evolved,Illustration Rare,633.3333129882812
2031_jpg.rf.77f2532cffa527b4e7349baa9517cf97.jpg#p00#1#3,2031_jpg.rf.77f2532cffa527b4e7349baa9517cf97.jpg,0,1,3,0.989,0,det,det,det,CofagriguseX,224/182,CL,Cofagrigus ex,224/182,PAR,Paradox Rift,Ultra Rare,1115.0
2031_jpg.rf.77f2532cffa527b4e7349baa9517cf97.jpg#p00#6#4,2031_jpg.rf.77f2532cffa527b4e7349baa9517cf97.jpg,0,6,4,0.983,0,det,det,template,Substituidor Cruzado,230/264,,Cross Switcher,230/264,FST,Fusion Strike,Uncommon,387.5
2031_jpg.rf.77f2532cffa527b4e7349baa9517cf97.jpg#p00#4#5,2031_jpg.rf.77f2532cffa527b4e7349baa9517cf97.jpg,0,4,5,0.985,0,det,det,det,Lilligant,007/159,TGR,Lilligant,7/159,JTG,Journey Together,Common,1115.0
2031_jpg.rf.77f2532cffa527b4e7349baa9517cf97.jpg#p00#2#6,2031_jpg.rf.77f2532cffa527b4e7349baa9517cf97.jpg,0,2,6,0.988,0,det,det,template,Dartrix,020/189,,Dartrix,20/189,ASR,Astral Radiance,Uncommon,1115.0
2031_jpg.rf.77f2532cffa527b4e7349baa9517cf97.jpg#p00#3#7,2031_jpg.rf.77f2532cffa527b4e7349baa9517cf97.jpg,0,3,7,0.987,0,det,det,det,Busca do Brock,146/159,,Brock's Scouting,146/159,JTG,Journey Together,Uncommon,1075.0
2031_jpg.rf.77f2532cffa527b4e7349baa9517cf97.jpg#p00#5#8,2031_jpg.rf.77f2532cffa527b4e7349baa9517cf97.jpg,0,5,8,0.985,0,det,det,det,Hypno,017/64,EAR,Hypno,17/64,SFA,Shrouded Fable,Uncommon,1115.0
2032_jpg.rf.e5435a8ed5db138683e56ec4e95b9b20.jpg#p00#0#0,2032_jpg.rf.e5435a8ed5db138683e56ec4e95b9b20.jpg,0,0,0,0.987,0,det,det,det,Giacomo,182/193,RALN,Giacomo,182/193,PAL,Paldea Evolved,Uncommon,1115.0
2032_jpg.rf.e5435a8ed5db138683e56ec4e95b9b20.jpg#p00#1#1,2032_jpg.rf.e5435a8ed5db138683e56ec4e95b9b20.jpg,0,1,1,0.986,0,det,det,det,Froslass,,,Froslass,23/101,PLB,Plasma Blast,Rare,1040.0
2032_jpg.rf.e5435a8ed5db138683e56ec4e95b9b20.jpg#p00#4#2,2032_jpg.rf.e5435a8ed5db138683e56ec4e95b9b20.jpg,0,4,2,0.975,0,det,det,template,Aron,123/214,,Aron,123/214,UNB,Unbroken Bonds,Common,1115.0
2032_jpg.rf.e5435a8ed5db138683e56ec4e95b9b20.jpg#p00#2#3,2032_jpg.rf.e5435a8ed5db138683e56ec4e95b9b20.jpg,0,2,3,0.98,0,det,det,template,Ho-OhEX,121/412,,Ho-Oh-EX,121/122,BKP,BREAKpoint,Rare Ultra,1090.0
2032_jpg.rf.e5435a8ed5db138683e56ec4e95b9b20.jpg#p00#3#4,2032_jpg.rf.e5435a8ed5db138683e56ec4e95b9b20.jpg,0,3,4,0.978,0,det,det,template,Clara Petra,061/72,,Charmander,59/99,AR,Arceus,Common,615.0
2033_jpg.rf.23054316cc472ce0923bca910de7d0b0.jpg#p00#8#0,2033_jpg.rf.23054316cc472ce0923bca910de7d0b0.jpg,0,8,0,0.98,0,det,det,det,Gumshoos,177/197,03,Gumshoos,177/197,OBF,Obsidian Flames,Uncommon,1115.0
2033_jpg.rf.23054316cc472ce0923bca910de7d0b0.jpg#p00#7#1,2033_jpg.rf.23054316cc472ce0923bca910de7d0b0.jpg,0,7,1,0.983,0,det,det,det,Hypno,017/64,,Hypno,17/64,SFA,Shrouded Fable,Uncommon,1115.0
2033_jpg.rf.23054316cc472ce0923bca910de7d0b0.jpg#p00#6#2,2033_jpg.rf.23054316cc472ce0923bca910de7d0b0.jpg,0,6,2,0.983,0,det,det,template,Medalha do Herói,,,Mega Sharpedo ex,61/94,PFL,Phantasmal Flames,Double Rare,571.4285888671875
2033_jpg.rf.23054316cc472ce0923bca910de7d0b0.jpg#p00#3#3,2033_jpg.rf.23054316cc472ce0923bca910de7d0b0.jpg,0,3,3,0.988,0,det,det,template,Pidove,078/108,,Pidove,78/108,ROS,Roaring Skies,Common,1115.0
2033_jpg.rf.23054316cc472ce0923bca910de7d0b0.jpg#p00#1#4,2033_jpg.rf.23054316cc472ce0923bca910de7d0b0.jpg,0,1,4,0.989,0,det,det,template,ScizorX,158/168,,Scizor-GX,158/168,CES,Celestial Storm,Rare Ultra,1075.0
2033_jpg.rf.23054316cc472ce0923bca910de7d0b0.jpg#p00#2#5,2033_jpg.rf.23054316cc472ce0923bca910de7d0b0.jpg,0,2,5,0.989,0,det,det,template,SableyeV,120/202,,Sableye V,120/202,SSH,Sword & Shield,Rare Holo V,1115.0
2033_jpg.rf.23054316cc472ce0923bca910de7d0b0.jpg#p00#0#6,2033_jpg.rf.23054316cc472ce0923bca910de7d0b0.jpg,0,0,6,0.989,0,det,det,det,Electrode,067/193,PALT,Electrode,67/193,PAL,Paldea Evolved,Uncommon,1115.0
2033_jpg.rf.23054316cc472ce0923bca910de7d0b0.jpg#p00#5#7,2033_jpg.rf.23054316cc472ce0923bca910de7d0b0.jpg,0,5,7,0.984,0,det,det,template,Gumshoos,113/156,,Gumshoos,113/156,UPR,Ultra Prism,Uncommon,1115.0
2033_jpg.rf.23054316cc472ce0923bca910de7d0b0.jpg#p00#4#8,2033_jpg.rf.23054316cc472ce0923bca910de7d0b0.jpg,0,4,8,0.985,0,det,det,template,Dartrix,020/169,,Dartrix,20/189,ASR,Astral Radiance,Uncommon,1090.0
2034_jpg.rf.7f719c109f5720cb555c9b53bf8c79b5.jpg#p00#0#0,2034_jpg.rf.7f719c109f5720cb555c9b53bf8c79b5.jpg,0,0,0,0.979,0,det,det,template,UrshifuColpeDecsivrV,357/983,,Scolipede,40/98,EPO,Emerging Powers,Rare,551.72412109375
2034_jpg.rf.7f719c109f5720cb555c9b53bf8c79b5.jpg#p00#3#1,2034_jpg.rf.7f719c109f5720cb555c9b53bf8c79b5.jpg,0,3,1,0.967,180,det,det,det,Busca do Brock,,,Brock,98/132,G1,Gym Heroes,Rare,1000.0
2034_jpg.rf.7f719c109f5720cb555c9b53bf8c79b5.jpg#p00#2#2,2034_jpg.rf.7f719c109f5720cb555c9b53bf8c79b5.jpg,0,2,2,0.973,180,det,det,det,Cofagrigus@X,224/107,TRO,Cofagrigus ex,224/182,PAR,Paradox Rift,Ultra Rare,1050.0
2034_jpg.rf.7f719c109f5720cb555c9b53bf8c79b5.jpg#p00#1#3,2034_jpg.rf.7f719c109f5720cb555c9b53bf8c79b5.jpg,0,1,3,0.977,180,det,template,template,Lucario X,,,Lucario,BW85/101,BWP,BW Black Star Promos,Promo,1000.0
2035_jpg.rf.75f61e928112b8c1996483f6a849cb40.jpg#p00#2#0,2035_jpg.rf.75f61e928112b8c1996483f6a849cb40.jpg,0,2,0,0.975,180,det,det,template,Pignite,,,Pignite,17/114,BLW,Black & White,Uncommon,1040.0
2035_jpg.rf.75f61e928112b8c1996483f6a849cb40.jpg#p00#3#1,2035_jpg.rf.75f61e928112b8c1996483f6a849cb40.jpg,0,3,1,0.973,0,det,det,det,Chansey,017/710,,Chansey,19/112,RG,FireRed & LeafGreen,Rare,1055.0
2035_jpg.rf.75f61e928112b8c1996483f6a849cb40.jpg#p00#0#2,2035_jpg.rf.75f61e928112b8c1996483f6a849cb40.jpg,0,0,2,0.979,180,det,template,template,Correio de Treinadores,,,N,105a/124,FCO,Fates Collide,Rare Ultra,880.0
2035_jpg.rf.75f61e928112b8c1996483f6a849cb40.jpg#p00#4#3,2035_jpg.rf.75f61e928112b8c1996483f6a849cb40.jpg,0,4,3,0.972,0,det,det,template,Rhyhorn,,,Rhyhorn,90/130,B2,Base Set 2,Common,1040.0
2035_jpg.rf.75f61e928112b8c1996483f6a849cb40.jpg#p00#1#4,2035_jpg.rf.75f61e928112b8c1996483f6a849cb40.jpg,0,1,4,0.976,180,det,det,template,Fóssil Casca,090/101,,Claw Fossil,90/100,SS,Sandstorm,Common,621.4285888671875
2035_jpg.rf.75f61e928112b8c1996483f6a849cb40.jpg#p00#5#5,2035_jpg.rf.75f61e928112b8c1996483f6a849cb40.jpg,0,5,5,0.966,180,det,det,det,Yveltal,,CARCI,Yveltal,88/132,MEG,Mega Evolution,Rare,1040.0
2036_jpg.rf.a7a880ac8f4565dfae9113da1c252942.jpg#p00#3#0,2036_jpg.rf.a7a880ac8f4565dfae9113da1c252942.jpg,0,3,0,0.965,180,det,det,template,Eevee e Snorlax,191/951,,Eevee & Snorlax-GX,191/181,TEU,Team Up,Rare Rainbow,1050.0
2036_jpg.rf.a7a880ac8f4565dfae9113da1c252942.jpg#p00#2#1,2036_jpg.rf.a7a880ac8f4565dfae9113da1c252942.jpg,0,2,1,0.973,0,det,det,template,Quilava,041/4,,Quilava,41/214,LOT,Lost Thunder,Uncommon,1090.0
2036_jpg.rf.a7a880ac8f4565dfae9113da1c252942.jpg#p00#0#2,2036_jpg.rf.a7a880ac8f4565dfae9113da1c252942.jpg,0,0,2,0.979,180,det,det,template,CelebieVenusaur,012/10,,Celebi,12/132,MEG,Mega Evolution,Uncommon,930.0
2036_jpg.rf.a7a880ac8f4565dfae9113da1c252942.jpg#p00#1#3,2036_jpg.rf.a7a880ac8f4565dfae9113da1c252942.jpg,0,1,3,0.976,180,det,det,det,Weezingahtenbo Rokesy,199/718,GER,Greninja & Zoroark-GX,200/214,UNB,Unbroken Bonds,Rare Ultra,447.43243408203125
2037_jpg.rf.a86a9ece06390e6808ccc3cabb243a3c.jpg#p00#8#0,2037_jpg.rf.a86a9ece06390e6808ccc3cabb243a3c.jpg,0,8,0,0.983,0,template,template,template,Y,231/18,,Fire Crystal,231/214,UNB,Unbroken Bonds,Rare Secret,930.0
2037_jpg.rf.a86a9ece06390e6808ccc3cabb243a3c.jpg#p00#0#1,2037_jpg.rf.a86a9ece06390e6808ccc3cabb243a3c.jpg,0,0,1,0.99,0,det,det,template,Dojo de Artes Marciais,179/214,,Roseanne's Backup,180/172,BRS,Brilliant Stars,Rare Rainbow,426.76470947265625
2037_jpg.rf.a86a9ece06390e6808ccc3cabb243a3c.jpg#p00#4#2,2037_jpg.rf.a86a9ece06390e6808ccc3cabb243a3c.jpg,0,4,2,0.985,0,det,det,det,Scorbunny,225/217,ASC,Scorbunny,225/217,ASC,Ascended Heroes,Illustration Rare,1125.0
2037_jpg.rf.a86a9ece06390e6808ccc3cabb243a3c.jpg#p00#3#3,2037_jpg.rf.a86a9ece06390e6808ccc3cabb243a3c.jpg,0,3,3,0.986,0,det,det,template,Croconaw,056/264,,Croconaw,56/264,FST,Fusion Strike,Uncommon,1115.0
2037_jpg.rf.a86a9ece06390e6808ccc3cabb243a3c.jpg#p00#1#4,2037_jpg.rf.a86a9ece06390e6808ccc3cabb243a3c.jpg,0,1,4,0.986,0,det,det,det,Charcadet,038/193,PALT,Charcadet,38/193,PAL,Paldea Evolved,Common,1115.0
2037_jpg.rf.a86a9ece06390e6808ccc3cabb243a3c.jpg#p00#2#5,2037_jpg.rf.a86a9ece06390e6808ccc3cabb243a3c.jpg,0,2,5,0.986,0,det,det,det,Tranquill,,,Tranquill,85/114,BLW,Black & White,Uncommon,1040.0
2037_jpg.rf.a86a9ece06390e6808ccc3cabb243a3c.jpg#p00#6#6,2037_jpg.rf.a86a9ece06390e6808ccc3cabb243a3c.jpg,0,6,6,0.983,0,det,det,det,Parasect,047/155,,Parasect,47/165,MEW,151,Uncommon,1090.0
2037_jpg.rf.a86a9ece06390e6808ccc3cabb243a3c.jpg#p00#5#7,2037_jpg.rf.a86a9ece06390e6808ccc3cabb243a3c.jpg,0,5,7,0.984,0,det,det,det,Togekiss,082/217,ASCH,Togekiss,82/217,ASC,Ascended Heroes,Rare,1115.0
2037_jpg.rf.a86a9ece06390e6808ccc3cabb243a3c.jpg#p00#7#8,2037_jpg.rf.a86a9ece06390e6808ccc3cabb243a3c.jpg,0,7,8,0.983,0,det,template,template,Energia Unitária,,,N,92/101,NVI,Noble Victories,Uncommon,880.0
2038_jpg.rf.5301c4158c73f3721951ed93c9466700.jpg#p00#2#0,2038_jpg.rf.5301c4158c73f3721951ed93c9466700.jpg,0,2,0,0.976,180,det,det,template,SteelixEX,020/272,,Steelix-EX,67/114,STS,Steam Siege,Rare Holo EX,1040.0
2038_jpg.rf.5301c4158c73f3721951ed93c9466700.jpg#p00#0#1,2038_jpg.rf.5301c4158c73f3721951ed93c9466700.jpg,0,0,1,0.985,0,det,det,det,Chien-PaoeX,,00,Chien-Pao ex,61/193,PAL,Paldea Evolved,Double Rare,1040.0
2038_jpg.rf.5301c4158c73f3721951ed93c9466700.jpg#p00#1#2,2038_jpg.rf.5301c4158c73f3721951ed93c9466700.jpg,0,1,2,0.979,0,det,det,template,Hydreigon,,,Hydreigon,97/124,DRX,Dragons Exalted,Rare Holo,1040.0
2038_jpg.rf.5301c4158c73f3721951ed93c9466700.jpg#p00#3#3,2038_jpg.rf.5301c4158c73f3721951ed93c9466700.jpg,0,3,3,0.972,180,det,det,template,Emboar,,,Emboar,19/114,BLW,Black & White,Rare Holo,1040.0
2039_jpg.rf.7fbcc602eac8640ff4523c66f924b658.jpg#p00#0#0,2039_jpg.rf.7fbcc602eac8640ff4523c66f924b658.jpg,0,0,0,0.973,0,det,det,template,IncineroarX,027/149,,Incineroar-GX,27/149,SUM,Sun & Moon,Rare Holo GX,1075.0
2039_jpg.rf.7fbcc602eac8640ff4523c66f924b658.jpg#p00#2#1,2039_jpg.rf.7fbcc602eac8640ff4523c66f924b658.jpg,0,2,1,0.967,0,det,det,template,Braixen,012/24,,Braixen,12/124,FCO,Fates Collide,Uncommon,1090.0
2039_jpg.rf.7fbcc602eac8640ff4523c66f924b658.jpg#p00#1#2,2039_jpg.rf.7fbcc602eac8640ff4523c66f924b658.jpg,0,1,2,0.969,0,det,det,det,Natu,051/1,FUN,Natu,96/132,SW,Secret Wonders,Common,1040.0
2039_jpg.rf.7fbcc602eac8640ff4523c66f924b658.jpg#p00#3#3,2039_jpg.rf.7fbcc602eac8640ff4523c66f924b658.jpg,0,3,3,0.967,0,det,det,det,Magnezone,,,Magnezone,47/135,PLS,Plasma Storm,Rare,1040.0
2040_jpg.rf.2b248f2b7b99e6cfa6cf465d4ca81a0d.jpg#p00#5#0,2040_jpg.rf.2b248f2b7b99e6cfa6cf465d4ca81a0d.jpg,0,5,0,0.974,180,det,det,det,Croagunk,,,Croagunk,64/149,BCR,Boundaries Crossed,Common,1040.0
2040_jpg.rf.2b248f2b7b99e6cfa6cf465d4ca81a0d.jpg#p00#2#1,2040_jpg.rf.2b248f2b7b99e6cfa6cf465d4ca81a0d.jpg,0,2,1,0.977,180,det,det,det,Pupitar,,1A,Pupitar,59/123,MT,Mysterious Treasures,Uncommon,1040.0
2040_jpg.rf.2b248f2b7b99e6cfa6cf465d4ca81a0d.jpg#p00#3#2,2040_jpg.rf.2b248f2b7b99e6cfa6cf465d4ca81a0d.jpg,0,3,2,0.977,0,det,det,template,Cheryl,159/163,,Cheryl,159/163,BST,Battle Styles,Rare Ultra,1115.0
2040_jpg.rf.2b248f2b7b99e6cfa6cf465d4ca81a0d.jpg#p00#6#3,2040_jpg.rf.2b248f2b7b99e6cfa6cf465d4ca81a0d.jpg,0,6,3,0.968,180,det,det,template,Érica,191/236,,Erika,191/236,CEC,Cosmic Eclipse,Uncommon,1075.0
2040_jpg.rf.2b248f2b7b99e6cfa6cf465d4ca81a0d.jpg#p00#0#4,2040_jpg.rf.2b248f2b7b99e6cfa6cf465d4ca81a0d.jpg,0,0,4,0.98,0,det,det,det,Miriam,238/198,SVCT,Miriam,238/198,SVI,Scarlet & Violet,Ultra Rare,1115.0
2040_jpg.rf.2b248f2b7b99e6cfa6cf465d4ca81a0d.jpg#p00#1#5,2040_jpg.rf.2b248f2b7b99e6cfa6cf465d4ca81a0d.jpg,0,1,5,0.978,180,det,det,template,Winona,096/108,,Winona,96/108,ROS,Roaring Skies,Uncommon,1115.0
2040_jpg.rf.2b248f2b7b99e6cfa6cf465d4ca81a0d.jpg#p00#4#6,2040_jpg.rf.2b248f2b7b99e6cfa6cf465d4ca81a0d.jpg,0,4,6,0.974,0,det,det,template,Helioptile,049/181,,Helioptile,49/181,TEU,Team Up,Common,1115.0
2041_jpg.rf.fbac9856652dff71726f80ffeb27925c.jpg#p00#0#0,2041_jpg.rf.fbac9856652dff71726f80ffeb27925c.jpg,0,0,0,0.985,0,det,det,template,Fornalha Gigante,019/726,,Feraligatr,17/119,PHF,Phantom Forces,Rare Holo,655.0
2041_jpg.rf.fbac9856652dff71726f80ffeb27925c.jpg#p00#4#1,2041_jpg.rf.fbac9856652dff71726f80ffeb27925c.jpg,0,4,1,0.982,0,det,det,det,Giacomo,182/193,P1N,Giacomo,182/193,PAL,Paldea Evolved,Uncommon,1115.0
2041_jpg.rf.fbac9856652dff71726f80ffeb27925c.jpg#p00#1#2,2041_jpg.rf.fbac9856652dff71726f80ffeb27925c.jpg,0,1,2,0.984,0,det,det,template,Salamence,109/203,,Salamence,109/203,EVS,Evolving Skies,Rare Holo,1115.0
2041_jpg.rf.fbac9856652dff71726f80ffeb27925c.jpg#p00#3#3,2041_jpg.rf.fbac9856652dff71726f80ffeb27925c.jpg,0,3,3,0.983,0,det,det,det,Shinx,135/91,PSR,Shinx,135/91,PAF,Paldean Fates,Shiny Rare,1115.0
2041_jpg.rf.fbac9856652dff71726f80ffeb27925c.jpg#p00#2#4,2041_jpg.rf.fbac9856652dff71726f80ffeb27925c.jpg,0,2,4,0.983,0,det,det,template,Growlithe,202/749,,Growlithe,42/130,B2,Base Set 2,Uncommon,1040.0
2041_jpg.rf.fbac9856652dff71726f80ffeb27925c.jpg#p00#7#5,2041_jpg.rf.fbac9856652dff71726f80ffeb27925c.jpg,0,7,5,0.98,0,det,det,template,Winona,096/108,,Winona,96/108,ROS,Roaring Skies,Uncommon,1115.0
2041_jpg.rf.fbac9856652dff71726f80ffeb27925c.jpg#p00#5#6,2041_jpg.rf.fbac9856652dff71726f80ffeb27925c.jpg,0,5,6,0.982,0,det,det,det,Energia Voltaica,084/64,,Energy Switch,84/100,SF,Stormfront,Uncommon,642.5925903320312
2041_jpg.rf.fbac9856652dff71726f80ffeb27925c.jpg#p00#8#7,2041_jpg.rf.fbac9856652dff71726f80ffeb27925c.jpg,0,8,7,0.98,0,det,det,template,Wimpod,008/145,,Wimpod,8/145,GRI,Guardians Rising,Common,1115.0
2041_jpg.rf.fbac9856652dff71726f80ffeb27925c.jpg#p00#6#8,2041_jpg.rf.fbac9856652dff71726f80ffeb27925c.jpg,0,6,8,0.981,0,det,det,template,SylveonVMAX,211/203,,Sylveon VMAX,211/203,EVS,Evolving Skies,Rare Rainbow,1115.0
2042_jpg.rf.4a1a61a16de1eb5805e23cfe2ea7fa20.jpg#p00#4#0,2042_jpg.rf.4a1a61a16de1eb5805e23cfe2ea7fa20.jpg,0,4,0,0.977,0,det,det,det,Defensor Férreo,110/84,EALD,Defender,109/130,B2,Base Set 2,Uncommon,651.3636474609375
2042_jpg.rf.4a1a61a16de1eb5805e23cfe2ea7fa20.jpg#p00#1#1,2042_jpg.rf.4a1a61a16de1eb5805e23cfe2ea7fa20.jpg,0,1,1,0.981,0,det,det,det,BlastoiseX,030/142,50M,Blastoise ex,30/142,SCR,Stellar Crown,Double Rare,1075.0
2042_jpg.rf.4a1a61a16de1eb5805e23cfe2ea7fa20.jpg#p00#3#2,2042_jpg.rf.4a1a61a16de1eb5805e23cfe2ea7fa20.jpg,0,3,2,0.98,0,det,det,template,Porygon-Z,,,Porygon-Z,BW84/101,BWP,BW Black Star Promos,Promo,1040.0
2042_jpg.rf.4a1a61a16de1eb5805e23cfe2ea7fa20.jpg#p00#0#3,2042_jpg.rf.4a1a61a16de1eb5805e23cfe2ea7fa20.jpg,0,0,3,0.983,0,det,det,det,Energia 4 Voltaica,084/84,PBLN,Energy Switch,84/100,SF,Stormfront,Uncommon,621.4285888671875
2042_jpg.rf.4a1a61a16de1eb5805e23cfe2ea7fa20.jpg#p00#2#4,2042_jpg.rf.4a1a61a16de1eb5805e23cfe2ea7fa20.jpg,0,2,4,0.98,0,det,det,template,Baltoy,,,Baltoy,63/124,DRX,Dragons Exalted,Common,1040.0
2043_jpg.rf.20324d10e5d5ae1ba502cc662eeeca8d.jpg#p00#0#0,2043_jpg.rf.20324d10e5d5ae1ba502cc662eeeca8d.jpg,0,0,0,0.988,0,det,template,template,Machadinha de Gelo,,,N,96/108,DEX,Dark Explorers,Uncommon,880.0
2043_jpg.rf.20324d10e5d5ae1ba502cc662eeeca8d.jpg#p00#1#1,2043_jpg.rf.20324d10e5d5ae1ba502cc662eeeca8d.jpg,0,1,1,0.986,0,det,det,template,Hitmonchan,095/202,,Hitmonchan,95/202,SSH,Sword & Shield,Uncommon,1115.0
2043_jpg.rf.20324d10e5d5ae1ba502cc662eeeca8d.jpg#p00#7#2,2043_jpg.rf.20324d10e5d5ae1ba502cc662eeeca8d.jpg,0,7,2,0.986,0,det,det,det,Eelektross,115/86,,Eelektross,115/86,BLK,Black Bolt,Illustration Rare,1115.0
2043_jpg.rf.20324d10e5d5ae1ba502cc662eeeca8d.jpg#p00#4#3,2043_jpg.rf.20324d10e5d5ae1ba502cc662eeeca8d.jpg,0,4,3,0.986,0,det,det,template,LurantisX,015/149,,Lurantis-GX,15/149,SUM,Sun & Moon,Rare Holo GX,1075.0
2043_jpg.rf.20324d10e5d5ae1ba502cc662eeeca8d.jpg#p00#8#4,2043_jpg.rf.20324d10e5d5ae1ba502cc662eeeca8d.jpg,0,8,4,0.985,0,det,det,template,Clara Petra,067/72,,Clamperl,65/264,FST,Fusion Strike,Common,681.6666870117188
2043_jpg.rf.20324d10e5d5ae1ba502cc662eeeca8d.jpg#p00#5#5,2043_jpg.rf.20324d10e5d5ae1ba502cc662eeeca8d.jpg,0,5,5,0.986,0,det,det,template,Marowak de Alola,075/236,,Marowak,73/142,SCR,Stellar Crown,Uncommon,1015.0
2043_jpg.rf.20324d10e5d5ae1ba502cc662eeeca8d.jpg#p00#6#6,2043_jpg.rf.20324d10e5d5ae1ba502cc662eeeca8d.jpg,0,6,6,0.986,0,det,det,template,Cryogonal,032/101,,Cryogonal,32/101,NVI,Noble Victories,Uncommon,1115.0
2043_jpg.rf.20324d10e5d5ae1ba502cc662eeeca8d.jpg#p00#3#7,2043_jpg.rf.20324d10e5d5ae1ba502cc662eeeca8d.jpg,0,3,7,0.986,0,det,det,det,Charcadet,038/193,,Charcadet,38/193,PAL,Paldea Evolved,Common,1115.0
2043_jpg.rf.20324d10e5d5ae1ba502cc662eeeca8d.jpg#p00#2#8,2043_jpg.rf.20324d10e5d5ae1ba502cc662eeeca8d.jpg,0,2,8,0.986,0,det,det,template,Sharpedo,028/145,,Sharpedo,28/145,GRI,Guardians Rising,Rare,1115.0
2044_jpg.rf.1e1db420d21ffe9659616e23c7482c70.jpg#p00#1#0,2044_jpg.rf.1e1db420d21ffe9659616e23c7482c70.jpg,0,1,0,0.986,0,det,det,template,Thwackey,013/202,,Thwackey,13/202,SSH,Sword & Shield,Uncommon,1115.0
2044_jpg.rf.1e1db420d21ffe9659616e23c7482c70.jpg#p00#0#1,2044_jpg.rf.1e1db420d21ffe9659616e23c7482c70.jpg,0,0,1,0.987,0,det,det,det,Rocha Férrea,,FRER,Pyroar BREAK,24/114,STS,Steam Siege,Rare BREAK,636.3636474609375
2044_jpg.rf.1e1db420d21ffe9659616e23c7482c70.jpg#p00#5#2,2044_jpg.rf.1e1db420d21ffe9659616e23c7482c70.jpg,0,5,2,0.977,0,det,det,template,Snorunt,,,Snorunt,21/101,PLB,Plasma Blast,Common,1040.0
2044_jpg.rf.1e1db420d21ffe9659616e23c7482c70.jpg#p00#3#3,2044_jpg.rf.1e1db420d21ffe9659616e23c7482c70.jpg,0,3,3,0.985,0,template,template,template,,,,Alakazam,1/130,B2,Base Set 2,Rare Holo,0.0
2044_jpg.rf.1e1db420d21ffe9659616e23c7482c70.jpg#p00#2#4,2044_jpg.rf.1e1db420d21ffe9659616e23c7482c70.jpg,0,2,4,0.986,0,det,template,template,Kakuna,,,Kakuna,47/130,B2,Base Set 2,Uncommon,1040.0
2044_jpg.rf.1e1db420d21ffe9659616e23c7482c70.jpg#p00#4#5,2044_jpg.rf.1e1db420d21ffe9659616e23c7482c70.jpg,0,4,5,0.978,0,det,det,template,Mamoswine,028/135,,Mamoswine,28/135,PLS,Plasma Storm,Rare,1115.0
2045_jpg.rf.bcac399a3fd83e8eee30754373badcea.jpg#p00#2#0,2045_jpg.rf.bcac399a3fd83e8eee30754373badcea.jpg,0,2,0,0.979,0,det,det,det,Oricorio,113/91,,Oricorio,113/91,PAF,Paldean Fates,Shiny Rare,1115.0
2045_jpg.rf.bcac399a3fd83e8eee30754373badcea.jpg#p00#0#1,2045_jpg.rf.bcac399a3fd83e8eee30754373badcea.jpg,0,0,1,0.984,0,det,det,det,Alomomola,048/190,,Alomomola,48/198,SVI,Scarlet & Violet,Common,1090.0
2045_jpg.rf.bcac399a3fd83e8eee30754373badcea.jpg#p00#1#2,2045_jpg.rf.bcac399a3fd83e8eee30754373badcea.jpg,0,1,2,0.983,0,det,det,template,Sewaddle,,,Sewaddle,3/98,EPO,Emerging Powers,Common,1040.0
2046_jpg.rf.ced126d766c3207bb96efab19beafd66.jpg#p00#3#0,2046_jpg.rf.ced126d766c3207bb96efab19beafd66.jpg,0,3,0,0.972,0,det,det,template,Reuniclus,016/127,,Reuniclus,76/113,LTR,Legendary Treasures,Rare,1040.0
2046_jpg.rf.ced126d766c3207bb96efab19beafd66.jpg#p00#0#1,2046_jpg.rf.ced126d766c3207bb96efab19beafd66.jpg,0,0,1,0.979,0,det,det,det,Floette Ange,075/86,,Meloetta,77/149,BCR,Boundaries Crossed,Rare Holo,646.5789184570312
2046_jpg.rf.ced126d766c3207bb96efab19beafd66.jpg#p00#2#2,2046_jpg.rf.ced126d766c3207bb96efab19beafd66.jpg,0,2,2,0.973,0,det,det,det,Spheal,199/191,,Spheal,199/191,SSP,Surging Sparks,Illustration Rare,1115.0
2046_jpg.rf.ced126d766c3207bb96efab19beafd66.jpg#p00#4#3,2046_jpg.rf.ced126d766c3207bb96efab19beafd66.jpg,0,4,3,0.971,0,det,det,det,Articuno,,MOA,Articuno,2/62,FO,Fossil,Rare Holo,1040.0
2046_jpg.rf.ced126d766c3207bb96efab19beafd66.jpg#p00#1#4,2046_jpg.rf.ced126d766c3207bb96efab19beafd66.jpg,0,1,4,0.978,180,det,det,template,Magearna,,,Magearna,107/159,JTG,Journey Together,Rare,1040.0
2047_jpg.rf.e580e422b1f927d269823acef29d0a92.jpg#p00#1#0,2047_jpg.rf.e580e422b1f927d269823acef29d0a92.jpg,0,1,0,0.974,180,det,det,template,Ho-OhX,,,Ho-oh,52/53,WBP,Wizards Black Star Promos,Promo,1000.0
2047_jpg.rf.e580e422b1f927d269823acef29d0a92.jpg#p00#3#1,2047_jpg.rf.e580e422b1f927d269823acef29d0a92.jpg,0,3,1,0.942,180,det,det,det,Zacian@do Lupo,,UGA,Hop,165/202,SSH,Sword & Shield,Uncommon,1000.0
2047_jpg.rf.e580e422b1f927d269823acef29d0a92.jpg#p00#2#2,2047_jpg.rf.e580e422b1f927d269823acef29d0a92.jpg,0,2,2,0.968,180,det,det,det,Tympole,,,Tympole,31/108,DEX,Dark Explorers,Common,1040.0
2047_jpg.rf.e580e422b1f927d269823acef29d0a92.jpg#p00#0#3,2047_jpg.rf.e580e422b1f927d269823acef29d0a92.jpg,0,0,3,0.975,180,det,det,template,Victini,031/104,,Victini,30/236,CEC,Cosmic Eclipse,Rare Holo,1055.0
2048_jpg.rf.200fa7e9d41aa412d89f154fa4189c28.jpg#p00#1#0,2048_jpg.rf.200fa7e9d41aa412d89f154fa4189c28.jpg,0,1,0,0.981,0,det,det,template,Duosion,,,Duosion,56/114,BLW,Black & White,Uncommon,1040.0
2048_jpg.rf.200fa7e9d41aa412d89f154fa4189c28.jpg#p00#6#1,2048_jpg.rf.200fa7e9d41aa412d89f154fa4189c28.jpg,0,6,1,0.972,0,det,det,template,Salamence,,,Salamence,8/20,DRV,Dragon Vault,Rare Holo,1040.0
2048_jpg.rf.200fa7e9d41aa412d89f154fa4189c28.jpg#p00#4#2,2048_jpg.rf.200fa7e9d41aa412d89f154fa4189c28.jpg,0,4,2,0.975,0,det,det,det,Kaya,,VZ0,Koga,19/132,G2,Gym Challenge,Rare Holo,900.0
2048_jpg.rf.200fa7e9d41aa412d89f154fa4189c28.jpg#p00#5#3,2048_jpg.rf.200fa7e9d41aa412d89f154fa4189c28.jpg,0,5,3,0.975,180,det,det,template,Lopunny,145/128,,Lopunny,145/195,SIT,Silver Tempest,Uncommon,1090.0
2048_jpg.rf.200fa7e9d41aa412d89f154fa4189c28.jpg#p00#2#4,2048_jpg.rf.200fa7e9d41aa412d89f154fa4189c28.jpg,0,2,4,0.98,0,det,det,det,Rhydon,007/510,,Rhydon,98/202,SSH,Sword & Shield,Uncommon,1040.0
2048_jpg.rf.200fa7e9d41aa412d89f154fa4189c28.jpg#p00#0#5,2048_jpg.rf.200fa7e9d41aa412d89f154fa4189c28.jpg,0,0,5,0.983,0,det,det,template,Aron,033/214,,Aron,123/214,UNB,Unbroken Bonds,Common,1065.0
2048_jpg.rf.200fa7e9d41aa412d89f154fa4189c28.jpg#p00#3#6,2048_jpg.rf.200fa7e9d41aa412d89f154fa4189c28.jpg,0,3,6,0.978,180,det,det,template,Mamoswine,028/135,,Mamoswine,28/135,PLS,Plasma Storm,Rare,1115.0
2049_jpg.rf.607ed7bf856d30142b8d830f7b6aa87a.jpg#p00#4#0,2049_jpg.rf.607ed7bf856d30142b8d830f7b6aa87a.jpg,0,4,0,0.974,0,det,det,det,Hydrapple,,,Hydrapple,18/182,DRI,Destined Rivals,Rare,1040.0
2049_jpg.rf.607ed7bf856d30142b8d830f7b6aa87a.jpg#p00#0#1,2049_jpg.rf.607ed7bf856d30142b8d830f7b6aa87a.jpg,0,0,1,0.982,0,det,det,template,Carvanha,011/973,,Carvanha,11/73,CPA,Champion's Path,Common,1090.0
2049_jpg.rf.607ed7bf856d30142b8d830f7b6aa87a.jpg#p00#1#2,2049_jpg.rf.607ed7bf856d30142b8d830f7b6aa87a.jpg,0,1,2,0.978,0,template,det,template,ENERG,,,R Energy,95/109,TR,Team Rocket Returns,Uncommon,1000.0
2049_jpg.rf.607ed7bf856d30142b8d830f7b6aa87a.jpg#p00#3#3,2049_jpg.rf.607ed7bf856d30142b8d830f7b6aa87a.jpg,0,3,3,0.975,180,det,det,template,Boltund,076/202,,Boltund,76/202,SSH,Sword & Shield,Rare Holo,1115.0
2049_jpg.rf.607ed7bf856d30142b8d830f7b6aa87a.jpg#p00#2#4,2049_jpg.rf.607ed7bf856d30142b8d830f7b6aa87a.jpg,0,2,4,0.978,180,det,det,det,Pupitar,018/151,,Pupitar,47/100,SF,Stormfront,Uncommon,1040.0
2050_jpg.rf.89af78a0ba8eb3bbe9a717c491443b55.jpg#p00#7#0,2050_jpg.rf.89af78a0ba8eb3bbe9a717c491443b55.jpg,0,7,0,0.983,0,det,det,template,Snorunt,,,Snorunt,21/101,PLB,Plasma Blast,Common,1040.0
2050_jpg.rf.89af78a0ba8eb3bbe9a717c491443b55.jpg#p00#1#1,2050_jpg.rf.89af78a0ba8eb3bbe9a717c491443b55.jpg,0,1,1,0.987,0,det,det,det,Kaya,258/182,PARM,Koga,19/132,G2,Gym Challenge,Rare Holo,900.0
2050_jpg.rf.89af78a0ba8eb3bbe9a717c491443b55.jpg#p00#0#2,2050_jpg.rf.89af78a0ba8eb3bbe9a717c491443b55.jpg,0,0,2,0.991,0,det,det,template,Shauna,,,Shauna,72/83,GEN,Generations,Uncommon,1040.0
2050_jpg.rf.89af78a0ba8eb3bbe9a717c491443b55.jpg#p00#5#3,2050_jpg.rf.89af78a0ba8eb3bbe9a717c491443b55.jpg,0,5,3,0.984,0,det,det,template,Spinarak,112/196,,Spinarak,112/196,LOR,Lost Origin,Common,1115.0
2050_jpg.rf.89af78a0ba8eb3bbe9a717c491443b55.jpg#p00#4#4,2050_jpg.rf.89af78a0ba8eb3bbe9a717c491443b55.jpg,0,4,4,0.985,0,det,det,template,Fraxure,213/672,,Fraxure,14/20,DRV,Dragon Vault,Rare Holo,1040.0
2050_jpg.rf.89af78a0ba8eb3bbe9a717c491443b55.jpg#p00#3#5,2050_jpg.rf.89af78a0ba8eb3bbe9a717c491443b55.jpg,0,3,5,0.985,0,det,det,det,Chien-PaoeX,242/91,2O,Chien-Pao ex,242/91,PAF,Paldean Fates,Hyper Rare,1115.0
2050_jpg.rf.89af78a0ba8eb3bbe9a717c491443b55.jpg#p00#8#6,2050_jpg.rf.89af78a0ba8eb3bbe9a717c491443b55.jpg,0,8,6,0.979,0,det,det,template,LurantisGX,015/129,,Lurantis-GX,15/149,SUM,Sun & Moon,Rare Holo GX,1090.0
2050_jpg.rf.89af78a0ba8eb3bbe9a717c491443b55.jpg#p00#2#7,2050_jpg.rf.89af78a0ba8eb3bbe9a717c491443b55.jpg,0,2,7,0.985,0,det,det,template,Salamence,109/203,,Salamence,109/203,EVS,Evolving Skies,Rare Holo,1115.0
2050_jpg.rf.89af78a0ba8eb3bbe9a717c491443b55.jpg#p00#6#8,2050_jpg.rf.89af78a0ba8eb3bbe9a717c491443b55.jpg,0,6,8,0.983,0,det,det,template,Zorua,,,Zorua,70/114,BLW,Black & White,Common,1040.0
2051_jpg.rf.3d868e7ad74bf044447f623ad68314f0.jpg#p00#1#0,2051_jpg.rf.3d868e7ad74bf044447f623ad68314f0.jpg,0,1,0,0.981,0,det,det,det,BlastoiseeX,010/142,SER,Blastoise ex,30/142,SCR,Stellar Crown,Double Rare,1065.0
2051_jpg.rf.3d868e7ad74bf044447f623ad68314f0.jpg#p00#0#1,2051_jpg.rf.3d868e7ad74bf044447f623ad68314f0.jpg,0,0,1,0.984,0,det,det,det,Kaya,258/182,AC,Koga,19/132,G2,Gym Challenge,Rare Holo,900.0
2051_jpg.rf.3d868e7ad74bf044447f623ad68314f0.jpg#p00#2#2,2051_jpg.rf.3d868e7ad74bf044447f623ad68314f0.jpg,0,2,2,0.98,0,det,det,det,Parasect,047/165,,Parasect,47/165,MEW,151,Uncommon,1115.0
2051_jpg.rf.3d868e7ad74bf044447f623ad68314f0.jpg#p00#3#3,2051_jpg.rf.3d868e7ad74bf044447f623ad68314f0.jpg,0,3,3,0.977,0,det,det,det,Chien-PaoeX,202/1,00,Chien-Pao ex,61/193,PAL,Paldea Evolved,Double Rare,1040.0
2052_jpg.rf.b968c5aa5c16d45967debf9532a52c2b.jpg#p00#4#0,2052_jpg.rf.b968c5aa5c16d45967debf9532a52c2b.jpg,0,4,0,0.982,0,det,det,template,StoutlandV,117/163,,Stoutland V,117/163,BST,Battle Styles,Rare Holo V,1115.0
2052_jpg.rf.b968c5aa5c16d45967debf9532a52c2b.jpg#p00#0#1,2052_jpg.rf.b968c5aa5c16d45967debf9532a52c2b.jpg,0,0,1,0.987,0,det,det,template,Exploud,137/185,,Exploud,137/185,VIV,Vivid Voltage,Rare,1115.0
2052_jpg.rf.b968c5aa5c16d45967debf9532a52c2b.jpg#p00#1#2,2052_jpg.rf.b968c5aa5c16d45967debf9532a52c2b.jpg,0,1,2,0.986,0,det,det,det,Tranquill,139/66,,Tranquill,144/192,RCL,Rebel Clash,Uncommon,1040.0
2052_jpg.rf.b968c5aa5c16d45967debf9532a52c2b.jpg#p00#2#3,2052_jpg.rf.b968c5aa5c16d45967debf9532a52c2b.jpg,0,2,3,0.985,0,det,det,template,Pal Pad,172/202,,Pal Pad,172/202,SSH,Sword & Shield,Uncommon,1115.0
2052_jpg.rf.b968c5aa5c16d45967debf9532a52c2b.jpg#p00#5#4,2052_jpg.rf.b968c5aa5c16d45967debf9532a52c2b.jpg,0,5,4,0.98,0,det,det,template,Victini,010/145,,Victini,10/145,GRI,Guardians Rising,Rare Holo,1115.0
2052_jpg.rf.b968c5aa5c16d45967debf9532a52c2b.jpg#p00#7#5,2052_jpg.rf.b968c5aa5c16d45967debf9532a52c2b.jpg,0,7,5,0.98,0,det,det,template,Regidrago,924/203,,Regidrago,124/203,EVS,Evolving Skies,Rare Holo,1065.0
2052_jpg.rf.b968c5aa5c16d45967debf9532a52c2b.jpg#p00#6#6,2052_jpg.rf.b968c5aa5c16d45967debf9532a52c2b.jpg,0,6,6,0.98,0,det,det,template,Cottonee,009/214,,Cottonee,9/98,EPO,Emerging Powers,Common,1090.0
2052_jpg.rf.b968c5aa5c16d45967debf9532a52c2b.jpg#p00#3#7,2052_jpg.rf.b968c5aa5c16d45967debf9532a52c2b.jpg,0,3,7,0.983,0,det,det,det,Scorbunny,225/217,ASCN,Scorbunny,225/217,ASC,Ascended Heroes,Illustration Rare,1115.0
2053_jpg.rf.b0b9919fe79e930a5e67d3a0589214d4.jpg#p00#2#0,2053_jpg.rf.b0b9919fe79e930a5e67d3a0589214d4.jpg,0,2,0,0.985,0,det,det,template,SteelixEX,102/13,,Steelix ex,109/115,UF,Unseen Forces,Rare Holo EX,1040.0
2053_jpg.rf.b0b9919fe79e930a5e67d3a0589214d4.jpg#p00#7#1,2053_jpg.rf.b0b9919fe79e930a5e67d3a0589214d4.jpg,0,7,1,0.981,0,det,det,det,Infernape,,,Infernape,17/135,PLS,Plasma Storm,Rare Holo,1040.0
2053_jpg.rf.b0b9919fe79e930a5e67d3a0589214d4.jpg#p00#8#2,2053_jpg.rf.b0b9919fe79e930a5e67d3a0589214d4.jpg,0,8,2,0.981,0,det,det,det,Mega Pyroar eX,015/86,CRIPT,Mega Charizard X ex,13/94,PFL,Phantasmal Flames,Double Rare,1015.0
2053_jpg.rf.b0b9919fe79e930a5e67d3a0589214d4.jpg#p00#0#3,2053_jpg.rf.b0b9919fe79e930a5e67d3a0589214d4.jpg,0,0,3,0.987,0,det,det,template,Hypno,061/195,,Hypno,61/195,SIT,Silver Tempest,Uncommon,1115.0
2053_jpg.rf.b0b9919fe79e930a5e67d3a0589214d4.jpg#p00#3#4,2053_jpg.rf.b0b9919fe79e930a5e67d3a0589214d4.jpg,0,3,4,0.984,0,det,det,det,Forretress,139/198,SVIRT,Forretress,139/198,SVI,Scarlet & Violet,Uncommon,1115.0
2053_jpg.rf.b0b9919fe79e930a5e67d3a0589214d4.jpg#p00#5#5,2053_jpg.rf.b0b9919fe79e930a5e67d3a0589214d4.jpg,0,5,5,0.983,0,det,det,det,MimikyU da Equipe Rocket,097/217,1SCN,Team Rocket's Mimikyu,97/217,ASC,Ascended Heroes,Uncommon,1075.0
2053_jpg.rf.b0b9919fe79e930a5e67d3a0589214d4.jpg#p00#6#6,2053_jpg.rf.b0b9919fe79e930a5e67d3a0589214d4.jpg,0,6,6,0.982,0,det,det,template,VileplumeX,004/236,,Vileplume-GX,4/236,CEC,Cosmic Eclipse,Rare Holo GX,1075.0
2053_jpg.rf.b0b9919fe79e930a5e67d3a0589214d4.jpg#p00#4#7,2053_jpg.rf.b0b9919fe79e930a5e67d3a0589214d4.jpg,0,4,7,0.983,0,det,det,det,Articuno,161/159,LOA,Articuno,161/159,JTG,Journey Together,Illustration Rare,1115.0
2053_jpg.rf.b0b9919fe79e930a5e67d3a0589214d4.jpg#p00#1#8,2053_jpg.rf.b0b9919fe79e930a5e67d3a0589214d4.jpg,0,1,8,0.986,0,det,det,det,Quadra de Praia,263/182,PAE,Zeraora VMAX,SWSH264/307,SWSHP,SWSH Black Star Promos,Promo,431.6666564941406
2054_jpg.rf.9ada4c44b48964de938b761b77f8a92a.jpg#p00#5#0,2054_jpg.rf.9ada4c44b48964de938b761b77f8a92a.jpg,0,5,0,0.985,0,det,det,template,WhimsicottV,150/72,,Whimsicott V,160/172,BRS,Brilliant Stars,Rare Ultra,1040.0
2054_jpg.rf.9ada4c44b48964de938b761b77f8a92a.jpg#p00#1#1,2054_jpg.rf.9ada4c44b48964de938b761b77f8a92a.jpg,0,1,1,0.988,0,det,det,template,Gligar,,,Gligar,80/149,BCR,Boundaries Crossed,Common,1040.0
2054_jpg.rf.9ada4c44b48964de938b761b77f8a92a.jpg#p00#0#2,2054_jpg.rf.9ada4c44b48964de938b761b77f8a92a.jpg,0,0,2,0.988,0,det,det,template,Rattata,011/160,,Rattata,60/88,POR,Perfect Order,Common,1040.0
2054_jpg.rf.9ada4c44b48964de938b761b77f8a92a.jpg#p00#7#3,2054_jpg.rf.9ada4c44b48964de938b761b77f8a92a.jpg,0,7,3,0.984,0,det,det,det,Scorbunny,225/217,,Scorbunny,225/217,ASC,Ascended Heroes,Illustration Rare,1115.0
2054_jpg.rf.9ada4c44b48964de938b761b77f8a92a.jpg#p00#4#4,2054_jpg.rf.9ada4c44b48964de938b761b77f8a92a.jpg,0,4,4,0.986,0,det,det,det,Mega Dragalge eX,118/86,RIN,Mega Starmie ex,118/88,POR,Perfect Order,Special Illustration Rare,1050.0
2054_jpg.rf.9ada4c44b48964de938b761b77f8a92a.jpg#p00#2#5,2054_jpg.rf.9ada4c44b48964de938b761b77f8a92a.jpg,0,2,5,0.987,0,det,det,template,Fletchinder,031/185,,Fletchinder,31/189,DAA,Darkness Ablaze,Uncommon,1090.0
2054_jpg.rf.9ada4c44b48964de938b761b77f8a92a.jpg#p00#6#6,2054_jpg.rf.9ada4c44b48964de938b761b77f8a92a.jpg,0,6,6,0.984,0,det,det,template,Wigglytuff,050/146,,Wigglytuff,90/146,XY,XY,Rare,1065.0
2054_jpg.rf.9ada4c44b48964de938b761b77f8a92a.jpg#p00#8#7,2054_jpg.rf.9ada4c44b48964de938b761b77f8a92a.jpg,0,8,7,0.983,0,det,det,template,DuraludonVMAX,021/520,,Duraludon VMAX,TG21/30,SIT,Silver Tempest,Rare Holo VMAX,1090.0
2054_jpg.rf.9ada4c44b48964de938b761b77f8a92a.jpg#p00#3#8,2054_jpg.rf.9ada4c44b48964de938b761b77f8a92a.jpg,0,3,8,0.986,0,det,det,det,Cubchoo,109/86,,Cubchoo,109/86,BLK,Black Bolt,Illustration Rare,1115.0
2055_jpg.rf.135dabba0deddc9739f15fe27c52ca64.jpg#p00#0#0,2055_jpg.rf.135dabba0deddc9739f15fe27c52ca64.jpg,0,0,0,0.987,180,det,det,det,Mega Clefable @X,119/88,PORN,Mega Clefable ex,119/88,POR,Perfect Order,Special Illustration Rare,1075.0
2055_jpg.rf.135dabba0deddc9739f15fe27c52ca64.jpg#p00#1#1,2055_jpg.rf.135dabba0deddc9739f15fe27c52ca64.jpg,0,1,1,0.98,180,det,template,template,Lucario X,,,Lucario,BW85/101,BWP,BW Black Star Promos,Promo,1000.0
2055_jpg.rf.135dabba0deddc9739f15fe27c52ca64.jpg#p00#3#2,2055_jpg.rf.135dabba0deddc9739f15fe27c52ca64.jpg,0,3,2,0.977,0,det,det,template,Bisharp,073/116,,Bisharp,73/116,PLF,Plasma Freeze,Rare,1115.0
2055_jpg.rf.135dabba0deddc9739f15fe27c52ca64.jpg#p00#2#3,2055_jpg.rf.135dabba0deddc9739f15fe27c52ca64.jpg,0,2,3,0.977,180,det,det,det,Gumshoos,,,Gumshoos,110/132,MEG,Mega Evolution,Uncommon,1040.0
2056_jpg.rf.1028a3e7922a137267049953b041e858.jpg#p00#3#0,2056_jpg.rf.1028a3e7922a137267049953b041e858.jpg,0,3,0,0.985,0,det,det,det,Pinsir,168/167,TOME,Pinsir,168/167,TWM,Twilight Masquerade,Illustration Rare,1115.0
2056_jpg.rf.1028a3e7922a137267049953b041e858.jpg#p00#2#1,2056_jpg.rf.1028a3e7922a137267049953b041e858.jpg,0,2,1,0.986,0,det,det,template,Eelektross,059/185,,Eelektross,59/185,VIV,Vivid Voltage,Rare,1115.0
2056_jpg.rf.1028a3e7922a137267049953b041e858.jpg#p00#5#2,2056_jpg.rf.1028a3e7922a137267049953b041e858.jpg,0,5,2,0.985,0,det,det,template,StoutlandV,117/163,,Stoutland V,117/163,BST,Battle Styles,Rare Holo V,1115.0
2056_jpg.rf.1028a3e7922a137267049953b041e858.jpg#p00#6#3,2056_jpg.rf.1028a3e7922a137267049953b041e858.jpg,0,6,3,0.984,0,det,det,template,Carbink,108/196,,Carbink,108/196,LOR,Lost Origin,Uncommon,1115.0
2056_jpg.rf.1028a3e7922a137267049953b041e858.jpg#p00#4#4,2056_jpg.rf.1028a3e7922a137267049953b041e858.jpg,0,4,4,0.985,0,det,det,det,Duskull,068/64,SAW,Duskull,68/64,SFA,Shrouded Fable,Illustration Rare,1115.0
2056_jpg.rf.1028a3e7922a137267049953b041e858.jpg#p00#8#5,2056_jpg.rf.1028a3e7922a137267049953b041e858.jpg,0,8,5,0.981,0,det,det,template,Tapu KokoV,072/202,,Tapu Koko V,72/202,SSH,Sword & Shield,Rare Holo V,1115.0
2056_jpg.rf.1028a3e7922a137267049953b041e858.jpg#p00#7#6,2056_jpg.rf.1028a3e7922a137267049953b041e858.jpg,0,7,6,0.984,0,det,det,template,Sewaddle,,,Sewaddle,3/98,EPO,Emerging Powers,Common,1040.0
2056_jpg.rf.1028a3e7922a137267049953b041e858.jpg#p00#1#7,2056_jpg.rf.1028a3e7922a137267049953b041e858.jpg,0,1,7,0.989,0,det,det,det,Doce Raro,175/132,MEGR,Drapion V,175/185,VIV,Vivid Voltage,Rare Ultra,550.0
2056_jpg.rf.1028a3e7922a137267049953b041e858.jpg#p00#0#8,2056_jpg.rf.1028a3e7922a137267049953b041e858.jpg,0,0,8,0.991,0,det,det,template,Bronzor,101/163,,Bronzor,101/163,BST,Battle Styles,Common,1115.0
2057_jpg.rf.b8338d6c2e1a8c5812be03981b5e5d10.jpg#p00#2#0,2057_jpg.rf.b8338d6c2e1a8c5812be03981b5e5d10.jpg,0,2,0,0.975,180,det,template,template,CobalionX,,,Cobalion,BW72/101,BWP,BW Black Star Promos,Promo,1000.0
2057_jpg.rf.b8338d6c2e1a8c5812be03981b5e5d10.jpg#p00#1#1,2057_jpg.rf.b8338d6c2e1a8c5812be03981b5e5d10.jpg,0,1,1,0.982,0,det,det,det,Kaya,,FU,Koga,19/132,G2,Gym Challenge,Rare Holo,900.0
2057_jpg.rf.b8338d6c2e1a8c5812be03981b5e5d10.jpg#p00#3#2,2057_jpg.rf.b8338d6c2e1a8c5812be03981b5e5d10.jpg,0,3,2,0.972,0,det,det,det,Steelix,208/182,RA,Steelix,208/182,PAR,Paradox Rift,Illustration Rare,1115.0
2057_jpg.rf.b8338d6c2e1a8c5812be03981b5e5d10.jpg#p00#0#3,2057_jpg.rf.b8338d6c2e1a8c5812be03981b5e5d10.jpg,0,0,3,0.988,0,det,det,template,Passimian,125/236,,Passimian,125/236,CEC,Cosmic Eclipse,Common,1115.0
2058_jpg.rf.c34eee6008afbf001d825bf8ecebe3c4.jpg#p00#1#0,2058_jpg.rf.c34eee6008afbf001d825bf8ecebe3c4.jpg,0,1,0,0.985,0,det,det,template,Fornalha Gigante,197/236,,Floragato,197/193,PAL,Paldea Evolved,Illustration Rare,633.3333129882812
2058_jpg.rf.c34eee6008afbf001d825bf8ecebe3c4.jpg#p00#0#1,2058_jpg.rf.c34eee6008afbf001d825bf8ecebe3c4.jpg,0,0,1,0.988,0,det,det,template,Grande Bola,119/149,,Great Ball,119/149,SUM,Sun & Moon,Uncommon,601.3157958984375
2058_jpg.rf.c34eee6008afbf001d825bf8ecebe3c4.jpg#p00#3#2,2058_jpg.rf.c34eee6008afbf001d825bf8ecebe3c4.jpg,0,3,2,0.977,0,det,det,template,SylveonV,072/203,,Sylveon V,74/203,EVS,Evolving Skies,Rare Holo V,1080.0
2058_jpg.rf.c34eee6008afbf001d825bf8ecebe3c4.jpg#p00#2#3,2058_jpg.rf.c34eee6008afbf001d825bf8ecebe3c4.jpg,0,2,3,0.979,0,det,det,det,Recruta da Equipe Star,195/198,SVIR,Leafeon VSTAR,SWSH195/307,SWSHP,SWSH Black Star Promos,Promo,501.6129150390625
2059_jpg.rf.7d25c56ac8311593812919ac03ec4a40.jpg#p00#2#0,2059_jpg.rf.7d25c56ac8311593812919ac03ec4a40.jpg,0,2,0,0.981,180,det,det,template,Magearna,131/214,,Magearna,131/214,LOT,Lost Thunder,Uncommon,1115.0
2059_jpg.rf.7d25c56ac8311593812919ac03ec4a40.jpg#p00#4#1,2059_jpg.rf.7d25c56ac8311593812919ac03ec4a40.jpg,0,4,1,0.979,0,det,det,det,Aromatisse,,,Aromatisse,36/88,POR,Perfect Order,Uncommon,1040.0
2059_jpg.rf.7d25c56ac8311593812919ac03ec4a40.jpg#p00#3#2,2059_jpg.rf.7d25c56ac8311593812919ac03ec4a40.jpg,0,3,2,0.98,180,det,det,template,Cryogonal,032/141,,Cryogonal,32/101,NVI,Noble Victories,Uncommon,1090.0
2059_jpg.rf.7d25c56ac8311593812919ac03ec4a40.jpg#p00#1#3,2059_jpg.rf.7d25c56ac8311593812919ac03ec4a40.jpg,0,1,3,0.981,0,det,det,template,Petilil,,,Petilil,9/114,BLW,Black & White,Common,1040.0
2059_jpg.rf.7d25c56ac8311593812919ac03ec4a40.jpg#p00#0#4,2059_jpg.rf.7d25c56ac8311593812919ac03ec4a40.jpg,0,0,4,0.982,180,det,det,template,Jellicent,045/749,,Jellicent,45/149,BCR,Boundaries Crossed,Rare,1090.0
2059_jpg.rf.7d25c56ac8311593812919ac03ec4a40.jpg#p00#5#5,2059_jpg.rf.7d25c56ac8311593812919ac03ec4a40.jpg,0,5,5,0.978,180,det,det,det,Cofagrigus,040/85,CD,Cofagrigus,40/86,WHT,White Flare,Rare,1090.0
2060_jpg.rf.593673d789c153659bd52fcbbc6c2e65.jpg#p00#3#0,2060_jpg.rf.593673d789c153659bd52fcbbc6c2e65.jpg,0,3,0,0.989,0,det,template,template,Lucario X,,,Lucario,BW85/101,BWP,BW Black Star Promos,Promo,1000.0
2060_jpg.rf.593673d789c153659bd52fcbbc6c2e65.jpg#p00#0#1,2060_jpg.rf.593673d789c153659bd52fcbbc6c2e65.jpg,0,0,1,0.991,0,det,det,template,Arezu,182/126,,Arezu,153/196,LOR,Lost Origin,Uncommon,1040.0
2060_jpg.rf.593673d789c153659bd52fcbbc6c2e65.jpg#p00#5#2,2060_jpg.rf.593673d789c153659bd52fcbbc6c2e65.jpg,0,5,2,0.984,0,det,det,template,Surskit,013/160,,Surskit,13/160,PRC,Primal Clash,Common,1115.0
2060_jpg.rf.593673d789c153659bd52fcbbc6c2e65.jpg#p00#7#3,2060_jpg.rf.593673d789c153659bd52fcbbc6c2e65.jpg,0,7,3,0.984,0,det,det,template,MalamarVAx,157/297,,Malamar V,121/192,RCL,Rebel Clash,Rare Holo V,1000.0
2060_jpg.rf.593673d789c153659bd52fcbbc6c2e65.jpg#p00#1#4,2060_jpg.rf.593673d789c153659bd52fcbbc6c2e65.jpg,0,1,4,0.99,0,det,det,det,Crocalor,202/193,PALR,Crocalor,202/193,PAL,Paldea Evolved,Illustration Rare,1115.0
2060_jpg.rf.593673d789c153659bd52fcbbc6c2e65.jpg#p00#6#5,2060_jpg.rf.593673d789c153659bd52fcbbc6c2e65.jpg,0,6,5,0.984,0,det,det,det,Drita,220/167,TWMPS,Erika,16/132,G1,Gym Heroes,Rare Holo,900.0
2060_jpg.rf.593673d789c153659bd52fcbbc6c2e65.jpg#p00#2#6,2060_jpg.rf.593673d789c153659bd52fcbbc6c2e65.jpg,0,2,6,0.989,0,det,det,template,Aspirador Perdido,135/159,,Vaporeon,134/165,MEW,151,Rare,515.0
2060_jpg.rf.593673d789c153659bd52fcbbc6c2e65.jpg#p00#4#7,2060_jpg.rf.593673d789c153659bd52fcbbc6c2e65.jpg,0,4,7,0.987,0,det,det,template,Boltund,076/202,,Boltund,76/202,SSH,Sword & Shield,Rare Holo,1115.0
2060_jpg.rf.593673d789c153659bd52fcbbc6c2e65.jpg#p00#8#8,2060_jpg.rf.593673d789c153659bd52fcbbc6c2e65.jpg,0,8,8,0.983,0,det,det,template,KartanaX,,,Kartana,101/168,CES,Celestial Storm,Rare,1000.0
2061_jpg.rf.c831aab3001a6bcbb26ffa335e69963f.jpg#p00#1#0,2061_jpg.rf.c831aab3001a6bcbb26ffa335e69963f.jpg,0,1,0,0.979,0,det,det,det,Koraidon@X,,,Koraidon ex,121/217,ASC,Ascended Heroes,Double Rare,1000.0
2061_jpg.rf.c831aab3001a6bcbb26ffa335e69963f.jpg#p00#4#1,2061_jpg.rf.c831aab3001a6bcbb26ffa335e69963f.jpg,0,4,1,0.97,0,det,det,template,Talonflame,,,Talonflame,14/88,POR,Perfect Order,Uncommon,1040.0
2061_jpg.rf.c831aab3001a6bcbb26ffa335e69963f.jpg#p00#0#2,2061_jpg.rf.c831aab3001a6bcbb26ffa335e69963f.jpg,0,0,2,0.981,0,det,det,template,Vaporeon,025/108,,Vaporeon,25/108,DEX,Dark Explorers,Uncommon,1115.0
2061_jpg.rf.c831aab3001a6bcbb26ffa335e69963f.jpg#p00#3#3,2061_jpg.rf.c831aab3001a6bcbb26ffa335e69963f.jpg,0,3,3,0.972,180,det,det,template,Urshifu Golpe FluidoV,087/161,,Rapid Strike Urshifu V,87/163,BST,Battle Styles,Rare Holo V,471.0526428222656
2061_jpg.rf.c831aab3001a6bcbb26ffa335e69963f.jpg#p00#2#4,2061_jpg.rf.c831aab3001a6bcbb26ffa335e69963f.jpg,0,2,4,0.973,180,det,det,template,Pincurchin,,,Pincurchin,72/193,PAL,Paldea Evolved,Common,1040.0
2062_jpg.rf.03013eac9676491dc58585777a6ea254.jpg#p00#0#0,2062_jpg.rf.03013eac9676491dc58585777a6ea254.jpg,0,0,0,0.978,0,template,template,template,,,,Alakazam,1/130,B2,Base Set 2,Rare Holo,0.0
2062_jpg.rf.03013eac9676491dc58585777a6ea254.jpg#p00#5#1,2062_jpg.rf.03013eac9676491dc58585777a6ea254.jpg,0,5,1,0.97,180,det,det,det,Remoraid,,,Remoraid,18/101,PLB,Plasma Blast,Common,1040.0
2062_jpg.rf.03013eac9676491dc58585777a6ea254.jpg#p00#4#2,2062_jpg.rf.03013eac9676491dc58585777a6ea254.jpg,0,4,2,0.976,180,det,det,det,CastformFormatolarada,,,Castform,30/101,HL,Hidden Legends,Uncommon,880.0
2062_jpg.rf.03013eac9676491dc58585777a6ea254.jpg#p00#3#3,2062_jpg.rf.03013eac9676491dc58585777a6ea254.jpg,0,3,3,0.977,0,det,det,template,Favor da Misty,233/216,,Misty's Favor,235/236,UNM,Unified Minds,Rare Ultra,1015.0
2062_jpg.rf.03013eac9676491dc58585777a6ea254.jpg#p00#2#4,2062_jpg.rf.03013eac9676491dc58585777a6ea254.jpg,0,2,4,0.977,180,det,det,template,Sableye,120/202,,Sableye V,120/202,SSH,Sword & Shield,Rare Holo V,1075.0
2062_jpg.rf.03013eac9676491dc58585777a6ea254.jpg#p00#1#5,2062_jpg.rf.03013eac9676491dc58585777a6ea254.jpg,0,1,5,0.977,0,det,det,det,Stoutland,076/46,,Stoutland,76/86,WHT,White Flare,Uncommon,1090.0
2063_jpg.rf.e5e951254f82366aa8263c80fb424f33.jpg#p00#0#0,2063_jpg.rf.e5e951254f82366aa8263c80fb424f33.jpg,0,0,0,0.985,0,det,det,template,Pansear,,,Pansear,21/114,BLW,Black & White,Common,1040.0
2063_jpg.rf.e5e951254f82366aa8263c80fb424f33.jpg#p00#6#1,2063_jpg.rf.e5e951254f82366aa8263c80fb424f33.jpg,0,6,1,0.98,0,det,det,template,Bronzor,101/163,,Bronzor,101/163,BST,Battle Styles,Common,1115.0
2063_jpg.rf.e5e951254f82366aa8263c80fb424f33.jpg#p00#4#2,2063_jpg.rf.e5e951254f82366aa8263c80fb424f33.jpg,0,4,2,0.982,0,det,det,template,Pesquisa de Professores,197/721,,Hisuian Samurott VSTAR,197/189,ASR,Astral Radiance,Rare Rainbow,489.0243835449219
2063_jpg.rf.e5e951254f82366aa8263c80fb424f33.jpg#p00#3#3,2063_jpg.rf.e5e951254f82366aa8263c80fb424f33.jpg,0,3,3,0.983,0,det,det,template,GyaradosEX,026/122,,Gyarados-EX,26/122,BKP,BREAKpoint,Rare Holo EX,1115.0
2063_jpg.rf.e5e951254f82366aa8263c80fb424f33.jpg#p00#1#4,2063_jpg.rf.e5e951254f82366aa8263c80fb424f33.jpg,0,1,4,0.985,0,det,det,det,Lopunny,084/131,FRER,Lopunny,84/131,PRE,Prismatic Evolutions,Common,1115.0
2063_jpg.rf.e5e951254f82366aa8263c80fb424f33.jpg#p00#7#5,2063_jpg.rf.e5e951254f82366aa8263c80fb424f33.jpg,0,7,5,0.98,0,det,det,template,Stunfisk,068/101,,Stunfisk,68/101,NVI,Noble Victories,Uncommon,1115.0
2063_jpg.rf.e5e951254f82366aa8263c80fb424f33.jpg#p00#2#6,2063_jpg.rf.e5e951254f82366aa8263c80fb424f33.jpg,0,2,6,0.983,0,det,det,det,MurkroW da Equipe Rocket,127/182,DRIN,Team Rocket's Murkrow,127/182,DRI,Destined Rivals,Uncommon,1075.0
2063_jpg.rf.e5e951254f82366aa8263c80fb424f33.jpg#p00#5#7,2063_jpg.rf.e5e951254f82366aa8263c80fb424f33.jpg,0,5,7,0.981,0,det,det,template,Staryu,,,Staryu,95/130,B2,Base Set 2,Common,1040.0
2064_jpg.rf.69d68ddf7021fe3f9c6d0095256fc6c4.jpg#p00#5#0,2064_jpg.rf.69d68ddf7021fe3f9c6d0095256fc6c4.jpg,0,5,0,0.985,0,det,det,template,Grande Bola,119/149,,Great Ball,119/149,SUM,Sun & Moon,Uncommon,601.3157958984375
2064_jpg.rf.69d68ddf7021fe3f9c6d0095256fc6c4.jpg#p00#7#1,2064_jpg.rf.69d68ddf7021fe3f9c6d0095256fc6c4.jpg,0,7,1,0.983,0,det,det,template,Ralts,060/189,,Ralts,60/189,ASR,Astral Radiance,Common,1115.0
2064_jpg.rf.69d68ddf7021fe3f9c6d0095256fc6c4.jpg#p00#8#2,2064_jpg.rf.69d68ddf7021fe3f9c6d0095256fc6c4.jpg,0,8,2,0.978,0,det,det,template,VileplumeX,004/236,,Vileplume-GX,4/236,CEC,Cosmic Eclipse,Rare Holo GX,1075.0
2064_jpg.rf.69d68ddf7021fe3f9c6d0095256fc6c4.jpg#p00#2#3,2064_jpg.rf.69d68ddf7021fe3f9c6d0095256fc6c4.jpg,0,2,3,0.987,0,det,det,template,Ho-OhX,,,Ho-oh,52/53,WBP,Wizards Black Star Promos,Promo,1000.0
2064_jpg.rf.69d68ddf7021fe3f9c6d0095256fc6c4.jpg#p00#6#4,2064_jpg.rf.69d68ddf7021fe3f9c6d0095256fc6c4.jpg,0,6,4,0.983,0,det,det,det,Tympole,103/86,CN,Tympole,103/86,BLK,Black Bolt,Illustration Rare,1115.0
2064_jpg.rf.69d68ddf7021fe3f9c6d0095256fc6c4.jpg#p00#1#5,2064_jpg.rf.69d68ddf7021fe3f9c6d0095256fc6c4.jpg,0,1,5,0.988,0,det,det,template,Shiinotic,017/149,,Shiinotic,17/149,SUM,Sun & Moon,Rare Holo,1115.0
2064_jpg.rf.69d68ddf7021fe3f9c6d0095256fc6c4.jpg#p00#4#6,2064_jpg.rf.69d68ddf7021fe3f9c6d0095256fc6c4.jpg,0,4,6,0.986,0,det,det,template,Heatmor,023/135,,Heatmor,23/135,PLS,Plasma Storm,Uncommon,1115.0
2064_jpg.rf.69d68ddf7021fe3f9c6d0095256fc6c4.jpg#p00#0#7,2064_jpg.rf.69d68ddf7021fe3f9c6d0095256fc6c4.jpg,0,0,7,0.99,0,det,det,template,Elo Espiritual de Gardevoir,,,Gardevoir,54/98,AOR,Ancient Origins,Rare Holo,1000.0
2064_jpg.rf.69d68ddf7021fe3f9c6d0095256fc6c4.jpg#p00#3#8,2064_jpg.rf.69d68ddf7021fe3f9c6d0095256fc6c4.jpg,0,3,8,0.986,0,det,det,template,Cottonee,199/214,,Cottonee,139/214,UNB,Unbroken Bonds,Common,1065.0
2065_jpg.rf.a1c17ebbc94b3a192fc8dc4b4954f8bf.jpg#p00#6#0,2065_jpg.rf.a1c17ebbc94b3a192fc8dc4b4954f8bf.jpg,0,6,0,0.985,0,det,det,template,Grande Bola,119/149,,Great Ball,119/149,SUM,Sun & Moon,Uncommon,601.3157958984375
2065_jpg.rf.a1c17ebbc94b3a192fc8dc4b4954f8bf.jpg#p00#4#1,2065_jpg.rf.a1c17ebbc94b3a192fc8dc4b4954f8bf.jpg,0,4,1,0.987,0,det,det,det,Giacomo,182/193,,Giacomo,182/193,PAL,Paldea Evolved,Uncommon,1115.0
2065_jpg.rf.a1c17ebbc94b3a192fc8dc4b4954f8bf.jpg#p00#5#2,2065_jpg.rf.a1c17ebbc94b3a192fc8dc4b4954f8bf.jpg,0,5,2,0.986,0,det,det,template,Shauna,,,Shauna,72/83,GEN,Generations,Uncommon,1040.0
2065_jpg.rf.a1c17ebbc94b3a192fc8dc4b4954f8bf.jpg#p00#2#3,2065_jpg.rf.a1c17ebbc94b3a192fc8dc4b4954f8bf.jpg,0,2,3,0.989,0,det,det,template,Oranguru,,,Oranguru,94/193,PAL,Paldea Evolved,Uncommon,1040.0
2065_jpg.rf.a1c17ebbc94b3a192fc8dc4b4954f8bf.jpg#p00#3#4,2065_jpg.rf.a1c17ebbc94b3a192fc8dc4b4954f8bf.jpg,0,3,4,0.988,0,det,det,template,Elo Espiritual de Venusaur,020/100,,Venusaur,20/132,SW,Secret Wonders,Rare Holo,1050.0
2065_jpg.rf.a1c17ebbc94b3a192fc8dc4b4954f8bf.jpg#p00#8#5,2065_jpg.rf.a1c17ebbc94b3a192fc8dc4b4954f8bf.jpg,0,8,5,0.984,0,det,det,det,Riolu,112/217,,Riolu,112/217,ASC,Ascended Heroes,Common,1115.0
2065_jpg.rf.a1c17ebbc94b3a192fc8dc4b4954f8bf.jpg#p00#1#6,2065_jpg.rf.a1c17ebbc94b3a192fc8dc4b4954f8bf.jpg,0,1,6,0.989,0,det,det,template,Indeedee,056/72,,Indeedee,56/72,SHF,Shining Fates,Rare Holo,1115.0
2065_jpg.rf.a1c17ebbc94b3a192fc8dc4b4954f8bf.jpg#p00#0#7,2065_jpg.rf.a1c17ebbc94b3a192fc8dc4b4954f8bf.jpg,0,0,7,0.992,0,det,det,det,Annihilape,171/91,,Annihilape,171/91,PAF,Paldean Fates,Shiny Rare,1115.0
2065_jpg.rf.a1c17ebbc94b3a192fc8dc4b4954f8bf.jpg#p00#7#8,2065_jpg.rf.a1c17ebbc94b3a192fc8dc4b4954f8bf.jpg,0,7,8,0.985,0,det,det,det,Gastly,123/217,ASCH,Gastly,123/217,ASC,Ascended Heroes,Common,1115.0
2066_jpg.rf.8b3eb57bd534fffd99ab47dec78644f5.jpg#p00#0#0,2066_jpg.rf.8b3eb57bd534fffd99ab47dec78644f5.jpg,0,0,0,0.99,0,det,det,template,Giratina,062/135,,Giratina,62/135,PLS,Plasma Storm,Rare,1115.0
2066_jpg.rf.8b3eb57bd534fffd99ab47dec78644f5.jpg#p00#1#1,2066_jpg.rf.8b3eb57bd534fffd99ab47dec78644f5.jpg,0,1,1,0.989,0,det,det,template,Blastoise,002/3,,Blastoise,2/25,CELCC,Celebrations Classic Collection,Classic Collection,1090.0
2066_jpg.rf.8b3eb57bd534fffd99ab47dec78644f5.jpg#p00#2#2,2066_jpg.rf.8b3eb57bd534fffd99ab47dec78644f5.jpg,0,2,2,0.988,0,det,det,template,Ducklett,148/189,,Ducklett,148/189,DAA,Darkness Ablaze,Common,1115.0
2066_jpg.rf.8b3eb57bd534fffd99ab47dec78644f5.jpg#p00#6#3,2066_jpg.rf.8b3eb57bd534fffd99ab47dec78644f5.jpg,0,6,3,0.983,0,det,det,det,Skitty,130/162,,Skitty,130/162,TEF,Temporal Forces,Common,1115.0
2066_jpg.rf.8b3eb57bd534fffd99ab47dec78644f5.jpg#p00#4#4,2066_jpg.rf.8b3eb57bd534fffd99ab47dec78644f5.jpg,0,4,4,0.986,0,det,det,template,Sableye,020/214,,Sableye,96/214,LOT,Lost Thunder,Uncommon,1065.0
2066_jpg.rf.8b3eb57bd534fffd99ab47dec78644f5.jpg#p00#5#5,2066_jpg.rf.8b3eb57bd534fffd99ab47dec78644f5.jpg,0,5,5,0.984,0,det,det,template,Sewaddle,,,Sewaddle,3/98,EPO,Emerging Powers,Common,1040.0
2066_jpg.rf.8b3eb57bd534fffd99ab47dec78644f5.jpg#p00#7#6,2066_jpg.rf.8b3eb57bd534fffd99ab47dec78644f5.jpg,0,7,6,0.982,0,det,det,template,Eevee,104/156,,Eevee,104/156,UPR,Ultra Prism,Common,1115.0
2066_jpg.rf.8b3eb57bd534fffd99ab47dec78644f5.jpg#p00#3#7,2066_jpg.rf.8b3eb57bd534fffd99ab47dec78644f5.jpg,0,3,7,0.987,0,det,det,det,Gogoat,012/195,SVIN,Gogoat,12/198,SVI,Scarlet & Violet,Common,1090.0
2067_jpg.rf.a8699c908e8c7c1d3442593cf1a70151.jpg#p00#4#0,2067_jpg.rf.a8699c908e8c7c1d3442593cf1a70151.jpg,0,4,0,0.971,0,det,det,template,Ho-OhX,,,Ho-oh,52/53,WBP,Wizards Black Star Promos,Promo,1000.0
2067_jpg.rf.a8699c908e8c7c1d3442593cf1a70151.jpg#p00#1#1,2067_jpg.rf.a8699c908e8c7c1d3442593cf1a70151.jpg,0,1,1,0.978,0,det,det,template,Tapu KokoV,072/202,,Tapu Koko V,72/202,SSH,Sword & Shield,Rare Holo V,1115.0
2067_jpg.rf.a8699c908e8c7c1d3442593cf1a70151.jpg#p00#0#2,2067_jpg.rf.a8699c908e8c7c1d3442593cf1a70151.jpg,0,0,2,0.983,0,det,det,det,Miraidon,028/64,PRG,Miraidon ex,28/102,SVP,SVP Black Star Promos,Promo,1050.0
2067_jpg.rf.a8699c908e8c7c1d3442593cf1a70151.jpg#p00#5#3,2067_jpg.rf.a8699c908e8c7c1d3442593cf1a70151.jpg,0,5,3,0.969,180,det,det,det,AnnihilapeeX,,,Annihilape ex,242/193,PAL,Paldea Evolved,Ultra Rare,1040.0
2067_jpg.rf.a8699c908e8c7c1d3442593cf1a70151.jpg#p00#2#4,2067_jpg.rf.a8699c908e8c7c1d3442593cf1a70151.jpg,0,2,4,0.978,0,det,det,template,Steelix,,,Steelix,79/116,PLF,Plasma Freeze,Rare,1040.0
2067_jpg.rf.a8699c908e8c7c1d3442593cf1a70151.jpg#p00#3#5,2067_jpg.rf.a8699c908e8c7c1d3442593cf1a70151.jpg,0,3,5,0.974,0,det,det,template,Wailord,028/123,,Wailord,30/106,GE,Great Encounters,Rare,1055.0
2068_jpg.rf.aa9036c66e94333b89835a7d7992ed56.jpg#p00#4#0,2068_jpg.rf.aa9036c66e94333b89835a7d7992ed56.jpg,0,4,0,0.986,0,det,det,template,Dunsparce,137/189,,Dunsparce,137/189,DAA,Darkness Ablaze,Common,1115.0
2068_jpg.rf.aa9036c66e94333b89835a7d7992ed56.jpg#p00#0#1,2068_jpg.rf.aa9036c66e94333b89835a7d7992ed56.jpg,0,0,1,0.987,0,det,det,template,Indeedee,056/72,,Indeedee,56/72,SHF,Shining Fates,Rare Holo,1115.0
2068_jpg.rf.aa9036c66e94333b89835a7d7992ed56.jpg#p00#2#2,2068_jpg.rf.aa9036c66e94333b89835a7d7992ed56.jpg,0,2,2,0.987,0,det,det,det,Quilava do Ethan,033/182,ORIN,Ethan's Quilava,33/182,DRI,Destined Rivals,Common,1075.0
2068_jpg.rf.aa9036c66e94333b89835a7d7992ed56.jpg#p00#6#3,2068_jpg.rf.aa9036c66e94333b89835a7d7992ed56.jpg,0,6,3,0.984,0,det,det,det,CharizardeX,,,Charizard ex,56/102,SVP,SVP Black Star Promos,Promo,1040.0
2068_jpg.rf.aa9036c66e94333b89835a7d7992ed56.jpg#p00#5#4,2068_jpg.rf.aa9036c66e94333b89835a7d7992ed56.jpg,0,5,4,0.984,0,det,det,det,Yveltal,118/182,PAR,Yveltal,118/182,PAR,Paradox Rift,Rare,1125.0
2068_jpg.rf.aa9036c66e94333b89835a7d7992ed56.jpg#p00#3#5,2068_jpg.rf.aa9036c66e94333b89835a7d7992ed56.jpg,0,3,5,0.986,0,det,det,det,Castform Forma Ensolarada,020/191,59M,Castform Sunny Form,20/191,SSP,Surging Sparks,Common,675.0
2068_jpg.rf.aa9036c66e94333b89835a7d7992ed56.jpg#p00#8#6,2068_jpg.rf.aa9036c66e94333b89835a7d7992ed56.jpg,0,8,6,0.981,0,det,det,template,Glastrier,051/196,,Glastrier,51/196,LOR,Lost Origin,Rare Holo,1115.0
2068_jpg.rf.aa9036c66e94333b89835a7d7992ed56.jpg#p00#1#7,2068_jpg.rf.aa9036c66e94333b89835a7d7992ed56.jpg,0,1,7,0.987,0,det,det,det,Dunsparce,079/131,FRERN,Dunsparce,79/131,PRE,Prismatic Evolutions,Common,1115.0
2068_jpg.rf.aa9036c66e94333b89835a7d7992ed56.jpg#p00#7#8,2068_jpg.rf.aa9036c66e94333b89835a7d7992ed56.jpg,0,7,8,0.982,0,det,template,template,Ultra Necrozma X,,,Ultra Necrozma,164/236,CEC,Cosmic Eclipse,Rare Holo,1000.0
2069_jpg.rf.7affe35dadf293297385b372199a5ca3.jpg#p00#7#0,2069_jpg.rf.7affe35dadf293297385b372199a5ca3.jpg,0,7,0,0.984,0,det,det,det,Lampent,037/167,,Lampent,37/167,TWM,Twilight Masquerade,Common,1115.0
2069_jpg.rf.7affe35dadf293297385b372199a5ca3.jpg#p00#2#1,2069_jpg.rf.7affe35dadf293297385b372199a5ca3.jpg,0,2,1,0.987,0,det,det,det,Magnezone,060/191,35,Magnezone,60/191,SSP,Surging Sparks,Uncommon,1115.0
2069_jpg.rf.7affe35dadf293297385b372199a5ca3.jpg#p00#8#2,2069_jpg.rf.7affe35dadf293297385b372199a5ca3.jpg,0,8,2,0.978,0,det,det,template,CelebieYenusaur,,,Celebi & Venusaur-GX,182/181,TEU,Team Up,Rare Rainbow,1000.0
2069_jpg.rf.7affe35dadf293297385b372199a5ca3.jpg#p00#6#3,2069_jpg.rf.7affe35dadf293297385b372199a5ca3.jpg,0,6,3,0.986,0,det,det,template,Snubbull,068/124,,Snubbull,68/124,FCO,Fates Collide,Common,1115.0
2069_jpg.rf.7affe35dadf293297385b372199a5ca3.jpg#p00#4#4,2069_jpg.rf.7affe35dadf293297385b372199a5ca3.jpg,0,4,4,0.987,0,det,det,template,MewtwoVASTRO,031/78,,Mewtwo VSTAR,31/78,PGO,Pokémon GO,Rare Holo VSTAR,1075.0
2069_jpg.rf.7affe35dadf293297385b372199a5ca3.jpg#p00#5#5,2069_jpg.rf.7affe35dadf293297385b372199a5ca3.jpg,0,5,5,0.986,0,det,det,det,Flaaffy,067/198,SVIN,Flaaffy,67/198,SVI,Scarlet & Violet,Uncommon,1115.0
2069_jpg.rf.7affe35dadf293297385b372199a5ca3.jpg#p00#3#6,2069_jpg.rf.7affe35dadf293297385b372199a5ca3.jpg,0,3,6,0.987,0,det,det,det,Glaceon,,SYD,Glaceon,BW90/101,BWP,BW Black Star Promos,Promo,1040.0
2069_jpg.rf.7affe35dadf293297385b372199a5ca3.jpg#p00#0#7,2069_jpg.rf.7affe35dadf293297385b372199a5ca3.jpg,0,0,7,0.992,0,det,det,det,Pinsir,168/167,TAMRR,Pinsir,168/167,TWM,Twilight Masquerade,Illustration Rare,1115.0
2069_jpg.rf.7affe35dadf293297385b372199a5ca3.jpg#p00#1#8,2069_jpg.rf.7affe35dadf293297385b372199a5ca3.jpg,0,1,8,0.988,0,det,det,template,Sinistea,069/202,,Sinistea,89/202,SSH,Sword & Shield,Common,1065.0
2070_jpg.rf.476027dd69b164c1dbd0d9a935d09c52.jpg#p00#6#0,2070_jpg.rf.476027dd69b164c1dbd0d9a935d09c52.jpg,0,6,0,0.984,0,det,det,det,Bonsly,,ONN,Bonsly,71/130,DP,Diamond & Pearl,Common,1040.0
2070_jpg.rf.476027dd69b164c1dbd0d9a935d09c52.jpg#p00#0#1,2070_jpg.rf.476027dd69b164c1dbd0d9a935d09c52.jpg,0,0,1,0.99,0,det,det,template,Estádio de Turffield,170/192,,Turffield Stadium,170/192,RCL,Rebel Clash,Uncommon,604.4117431640625
2070_jpg.rf.476027dd69b164c1dbd0d9a935d09c52.jpg#p00#1#2,2070_jpg.rf.476027dd69b164c1dbd0d9a935d09c52.jpg,0,1,2,0.99,0,det,det,det,Applin,016/182,ERIPT,Applin,16/182,DRI,Destined Rivals,Common,1115.0
2070_jpg.rf.476027dd69b164c1dbd0d9a935d09c52.jpg#p00#8#3,2070_jpg.rf.476027dd69b164c1dbd0d9a935d09c52.jpg,0,8,3,0.98,0,template,det,template,ENERG,095/100,,R Energy,95/109,TR,Team Rocket Returns,Uncommon,1050.0
2070_jpg.rf.476027dd69b164c1dbd0d9a935d09c52.jpg#p00#4#4,2070_jpg.rf.476027dd69b164c1dbd0d9a935d09c52.jpg,0,4,4,0.986,0,template,template,template,VERGIA,021/198,,Lugia,20/64,N3,Neo Revelation,Rare,560.4545288085938
2070_jpg.rf.476027dd69b164c1dbd0d9a935d09c52.jpg#p00#7#5,2070_jpg.rf.476027dd69b164c1dbd0d9a935d09c52.jpg,0,7,5,0.981,0,det,det,det,Remoraid,016/86,CRIN,Remoraid,18/101,PLB,Plasma Blast,Common,1055.0
2070_jpg.rf.476027dd69b164c1dbd0d9a935d09c52.jpg#p00#2#6,2070_jpg.rf.476027dd69b164c1dbd0d9a935d09c52.jpg,0,2,6,0.988,0,det,det,template,Wailord,026/124,,Wailord,26/124,DRX,Dragons Exalted,Rare Holo,1115.0
2070_jpg.rf.476027dd69b164c1dbd0d9a935d09c52.jpg#p00#5#7,2070_jpg.rf.476027dd69b164c1dbd0d9a935d09c52.jpg,0,5,7,0.986,0,det,det,template,Gulpin,037/119,,Gulpin,37/119,PHF,Phantom Forces,Common,1115.0
2070_jpg.rf.476027dd69b164c1dbd0d9a935d09c52.jpg#p00#3#8,2070_jpg.rf.476027dd69b164c1dbd0d9a935d09c52.jpg,0,3,8,0.987,0,det,det,det,Kyureme,165/86,,Kyurem ex,165/86,BLK,Black Bolt,Special Illustration Rare,1075.0
2071_jpg.rf.5e988de69e8f21a1094e44238e2d38d2.jpg#p00#6#0,2071_jpg.rf.5e988de69e8f21a1094e44238e2d38d2.jpg,0,6,0,0.979,0,det,det,det,Swinub,865/159,JGN,Swinub,165/159,JTG,Journey Together,Illustration Rare,1065.0
2071_jpg.rf.5e988de69e8f21a1094e44238e2d38d2.jpg#p00#5#1,2071_jpg.rf.5e988de69e8f21a1094e44238e2d38d2.jpg,0,5,1,0.98,0,det,det,template,Ho-Oh,022/124,,Ho-Oh-EX,22/124,DRX,Dragons Exalted,Rare Holo EX,1075.0
2071_jpg.rf.5e988de69e8f21a1094e44238e2d38d2.jpg#p00#7#2,2071_jpg.rf.5e988de69e8f21a1094e44238e2d38d2.jpg,0,7,2,0.979,0,det,det,det,Umbreonex,060/131,,Umbreon ex,60/131,PRE,Prismatic Evolutions,Double Rare,1115.0
2071_jpg.rf.5e988de69e8f21a1094e44238e2d38d2.jpg#p00#3#3,2071_jpg.rf.5e988de69e8f21a1094e44238e2d38d2.jpg,0,3,3,0.982,0,det,det,template,Ninetales,019/124,,Ninetales,19/124,DRX,Dragons Exalted,Rare Holo,1115.0
2071_jpg.rf.5e988de69e8f21a1094e44238e2d38d2.jpg#p00#2#4,2071_jpg.rf.5e988de69e8f21a1094e44238e2d38d2.jpg,0,2,4,0.983,0,det,det,template,Sorbus,205/189,,Scizor,205/197,OBF,Obsidian Flames,Illustration Rare,550.0
2071_jpg.rf.5e988de69e8f21a1094e44238e2d38d2.jpg#p00#4#5,2071_jpg.rf.5e988de69e8f21a1094e44238e2d38d2.jpg,0,4,5,0.981,0,det,det,template,NecrozmaGX,061/147,,Necrozma-GX,63/147,BUS,Burning Shadows,Rare Holo GX,1080.0
2071_jpg.rf.5e988de69e8f21a1094e44238e2d38d2.jpg#p00#0#6,2071_jpg.rf.5e988de69e8f21a1094e44238e2d38d2.jpg,0,0,6,0.989,0,det,det,template,Tangela,,,Tangela,96/130,B2,Base Set 2,Common,1040.0
2071_jpg.rf.5e988de69e8f21a1094e44238e2d38d2.jpg#p00#1#7,2071_jpg.rf.5e988de69e8f21a1094e44238e2d38d2.jpg,0,1,7,0.985,0,det,det,template,Chimecho,,,Chimecho,22/123,MT,Mysterious Treasures,Rare,1040.0
2072_jpg.rf.fc33e6c02c580e561ac14eb57fa38233.jpg#p00#5#0,2072_jpg.rf.fc33e6c02c580e561ac14eb57fa38233.jpg,0,5,0,0.975,0,det,det,det,Miraidon,028/84,ELLM,Miraidon ex,28/102,SVP,SVP Black Star Promos,Promo,1050.0
2072_jpg.rf.fc33e6c02c580e561ac14eb57fa38233.jpg#p00#4#1,2072_jpg.rf.fc33e6c02c580e561ac14eb57fa38233.jpg,0,4,1,0.981,0,det,det,template,Passimian,175/216,,Passimian,118/193,PAL,Paldea Evolved,Uncommon,1040.0
2072_jpg.rf.fc33e6c02c580e561ac14eb57fa38233.jpg#p00#1#2,2072_jpg.rf.fc33e6c02c580e561ac14eb57fa38233.jpg,0,1,2,0.983,0,det,det,template,Bronzor,101/163,,Bronzor,101/163,BST,Battle Styles,Common,1115.0
2072_jpg.rf.fc33e6c02c580e561ac14eb57fa38233.jpg#p00#0#3,2072_jpg.rf.fc33e6c02c580e561ac14eb57fa38233.jpg,0,0,3,0.987,0,det,det,det,Nymble,015/142,,Nymble,15/142,SCR,Stellar Crown,Common,1115.0
2072_jpg.rf.fc33e6c02c580e561ac14eb57fa38233.jpg#p00#2#4,2072_jpg.rf.fc33e6c02c580e561ac14eb57fa38233.jpg,0,2,4,0.983,0,det,det,det,Froslass,,,Froslass,23/101,PLB,Plasma Blast,Rare,1040.0
2072_jpg.rf.fc33e6c02c580e561ac14eb57fa38233.jpg#p00#3#5,2072_jpg.rf.fc33e6c02c580e561ac14eb57fa38233.jpg,0,3,5,0.983,0,det,det,det,Megassinal,,MIGN,Mega Signal,193/217,ASC,Ascended Heroes,Common,1000.0
2073_jpg.rf.b853ed05f54fccf7d4134903395a31d2.jpg#p00#3#0,2073_jpg.rf.b853ed05f54fccf7d4134903395a31d2.jpg,0,3,0,0.969,0,det,det,det,Castformformutolar,,,Castform,48/146,LA,Legends Awakened,Uncommon,880.0
2073_jpg.rf.b853ed05f54fccf7d4134903395a31d2.jpg#p00#1#1,2073_jpg.rf.b853ed05f54fccf7d4134903395a31d2.jpg,0,1,1,0.976,0,det,template,template,,,,Alakazam,1/130,B2,Base Set 2,Rare Holo,0.0
2073_jpg.rf.b853ed05f54fccf7d4134903395a31d2.jpg#p00#0#2,2073_jpg.rf.b853ed05f54fccf7d4134903395a31d2.jpg,0,0,2,0.977,0,det,det,template,NecrozmaGX,,,Necrozma-GX,63/147,BUS,Burning Shadows,Rare Holo GX,1040.0
2073_jpg.rf.b853ed05f54fccf7d4134903395a31d2.jpg#p00#2#3,2073_jpg.rf.b853ed05f54fccf7d4134903395a31d2.jpg,0,2,3,0.971,180,det,det,template,Seguro Contra Erro,050/7,,Turtonator,50/70,DRM,Dragon Majesty,Uncommon,511.5384521484375
2074_jpg.rf.773df9c304ac72dae0ab2a84559400dd.jpg#p00#3#0,2074_jpg.rf.773df9c304ac72dae0ab2a84559400dd.jpg,0,3,0,0.975,0,template,template,template,,,,Alakazam,1/130,B2,Base Set 2,Rare Holo,0.0
2074_jpg.rf.773df9c304ac72dae0ab2a84559400dd.jpg#p00#0#1,2074_jpg.rf.773df9c304ac72dae0ab2a84559400dd.jpg,0,0,1,0.981,180,det,det,det,Floette Ange,075/86,,Meloetta,77/149,BCR,Boundaries Crossed,Rare Holo,646.5789184570312
2074_jpg.rf.773df9c304ac72dae0ab2a84559400dd.jpg#p00#2#2,2074_jpg.rf.773df9c304ac72dae0ab2a84559400dd.jpg,0,2,2,0.977,0,det,det,template,Pignite,032/286,,Pignite,32/236,CEC,Cosmic Eclipse,Uncommon,1090.0
2074_jpg.rf.773df9c304ac72dae0ab2a84559400dd.jpg#p00#4#3,2074_jpg.rf.773df9c304ac72dae0ab2a84559400dd.jpg,0,4,3,0.974,0,template,det,template,ENERG,,,R Energy,95/109,TR,Team Rocket Returns,Uncommon,1000.0
2074_jpg.rf.773df9c304ac72dae0ab2a84559400dd.jpg#p00#5#4,2074_jpg.rf.773df9c304ac72dae0ab2a84559400dd.jpg,0,5,4,0.97,180,det,det,template,Salamence,109/203,,Salamence,109/203,EVS,Evolving Skies,Rare Holo,1115.0
2074_jpg.rf.773df9c304ac72dae0ab2a84559400dd.jpg#p00#1#5,2074_jpg.rf.773df9c304ac72dae0ab2a84559400dd.jpg,0,1,5,0.979,0,det,det,template,Chimecho,,,Chimecho,22/123,MT,Mysterious Treasures,Rare,1040.0
2074_jpg.rf.773df9c304ac72dae0ab2a84559400dd.jpg#p00#6#6,2074_jpg.rf.773df9c304ac72dae0ab2a84559400dd.jpg,0,6,6,0.964,180,det,det,template,Sewaddle,,,Sewaddle,3/98,EPO,Emerging Powers,Common,1040.0
2075_jpg.rf.bde5d41689883f1a0820a920bf2cdf52.jpg#p00#7#0,2075_jpg.rf.bde5d41689883f1a0820a920bf2cdf52.jpg,0,7,0,0.981,0,det,det,template,Nickit,112/189,,Nickit,112/189,DAA,Darkness Ablaze,Common,1115.0
2075_jpg.rf.bde5d41689883f1a0820a920bf2cdf52.jpg#p00#0#1,2075_jpg.rf.bde5d41689883f1a0820a920bf2cdf52.jpg,0,0,1,0.99,0,det,det,template,Heatmor,023/135,,Heatmor,23/135,PLS,Plasma Storm,Uncommon,1115.0
2075_jpg.rf.bde5d41689883f1a0820a920bf2cdf52.jpg#p00#2#2,2075_jpg.rf.bde5d41689883f1a0820a920bf2cdf52.jpg,0,2,2,0.988,0,template,det,template,ENERG,,,R Energy,95/109,TR,Team Rocket Returns,Uncommon,1000.0
2075_jpg.rf.bde5d41689883f1a0820a920bf2cdf52.jpg#p00#6#3,2075_jpg.rf.bde5d41689883f1a0820a920bf2cdf52.jpg,0,6,3,0.984,0,det,det,template,Natu,027/108,,Natu,27/108,ROS,Roaring Skies,Common,1115.0
2075_jpg.rf.bde5d41689883f1a0820a920bf2cdf52.jpg#p00#1#4,2075_jpg.rf.bde5d41689883f1a0820a920bf2cdf52.jpg,0,1,4,0.99,0,det,det,template,Hitmonchan,095/202,,Hitmonchan,95/202,SSH,Sword & Shield,Uncommon,1115.0
2075_jpg.rf.bde5d41689883f1a0820a920bf2cdf52.jpg#p00#8#5,2075_jpg.rf.bde5d41689883f1a0820a920bf2cdf52.jpg,0,8,5,0.98,0,det,det,template,Patinadora,203/236,,Latios,203/191,SSP,Surging Sparks,Illustration Rare,550.0
2075_jpg.rf.bde5d41689883f1a0820a920bf2cdf52.jpg#p00#3#6,2075_jpg.rf.bde5d41689883f1a0820a920bf2cdf52.jpg,0,3,6,0.984,0,det,det,template,LurantisGX,015/149,,Lurantis-GX,15/149,SUM,Sun & Moon,Rare Holo GX,1115.0
2075_jpg.rf.bde5d41689883f1a0820a920bf2cdf52.jpg#p00#5#7,2075_jpg.rf.bde5d41689883f1a0820a920bf2cdf52.jpg,0,5,7,0.984,0,det,det,template,Dewott,030/114,,Dewott,30/114,BLW,Black & White,Uncommon,1115.0
2075_jpg.rf.bde5d41689883f1a0820a920bf2cdf52.jpg#p00#4#8,2075_jpg.rf.bde5d41689883f1a0820a920bf2cdf52.jpg,0,4,8,0.984,0,det,det,det,Doce Raro,175/132,,Drapion V,175/185,VIV,Vivid Voltage,Rare Ultra,550.0
2076_jpg.rf.9880697dffe56ed2a89d516a579f0fe5.jpg#p00#2#0,2076_jpg.rf.9880697dffe56ed2a89d516a579f0fe5.jpg,0,2,0,0.976,0,det,det,template,Walrein,,,Walrein,31/124,DRX,Dragons Exalted,Rare,1040.0
2076_jpg.rf.9880697dffe56ed2a89d516a579f0fe5.jpg#p00#3#1,2076_jpg.rf.9880697dffe56ed2a89d516a579f0fe5.jpg,0,3,1,0.973,180,det,det,template,Eevee,104/156,,Eevee,104/156,UPR,Ultra Prism,Common,1115.0
2076_jpg.rf.9880697dffe56ed2a89d516a579f0fe5.jpg#p00#1#2,2076_jpg.rf.9880697dffe56ed2a89d516a579f0fe5.jpg,0,1,2,0.977,0,det,det,template,Regidrago,129/203,,Regidrago,124/203,EVS,Evolving Skies,Rare Holo,1065.0
2076_jpg.rf.9880697dffe56ed2a89d516a579f0fe5.jpg#p00#0#3,2076_jpg.rf.9880697dffe56ed2a89d516a579f0fe5.jpg,0,0,3,0.985,0,det,det,det,Mewtwo,,SVPN,Mewtwo,10/130,B2,Base Set 2,Rare Holo,1040.0
2076_jpg.rf.9880697dffe56ed2a89d516a579f0fe5.jpg#p00#5#4,2076_jpg.rf.9880697dffe56ed2a89d516a579f0fe5.jpg,0,5,4,0.969,0,det,det,template,Fornalha Gigante,187/216,,Forest of Vitality,188/217,ASC,Ascended Heroes,Uncommon,466.6129150390625
2076_jpg.rf.9880697dffe56ed2a89d516a579f0fe5.jpg#p00#4#5,2076_jpg.rf.9880697dffe56ed2a89d516a579f0fe5.jpg,0,4,5,0.972,180,det,det,det,Lampent,,,Lampent,19/99,NXD,Next Destinies,Uncommon,1040.0
2077_jpg.rf.38e1cfe58c33bfbecb3720ba17d088dc.jpg#p00#1#0,2077_jpg.rf.38e1cfe58c33bfbecb3720ba17d088dc.jpg,0,1,0,0.986,0,det,det,template,Winona,096/108,,Winona,96/108,ROS,Roaring Skies,Uncommon,1115.0
2077_jpg.rf.38e1cfe58c33bfbecb3720ba17d088dc.jpg#p00#5#1,2077_jpg.rf.38e1cfe58c33bfbecb3720ba17d088dc.jpg,0,5,1,0.982,0,det,det,det,Scorbunny,225/217,SC,Scorbunny,225/217,ASC,Ascended Heroes,Illustration Rare,1115.0
2077_jpg.rf.38e1cfe58c33bfbecb3720ba17d088dc.jpg#p00#3#2,2077_jpg.rf.38e1cfe58c33bfbecb3720ba17d088dc.jpg,0,3,2,0.984,0,template,det,template,ENERG,,,R Energy,95/109,TR,Team Rocket Returns,Uncommon,1000.0
2077_jpg.rf.38e1cfe58c33bfbecb3720ba17d088dc.jpg#p00#4#3,2077_jpg.rf.38e1cfe58c33bfbecb3720ba17d088dc.jpg,0,4,3,0.983,0,det,det,template,Bisharp,073/116,,Bisharp,73/116,PLF,Plasma Freeze,Rare,1115.0
2077_jpg.rf.38e1cfe58c33bfbecb3720ba17d088dc.jpg#p00#0#4,2077_jpg.rf.38e1cfe58c33bfbecb3720ba17d088dc.jpg,0,0,4,0.986,0,det,det,template,Lillipup,120/149,,Lillipup,120/149,BCR,Boundaries Crossed,Common,1115.0
2077_jpg.rf.38e1cfe58c33bfbecb3720ba17d088dc.jpg#p00#2#5,2077_jpg.rf.38e1cfe58c33bfbecb3720ba17d088dc.jpg,0,2,5,0.984,0,det,det,det,Hypno,012/64,SAR,Hypno,H12/147,AQ,Aquapolis,Rare Holo,1090.0
2078_jpg.rf.0c1c8ad9e6923c5c3c8c22960f8031e0.jpg#p00#2#0,2078_jpg.rf.0c1c8ad9e6923c5c3c8c22960f8031e0.jpg,0,2,0,0.971,180,det,det,det,Charizardex,,,Charizard ex,56/102,SVP,SVP Black Star Promos,Promo,1040.0
2078_jpg.rf.0c1c8ad9e6923c5c3c8c22960f8031e0.jpg#p00#4#1,2078_jpg.rf.0c1c8ad9e6923c5c3c8c22960f8031e0.jpg,0,4,1,0.968,0,det,det,det,Rocha Férrea,,,Pyroar BREAK,24/114,STS,Steam Siege,Rare BREAK,636.3636474609375
2078_jpg.rf.0c1c8ad9e6923c5c3c8c22960f8031e0.jpg#p00#3#2,2078_jpg.rf.0c1c8ad9e6923c5c3c8c22960f8031e0.jpg,0,3,2,0.971,180,det,det,det,Froslass,,,Froslass,23/101,PLB,Plasma Blast,Rare,1040.0
2078_jpg.rf.0c1c8ad9e6923c5c3c8c22960f8031e0.jpg#p00#0#3,2078_jpg.rf.0c1c8ad9e6923c5c3c8c22960f8031e0.jpg,0,0,3,0.983,0,det,det,template,Doce Raro,180/202,,Dendra,179/193,PAL,Paldea Evolved,Uncommon,586.4285888671875
2078_jpg.rf.0c1c8ad9e6923c5c3c8c22960f8031e0.jpg#p00#5#4,2078_jpg.rf.0c1c8ad9e6923c5c3c8c22960f8031e0.jpg,0,5,4,0.964,0,det,template,template,Radar Eletromagnético,,,N,96/108,DEX,Dark Explorers,Uncommon,880.0
2078_jpg.rf.0c1c8ad9e6923c5c3c8c22960f8031e0.jpg#p00#1#5,2078_jpg.rf.0c1c8ad9e6923c5c3c8c22960f8031e0.jpg,0,1,5,0.974,0,det,det,template,UrsalunaV,102/195,,Ursaluna V,102/195,SIT,Silver Tempest,Rare Holo V,1115.0
2079_jpg.rf.e84ed3fc6c510ad1ede2aca5bab5c815.jpg#p00#2#0,2079_jpg.rf.e84ed3fc6c510ad1ede2aca5bab5c815.jpg,0,2,0,0.976,0,det,template,template,Energia Unitária4,,,N,105a/124,FCO,Fates Collide,Rare Ultra,880.0
2079_jpg.rf.e84ed3fc6c510ad1ede2aca5bab5c815.jpg#p00#0#1,2079_jpg.rf.e84ed3fc6c510ad1ede2aca5bab5c815.jpg,0,0,1,0.988,0,det,det,template,DuraludonVMAX,219/203,,Duraludon VMAX,219/203,EVS,Evolving Skies,Rare Rainbow,1115.0
2079_jpg.rf.e84ed3fc6c510ad1ede2aca5bab5c815.jpg#p00#1#2,2079_jpg.rf.e84ed3fc6c510ad1ede2aca5bab5c815.jpg,0,1,2,0.985,0,det,det,template,Kangaskhan,099/749,,Kangaskhan,99/149,SUM,Sun & Moon,Rare Holo,1090.0
2080_jpg.rf.bdacc6f53be80232ab2d170bf198d339.jpg#p00#1#0,2080_jpg.rf.bdacc6f53be80232ab2d170bf198d339.jpg,0,1,0,0.985,0,det,det,det,Miraidon,028/84,,Miraidon ex,28/102,SVP,SVP Black Star Promos,Promo,1050.0
2080_jpg.rf.bdacc6f53be80232ab2d170bf198d339.jpg#p00#2#1,2080_jpg.rf.bdacc6f53be80232ab2d170bf198d339.jpg,0,2,1,0.983,0,det,det,det,Pidgeotto,208/197,O8N,Pidgeotto,208/197,OBF,Obsidian Flames,Illustration Rare,1115.0
2080_jpg.rf.bdacc6f53be80232ab2d170bf198d339.jpg#p00#3#2,2080_jpg.rf.bdacc6f53be80232ab2d170bf198d339.jpg,0,3,2,0.978,0,det,det,template,Skarmory,,,Skarmory,95/149,BCR,Boundaries Crossed,Uncommon,1040.0
2080_jpg.rf.bdacc6f53be80232ab2d170bf198d339.jpg#p00#4#3,2080_jpg.rf.bdacc6f53be80232ab2d170bf198d339.jpg,0,4,3,0.974,0,det,det,template,Quilava,011/214,,Quilava,41/214,LOT,Lost Thunder,Uncommon,1065.0
2080_jpg.rf.bdacc6f53be80232ab2d170bf198d339.jpg#p00#0#4,2080_jpg.rf.bdacc6f53be80232ab2d170bf198d339.jpg,0,0,4,0.986,0,det,det,template,Cinccino,069/114,,Cinccino,89/114,BLW,Black & White,Rare,1065.0
2081_jpg.rf.d9460030dc90d5ee989a75c0ed09c1c9.jpg#p00#5#0,2081_jpg.rf.d9460030dc90d5ee989a75c0ed09c1c9.jpg,0,5,0,0.979,0,det,det,template,Skarmory,,,Skarmory,95/149,BCR,Boundaries Crossed,Uncommon,1040.0
2081_jpg.rf.d9460030dc90d5ee989a75c0ed09c1c9.jpg#p00#0#1,2081_jpg.rf.d9460030dc90d5ee989a75c0ed09c1c9.jpg,0,0,1,0.987,0,det,det,template,Dewott,,,Dewott,29/114,BLW,Black & White,Uncommon,1040.0
2081_jpg.rf.d9460030dc90d5ee989a75c0ed09c1c9.jpg#p00#2#2,2081_jpg.rf.d9460030dc90d5ee989a75c0ed09c1c9.jpg,0,2,2,0.983,0,det,det,det,Mega Gardevoir eX,019/272,ASR,Mega Gardevoir ex,89/217,ASC,Ascended Heroes,Double Rare,1040.0
2081_jpg.rf.d9460030dc90d5ee989a75c0ed09c1c9.jpg#p00#4#3,2081_jpg.rf.d9460030dc90d5ee989a75c0ed09c1c9.jpg,0,4,3,0.98,0,det,det,det,Squirtle,070/110,,Squirtle,95/110,LC,Legendary Collection,Common,1065.0
2081_jpg.rf.d9460030dc90d5ee989a75c0ed09c1c9.jpg#p00#1#4,2081_jpg.rf.d9460030dc90d5ee989a75c0ed09c1c9.jpg,0,1,4,0.985,0,det,det,det,Uxie,076/191,S93,Uxie,78/191,SSP,Surging Sparks,Common,1080.0
2081_jpg.rf.d9460030dc90d5ee989a75c0ed09c1c9.jpg#p00#3#5,2081_jpg.rf.d9460030dc90d5ee989a75c0ed09c1c9.jpg,0,3,5,0.981,0,det,det,template,,,,Alakazam,1/130,B2,Base Set 2,Rare Holo,0.0
2081_jpg.rf.d9460030dc90d5ee989a75c0ed09c1c9.jpg#p00#6#6,2081_jpg.rf.d9460030dc90d5ee989a75c0ed09c1c9.jpg,0,6,6,0.974,0,det,det,template,Mienfoo,,,Mienfoo,86/149,BCR,Boundaries Crossed,Common,1040.0
2082_jpg.rf.acdac8563803de63494823381d4f43f6.jpg#p00#7#0,2082_jpg.rf.acdac8563803de63494823381d4f43f6.jpg,0,7,0,0.981,0,det,det,det,Aron,,TWMP,Aron,78/124,DRX,Dragons Exalted,Common,1040.0
2082_jpg.rf.acdac8563803de63494823381d4f43f6.jpg#p00#0#1,2082_jpg.rf.acdac8563803de63494823381d4f43f6.jpg,0,0,1,0.99,0,det,det,det,Arcanine,059/165,MEWR,Arcanine,59/165,MEW,151,Uncommon,1115.0
2082_jpg.rf.acdac8563803de63494823381d4f43f6.jpg#p00#5#2,2082_jpg.rf.acdac8563803de63494823381d4f43f6.jpg,0,5,2,0.986,0,det,det,det,AnnihilapeX,212/193,,Annihilape ex,242/193,PAL,Paldea Evolved,Ultra Rare,1025.0
2082_jpg.rf.acdac8563803de63494823381d4f43f6.jpg#p00#3#3,2082_jpg.rf.acdac8563803de63494823381d4f43f6.jpg,0,3,3,0.987,0,det,det,det,Drita,220/167,,Erika,16/132,G1,Gym Heroes,Rare Holo,900.0
2082_jpg.rf.acdac8563803de63494823381d4f43f6.jpg#p00#2#4,2082_jpg.rf.acdac8563803de63494823381d4f43f6.jpg,0,2,4,0.987,0,det,det,template,Cottonee,,,Cottonee,14/149,BCR,Boundaries Crossed,Common,1040.0
2082_jpg.rf.acdac8563803de63494823381d4f43f6.jpg#p00#6#5,2082_jpg.rf.acdac8563803de63494823381d4f43f6.jpg,0,6,5,0.981,0,det,det,det,ExcadrilleX,168/86,LO,Excadrill ex,168/86,BLK,Black Bolt,Special Illustration Rare,1115.0
2082_jpg.rf.acdac8563803de63494823381d4f43f6.jpg#p00#1#6,2082_jpg.rf.acdac8563803de63494823381d4f43f6.jpg,0,1,6,0.988,0,det,det,template,LurantisGX,015/149,,Lurantis-GX,15/149,SUM,Sun & Moon,Rare Holo GX,1115.0
2082_jpg.rf.acdac8563803de63494823381d4f43f6.jpg#p00#4#7,2082_jpg.rf.acdac8563803de63494823381d4f43f6.jpg,0,4,7,0.987,0,det,det,template,Pansear,037/264,,Pansear,37/264,FST,Fusion Strike,Common,1115.0
2083_jpg.rf.495128c744c28beefc8736414e17b514.jpg#p00#4#0,2083_jpg.rf.495128c744c28beefc8736414e17b514.jpg,0,4,0,0.984,0,det,det,template,Winona,096/108,,Winona,96/108,ROS,Roaring Skies,Uncommon,1115.0
2083_jpg.rf.495128c744c28beefc8736414e17b514.jpg#p00#2#1,2083_jpg.rf.495128c744c28beefc8736414e17b514.jpg,0,2,1,0.986,0,det,det,det,Recruta da Equipe Star,195/198,SVIRA,Leafeon VSTAR,SWSH195/307,SWSHP,SWSH Black Star Promos,Promo,501.6129150390625
2083_jpg.rf.495128c744c28beefc8736414e17b514.jpg#p00#6#2,2083_jpg.rf.495128c744c28beefc8736414e17b514.jpg,0,6,2,0.983,0,det,det,template,Memória Elétrica,121/156,,Meloetta,123/236,UNM,Unified Minds,Rare,536.7391357421875
2083_jpg.rf.495128c744c28beefc8736414e17b514.jpg#p00#5#3,2083_jpg.rf.495128c744c28beefc8736414e17b514.jpg,0,5,3,0.984,0,det,det,template,Passimian,,,Passimian,118/193,PAL,Paldea Evolved,Uncommon,1040.0
2083_jpg.rf.495128c744c28beefc8736414e17b514.jpg#p00#0#4,2083_jpg.rf.495128c744c28beefc8736414e17b514.jpg,0,0,4,0.988,0,det,det,template,Jellicent,045/149,,Jellicent,45/149,BCR,Boundaries Crossed,Rare,1115.0
2083_jpg.rf.495128c744c28beefc8736414e17b514.jpg#p00#7#5,2083_jpg.rf.495128c744c28beefc8736414e17b514.jpg,0,7,5,0.981,0,det,det,template,Bisharp,003/116,,Bisharp,73/116,PLF,Plasma Freeze,Rare,1065.0
2083_jpg.rf.495128c744c28beefc8736414e17b514.jpg#p00#8#6,2083_jpg.rf.495128c744c28beefc8736414e17b514.jpg,0,8,6,0.98,0,det,det,template,Ho-Oh,022/124,,Ho-Oh-EX,22/124,DRX,Dragons Exalted,Rare Holo EX,1075.0
2083_jpg.rf.495128c744c28beefc8736414e17b514.jpg#p00#3#7,2083_jpg.rf.495128c744c28beefc8736414e17b514.jpg,0,3,7,0.986,0,det,template,template,Radar Eletromagnético,,,N,96/108,DEX,Dark Explorers,Uncommon,880.0
2083_jpg.rf.495128c744c28beefc8736414e17b514.jpg#p00#1#8,2083_jpg.rf.495128c744c28beefc8736414e17b514.jpg,0,1,8,0.988,0,det,det,template,Carvanha,001/73,,Carvanha,11/73,CPA,Champion's Path,Common,1065.0
2084_jpg.rf.0e8d01457e512c06d6a7f236418958cf.jpg#p00#3#0,2084_jpg.rf.0e8d01457e512c06d6a7f236418958cf.jpg,0,3,0,0.976,0,det,det,template,Aspirador Perdido,135/159,,Vaporeon,134/165,MEW,151,Rare,515.0
2084_jpg.rf.0e8d01457e512c06d6a7f236418958cf.jpg#p00#0#1,2084_jpg.rf.0e8d01457e512c06d6a7f236418958cf.jpg,0,0,1,0.989,0,det,det,template,Ducklett,148/189,,Ducklett,148/189,DAA,Darkness Ablaze,Common,1115.0
2084_jpg.rf.0e8d01457e512c06d6a7f236418958cf.jpg#p00#2#2,2084_jpg.rf.0e8d01457e512c06d6a7f236418958cf.jpg,0,2,2,0.984,0,det,det,template,Hydreigon,,,Hydreigon,97/124,DRX,Dragons Exalted,Rare Holo,1040.0
2084_jpg.rf.0e8d01457e512c06d6a7f236418958cf.jpg#p00#1#3,2084_jpg.rf.0e8d01457e512c06d6a7f236418958cf.jpg,0,1,3,0.985,0,det,det,template,Naganadel,,,Naganadel,108/214,LOT,Lost Thunder,Rare Holo,1040.0
2085_jpg.rf.e3de5da0589ecea394ba7701609eece4.jpg#p00#1#0,2085_jpg.rf.e3de5da0589ecea394ba7701609eece4.jpg,0,1,0,0.983,0,det,det,template,Wimpod,,,Wimpod,47/182,PAR,Paradox Rift,Common,1040.0
2085_jpg.rf.e3de5da0589ecea394ba7701609eece4.jpg#p00#3#1,2085_jpg.rf.e3de5da0589ecea394ba7701609eece4.jpg,0,3,1,0.98,0,det,det,det,Lampent,,,Lampent,19/99,NXD,Next Destinies,Uncommon,1040.0
2085_jpg.rf.e3de5da0589ecea394ba7701609eece4.jpg#p00#0#2,2085_jpg.rf.e3de5da0589ecea394ba7701609eece4.jpg,0,0,2,0.983,0,det,det,template,Fletchinder,,,Fletchinder,13/88,POR,Perfect Order,Common,1040.0
2085_jpg.rf.e3de5da0589ecea394ba7701609eece4.jpg#p00#2#3,2085_jpg.rf.e3de5da0589ecea394ba7701609eece4.jpg,0,2,3,0.981,0,det,det,template,Araquanid,031/731,,Araquanid,33/131,FLI,Forbidden Light,Uncommon,1055.0
2085_jpg.rf.e3de5da0589ecea394ba7701609eece4.jpg#p00#4#4,2085_jpg.rf.e3de5da0589ecea394ba7701609eece4.jpg,0,4,4,0.977,0,det,det,template,Shinx,049/172,,Shinx,49/172,BRS,Brilliant Stars,Common,1115.0
2086_jpg.rf.36510bee31a81bd53a86bc60458d4004.jpg#p00#1#0,2086_jpg.rf.36510bee31a81bd53a86bc60458d4004.jpg,0,1,0,0.986,0,det,det,template,Ralts,060/189,,Ralts,60/189,ASR,Astral Radiance,Common,1115.0
2086_jpg.rf.36510bee31a81bd53a86bc60458d4004.jpg#p00#3#1,2086_jpg.rf.36510bee31a81bd53a86bc60458d4004.jpg,0,3,1,0.983,0,det,det,template,Klefki,073/116,,Klefki,73/111,FFI,Furious Fists,Uncommon,1090.0
2086_jpg.rf.36510bee31a81bd53a86bc60458d4004.jpg#p00#2#2,2086_jpg.rf.36510bee31a81bd53a86bc60458d4004.jpg,0,2,2,0.985,0,det,det,template,Doce Raro,129/149,,Drakloak,129/167,TWM,Twilight Masquerade,Common,550.0
2086_jpg.rf.36510bee31a81bd53a86bc60458d4004.jpg#p00#0#3,2086_jpg.rf.36510bee31a81bd53a86bc60458d4004.jpg,0,0,3,0.99,0,det,det,template,UrsalunaV,102/195,,Ursaluna V,102/195,SIT,Silver Tempest,Rare Holo V,1115.0
2087_jpg.rf.dc621a16776f1786dc5d977d150ac3f0.jpg#p00#7#0,2087_jpg.rf.dc621a16776f1786dc5d977d150ac3f0.jpg,0,7,0,0.981,0,det,det,template,Sharpedo,028/145,,Sharpedo,28/145,GRI,Guardians Rising,Rare,1115.0
2087_jpg.rf.dc621a16776f1786dc5d977d150ac3f0.jpg#p00#4#1,2087_jpg.rf.dc621a16776f1786dc5d977d150ac3f0.jpg,0,4,1,0.986,0,det,det,template,Sinistea,082/189,,Sinistea,82/189,DAA,Darkness Ablaze,Common,1115.0
2087_jpg.rf.dc621a16776f1786dc5d977d150ac3f0.jpg#p00#5#2,2087_jpg.rf.dc621a16776f1786dc5d977d150ac3f0.jpg,0,5,2,0.985,0,det,det,template,Medalha do Herói,202/985,,Salvatore,202/162,TEF,Temporal Forces,Ultra Rare,484.7826232910156
2087_jpg.rf.dc621a16776f1786dc5d977d150ac3f0.jpg#p00#1#3,2087_jpg.rf.dc621a16776f1786dc5d977d150ac3f0.jpg,0,1,3,0.988,0,det,det,det,Pinsir,168/167,WE,Pinsir,168/167,TWM,Twilight Masquerade,Illustration Rare,1115.0
2087_jpg.rf.dc621a16776f1786dc5d977d150ac3f0.jpg#p00#3#4,2087_jpg.rf.dc621a16776f1786dc5d977d150ac3f0.jpg,0,3,4,0.986,0,det,det,template,DecidueyedeHisuASTRO,084/189,,Hisuian Decidueye VSTAR,84/189,ASR,Astral Radiance,Rare Holo VSTAR,660.3658447265625
2087_jpg.rf.dc621a16776f1786dc5d977d150ac3f0.jpg#p00#2#5,2087_jpg.rf.dc621a16776f1786dc5d977d150ac3f0.jpg,0,2,5,0.987,0,det,det,template,Torkoal,016/106,,Torkoal,16/106,FLF,Flashfire,Uncommon,1115.0
2087_jpg.rf.dc621a16776f1786dc5d977d150ac3f0.jpg#p00#0#6,2087_jpg.rf.dc621a16776f1786dc5d977d150ac3f0.jpg,0,0,6,0.988,0,det,template,template,Shauna,111/111,,Shauna,111/124,FCO,Fates Collide,Uncommon,1090.0
2087_jpg.rf.dc621a16776f1786dc5d977d150ac3f0.jpg#p00#6#7,2087_jpg.rf.dc621a16776f1786dc5d977d150ac3f0.jpg,0,6,7,0.985,0,det,det,template,Mareanie,051/189,,Mareanie,51/189,DAA,Darkness Ablaze,Common,1115.0
2088_jpg.rf.f38dafd9c1c6aa69cc5c8fb38e9641cc.jpg#p00#1#0,2088_jpg.rf.f38dafd9c1c6aa69cc5c8fb38e9641cc.jpg,0,1,0,0.984,0,det,det,det,Mega Clefable eX,119/88,PORM,Mega Clefable ex,119/88,POR,Perfect Order,Special Illustration Rare,1115.0
2088_jpg.rf.f38dafd9c1c6aa69cc5c8fb38e9641cc.jpg#p00#2#1,2088_jpg.rf.f38dafd9c1c6aa69cc5c8fb38e9641cc.jpg,0,2,1,0.981,0,det,det,template,Sinistea,082/189,,Sinistea,82/189,DAA,Darkness Ablaze,Common,1115.0
2088_jpg.rf.f38dafd9c1c6aa69cc5c8fb38e9641cc.jpg#p00#0#2,2088_jpg.rf.f38dafd9c1c6aa69cc5c8fb38e9641cc.jpg,0,0,2,0.984,0,det,det,det,Tarsila,,,Altaria,2/102,TM,Triumphant,Rare Holo,714.2857055664062
2089_jpg.rf.68a89c7652fc6fe48f72981ae86b6b38.jpg#p00#0#0,2089_jpg.rf.68a89c7652fc6fe48f72981ae86b6b38.jpg,0,0,0,0.976,180,det,det,det,WigglytuffX,090/163,CT,Wigglytuff,90/146,XY,XY,Rare,1050.0
2089_jpg.rf.68a89c7652fc6fe48f72981ae86b6b38.jpg#p00#2#1,2089_jpg.rf.68a89c7652fc6fe48f72981ae86b6b38.jpg,0,2,1,0.974,0,det,det,det,Incineroar3,,,Incineroar ex,34/162,TEF,Temporal Forces,Double Rare,1000.0
2089_jpg.rf.68a89c7652fc6fe48f72981ae86b6b38.jpg#p00#5#2,2089_jpg.rf.68a89c7652fc6fe48f72981ae86b6b38.jpg,0,5,2,0.961,0,template,template,template,,,,Alakazam,1/130,B2,Base Set 2,Rare Holo,0.0
2089_jpg.rf.68a89c7652fc6fe48f72981ae86b6b38.jpg#p00#1#3,2089_jpg.rf.68a89c7652fc6fe48f72981ae86b6b38.jpg,0,1,3,0.975,0,det,det,template,Aron,123/244,,Aron,123/214,UNB,Unbroken Bonds,Common,1090.0
2089_jpg.rf.68a89c7652fc6fe48f72981ae86b6b38.jpg#p00#3#4,2089_jpg.rf.68a89c7652fc6fe48f72981ae86b6b38.jpg,0,3,4,0.974,0,det,det,det,Mawile,246/217,BCE,Mawile,246/217,ASC,Ascended Heroes,Illustration Rare,1115.0
2089_jpg.rf.68a89c7652fc6fe48f72981ae86b6b38.jpg#p00#4#5,2089_jpg.rf.68a89c7652fc6fe48f72981ae86b6b38.jpg,0,4,5,0.971,180,det,det,det,Cartão Vermelho Especial,113/86,GIN,Cresselia,SWSH114/307,SWSHP,SWSH Black Star Promos,Promo,466.6129150390625
2089_jpg.rf.68a89c7652fc6fe48f72981ae86b6b38.jpg#p00#6#6,2089_jpg.rf.68a89c7652fc6fe48f72981ae86b6b38.jpg,0,6,6,0.96,180,det,det,template,Memória Elétrica,,,Mega Manectric ex,50/132,MEG,Mega Evolution,Double Rare,600.0
2090_jpg.rf.179ad6e48119596042e43f159bc8a539.jpg#p00#4#0,2090_jpg.rf.179ad6e48119596042e43f159bc8a539.jpg,0,4,0,0.974,180,det,det,template,Eelektross,005/185,,Eelektross,59/185,VIV,Vivid Voltage,Rare,1065.0
2090_jpg.rf.179ad6e48119596042e43f159bc8a539.jpg#p00#3#1,2090_jpg.rf.179ad6e48119596042e43f159bc8a539.jpg,0,3,1,0.976,180,det,det,det,Mewtwo,,,Mewtwo,10/130,B2,Base Set 2,Rare Holo,1040.0
2090_jpg.rf.179ad6e48119596042e43f159bc8a539.jpg#p00#1#2,2090_jpg.rf.179ad6e48119596042e43f159bc8a539.jpg,0,1,2,0.98,180,det,det,template,Salamence,109/101,,Salamence,109/203,EVS,Evolving Skies,Rare Holo,1090.0
2090_jpg.rf.179ad6e48119596042e43f159bc8a539.jpg#p00#2#3,2090_jpg.rf.179ad6e48119596042e43f159bc8a539.jpg,0,2,3,0.98,0,det,det,template,Chandelure,,,Chandelure,20/99,NXD,Next Destinies,Rare Holo,1040.0
2090_jpg.rf.179ad6e48119596042e43f159bc8a539.jpg#p00#5#4,2090_jpg.rf.179ad6e48119596042e43f159bc8a539.jpg,0,5,4,0.97,0,det,det,det,Klinklang,,,Klinklang,76/114,BLW,Black & White,Rare Holo,1040.0
2090_jpg.rf.179ad6e48119596042e43f159bc8a539.jpg#p00#0#5,2090_jpg.rf.179ad6e48119596042e43f159bc8a539.jpg,0,0,5,0.982,180,det,det,det,Trompete de Vidro,260/217,ASCM,Glass Trumpet,260/217,ASC,Ascended Heroes,Ultra Rare,519.4444580078125
2091_jpg.rf.17fbd1bef5330acf0b10abfb50770433.jpg#p00#0#0,2091_jpg.rf.17fbd1bef5330acf0b10abfb50770433.jpg,0,0,0,0.979,180,det,det,det,Hypno,,,Hypno,8/62,FO,Fossil,Rare Holo,1040.0
2091_jpg.rf.17fbd1bef5330acf0b10abfb50770433.jpg#p00#3#1,2091_jpg.rf.17fbd1bef5330acf0b10abfb50770433.jpg,0,3,1,0.96,180,det,det,template,Nosepass,054/183,,Nosepass,54/114,STS,Steam Siege,Common,1090.0
2091_jpg.rf.17fbd1bef5330acf0b10abfb50770433.jpg#p00#1#2,2091_jpg.rf.17fbd1bef5330acf0b10abfb50770433.jpg,0,1,2,0.974,180,det,det,det,Rockruff,,,Rockruff,84/159,JTG,Journey Together,Common,1040.0
2091_jpg.rf.17fbd1bef5330acf0b10abfb50770433.jpg#p00#2#3,2091_jpg.rf.17fbd1bef5330acf0b10abfb50770433.jpg,0,2,3,0.965,0,det,det,det,Spidops,,,Spidops,18/193,PAL,Paldea Evolved,Uncommon,1040.0
2092_jpg.rf.387ba0d43810a472822749208a923a0f.jpg#p00#7#0,2092_jpg.rf.387ba0d43810a472822749208a923a0f.jpg,0,7,0,0.979,0,det,det,det,Maractus,093/86,,Maractus,93/86,BLK,Black Bolt,Illustration Rare,1115.0
2092_jpg.rf.387ba0d43810a472822749208a923a0f.jpg#p00#6#1,2092_jpg.rf.387ba0d43810a472822749208a923a0f.jpg,0,6,1,0.981,0,template,template,template,,021/198,,Blaziken VMAX,21/198,CRE,Chilling Reign,Rare Holo VMAX,75.0
2092_jpg.rf.387ba0d43810a472822749208a923a0f.jpg#p00#8#2,2092_jpg.rf.387ba0d43810a472822749208a923a0f.jpg,0,8,2,0.979,0,det,det,template,Klefki,,,Klefki,59/88,POR,Perfect Order,Common,1040.0
2092_jpg.rf.387ba0d43810a472822749208a923a0f.jpg#p00#5#3,2092_jpg.rf.387ba0d43810a472822749208a923a0f.jpg,0,5,3,0.984,0,det,det,det,Riolu,,ASCH,Riolu,BW33/101,BWP,BW Black Star Promos,Promo,1040.0
2092_jpg.rf.387ba0d43810a472822749208a923a0f.jpg#p00#1#4,2092_jpg.rf.387ba0d43810a472822749208a923a0f.jpg,0,1,4,0.988,0,det,det,det,KoraidonX,254/198,,Koraidon ex,254/198,SVI,Scarlet & Violet,Hyper Rare,1075.0
2092_jpg.rf.387ba0d43810a472822749208a923a0f.jpg#p00#0#5,2092_jpg.rf.387ba0d43810a472822749208a923a0f.jpg,0,0,5,0.99,0,det,det,template,Patinadora,203/236,,Latios,203/191,SSP,Surging Sparks,Illustration Rare,550.0
2092_jpg.rf.387ba0d43810a472822749208a923a0f.jpg#p00#3#6,2092_jpg.rf.387ba0d43810a472822749208a923a0f.jpg,0,3,6,0.987,0,det,det,det,Arboliva,021/197,0M,Arboliva,21/197,OBF,Obsidian Flames,Uncommon,1115.0
2092_jpg.rf.387ba0d43810a472822749208a923a0f.jpg#p00#2#7,2092_jpg.rf.387ba0d43810a472822749208a923a0f.jpg,0,2,7,0.987,0,det,det,det,Eternatus,069/94,GI,Eternatus,69/94,PFL,Phantasmal Flames,Uncommon,1115.0
2092_jpg.rf.387ba0d43810a472822749208a923a0f.jpg#p00#4#8,2092_jpg.rf.387ba0d43810a472822749208a923a0f.jpg,0,4,8,0.986,0,det,det,det,Energia Voltaica,084/84,GBLO,Energy Switch,84/115,UF,Unseen Forces,Uncommon,642.5925903320312
2093_jpg.rf.b059f7498fd158dae61912499e6ca45e.jpg#p00#2#0,2093_jpg.rf.b059f7498fd158dae61912499e6ca45e.jpg,0,2,0,0.978,0,det,det,template,Valentia do Brock,,,Brock,15/132,G1,Gym Heroes,Rare Holo,1000.0
2093_jpg.rf.b059f7498fd158dae61912499e6ca45e.jpg#p00#1#1,2093_jpg.rf.b059f7498fd158dae61912499e6ca45e.jpg,0,1,1,0.985,0,det,det,det,Infernape,,SW23,Infernape,17/135,PLS,Plasma Storm,Rare Holo,1040.0
2093_jpg.rf.b059f7498fd158dae61912499e6ca45e.jpg#p00#4#2,2093_jpg.rf.b059f7498fd158dae61912499e6ca45e.jpg,0,4,2,0.975,0,det,det,template,Growlithe,021/149,,Growlithe,21/149,SUM,Sun & Moon,Common,1115.0
2093_jpg.rf.b059f7498fd158dae61912499e6ca45e.jpg#p00#0#3,2093_jpg.rf.b059f7498fd158dae61912499e6ca45e.jpg,0,0,3,0.991,0,det,det,template,Magearna,131/214,,Magearna,131/214,LOT,Lost Thunder,Uncommon,1115.0
2093_jpg.rf.b059f7498fd158dae61912499e6ca45e.jpg#p00#3#4,2093_jpg.rf.b059f7498fd158dae61912499e6ca45e.jpg,0,3,4,0.978,0,det,det,template,Exploud,013/755,,Exploud,6/101,HL,Hidden Legends,Rare Holo,1040.0
2094_jpg.rf.3630cbb153b576581110e8642cee4ad3.jpg#p00#1#0,2094_jpg.rf.3630cbb153b576581110e8642cee4ad3.jpg,0,1,0,0.985,0,det,det,template,DragoniteV,,,Dragonite V,76/78,PGO,Pokémon GO,Rare Ultra,1040.0
2094_jpg.rf.3630cbb153b576581110e8642cee4ad3.jpg#p00#2#1,2094_jpg.rf.3630cbb153b576581110e8642cee4ad3.jpg,0,2,1,0.984,0,det,det,det,Leafeon,,,Leafeon,BW87/101,BWP,BW Black Star Promos,Promo,1040.0
2094_jpg.rf.3630cbb153b576581110e8642cee4ad3.jpg#p00#5#2,2094_jpg.rf.3630cbb153b576581110e8642cee4ad3.jpg,0,5,2,0.982,0,det,det,template,Surskit,,,Surskit,1/101,PLB,Plasma Blast,Common,1040.0
2094_jpg.rf.3630cbb153b576581110e8642cee4ad3.jpg#p00#4#3,2094_jpg.rf.3630cbb153b576581110e8642cee4ad3.jpg,0,4,3,0.983,0,det,det,template,Braixen,012/120,,Braixen,12/124,FCO,Fates Collide,Uncommon,1090.0
2094_jpg.rf.3630cbb153b576581110e8642cee4ad3.jpg#p00#3#4,2094_jpg.rf.3630cbb153b576581110e8642cee4ad3.jpg,0,3,4,0.984,0,det,det,template,Ho-Oh,022/124,,Ho-Oh-EX,22/124,DRX,Dragons Exalted,Rare Holo EX,1075.0
2094_jpg.rf.3630cbb153b576581110e8642cee4ad3.jpg#p00#8#5,2094_jpg.rf.3630cbb153b576581110e8642cee4ad3.jpg,0,8,5,0.979,0,det,det,det,Absolex,135/197,08FM,Absol ex,135/197,OBF,Obsidian Flames,Double Rare,1115.0
2094_jpg.rf.3630cbb153b576581110e8642cee4ad3.jpg#p00#0#6,2094_jpg.rf.3630cbb153b576581110e8642cee4ad3.jpg,0,0,6,0.985,0,det,det,det,Charcadet,038/193,,Charcadet,38/193,PAL,Paldea Evolved,Common,1115.0
2094_jpg.rf.3630cbb153b576581110e8642cee4ad3.jpg#p00#7#7,2094_jpg.rf.3630cbb153b576581110e8642cee4ad3.jpg,0,7,7,0.981,0,det,det,det,Scizor,205/157,GR,Scizor,205/197,OBF,Obsidian Flames,Illustration Rare,1090.0
2094_jpg.rf.3630cbb153b576581110e8642cee4ad3.jpg#p00#6#8,2094_jpg.rf.3630cbb153b576581110e8642cee4ad3.jpg,0,6,8,0.981,0,det,det,template,Decidueye de Hisui ASTRO,084/189,,Hisuian Decidueye VSTAR,84/189,ASR,Astral Radiance,Rare Holo VSTAR,1075.0
2095_jpg.rf.34502e00455debe17b2d31ad494a3ccf.jpg#p00#6#0,2095_jpg.rf.34502e00455debe17b2d31ad494a3ccf.jpg,0,6,0,0.984,0,det,det,det,Uxie,,,Uxie,43/146,LA,Legends Awakened,Rare,1040.0
2095_jpg.rf.34502e00455debe17b2d31ad494a3ccf.jpg#p00#5#1,2095_jpg.rf.34502e00455debe17b2d31ad494a3ccf.jpg,0,5,1,0.985,0,det,det,template,Klefki,,,Klefki,59/88,POR,Perfect Order,Common,1040.0
2095_jpg.rf.34502e00455debe17b2d31ad494a3ccf.jpg#p00#8#2,2095_jpg.rf.34502e00455debe17b2d31ad494a3ccf.jpg,0,8,2,0.983,180,det,det,template,u k,,,Muk,13/62,FO,Fossil,Rare Holo,1000.0
2095_jpg.rf.34502e00455debe17b2d31ad494a3ccf.jpg#p00#2#3,2095_jpg.rf.34502e00455debe17b2d31ad494a3ccf.jpg,0,2,3,0.986,0,det,det,template,Oranguru,114/156,,Oranguru,114/156,UPR,Ultra Prism,Uncommon,1115.0
2095_jpg.rf.34502e00455debe17b2d31ad494a3ccf.jpg#p00#4#4,2095_jpg.rf.34502e00455debe17b2d31ad494a3ccf.jpg,0,4,4,0.985,0,det,det,template,Blissey,,,Blissey,82/108,DEX,Dark Explorers,Rare Holo,1040.0
2095_jpg.rf.34502e00455debe17b2d31ad494a3ccf.jpg#p00#7#5,2095_jpg.rf.34502e00455debe17b2d31ad494a3ccf.jpg,0,7,5,0.983,0,det,det,det,Croagunk,772/703,PALN,Croagunk,64/149,BCR,Boundaries Crossed,Common,1040.0
2095_jpg.rf.34502e00455debe17b2d31ad494a3ccf.jpg#p00#1#6,2095_jpg.rf.34502e00455debe17b2d31ad494a3ccf.jpg,0,1,6,0.987,0,det,det,template,Ponyta,023/236,,Ponyta,23/236,CEC,Cosmic Eclipse,Common,1115.0
2095_jpg.rf.34502e00455debe17b2d31ad494a3ccf.jpg#p00#3#7,2095_jpg.rf.34502e00455debe17b2d31ad494a3ccf.jpg,0,3,7,0.986,0,det,det,det,Quilava do Ethan,033/182,DIM,Ethan's Quilava,33/182,DRI,Destined Rivals,Common,1075.0
2095_jpg.rf.34502e00455debe17b2d31ad494a3ccf.jpg#p00#0#8,2095_jpg.rf.34502e00455debe17b2d31ad494a3ccf.jpg,0,0,8,0.989,0,det,det,det,Infernape,,SPN,Infernape,17/135,PLS,Plasma Storm,Rare Holo,1040.0
2096_jpg.rf.9276f20a0fc6405f7ab99f53ee518528.jpg#p00#6#0,2096_jpg.rf.9276f20a0fc6405f7ab99f53ee518528.jpg,0,6,0,0.982,0,det,det,template,Substituidor Cruzado,230/264,,Cross Switcher,230/264,FST,Fusion Strike,Uncommon,387.5
2096_jpg.rf.9276f20a0fc6405f7ab99f53ee518528.jpg#p00#5#1,2096_jpg.rf.9276f20a0fc6405f7ab99f53ee518528.jpg,0,5,1,0.983,0,det,det,det,Slurpuff,094/217,ASOR,Slurpuff,94/217,ASC,Ascended Heroes,Uncommon,1115.0
2096_jpg.rf.9276f20a0fc6405f7ab99f53ee518528.jpg#p00#1#2,2096_jpg.rf.9276f20a0fc6405f7ab99f53ee518528.jpg,0,1,2,0.988,0,det,det,template,Pignite,032/236,,Pignite,32/236,CEC,Cosmic Eclipse,Uncommon,1115.0
2096_jpg.rf.9276f20a0fc6405f7ab99f53ee518528.jpg#p00#4#3,2096_jpg.rf.9276f20a0fc6405f7ab99f53ee518528.jpg,0,4,3,0.985,0,det,det,det,Mawile,246/217,ASCH,Mawile,246/217,ASC,Ascended Heroes,Illustration Rare,1115.0
2096_jpg.rf.9276f20a0fc6405f7ab99f53ee518528.jpg#p00#3#4,2096_jpg.rf.9276f20a0fc6405f7ab99f53ee518528.jpg,0,3,4,0.985,0,det,det,det,Gastly,123/217,ASC,Gastly,123/217,ASC,Ascended Heroes,Common,1125.0
2096_jpg.rf.9276f20a0fc6405f7ab99f53ee518528.jpg#p00#7#5,2096_jpg.rf.9276f20a0fc6405f7ab99f53ee518528.jpg,0,7,5,0.979,0,det,det,template,Cottonee,118/214,,Cottonee,139/214,UNB,Unbroken Bonds,Common,1065.0
2096_jpg.rf.9276f20a0fc6405f7ab99f53ee518528.jpg#p00#0#6,2096_jpg.rf.9276f20a0fc6405f7ab99f53ee518528.jpg,0,0,6,0.99,0,det,det,template,Marowak de Alola,075/236,,Marowak,73/142,SCR,Stellar Crown,Uncommon,1015.0
2096_jpg.rf.9276f20a0fc6405f7ab99f53ee518528.jpg#p00#2#7,2096_jpg.rf.9276f20a0fc6405f7ab99f53ee518528.jpg,0,2,7,0.986,0,det,det,template,RotomV,058/196,,Rotom V,58/196,LOR,Lost Origin,Rare Holo V,1115.0
2097_jpg.rf.56ab45a4add4cc439af4a65c905b3d31.jpg#p00#3#0,2097_jpg.rf.56ab45a4add4cc439af4a65c905b3d31.jpg,0,3,0,0.971,180,det,det,template,Boltund,,,Boltund,31/94,PFL,Phantasmal Flames,Common,1040.0
2097_jpg.rf.56ab45a4add4cc439af4a65c905b3d31.jpg#p00#5#1,2097_jpg.rf.56ab45a4add4cc439af4a65c905b3d31.jpg,0,5,1,0.97,180,det,template,template,KartanaX,,,Kartana,101/168,CES,Celestial Storm,Rare,1000.0
2097_jpg.rf.56ab45a4add4cc439af4a65c905b3d31.jpg#p00#4#2,2097_jpg.rf.56ab45a4add4cc439af4a65c905b3d31.jpg,0,4,2,0.97,180,det,template,template,Doce Raro,,,Volcarona,22/108,DEX,Dark Explorers,Rare Holo,588.2352905273438
2097_jpg.rf.56ab45a4add4cc439af4a65c905b3d31.jpg#p00#6#3,2097_jpg.rf.56ab45a4add4cc439af4a65c905b3d31.jpg,0,6,3,0.968,0,det,det,det,YanmegaX,020/413,,Yanmega E4,37/111,RR,Rising Rivals,Rare,1000.0
2097_jpg.rf.56ab45a4add4cc439af4a65c905b3d31.jpg#p00#0#4,2097_jpg.rf.56ab45a4add4cc439af4a65c905b3d31.jpg,0,0,4,0.975,180,det,det,template,MewtwoVAsiko,031/78,,Mewtwo V,30/78,PGO,Pokémon GO,Rare Holo V,920.0
2097_jpg.rf.56ab45a4add4cc439af4a65c905b3d31.jpg#p00#1#5,2097_jpg.rf.56ab45a4add4cc439af4a65c905b3d31.jpg,0,1,5,0.975,0,det,det,det,Togekiss,682/217,,Togekiss,82/217,ASC,Ascended Heroes,Rare,1065.0
2097_jpg.rf.56ab45a4add4cc439af4a65c905b3d31.jpg#p00#2#6,2097_jpg.rf.56ab45a4add4cc439af4a65c905b3d31.jpg,0,2,6,0.973,180,det,det,det,Eelektross,115/63,,Eelektross,115/86,BLK,Black Bolt,Illustration Rare,1090.0
2098_jpg.rf.f4092b8a6e7d88e8142cc9805e2a48c6.jpg#p00#1#0,2098_jpg.rf.f4092b8a6e7d88e8142cc9805e2a48c6.jpg,0,1,0,0.984,0,det,det,det,Parasect,047/165,MEUN,Parasect,47/165,MEW,151,Uncommon,1115.0
2098_jpg.rf.f4092b8a6e7d88e8142cc9805e2a48c6.jpg#p00#2#1,2098_jpg.rf.f4092b8a6e7d88e8142cc9805e2a48c6.jpg,0,2,1,0.981,0,det,det,template,Trumbeak,134/105,,Trumbeak,165/214,LOT,Lost Thunder,Uncommon,1040.0
2098_jpg.rf.f4092b8a6e7d88e8142cc9805e2a48c6.jpg#p00#0#2,2098_jpg.rf.f4092b8a6e7d88e8142cc9805e2a48c6.jpg,0,0,2,0.992,0,det,det,det,Skitty,130/162,,Skitty,130/162,TEF,Temporal Forces,Common,1115.0
2098_jpg.rf.f4092b8a6e7d88e8142cc9805e2a48c6.jpg#p00#3#3,2098_jpg.rf.f4092b8a6e7d88e8142cc9805e2a48c6.jpg,0,3,3,0.978,0,det,det,det,Maractus,093/86,EA,Maractus,93/86,BLK,Black Bolt,Illustration Rare,1115.0
2099_jpg.rf.2893d8a8008aceb8daab029d6a24ee2f.jpg#p00#0#0,2099_jpg.rf.2893d8a8008aceb8daab029d6a24ee2f.jpg,0,0,0,0.981,0,det,det,template,Estádio de Turffield,010/92,,Tentacruel,10/18,SI,Southern Islands,nan,478.5714416503906
2099_jpg.rf.2893d8a8008aceb8daab029d6a24ee2f.jpg#p00#1#1,2099_jpg.rf.2893d8a8008aceb8daab029d6a24ee2f.jpg,0,1,1,0.975,0,det,det,template,Victini,,,Victini,23/149,BCR,Boundaries Crossed,Rare,1040.0
2099_jpg.rf.2893d8a8008aceb8daab029d6a24ee2f.jpg#p00#2#2,2099_jpg.rf.2893d8a8008aceb8daab029d6a24ee2f.jpg,0,2,2,0.974,0,det,template,template,Radar Eletromagnético,,,N,96/108,DEX,Dark Explorers,Uncommon,880.0
2100_jpg.rf.9005c97e1c6aa3c973f142f136dcc43e.jpg#p00#2#0,2100_jpg.rf.9005c97e1c6aa3c973f142f136dcc43e.jpg,0,2,0,0.988,0,det,det,template,Suicune,059/214,,Suicune,59/214,LOT,Lost Thunder,Rare Holo,1115.0
2100_jpg.rf.9005c97e1c6aa3c973f142f136dcc43e.jpg#p00#0#1,2100_jpg.rf.9005c97e1c6aa3c973f142f136dcc43e.jpg,0,0,1,0.99,0,det,det,template,Clara Petra,067/72,,Clamperl,65/264,FST,Fusion Strike,Common,681.6666870117188
2100_jpg.rf.9005c97e1c6aa3c973f142f136dcc43e.jpg#p00#4#2,2100_jpg.rf.9005c97e1c6aa3c973f142f136dcc43e.jpg,0,4,2,0.984,0,det,det,det,Natu,025/91,PAER,Natu,25/91,PAF,Paldean Fates,Common,1115.0
2100_jpg.rf.9005c97e1c6aa3c973f142f136dcc43e.jpg#p00#7#3,2100_jpg.rf.9005c97e1c6aa3c973f142f136dcc43e.jpg,0,7,3,0.982,0,det,det,det,Articuno,161/159,,Articuno,161/159,JTG,Journey Together,Illustration Rare,1115.0
2100_jpg.rf.9005c97e1c6aa3c973f142f136dcc43e.jpg#p00#5#4,2100_jpg.rf.9005c97e1c6aa3c973f142f136dcc43e.jpg,0,5,4,0.984,0,det,det,template,Cinccino,089/114,,Cinccino,89/114,BLW,Black & White,Rare,1115.0
2100_jpg.rf.9005c97e1c6aa3c973f142f136dcc43e.jpg#p00#8#5,2100_jpg.rf.9005c97e1c6aa3c973f142f136dcc43e.jpg,0,8,5,0.982,0,det,det,det,Charizardex,,,Charizard ex,56/102,SVP,SVP Black Star Promos,Promo,1040.0
2100_jpg.rf.9005c97e1c6aa3c973f142f136dcc43e.jpg#p00#1#6,2100_jpg.rf.9005c97e1c6aa3c973f142f136dcc43e.jpg,0,1,6,0.989,0,det,det,template,Drizzile,056/202,,Drizzile,56/202,SSH,Sword & Shield,Uncommon,1115.0
2100_jpg.rf.9005c97e1c6aa3c973f142f136dcc43e.jpg#p00#6#7,2100_jpg.rf.9005c97e1c6aa3c973f142f136dcc43e.jpg,0,6,7,0.983,0,det,det,det,Nosepass,,,Nosepass,62/124,DRX,Dragons Exalted,Common,1040.0
2100_jpg.rf.9005c97e1c6aa3c973f142f136dcc43e.jpg#p00#3#8,2100_jpg.rf.9005c97e1c6aa3c973f142f136dcc43e.jpg,0,3,8,0.985,0,det,det,template,Crobat,033/119,,Crobat,33/119,PHF,Phantom Forces,Rare,1115.0
2101_jpg.rf.a82b5d7b61d456ea1a6634c61212166a.jpg#p00#3#0,2101_jpg.rf.a82b5d7b61d456ea1a6634c61212166a.jpg,0,3,0,0.981,0,det,det,template,Petilil,,,Petilil,9/114,BLW,Black & White,Common,1040.0
2101_jpg.rf.a82b5d7b61d456ea1a6634c61212166a.jpg#p00#0#1,2101_jpg.rf.a82b5d7b61d456ea1a6634c61212166a.jpg,0,0,1,0.983,0,det,det,det,Bonsly,001/19,ON,Bonsly,71/130,DP,Diamond & Pearl,Common,1040.0
2101_jpg.rf.a82b5d7b61d456ea1a6634c61212166a.jpg#p00#4#2,2101_jpg.rf.a82b5d7b61d456ea1a6634c61212166a.jpg,0,4,2,0.981,0,det,det,det,Drita,220/867,,Erika,16/132,G1,Gym Heroes,Rare Holo,900.0
2101_jpg.rf.a82b5d7b61d456ea1a6634c61212166a.jpg#p00#2#3,2101_jpg.rf.a82b5d7b61d456ea1a6634c61212166a.jpg,0,2,3,0.982,0,det,det,template,Patinadora,203/236,,Latios,203/191,SSP,Surging Sparks,Illustration Rare,550.0
2101_jpg.rf.a82b5d7b61d456ea1a6634c61212166a.jpg#p00#1#4,2101_jpg.rf.a82b5d7b61d456ea1a6634c61212166a.jpg,0,1,4,0.983,0,det,det,template,Medalha do Herói,202/165,,Salvatore,202/162,TEF,Temporal Forces,Ultra Rare,484.7826232910156
2102_jpg.rf.53c9ab9a9f196117655b8d4ab10afc78.jpg#p00#0#0,2102_jpg.rf.53c9ab9a9f196117655b8d4ab10afc78.jpg,0,0,0,0.976,0,det,det,template,Dialga,121/185,,Dialga,121/185,VIV,Vivid Voltage,Rare Holo,1115.0
2102_jpg.rf.53c9ab9a9f196117655b8d4ab10afc78.jpg#p00#2#1,2102_jpg.rf.53c9ab9a9f196117655b8d4ab10afc78.jpg,0,2,1,0.976,0,det,det,template,Eelektross,059/185,,Eelektross,59/185,VIV,Vivid Voltage,Rare,1115.0
2102_jpg.rf.53c9ab9a9f196117655b8d4ab10afc78.jpg#p00#1#2,2102_jpg.rf.53c9ab9a9f196117655b8d4ab10afc78.jpg,0,1,2,0.976,180,det,det,template,Mamoswine,028/135,,Mamoswine,28/135,PLS,Plasma Storm,Rare,1115.0
2102_jpg.rf.53c9ab9a9f196117655b8d4ab10afc78.jpg#p00#4#3,2102_jpg.rf.53c9ab9a9f196117655b8d4ab10afc78.jpg,0,4,3,0.967,180,det,template,template,Suicune X,,,Suicune,53/53,WBP,Wizards Black Star Promos,Promo,1000.0
2102_jpg.rf.53c9ab9a9f196117655b8d4ab10afc78.jpg#p00#3#4,2102_jpg.rf.53c9ab9a9f196117655b8d4ab10afc78.jpg,0,3,4,0.968,180,det,det,template,Sinistea,,,Sinistea,97/197,OBF,Obsidian Flames,Common,1040.0
2103_jpg.rf.15dd2280e354acb21472dde24c6f8f6a.jpg#p00#6#0,2103_jpg.rf.15dd2280e354acb21472dde24c6f8f6a.jpg,0,6,0,0.98,0,det,det,template,Meowth,067/108,,Meowth,67/108,ROS,Roaring Skies,Common,1115.0
2103_jpg.rf.15dd2280e354acb21472dde24c6f8f6a.jpg#p00#1#1,2103_jpg.rf.15dd2280e354acb21472dde24c6f8f6a.jpg,0,1,1,0.985,0,det,det,template,Chimecho,,,Chimecho,22/123,MT,Mysterious Treasures,Rare,1040.0
2103_jpg.rf.15dd2280e354acb21472dde24c6f8f6a.jpg#p00#2#2,2103_jpg.rf.15dd2280e354acb21472dde24c6f8f6a.jpg,0,2,2,0.985,0,det,det,template,Kakuna,,,Kakuna,47/130,B2,Base Set 2,Uncommon,1040.0
2103_jpg.rf.15dd2280e354acb21472dde24c6f8f6a.jpg#p00#7#3,2103_jpg.rf.15dd2280e354acb21472dde24c6f8f6a.jpg,0,7,3,0.98,0,det,det,template,Sinistea,089/202,,Sinistea,89/202,SSH,Sword & Shield,Common,1115.0
2103_jpg.rf.15dd2280e354acb21472dde24c6f8f6a.jpg#p00#4#4,2103_jpg.rf.15dd2280e354acb21472dde24c6f8f6a.jpg,0,4,4,0.984,0,det,det,det,Mewtwo,,SVPN,Mewtwo,10/130,B2,Base Set 2,Rare Holo,1040.0
2103_jpg.rf.15dd2280e354acb21472dde24c6f8f6a.jpg#p00#0#5,2103_jpg.rf.15dd2280e354acb21472dde24c6f8f6a.jpg,0,0,5,0.991,0,det,det,det,Salazzle,024/142,,Salazzle,24/142,SCR,Stellar Crown,Uncommon,1115.0
2103_jpg.rf.15dd2280e354acb21472dde24c6f8f6a.jpg#p00#8#6,2103_jpg.rf.15dd2280e354acb21472dde24c6f8f6a.jpg,0,8,6,0.98,0,det,det,det,Aromatisse,039/131,,Aromatisse,39/131,PRE,Prismatic Evolutions,Common,1115.0
2103_jpg.rf.15dd2280e354acb21472dde24c6f8f6a.jpg#p00#3#7,2103_jpg.rf.15dd2280e354acb21472dde24c6f8f6a.jpg,0,3,7,0.984,0,det,det,template,Weedle,,,Weedle,100/130,B2,Base Set 2,Common,1040.0
2103_jpg.rf.15dd2280e354acb21472dde24c6f8f6a.jpg#p00#5#8,2103_jpg.rf.15dd2280e354acb21472dde24c6f8f6a.jpg,0,5,8,0.983,0,det,det,det,Shinx,135/91,,Shinx,135/91,PAF,Paldean Fates,Shiny Rare,1115.0
2104_jpg.rf.98d6b0af3f81cf48c4964c6f38415a74.jpg#p00#4#0,2104_jpg.rf.98d6b0af3f81cf48c4964c6f38415a74.jpg,0,4,0,0.987,0,det,det,det,LucarioeX,082/142,S0N,Lucario ex,82/142,SCR,Stellar Crown,Double Rare,1115.0
2104_jpg.rf.98d6b0af3f81cf48c4964c6f38415a74.jpg#p00#7#1,2104_jpg.rf.98d6b0af3f81cf48c4964c6f38415a74.jpg,0,7,1,0.984,0,det,det,template,Regidrago,,,Regidrago,118/189,ASR,Astral Radiance,Rare,1040.0
2104_jpg.rf.98d6b0af3f81cf48c4964c6f38415a74.jpg#p00#8#2,2104_jpg.rf.98d6b0af3f81cf48c4964c6f38415a74.jpg,0,8,2,0.983,0,det,det,det,AnnihilapeX,212/103,,Annihilape,92/182,DRI,Destined Rivals,Rare,1000.0
2104_jpg.rf.98d6b0af3f81cf48c4964c6f38415a74.jpg#p00#3#3,2104_jpg.rf.98d6b0af3f81cf48c4964c6f38415a74.jpg,0,3,3,0.987,0,det,det,det,Mega Clefable &X,119/88,FORM,Mega Clefable ex,119/88,POR,Perfect Order,Special Illustration Rare,1075.0
2104_jpg.rf.98d6b0af3f81cf48c4964c6f38415a74.jpg#p00#1#4,2104_jpg.rf.98d6b0af3f81cf48c4964c6f38415a74.jpg,0,1,4,0.988,0,det,det,template,Oranguru,,,Oranguru,94/193,PAL,Paldea Evolved,Uncommon,1040.0
2104_jpg.rf.98d6b0af3f81cf48c4964c6f38415a74.jpg#p00#6#5,2104_jpg.rf.98d6b0af3f81cf48c4964c6f38415a74.jpg,0,6,5,0.984,0,det,det,template,Victini,,,Victini,23/149,BCR,Boundaries Crossed,Rare,1040.0
2104_jpg.rf.98d6b0af3f81cf48c4964c6f38415a74.jpg#p00#5#6,2104_jpg.rf.98d6b0af3f81cf48c4964c6f38415a74.jpg,0,5,6,0.985,0,det,det,template,Masquerain,002/101,,Masquerain,2/101,PLB,Plasma Blast,Rare,1115.0
2104_jpg.rf.98d6b0af3f81cf48c4964c6f38415a74.jpg#p00#2#7,2104_jpg.rf.98d6b0af3f81cf48c4964c6f38415a74.jpg,0,2,7,0.987,0,det,det,template,Quilava,031/214,,Quilava,41/214,LOT,Lost Thunder,Uncommon,1065.0
2104_jpg.rf.98d6b0af3f81cf48c4964c6f38415a74.jpg#p00#0#8,2104_jpg.rf.98d6b0af3f81cf48c4964c6f38415a74.jpg,0,0,8,0.988,0,det,det,template,Grande Bola,119/149,,Great Ball,119/149,SUM,Sun & Moon,Uncommon,601.3157958984375
2105_jpg.rf.14013012b3494589ba434588e2676c31.jpg#p00#5#0,2105_jpg.rf.14013012b3494589ba434588e2676c31.jpg,0,5,0,0.982,0,det,det,det,Zweilous,139/193,FAC,Zweilous,139/193,PAL,Paldea Evolved,Uncommon,1115.0
2105_jpg.rf.14013012b3494589ba434588e2676c31.jpg#p00#7#1,2105_jpg.rf.14013012b3494589ba434588e2676c31.jpg,0,7,1,0.981,0,det,det,template,StoutlandV,117/163,,Stoutland V,117/163,BST,Battle Styles,Rare Holo V,1115.0
2105_jpg.rf.14013012b3494589ba434588e2676c31.jpg#p00#8#2,2105_jpg.rf.14013012b3494589ba434588e2676c31.jpg,0,8,2,0.98,0,det,det,template,CelebieVenusaur,182/181,,Celebi & Venusaur-GX,182/181,TEU,Team Up,Rare Rainbow,1075.0
2105_jpg.rf.14013012b3494589ba434588e2676c31.jpg#p00#6#3,2105_jpg.rf.14013012b3494589ba434588e2676c31.jpg,0,6,3,0.982,0,det,det,template,Megapegador,104/124,,Mega Zygarde ex,104/88,POR,Perfect Order,Ultra Rare,633.3333129882812
2105_jpg.rf.14013012b3494589ba434588e2676c31.jpg#p00#3#4,2105_jpg.rf.14013012b3494589ba434588e2676c31.jpg,0,3,4,0.985,0,det,det,template,ZacianV,055/18,,Zacian V,GG48/70,CRZ,Crown Zenith,Rare Holo V,1040.0
2105_jpg.rf.14013012b3494589ba434588e2676c31.jpg#p00#4#5,2105_jpg.rf.14013012b3494589ba434588e2676c31.jpg,0,4,5,0.983,0,det,det,template,Poké Ball,035/39,,Poké Ball,35/39,KSS,Kalos Starter Set,nan,1115.0
2105_jpg.rf.14013012b3494589ba434588e2676c31.jpg#p00#2#6,2105_jpg.rf.14013012b3494589ba434588e2676c31.jpg,0,2,6,0.986,0,det,det,det,Steelix,208/182,,Steelix,208/182,PAR,Paradox Rift,Illustration Rare,1115.0
2105_jpg.rf.14013012b3494589ba434588e2676c31.jpg#p00#0#7,2105_jpg.rf.14013012b3494589ba434588e2676c31.jpg,0,0,7,0.988,0,det,det,template,Clara Petra,067/72,,Clamperl,65/264,FST,Fusion Strike,Common,681.6666870117188
2105_jpg.rf.14013012b3494589ba434588e2676c31.jpg#p00#1#8,2105_jpg.rf.14013012b3494589ba434588e2676c31.jpg,0,1,8,0.986,0,det,det,template,Mienfoo,067/99,,Mienfoo,67/99,NXD,Next Destinies,Common,1115.0
2106_jpg.rf.e52e3bc01237ee6060918cce587e4eb7.jpg#p00#0#0,2106_jpg.rf.e52e3bc01237ee6060918cce587e4eb7.jpg,0,0,0,0.987,0,det,det,template,Cloyster,024/722,,Cloyster,24/122,BKP,BREAKpoint,Uncommon,1090.0
2106_jpg.rf.e52e3bc01237ee6060918cce587e4eb7.jpg#p00#2#1,2106_jpg.rf.e52e3bc01237ee6060918cce587e4eb7.jpg,0,2,1,0.979,0,det,det,template,Seguro Contra Erro,131/122,,Treasure Tracker,131/131,PRE,Prismatic Evolutions,ACE SPEC Rare,566.1290283203125
2106_jpg.rf.e52e3bc01237ee6060918cce587e4eb7.jpg#p00#1#2,2106_jpg.rf.e52e3bc01237ee6060918cce587e4eb7.jpg,0,1,2,0.983,0,det,det,template,Talonflame,,,Talonflame,14/88,POR,Perfect Order,Uncommon,1040.0
2107_jpg.rf.14b83b50f25fff81f23836667dd1ad19.jpg#p00#4#0,2107_jpg.rf.14b83b50f25fff81f23836667dd1ad19.jpg,0,4,0,0.986,0,det,det,det,Floette Ange,675/86,CRIN,Floette,92/198,SVI,Scarlet & Violet,Common,1000.0
2107_jpg.rf.14b83b50f25fff81f23836667dd1ad19.jpg#p00#0#1,2107_jpg.rf.14b83b50f25fff81f23836667dd1ad19.jpg,0,0,1,0.99,0,det,det,det,Chandelure,103/86,MIN,Chandelure,103/86,WHT,White Flare,Illustration Rare,1115.0
2107_jpg.rf.14b83b50f25fff81f23836667dd1ad19.jpg#p00#2#2,2107_jpg.rf.14b83b50f25fff81f23836667dd1ad19.jpg,0,2,2,0.987,0,det,det,det,Levincia,150/159,,Levincia,150/159,JTG,Journey Together,Uncommon,1115.0
2107_jpg.rf.14b83b50f25fff81f23836667dd1ad19.jpg#p00#1#3,2107_jpg.rf.14b83b50f25fff81f23836667dd1ad19.jpg,0,1,3,0.987,0,det,det,det,Umbreonex,,PREM,Umbreon ex,60/131,PRE,Prismatic Evolutions,Double Rare,1040.0
2107_jpg.rf.14b83b50f25fff81f23836667dd1ad19.jpg#p00#6#4,2107_jpg.rf.14b83b50f25fff81f23836667dd1ad19.jpg,0,6,4,0.984,0,det,det,template,Memória Elétrica,121/156,,Meloetta,123/236,UNM,Unified Minds,Rare,536.7391357421875
2107_jpg.rf.14b83b50f25fff81f23836667dd1ad19.jpg#p00#8#5,2107_jpg.rf.14b83b50f25fff81f23836667dd1ad19.jpg,0,8,5,0.982,0,det,det,template,Surskit,007/149,,Surskit,7/149,SUM,Sun & Moon,Common,1115.0
2107_jpg.rf.14b83b50f25fff81f23836667dd1ad19.jpg#p00#5#6,2107_jpg.rf.14b83b50f25fff81f23836667dd1ad19.jpg,0,5,6,0.985,0,det,det,template,Chimecho,,,Chimecho,22/123,MT,Mysterious Treasures,Rare,1040.0
2107_jpg.rf.14b83b50f25fff81f23836667dd1ad19.jpg#p00#7#7,2107_jpg.rf.14b83b50f25fff81f23836667dd1ad19.jpg,0,7,7,0.984,0,det,det,det,Zorua,031/64,,Zorua,31/64,SFA,Shrouded Fable,Common,1115.0
2107_jpg.rf.14b83b50f25fff81f23836667dd1ad19.jpg#p00#3#8,2107_jpg.rf.14b83b50f25fff81f23836667dd1ad19.jpg,0,3,8,0.987,0,det,det,template,SableyeV,120/202,,Sableye V,120/202,SSH,Sword & Shield,Rare Holo V,1115.0
2108_jpg.rf.75edcc9d6c87d1fabe8176ba391b216b.jpg#p00#4#0,2108_jpg.rf.75edcc9d6c87d1fabe8176ba391b216b.jpg,0,4,0,0.98,0,det,det,template,Cottonee,,,Cottonee,14/149,BCR,Boundaries Crossed,Common,1040.0
2108_jpg.rf.75edcc9d6c87d1fabe8176ba391b216b.jpg#p00#3#1,2108_jpg.rf.75edcc9d6c87d1fabe8176ba391b216b.jpg,0,3,1,0.98,0,det,det,det,Leafeon,011/167,,Leafeon,11/167,TWM,Twilight Masquerade,Uncommon,1115.0
2108_jpg.rf.75edcc9d6c87d1fabe8176ba391b216b.jpg#p00#0#2,2108_jpg.rf.75edcc9d6c87d1fabe8176ba391b216b.jpg,0,0,2,0.983,0,det,det,det,Charjabug,055/162,,Charjabug,55/162,TEF,Temporal Forces,Common,1115.0
2108_jpg.rf.75edcc9d6c87d1fabe8176ba391b216b.jpg#p00#1#3,2108_jpg.rf.75edcc9d6c87d1fabe8176ba391b216b.jpg,0,1,3,0.983,0,det,det,det,Trompete de Vidro,260/217,,Glass Trumpet,260/217,ASC,Ascended Heroes,Ultra Rare,519.4444580078125
2108_jpg.rf.75edcc9d6c87d1fabe8176ba391b216b.jpg#p00#2#4,2108_jpg.rf.75edcc9d6c87d1fabe8176ba391b216b.jpg,0,2,4,0.981,0,det,det,template,Oranguru,,,Oranguru,94/193,PAL,Paldea Evolved,Uncommon,1040.0
2109_jpg.rf.55b5e89fe795857bf0a71c9564bb1233.jpg#p00#4#0,2109_jpg.rf.55b5e89fe795857bf0a71c9564bb1233.jpg,0,4,0,0.987,0,det,det,template,Chandelure,033/192,,Chandelure,33/192,RCL,Rebel Clash,Rare Holo,1115.0
2109_jpg.rf.55b5e89fe795857bf0a71c9564bb1233.jpg#p00#3#1,2109_jpg.rf.55b5e89fe795857bf0a71c9564bb1233.jpg,0,3,1,0.988,0,det,det,det,Fraxure,077/63,SM,Fraxure,77/64,SFA,Shrouded Fable,Illustration Rare,1090.0
2109_jpg.rf.55b5e89fe795857bf0a71c9564bb1233.jpg#p00#5#2,2109_jpg.rf.55b5e89fe795857bf0a71c9564bb1233.jpg,0,5,2,0.986,0,det,det,template,Stunfisk,068/101,,Stunfisk,68/101,NVI,Noble Victories,Uncommon,1115.0
2109_jpg.rf.55b5e89fe795857bf0a71c9564bb1233.jpg#p00#2#3,2109_jpg.rf.55b5e89fe795857bf0a71c9564bb1233.jpg,0,2,3,0.989,0,det,det,template,Ralts,060/169,,Ralts,60/101,DF,Dragon Frontiers,Common,1090.0
2109_jpg.rf.55b5e89fe795857bf0a71c9564bb1233.jpg#p00#1#4,2109_jpg.rf.55b5e89fe795857bf0a71c9564bb1233.jpg,0,1,4,0.991,0,det,det,template,Hitmonchan,095/202,,Hitmonchan,95/202,SSH,Sword & Shield,Uncommon,1115.0
2109_jpg.rf.55b5e89fe795857bf0a71c9564bb1233.jpg#p00#0#5,2109_jpg.rf.55b5e89fe795857bf0a71c9564bb1233.jpg,0,0,5,0.992,0,det,det,det,Vanillish,,GIT,Vanillish,34/108,DEX,Dark Explorers,Uncommon,1040.0
2109_jpg.rf.55b5e89fe795857bf0a71c9564bb1233.jpg#p00#8#6,2109_jpg.rf.55b5e89fe795857bf0a71c9564bb1233.jpg,0,8,6,0.979,0,det,det,det,Aegislash,135/882,FARR,Aegislash,135/192,RCL,Rebel Clash,Rare,1090.0
2109_jpg.rf.55b5e89fe795857bf0a71c9564bb1233.jpg#p00#7#7,2109_jpg.rf.55b5e89fe795857bf0a71c9564bb1233.jpg,0,7,7,0.984,0,det,det,det,Yanmegaex,,DRIM,Yanmega ex,3/182,DRI,Destined Rivals,Double Rare,1040.0
2109_jpg.rf.55b5e89fe795857bf0a71c9564bb1233.jpg#p00#6#8,2109_jpg.rf.55b5e89fe795857bf0a71c9564bb1233.jpg,0,6,8,0.984,0,det,det,template,Mienfoo,067/516,,Mienfoo,67/99,NXD,Next Destinies,Common,1090.0
2110_jpg.rf.ada7c0dbf6336db7c69845b61a7526f7.jpg#p00#5#0,2110_jpg.rf.ada7c0dbf6336db7c69845b61a7526f7.jpg,0,5,0,0.982,0,det,det,det,Liderança do Explorador,147/162,TER,Iron Crown ex,146/102,SVP,SVP Black Star Promos,Promo,452.5
2110_jpg.rf.ada7c0dbf6336db7c69845b61a7526f7.jpg#p00#0#1,2110_jpg.rf.ada7c0dbf6336db7c69845b61a7526f7.jpg,0,0,1,0.99,0,det,det,template,Favor da Misty,235/236,,Misty's Favor,235/236,UNM,Unified Minds,Rare Ultra,1075.0
2110_jpg.rf.ada7c0dbf6336db7c69845b61a7526f7.jpg#p00#4#2,2110_jpg.rf.ada7c0dbf6336db7c69845b61a7526f7.jpg,0,4,2,0.983,0,det,det,template,Suicune,059/214,,Suicune,59/214,LOT,Lost Thunder,Rare Holo,1115.0
2110_jpg.rf.ada7c0dbf6336db7c69845b61a7526f7.jpg#p00#1#3,2110_jpg.rf.ada7c0dbf6336db7c69845b61a7526f7.jpg,0,1,3,0.987,0,det,det,det,Eternatus,069/94,PRO,Eternatus,69/94,PFL,Phantasmal Flames,Uncommon,1115.0
2110_jpg.rf.ada7c0dbf6336db7c69845b61a7526f7.jpg#p00#2#4,2110_jpg.rf.ada7c0dbf6336db7c69845b61a7526f7.jpg,0,2,4,0.984,0,det,det,det,Doce Raro,175/112,,Drapion V,175/185,VIV,Vivid Voltage,Rare Ultra,550.0
2110_jpg.rf.ada7c0dbf6336db7c69845b61a7526f7.jpg#p00#7#5,2110_jpg.rf.ada7c0dbf6336db7c69845b61a7526f7.jpg,0,7,5,0.981,0,det,det,template,Pyroar,019/131,,Pyroar,19/131,FLI,Forbidden Light,Rare Holo,1115.0
2110_jpg.rf.ada7c0dbf6336db7c69845b61a7526f7.jpg#p00#6#6,2110_jpg.rf.ada7c0dbf6336db7c69845b61a7526f7.jpg,0,6,6,0.982,0,det,det,template,Natu,027/108,,Natu,27/108,ROS,Roaring Skies,Common,1115.0
2110_jpg.rf.ada7c0dbf6336db7c69845b61a7526f7.jpg#p00#8#7,2110_jpg.rf.ada7c0dbf6336db7c69845b61a7526f7.jpg,0,8,7,0.981,0,template,template,template,,,,Alakazam,1/130,B2,Base Set 2,Rare Holo,0.0
2110_jpg.rf.ada7c0dbf6336db7c69845b61a7526f7.jpg#p00#3#8,2110_jpg.rf.ada7c0dbf6336db7c69845b61a7526f7.jpg,0,3,8,0.983,0,det,det,template,Croconaw,056/264,,Croconaw,56/264,FST,Fusion Strike,Uncommon,1115.0
2111_jpg.rf.314e3ab16dacfdac122235642ea2ae6b.jpg#p00#4#0,2111_jpg.rf.314e3ab16dacfdac122235642ea2ae6b.jpg,0,4,0,0.971,0,det,det,det,Swinub,,,Swinub,26/135,PLS,Plasma Storm,Common,1040.0
2111_jpg.rf.314e3ab16dacfdac122235642ea2ae6b.jpg#p00#1#1,2111_jpg.rf.314e3ab16dacfdac122235642ea2ae6b.jpg,0,1,1,0.974,180,det,det,template,Ponyta,,,Ponyta,60/102,BS,Base Set,Common,1040.0
2111_jpg.rf.314e3ab16dacfdac122235642ea2ae6b.jpg#p00#3#2,2111_jpg.rf.314e3ab16dacfdac122235642ea2ae6b.jpg,0,3,2,0.973,0,det,det,template,Medalha do Herói,020/713,,Mudsdale,SM20/248,SMP,SM Black Star Promos,Promo,504.5454406738281
2111_jpg.rf.314e3ab16dacfdac122235642ea2ae6b.jpg#p00#5#3,2111_jpg.rf.314e3ab16dacfdac122235642ea2ae6b.jpg,0,5,3,0.97,0,det,det,template,Victini,020/236,,Victini,20/203,EVS,Evolving Skies,Rare Holo,1090.0
2111_jpg.rf.314e3ab16dacfdac122235642ea2ae6b.jpg#p00#2#4,2111_jpg.rf.314e3ab16dacfdac122235642ea2ae6b.jpg,0,2,4,0.973,180,det,det,template,Growlithe,,,Growlithe,42/130,B2,Base Set 2,Uncommon,1040.0
2111_jpg.rf.314e3ab16dacfdac122235642ea2ae6b.jpg#p00#0#5,2111_jpg.rf.314e3ab16dacfdac122235642ea2ae6b.jpg,0,0,5,0.976,0,det,det,template,Giratina,,,Giratina,BW74/101,BWP,BW Black Star Promos,Promo,1040.0
2112_jpg.rf.bfc35fc714920a33c8ddf53e490b59a2.jpg#p00#0#0,2112_jpg.rf.bfc35fc714920a33c8ddf53e490b59a2.jpg,0,0,0,0.979,0,det,det,det,Spiritomb,065/300,CED,Spiritomb,87/113,LTR,Legendary Treasures,Uncommon,1040.0
2112_jpg.rf.bfc35fc714920a33c8ddf53e490b59a2.jpg#p00#1#1,2112_jpg.rf.bfc35fc714920a33c8ddf53e490b59a2.jpg,0,1,1,0.976,180,det,det,template,Professor Oak's Visit,,,Professor Oak's Visit,122/132,SW,Secret Wonders,Uncommon,1040.0
2112_jpg.rf.bfc35fc714920a33c8ddf53e490b59a2.jpg#p00#3#2,2112_jpg.rf.bfc35fc714920a33c8ddf53e490b59a2.jpg,0,3,2,0.972,180,det,det,template,Electivire.X,121/22,,Electivire LV.X,121/123,MT,Mysterious Treasures,Rare Holo LV.X,1050.0
2112_jpg.rf.bfc35fc714920a33c8ddf53e490b59a2.jpg#p00#4#3,2112_jpg.rf.bfc35fc714920a33c8ddf53e490b59a2.jpg,0,4,3,0.969,0,det,det,det,QuaquavaleX,235/193,,Quaquaval ex,235/193,PAL,Paldea Evolved,Ultra Rare,1115.0
2112_jpg.rf.bfc35fc714920a33c8ddf53e490b59a2.jpg#p00#2#4,2112_jpg.rf.bfc35fc714920a33c8ddf53e490b59a2.jpg,0,2,4,0.975,180,det,det,template,Yamask,050/116,,Yamask,54/116,PLF,Plasma Freeze,Common,1065.0
2113_jpg.rf.567b993418f9863c71c9d95aa5e62166.jpg#p00#5#0,2113_jpg.rf.567b993418f9863c71c9d95aa5e62166.jpg,0,5,0,0.953,0,det,det,template,Spindaw.27,,,Spinda,17/17,P7,POP Series 7,Common,1000.0
2113_jpg.rf.567b993418f9863c71c9d95aa5e62166.jpg#p00#0#1,2113_jpg.rf.567b993418f9863c71c9d95aa5e62166.jpg,0,0,1,0.975,0,det,det,det,Dawn,,,Dawn,87/94,PFL,Phantasmal Flames,Uncommon,1040.0
2113_jpg.rf.567b993418f9863c71c9d95aa5e62166.jpg#p00#1#2,2113_jpg.rf.567b993418f9863c71c9d95aa5e62166.jpg,0,1,2,0.974,0,det,det,template,Xerneas,,,Xerneas,64/132,MEG,Mega Evolution,Rare,1040.0
2113_jpg.rf.567b993418f9863c71c9d95aa5e62166.jpg#p00#2#3,2113_jpg.rf.567b993418f9863c71c9d95aa5e62166.jpg,0,2,3,0.972,180,det,det,det,Shellder,000/165,CD,Shellder,129/165,EX,Expedition Base Set,Common,1065.0
2113_jpg.rf.567b993418f9863c71c9d95aa5e62166.jpg#p00#4#4,2113_jpg.rf.567b993418f9863c71c9d95aa5e62166.jpg,0,4,4,0.969,180,det,det,det,EthantsHo-OheX,230/182,CE,Ethan's Ho-Oh ex,230/182,DRI,Destined Rivals,Special Illustration Rare,1075.0
2113_jpg.rf.567b993418f9863c71c9d95aa5e62166.jpg#p00#3#5,2113_jpg.rf.567b993418f9863c71c9d95aa5e62166.jpg,0,3,5,0.969,0,det,det,template,Aerodactyl,,,Aerodactyl,1/62,FO,Fossil,Rare Holo,1040.0
2114_jpg.rf.de74228358ee508693fbfa6de9b3ff8a.jpg#p00#3#0,2114_jpg.rf.de74228358ee508693fbfa6de9b3ff8a.jpg,0,3,0,0.985,0,det,det,det,Pikachu,039/128,DX,Pikachu,39/99,NXD,Next Destinies,Common,1090.0
2114_jpg.rf.de74228358ee508693fbfa6de9b3ff8a.jpg#p00#0#1,2114_jpg.rf.de74228358ee508693fbfa6de9b3ff8a.jpg,0,0,1,0.986,0,det,det,template,Green's Exploration,175/214,,Green's Exploration,175/214,UNB,Unbroken Bonds,Uncommon,1115.0
2114_jpg.rf.de74228358ee508693fbfa6de9b3ff8a.jpg#p00#2#2,2114_jpg.rf.de74228358ee508693fbfa6de9b3ff8a.jpg,0,2,2,0.985,0,det,det,template,LiepardV,180/198,,Liepard V,180/198,CRE,Chilling Reign,Rare Ultra,1115.0
2114_jpg.rf.de74228358ee508693fbfa6de9b3ff8a.jpg#p00#1#3,2114_jpg.rf.de74228358ee508693fbfa6de9b3ff8a.jpg,0,1,3,0.986,0,det,det,det,Cherrim,,SXA,Cherrim,7/135,PLS,Plasma Storm,Rare,1040.0
2115_jpg.rf.866a7d9edf698937809e0a5054f3cbb0.jpg#p00#0#0,2115_jpg.rf.866a7d9edf698937809e0a5054f3cbb0.jpg,0,0,0,0.982,0,det,det,template,Gardevoir Spirit Link,,,Gardevoir Spirit Link,130/160,PRC,Primal Clash,Uncommon,1040.0
2115_jpg.rf.866a7d9edf698937809e0a5054f3cbb0.jpg#p00#2#1,2115_jpg.rf.866a7d9edf698937809e0a5054f3cbb0.jpg,0,2,1,0.974,0,det,det,template,Zacian,082/15,,Zacian,82/185,VIV,Vivid Voltage,Amazing Rare,1090.0
2115_jpg.rf.866a7d9edf698937809e0a5054f3cbb0.jpg#p00#1#2,2115_jpg.rf.866a7d9edf698937809e0a5054f3cbb0.jpg,0,1,2,0.979,0,det,det,template,TyranitarGX,,,Tyranitar-GX,203/214,LOT,Lost Thunder,Rare Ultra,1040.0
2115_jpg.rf.866a7d9edf698937809e0a5054f3cbb0.jpg#p00#3#3,2115_jpg.rf.866a7d9edf698937809e0a5054f3cbb0.jpg,0,3,3,0.972,0,template,template,template,,,,Alakazam,1/130,B2,Base Set 2,Rare Holo,0.0
2116_jpg.rf.64a15b2069f2b302a71522bccfa235e3.jpg#p00#2#0,2116_jpg.rf.64a15b2069f2b302a71522bccfa235e3.jpg,0,2,0,0.977,0,det,det,template,Magnemite,,,Magnemite,79/130,B2,Base Set 2,Common,1040.0
2116_jpg.rf.64a15b2069f2b302a71522bccfa235e3.jpg#p00#3#1,2116_jpg.rf.64a15b2069f2b302a71522bccfa235e3.jpg,0,3,1,0.976,0,det,det,template,Scyther,,,Scyther,17/130,B2,Base Set 2,Rare Holo,1040.0
2116_jpg.rf.64a15b2069f2b302a71522bccfa235e3.jpg#p00#1#2,2116_jpg.rf.64a15b2069f2b302a71522bccfa235e3.jpg,0,1,2,0.98,0,det,det,det,Vulpix,016/191,,Vulpix,16/191,SSP,Surging Sparks,Common,1115.0
2116_jpg.rf.64a15b2069f2b302a71522bccfa235e3.jpg#p00#0#3,2116_jpg.rf.64a15b2069f2b302a71522bccfa235e3.jpg,0,0,3,0.982,180,det,det,template,TyranitarGX,202/338,,Tyranitar-GX,203/214,LOT,Lost Thunder,Rare Ultra,1055.0
2116_jpg.rf.64a15b2069f2b302a71522bccfa235e3.jpg#p00#4#4,2116_jpg.rf.64a15b2069f2b302a71522bccfa235e3.jpg,0,4,4,0.965,0,det,det,template,White Kyurem,096/135,,White Kyurem-EX,96/135,PLS,Plasma Storm,Rare Holo EX,1075.0
2117_jpg.rf.97baa94eac2a2773b4715bc0be80f637.jpg#p00#1#0,2117_jpg.rf.97baa94eac2a2773b4715bc0be80f637.jpg,0,1,0,0.98,0,det,det,template,Armor Fossil w50,001/290,,Dark Ampharos,1/105,N4,Neo Destiny,Rare Holo,511.5384521484375
2117_jpg.rf.97baa94eac2a2773b4715bc0be80f637.jpg#p00#3#1,2117_jpg.rf.97baa94eac2a2773b4715bc0be80f637.jpg,0,3,1,0.977,0,det,det,template,Vullaby,072/114,,Vullaby,72/114,BLW,Black & White,Uncommon,1115.0
2117_jpg.rf.97baa94eac2a2773b4715bc0be80f637.jpg#p00#0#2,2117_jpg.rf.97baa94eac2a2773b4715bc0be80f637.jpg,0,0,2,0.989,0,det,template,template,Beldum,,,Beldum,50/116,PLF,Plasma Freeze,Common,1040.0
2117_jpg.rf.97baa94eac2a2773b4715bc0be80f637.jpg#p00#2#3,2117_jpg.rf.97baa94eac2a2773b4715bc0be80f637.jpg,0,2,3,0.977,0,det,det,template,Cursed Stone,,,Cursed Stone,72/92,LM,Legend Maker,Uncommon,1040.0
2118_jpg.rf.de5452c3f4c3b760deb847d83aa0e765.jpg#p00#7#0,2118_jpg.rf.de5452c3f4c3b760deb847d83aa0e765.jpg,0,7,0,0.98,0,det,det,det,Dratini,157/197,CF,Dratini,157/197,OBF,Obsidian Flames,Common,1115.0
2118_jpg.rf.de5452c3f4c3b760deb847d83aa0e765.jpg#p00#6#1,2118_jpg.rf.de5452c3f4c3b760deb847d83aa0e765.jpg,0,6,1,0.981,0,det,det,template,Ralts,055/99,,Ralts,55/99,NXD,Next Destinies,Common,1115.0
2118_jpg.rf.de5452c3f4c3b760deb847d83aa0e765.jpg#p00#8#2,2118_jpg.rf.de5452c3f4c3b760deb847d83aa0e765.jpg,0,8,2,0.978,0,det,det,det,Pidove,071/86,,Pidove,71/86,BLK,Black Bolt,Common,1115.0
2118_jpg.rf.de5452c3f4c3b760deb847d83aa0e765.jpg#p00#2#3,2118_jpg.rf.de5452c3f4c3b760deb847d83aa0e765.jpg,0,2,3,0.989,0,det,det,template,Ampharos,021/165,,Ampharos,2/165,EX,Expedition Base Set,Rare Holo,1065.0
2118_jpg.rf.de5452c3f4c3b760deb847d83aa0e765.jpg#p00#4#4,2118_jpg.rf.de5452c3f4c3b760deb847d83aa0e765.jpg,0,4,4,0.985,0,det,det,template,Mew,011/25,,Mew,11/25,CEL,Celebrations,Rare Holo,1115.0
2118_jpg.rf.de5452c3f4c3b760deb847d83aa0e765.jpg#p00#5#5,2118_jpg.rf.de5452c3f4c3b760deb847d83aa0e765.jpg,0,5,5,0.982,0,det,det,template,Magnemite,058/236,,Magnemite,58/236,UNM,Unified Minds,Common,1115.0
2118_jpg.rf.de5452c3f4c3b760deb847d83aa0e765.jpg#p00#3#6,2118_jpg.rf.de5452c3f4c3b760deb847d83aa0e765.jpg,0,3,6,0.985,0,det,det,det,Toedscruel,026/198,SYIO,Toedscruel,26/198,SVI,Scarlet & Violet,Uncommon,1115.0
2118_jpg.rf.de5452c3f4c3b760deb847d83aa0e765.jpg#p00#0#7,2118_jpg.rf.de5452c3f4c3b760deb847d83aa0e765.jpg,0,0,7,0.99,0,det,det,det,Larvesta,040/197,OBFA,Larvesta,40/197,OBF,Obsidian Flames,Common,1115.0
2118_jpg.rf.de5452c3f4c3b760deb847d83aa0e765.jpg#p00#1#8,2118_jpg.rf.de5452c3f4c3b760deb847d83aa0e765.jpg,0,1,8,0.99,0,det,det,template,Slurpuff,,,Slurpuff,94/217,ASC,Ascended Heroes,Uncommon,1040.0
2119_jpg.rf.4cb75d9eb81ac80ad03c5a66f3ff4dc2.jpg#p00#4#0,2119_jpg.rf.4cb75d9eb81ac80ad03c5a66f3ff4dc2.jpg,0,4,0,0.979,0,det,template,template,Bronzong,,,Bronzong,76/99,NXD,Next Destinies,Rare,1040.0
2119_jpg.rf.4cb75d9eb81ac80ad03c5a66f3ff4dc2.jpg#p00#3#1,2119_jpg.rf.4cb75d9eb81ac80ad03c5a66f3ff4dc2.jpg,0,3,1,0.979,0,det,det,det,Ultra Ball,196/196,51,Ultra Ball,196/198,SVI,Scarlet & Violet,Uncommon,1090.0
2119_jpg.rf.4cb75d9eb81ac80ad03c5a66f3ff4dc2.jpg#p00#0#2,2119_jpg.rf.4cb75d9eb81ac80ad03c5a66f3ff4dc2.jpg,0,0,2,0.986,0,det,det,template,Bisharp,191/106,,Bisharp,72/108,DEX,Dark Explorers,Rare,1040.0
2119_jpg.rf.4cb75d9eb81ac80ad03c5a66f3ff4dc2.jpg#p00#2#3,2119_jpg.rf.4cb75d9eb81ac80ad03c5a66f3ff4dc2.jpg,0,2,3,0.98,0,det,det,det,GardevoireX,029/91,,Gardevoir ex,29/91,PAF,Paldean Fates,Double Rare,1115.0
2119_jpg.rf.4cb75d9eb81ac80ad03c5a66f3ff4dc2.jpg#p00#1#4,2119_jpg.rf.4cb75d9eb81ac80ad03c5a66f3ff4dc2.jpg,0,1,4,0.983,0,det,det,template,Klang,,,Klang,75/114,BLW,Black & White,Uncommon,1040.0
2120_jpg.rf.9d1e16cbb9c857596be60d182000a06c.jpg#p00#0#0,2120_jpg.rf.9d1e16cbb9c857596be60d182000a06c.jpg,0,0,0,0.987,0,det,det,template,Magmar,019/172,,Magmar,19/172,BRS,Brilliant Stars,Common,1115.0
2120_jpg.rf.9d1e16cbb9c857596be60d182000a06c.jpg#p00#2#1,2120_jpg.rf.9d1e16cbb9c857596be60d182000a06c.jpg,0,2,1,0.975,0,det,det,det,Roaring Moon,,AT,Roaring Moon,109/162,TEF,Temporal Forces,Rare,1040.0
2120_jpg.rf.9d1e16cbb9c857596be60d182000a06c.jpg#p00#1#2,2120_jpg.rf.9d1e16cbb9c857596be60d182000a06c.jpg,0,1,2,0.981,0,det,det,det,Snorunt,007/10,,Snorunt,RC7/83,GEN,Generations,Common,1090.0
2121_jpg.rf.4a53254ba56d5b5a1fbabb5297793446.jpg#p00#2#0,2121_jpg.rf.4a53254ba56d5b5a1fbabb5297793446.jpg,0,2,0,0.978,180,det,det,template,Luxray,005/112,,Luxray,5/99,AR,Arceus,Rare Holo,1090.0
2121_jpg.rf.4a53254ba56d5b5a1fbabb5297793446.jpg#p00#4#1,2121_jpg.rf.4a53254ba56d5b5a1fbabb5297793446.jpg,0,4,1,0.948,180,det,det,template,Team Magma Conspirator,,,Team Magma Conspirator,82/95,MA,Team Magma vs Team Aqua,Uncommon,1040.0
2121_jpg.rf.4a53254ba56d5b5a1fbabb5297793446.jpg#p00#1#2,2121_jpg.rf.4a53254ba56d5b5a1fbabb5297793446.jpg,0,1,2,0.981,0,det,det,det,Dipplin,018/167,,Dipplin,18/167,TWM,Twilight Masquerade,Uncommon,1115.0
2121_jpg.rf.4a53254ba56d5b5a1fbabb5297793446.jpg#p00#0#3,2121_jpg.rf.4a53254ba56d5b5a1fbabb5297793446.jpg,0,0,3,0.985,0,det,det,template,Wormadam,,,Wormadam,10/172,BRS,Brilliant Stars,Rare,1040.0
2121_jpg.rf.4a53254ba56d5b5a1fbabb5297793446.jpg#p00#3#4,2121_jpg.rf.4a53254ba56d5b5a1fbabb5297793446.jpg,0,3,4,0.977,180,det,det,template,Nidoqueen,,,Nidoqueen,12/130,B2,Base Set 2,Rare Holo,1040.0
2122_jpg.rf.8acf85079f5624db77f770a9c2ec9f84.jpg#p00#5#0,2122_jpg.rf.8acf85079f5624db77f770a9c2ec9f84.jpg,0,5,0,0.972,0,det,det,template,Temple of Sinnoh,,,Temple of Sinnoh,155/189,ASR,Astral Radiance,Uncommon,1040.0
2122_jpg.rf.8acf85079f5624db77f770a9c2ec9f84.jpg#p00#4#1,2122_jpg.rf.8acf85079f5624db77f770a9c2ec9f84.jpg,0,4,1,0.973,180,det,det,template,Pokémon Catcher,036/39,,Pokémon Catcher,36/39,KSS,Kalos Starter Set,nan,1115.0
2122_jpg.rf.8acf85079f5624db77f770a9c2ec9f84.jpg#p00#3#2,2122_jpg.rf.8acf85079f5624db77f770a9c2ec9f84.jpg,0,3,2,0.974,180,det,det,template,Foongus,,,Foongus,17/124,DRX,Dragons Exalted,Common,1040.0
2122_jpg.rf.8acf85079f5624db77f770a9c2ec9f84.jpg#p00#2#3,2122_jpg.rf.8acf85079f5624db77f770a9c2ec9f84.jpg,0,2,3,0.975,180,det,det,template,Vileplume,,,Vileplume,15/64,JU,Jungle,Rare Holo,1040.0
2122_jpg.rf.8acf85079f5624db77f770a9c2ec9f84.jpg#p00#1#4,2122_jpg.rf.8acf85079f5624db77f770a9c2ec9f84.jpg,0,1,4,0.978,180,det,det,template,Torterra,008/172,,Torterra,8/172,BRS,Brilliant Stars,Rare Holo,1115.0
2122_jpg.rf.8acf85079f5624db77f770a9c2ec9f84.jpg#p00#0#5,2122_jpg.rf.8acf85079f5624db77f770a9c2ec9f84.jpg,0,0,5,0.979,180,det,det,template,Spindaw.27,046/147,,Spinda,46/147,SV,Supreme Victors,Rare,1075.0
2123_jpg.rf.edbc8e04541878c91f9a6a9716b83c5f.jpg#p00#2#0,2123_jpg.rf.edbc8e04541878c91f9a6a9716b83c5f.jpg,0,2,0,0.98,0,det,det,det,FezandipitieX,084/64,,Fezandipiti ex,84/64,SFA,Shrouded Fable,Ultra Rare,1115.0
2123_jpg.rf.edbc8e04541878c91f9a6a9716b83c5f.jpg#p00#0#1,2123_jpg.rf.edbc8e04541878c91f9a6a9716b83c5f.jpg,0,0,1,0.984,0,det,template,template,Claw Fossil HP 40,,,Claw Fossil,84/108,PK,Power Keepers,Common,1000.0
2123_jpg.rf.edbc8e04541878c91f9a6a9716b83c5f.jpg#p00#1#2,2123_jpg.rf.edbc8e04541878c91f9a6a9716b83c5f.jpg,0,1,2,0.982,0,det,det,template,Beldum,020/101,,Beldum,28/101,HL,Hidden Legends,Uncommon,1065.0
2123_jpg.rf.edbc8e04541878c91f9a6a9716b83c5f.jpg#p00#3#3,2123_jpg.rf.edbc8e04541878c91f9a6a9716b83c5f.jpg,0,3,3,0.979,0,det,det,template,Spindaw.27,,,Spinda,17/17,P7,POP Series 7,Common,1000.0
2124_jpg.rf.30e6b3120cf5372b93e3880b52c2d297.jpg#p00#0#0,2124_jpg.rf.30e6b3120cf5372b93e3880b52c2d297.jpg,0,0,0,0.979,0,det,det,template,Switching Cups,162/201,,Switching Cups,162/203,EVS,Evolving Skies,Uncommon,1090.0
2124_jpg.rf.30e6b3120cf5372b93e3880b52c2d297.jpg#p00#1#1,2124_jpg.rf.30e6b3120cf5372b93e3880b52c2d297.jpg,0,1,1,0.975,180,det,det,det,Dusk Ball,175/191,,Dusk Ball,175/191,SSP,Surging Sparks,Uncommon,1115.0
2124_jpg.rf.30e6b3120cf5372b93e3880b52c2d297.jpg#p00#3#2,2124_jpg.rf.30e6b3120cf5372b93e3880b52c2d297.jpg,0,3,2,0.972,180,det,det,template,Joltik,041/108,,Joltik,41/108,DEX,Dark Explorers,Common,1115.0
2124_jpg.rf.30e6b3120cf5372b93e3880b52c2d297.jpg#p00#2#3,2124_jpg.rf.30e6b3120cf5372b93e3880b52c2d297.jpg,0,2,3,0.973,0,det,det,template,Octilleryw32,,,Octillery,57/123,MT,Mysterious Treasures,Uncommon,1000.0
2125_jpg.rf.a43d91797b9865f6d82c41263848c66a.jpg#p00#2#0,2125_jpg.rf.a43d91797b9865f6d82c41263848c66a.jpg,0,2,0,0.981,0,det,det,template,Litten,026/214,,Litten,26/214,UNB,Unbroken Bonds,Common,1115.0
2125_jpg.rf.a43d91797b9865f6d82c41263848c66a.jpg#p00#0#1,2125_jpg.rf.a43d91797b9865f6d82c41263848c66a.jpg,0,0,1,0.984,0,det,det,template,Rufflet,086/98,,Rufflet,86/98,EPO,Emerging Powers,Common,1115.0
2125_jpg.rf.a43d91797b9865f6d82c41263848c66a.jpg#p00#3#2,2125_jpg.rf.a43d91797b9865f6d82c41263848c66a.jpg,0,3,2,0.978,0,det,det,template,UnownVSTAR,066/195,,Unown VSTAR,66/195,SIT,Silver Tempest,Rare Holo VSTAR,1115.0
2125_jpg.rf.a43d91797b9865f6d82c41263848c66a.jpg#p00#1#3,2125_jpg.rf.a43d91797b9865f6d82c41263848c66a.jpg,0,1,3,0.983,0,det,det,det,Iron TreadsX,056/1,PS,Iron Treads ex,248/198,SVI,Scarlet & Violet,Special Illustration Rare,1000.0
2126_jpg.rf.3598b5410c3a08cf7f2696f475f52c16.jpg#p00#0#0,2126_jpg.rf.3598b5410c3a08cf7f2696f475f52c16.jpg,0,0,0,0.978,0,det,det,det,Gouging FireX,038/363,,Gouging Fire,38/191,SSP,Surging Sparks,Rare,1050.0
2126_jpg.rf.3598b5410c3a08cf7f2696f475f52c16.jpg#p00#3#1,2126_jpg.rf.3598b5410c3a08cf7f2696f475f52c16.jpg,0,3,1,0.974,0,det,det,template,Sitrus Berry,182/202,,Sitrus Berry,182/202,SSH,Sword & Shield,Uncommon,1115.0
2126_jpg.rf.3598b5410c3a08cf7f2696f475f52c16.jpg#p00#1#2,2126_jpg.rf.3598b5410c3a08cf7f2696f475f52c16.jpg,0,1,2,0.976,0,det,det,det,TerapagoseX,170/142,AA,Terapagos ex,170/142,SCR,Stellar Crown,Special Illustration Rare,1115.0
2126_jpg.rf.3598b5410c3a08cf7f2696f475f52c16.jpg#p00#2#3,2126_jpg.rf.3598b5410c3a08cf7f2696f475f52c16.jpg,0,2,3,0.975,0,det,det,det,Carkol,604/12,,Carkol,119/217,ASC,Ascended Heroes,Common,1040.0
2126_jpg.rf.3598b5410c3a08cf7f2696f475f52c16.jpg#p00#4#4,2126_jpg.rf.3598b5410c3a08cf7f2696f475f52c16.jpg,0,4,4,0.973,180,template,det,template,ENERGY,109/114,,Psychic Energy,109/114,BLW,Black & White,Common,1075.0
2127_jpg.rf.b7749be6f9ac8f7a9cdcacaa7662b5b3.jpg#p00#4#0,2127_jpg.rf.b7749be6f9ac8f7a9cdcacaa7662b5b3.jpg,0,4,0,0.973,0,det,det,det,Cetitan@X,,CH,Cetitan ex,65/182,DRI,Destined Rivals,Double Rare,1000.0
2127_jpg.rf.b7749be6f9ac8f7a9cdcacaa7662b5b3.jpg#p00#2#1,2127_jpg.rf.b7749be6f9ac8f7a9cdcacaa7662b5b3.jpg,0,2,1,0.973,0,det,det,template,Machokew41,000/192,,Mew,1/18,SI,Southern Islands,nan,476.5384521484375
2127_jpg.rf.b7749be6f9ac8f7a9cdcacaa7662b5b3.jpg#p00#3#2,2127_jpg.rf.b7749be6f9ac8f7a9cdcacaa7662b5b3.jpg,0,3,2,0.973,180,det,det,template,VaporeonV4x,,,Vaporeon ex,110/113,DS,Delta Species,Rare Holo EX,1000.0
2127_jpg.rf.b7749be6f9ac8f7a9cdcacaa7662b5b3.jpg#p00#5#3,2127_jpg.rf.b7749be6f9ac8f7a9cdcacaa7662b5b3.jpg,0,5,3,0.972,0,det,det,det,Toedscruel,025/198,,Toedscruel,26/198,SVI,Scarlet & Violet,Uncommon,1080.0
2127_jpg.rf.b7749be6f9ac8f7a9cdcacaa7662b5b3.jpg#p00#1#4,2127_jpg.rf.b7749be6f9ac8f7a9cdcacaa7662b5b3.jpg,0,1,4,0.974,180,det,det,det,Dragonair,142/165,COS,Dragonair,148/165,MEW,151,Uncommon,1065.0
2127_jpg.rf.b7749be6f9ac8f7a9cdcacaa7662b5b3.jpg#p00#0#5,2127_jpg.rf.b7749be6f9ac8f7a9cdcacaa7662b5b3.jpg,0,0,5,0.978,180,det,det,template,Emolga,054/195,,Emolga,54/195,SIT,Silver Tempest,Common,1115.0
2128_jpg.rf.a08b02fe6855994984d8c6ca6a49f027.jpg#p00#2#0,2128_jpg.rf.a08b02fe6855994984d8c6ca6a49f027.jpg,0,2,0,0.976,180,det,det,det,Iron Treadse,233/193,,Iron Treads ex,233/198,SVI,Scarlet & Violet,Ultra Rare,1050.0
2128_jpg.rf.a08b02fe6855994984d8c6ca6a49f027.jpg#p00#3#1,2128_jpg.rf.a08b02fe6855994984d8c6ca6a49f027.jpg,0,3,1,0.962,180,det,det,template,Gliscor w.53,,,Gliscor,55/146,LA,Legends Awakened,Uncommon,1000.0
2128_jpg.rf.a08b02fe6855994984d8c6ca6a49f027.jpg#p00#1#2,2128_jpg.rf.a08b02fe6855994984d8c6ca6a49f027.jpg,0,1,2,0.976,0,det,det,template,SttowRder CalyrexV/ux 3,,,Calyrex,17/159,CRZ,Crown Zenith,Rare Holo,880.0
2128_jpg.rf.a08b02fe6855994984d8c6ca6a49f027.jpg#p00#0#3,2128_jpg.rf.a08b02fe6855994984d8c6ca6a49f027.jpg,0,0,3,0.976,180,det,det,template,Sharpedo ex,104/167,,Sharpedo ex,104/107,DX,Deoxys,Rare Holo EX,1090.0
2129_jpg.rf.ff3305dc423b4adee1df88b1eba7c454.jpg#p00#0#0,2129_jpg.rf.ff3305dc423b4adee1df88b1eba7c454.jpg,0,0,0,0.977,180,det,det,template,Cursed Stone,,,Cursed Stone,72/92,LM,Legend Maker,Uncommon,1040.0
2129_jpg.rf.ff3305dc423b4adee1df88b1eba7c454.jpg#p00#3#1,2129_jpg.rf.ff3305dc423b4adee1df88b1eba7c454.jpg,0,3,1,0.969,0,det,det,template,Stone WEnergy,164/185,,Stone Fighting Energy,164/185,VIV,Vivid Voltage,Uncommon,784.6774291992188
2129_jpg.rf.ff3305dc423b4adee1df88b1eba7c454.jpg#p00#1#2,2129_jpg.rf.ff3305dc423b4adee1df88b1eba7c454.jpg,0,1,2,0.977,0,det,det,template,Leafeon.42,,,Leafeon,BW87/101,BWP,BW Black Star Promos,Promo,1000.0
2129_jpg.rf.ff3305dc423b4adee1df88b1eba7c454.jpg#p00#2#3,2129_jpg.rf.ff3305dc423b4adee1df88b1eba7c454.jpg,0,2,3,0.977,180,det,det,det,Duskull,,,Duskull,61/149,BCR,Boundaries Crossed,Common,1040.0
2130_jpg.rf.7219293eef789e937c6e986a0e2b741a.jpg#p00#8#0,2130_jpg.rf.7219293eef789e937c6e986a0e2b741a.jpg,0,8,0,0.979,0,det,det,template,Octillery32,,,Octillery,19/101,PLB,Plasma Blast,Uncommon,1000.0
2130_jpg.rf.7219293eef789e937c6e986a0e2b741a.jpg#p00#5#1,2130_jpg.rf.7219293eef789e937c6e986a0e2b741a.jpg,0,5,1,0.982,0,det,det,template,TEAMMAOMAS Mightyena,019/34,,Team Magma's Mightyena,19/34,DCR,Double Crisis,Common,1075.0
2130_jpg.rf.7219293eef789e937c6e986a0e2b741a.jpg#p00#6#2,2130_jpg.rf.7219293eef789e937c6e986a0e2b741a.jpg,0,6,2,0.981,0,det,det,template,Popplio,,,Popplio,4/12,MCD17,McDonald's Collection 2017,nan,1040.0
2130_jpg.rf.7219293eef789e937c6e986a0e2b741a.jpg#p00#2#3,2130_jpg.rf.7219293eef789e937c6e986a0e2b741a.jpg,0,2,3,0.986,0,det,det,template,TornadusEX,108/108,,Tornadus-EX,108/108,DEX,Dark Explorers,Rare Ultra,1115.0
2130_jpg.rf.7219293eef789e937c6e986a0e2b741a.jpg#p00#4#4,2130_jpg.rf.7219293eef789e937c6e986a0e2b741a.jpg,0,4,4,0.982,0,det,det,template,Shroomish,004/264,,Shroomish,4/264,FST,Fusion Strike,Common,1115.0
2130_jpg.rf.7219293eef789e937c6e986a0e2b741a.jpg#p00#7#5,2130_jpg.rf.7219293eef789e937c6e986a0e2b741a.jpg,0,7,5,0.98,0,det,det,template,Exp.Share,128/160,,Exp. Share,128/160,PRC,Primal Clash,Uncommon,1115.0
2130_jpg.rf.7219293eef789e937c6e986a0e2b741a.jpg#p00#1#6,2130_jpg.rf.7219293eef789e937c6e986a0e2b741a.jpg,0,1,6,0.986,0,det,det,template,Muk,,,Muk,13/62,FO,Fossil,Rare Holo,1040.0
2130_jpg.rf.7219293eef789e937c6e986a0e2b741a.jpg#p00#0#7,2130_jpg.rf.7219293eef789e937c6e986a0e2b741a.jpg,0,0,7,0.988,0,det,det,template,Breloom,,,Breloom,45/132,SW,Secret Wonders,Uncommon,1040.0
2130_jpg.rf.7219293eef789e937c6e986a0e2b741a.jpg#p00#3#8,2130_jpg.rf.7219293eef789e937c6e986a0e2b741a.jpg,0,3,8,0.985,0,det,det,template,DrampaGX,142/145,,Drampa-GX,142/145,GRI,Guardians Rising,Rare Ultra,1115.0
2131_jpg.rf.3fc34483dc2fd2a57ceac497eb12c9a2.jpg#p00#3#0,2131_jpg.rf.3fc34483dc2fd2a57ceac497eb12c9a2.jpg,0,3,0,0.979,0,det,det,det,Sandy Shocks,098/162,,Sandy Shocks,98/162,TEF,Temporal Forces,Uncommon,1115.0
2131_jpg.rf.3fc34483dc2fd2a57ceac497eb12c9a2.jpg#p00#0#1,2131_jpg.rf.3fc34483dc2fd2a57ceac497eb12c9a2.jpg,0,0,1,0.983,0,det,det,template,Meowth,080/99,,Meowth,80/99,NXD,Next Destinies,Common,1115.0
2131_jpg.rf.3fc34483dc2fd2a57ceac497eb12c9a2.jpg#p00#2#2,2131_jpg.rf.3fc34483dc2fd2a57ceac497eb12c9a2.jpg,0,2,2,0.979,0,det,det,template,Armor Fossil 50,,,Armor Fossil,116/123,MT,Mysterious Treasures,Common,1000.0
2131_jpg.rf.3fc34483dc2fd2a57ceac497eb12c9a2.jpg#p00#1#3,2131_jpg.rf.3fc34483dc2fd2a57ceac497eb12c9a2.jpg,0,1,3,0.982,0,det,det,det,Rapidash,030/182,,Rapidash,30/182,DRI,Destined Rivals,Uncommon,1115.0
2132_jpg.rf.f3d3c4b9a30fc47997bb3a935cfa3b6e.jpg#p00#0#0,2132_jpg.rf.f3d3c4b9a30fc47997bb3a935cfa3b6e.jpg,0,0,0,0.977,0,det,det,template,Magneton,,,Magneton,9/130,B2,Base Set 2,Rare Holo,1040.0
2132_jpg.rf.f3d3c4b9a30fc47997bb3a935cfa3b6e.jpg#p00#4#1,2132_jpg.rf.f3d3c4b9a30fc47997bb3a935cfa3b6e.jpg,0,4,1,0.973,0,det,det,template,Drampa X,142/135,,Drampa-GX,142/145,GRI,Guardians Rising,Rare Ultra,1050.0
2132_jpg.rf.f3d3c4b9a30fc47997bb3a935cfa3b6e.jpg#p00#5#2,2132_jpg.rf.f3d3c4b9a30fc47997bb3a935cfa3b6e.jpg,0,5,2,0.97,180,det,det,template,Schoolgirl,023/824,,Schoolgirl,239/264,FST,Fusion Strike,Uncommon,1040.0
2132_jpg.rf.f3d3c4b9a30fc47997bb3a935cfa3b6e.jpg#p00#3#3,2132_jpg.rf.f3d3c4b9a30fc47997bb3a935cfa3b6e.jpg,0,3,3,0.974,180,det,det,template,Kabuto,017/181,,Kabuto,77/181,TEU,Team Up,Uncommon,1065.0
2132_jpg.rf.f3d3c4b9a30fc47997bb3a935cfa3b6e.jpg#p00#1#4,2132_jpg.rf.f3d3c4b9a30fc47997bb3a935cfa3b6e.jpg,0,1,4,0.977,0,det,det,template,Azelf,,,Azelf,38/101,PLB,Plasma Blast,Rare,1040.0
2132_jpg.rf.f3d3c4b9a30fc47997bb3a935cfa3b6e.jpg#p00#2#5,2132_jpg.rf.f3d3c4b9a30fc47997bb3a935cfa3b6e.jpg,0,2,5,0.977,180,det,det,template,Torterraw.48,,,Torterra,11/100,SF,Stormfront,Rare Holo,1000.0
2133_jpg.rf.d47dab2b4c586c148305a803c79fbc77.jpg#p00#8#0,2133_jpg.rf.d47dab2b4c586c148305a803c79fbc77.jpg,0,8,0,0.983,0,det,det,template,MGengar,,,Gengar,5/62,FO,Fossil,Rare Holo,1000.0
2133_jpg.rf.d47dab2b4c586c148305a803c79fbc77.jpg#p00#2#1,2133_jpg.rf.d47dab2b4c586c148305a803c79fbc77.jpg,0,2,1,0.987,0,det,det,template,Charizard,004/102,,Charizard,4/102,BS,Base Set,Rare Holo,1115.0
2133_jpg.rf.d47dab2b4c586c148305a803c79fbc77.jpg#p00#0#2,2133_jpg.rf.d47dab2b4c586c148305a803c79fbc77.jpg,0,0,2,0.99,0,det,det,template,Dark Sandslash,010/109,,Dark Sandslash,18/109,TR,Team Rocket Returns,Rare,1065.0
2133_jpg.rf.d47dab2b4c586c148305a803c79fbc77.jpg#p00#6#3,2133_jpg.rf.d47dab2b4c586c148305a803c79fbc77.jpg,0,6,3,0.986,0,det,det,template,Zebstrika,036/101,,Zebstrika,36/101,NVI,Noble Victories,Rare,1115.0
2133_jpg.rf.d47dab2b4c586c148305a803c79fbc77.jpg#p00#5#4,2133_jpg.rf.d47dab2b4c586c148305a803c79fbc77.jpg,0,5,4,0.986,0,det,det,template,Goomy,092/151,,Goomy,92/131,FLI,Forbidden Light,Common,1090.0
2133_jpg.rf.d47dab2b4c586c148305a803c79fbc77.jpg#p00#7#5,2133_jpg.rf.d47dab2b4c586c148305a803c79fbc77.jpg,0,7,5,0.985,0,det,det,det,Roaring Moon,251/182,,Roaring Moon ex,251/182,PAR,Paradox Rift,Special Illustration Rare,1075.0
2133_jpg.rf.d47dab2b4c586c148305a803c79fbc77.jpg#p00#1#6,2133_jpg.rf.d47dab2b4c586c148305a803c79fbc77.jpg,0,1,6,0.989,0,det,det,det,Onix,,,Onix,84/130,B2,Base Set 2,Common,1040.0
2133_jpg.rf.d47dab2b4c586c148305a803c79fbc77.jpg#p00#4#7,2133_jpg.rf.d47dab2b4c586c148305a803c79fbc77.jpg,0,4,7,0.986,0,det,det,template,Clefable,005/130,,Clefable,5/130,B2,Base Set 2,Rare Holo,1115.0
2133_jpg.rf.d47dab2b4c586c148305a803c79fbc77.jpg#p00#3#8,2133_jpg.rf.d47dab2b4c586c148305a803c79fbc77.jpg,0,3,8,0.986,0,det,det,template,Breloom,,,Breloom,45/132,SW,Secret Wonders,Uncommon,1040.0
2134_jpg.rf.89763d7d94d27e0eda289931b8778e19.jpg#p00#0#0,2134_jpg.rf.89763d7d94d27e0eda289931b8778e19.jpg,0,0,0,0.986,0,template,template,template,HN,,,Hau,132/168,CES,Celestial Storm,Uncommon,900.0
2134_jpg.rf.89763d7d94d27e0eda289931b8778e19.jpg#p00#4#1,2134_jpg.rf.89763d7d94d27e0eda289931b8778e19.jpg,0,4,1,0.981,0,det,det,template,Timburr,079/135,,Timburr,79/135,PLS,Plasma Storm,Common,1115.0
2134_jpg.rf.89763d7d94d27e0eda289931b8778e19.jpg#p00#5#2,2134_jpg.rf.89763d7d94d27e0eda289931b8778e19.jpg,0,5,2,0.98,0,det,det,template,Meowth,080/99,,Meowth,80/99,NXD,Next Destinies,Common,1115.0
2134_jpg.rf.89763d7d94d27e0eda289931b8778e19.jpg#p00#2#3,2134_jpg.rf.89763d7d94d27e0eda289931b8778e19.jpg,0,2,3,0.984,0,det,det,template,Litwick,,,Litwick,BW27/101,BWP,BW Black Star Promos,Promo,1040.0
2134_jpg.rf.89763d7d94d27e0eda289931b8778e19.jpg#p00#3#4,2134_jpg.rf.89763d7d94d27e0eda289931b8778e19.jpg,0,3,4,0.982,0,det,det,template,Aggron Spirit Link,123/160,,Aggron Spirit Link,123/160,PRC,Primal Clash,Uncommon,1115.0
2134_jpg.rf.89763d7d94d27e0eda289931b8778e19.jpg#p00#6#5,2134_jpg.rf.89763d7d94d27e0eda289931b8778e19.jpg,0,6,5,0.98,0,det,det,template,Tapu Fini,,,Tapu Fini,53/236,UNM,Unified Minds,Rare,1040.0
2134_jpg.rf.89763d7d94d27e0eda289931b8778e19.jpg#p00#1#6,2134_jpg.rf.89763d7d94d27e0eda289931b8778e19.jpg,0,1,6,0.985,0,det,det,det,Toxicroak,,MEG,Toxicroak,79/132,MEG,Mega Evolution,Common,1050.0
2134_jpg.rf.89763d7d94d27e0eda289931b8778e19.jpg#p00#7#7,2134_jpg.rf.89763d7d94d27e0eda289931b8778e19.jpg,0,7,7,0.979,0,det,det,template,ENERGY,198/10,,R Energy,95/109,TR,Team Rocket Returns,Uncommon,1000.0
2135_jpg.rf.e22a115275a50b85cf2ef2a885d67501.jpg#p00#3#0,2135_jpg.rf.e22a115275a50b85cf2ef2a885d67501.jpg,0,3,0,0.983,0,det,det,template,Tangrowth,021/134,,Tangrowth,6/149,BCR,Boundaries Crossed,Rare Holo,1040.0
2135_jpg.rf.e22a115275a50b85cf2ef2a885d67501.jpg#p00#2#1,2135_jpg.rf.e22a115275a50b85cf2ef2a885d67501.jpg,0,2,1,0.983,0,det,det,template,TornadusVMAX,125/198,,Tornadus VMAX,125/198,CRE,Chilling Reign,Rare Holo VMAX,1115.0
2135_jpg.rf.e22a115275a50b85cf2ef2a885d67501.jpg#p00#1#2,2135_jpg.rf.e22a115275a50b85cf2ef2a885d67501.jpg,0,1,2,0.987,0,det,det,det,MismagiusX,036/694,PIO,Mismagius ex,36/94,PFL,Phantasmal Flames,Double Rare,1050.0
2135_jpg.rf.e22a115275a50b85cf2ef2a885d67501.jpg#p00#4#3,2135_jpg.rf.e22a115275a50b85cf2ef2a885d67501.jpg,0,4,3,0.979,0,det,det,template,Gardevoir Spirit Link,130/160,,Gardevoir Spirit Link,130/160,PRC,Primal Clash,Uncommon,1115.0
2135_jpg.rf.e22a115275a50b85cf2ef2a885d67501.jpg#p00#5#4,2135_jpg.rf.e22a115275a50b85cf2ef2a885d67501.jpg,0,5,4,0.977,0,det,det,det,Pidove,071/86,,Pidove,71/86,BLK,Black Bolt,Common,1115.0
2135_jpg.rf.e22a115275a50b85cf2ef2a885d67501.jpg#p00#0#5,2135_jpg.rf.e22a115275a50b85cf2ef2a885d67501.jpg,0,0,5,0.989,0,det,det,template,AlolanMuk,,,Alolan Muk,58/149,SUM,Sun & Moon,Rare Holo,1040.0
2136_jpg.rf.48581c964d2f1ada766738d42f2d8983.jpg#p00#6#0,2136_jpg.rf.48581c964d2f1ada766738d42f2d8983.jpg,0,6,0,0.98,0,det,det,template,Kabuto,,,Kabuto,67/100,MD,Majestic Dawn,Common,1040.0
2136_jpg.rf.48581c964d2f1ada766738d42f2d8983.jpg#p00#7#1,2136_jpg.rf.48581c964d2f1ada766738d42f2d8983.jpg,0,7,1,0.98,0,det,det,template,Energy Switch,089/111,,Energy Switch,89/111,FFI,Furious Fists,Uncommon,1115.0
2136_jpg.rf.48581c964d2f1ada766738d42f2d8983.jpg#p00#8#2,2136_jpg.rf.48581c964d2f1ada766738d42f2d8983.jpg,0,8,2,0.979,0,det,det,template,Feebas,,,Feebas,27/124,DRX,Dragons Exalted,Common,1040.0
2136_jpg.rf.48581c964d2f1ada766738d42f2d8983.jpg#p00#2#3,2136_jpg.rf.48581c964d2f1ada766738d42f2d8983.jpg,0,2,3,0.986,0,det,det,det,Varoom,064/91,,Varoom,64/91,PAF,Paldean Fates,Common,1115.0
2136_jpg.rf.48581c964d2f1ada766738d42f2d8983.jpg#p00#5#4,2136_jpg.rf.48581c964d2f1ada766738d42f2d8983.jpg,0,5,4,0.982,0,det,det,det,Mega Eelektross eX,,ASCOM,Mega Eelektross ex,61/217,ASC,Ascended Heroes,Double Rare,1040.0
2136_jpg.rf.48581c964d2f1ada766738d42f2d8983.jpg#p00#4#5,2136_jpg.rf.48581c964d2f1ada766738d42f2d8983.jpg,0,4,5,0.985,0,det,det,det,Dratini,157/197,O8F,Dratini,157/197,OBF,Obsidian Flames,Common,1115.0
2136_jpg.rf.48581c964d2f1ada766738d42f2d8983.jpg#p00#3#6,2136_jpg.rf.48581c964d2f1ada766738d42f2d8983.jpg,0,3,6,0.985,0,det,det,template,VaporeonVMAX,,,Vaporeon VMAX,30/203,EVS,Evolving Skies,Rare Holo VMAX,1040.0
2136_jpg.rf.48581c964d2f1ada766738d42f2d8983.jpg#p00#1#7,2136_jpg.rf.48581c964d2f1ada766738d42f2d8983.jpg,0,1,7,0.986,0,det,det,template,Electivire,020/102,,Electivire,20/102,TM,Triumphant,Rare,1115.0
2136_jpg.rf.48581c964d2f1ada766738d42f2d8983.jpg#p00#0#8,2136_jpg.rf.48581c964d2f1ada766738d42f2d8983.jpg,0,0,8,0.987,0,det,template,template,Bronzor,,,Bronzor,75/99,NXD,Next Destinies,Common,1040.0
2137_jpg.rf.05e42f2b0a7eabe8ea6561f094e1bbfd.jpg#p00#3#0,2137_jpg.rf.05e42f2b0a7eabe8ea6561f094e1bbfd.jpg,0,3,0,0.983,0,det,det,det,Mr. Mime,010/15,MWA,Mr. Mime,11/18,DET,Detective Pikachu,Rare,1055.0
2137_jpg.rf.05e42f2b0a7eabe8ea6561f094e1bbfd.jpg#p00#0#1,2137_jpg.rf.05e42f2b0a7eabe8ea6561f094e1bbfd.jpg,0,0,1,0.989,0,det,det,det,Croconaw,040/162,,Croconaw,40/162,TEF,Temporal Forces,Common,1115.0
2137_jpg.rf.05e42f2b0a7eabe8ea6561f094e1bbfd.jpg#p00#2#2,2137_jpg.rf.05e42f2b0a7eabe8ea6561f094e1bbfd.jpg,0,2,2,0.986,0,det,det,template,Dragonair,,,Dragonair,22/130,B2,Base Set 2,Rare,1040.0
2137_jpg.rf.05e42f2b0a7eabe8ea6561f094e1bbfd.jpg#p00#1#3,2137_jpg.rf.05e42f2b0a7eabe8ea6561f094e1bbfd.jpg,0,1,3,0.986,0,det,det,template,CrobatV,055/98,,Crobat,55/135,PLS,Plasma Storm,Rare Holo,1050.0
2137_jpg.rf.05e42f2b0a7eabe8ea6561f094e1bbfd.jpg#p00#7#4,2137_jpg.rf.05e42f2b0a7eabe8ea6561f094e1bbfd.jpg,0,7,4,0.981,0,det,det,template,OrbeetleVMAX,186/185,,Orbeetle VMAX,186/185,VIV,Vivid Voltage,Rare Rainbow,1115.0
2137_jpg.rf.05e42f2b0a7eabe8ea6561f094e1bbfd.jpg#p00#4#5,2137_jpg.rf.05e42f2b0a7eabe8ea6561f094e1bbfd.jpg,0,4,5,0.983,0,det,det,det,Maushold,125/128,30M,Maushold,168/193,PAL,Paldea Evolved,Uncommon,1040.0
2137_jpg.rf.05e42f2b0a7eabe8ea6561f094e1bbfd.jpg#p00#8#6,2137_jpg.rf.05e42f2b0a7eabe8ea6561f094e1bbfd.jpg,0,8,6,0.979,0,det,det,template,Beauty,146/185,,Beauty,148/185,VIV,Vivid Voltage,Uncommon,1080.0
2137_jpg.rf.05e42f2b0a7eabe8ea6561f094e1bbfd.jpg#p00#5#7,2137_jpg.rf.05e42f2b0a7eabe8ea6561f094e1bbfd.jpg,0,5,7,0.982,0,det,det,template,Dragonair,,,Dragonair,22/130,B2,Base Set 2,Rare,1040.0
2137_jpg.rf.05e42f2b0a7eabe8ea6561f094e1bbfd.jpg#p00#6#8,2137_jpg.rf.05e42f2b0a7eabe8ea6561f094e1bbfd.jpg,0,6,8,0.981,0,det,det,template,UmbreonGX,,,Umbreon-GX,80/149,SUM,Sun & Moon,Rare Holo GX,1040.0
2138_jpg.rf.2b1e36c9af59884ae3b792d818b88ea1.jpg#p00#3#0,2138_jpg.rf.2b1e36c9af59884ae3b792d818b88ea1.jpg,0,3,0,0.977,0,det,det,template,Tangrowth,,,Tangrowth,6/149,BCR,Boundaries Crossed,Rare Holo,1040.0
2138_jpg.rf.2b1e36c9af59884ae3b792d818b88ea1.jpg#p00#5#1,2138_jpg.rf.2b1e36c9af59884ae3b792d818b88ea1.jpg,0,5,1,0.953,180,det,det,template,Emolga,,,Emolga,45/124,DRX,Dragons Exalted,Uncommon,1040.0
2138_jpg.rf.2b1e36c9af59884ae3b792d818b88ea1.jpg#p00#0#2,2138_jpg.rf.2b1e36c9af59884ae3b792d818b88ea1.jpg,0,0,2,0.982,0,det,det,template,Rayquaza,020/161,,Rayquaza,20/95,CL,Call of Legends,Rare Holo,1090.0
2138_jpg.rf.2b1e36c9af59884ae3b792d818b88ea1.jpg#p00#2#3,2138_jpg.rf.2b1e36c9af59884ae3b792d818b88ea1.jpg,0,2,3,0.978,0,det,det,template,CharizardV,696/22,,Charizard V,SWSH260/307,SWSHP,SWSH Black Star Promos,Promo,1040.0
2138_jpg.rf.2b1e36c9af59884ae3b792d818b88ea1.jpg#p00#1#4,2138_jpg.rf.2b1e36c9af59884ae3b792d818b88ea1.jpg,0,1,4,0.981,0,det,det,template,Cursed Stone,,,Cursed Stone,72/92,LM,Legend Maker,Uncommon,1040.0
2138_jpg.rf.2b1e36c9af59884ae3b792d818b88ea1.jpg#p00#4#5,2138_jpg.rf.2b1e36c9af59884ae3b792d818b88ea1.jpg,0,4,5,0.974,180,det,det,det,Dragonair,140/719,,Dragonair,22/130,B2,Base Set 2,Rare,1040.0
2139_jpg.rf.71abe41779b15d7164228022a946c503.jpg#p00#2#0,2139_jpg.rf.71abe41779b15d7164228022a946c503.jpg,0,2,0,0.976,180,det,det,template,Sharpedo ex,005/10,,Sharpedo-EX,91/160,PRC,Primal Clash,Rare Holo EX,1040.0
2139_jpg.rf.71abe41779b15d7164228022a946c503.jpg#p00#0#1,2139_jpg.rf.71abe41779b15d7164228022a946c503.jpg,0,0,1,0.983,0,det,det,det,Scream Tail,,,Scream Tail,86/182,PAR,Paradox Rift,Uncommon,1040.0
2139_jpg.rf.71abe41779b15d7164228022a946c503.jpg#p00#1#2,2139_jpg.rf.71abe41779b15d7164228022a946c503.jpg,0,1,2,0.976,180,det,det,template,Tapu Fini,056/203,,Tapu Fini,SM92/248,SMP,SM Black Star Promos,Promo,1040.0
2139_jpg.rf.71abe41779b15d7164228022a946c503.jpg#p00#3#3,2139_jpg.rf.71abe41779b15d7164228022a946c503.jpg,0,3,3,0.968,0,det,template,template,Sophocles,,,Sophocles,123/147,BUS,Burning Shadows,Uncommon,1040.0
2140_jpg.rf.622b8e7303da677345ba8c12d8e679e0.jpg#p00#2#0,2140_jpg.rf.622b8e7303da677345ba8c12d8e679e0.jpg,0,2,0,0.982,0,det,det,det,Fossil Quarry,076/54,,Claw Fossil,78/92,LM,Legend Maker,Common,560.4545288085938
2140_jpg.rf.622b8e7303da677345ba8c12d8e679e0.jpg#p00#1#1,2140_jpg.rf.622b8e7303da677345ba8c12d8e679e0.jpg,0,1,1,0.982,0,det,det,template,Torkoal,022/149,,Torkoal,23/149,SUM,Sun & Moon,Common,1080.0
2140_jpg.rf.622b8e7303da677345ba8c12d8e679e0.jpg#p00#0#2,2140_jpg.rf.622b8e7303da677345ba8c12d8e679e0.jpg,0,0,2,0.983,0,det,det,template,Nidoqueen,,,Nidoqueen,12/130,B2,Base Set 2,Rare Holo,1040.0
2140_jpg.rf.622b8e7303da677345ba8c12d8e679e0.jpg#p00#4#3,2140_jpg.rf.622b8e7303da677345ba8c12d8e679e0.jpg,0,4,3,0.977,0,det,det,det,Drifloon,136/128,JXC,Drifloon,46/114,STS,Steam Siege,Common,1040.0
2140_jpg.rf.622b8e7303da677345ba8c12d8e679e0.jpg#p00#3#4,2140_jpg.rf.622b8e7303da677345ba8c12d8e679e0.jpg,0,3,4,0.981,0,det,det,template,Great Ball,164/202,,Great Ball,164/202,SSH,Sword & Shield,Uncommon,1115.0
2141_jpg.rf.fe3e86feeda17ddaaabb204d72eb430b.jpg#p00#2#0,2141_jpg.rf.fe3e86feeda17ddaaabb204d72eb430b.jpg,0,2,0,0.977,0,det,det,det,EthutsHo-OheX,,OO,Ethan's Ho-Oh ex,26/217,ASC,Ascended Heroes,Double Rare,1000.0
2141_jpg.rf.fe3e86feeda17ddaaabb204d72eb430b.jpg#p00#0#1,2141_jpg.rf.fe3e86feeda17ddaaabb204d72eb430b.jpg,0,0,1,0.98,0,det,det,det,Dratini,157/107,OF,Dratini,157/197,OBF,Obsidian Flames,Common,1090.0
2141_jpg.rf.fe3e86feeda17ddaaabb204d72eb430b.jpg#p00#1#2,2141_jpg.rf.fe3e86feeda17ddaaabb204d72eb430b.jpg,0,1,2,0.978,0,det,det,template,Herdier,082/114,,Herdier,82/114,BLW,Black & White,Uncommon,1115.0
2141_jpg.rf.fe3e86feeda17ddaaabb204d72eb430b.jpg#p00#3#3,2141_jpg.rf.fe3e86feeda17ddaaabb204d72eb430b.jpg,0,3,3,0.975,0,det,det,template,Dratini,,,Dratini,38/130,B2,Base Set 2,Uncommon,1040.0
2141_jpg.rf.fe3e86feeda17ddaaabb204d72eb430b.jpg#p00#4#4,2141_jpg.rf.fe3e86feeda17ddaaabb204d72eb430b.jpg,0,4,4,0.974,180,det,det,template,Charmeleon 80 HP,024/102,,Charmeleon,24/102,BS,Base Set,Uncommon,1075.0
2142_jpg.rf.32387cf11e439dc0361540128471e404.jpg#p00#1#0,2142_jpg.rf.32387cf11e439dc0361540128471e404.jpg,0,1,0,0.985,0,det,det,template,Machokew.41,021/100,,Machamp,20/100,SF,Stormfront,Rare,510.5882263183594
2142_jpg.rf.32387cf11e439dc0361540128471e404.jpg#p00#4#1,2142_jpg.rf.32387cf11e439dc0361540128471e404.jpg,0,4,1,0.977,0,det,det,template,The Boss's Way,105/110,,The Boss's Way,105/110,LC,Legendary Collection,Uncommon,1115.0
2142_jpg.rf.32387cf11e439dc0361540128471e404.jpg#p00#2#2,2142_jpg.rf.32387cf11e439dc0361540128471e404.jpg,0,2,2,0.979,0,det,det,template,Electivire,020/102,,Electivire,20/102,TM,Triumphant,Rare,1115.0
2142_jpg.rf.32387cf11e439dc0361540128471e404.jpg#p00#3#3,2142_jpg.rf.32387cf11e439dc0361540128471e404.jpg,0,3,3,0.979,0,template,template,template,ENERG,,,R Energy,95/109,TR,Team Rocket Returns,Uncommon,1000.0
2142_jpg.rf.32387cf11e439dc0361540128471e404.jpg#p00#0#4,2142_jpg.rf.32387cf11e439dc0361540128471e404.jpg,0,0,4,0.99,0,det,det,template,Team Magma Conspirator,,,Team Magma Conspirator,82/95,MA,Team Magma vs Team Aqua,Uncommon,1040.0
2143_jpg.rf.51b0ed3e5137f1bb52b29c984304a7eb.jpg#p00#1#0,2143_jpg.rf.51b0ed3e5137f1bb52b29c984304a7eb.jpg,0,1,0,0.976,0,det,det,template,Cubone,,,Cubone,70/130,B2,Base Set 2,Common,1040.0
2143_jpg.rf.51b0ed3e5137f1bb52b29c984304a7eb.jpg#p00#4#1,2143_jpg.rf.51b0ed3e5137f1bb52b29c984304a7eb.jpg,0,4,1,0.967,180,template,det,template,ENERGY,,,R Energy,95/109,TR,Team Rocket Returns,Uncommon,1000.0
2143_jpg.rf.51b0ed3e5137f1bb52b29c984304a7eb.jpg#p00#2#2,2143_jpg.rf.51b0ed3e5137f1bb52b29c984304a7eb.jpg,0,2,2,0.976,180,det,template,template,s,,,AZ,91/119,PHF,Phantom Forces,Uncommon,900.0
2143_jpg.rf.51b0ed3e5137f1bb52b29c984304a7eb.jpg#p00#3#3,2143_jpg.rf.51b0ed3e5137f1bb52b29c984304a7eb.jpg,0,3,3,0.969,0,det,det,det,Croconaw,640/193,,Croconaw,44/123,MT,Mysterious Treasures,Uncommon,1040.0
2143_jpg.rf.51b0ed3e5137f1bb52b29c984304a7eb.jpg#p00#0#4,2143_jpg.rf.51b0ed3e5137f1bb52b29c984304a7eb.jpg,0,0,4,0.982,180,det,det,template,Tympole,022/101,,Tympole,22/101,NVI,Noble Victories,Common,1115.0
2143_jpg.rf.51b0ed3e5137f1bb52b29c984304a7eb.jpg#p00#5#5,2143_jpg.rf.51b0ed3e5137f1bb52b29c984304a7eb.jpg,0,5,5,0.899,180,det,det,template,Combusken,016/106,,Combusken,16/108,DEX,Dark Explorers,Uncommon,1090.0
2144_jpg.rf.7eed1c9371b6c2a1515a9f5d2cd534a1.jpg#p00#3#0,2144_jpg.rf.7eed1c9371b6c2a1515a9f5d2cd534a1.jpg,0,3,0,0.973,0,det,det,det,Dipplin,018/167,,Dipplin,18/167,TWM,Twilight Masquerade,Uncommon,1115.0
2144_jpg.rf.7eed1c9371b6c2a1515a9f5d2cd534a1.jpg#p00#2#1,2144_jpg.rf.7eed1c9371b6c2a1515a9f5d2cd534a1.jpg,0,2,1,0.977,0,det,det,template,ChesnaughtV,007/849,,Chesnaught V,15/195,SIT,Silver Tempest,Rare Holo V,1040.0
2144_jpg.rf.7eed1c9371b6c2a1515a9f5d2cd534a1.jpg#p00#1#2,2144_jpg.rf.7eed1c9371b6c2a1515a9f5d2cd534a1.jpg,0,1,2,0.978,0,det,det,template,Galarian SlowkingV,179/198,,Galarian Slowking V,179/198,CRE,Chilling Reign,Rare Ultra,1115.0
2144_jpg.rf.7eed1c9371b6c2a1515a9f5d2cd534a1.jpg#p00#0#3,2144_jpg.rf.7eed1c9371b6c2a1515a9f5d2cd534a1.jpg,0,0,3,0.981,0,det,det,template,VaporeonVAX,022/408,,Vaporeon,22/98,AOR,Ancient Origins,Uncommon,1050.0
2145_jpg.rf.87e78a1aa4bf09011f1de045bf5859c9.jpg#p00#1#0,2145_jpg.rf.87e78a1aa4bf09011f1de045bf5859c9.jpg,0,1,0,0.981,0,det,det,template,Bastiodon,085/156,,Bastiodon,85/156,UPR,Ultra Prism,Rare Holo,1115.0
2145_jpg.rf.87e78a1aa4bf09011f1de045bf5859c9.jpg#p00#2#1,2145_jpg.rf.87e78a1aa4bf09011f1de045bf5859c9.jpg,0,2,1,0.977,0,det,det,template,Cradily,,,Cradily,4/101,PLB,Plasma Blast,Rare,1040.0
2145_jpg.rf.87e78a1aa4bf09011f1de045bf5859c9.jpg#p00#0#2,2145_jpg.rf.87e78a1aa4bf09011f1de045bf5859c9.jpg,0,0,2,0.986,0,det,det,det,Snorunt,227/217,ASCD,Snorunt,227/217,ASC,Ascended Heroes,Illustration Rare,1115.0
2145_jpg.rf.87e78a1aa4bf09011f1de045bf5859c9.jpg#p00#3#3,2145_jpg.rf.87e78a1aa4bf09011f1de045bf5859c9.jpg,0,3,3,0.976,0,det,det,det,Terapagos,010/112,,Terapagos,178/217,ASC,Ascended Heroes,Rare,1040.0
2145_jpg.rf.87e78a1aa4bf09011f1de045bf5859c9.jpg#p00#4#4,2145_jpg.rf.87e78a1aa4bf09011f1de045bf5859c9.jpg,0,4,4,0.975,0,det,template,template,Energy Search,,,Energy Search,59/62,FO,Fossil,Common,1040.0
2146_jpg.rf.eb926531defad33fc62bc8f39891cc67.jpg#p00#4#0,2146_jpg.rf.eb926531defad33fc62bc8f39891cc67.jpg,0,4,0,0.982,0,det,det,det,Dipplin,018/167,,Dipplin,18/167,TWM,Twilight Masquerade,Uncommon,1115.0
2146_jpg.rf.eb926531defad33fc62bc8f39891cc67.jpg#p00#1#1,2146_jpg.rf.eb926531defad33fc62bc8f39891cc67.jpg,0,1,1,0.985,0,det,det,det,Artazon,076/91,,Artazon,76/91,PAF,Paldean Fates,Uncommon,1115.0
2146_jpg.rf.eb926531defad33fc62bc8f39891cc67.jpg#p00#5#2,2146_jpg.rf.eb926531defad33fc62bc8f39891cc67.jpg,0,5,2,0.982,0,det,det,det,Cobalion,144/86,,Cobalion,144/86,BLK,Black Bolt,Illustration Rare,1115.0
2146_jpg.rf.eb926531defad33fc62bc8f39891cc67.jpg#p00#3#3,2146_jpg.rf.eb926531defad33fc62bc8f39891cc67.jpg,0,3,3,0.984,0,det,det,template,Kabuto,077/181,,Kabuto,77/181,TEU,Team Up,Uncommon,1115.0
2146_jpg.rf.eb926531defad33fc62bc8f39891cc67.jpg#p00#0#4,2146_jpg.rf.eb926531defad33fc62bc8f39891cc67.jpg,0,0,4,0.985,0,det,det,template,Electivire,020/702,,Electivire,20/102,TM,Triumphant,Rare,1090.0
2146_jpg.rf.eb926531defad33fc62bc8f39891cc67.jpg#p00#2#5,2146_jpg.rf.eb926531defad33fc62bc8f39891cc67.jpg,0,2,5,0.984,0,det,det,template,Ho-Oh-X,,,Ho-oh,52/53,WBP,Wizards Black Star Promos,Promo,1000.0
2147_jpg.rf.39f47c5530e4a038288e947054c4d3e1.jpg#p00#3#0,2147_jpg.rf.39f47c5530e4a038288e947054c4d3e1.jpg,0,3,0,0.973,180,det,det,template,Litten,,,Litten,3/12,MCD17,McDonald's Collection 2017,nan,1040.0
2147_jpg.rf.39f47c5530e4a038288e947054c4d3e1.jpg#p00#2#1,2147_jpg.rf.39f47c5530e4a038288e947054c4d3e1.jpg,0,2,1,0.974,0,det,det,template,SnorlaxVMAX,,,Snorlax VMAX,142/202,SSH,Sword & Shield,Rare Holo VMAX,1040.0
2147_jpg.rf.39f47c5530e4a038288e947054c4d3e1.jpg#p00#0#2,2147_jpg.rf.39f47c5530e4a038288e947054c4d3e1.jpg,0,0,2,0.975,180,det,det,template,Loudred,,,Loudred,106/135,PLS,Plasma Storm,Uncommon,1040.0
2147_jpg.rf.39f47c5530e4a038288e947054c4d3e1.jpg#p00#1#3,2147_jpg.rf.39f47c5530e4a038288e947054c4d3e1.jpg,0,1,3,0.974,180,det,det,det,Tangela,,,Tangela,96/130,B2,Base Set 2,Common,1040.0
2148_jpg.rf.9045067df91bc03c5754f6b2bd4ecd75.jpg#p00#3#0,2148_jpg.rf.9045067df91bc03c5754f6b2bd4ecd75.jpg,0,3,0,0.987,0,det,det,template,OrbeetleVMAX,186/185,,Orbeetle VMAX,186/185,VIV,Vivid Voltage,Rare Rainbow,1115.0
2148_jpg.rf.9045067df91bc03c5754f6b2bd4ecd75.jpg#p00#4#1,2148_jpg.rf.9045067df91bc03c5754f6b2bd4ecd75.jpg,0,4,1,0.985,0,det,det,det,Jamming Tower,,,Jamming Tower,261/217,ASC,Ascended Heroes,Ultra Rare,1040.0
2148_jpg.rf.9045067df91bc03c5754f6b2bd4ecd75.jpg#p00#8#2,2148_jpg.rf.9045067df91bc03c5754f6b2bd4ecd75.jpg,0,8,2,0.984,0,det,det,template,Shinxw9,991/239,,Shinx,42/99,NXD,Next Destinies,Common,1000.0
2148_jpg.rf.9045067df91bc03c5754f6b2bd4ecd75.jpg#p00#2#3,2148_jpg.rf.9045067df91bc03c5754f6b2bd4ecd75.jpg,0,2,3,0.988,0,det,det,template,Aggron Spirit Link,123/160,,Aggron Spirit Link,123/160,PRC,Primal Clash,Uncommon,1115.0
2148_jpg.rf.9045067df91bc03c5754f6b2bd4ecd75.jpg#p00#0#4,2148_jpg.rf.9045067df91bc03c5754f6b2bd4ecd75.jpg,0,0,4,0.99,0,det,det,template,Electivirew.X,121/123,,Electivire LV.X,121/123,MT,Mysterious Treasures,Rare Holo LV.X,1075.0
2148_jpg.rf.9045067df91bc03c5754f6b2bd4ecd75.jpg#p00#6#5,2148_jpg.rf.9045067df91bc03c5754f6b2bd4ecd75.jpg,0,6,5,0.984,0,det,det,template,Professor Oak's Setup,201/236,,Professor Oak's Setup,201/236,CEC,Cosmic Eclipse,Uncommon,1115.0
2148_jpg.rf.9045067df91bc03c5754f6b2bd4ecd75.jpg#p00#7#6,2148_jpg.rf.9045067df91bc03c5754f6b2bd4ecd75.jpg,0,7,6,0.984,0,det,det,template,Pokémon Catcher,036/39,,Pokémon Catcher,36/39,KSS,Kalos Starter Set,nan,1115.0
2148_jpg.rf.9045067df91bc03c5754f6b2bd4ecd75.jpg#p00#1#7,2148_jpg.rf.9045067df91bc03c5754f6b2bd4ecd75.jpg,0,1,7,0.989,0,det,det,det,Mr. Mime,,MENA,Mr. Mime,27/130,B2,Base Set 2,Rare,1040.0
2148_jpg.rf.9045067df91bc03c5754f6b2bd4ecd75.jpg#p00#5#8,2148_jpg.rf.9045067df91bc03c5754f6b2bd4ecd75.jpg,0,5,8,0.984,0,det,det,det,Sawsbuck,166/162,,Sawsbuck,166/162,TEF,Temporal Forces,Illustration Rare,1115.0
2149_jpg.rf.fbdd95b880371fd3f9679624e2be5198.jpg#p00#2#0,2149_jpg.rf.fbdd95b880371fd3f9679624e2be5198.jpg,0,2,0,0.974,0,det,det,det,Toxicroak,079/132,MG,Toxicroak,79/132,MEG,Mega Evolution,Common,1115.0
2149_jpg.rf.fbdd95b880371fd3f9679624e2be5198.jpg#p00#0#1,2149_jpg.rf.fbdd95b880371fd3f9679624e2be5198.jpg,0,0,1,0.976,0,det,det,template,Ditto,,,Ditto,3/62,FO,Fossil,Rare Holo,1040.0
2149_jpg.rf.fbdd95b880371fd3f9679624e2be5198.jpg#p00#3#2,2149_jpg.rf.fbdd95b880371fd3f9679624e2be5198.jpg,0,3,2,0.974,0,det,det,template,Whimsicott,006/202,,Whimsicott,6/202,SSH,Sword & Shield,Rare,1115.0
2149_jpg.rf.fbdd95b880371fd3f9679624e2be5198.jpg#p00#1#3,2149_jpg.rf.fbdd95b880371fd3f9679624e2be5198.jpg,0,1,3,0.975,180,det,det,template,Krookodile,066/108,,Krookodile,66/108,DEX,Dark Explorers,Rare Holo,1115.0
2149_jpg.rf.fbdd95b880371fd3f9679624e2be5198.jpg#p00#4#4,2149_jpg.rf.fbdd95b880371fd3f9679624e2be5198.jpg,0,4,4,0.966,180,det,det,template,Victini,,,Victini,23/149,BCR,Boundaries Crossed,Rare,1040.0
2150_jpg.rf.1b5f56c52d65305dc47f893508617679.jpg#p00#2#0,2150_jpg.rf.1b5f56c52d65305dc47f893508617679.jpg,0,2,0,0.974,0,det,det,template,Squirtlew.15,,,Squirtle,15/78,PGO,Pokémon GO,Common,1000.0
2150_jpg.rf.1b5f56c52d65305dc47f893508617679.jpg#p00#4#1,2150_jpg.rf.1b5f56c52d65305dc47f893508617679.jpg,0,4,1,0.969,0,det,det,template,Gastlyw.14,,,Gastly,82/130,DP,Diamond & Pearl,Common,1000.0
2150_jpg.rf.1b5f56c52d65305dc47f893508617679.jpg#p00#5#2,2150_jpg.rf.1b5f56c52d65305dc47f893508617679.jpg,0,5,2,0.966,0,template,template,template,A,,,Hau,132/168,CES,Celestial Storm,Uncommon,900.0
2150_jpg.rf.1b5f56c52d65305dc47f893508617679.jpg#p00#1#3,2150_jpg.rf.1b5f56c52d65305dc47f893508617679.jpg,0,1,3,0.974,180,det,det,template,Scyther,031/490,,Scyther,29/112,RG,FireRed & LeafGreen,Rare,1055.0
2150_jpg.rf.1b5f56c52d65305dc47f893508617679.jpg#p00#0#4,2150_jpg.rf.1b5f56c52d65305dc47f893508617679.jpg,0,0,4,0.975,0,det,det,template,Professor Oak's Setup,020/124,,Professor Oak's Setup,201/236,CEC,Cosmic Eclipse,Uncommon,1040.0
2150_jpg.rf.1b5f56c52d65305dc47f893508617679.jpg#p00#3#5,2150_jpg.rf.1b5f56c52d65305dc47f893508617679.jpg,0,3,5,0.973,0,det,det,template,Reshiram,637/108,,Reshiram,63/108,ROS,Roaring Skies,Rare Holo,1065.0
2151_jpg.rf.62df90c1733d257585e831e9f7c5db26.jpg#p00#7#0,2151_jpg.rf.62df90c1733d257585e831e9f7c5db26.jpg,0,7,0,0.98,0,det,det,template,ENERGY,127/0,,Fighting Energy,127/132,G1,Gym Heroes,nan,1050.0
2151_jpg.rf.62df90c1733d257585e831e9f7c5db26.jpg#p00#2#1,2151_jpg.rf.62df90c1733d257585e831e9f7c5db26.jpg,0,2,1,0.982,0,det,det,template,Crawdaunt,,,Crawdaunt,22/146,LA,Legends Awakened,Rare,1040.0
2151_jpg.rf.62df90c1733d257585e831e9f7c5db26.jpg#p00#8#2,2151_jpg.rf.62df90c1733d257585e831e9f7c5db26.jpg,0,8,2,0.978,0,det,det,template,Togekissw.51,011/106,,Togekiss,11/106,GE,Great Encounters,Rare Holo,1075.0
2151_jpg.rf.62df90c1733d257585e831e9f7c5db26.jpg#p00#1#3,2151_jpg.rf.62df90c1733d257585e831e9f7c5db26.jpg,0,1,3,0.983,0,det,det,det,Tangela,114/165,MEWN,Tangela,114/165,MEW,151,Common,1115.0
2151_jpg.rf.62df90c1733d257585e831e9f7c5db26.jpg#p00#4#4,2151_jpg.rf.62df90c1733d257585e831e9f7c5db26.jpg,0,4,4,0.981,0,det,template,template,Beldum,,,Beldum,50/116,PLF,Plasma Freeze,Common,1040.0
2151_jpg.rf.62df90c1733d257585e831e9f7c5db26.jpg#p00#5#5,2151_jpg.rf.62df90c1733d257585e831e9f7c5db26.jpg,0,5,5,0.981,0,det,det,template,Magmar,019/172,,Magmar,19/172,BRS,Brilliant Stars,Common,1115.0
2151_jpg.rf.62df90c1733d257585e831e9f7c5db26.jpg#p00#6#6,2151_jpg.rf.62df90c1733d257585e831e9f7c5db26.jpg,0,6,6,0.98,0,det,det,template,DracovishV,,,Dracovish V,114/172,BRS,Brilliant Stars,Rare Holo V,1040.0
2151_jpg.rf.62df90c1733d257585e831e9f7c5db26.jpg#p00#3#7,2151_jpg.rf.62df90c1733d257585e831e9f7c5db26.jpg,0,3,7,0.982,0,det,det,template,Charizard,,,Charizard,4/130,B2,Base Set 2,Rare Holo,1040.0
2151_jpg.rf.62df90c1733d257585e831e9f7c5db26.jpg#p00#0#8,2151_jpg.rf.62df90c1733d257585e831e9f7c5db26.jpg,0,0,8,0.986,0,det,det,template,Light Piloswine,026/105,,Light Piloswine,26/105,N4,Neo Destiny,Rare,1115.0
2152_jpg.rf.3bcae72922094dc149c84c342af62b04.jpg#p00#2#0,2152_jpg.rf.3bcae72922094dc149c84c342af62b04.jpg,0,2,0,0.985,0,det,det,template,Entei,041/214,,Entei,47/214,LOT,Lost Thunder,Rare,1065.0
2152_jpg.rf.3bcae72922094dc149c84c342af62b04.jpg#p00#0#1,2152_jpg.rf.3bcae72922094dc149c84c342af62b04.jpg,0,0,1,0.988,0,det,det,template,CrobatV,055/98,,Crobat,55/135,PLS,Plasma Storm,Rare Holo,1050.0
2152_jpg.rf.3bcae72922094dc149c84c342af62b04.jpg#p00#5#2,2152_jpg.rf.3bcae72922094dc149c84c342af62b04.jpg,0,5,2,0.981,0,det,det,template,ChesnaughtV,171/195,,Chesnaught V,171/195,SIT,Silver Tempest,Rare Ultra,1115.0
2152_jpg.rf.3bcae72922094dc149c84c342af62b04.jpg#p00#4#3,2152_jpg.rf.3bcae72922094dc149c84c342af62b04.jpg,0,4,3,0.982,0,det,det,template,Unown [01w.14,207/750,,Iron Crown ex,206/162,TEF,Temporal Forces,Special Illustration Rare,395.952392578125
2152_jpg.rf.3bcae72922094dc149c84c342af62b04.jpg#p00#3#4,2152_jpg.rf.3bcae72922094dc149c84c342af62b04.jpg,0,3,4,0.984,0,det,det,template,Bisharp,201/108,,Bisharp,72/108,DEX,Dark Explorers,Rare,1065.0
2152_jpg.rf.3bcae72922094dc149c84c342af62b04.jpg#p00#1#5,2152_jpg.rf.3bcae72922094dc149c84c342af62b04.jpg,0,1,5,0.987,0,det,det,template,Wingull,,,Wingull,95/106,GE,Great Encounters,Common,1040.0
2153_jpg.rf.9c867928bf25ce97d4e97758fb94a109.jpg#p00#4#0,2153_jpg.rf.9c867928bf25ce97d4e97758fb94a109.jpg,0,4,0,0.966,0,det,det,template,Doduo,049/102,,Doduo,48/102,BS,Base Set,Common,1080.0
2153_jpg.rf.9c867928bf25ce97d4e97758fb94a109.jpg#p00#1#1,2153_jpg.rf.9c867928bf25ce97d4e97758fb94a109.jpg,0,1,1,0.978,0,det,det,det,Lanturn,049/142,SAM,Lanturn,49/142,SCR,Stellar Crown,Uncommon,1115.0
2153_jpg.rf.9c867928bf25ce97d4e97758fb94a109.jpg#p00#3#2,2153_jpg.rf.9c867928bf25ce97d4e97758fb94a109.jpg,0,3,2,0.967,0,det,det,template,Reshiram,,,Reshiram,26/114,BLW,Black & White,Rare Holo,1040.0
2153_jpg.rf.9c867928bf25ce97d4e97758fb94a109.jpg#p00#0#3,2153_jpg.rf.9c867928bf25ce97d4e97758fb94a109.jpg,0,0,3,0.98,0,det,det,template,Mismagius,040/121,,Mismagius,40/111,CIN,Crimson Invasion,Rare,1090.0
2153_jpg.rf.9c867928bf25ce97d4e97758fb94a109.jpg#p00#2#4,2153_jpg.rf.9c867928bf25ce97d4e97758fb94a109.jpg,0,2,4,0.976,0,det,det,template,Loudred,,,Loudred,106/135,PLS,Plasma Storm,Uncommon,1040.0
2154_jpg.rf.dd0f40e4f2b4592bcfe6972251c644f5.jpg#p00#2#0,2154_jpg.rf.dd0f40e4f2b4592bcfe6972251c644f5.jpg,0,2,0,0.972,0,det,det,template,Lillie,122/149,,Lillie,122/149,SUM,Sun & Moon,Uncommon,1115.0
2154_jpg.rf.dd0f40e4f2b4592bcfe6972251c644f5.jpg#p00#0#1,2154_jpg.rf.dd0f40e4f2b4592bcfe6972251c644f5.jpg,0,0,1,0.979,0,det,det,template,TAAAS Mightyena,019/340,,Team Magma's Mightyena,19/34,DCR,Double Crisis,Common,1050.0
2154_jpg.rf.dd0f40e4f2b4592bcfe6972251c644f5.jpg#p00#4#2,2154_jpg.rf.dd0f40e4f2b4592bcfe6972251c644f5.jpg,0,4,2,0.965,180,det,det,template,Emergency Jelly,,,Emergency Jelly,155/195,SIT,Silver Tempest,Uncommon,1040.0
2154_jpg.rf.dd0f40e4f2b4592bcfe6972251c644f5.jpg#p00#3#3,2154_jpg.rf.dd0f40e4f2b4592bcfe6972251c644f5.jpg,0,3,3,0.971,180,det,det,template,Sealeo,,,Sealeo,30/124,DRX,Dragons Exalted,Uncommon,1040.0
2154_jpg.rf.dd0f40e4f2b4592bcfe6972251c644f5.jpg#p00#1#4,2154_jpg.rf.dd0f40e4f2b4592bcfe6972251c644f5.jpg,0,1,4,0.976,180,det,det,template,Professor Oak's Visit,090/199,,Professor Oak's Visit,90/99,AR,Arceus,Uncommon,1090.0
2155_jpg.rf.7e1860b29fc8ed9a6f85ca2e53460b6d.jpg#p00#2#0,2155_jpg.rf.7e1860b29fc8ed9a6f85ca2e53460b6d.jpg,0,2,0,0.978,0,det,det,template,TornadusVMAY,025/198,,Tornadus VMAX,125/198,CRE,Chilling Reign,Rare Holo VMAX,1025.0
2155_jpg.rf.7e1860b29fc8ed9a6f85ca2e53460b6d.jpg#p00#0#1,2155_jpg.rf.7e1860b29fc8ed9a6f85ca2e53460b6d.jpg,0,0,1,0.984,0,det,det,det,MimikyueX,069/159,LIGO,Mimikyu ex,69/159,JTG,Journey Together,Double Rare,1115.0
2155_jpg.rf.7e1860b29fc8ed9a6f85ca2e53460b6d.jpg#p00#1#2,2155_jpg.rf.7e1860b29fc8ed9a6f85ca2e53460b6d.jpg,0,1,2,0.983,0,det,det,template,Tympole,022/101,,Tympole,22/101,NVI,Noble Victories,Common,1115.0
2156_jpg.rf.7a477b5e1cd169574278869625c86201.jpg#p00#0#0,2156_jpg.rf.7a477b5e1cd169574278869625c86201.jpg,0,0,0,0.986,0,det,det,det,Litten,167/162,,Litten,167/162,TEF,Temporal Forces,Illustration Rare,1115.0
2156_jpg.rf.7a477b5e1cd169574278869625c86201.jpg#p00#2#1,2156_jpg.rf.7a477b5e1cd169574278869625c86201.jpg,0,2,1,0.981,0,det,det,det,Dratini,,,Dratini,38/130,B2,Base Set 2,Uncommon,1040.0
2156_jpg.rf.7a477b5e1cd169574278869625c86201.jpg#p00#3#2,2156_jpg.rf.7a477b5e1cd169574278869625c86201.jpg,0,3,2,0.981,0,det,det,template,Aerodactyl,,,Aerodactyl,1/62,FO,Fossil,Rare Holo,1040.0
2156_jpg.rf.7a477b5e1cd169574278869625c86201.jpg#p00#1#3,2156_jpg.rf.7a477b5e1cd169574278869625c86201.jpg,0,1,3,0.985,0,det,det,det,Vanillish,044/182,2A,Vanillish,44/182,PAR,Paradox Rift,Common,1115.0
2157_jpg.rf.ac87eef617c2f85755fbd3ee6d7a1389.jpg#p00#3#0,2157_jpg.rf.ac87eef617c2f85755fbd3ee6d7a1389.jpg,0,3,0,0.971,180,det,det,template,Aipom,000/124,,Aipom,99/124,DRX,Dragons Exalted,Common,1065.0
2157_jpg.rf.ac87eef617c2f85755fbd3ee6d7a1389.jpg#p00#5#1,2157_jpg.rf.ac87eef617c2f85755fbd3ee6d7a1389.jpg,0,5,1,0.963,180,det,det,template,Shinxw9,,,Shinx,42/99,NXD,Next Destinies,Common,1000.0
2157_jpg.rf.ac87eef617c2f85755fbd3ee6d7a1389.jpg#p00#4#2,2157_jpg.rf.ac87eef617c2f85755fbd3ee6d7a1389.jpg,0,4,2,0.966,0,det,det,template,Gengar&Mimikyu,163/169,,Mimikyu,SM163/248,SMP,SM Black Star Promos,Promo,1050.0
2157_jpg.rf.ac87eef617c2f85755fbd3ee6d7a1389.jpg#p00#2#3,2157_jpg.rf.ac87eef617c2f85755fbd3ee6d7a1389.jpg,0,2,3,0.974,0,det,det,template,Magneton,,,Magneton,9/130,B2,Base Set 2,Rare Holo,1040.0
2157_jpg.rf.ac87eef617c2f85755fbd3ee6d7a1389.jpg#p00#1#4,2157_jpg.rf.ac87eef617c2f85755fbd3ee6d7a1389.jpg,0,1,4,0.975,180,det,det,template,Floette,,,Floette,92/198,SVI,Scarlet & Violet,Common,1040.0
2157_jpg.rf.ac87eef617c2f85755fbd3ee6d7a1389.jpg#p00#0#5,2157_jpg.rf.ac87eef617c2f85755fbd3ee6d7a1389.jpg,0,0,5,0.982,0,det,det,det,Maushold,125/128,30CA,Maushold,168/193,PAL,Paldea Evolved,Uncommon,1040.0
2158_jpg.rf.aeee91edfb864ff93512207ebd863e56.jpg#p00#1#0,2158_jpg.rf.aeee91edfb864ff93512207ebd863e56.jpg,0,1,0,0.987,0,det,det,template,Groudon,,,Groudon,29/146,LA,Legends Awakened,Rare,1040.0
2158_jpg.rf.aeee91edfb864ff93512207ebd863e56.jpg#p00#5#1,2158_jpg.rf.aeee91edfb864ff93512207ebd863e56.jpg,0,5,1,0.978,0,det,det,det,Mankey,,,Mankey,55/64,JU,Jungle,Common,1040.0
2158_jpg.rf.aeee91edfb864ff93512207ebd863e56.jpg#p00#2#2,2158_jpg.rf.aeee91edfb864ff93512207ebd863e56.jpg,0,2,2,0.985,0,det,det,det,Walking WakeX,,SVRD,Walking Wake ex,178/131,PRE,Prismatic Evolutions,Hyper Rare,1000.0
2158_jpg.rf.aeee91edfb864ff93512207ebd863e56.jpg#p00#4#3,2158_jpg.rf.aeee91edfb864ff93512207ebd863e56.jpg,0,4,3,0.984,0,det,det,det,Nincada,016/132,MEGIN,Nincada,16/132,MEG,Mega Evolution,Common,1115.0
2158_jpg.rf.aeee91edfb864ff93512207ebd863e56.jpg#p00#0#4,2158_jpg.rf.aeee91edfb864ff93512207ebd863e56.jpg,0,0,4,0.988,0,det,det,det,Ultra Ball,196/198,SVIC,Ultra Ball,196/198,SVI,Scarlet & Violet,Uncommon,1115.0
2158_jpg.rf.aeee91edfb864ff93512207ebd863e56.jpg#p00#3#5,2158_jpg.rf.aeee91edfb864ff93512207ebd863e56.jpg,0,3,5,0.984,0,det,det,template,Clefable,051/130,,Clefable,51/83,GEN,Generations,Uncommon,1090.0
2159_jpg.rf.004f2cefb78320f757250c8cd75b394d.jpg#p00#2#0,2159_jpg.rf.004f2cefb78320f757250c8cd75b394d.jpg,0,2,0,0.975,180,det,det,template,Floette,072/203,,Floette,72/203,EVS,Evolving Skies,Uncommon,1115.0
2159_jpg.rf.004f2cefb78320f757250c8cd75b394d.jpg#p00#1#1,2159_jpg.rf.004f2cefb78320f757250c8cd75b394d.jpg,0,1,1,0.975,0,det,det,template,Grookey,011/202,,Grookey,11/202,SSH,Sword & Shield,Common,1115.0
2159_jpg.rf.004f2cefb78320f757250c8cd75b394d.jpg#p00#0#2,2159_jpg.rf.004f2cefb78320f757250c8cd75b394d.jpg,0,0,2,0.987,180,det,det,template,Bruno,121/163,,Bruno,121/163,BST,Battle Styles,Uncommon,1115.0
2159_jpg.rf.004f2cefb78320f757250c8cd75b394d.jpg#p00#3#3,2159_jpg.rf.004f2cefb78320f757250c8cd75b394d.jpg,0,3,3,0.974,0,det,det,template,Professor Rowan,,,Professor Rowan,112/130,DP,Diamond & Pearl,Uncommon,1040.0
2160_jpg.rf.1b5d93407d5f588ad003909e3b5e744b.jpg#p00#2#0,2160_jpg.rf.1b5d93407d5f588ad003909e3b5e744b.jpg,0,2,0,0.973,180,det,det,template,Applin,,,Applin,16/182,DRI,Destined Rivals,Common,1040.0
2160_jpg.rf.1b5d93407d5f588ad003909e3b5e744b.jpg#p00#5#1,2160_jpg.rf.1b5d93407d5f588ad003909e3b5e744b.jpg,0,5,1,0.91,180,det,det,template,Charmander,551/12,,Charmander,2/12,TK2M,EX trainer Kit 2 (Minun),nan,1065.0
2160_jpg.rf.1b5d93407d5f588ad003909e3b5e744b.jpg#p00#1#2,2160_jpg.rf.1b5d93407d5f588ad003909e3b5e744b.jpg,0,1,2,0.974,0,det,det,det,CetitaneX,553/193,CQ,Cetitan ex,65/182,DRI,Destined Rivals,Double Rare,1040.0
2160_jpg.rf.1b5d93407d5f588ad003909e3b5e744b.jpg#p00#0#3,2160_jpg.rf.1b5d93407d5f588ad003909e3b5e744b.jpg,0,0,3,0.982,0,det,det,det,Varoom,064/91,,Varoom,64/91,PAF,Paldean Fates,Common,1115.0
2160_jpg.rf.1b5d93407d5f588ad003909e3b5e744b.jpg#p00#3#4,2160_jpg.rf.1b5d93407d5f588ad003909e3b5e744b.jpg,0,3,4,0.972,0,det,det,template,Clefable,,,Clefable,5/130,B2,Base Set 2,Rare Holo,1040.0
2160_jpg.rf.1b5d93407d5f588ad003909e3b5e744b.jpg#p00#4#5,2160_jpg.rf.1b5d93407d5f588ad003909e3b5e744b.jpg,0,4,5,0.96,180,det,det,template,Dragonair,,,Dragonair,22/130,B2,Base Set 2,Rare,1040.0
2161_jpg.rf.1272130f9bdb237ceab684bf2442febb.jpg#p00#0#0,2161_jpg.rf.1272130f9bdb237ceab684bf2442febb.jpg,0,0,0,0.986,0,det,det,template,Combusken,016/10,,Combusken,16/108,DEX,Dark Explorers,Uncommon,1090.0
2161_jpg.rf.1272130f9bdb237ceab684bf2442febb.jpg#p00#2#1,2161_jpg.rf.1272130f9bdb237ceab684bf2442febb.jpg,0,2,1,0.977,180,det,det,det,Vanillish,,,Vanillish,34/108,DEX,Dark Explorers,Uncommon,1040.0
2161_jpg.rf.1272130f9bdb237ceab684bf2442febb.jpg#p00#1#2,2161_jpg.rf.1272130f9bdb237ceab684bf2442febb.jpg,0,1,2,0.978,0,det,det,template,Meowth,010/99,,Meowth,10/53,WBP,Wizards Black Star Promos,Promo,1090.0
2161_jpg.rf.1272130f9bdb237ceab684bf2442febb.jpg#p00#3#3,2161_jpg.rf.1272130f9bdb237ceab684bf2442febb.jpg,0,3,3,0.975,180,det,det,det,Iron Treads3,066/1,ED,Iron Treads ex,66/91,PAF,Paldean Fates,Double Rare,1050.0
2162_jpg.rf.d1d2bf5370ce6960dbb611077a90d822.jpg#p00#7#0,2162_jpg.rf.d1d2bf5370ce6960dbb611077a90d822.jpg,0,7,0,0.982,0,det,det,template,Dark Golbat,034/109,,Dark Golbat,34/109,TR,Team Rocket Returns,Uncommon,1115.0
2162_jpg.rf.d1d2bf5370ce6960dbb611077a90d822.jpg#p00#2#1,2162_jpg.rf.d1d2bf5370ce6960dbb611077a90d822.jpg,0,2,1,0.985,0,det,det,det,Cobalion,,RG,Cobalion,BW72/101,BWP,BW Black Star Promos,Promo,1040.0
2162_jpg.rf.d1d2bf5370ce6960dbb611077a90d822.jpg#p00#1#2,2162_jpg.rf.d1d2bf5370ce6960dbb611077a90d822.jpg,0,1,2,0.985,0,template,template,template,ENERG,,,R Energy,95/109,TR,Team Rocket Returns,Uncommon,1000.0
2162_jpg.rf.d1d2bf5370ce6960dbb611077a90d822.jpg#p00#3#3,2162_jpg.rf.d1d2bf5370ce6960dbb611077a90d822.jpg,0,3,3,0.984,0,det,det,template,Ariados,113/196,,Ariados,113/196,LOR,Lost Origin,Rare,1115.0
2162_jpg.rf.d1d2bf5370ce6960dbb611077a90d822.jpg#p00#4#4,2162_jpg.rf.d1d2bf5370ce6960dbb611077a90d822.jpg,0,4,4,0.984,0,det,det,template,Combusken,016/108,,Combusken,16/108,DEX,Dark Explorers,Uncommon,1115.0
2162_jpg.rf.d1d2bf5370ce6960dbb611077a90d822.jpg#p00#6#5,2162_jpg.rf.d1d2bf5370ce6960dbb611077a90d822.jpg,0,6,5,0.983,0,det,det,template,Caterpie,001/106,,Caterpie,1/106,FLF,Flashfire,Common,1115.0
2162_jpg.rf.d1d2bf5370ce6960dbb611077a90d822.jpg#p00#0#6,2162_jpg.rf.d1d2bf5370ce6960dbb611077a90d822.jpg,0,0,6,0.985,0,det,det,template,DeoxXyS NORMAL FORME L.50,,,Deoxys Normal Forme,1/146,LA,Legends Awakened,Rare Holo,1000.0
2162_jpg.rf.d1d2bf5370ce6960dbb611077a90d822.jpg#p00#5#7,2162_jpg.rf.d1d2bf5370ce6960dbb611077a90d822.jpg,0,5,7,0.984,0,det,det,template,Delcatty,,,Delcatty,114/149,BCR,Boundaries Crossed,Uncommon,1040.0
2162_jpg.rf.d1d2bf5370ce6960dbb611077a90d822.jpg#p00#8#8,2162_jpg.rf.d1d2bf5370ce6960dbb611077a90d822.jpg,0,8,8,0.982,0,det,det,det,Psyduck,,MWD,Psyduck,53/62,FO,Fossil,Common,1040.0
2163_jpg.rf.0e04acbccd79630858cdcc2272da40f9.jpg#p00#1#0,2163_jpg.rf.0e04acbccd79630858cdcc2272da40f9.jpg,0,1,0,0.977,0,det,det,template,Muk,,,Muk,13/62,FO,Fossil,Rare Holo,1040.0
2163_jpg.rf.0e04acbccd79630858cdcc2272da40f9.jpg#p00#3#1,2163_jpg.rf.0e04acbccd79630858cdcc2272da40f9.jpg,0,3,1,0.976,0,det,det,template,Rotom,652/195,,Rotom,53/195,SIT,Silver Tempest,Common,1065.0
2163_jpg.rf.0e04acbccd79630858cdcc2272da40f9.jpg#p00#0#2,2163_jpg.rf.0e04acbccd79630858cdcc2272da40f9.jpg,0,0,2,0.979,0,det,det,template,Frillish,,,Frillish,44/149,BCR,Boundaries Crossed,Common,1040.0
2163_jpg.rf.0e04acbccd79630858cdcc2272da40f9.jpg#p00#4#3,2163_jpg.rf.0e04acbccd79630858cdcc2272da40f9.jpg,0,4,3,0.97,0,det,det,template,Wartortle,101/490,,Wartortle,63/130,B2,Base Set 2,Uncommon,1040.0
2163_jpg.rf.0e04acbccd79630858cdcc2272da40f9.jpg#p00#2#4,2163_jpg.rf.0e04acbccd79630858cdcc2272da40f9.jpg,0,2,4,0.976,0,det,det,template,Primeape,,,Primeape,43/64,JU,Jungle,Uncommon,1040.0
2164_jpg.rf.75802b8b691ec28e35c179fd87c0583c.jpg#p00#0#0,2164_jpg.rf.75802b8b691ec28e35c179fd87c0583c.jpg,0,0,0,0.99,0,det,det,det,Vulpix,016/191,,Vulpix,16/191,SSP,Surging Sparks,Common,1115.0
2164_jpg.rf.75802b8b691ec28e35c179fd87c0583c.jpg#p00#2#1,2164_jpg.rf.75802b8b691ec28e35c179fd87c0583c.jpg,0,2,1,0.985,0,det,det,template,Aerodactyl,,,Aerodactyl,1/62,FO,Fossil,Rare Holo,1040.0
2164_jpg.rf.75802b8b691ec28e35c179fd87c0583c.jpg#p00#4#2,2164_jpg.rf.75802b8b691ec28e35c179fd87c0583c.jpg,0,4,2,0.984,0,det,det,det,Armarouge,218/712,,Armarouge ex,218/182,PAR,Paradox Rift,Ultra Rare,1050.0
2164_jpg.rf.75802b8b691ec28e35c179fd87c0583c.jpg#p00#1#3,2164_jpg.rf.75802b8b691ec28e35c179fd87c0583c.jpg,0,1,3,0.988,0,det,det,template,Gengar.X,097/99,,Gengar LV.X,97/99,AR,Arceus,Rare Holo LV.X,1075.0
2164_jpg.rf.75802b8b691ec28e35c179fd87c0583c.jpg#p00#3#4,2164_jpg.rf.75802b8b691ec28e35c179fd87c0583c.jpg,0,3,4,0.985,0,det,det,template,TV Reporter,149/168,,TV Reporter,149/168,CES,Celestial Storm,Uncommon,1115.0
2165_jpg.rf.ded2924f03ef2fe667e2f3bd1a3504cd.jpg#p00#1#0,2165_jpg.rf.ded2924f03ef2fe667e2f3bd1a3504cd.jpg,0,1,0,0.977,0,det,det,det,Diancie,,,Diancie,86/142,SCR,Stellar Crown,Uncommon,1040.0
2165_jpg.rf.ded2924f03ef2fe667e2f3bd1a3504cd.jpg#p00#4#1,2165_jpg.rf.ded2924f03ef2fe667e2f3bd1a3504cd.jpg,0,4,1,0.976,0,det,det,template,Squirtle,,,Squirtle,93/130,B2,Base Set 2,Common,1040.0
2165_jpg.rf.ded2924f03ef2fe667e2f3bd1a3504cd.jpg#p00#3#2,2165_jpg.rf.ded2924f03ef2fe667e2f3bd1a3504cd.jpg,0,3,2,0.976,180,det,det,template,Aggron Spirit Link,121/810,,Aggron Spirit Link,123/160,PRC,Primal Clash,Uncommon,1055.0
2165_jpg.rf.ded2924f03ef2fe667e2f3bd1a3504cd.jpg#p00#0#3,2165_jpg.rf.ded2924f03ef2fe667e2f3bd1a3504cd.jpg,0,0,3,0.977,0,det,det,det,Scream Tail,,,Scream Tail,86/182,PAR,Paradox Rift,Uncommon,1040.0
2165_jpg.rf.ded2924f03ef2fe667e2f3bd1a3504cd.jpg#p00#2#4,2165_jpg.rf.ded2924f03ef2fe667e2f3bd1a3504cd.jpg,0,2,4,0.977,0,det,det,template,ChesnaughtV,,,Chesnaught V,15/195,SIT,Silver Tempest,Rare Holo V,1040.0
2166_jpg.rf.bc22b605916501aff011577221cc74f9.jpg#p00#2#0,2166_jpg.rf.bc22b605916501aff011577221cc74f9.jpg,0,2,0,0.987,0,det,det,det,Arboliva,021/197,ORFN,Arboliva,21/197,OBF,Obsidian Flames,Uncommon,1115.0
2166_jpg.rf.bc22b605916501aff011577221cc74f9.jpg#p00#3#1,2166_jpg.rf.bc22b605916501aff011577221cc74f9.jpg,0,3,1,0.985,0,det,det,template,Ralts,055/990,,Ralts,55/99,NXD,Next Destinies,Common,1090.0
2166_jpg.rf.bc22b605916501aff011577221cc74f9.jpg#p00#7#2,2166_jpg.rf.bc22b605916501aff011577221cc74f9.jpg,0,7,2,0.982,0,det,det,template,PikachuV,055/198,,Pikachu,55/217,ASC,Ascended Heroes,Common,1050.0
2166_jpg.rf.bc22b605916501aff011577221cc74f9.jpg#p00#5#3,2166_jpg.rf.bc22b605916501aff011577221cc74f9.jpg,0,5,3,0.984,0,det,det,template,Muk,062/181,,Muk,63/181,TEU,Team Up,Rare,1080.0
2166_jpg.rf.bc22b605916501aff011577221cc74f9.jpg#p00#0#4,2166_jpg.rf.bc22b605916501aff011577221cc74f9.jpg,0,0,4,0.99,0,det,det,det,Blitzle,062/182,PARD,Blitzle,62/182,PAR,Paradox Rift,Common,1115.0
2166_jpg.rf.bc22b605916501aff011577221cc74f9.jpg#p00#8#5,2166_jpg.rf.bc22b605916501aff011577221cc74f9.jpg,0,8,5,0.982,0,det,det,template,Litten,020/181,,Litten,20/181,TEU,Team Up,Common,1115.0
2166_jpg.rf.bc22b605916501aff011577221cc74f9.jpg#p00#4#6,2166_jpg.rf.bc22b605916501aff011577221cc74f9.jpg,0,4,6,0.985,0,det,det,det,Mankey,045/91,,Mankey,45/91,PAF,Paldean Fates,Common,1115.0
2166_jpg.rf.bc22b605916501aff011577221cc74f9.jpg#p00#1#7,2166_jpg.rf.bc22b605916501aff011577221cc74f9.jpg,0,1,7,0.989,0,det,det,template,Weezing,,,Weezing,45/62,FO,Fossil,Uncommon,1040.0
2166_jpg.rf.bc22b605916501aff011577221cc74f9.jpg#p00#6#8,2166_jpg.rf.bc22b605916501aff011577221cc74f9.jpg,0,6,8,0.984,0,det,det,template,Growlithe,,,Growlithe,42/130,B2,Base Set 2,Uncommon,1040.0
2167_jpg.rf.add4d4e840f78d8e8cc191a9417bf067.jpg#p00#1#0,2167_jpg.rf.add4d4e840f78d8e8cc191a9417bf067.jpg,0,1,0,0.98,0,det,det,template,TEAMAGAS Mightyena,019/340,,Team Magma's Mightyena,19/34,DCR,Double Crisis,Common,1050.0
2167_jpg.rf.add4d4e840f78d8e8cc191a9417bf067.jpg#p00#2#1,2167_jpg.rf.add4d4e840f78d8e8cc191a9417bf067.jpg,0,2,1,0.97,0,det,det,template,Spinarak,001/168,,Spinarak,1/88,POR,Perfect Order,Common,1090.0
2167_jpg.rf.add4d4e840f78d8e8cc191a9417bf067.jpg#p00#3#2,2167_jpg.rf.add4d4e840f78d8e8cc191a9417bf067.jpg,0,3,2,0.954,0,det,det,template,Muk,,,Muk,13/62,FO,Fossil,Rare Holo,1040.0
2167_jpg.rf.add4d4e840f78d8e8cc191a9417bf067.jpg#p00#4#3,2167_jpg.rf.add4d4e840f78d8e8cc191a9417bf067.jpg,0,4,3,0.939,180,det,det,template,Croagunk13,,,Croagunk,64/149,BCR,Boundaries Crossed,Common,1000.0
2167_jpg.rf.add4d4e840f78d8e8cc191a9417bf067.jpg#p00#0#4,2167_jpg.rf.add4d4e840f78d8e8cc191a9417bf067.jpg,0,0,4,0.983,180,det,det,template,Leafeon.42,007/100,,Leafeon,7/100,MD,Majestic Dawn,Rare Holo,1075.0
2168_jpg.rf.1c4efd91ebde3b0d38723ded99c3591b.jpg#p00#2#0,2168_jpg.rf.1c4efd91ebde3b0d38723ded99c3591b.jpg,0,2,0,0.987,0,det,det,template,Heavy Ball,,,Heavy Ball,88/99,NXD,Next Destinies,Uncommon,1040.0
2168_jpg.rf.1c4efd91ebde3b0d38723ded99c3591b.jpg#p00#0#1,2168_jpg.rf.1c4efd91ebde3b0d38723ded99c3591b.jpg,0,0,1,0.989,0,det,det,det,Lillies Cutiefly,,,Lillie's Cutiefly,66/159,JTG,Journey Together,Common,1040.0
2168_jpg.rf.1c4efd91ebde3b0d38723ded99c3591b.jpg#p00#1#2,2168_jpg.rf.1c4efd91ebde3b0d38723ded99c3591b.jpg,0,1,2,0.988,0,det,det,template,Pheromosa&wole,001/214,,Pheromosa & Buzzwole-GX,1/214,UNB,Unbroken Bonds,Rare Holo GX,1075.0
2168_jpg.rf.1c4efd91ebde3b0d38723ded99c3591b.jpg#p00#3#3,2168_jpg.rf.1c4efd91ebde3b0d38723ded99c3591b.jpg,0,3,3,0.986,0,det,det,template,Leafeonw42,007/100,,Leafeon,7/100,MD,Majestic Dawn,Rare Holo,1075.0
2169_jpg.rf.d429112a04d998515077d95262552f1b.jpg#p00#3#0,2169_jpg.rf.d429112a04d998515077d95262552f1b.jpg,0,3,0,0.969,0,det,det,template,Rufflet,,,Rufflet,111/124,DRX,Dragons Exalted,Common,1040.0
2169_jpg.rf.d429112a04d998515077d95262552f1b.jpg#p00#2#1,2169_jpg.rf.d429112a04d998515077d95262552f1b.jpg,0,2,1,0.974,0,det,det,template,Teddiursa,,,Teddiursa,RC15/113,LTR,Legendary Treasures,Common,1040.0
2169_jpg.rf.d429112a04d998515077d95262552f1b.jpg#p00#1#2,2169_jpg.rf.d429112a04d998515077d95262552f1b.jpg,0,1,2,0.974,180,det,det,det,Tsareena,,CEFS,Tsareena,18/197,OBF,Obsidian Flames,Uncommon,1040.0
2169_jpg.rf.d429112a04d998515077d95262552f1b.jpg#p00#0#3,2169_jpg.rf.d429112a04d998515077d95262552f1b.jpg,0,0,3,0.974,180,det,det,det,Hawlucha,089/131,,Hawlucha,89/131,PRE,Prismatic Evolutions,Uncommon,1115.0
2170_jpg.rf.2a7c99e4df4e3fd0a6c77836979e5c17.jpg#p00#8#0,2170_jpg.rf.2a7c99e4df4e3fd0a6c77836979e5c17.jpg,0,8,0,0.984,0,det,det,template,Kabuto,077/181,,Kabuto,77/181,TEU,Team Up,Uncommon,1115.0
2170_jpg.rf.2a7c99e4df4e3fd0a6c77836979e5c17.jpg#p00#2#1,2170_jpg.rf.2a7c99e4df4e3fd0a6c77836979e5c17.jpg,0,2,1,0.988,0,det,det,template,DeoxyS NORMAL FORME Lv.50,001/146,,Deoxys Normal Forme,1/146,LA,Legends Awakened,Rare Holo,1075.0
2170_jpg.rf.2a7c99e4df4e3fd0a6c77836979e5c17.jpg#p00#6#2,2170_jpg.rf.2a7c99e4df4e3fd0a6c77836979e5c17.jpg,0,6,2,0.985,0,det,det,template,Caterpie,001/106,,Caterpie,1/106,FLF,Flashfire,Common,1115.0
2170_jpg.rf.2a7c99e4df4e3fd0a6c77836979e5c17.jpg#p00#4#3,2170_jpg.rf.2a7c99e4df4e3fd0a6c77836979e5c17.jpg,0,4,3,0.986,0,det,det,template,High Pressure System,010/12,,High Pressure System,10/17,P3,POP Series 3,Uncommon,1090.0
2170_jpg.rf.2a7c99e4df4e3fd0a6c77836979e5c17.jpg#p00#1#4,2170_jpg.rf.2a7c99e4df4e3fd0a6c77836979e5c17.jpg,0,1,4,0.988,0,det,det,det,Pikachu,039/128,30CA,Pikachu,39/99,NXD,Next Destinies,Common,1090.0
2170_jpg.rf.2a7c99e4df4e3fd0a6c77836979e5c17.jpg#p00#3#5,2170_jpg.rf.2a7c99e4df4e3fd0a6c77836979e5c17.jpg,0,3,5,0.986,0,det,det,template,Aipom,009/124,,Aipom,99/124,DRX,Dragons Exalted,Common,1065.0
2170_jpg.rf.2a7c99e4df4e3fd0a6c77836979e5c17.jpg#p00#7#6,2170_jpg.rf.2a7c99e4df4e3fd0a6c77836979e5c17.jpg,0,7,6,0.985,0,det,det,template,Togekiss w.51,011/106,,Togekiss,11/106,GE,Great Encounters,Rare Holo,1075.0
2170_jpg.rf.2a7c99e4df4e3fd0a6c77836979e5c17.jpg#p00#0#7,2170_jpg.rf.2a7c99e4df4e3fd0a6c77836979e5c17.jpg,0,0,7,0.99,0,det,det,det,Lanturn,049/142,S0M,Lanturn,49/142,SCR,Stellar Crown,Uncommon,1115.0
2170_jpg.rf.2a7c99e4df4e3fd0a6c77836979e5c17.jpg#p00#5#8,2170_jpg.rf.2a7c99e4df4e3fd0a6c77836979e5c17.jpg,0,5,8,0.985,0,det,det,template,Yanmega,090/702,,Yanmega,5/124,DRX,Dragons Exalted,Rare,1040.0
2171_jpg.rf.fcad1267258c133a5b0f6ea3b8321f50.jpg#p00#1#0,2171_jpg.rf.fcad1267258c133a5b0f6ea3b8321f50.jpg,0,1,0,0.988,0,det,det,template,Sitrus Berry,182/202,,Sitrus Berry,182/202,SSH,Sword & Shield,Uncommon,1115.0
2171_jpg.rf.fcad1267258c133a5b0f6ea3b8321f50.jpg#p00#0#1,2171_jpg.rf.fcad1267258c133a5b0f6ea3b8321f50.jpg,0,0,1,0.989,0,det,det,det,Koraidon,247/198,,Koraidon ex,247/198,SVI,Scarlet & Violet,Special Illustration Rare,1075.0
2171_jpg.rf.fcad1267258c133a5b0f6ea3b8321f50.jpg#p00#5#2,2171_jpg.rf.fcad1267258c133a5b0f6ea3b8321f50.jpg,0,5,2,0.985,0,det,det,det,Cyclizar,,SYPA,Cyclizar,70/91,PAF,Paldean Fates,Rare,1040.0
2171_jpg.rf.fcad1267258c133a5b0f6ea3b8321f50.jpg#p00#3#3,2171_jpg.rf.fcad1267258c133a5b0f6ea3b8321f50.jpg,0,3,3,0.986,0,det,det,det,Hop's Trevenant,096/217,ASCON,Hop's Trevenant,96/217,ASC,Ascended Heroes,Rare,1115.0
2171_jpg.rf.fcad1267258c133a5b0f6ea3b8321f50.jpg#p00#4#4,2171_jpg.rf.fcad1267258c133a5b0f6ea3b8321f50.jpg,0,4,4,0.985,180,det,det,template,You,,,Kofu,138/142,SCR,Stellar Crown,Uncommon,900.0
2171_jpg.rf.fcad1267258c133a5b0f6ea3b8321f50.jpg#p00#7#5,2171_jpg.rf.fcad1267258c133a5b0f6ea3b8321f50.jpg,0,7,5,0.984,0,det,det,template,Dunsparce,101/146,,Dunsparce,101/146,XY,XY,Uncommon,1115.0
2171_jpg.rf.fcad1267258c133a5b0f6ea3b8321f50.jpg#p00#6#6,2171_jpg.rf.fcad1267258c133a5b0f6ea3b8321f50.jpg,0,6,6,0.984,0,det,det,template,Gliscorw.53,,,Gliscor,55/146,LA,Legends Awakened,Uncommon,1000.0
2171_jpg.rf.fcad1267258c133a5b0f6ea3b8321f50.jpg#p00#2#7,2171_jpg.rf.fcad1267258c133a5b0f6ea3b8321f50.jpg,0,2,7,0.986,0,det,det,template,Giratina.59,,,Giratina,BW74/101,BWP,BW Black Star Promos,Promo,1000.0
2171_jpg.rf.fcad1267258c133a5b0f6ea3b8321f50.jpg#p00#8#8,2171_jpg.rf.fcad1267258c133a5b0f6ea3b8321f50.jpg,0,8,8,0.98,0,det,det,template,TV Reporter,149/168,,TV Reporter,149/168,CES,Celestial Storm,Uncommon,1115.0
2172_jpg.rf.c17a7858ad513c1026995dd18e103183.jpg#p00#1#0,2172_jpg.rf.c17a7858ad513c1026995dd18e103183.jpg,0,1,0,0.983,0,det,det,template,Team Magma Conspirator,,,Team Magma Conspirator,82/95,MA,Team Magma vs Team Aqua,Uncommon,1040.0
2172_jpg.rf.c17a7858ad513c1026995dd18e103183.jpg#p00#4#1,2172_jpg.rf.c17a7858ad513c1026995dd18e103183.jpg,0,4,1,0.98,0,det,det,template,Whimsicott,606/202,,Whimsicott,6/202,SSH,Sword & Shield,Rare,1065.0
2172_jpg.rf.c17a7858ad513c1026995dd18e103183.jpg#p00#5#2,2172_jpg.rf.c17a7858ad513c1026995dd18e103183.jpg,0,5,2,0.974,0,det,det,template,Vileplume,015/747,,Vileplume,15/64,JU,Jungle,Rare Holo,1090.0
2172_jpg.rf.c17a7858ad513c1026995dd18e103183.jpg#p00#0#3,2172_jpg.rf.c17a7858ad513c1026995dd18e103183.jpg,0,0,3,0.985,0,det,det,template,Zacian,,,Zacian,45/94,PFL,Phantasmal Flames,Rare,1040.0
2172_jpg.rf.c17a7858ad513c1026995dd18e103183.jpg#p00#3#4,2172_jpg.rf.c17a7858ad513c1026995dd18e103183.jpg,0,3,4,0.981,0,det,det,template,Muk,046/116,,Muk,46/116,PLF,Plasma Freeze,Rare,1115.0
2172_jpg.rf.c17a7858ad513c1026995dd18e103183.jpg#p00#2#5,2172_jpg.rf.c17a7858ad513c1026995dd18e103183.jpg,0,2,5,0.983,0,det,det,template,Alakazam,187/425,,Alakazam,1/130,B2,Base Set 2,Rare Holo,1040.0
2173_jpg.rf.ae99adc8f4b671f98d9e075e3441942c.jpg#p00#5#0,2173_jpg.rf.ae99adc8f4b671f98d9e075e3441942c.jpg,0,5,0,0.985,0,det,det,template,Dark Sandslash,010/109,,Dark Sandslash,18/109,TR,Team Rocket Returns,Rare,1065.0
2173_jpg.rf.ae99adc8f4b671f98d9e075e3441942c.jpg#p00#6#1,2173_jpg.rf.ae99adc8f4b671f98d9e075e3441942c.jpg,0,6,1,0.982,0,det,det,template,Glalie,042/195,,Glalie,42/195,SIT,Silver Tempest,Uncommon,1115.0
2173_jpg.rf.ae99adc8f4b671f98d9e075e3441942c.jpg#p00#7#2,2173_jpg.rf.ae99adc8f4b671f98d9e075e3441942c.jpg,0,7,2,0.981,0,det,det,template,Slurpuff,084/195,,Slurpuff,84/195,SIT,Silver Tempest,Uncommon,1115.0
2173_jpg.rf.ae99adc8f4b671f98d9e075e3441942c.jpg#p00#3#3,2173_jpg.rf.ae99adc8f4b671f98d9e075e3441942c.jpg,0,3,3,0.985,0,det,det,det,Diancie,016/142,,Diancie,86/142,SCR,Stellar Crown,Uncommon,1065.0
2173_jpg.rf.ae99adc8f4b671f98d9e075e3441942c.jpg#p00#1#4,2173_jpg.rf.ae99adc8f4b671f98d9e075e3441942c.jpg,0,1,4,0.987,0,det,det,template,Leafeon42,070/100,,Leafeon,24/100,MD,Majestic Dawn,Rare,1025.0
2173_jpg.rf.ae99adc8f4b671f98d9e075e3441942c.jpg#p00#4#5,2173_jpg.rf.ae99adc8f4b671f98d9e075e3441942c.jpg,0,4,5,0.985,0,det,det,det,Zigzagoon,167/197,CBFI,Zigzagoon,167/197,OBF,Obsidian Flames,Common,1115.0
2173_jpg.rf.ae99adc8f4b671f98d9e075e3441942c.jpg#p00#0#6,2173_jpg.rf.ae99adc8f4b671f98d9e075e3441942c.jpg,0,0,6,0.989,0,det,det,det,Quaquavalex,,SVPO,Quaquaval ex,52/193,PAL,Paldea Evolved,Double Rare,1040.0
2173_jpg.rf.ae99adc8f4b671f98d9e075e3441942c.jpg#p00#2#7,2173_jpg.rf.ae99adc8f4b671f98d9e075e3441942c.jpg,0,2,7,0.986,0,det,template,template,Raikou,,,Raikou,16/132,SW,Secret Wonders,Rare Holo,1040.0
2174_jpg.rf.a497c0aa5dd0260beeede398b0a48dbc.jpg#p00#6#0,2174_jpg.rf.a497c0aa5dd0260beeede398b0a48dbc.jpg,0,6,0,0.981,0,det,det,det,Tropius,,SMN,Tropius,5/101,PLB,Plasma Blast,Uncommon,1040.0
2174_jpg.rf.a497c0aa5dd0260beeede398b0a48dbc.jpg#p00#7#1,2174_jpg.rf.a497c0aa5dd0260beeede398b0a48dbc.jpg,0,7,1,0.98,0,det,det,template,Light Piloswine,261/105,,Light Piloswine,26/105,N4,Neo Destiny,Rare,1065.0
2174_jpg.rf.a497c0aa5dd0260beeede398b0a48dbc.jpg#p00#8#2,2174_jpg.rf.a497c0aa5dd0260beeede398b0a48dbc.jpg,0,8,2,0.98,0,det,det,template,GenesectX,130/214,,Genesect-GX,130/214,LOT,Lost Thunder,Rare Holo GX,1075.0
2174_jpg.rf.a497c0aa5dd0260beeede398b0a48dbc.jpg#p00#4#3,2174_jpg.rf.a497c0aa5dd0260beeede398b0a48dbc.jpg,0,4,3,0.984,0,det,det,template,Wailord.41,,,Wailord,26/124,DRX,Dragons Exalted,Rare Holo,1000.0
2174_jpg.rf.a497c0aa5dd0260beeede398b0a48dbc.jpg#p00#1#4,2174_jpg.rf.a497c0aa5dd0260beeede398b0a48dbc.jpg,0,1,4,0.987,0,det,det,det,Electric Generator,170/198,SVIN,Electric Generator,170/198,SVI,Scarlet & Violet,Uncommon,1115.0
2174_jpg.rf.a497c0aa5dd0260beeede398b0a48dbc.jpg#p00#5#5,2174_jpg.rf.a497c0aa5dd0260beeede398b0a48dbc.jpg,0,5,5,0.983,0,det,det,det,Pikachu,039/128,5KN,Pikachu,39/99,NXD,Next Destinies,Common,1090.0
2174_jpg.rf.a497c0aa5dd0260beeede398b0a48dbc.jpg#p00#0#6,2174_jpg.rf.a497c0aa5dd0260beeede398b0a48dbc.jpg,0,0,6,0.99,0,det,det,template,Great Ball,364/202,,Great Ball,164/202,SSH,Sword & Shield,Uncommon,1065.0
2174_jpg.rf.a497c0aa5dd0260beeede398b0a48dbc.jpg#p00#3#7,2174_jpg.rf.a497c0aa5dd0260beeede398b0a48dbc.jpg,0,3,7,0.985,0,det,det,template,Dark Golbat,034/109,,Dark Golbat,34/109,TR,Team Rocket Returns,Uncommon,1115.0
2174_jpg.rf.a497c0aa5dd0260beeede398b0a48dbc.jpg#p00#2#8,2174_jpg.rf.a497c0aa5dd0260beeede398b0a48dbc.jpg,0,2,8,0.986,0,det,det,template,Switching Cups,102/203,,Switching Cups,162/203,EVS,Evolving Skies,Uncommon,1065.0
2175_jpg.rf.92c6eb1d16a9b555469432610bfcf6f1.jpg#p00#4#0,2175_jpg.rf.92c6eb1d16a9b555469432610bfcf6f1.jpg,0,4,0,0.974,180,det,det,template,Torterraw.48,,,Torterra,11/100,SF,Stormfront,Rare Holo,1000.0
2175_jpg.rf.92c6eb1d16a9b555469432610bfcf6f1.jpg#p00#3#1,2175_jpg.rf.92c6eb1d16a9b555469432610bfcf6f1.jpg,0,3,1,0.977,0,det,template,template,ENERGY,,,R Energy,95/109,TR,Team Rocket Returns,Uncommon,1000.0
2175_jpg.rf.92c6eb1d16a9b555469432610bfcf6f1.jpg#p00#1#2,2175_jpg.rf.92c6eb1d16a9b555469432610bfcf6f1.jpg,0,1,2,0.98,180,det,det,det,Okidogi@3,,,Okidogi,122/217,ASC,Ascended Heroes,Rare,1000.0
2175_jpg.rf.92c6eb1d16a9b555469432610bfcf6f1.jpg#p00#0#3,2175_jpg.rf.92c6eb1d16a9b555469432610bfcf6f1.jpg,0,0,3,0.986,0,det,det,det,Toedscruel,026/198,MO,Toedscruel,26/198,SVI,Scarlet & Violet,Uncommon,1115.0
2175_jpg.rf.92c6eb1d16a9b555469432610bfcf6f1.jpg#p00#2#4,2175_jpg.rf.92c6eb1d16a9b555469432610bfcf6f1.jpg,0,2,4,0.977,0,det,det,det,Litten,167/162,,Litten,167/162,TEF,Temporal Forces,Illustration Rare,1115.0
2176_jpg.rf.84577b935097e91f930da8722dcb8fc8.jpg#p00#0#0,2176_jpg.rf.84577b935097e91f930da8722dcb8fc8.jpg,0,0,0,0.986,0,det,det,det,Fossil Quarry,076/84,,Claw Fossil,78/92,LM,Legend Maker,Common,560.4545288085938
2176_jpg.rf.84577b935097e91f930da8722dcb8fc8.jpg#p00#1#1,2176_jpg.rf.84577b935097e91f930da8722dcb8fc8.jpg,0,1,1,0.984,0,det,det,det,Ortega,,CFD,Ortega,190/197,OBF,Obsidian Flames,Uncommon,1040.0
2176_jpg.rf.84577b935097e91f930da8722dcb8fc8.jpg#p00#2#2,2176_jpg.rf.84577b935097e91f930da8722dcb8fc8.jpg,0,2,2,0.981,0,det,det,det,Frosmoth,,,Frosmoth,53/217,ASC,Ascended Heroes,Uncommon,1040.0
2177_jpg.rf.ccfd7b05ad8b83cd98619067fa2ae3a2.jpg#p00#1#0,2177_jpg.rf.ccfd7b05ad8b83cd98619067fa2ae3a2.jpg,0,1,0,0.98,180,det,det,template,Black Kyurem,106/143,,Black Kyurem,100/149,BCR,Boundaries Crossed,Rare,1040.0
2177_jpg.rf.ccfd7b05ad8b83cd98619067fa2ae3a2.jpg#p00#0#1,2177_jpg.rf.ccfd7b05ad8b83cd98619067fa2ae3a2.jpg,0,0,1,0.985,180,det,det,det,Quaquayale,,,Quaquaval ex,52/193,PAL,Paldea Evolved,Double Rare,1000.0
2177_jpg.rf.ccfd7b05ad8b83cd98619067fa2ae3a2.jpg#p00#4#2,2177_jpg.rf.ccfd7b05ad8b83cd98619067fa2ae3a2.jpg,0,4,2,0.974,0,det,det,template,Celebi,,,Celebi,50/53,WBP,Wizards Black Star Promos,Promo,1040.0
2177_jpg.rf.ccfd7b05ad8b83cd98619067fa2ae3a2.jpg#p00#3#3,2177_jpg.rf.ccfd7b05ad8b83cd98619067fa2ae3a2.jpg,0,3,3,0.978,180,det,det,det,Cherrim,007/120,S0CO,Cherrim,7/135,PLS,Plasma Storm,Rare,1090.0
2177_jpg.rf.ccfd7b05ad8b83cd98619067fa2ae3a2.jpg#p00#2#4,2177_jpg.rf.ccfd7b05ad8b83cd98619067fa2ae3a2.jpg,0,2,4,0.978,0,det,det,det,Mega Dragonite,025/27,,Mega Dragonite ex,152/217,ASC,Ascended Heroes,Double Rare,1000.0
2178_jpg.rf.1151ded8dcbd10018d29107a6b8d3f05.jpg#p00#2#0,2178_jpg.rf.1151ded8dcbd10018d29107a6b8d3f05.jpg,0,2,0,0.975,180,det,det,det,Toxtricity,059/128,,Toxtricity,68/94,PFL,Phantasmal Flames,Rare,1040.0
2178_jpg.rf.1151ded8dcbd10018d29107a6b8d3f05.jpg#p00#5#1,2178_jpg.rf.1151ded8dcbd10018d29107a6b8d3f05.jpg,0,5,1,0.972,180,det,det,det,Poltchageist,021/167,,Poltchageist,21/167,TWM,Twilight Masquerade,Common,1115.0
2178_jpg.rf.1151ded8dcbd10018d29107a6b8d3f05.jpg#p00#4#2,2178_jpg.rf.1151ded8dcbd10018d29107a6b8d3f05.jpg,0,4,2,0.972,180,det,det,template,Bronzor,100/200,,Bronzor,100/181,TEU,Team Up,Common,1090.0
2178_jpg.rf.1151ded8dcbd10018d29107a6b8d3f05.jpg#p00#0#3,2178_jpg.rf.1151ded8dcbd10018d29107a6b8d3f05.jpg,0,0,3,0.978,180,det,det,det,Amarys,,RO,Amarys,93/131,PRE,Prismatic Evolutions,Common,1040.0
2178_jpg.rf.1151ded8dcbd10018d29107a6b8d3f05.jpg#p00#3#4,2178_jpg.rf.1151ded8dcbd10018d29107a6b8d3f05.jpg,0,3,4,0.974,0,det,det,template,Cinccino,,,Cinccino,89/114,BLW,Black & White,Rare,1040.0
2178_jpg.rf.1151ded8dcbd10018d29107a6b8d3f05.jpg#p00#1#5,2178_jpg.rf.1151ded8dcbd10018d29107a6b8d3f05.jpg,0,1,5,0.976,0,det,det,template,Magnemite,058/236,,Magnemite,58/236,UNM,Unified Minds,Common,1115.0
2179_jpg.rf.89d4f2a56848aacd56349d7db7818fb3.jpg#p00#1#0,2179_jpg.rf.89d4f2a56848aacd56349d7db7818fb3.jpg,0,1,0,0.979,0,det,template,template,Pikachu,,,Pikachu,87/130,B2,Base Set 2,Common,1040.0
2179_jpg.rf.89d4f2a56848aacd56349d7db7818fb3.jpg#p00#3#1,2179_jpg.rf.89d4f2a56848aacd56349d7db7818fb3.jpg,0,3,1,0.978,180,det,det,template,Loudred,,,Loudred,106/135,PLS,Plasma Storm,Uncommon,1040.0
2179_jpg.rf.89d4f2a56848aacd56349d7db7818fb3.jpg#p00#0#2,2179_jpg.rf.89d4f2a56848aacd56349d7db7818fb3.jpg,0,0,2,0.984,180,det,det,template,Cubone,,,Cubone,70/130,B2,Base Set 2,Common,1040.0
2179_jpg.rf.89d4f2a56848aacd56349d7db7818fb3.jpg#p00#5#3,2179_jpg.rf.89d4f2a56848aacd56349d7db7818fb3.jpg,0,5,3,0.971,180,det,det,template,Cynthia,,,Cynthia,SV82/94,HIFSV,Hidden Fates Shiny Vault,Rare Ultra,1040.0
2179_jpg.rf.89d4f2a56848aacd56349d7db7818fb3.jpg#p00#2#4,2179_jpg.rf.89d4f2a56848aacd56349d7db7818fb3.jpg,0,2,4,0.978,180,det,det,template,Vullaby,072/114,,Vullaby,72/114,BLW,Black & White,Uncommon,1115.0
2179_jpg.rf.89d4f2a56848aacd56349d7db7818fb3.jpg#p00#4#5,2179_jpg.rf.89d4f2a56848aacd56349d7db7818fb3.jpg,0,4,5,0.976,180,det,det,det,Pachirisu,051/122,,Pachirisu,51/132,MEG,Mega Evolution,Common,1090.0
2180_jpg.rf.53524e00a294f5169c8725405bad6a3e.jpg#p00#4#0,2180_jpg.rf.53524e00a294f5169c8725405bad6a3e.jpg,0,4,0,0.986,0,det,det,template,Gastlyw.14,063/100,,Gastly,63/102,TM,Triumphant,Common,1050.0
2180_jpg.rf.53524e00a294f5169c8725405bad6a3e.jpg#p00#2#1,2180_jpg.rf.53524e00a294f5169c8725405bad6a3e.jpg,0,2,1,0.986,0,det,det,template,TEAMMAGMAS Mightyena,019/34,,Team Magma's Mightyena,19/34,DCR,Double Crisis,Common,1115.0
2180_jpg.rf.53524e00a294f5169c8725405bad6a3e.jpg#p00#0#2,2180_jpg.rf.53524e00a294f5169c8725405bad6a3e.jpg,0,0,2,0.987,0,det,det,det,Dragonair,,MENN,Dragonair,22/130,B2,Base Set 2,Rare,1040.0
2180_jpg.rf.53524e00a294f5169c8725405bad6a3e.jpg#p00#6#3,2180_jpg.rf.53524e00a294f5169c8725405bad6a3e.jpg,0,6,3,0.985,0,det,det,template,Laprasw.47,021/100,,Lapras,21/70,DRM,Dragon Majesty,Uncommon,1050.0
2180_jpg.rf.53524e00a294f5169c8725405bad6a3e.jpg#p00#3#4,2180_jpg.rf.53524e00a294f5169c8725405bad6a3e.jpg,0,3,4,0.986,0,det,det,det,Spiritomb,035/84,,Spiritomb,62/114,STS,Steam Siege,Rare,1040.0
2180_jpg.rf.53524e00a294f5169c8725405bad6a3e.jpg#p00#5#5,2180_jpg.rf.53524e00a294f5169c8725405bad6a3e.jpg,0,5,5,0.985,0,det,det,det,Pidove,071/86,BKEN,Pidove,71/86,BLK,Black Bolt,Common,1115.0
2180_jpg.rf.53524e00a294f5169c8725405bad6a3e.jpg#p00#7#6,2180_jpg.rf.53524e00a294f5169c8725405bad6a3e.jpg,0,7,6,0.984,0,template,det,template,ENERG,,,R Energy,95/109,TR,Team Rocket Returns,Uncommon,1000.0
2180_jpg.rf.53524e00a294f5169c8725405bad6a3e.jpg#p00#1#7,2180_jpg.rf.53524e00a294f5169c8725405bad6a3e.jpg,0,1,7,0.987,0,det,det,template,Beartic,030/98,,Beartic,30/98,EPO,Emerging Powers,Rare Holo,1115.0
2181_jpg.rf.7fbaa27909f27dc7fc4c15b0315eef84.jpg#p00#0#0,2181_jpg.rf.7fbaa27909f27dc7fc4c15b0315eef84.jpg,0,0,0,0.986,0,det,det,template,Gastlyw.14,062/100,,Gastly,62/100,SF,Stormfront,Common,1075.0
2181_jpg.rf.7fbaa27909f27dc7fc4c15b0315eef84.jpg#p00#1#1,2181_jpg.rf.7fbaa27909f27dc7fc4c15b0315eef84.jpg,0,1,1,0.985,0,det,det,template,Schoolgirl,,,Schoolgirl,239/264,FST,Fusion Strike,Uncommon,1040.0
2181_jpg.rf.7fbaa27909f27dc7fc4c15b0315eef84.jpg#p00#5#2,2181_jpg.rf.7fbaa27909f27dc7fc4c15b0315eef84.jpg,0,5,2,0.978,0,det,det,det,Shellder,090/165,,Shellder,90/165,MEW,151,Common,1115.0
2181_jpg.rf.7fbaa27909f27dc7fc4c15b0315eef84.jpg#p00#4#3,2181_jpg.rf.7fbaa27909f27dc7fc4c15b0315eef84.jpg,0,4,3,0.978,0,det,det,template,Girafarig,006/105,,Girafarig,66/105,N4,Neo Destiny,Common,1065.0
2181_jpg.rf.7fbaa27909f27dc7fc4c15b0315eef84.jpg#p00#3#4,2181_jpg.rf.7fbaa27909f27dc7fc4c15b0315eef84.jpg,0,3,4,0.978,0,det,det,template,Accelgor,001/105,,Accelgor,94/86,WHT,White Flare,Illustration Rare,1040.0
2181_jpg.rf.7fbaa27909f27dc7fc4c15b0315eef84.jpg#p00#2#5,2181_jpg.rf.7fbaa27909f27dc7fc4c15b0315eef84.jpg,0,2,5,0.981,0,det,det,template,GiratinaVSTAR,,,Giratina VSTAR,GG69/70,CRZ,Crown Zenith,Rare Secret,1040.0
2182_jpg.rf.a5cd9647662d940219b37ada486ea179.jpg#p00#5#0,2182_jpg.rf.a5cd9647662d940219b37ada486ea179.jpg,0,5,0,0.984,0,det,det,template,GiratinaVSTAR,,,Giratina VSTAR,GG69/70,CRZ,Crown Zenith,Rare Secret,1040.0
2182_jpg.rf.a5cd9647662d940219b37ada486ea179.jpg#p00#3#1,2182_jpg.rf.a5cd9647662d940219b37ada486ea179.jpg,0,3,1,0.985,0,det,det,template,Light Piloswine,020/105,,Light Piloswine,26/105,N4,Neo Destiny,Rare,1065.0
2182_jpg.rf.a5cd9647662d940219b37ada486ea179.jpg#p00#8#2,2182_jpg.rf.a5cd9647662d940219b37ada486ea179.jpg,0,8,2,0.981,0,det,det,template,Max Revive,120/145,,Max Revive,120/146,XY,XY,Uncommon,1090.0
2182_jpg.rf.a5cd9647662d940219b37ada486ea179.jpg#p00#1#3,2182_jpg.rf.a5cd9647662d940219b37ada486ea179.jpg,0,1,3,0.987,0,det,det,template,Ralts,000/236,,Ralts,80/236,CEC,Cosmic Eclipse,Common,1065.0
2182_jpg.rf.a5cd9647662d940219b37ada486ea179.jpg#p00#6#4,2182_jpg.rf.a5cd9647662d940219b37ada486ea179.jpg,0,6,4,0.983,0,det,det,template,Muk,046/116,,Muk,46/116,PLF,Plasma Freeze,Rare,1115.0
2182_jpg.rf.a5cd9647662d940219b37ada486ea179.jpg#p00#2#5,2182_jpg.rf.a5cd9647662d940219b37ada486ea179.jpg,0,2,5,0.986,0,det,det,template,Litten,026/214,,Litten,26/214,UNB,Unbroken Bonds,Common,1115.0
2182_jpg.rf.a5cd9647662d940219b37ada486ea179.jpg#p00#7#6,2182_jpg.rf.a5cd9647662d940219b37ada486ea179.jpg,0,7,6,0.982,0,det,det,template,Gastly,057/90,,Gastly,57/144,SK,Skyridge,Common,1090.0
2182_jpg.rf.a5cd9647662d940219b37ada486ea179.jpg#p00#4#7,2182_jpg.rf.a5cd9647662d940219b37ada486ea179.jpg,0,4,7,0.984,0,det,det,template,Aggron Spirit Link,123/160,,Aggron Spirit Link,123/160,PRC,Primal Clash,Uncommon,1115.0
2182_jpg.rf.a5cd9647662d940219b37ada486ea179.jpg#p00#0#8,2182_jpg.rf.a5cd9647662d940219b37ada486ea179.jpg,0,0,8,0.991,0,det,det,det,TerapagoseX,170/142,,Terapagos ex,170/142,SCR,Stellar Crown,Special Illustration Rare,1115.0
2183_jpg.rf.b839f2abade4ebfbc0a6888a8861fe1e.jpg#p00#4#0,2183_jpg.rf.b839f2abade4ebfbc0a6888a8861fe1e.jpg,0,4,0,0.981,0,det,det,det,Chandelure,132/128,30M,Chandelure,33/192,RCL,Rebel Clash,Rare Holo,1040.0
2183_jpg.rf.b839f2abade4ebfbc0a6888a8861fe1e.jpg#p00#0#1,2183_jpg.rf.b839f2abade4ebfbc0a6888a8861fe1e.jpg,0,0,1,0.986,0,det,det,template,Ralts,055/990,,Ralts,55/99,NXD,Next Destinies,Common,1090.0
2183_jpg.rf.b839f2abade4ebfbc0a6888a8861fe1e.jpg#p00#1#2,2183_jpg.rf.b839f2abade4ebfbc0a6888a8861fe1e.jpg,0,1,2,0.985,0,det,det,template,Accelgor,011/108,,Accelgor,11/108,DEX,Dark Explorers,Rare,1115.0
2183_jpg.rf.b839f2abade4ebfbc0a6888a8861fe1e.jpg#p00#3#3,2183_jpg.rf.b839f2abade4ebfbc0a6888a8861fe1e.jpg,0,3,3,0.983,0,det,det,template,Primeape,,,Primeape,43/64,JU,Jungle,Uncommon,1040.0
2183_jpg.rf.b839f2abade4ebfbc0a6888a8861fe1e.jpg#p00#2#4,2183_jpg.rf.b839f2abade4ebfbc0a6888a8861fe1e.jpg,0,2,4,0.983,0,det,det,template,Vileplume,,,Vileplume,15/64,JU,Jungle,Rare Holo,1040.0
2184_jpg.rf.96d568d3b86b4e6bbc9b3e8d14f93361.jpg#p00#5#0,2184_jpg.rf.96d568d3b86b4e6bbc9b3e8d14f93361.jpg,0,5,0,0.983,0,det,det,template,Floette,072/203,,Floette,72/203,EVS,Evolving Skies,Uncommon,1115.0
2184_jpg.rf.96d568d3b86b4e6bbc9b3e8d14f93361.jpg#p00#7#1,2184_jpg.rf.96d568d3b86b4e6bbc9b3e8d14f93361.jpg,0,7,1,0.981,0,det,det,template,Flareon,103/101,,Flareon,BW88/101,BWP,BW Black Star Promos,Promo,1065.0
2184_jpg.rf.96d568d3b86b4e6bbc9b3e8d14f93361.jpg#p00#6#2,2184_jpg.rf.96d568d3b86b4e6bbc9b3e8d14f93361.jpg,0,6,2,0.981,0,det,det,template,Gastly,471/108,,Gastly,47/108,EVO,Evolutions,Common,1065.0
2184_jpg.rf.96d568d3b86b4e6bbc9b3e8d14f93361.jpg#p00#3#3,2184_jpg.rf.96d568d3b86b4e6bbc9b3e8d14f93361.jpg,0,3,3,0.985,0,det,det,template,Aggron Spirit Link,123/160,,Aggron Spirit Link,123/160,PRC,Primal Clash,Uncommon,1115.0
2184_jpg.rf.96d568d3b86b4e6bbc9b3e8d14f93361.jpg#p00#8#4,2184_jpg.rf.96d568d3b86b4e6bbc9b3e8d14f93361.jpg,0,8,4,0.98,0,det,det,template,DrampaX,142/145,,Drampa-GX,142/145,GRI,Guardians Rising,Rare Ultra,1075.0
2184_jpg.rf.96d568d3b86b4e6bbc9b3e8d14f93361.jpg#p00#1#5,2184_jpg.rf.96d568d3b86b4e6bbc9b3e8d14f93361.jpg,0,1,5,0.987,0,det,det,det,Tyme,190/191,5S,Tyme,190/191,SSP,Surging Sparks,Uncommon,1115.0
2184_jpg.rf.96d568d3b86b4e6bbc9b3e8d14f93361.jpg#p00#0#6,2184_jpg.rf.96d568d3b86b4e6bbc9b3e8d14f93361.jpg,0,0,6,0.99,0,det,det,template,Sudowoodo,030/47,,Sudowoodo,100/202,SSH,Sword & Shield,Uncommon,1040.0
2184_jpg.rf.96d568d3b86b4e6bbc9b3e8d14f93361.jpg#p00#2#7,2184_jpg.rf.96d568d3b86b4e6bbc9b3e8d14f93361.jpg,0,2,7,0.987,0,det,det,template,Gengarw.X,097/99,,Gengar LV.X,97/99,AR,Arceus,Rare Holo LV.X,1075.0
2184_jpg.rf.96d568d3b86b4e6bbc9b3e8d14f93361.jpg#p00#4#8,2184_jpg.rf.96d568d3b86b4e6bbc9b3e8d14f93361.jpg,0,4,8,0.984,0,det,det,template,PikachuEX,,,Pikachu ex,106/102,SVP,SVP Black Star Promos,Promo,1040.0
2185_jpg.rf.f8da9b98d404854747e638f8147418fd.jpg#p00#1#0,2185_jpg.rf.f8da9b98d404854747e638f8147418fd.jpg,0,1,0,0.983,0,det,det,template,Meowth,,,Meowth,80/130,B2,Base Set 2,Common,1040.0
2185_jpg.rf.f8da9b98d404854747e638f8147418fd.jpg#p00#0#1,2185_jpg.rf.f8da9b98d404854747e638f8147418fd.jpg,0,0,1,0.986,0,det,det,template,Scyther,059/105,,Scyther,55/105,N4,Neo Destiny,Uncommon,1065.0
2185_jpg.rf.f8da9b98d404854747e638f8147418fd.jpg#p00#3#2,2185_jpg.rf.f8da9b98d404854747e638f8147418fd.jpg,0,3,2,0.979,0,det,det,template,Frillish,034/99,,Frillish,34/99,NXD,Next Destinies,Uncommon,1115.0
2185_jpg.rf.f8da9b98d404854747e638f8147418fd.jpg#p00#2#3,2185_jpg.rf.f8da9b98d404854747e638f8147418fd.jpg,0,2,3,0.982,0,det,det,template,Professor Rowan,012/302,,Professor Rowan,123/132,SW,Secret Wonders,Uncommon,1040.0
2185_jpg.rf.f8da9b98d404854747e638f8147418fd.jpg#p00#4#4,2185_jpg.rf.f8da9b98d404854747e638f8147418fd.jpg,0,4,4,0.973,0,det,det,template,Tynamo,062/160,,Tynamo,62/160,PRC,Primal Clash,Common,1115.0
2186_jpg.rf.d90aca28cb9c4a6bcb6022cef4c080ff.jpg#p00#2#0,2186_jpg.rf.d90aca28cb9c4a6bcb6022cef4c080ff.jpg,0,2,0,0.978,0,det,det,template,Celebi,,,Celebi,50/53,WBP,Wizards Black Star Promos,Promo,1040.0
2186_jpg.rf.d90aca28cb9c4a6bcb6022cef4c080ff.jpg#p00#1#1,2186_jpg.rf.d90aca28cb9c4a6bcb6022cef4c080ff.jpg,0,1,1,0.98,0,det,det,template,Ekans,427/101,,Ekans δ,47/101,DF,Dragon Frontiers,Common,1065.0
2186_jpg.rf.d90aca28cb9c4a6bcb6022cef4c080ff.jpg#p00#4#2,2186_jpg.rf.d90aca28cb9c4a6bcb6022cef4c080ff.jpg,0,4,2,0.973,0,template,det,template,ENERG,,,R Energy,95/109,TR,Team Rocket Returns,Uncommon,1000.0
2186_jpg.rf.d90aca28cb9c4a6bcb6022cef4c080ff.jpg#p00#3#3,2186_jpg.rf.d90aca28cb9c4a6bcb6022cef4c080ff.jpg,0,3,3,0.974,0,det,det,template,Breloom,,,Breloom,45/132,SW,Secret Wonders,Uncommon,1040.0
2186_jpg.rf.d90aca28cb9c4a6bcb6022cef4c080ff.jpg#p00#0#4,2186_jpg.rf.d90aca28cb9c4a6bcb6022cef4c080ff.jpg,0,0,4,0.983,0,det,det,template,Foongus,017/121,,Foongus,17/124,DRX,Dragons Exalted,Common,1090.0
2187_jpg.rf.168f994cb4d4f11de9c84a0947a82d24.jpg#p00#5#0,2187_jpg.rf.168f994cb4d4f11de9c84a0947a82d24.jpg,0,5,0,0.974,180,det,det,template,TornadusVix,,,Tornadus-EX,BW96/101,BWP,BW Black Star Promos,Promo,1000.0
2187_jpg.rf.168f994cb4d4f11de9c84a0947a82d24.jpg#p00#4#1,2187_jpg.rf.168f994cb4d4f11de9c84a0947a82d24.jpg,0,4,1,0.975,180,det,det,template,Porygon-Z,,,Porygon-Z,BW84/101,BWP,BW Black Star Promos,Promo,1040.0
2187_jpg.rf.168f994cb4d4f11de9c84a0947a82d24.jpg#p00#3#2,2187_jpg.rf.168f994cb4d4f11de9c84a0947a82d24.jpg,0,3,2,0.976,0,det,det,det,Cobalion,,LN,Cobalion,BW72/101,BWP,BW Black Star Promos,Promo,1040.0
2187_jpg.rf.168f994cb4d4f11de9c84a0947a82d24.jpg#p00#2#3,2187_jpg.rf.168f994cb4d4f11de9c84a0947a82d24.jpg,0,2,3,0.978,0,det,det,det,Pikachu,007/120,,Pikachu,7/15,MCD22,McDonald's Collection 2022,nan,1090.0
2187_jpg.rf.168f994cb4d4f11de9c84a0947a82d24.jpg#p00#0#4,2187_jpg.rf.168f994cb4d4f11de9c84a0947a82d24.jpg,0,0,4,0.983,0,det,det,det,MimikyueX,,LNE,Mimikyu ex,69/159,JTG,Journey Together,Double Rare,1040.0
2187_jpg.rf.168f994cb4d4f11de9c84a0947a82d24.jpg#p00#1#5,2187_jpg.rf.168f994cb4d4f11de9c84a0947a82d24.jpg,0,1,5,0.979,0,det,det,template,Rotom,053/195,,Rotom,53/195,SIT,Silver Tempest,Common,1115.0
2188_jpg.rf.2fbe22088dea89cd5a8b9d9f837f4e8b.jpg#p00#3#0,2188_jpg.rf.2fbe22088dea89cd5a8b9d9f837f4e8b.jpg,0,3,0,0.983,0,det,det,template,Prinplup,024/108,,Prinplup,28/108,DEX,Dark Explorers,Uncommon,1065.0
2188_jpg.rf.2fbe22088dea89cd5a8b9d9f837f4e8b.jpg#p00#1#1,2188_jpg.rf.2fbe22088dea89cd5a8b9d9f837f4e8b.jpg,0,1,1,0.984,0,det,det,template,UnownVSTAR,056/105,,Unown [F],56/106,GE,Great Encounters,Uncommon,1050.0
2188_jpg.rf.2fbe22088dea89cd5a8b9d9f837f4e8b.jpg#p00#0#2,2188_jpg.rf.2fbe22088dea89cd5a8b9d9f837f4e8b.jpg,0,0,2,0.987,0,det,det,template,Alolan Muk,058/149,,Alolan Muk,58/149,SUM,Sun & Moon,Rare Holo,1115.0
2188_jpg.rf.2fbe22088dea89cd5a8b9d9f837f4e8b.jpg#p00#2#3,2188_jpg.rf.2fbe22088dea89cd5a8b9d9f837f4e8b.jpg,0,2,3,0.983,0,det,det,template,Armaldo ex,,,Armaldo ex,84/92,LM,Legend Maker,Rare Holo EX,1040.0
2189_jpg.rf.6aab88a4f1a3737168685a0b7034b68a.jpg#p00#3#0,2189_jpg.rf.6aab88a4f1a3737168685a0b7034b68a.jpg,0,3,0,0.982,0,det,det,template,Temple of Sinnoh,015/518,,Temple of Sinnoh,214/189,ASR,Astral Radiance,Rare Secret,1040.0
2189_jpg.rf.6aab88a4f1a3737168685a0b7034b68a.jpg#p00#2#1,2189_jpg.rf.6aab88a4f1a3737168685a0b7034b68a.jpg,0,2,1,0.983,0,det,det,template,Bastiodon l .41,,,Bastiodon,20/127,PL,Platinum,Rare,1000.0
2189_jpg.rf.6aab88a4f1a3737168685a0b7034b68a.jpg#p00#1#2,2189_jpg.rf.6aab88a4f1a3737168685a0b7034b68a.jpg,0,1,2,0.987,0,det,det,det,Audino,124/159,MO,Audino,124/159,JTG,Journey Together,Common,1115.0
2189_jpg.rf.6aab88a4f1a3737168685a0b7034b68a.jpg#p00#0#3,2189_jpg.rf.6aab88a4f1a3737168685a0b7034b68a.jpg,0,0,3,0.987,0,det,det,template,Exp. Share,128/160,,Exp. Share,128/160,PRC,Primal Clash,Uncommon,1115.0
2190_jpg.rf.46248a2602b55b1905a264a43b19aea7.jpg#p00#1#0,2190_jpg.rf.46248a2602b55b1905a264a43b19aea7.jpg,0,1,0,0.986,0,det,det,det,Audino,124/159,,Audino,124/159,JTG,Journey Together,Common,1115.0
2190_jpg.rf.46248a2602b55b1905a264a43b19aea7.jpg#p00#3#1,2190_jpg.rf.46248a2602b55b1905a264a43b19aea7.jpg,0,3,1,0.985,0,det,det,template,Cradily,007/188,,Cradily,7/108,PK,Power Keepers,Rare Holo,1090.0
2190_jpg.rf.46248a2602b55b1905a264a43b19aea7.jpg#p00#0#2,2190_jpg.rf.46248a2602b55b1905a264a43b19aea7.jpg,0,0,2,0.988,0,det,det,template,ChesnaughtV,012/155,,Chesnaught V,15/195,SIT,Silver Tempest,Rare Holo V,1040.0
2190_jpg.rf.46248a2602b55b1905a264a43b19aea7.jpg#p00#2#3,2190_jpg.rf.46248a2602b55b1905a264a43b19aea7.jpg,0,2,3,0.986,0,det,det,det,Basic Energy,258/198,,Basic Fighting Energy,258/198,SVI,Scarlet & Violet,Hyper Rare,1075.0
2190_jpg.rf.46248a2602b55b1905a264a43b19aea7.jpg#p00#6#4,2190_jpg.rf.46248a2602b55b1905a264a43b19aea7.jpg,0,6,4,0.983,0,det,det,template,PikachuV,055/198,,Pikachu,55/217,ASC,Ascended Heroes,Common,1050.0
2190_jpg.rf.46248a2602b55b1905a264a43b19aea7.jpg#p00#4#5,2190_jpg.rf.46248a2602b55b1905a264a43b19aea7.jpg,0,4,5,0.985,0,det,det,det,Voltorb,100/165,MEWA,Voltorb,100/165,MEW,151,Common,1115.0
2190_jpg.rf.46248a2602b55b1905a264a43b19aea7.jpg#p00#7#6,2190_jpg.rf.46248a2602b55b1905a264a43b19aea7.jpg,0,7,6,0.981,0,template,template,template,ENERG,,,R Energy,95/109,TR,Team Rocket Returns,Uncommon,1000.0
2190_jpg.rf.46248a2602b55b1905a264a43b19aea7.jpg#p00#8#7,2190_jpg.rf.46248a2602b55b1905a264a43b19aea7.jpg,0,8,7,0.98,0,det,det,template,TornadusEX,108/708,,Tornadus-EX,108/108,DEX,Dark Explorers,Rare Ultra,1090.0
2190_jpg.rf.46248a2602b55b1905a264a43b19aea7.jpg#p00#5#8,2190_jpg.rf.46248a2602b55b1905a264a43b19aea7.jpg,0,5,8,0.985,0,det,det,template,Caterpie,001/106,,Caterpie,1/106,FLF,Flashfire,Common,1115.0
2191_jpg.rf.9630a680f6fc0b13ce0427fc0c26de21.jpg#p00#1#0,2191_jpg.rf.9630a680f6fc0b13ce0427fc0c26de21.jpg,0,1,0,0.982,180,det,template,template,,,,Alakazam,1/130,B2,Base Set 2,Rare Holo,0.0
2191_jpg.rf.9630a680f6fc0b13ce0427fc0c26de21.jpg#p00#0#1,2191_jpg.rf.9630a680f6fc0b13ce0427fc0c26de21.jpg,0,0,1,0.989,0,det,det,template,Luxray,,,Luxray,46/99,NXD,Next Destinies,Rare Holo,1040.0
2191_jpg.rf.9630a680f6fc0b13ce0427fc0c26de21.jpg#p00#3#2,2191_jpg.rf.9630a680f6fc0b13ce0427fc0c26de21.jpg,0,3,2,0.981,180,det,det,template,Dark Forretress,,,Dark Forretress,35/105,N4,Neo Destiny,Uncommon,1040.0
2191_jpg.rf.9630a680f6fc0b13ce0427fc0c26de21.jpg#p00#2#3,2191_jpg.rf.9630a680f6fc0b13ce0427fc0c26de21.jpg,0,2,3,0.981,0,det,det,template,Spindaw.27,,,Spinda,17/17,P7,POP Series 7,Common,1000.0
2191_jpg.rf.9630a680f6fc0b13ce0427fc0c26de21.jpg#p00#4#4,2191_jpg.rf.9630a680f6fc0b13ce0427fc0c26de21.jpg,0,4,4,0.972,0,det,det,template,Entei,,,Entei,34/53,WBP,Wizards Black Star Promos,Promo,1040.0
2191_jpg.rf.9630a680f6fc0b13ce0427fc0c26de21.jpg#p00#6#5,2191_jpg.rf.9630a680f6fc0b13ce0427fc0c26de21.jpg,0,6,5,0.967,0,det,det,template,DeoxyS NORMAL FORME Av.50,,,Deoxys,68/168,CES,Celestial Storm,Rare,1000.0
2191_jpg.rf.9630a680f6fc0b13ce0427fc0c26de21.jpg#p00#5#6,2191_jpg.rf.9630a680f6fc0b13ce0427fc0c26de21.jpg,0,5,6,0.972,180,det,det,det,Larvesta,090/700,O6F,Larvesta,20/108,DEX,Dark Explorers,Common,1040.0
2192_jpg.rf.e357ebb6632ae3b35dc4dfb8ac34770d.jpg#p00#3#0,2192_jpg.rf.e357ebb6632ae3b35dc4dfb8ac34770d.jpg,0,3,0,0.978,0,det,det,template,Celebi,,,Celebi,50/53,WBP,Wizards Black Star Promos,Promo,1040.0
2192_jpg.rf.e357ebb6632ae3b35dc4dfb8ac34770d.jpg#p00#1#1,2192_jpg.rf.e357ebb6632ae3b35dc4dfb8ac34770d.jpg,0,1,1,0.981,0,det,det,template,Hisuian Basculin,043/189,,Hisuian Basculin,43/189,ASR,Astral Radiance,Common,1115.0
2192_jpg.rf.e357ebb6632ae3b35dc4dfb8ac34770d.jpg#p00#0#2,2192_jpg.rf.e357ebb6632ae3b35dc4dfb8ac34770d.jpg,0,0,2,0.987,0,det,det,template,Black Kyurem,100/149,,Black Kyurem,100/149,BCR,Boundaries Crossed,Rare,1115.0
2192_jpg.rf.e357ebb6632ae3b35dc4dfb8ac34770d.jpg#p00#2#3,2192_jpg.rf.e357ebb6632ae3b35dc4dfb8ac34770d.jpg,0,2,3,0.979,0,det,det,template,Xerneas,,,Xerneas,64/132,MEG,Mega Evolution,Rare,1040.0
2193_jpg.rf.6aa628bb73d87cd9c3702ec431758cc3.jpg#p00#0#0,2193_jpg.rf.6aa628bb73d87cd9c3702ec431758cc3.jpg,0,0,0,0.991,0,det,det,template,Slurpuff,084/195,,Slurpuff,84/195,SIT,Silver Tempest,Uncommon,1115.0
2193_jpg.rf.6aa628bb73d87cd9c3702ec431758cc3.jpg#p00#4#1,2193_jpg.rf.6aa628bb73d87cd9c3702ec431758cc3.jpg,0,4,1,0.986,0,det,det,template,Lucario,117/236,,Lucario,117/236,UNM,Unified Minds,Rare,1115.0
2193_jpg.rf.6aa628bb73d87cd9c3702ec431758cc3.jpg#p00#2#2,2193_jpg.rf.6aa628bb73d87cd9c3702ec431758cc3.jpg,0,2,2,0.988,0,det,det,template,Switching Cups,,,Switching Cups,162/203,EVS,Evolving Skies,Uncommon,1040.0
2193_jpg.rf.6aa628bb73d87cd9c3702ec431758cc3.jpg#p00#5#3,2193_jpg.rf.6aa628bb73d87cd9c3702ec431758cc3.jpg,0,5,3,0.984,0,det,det,template,Celesteela,100/168,,Celesteela,100/168,CES,Celestial Storm,Rare Holo,1115.0
2193_jpg.rf.6aa628bb73d87cd9c3702ec431758cc3.jpg#p00#3#4,2193_jpg.rf.6aa628bb73d87cd9c3702ec431758cc3.jpg,0,3,4,0.987,0,det,det,det,Chien-PaoeX,,SM,Chien-Pao ex,61/193,PAL,Paldea Evolved,Double Rare,1040.0
2193_jpg.rf.6aa628bb73d87cd9c3702ec431758cc3.jpg#p00#1#5,2193_jpg.rf.6aa628bb73d87cd9c3702ec431758cc3.jpg,0,1,5,0.989,0,det,det,template,Chandelure,,,Chandelure,20/99,NXD,Next Destinies,Rare Holo,1040.0
2193_jpg.rf.6aa628bb73d87cd9c3702ec431758cc3.jpg#p00#7#6,2193_jpg.rf.6aa628bb73d87cd9c3702ec431758cc3.jpg,0,7,6,0.984,0,det,det,template,Torchicw.12,,,Torchic,22/189,DAA,Darkness Ablaze,Common,1000.0
2193_jpg.rf.6aa628bb73d87cd9c3702ec431758cc3.jpg#p00#6#7,2193_jpg.rf.6aa628bb73d87cd9c3702ec431758cc3.jpg,0,6,7,0.984,0,det,det,template,Hypno,053/122,,Hypno,51/122,BKP,BREAKpoint,Rare,1080.0
2193_jpg.rf.6aa628bb73d87cd9c3702ec431758cc3.jpg#p00#8#8,2193_jpg.rf.6aa628bb73d87cd9c3702ec431758cc3.jpg,0,8,8,0.982,0,det,det,det,Rillaboom,016/10,TWM,Rillaboom,16/167,TWM,Twilight Masquerade,Uncommon,1100.0
2194_jpg.rf.a0fd43bf2c237174cc18370ae3eb1705.jpg#p00#2#0,2194_jpg.rf.a0fd43bf2c237174cc18370ae3eb1705.jpg,0,2,0,0.973,180,det,det,template,Emolga,,,Emolga,45/124,DRX,Dragons Exalted,Uncommon,1040.0
2194_jpg.rf.a0fd43bf2c237174cc18370ae3eb1705.jpg#p00#4#1,2194_jpg.rf.a0fd43bf2c237174cc18370ae3eb1705.jpg,0,4,1,0.945,180,det,det,template,Rufflet,,,Rufflet,111/124,DRX,Dragons Exalted,Common,1040.0
2194_jpg.rf.a0fd43bf2c237174cc18370ae3eb1705.jpg#p00#1#2,2194_jpg.rf.a0fd43bf2c237174cc18370ae3eb1705.jpg,0,1,2,0.975,180,det,det,det,Toxtricity,059/128,30CA,Toxtricity,68/94,PFL,Phantasmal Flames,Rare,1040.0
2194_jpg.rf.a0fd43bf2c237174cc18370ae3eb1705.jpg#p00#0#3,2194_jpg.rf.a0fd43bf2c237174cc18370ae3eb1705.jpg,0,0,3,0.981,180,det,det,template,Gastly,,,Gastly,75/130,B2,Base Set 2,Common,1040.0
2194_jpg.rf.a0fd43bf2c237174cc18370ae3eb1705.jpg#p00#3#4,2194_jpg.rf.a0fd43bf2c237174cc18370ae3eb1705.jpg,0,3,4,0.971,180,det,det,template,Brock,,,Brock,15/132,G1,Gym Heroes,Rare Holo,1040.0
2195_jpg.rf.b1cc466fe46e5745a96769e3c72ef3fb.jpg#p00#0#0,2195_jpg.rf.b1cc466fe46e5745a96769e3c72ef3fb.jpg,0,0,0,0.989,0,det,det,template,Aipom,099/124,,Aipom,99/124,DRX,Dragons Exalted,Common,1115.0
2195_jpg.rf.b1cc466fe46e5745a96769e3c72ef3fb.jpg#p00#3#1,2195_jpg.rf.b1cc466fe46e5745a96769e3c72ef3fb.jpg,0,3,1,0.986,0,det,det,template,Dustox ex,,,Dustox ex,86/92,LM,Legend Maker,Rare Holo EX,1040.0
2195_jpg.rf.b1cc466fe46e5745a96769e3c72ef3fb.jpg#p00#5#2,2195_jpg.rf.b1cc466fe46e5745a96769e3c72ef3fb.jpg,0,5,2,0.986,0,det,det,template,Leafeon42,,,Leafeon,BW87/101,BWP,BW Black Star Promos,Promo,1000.0
2195_jpg.rf.b1cc466fe46e5745a96769e3c72ef3fb.jpg#p00#7#3,2195_jpg.rf.b1cc466fe46e5745a96769e3c72ef3fb.jpg,0,7,3,0.983,0,det,det,template,Scyther,,,Scyther,17/130,B2,Base Set 2,Rare Holo,1040.0
2195_jpg.rf.b1cc466fe46e5745a96769e3c72ef3fb.jpg#p00#1#4,2195_jpg.rf.b1cc466fe46e5745a96769e3c72ef3fb.jpg,0,1,4,0.988,0,det,det,template,Yanma,003/119,,Yanma,3/119,PHF,Phantom Forces,Common,1115.0
2195_jpg.rf.b1cc466fe46e5745a96769e3c72ef3fb.jpg#p00#6#5,2195_jpg.rf.b1cc466fe46e5745a96769e3c72ef3fb.jpg,0,6,5,0.985,0,det,det,template,Torracat,281/214,,Torracat,28/214,UNB,Unbroken Bonds,Uncommon,1065.0
2195_jpg.rf.b1cc466fe46e5745a96769e3c72ef3fb.jpg#p00#2#6,2195_jpg.rf.b1cc466fe46e5745a96769e3c72ef3fb.jpg,0,2,6,0.987,0,det,template,template,Klang,,,Klang,75/114,BLW,Black & White,Uncommon,1040.0
2195_jpg.rf.b1cc466fe46e5745a96769e3c72ef3fb.jpg#p00#4#7,2195_jpg.rf.b1cc466fe46e5745a96769e3c72ef3fb.jpg,0,4,7,0.986,0,det,det,template,Raikou,022/64,,Raikou,22/64,N3,Neo Revelation,Rare,1115.0
2196_jpg.rf.bc02923b6e417a35245b4f428a51e73f.jpg#p00#2#0,2196_jpg.rf.bc02923b6e417a35245b4f428a51e73f.jpg,0,2,0,0.97,0,det,det,det,Spiritomb,035/764,RD,Spiritomb,62/114,STS,Steam Siege,Rare,1040.0
2196_jpg.rf.bc02923b6e417a35245b4f428a51e73f.jpg#p00#3#1,2196_jpg.rf.bc02923b6e417a35245b4f428a51e73f.jpg,0,3,1,0.953,0,det,det,template,Baltoy,,,Baltoy,63/124,DRX,Dragons Exalted,Common,1040.0
2196_jpg.rf.bc02923b6e417a35245b4f428a51e73f.jpg#p00#0#2,2196_jpg.rf.bc02923b6e417a35245b4f428a51e73f.jpg,0,0,2,0.979,0,det,det,template,Professor Rowan,,,Professor Rowan,112/130,DP,Diamond & Pearl,Uncommon,1040.0
2196_jpg.rf.bc02923b6e417a35245b4f428a51e73f.jpg#p00#1#3,2196_jpg.rf.bc02923b6e417a35245b4f428a51e73f.jpg,0,1,3,0.978,0,det,det,template,Crustle,001/220,,Crustle,130/86,BLK,Black Bolt,Illustration Rare,1040.0
2197_jpg.rf.dcc01a33a7f7a170247b6b50b6c68379.jpg#p00#3#0,2197_jpg.rf.dcc01a33a7f7a170247b6b50b6c68379.jpg,0,3,0,0.986,0,det,det,template,Squirtle,055/233,,Squirtle,64/100,CG,Crystal Guardians,Common,1040.0
2197_jpg.rf.dcc01a33a7f7a170247b6b50b6c68379.jpg#p00#1#1,2197_jpg.rf.dcc01a33a7f7a170247b6b50b6c68379.jpg,0,1,1,0.987,0,det,det,template,Combusken,,,Combusken,16/108,DEX,Dark Explorers,Uncommon,1040.0
2197_jpg.rf.dcc01a33a7f7a170247b6b50b6c68379.jpg#p00#0#2,2197_jpg.rf.dcc01a33a7f7a170247b6b50b6c68379.jpg,0,0,2,0.987,0,det,det,template,Electivire,020/102,,Electivire,20/102,TM,Triumphant,Rare,1115.0
2197_jpg.rf.dcc01a33a7f7a170247b6b50b6c68379.jpg#p00#2#3,2197_jpg.rf.dcc01a33a7f7a170247b6b50b6c68379.jpg,0,2,3,0.987,0,det,det,template,Applin,017/203,,Applin,17/203,EVS,Evolving Skies,Common,1115.0
2197_jpg.rf.dcc01a33a7f7a170247b6b50b6c68379.jpg#p00#5#4,2197_jpg.rf.dcc01a33a7f7a170247b6b50b6c68379.jpg,0,5,4,0.982,0,det,det,template,Stufful,,,Stufful,111/132,MEG,Mega Evolution,Common,1040.0
2197_jpg.rf.dcc01a33a7f7a170247b6b50b6c68379.jpg#p00#4#5,2197_jpg.rf.dcc01a33a7f7a170247b6b50b6c68379.jpg,0,4,5,0.984,0,det,det,det,MimikyueX,069/159,LIGO,Mimikyu ex,69/159,JTG,Journey Together,Double Rare,1115.0
2198_jpg.rf.26fa70bd8748272a9a5f28c0095f1b7d.jpg#p00#1#0,2198_jpg.rf.26fa70bd8748272a9a5f28c0095f1b7d.jpg,0,1,0,0.984,0,det,det,template,Hisuian Basculin,041/109,,Hisuian Basculin,43/189,ASR,Astral Radiance,Common,1055.0
2198_jpg.rf.26fa70bd8748272a9a5f28c0095f1b7d.jpg#p00#5#1,2198_jpg.rf.26fa70bd8748272a9a5f28c0095f1b7d.jpg,0,5,1,0.978,0,det,det,template,Celesteela,100/168,,Celesteela,100/168,CES,Celestial Storm,Rare Holo,1115.0
2198_jpg.rf.26fa70bd8748272a9a5f28c0095f1b7d.jpg#p00#4#2,2198_jpg.rf.26fa70bd8748272a9a5f28c0095f1b7d.jpg,0,4,2,0.979,0,det,det,det,Golbat,050/46,RD,Golbat,50/123,MT,Mysterious Treasures,Uncommon,1090.0
2198_jpg.rf.26fa70bd8748272a9a5f28c0095f1b7d.jpg#p00#3#3,2198_jpg.rf.26fa70bd8748272a9a5f28c0095f1b7d.jpg,0,3,3,0.981,0,det,det,template,Doduo,030/102,,Doduo,48/102,BS,Base Set,Common,1065.0
2198_jpg.rf.26fa70bd8748272a9a5f28c0095f1b7d.jpg#p00#2#4,2198_jpg.rf.26fa70bd8748272a9a5f28c0095f1b7d.jpg,0,2,4,0.982,0,det,det,det,Artazon,076/91,,Artazon,76/91,PAF,Paldean Fates,Uncommon,1115.0
2198_jpg.rf.26fa70bd8748272a9a5f28c0095f1b7d.jpg#p00#0#5,2198_jpg.rf.26fa70bd8748272a9a5f28c0095f1b7d.jpg,0,0,5,0.988,0,det,template,template,Armaldo ex,,,Armaldo ex,84/92,LM,Legend Maker,Rare Holo EX,1040.0
2199_jpg.rf.fcec0d50db4ad507fd676f6cd3367072.jpg#p00#4#0,2199_jpg.rf.fcec0d50db4ad507fd676f6cd3367072.jpg,0,4,0,0.978,0,det,det,template,Scyther,002/149,,Scyther,7/149,BCR,Boundaries Crossed,Common,1065.0
2199_jpg.rf.fcec0d50db4ad507fd676f6cd3367072.jpg#p00#5#1,2199_jpg.rf.fcec0d50db4ad507fd676f6cd3367072.jpg,0,5,1,0.971,0,det,det,template,MCharizard,131/100,,Charizard δ,4/100,CG,Crystal Guardians,Rare Holo,1025.0
2199_jpg.rf.fcec0d50db4ad507fd676f6cd3367072.jpg#p00#0#2,2199_jpg.rf.fcec0d50db4ad507fd676f6cd3367072.jpg,0,0,2,0.985,0,det,det,det,Vanillish,044/182,2D,Vanillish,44/182,PAR,Paradox Rift,Common,1115.0
2199_jpg.rf.fcec0d50db4ad507fd676f6cd3367072.jpg#p00#2#3,2199_jpg.rf.fcec0d50db4ad507fd676f6cd3367072.jpg,0,2,3,0.98,0,det,det,det,Toedscruel,026/198,SVID,Toedscruel,26/198,SVI,Scarlet & Violet,Uncommon,1115.0
2199_jpg.rf.fcec0d50db4ad507fd676f6cd3367072.jpg#p00#1#4,2199_jpg.rf.fcec0d50db4ad507fd676f6cd3367072.jpg,0,1,4,0.983,0,det,det,template,Cinccino,088/124,,Cinccino,88/124,FCO,Fates Collide,Uncommon,1115.0
2199_jpg.rf.fcec0d50db4ad507fd676f6cd3367072.jpg#p00#3#5,2199_jpg.rf.fcec0d50db4ad507fd676f6cd3367072.jpg,0,3,5,0.98,0,det,det,template,Houndour,053/90,,Houndour,53/90,UD,Undaunted,Common,1115.0
2200_jpg.rf.8aa6af7f81b18ed402444f0ffe99910e.jpg#p00#2#0,2200_jpg.rf.8aa6af7f81b18ed402444f0ffe99910e.jpg,0,2,0,0.975,0,det,det,template,Girafarig,,,Girafarig,49/123,MT,Mysterious Treasures,Uncommon,1040.0
2200_jpg.rf.8aa6af7f81b18ed402444f0ffe99910e.jpg#p00#1#1,2200_jpg.rf.8aa6af7f81b18ed402444f0ffe99910e.jpg,0,1,1,0.975,180,det,det,template,Simisage,008/264,,Simisage,8/264,FST,Fusion Strike,Uncommon,1115.0
2200_jpg.rf.8aa6af7f81b18ed402444f0ffe99910e.jpg#p00#3#2,2200_jpg.rf.8aa6af7f81b18ed402444f0ffe99910e.jpg,0,3,2,0.971,180,det,det,template,Cheren's Care,,,Cheren's Care,134/172,BRS,Brilliant Stars,Uncommon,1040.0
2200_jpg.rf.8aa6af7f81b18ed402444f0ffe99910e.jpg#p00#4#3,2200_jpg.rf.8aa6af7f81b18ed402444f0ffe99910e.jpg,0,4,3,0.971,0,det,det,template,Flareon,,,Flareon,3/64,JU,Jungle,Rare Holo,1040.0
2200_jpg.rf.8aa6af7f81b18ed402444f0ffe99910e.jpg#p00#0#4,2200_jpg.rf.8aa6af7f81b18ed402444f0ffe99910e.jpg,0,0,4,0.978,180,det,det,template,Glameowu12,,,Glameow,65/100,MD,Majestic Dawn,Common,1000.0
2201_jpg.rf.947a29bd8deb44407b7dd466414322ce.jpg#p00#7#0,2201_jpg.rf.947a29bd8deb44407b7dd466414322ce.jpg,0,7,0,0.981,0,det,det,det,Toxel,140/91,,Toxel,140/91,PAF,Paldean Fates,Shiny Rare,1115.0
2201_jpg.rf.947a29bd8deb44407b7dd466414322ce.jpg#p00#6#1,2201_jpg.rf.947a29bd8deb44407b7dd466414322ce.jpg,0,6,1,0.981,0,det,det,det,Torchic,022/159,TIGM,Torchic,22/159,JTG,Journey Together,Common,1115.0
2201_jpg.rf.947a29bd8deb44407b7dd466414322ce.jpg#p00#4#2,2201_jpg.rf.947a29bd8deb44407b7dd466414322ce.jpg,0,4,2,0.981,0,det,template,template,Bastiodon l w.41,,,Bastiodon,1/17,P6,POP Series 6,Rare,1000.0
2201_jpg.rf.947a29bd8deb44407b7dd466414322ce.jpg#p00#5#3,2201_jpg.rf.947a29bd8deb44407b7dd466414322ce.jpg,0,5,3,0.981,0,det,det,template,Light Piloswine,026/105,,Light Piloswine,26/105,N4,Neo Destiny,Rare,1115.0
2201_jpg.rf.947a29bd8deb44407b7dd466414322ce.jpg#p00#1#4,2201_jpg.rf.947a29bd8deb44407b7dd466414322ce.jpg,0,1,4,0.984,0,det,det,template,Wingull,,,Wingull,95/106,GE,Great Encounters,Common,1040.0
2201_jpg.rf.947a29bd8deb44407b7dd466414322ce.jpg#p00#0#5,2201_jpg.rf.947a29bd8deb44407b7dd466414322ce.jpg,0,0,5,0.989,0,det,det,template,Snorlax,030/130,,Snorlax,30/130,B2,Base Set 2,Rare,1115.0
2201_jpg.rf.947a29bd8deb44407b7dd466414322ce.jpg#p00#8#6,2201_jpg.rf.947a29bd8deb44407b7dd466414322ce.jpg,0,8,6,0.981,0,det,det,template,OmastarV,178/395,,Omastar V,35/195,SIT,Silver Tempest,Rare Holo V,1040.0
2201_jpg.rf.947a29bd8deb44407b7dd466414322ce.jpg#p00#3#7,2201_jpg.rf.947a29bd8deb44407b7dd466414322ce.jpg,0,3,7,0.982,0,det,det,template,Tynamo,062/160,,Tynamo,62/160,PRC,Primal Clash,Common,1115.0
2201_jpg.rf.947a29bd8deb44407b7dd466414322ce.jpg#p00#2#8,2201_jpg.rf.947a29bd8deb44407b7dd466414322ce.jpg,0,2,8,0.984,0,det,det,template,Zacian,082/185,,Zacian,82/185,VIV,Vivid Voltage,Amazing Rare,1115.0
2202_jpg.rf.a34ac5735a5e9138d8f4a797f23d156e.jpg#p00#0#0,2202_jpg.rf.a34ac5735a5e9138d8f4a797f23d156e.jpg,0,0,0,0.985,180,det,det,template,Kangaskhan,075/124,,Kangaskhan,75/124,FCO,Fates Collide,Uncommon,1115.0
2202_jpg.rf.a34ac5735a5e9138d8f4a797f23d156e.jpg#p00#3#1,2202_jpg.rf.a34ac5735a5e9138d8f4a797f23d156e.jpg,0,3,1,0.974,180,det,det,template,Yanma,,,Yanma,4/124,DRX,Dragons Exalted,Common,1040.0
2202_jpg.rf.a34ac5735a5e9138d8f4a797f23d156e.jpg#p00#2#2,2202_jpg.rf.a34ac5735a5e9138d8f4a797f23d156e.jpg,0,2,2,0.98,0,det,det,template,Muk,063/131,,Muk,63/181,TEU,Team Up,Rare,1090.0
2202_jpg.rf.a34ac5735a5e9138d8f4a797f23d156e.jpg#p00#1#3,2202_jpg.rf.a34ac5735a5e9138d8f4a797f23d156e.jpg,0,1,3,0.985,0,det,det,template,Caterpie,,,Caterpie,68/130,B2,Base Set 2,Common,1040.0
2202_jpg.rf.a34ac5735a5e9138d8f4a797f23d156e.jpg#p00#4#4,2202_jpg.rf.a34ac5735a5e9138d8f4a797f23d156e.jpg,0,4,4,0.974,0,det,det,det,Arboliva,021/197,ORF,Arboliva,21/197,OBF,Obsidian Flames,Uncommon,1115.0
2203_jpg.rf.b84927a08eb6f85588b12473e00c3623.jpg#p00#0#0,2203_jpg.rf.b84927a08eb6f85588b12473e00c3623.jpg,0,0,0,0.984,0,det,det,det,Pikachu,,KA,Pikachu,87/130,B2,Base Set 2,Common,1040.0
2203_jpg.rf.b84927a08eb6f85588b12473e00c3623.jpg#p00#4#1,2203_jpg.rf.b84927a08eb6f85588b12473e00c3623.jpg,0,4,1,0.978,0,det,det,template,KinglerV,028/172,,Kingler V,28/172,BRS,Brilliant Stars,Rare Holo V,1115.0
2203_jpg.rf.b84927a08eb6f85588b12473e00c3623.jpg#p00#3#2,2203_jpg.rf.b84927a08eb6f85588b12473e00c3623.jpg,0,3,2,0.979,0,det,det,template,Magikarp,,,Magikarp,50/130,B2,Base Set 2,Uncommon,1040.0
2203_jpg.rf.b84927a08eb6f85588b12473e00c3623.jpg#p00#1#3,2203_jpg.rf.b84927a08eb6f85588b12473e00c3623.jpg,0,1,3,0.983,0,det,det,template,Pikachu,,,Pikachu,87/130,B2,Base Set 2,Common,1040.0
2203_jpg.rf.b84927a08eb6f85588b12473e00c3623.jpg#p00#2#4,2203_jpg.rf.b84927a08eb6f85588b12473e00c3623.jpg,0,2,4,0.982,0,template,template,template,M,,,Muk,13/62,FO,Fossil,Rare Holo,900.0
2204_jpg.rf.f5193dd0c39b1d43b4b041c9110b2b75.jpg#p00#3#0,2204_jpg.rf.f5193dd0c39b1d43b4b041c9110b2b75.jpg,0,3,0,0.979,180,det,template,template,Energy Switch,,,Energy Switch,94/114,BLW,Black & White,Uncommon,1040.0
2204_jpg.rf.f5193dd0c39b1d43b4b041c9110b2b75.jpg#p00#2#1,2204_jpg.rf.f5193dd0c39b1d43b4b041c9110b2b75.jpg,0,2,1,0.981,180,det,det,template,Celesteela,,,Celesteela,100/168,CES,Celestial Storm,Rare Holo,1040.0
2204_jpg.rf.f5193dd0c39b1d43b4b041c9110b2b75.jpg#p00#5#2,2204_jpg.rf.f5193dd0c39b1d43b4b041c9110b2b75.jpg,0,5,2,0.974,0,det,det,template,Reshiram,,,Reshiram,26/114,BLW,Black & White,Rare Holo,1040.0
2204_jpg.rf.f5193dd0c39b1d43b4b041c9110b2b75.jpg#p00#6#3,2204_jpg.rf.f5193dd0c39b1d43b4b041c9110b2b75.jpg,0,6,3,0.969,180,det,det,template,Togetic,,,Togetic,55/106,GE,Great Encounters,Uncommon,1040.0
2204_jpg.rf.f5193dd0c39b1d43b4b041c9110b2b75.jpg#p00#0#4,2204_jpg.rf.f5193dd0c39b1d43b4b041c9110b2b75.jpg,0,0,4,0.982,0,det,det,det,Electric Generator,170/198,,Electric Generator,170/198,SVI,Scarlet & Violet,Uncommon,1115.0
2204_jpg.rf.f5193dd0c39b1d43b4b041c9110b2b75.jpg#p00#1#5,2204_jpg.rf.f5193dd0c39b1d43b4b041c9110b2b75.jpg,0,1,5,0.981,0,det,det,template,Ekans,,,Ekans,46/62,FO,Fossil,Common,1040.0
2204_jpg.rf.f5193dd0c39b1d43b4b041c9110b2b75.jpg#p00#4#6,2204_jpg.rf.f5193dd0c39b1d43b4b041c9110b2b75.jpg,0,4,6,0.977,0,det,det,det,Audino,010/152,,Audino,12/12,MCD11,McDonald's Collection 2011,nan,1055.0
2205_jpg.rf.249318e8fe55c348b28e22babba70a9e.jpg#p00#0#0,2205_jpg.rf.249318e8fe55c348b28e22babba70a9e.jpg,0,0,0,0.983,180,det,det,template,Lickitung,152/24,,Lickitung,152/214,UNB,Unbroken Bonds,Common,1090.0
2205_jpg.rf.249318e8fe55c348b28e22babba70a9e.jpg#p00#2#1,2205_jpg.rf.249318e8fe55c348b28e22babba70a9e.jpg,0,2,1,0.978,0,det,template,template,UmbreonGX,,,Umbreon-GX,80/149,SUM,Sun & Moon,Rare Holo GX,1040.0
2205_jpg.rf.249318e8fe55c348b28e22babba70a9e.jpg#p00#6#2,2205_jpg.rf.249318e8fe55c348b28e22babba70a9e.jpg,0,6,2,0.951,0,det,det,template,Togetic,,,Togetic,55/106,GE,Great Encounters,Uncommon,1040.0
2205_jpg.rf.249318e8fe55c348b28e22babba70a9e.jpg#p00#5#3,2205_jpg.rf.249318e8fe55c348b28e22babba70a9e.jpg,0,5,3,0.971,180,det,det,template,Skarmory,,,Skarmory,95/149,BCR,Boundaries Crossed,Uncommon,1040.0
2205_jpg.rf.249318e8fe55c348b28e22babba70a9e.jpg#p00#4#4,2205_jpg.rf.249318e8fe55c348b28e22babba70a9e.jpg,0,4,4,0.973,180,det,det,template,Empoleon,056/216,,Empoleon,56/236,CEC,Cosmic Eclipse,Rare,1090.0
2205_jpg.rf.249318e8fe55c348b28e22babba70a9e.jpg#p00#1#5,2205_jpg.rf.249318e8fe55c348b28e22babba70a9e.jpg,0,1,5,0.979,0,det,det,template,Electromagnetic Radar,015/324,,Electromagnetic Radar,230/214,UNB,Unbroken Bonds,Rare Secret,1040.0
2205_jpg.rf.249318e8fe55c348b28e22babba70a9e.jpg#p00#3#6,2205_jpg.rf.249318e8fe55c348b28e22babba70a9e.jpg,0,3,6,0.976,180,det,det,det,Maushold,125/128,,Maushold,168/193,PAL,Paldea Evolved,Uncommon,1040.0
2206_jpg.rf.cc6152b852d8b3e88742cf6728e6f831.jpg#p00#3#0,2206_jpg.rf.cc6152b852d8b3e88742cf6728e6f831.jpg,0,3,0,0.981,0,det,det,template,Klang,,,Klang,75/114,BLW,Black & White,Uncommon,1040.0
2206_jpg.rf.cc6152b852d8b3e88742cf6728e6f831.jpg#p00#2#1,2206_jpg.rf.cc6152b852d8b3e88742cf6728e6f831.jpg,0,2,1,0.982,0,det,det,template,ligglypuff,034/164,,Wigglytuff,34/144,SK,Skyridge,Rare,1050.0
2206_jpg.rf.cc6152b852d8b3e88742cf6728e6f831.jpg#p00#5#2,2206_jpg.rf.cc6152b852d8b3e88742cf6728e6f831.jpg,0,5,2,0.98,0,det,det,det,Weezing,092/159,UGM,Weezing,92/159,JTG,Journey Together,Uncommon,1115.0
2206_jpg.rf.cc6152b852d8b3e88742cf6728e6f831.jpg#p00#4#3,2206_jpg.rf.cc6152b852d8b3e88742cf6728e6f831.jpg,0,4,3,0.98,0,det,det,template,Eelektross,065/236,,Eelektross,65/160,PRC,Primal Clash,Rare Holo,1090.0
2206_jpg.rf.cc6152b852d8b3e88742cf6728e6f831.jpg#p00#1#4,2206_jpg.rf.cc6152b852d8b3e88742cf6728e6f831.jpg,0,1,4,0.986,0,det,det,template,Tangrowth,002/113,,Tangrowth,2/113,LTR,Legendary Treasures,Rare,1115.0
2206_jpg.rf.cc6152b852d8b3e88742cf6728e6f831.jpg#p00#0#5,2206_jpg.rf.cc6152b852d8b3e88742cf6728e6f831.jpg,0,0,5,0.989,0,det,det,template,Dratini,,,Dratini,38/130,B2,Base Set 2,Uncommon,1040.0
2207_jpg.rf.55ce4f41f837bb08ba33275ac379999f.jpg#p00#1#0,2207_jpg.rf.55ce4f41f837bb08ba33275ac379999f.jpg,0,1,0,0.98,0,det,det,det,Toxtricity,059/128,SKM,Toxtricity,68/94,PFL,Phantasmal Flames,Rare,1040.0
2207_jpg.rf.55ce4f41f837bb08ba33275ac379999f.jpg#p00#4#1,2207_jpg.rf.55ce4f41f837bb08ba33275ac379999f.jpg,0,4,1,0.977,0,det,det,template,Joltik,,,Joltik,44/114,BLW,Black & White,Common,1040.0
2207_jpg.rf.55ce4f41f837bb08ba33275ac379999f.jpg#p00#2#2,2207_jpg.rf.55ce4f41f837bb08ba33275ac379999f.jpg,0,2,2,0.979,0,det,det,template,OmastarV,,,Omastar V,174/195,SIT,Silver Tempest,Rare Ultra,1040.0
2207_jpg.rf.55ce4f41f837bb08ba33275ac379999f.jpg#p00#5#3,2207_jpg.rf.55ce4f41f837bb08ba33275ac379999f.jpg,0,5,3,0.976,0,det,det,template,Victini,024/113,,Victini,23/113,LTR,Legendary Treasures,Rare Holo,1080.0
2207_jpg.rf.55ce4f41f837bb08ba33275ac379999f.jpg#p00#3#4,2207_jpg.rf.55ce4f41f837bb08ba33275ac379999f.jpg,0,3,4,0.977,0,det,det,template,Celebi,,,Celebi,50/53,WBP,Wizards Black Star Promos,Promo,1040.0
2207_jpg.rf.55ce4f41f837bb08ba33275ac379999f.jpg#p00#0#5,2207_jpg.rf.55ce4f41f837bb08ba33275ac379999f.jpg,0,0,5,0.981,0,det,det,det,Walking Wake3,,,Walking Wake ex,178/131,PRE,Prismatic Evolutions,Hyper Rare,1000.0
2208_jpg.rf.a9064cd137613884c8404a11e0291efc.jpg#p00#2#0,2208_jpg.rf.a9064cd137613884c8404a11e0291efc.jpg,0,2,0,0.986,0,det,det,template,Magnemite,,,Magnemite,79/130,B2,Base Set 2,Common,1040.0
2208_jpg.rf.a9064cd137613884c8404a11e0291efc.jpg#p00#5#1,2208_jpg.rf.a9064cd137613884c8404a11e0291efc.jpg,0,5,1,0.983,0,det,det,det,Basic Energy,258/198,SVIEN,Basic Fighting Energy,258/198,SVI,Scarlet & Violet,Hyper Rare,1075.0
2208_jpg.rf.a9064cd137613884c8404a11e0291efc.jpg#p00#3#2,2208_jpg.rf.a9064cd137613884c8404a11e0291efc.jpg,0,3,2,0.985,0,det,det,template,Giratinaw.59,211/127,,Giratina VSTAR,212/196,LOR,Lost Origin,Rare Secret,681.6666870117188
2208_jpg.rf.a9064cd137613884c8404a11e0291efc.jpg#p00#1#3,2208_jpg.rf.a9064cd137613884c8404a11e0291efc.jpg,0,1,3,0.986,0,det,det,template,Aggron Spirit Link,123/160,,Aggron Spirit Link,123/160,PRC,Primal Clash,Uncommon,1115.0
2208_jpg.rf.a9064cd137613884c8404a11e0291efc.jpg#p00#6#4,2208_jpg.rf.a9064cd137613884c8404a11e0291efc.jpg,0,6,4,0.982,0,det,det,template,Mew,071/23,,Mewtwo & Mew-GX,71/236,UNM,Unified Minds,Rare Holo GX,1050.0
2208_jpg.rf.a9064cd137613884c8404a11e0291efc.jpg#p00#7#5,2208_jpg.rf.a9064cd137613884c8404a11e0291efc.jpg,0,7,5,0.981,0,det,det,det,Toxicroak,079/132,MEGN,Toxicroak,79/132,MEG,Mega Evolution,Common,1115.0
2208_jpg.rf.a9064cd137613884c8404a11e0291efc.jpg#p00#8#6,2208_jpg.rf.a9064cd137613884c8404a11e0291efc.jpg,0,8,6,0.98,0,det,det,template,Weezing,,,Weezing,45/62,FO,Fossil,Uncommon,1040.0
2208_jpg.rf.a9064cd137613884c8404a11e0291efc.jpg#p00#0#7,2208_jpg.rf.a9064cd137613884c8404a11e0291efc.jpg,0,0,7,0.987,0,det,det,template,jigglypuff,,,Jigglypuff,77/130,B2,Base Set 2,Common,1040.0
2208_jpg.rf.a9064cd137613884c8404a11e0291efc.jpg#p00#4#8,2208_jpg.rf.a9064cd137613884c8404a11e0291efc.jpg,0,4,8,0.983,0,det,det,template,Entei,,,Entei,34/53,WBP,Wizards Black Star Promos,Promo,1040.0
2209_jpg.rf.038259a5abdc87213bc4fe417e43520a.jpg#p00#2#0,2209_jpg.rf.038259a5abdc87213bc4fe417e43520a.jpg,0,2,0,0.981,0,det,det,det,TerapagoseX,,SCRM,Terapagos ex,179/217,ASC,Ascended Heroes,Double Rare,1040.0
2209_jpg.rf.038259a5abdc87213bc4fe417e43520a.jpg#p00#1#1,2209_jpg.rf.038259a5abdc87213bc4fe417e43520a.jpg,0,1,1,0.982,0,det,det,template,Hypno,051/122,,Hypno,51/122,BKP,BREAKpoint,Rare,1115.0
2209_jpg.rf.038259a5abdc87213bc4fe417e43520a.jpg#p00#3#2,2209_jpg.rf.038259a5abdc87213bc4fe417e43520a.jpg,0,3,2,0.98,0,det,det,template,Dunsparce,101/146,,Dunsparce,101/146,XY,XY,Uncommon,1115.0
2209_jpg.rf.038259a5abdc87213bc4fe417e43520a.jpg#p00#0#3,2209_jpg.rf.038259a5abdc87213bc4fe417e43520a.jpg,0,0,3,0.986,0,det,det,template,Celesteela,,,Celesteela,100/168,CES,Celestial Storm,Rare Holo,1040.0
2210_jpg.rf.6382b1270ff70e03a06b10090da0c54c.jpg#p00#0#0,2210_jpg.rf.6382b1270ff70e03a06b10090da0c54c.jpg,0,0,0,0.981,0,det,det,template,Sharpedo ex,104/107,,Sharpedo ex,104/107,DX,Deoxys,Rare Holo EX,1115.0
2210_jpg.rf.6382b1270ff70e03a06b10090da0c54c.jpg#p00#3#1,2210_jpg.rf.6382b1270ff70e03a06b10090da0c54c.jpg,0,3,1,0.972,180,det,template,template,Miracle Sphere,,,Miracle Sphere α,129/144,SK,Skyridge,Uncommon,1040.0
2210_jpg.rf.6382b1270ff70e03a06b10090da0c54c.jpg#p00#4#2,2210_jpg.rf.6382b1270ff70e03a06b10090da0c54c.jpg,0,4,2,0.937,0,det,det,template,Lycanroc,076/131,,Lycanroc,76/131,FLI,Forbidden Light,Rare,1115.0
2210_jpg.rf.6382b1270ff70e03a06b10090da0c54c.jpg#p00#1#3,2210_jpg.rf.6382b1270ff70e03a06b10090da0c54c.jpg,0,1,3,0.973,0,det,det,template,Growlithe,032/264,,Growlithe,32/264,FST,Fusion Strike,Common,1115.0
2210_jpg.rf.6382b1270ff70e03a06b10090da0c54c.jpg#p00#2#4,2210_jpg.rf.6382b1270ff70e03a06b10090da0c54c.jpg,0,2,4,0.973,0,det,det,template,Bellsprout,,,Bellsprout,66/130,B2,Base Set 2,Common,1040.0
2211_jpg.rf.bcfc0a5c2c9bf45a00c9b1e17d5002f8.jpg#p00#2#0,2211_jpg.rf.bcfc0a5c2c9bf45a00c9b1e17d5002f8.jpg,0,2,0,0.975,0,det,det,template,MCharizard,137/106,,M Charizard-EX,107/106,FLF,Flashfire,Rare Secret,1025.0
2211_jpg.rf.bcfc0a5c2c9bf45a00c9b1e17d5002f8.jpg#p00#0#1,2211_jpg.rf.bcfc0a5c2c9bf45a00c9b1e17d5002f8.jpg,0,0,1,0.985,0,det,det,template,ENERGY,108/114,,Lightning Energy,108/114,BLW,Black & White,Common,1075.0
2211_jpg.rf.bcfc0a5c2c9bf45a00c9b1e17d5002f8.jpg#p00#1#2,2211_jpg.rf.bcfc0a5c2c9bf45a00c9b1e17d5002f8.jpg,0,1,2,0.983,0,det,template,template,Bronzong,,,Bronzong,76/99,NXD,Next Destinies,Rare,1040.0
2212_jpg.rf.3d182090f06fb7df2ffd15565c0d6809.jpg#p00#2#0,2212_jpg.rf.3d182090f06fb7df2ffd15565c0d6809.jpg,0,2,0,0.974,180,det,det,template,Sableye,020/302,,Sableye,22/108,PK,Power Keepers,Rare,1055.0
2212_jpg.rf.3d182090f06fb7df2ffd15565c0d6809.jpg#p00#6#1,2212_jpg.rf.3d182090f06fb7df2ffd15565c0d6809.jpg,0,6,1,0.939,0,det,det,template,Buizel,,,Buizel,32/124,DRX,Dragons Exalted,Common,1040.0
2212_jpg.rf.3d182090f06fb7df2ffd15565c0d6809.jpg#p00#3#2,2212_jpg.rf.3d182090f06fb7df2ffd15565c0d6809.jpg,0,3,2,0.973,0,det,det,det,Cobalion,103/63,,Cobalion,BW72/101,BWP,BW Black Star Promos,Promo,1040.0
2212_jpg.rf.3d182090f06fb7df2ffd15565c0d6809.jpg#p00#5#3,2212_jpg.rf.3d182090f06fb7df2ffd15565c0d6809.jpg,0,5,3,0.968,0,det,det,template,Machop,,,Machop,78/130,B2,Base Set 2,Common,1040.0
2212_jpg.rf.3d182090f06fb7df2ffd15565c0d6809.jpg#p00#1#4,2212_jpg.rf.3d182090f06fb7df2ffd15565c0d6809.jpg,0,1,4,0.976,180,det,det,template,Girafarig,314/103,,Girafarig,49/123,MT,Mysterious Treasures,Uncommon,1040.0
2212_jpg.rf.3d182090f06fb7df2ffd15565c0d6809.jpg#p00#4#5,2212_jpg.rf.3d182090f06fb7df2ffd15565c0d6809.jpg,0,4,5,0.972,180,det,det,det,Ultra Ball,196/198,,Ultra Ball,196/198,SVI,Scarlet & Violet,Uncommon,1115.0
2212_jpg.rf.3d182090f06fb7df2ffd15565c0d6809.jpg#p00#0#6,2212_jpg.rf.3d182090f06fb7df2ffd15565c0d6809.jpg,0,0,6,0.984,0,det,det,template,Lucario,012/213,,Lucario,12/16,RM,Pokémon Rumble,nan,1090.0
2213_jpg.rf.e12d86299e567ccccc193fdd922a48af.jpg#p00#3#0,2213_jpg.rf.e12d86299e567ccccc193fdd922a48af.jpg,0,3,0,0.948,0,det,det,template,Machop,,,Machop,78/130,B2,Base Set 2,Common,1040.0
2213_jpg.rf.e12d86299e567ccccc193fdd922a48af.jpg#p00#0#1,2213_jpg.rf.e12d86299e567ccccc193fdd922a48af.jpg,0,0,1,0.98,0,det,det,det,Dawn,007/94,,Dawn,129/94,PFL,Phantasmal Flames,Special Illustration Rare,1065.0
2213_jpg.rf.e12d86299e567ccccc193fdd922a48af.jpg#p00#1#2,2213_jpg.rf.e12d86299e567ccccc193fdd922a48af.jpg,0,1,2,0.976,180,det,det,det,Chandelure,,OX,Chandelure,20/99,NXD,Next Destinies,Rare Holo,1040.0
2213_jpg.rf.e12d86299e567ccccc193fdd922a48af.jpg#p00#2#3,2213_jpg.rf.e12d86299e567ccccc193fdd922a48af.jpg,0,2,3,0.975,180,det,det,template,Lucario,111/216,,Lucario,2/17,P6,POP Series 6,Rare,1040.0
2214_jpg.rf.261fc708debd27aecb59fcfe52704fbb.jpg#p00#8#0,2214_jpg.rf.261fc708debd27aecb59fcfe52704fbb.jpg,0,8,0,0.982,0,det,det,template,UnownSTAR,066/195,,Unown VSTAR,66/195,SIT,Silver Tempest,Rare Holo VSTAR,1075.0
2214_jpg.rf.261fc708debd27aecb59fcfe52704fbb.jpg#p00#5#1,2214_jpg.rf.261fc708debd27aecb59fcfe52704fbb.jpg,0,5,1,0.986,0,det,det,template,Shroomish,004/264,,Shroomish,4/264,FST,Fusion Strike,Common,1115.0
2214_jpg.rf.261fc708debd27aecb59fcfe52704fbb.jpg#p00#7#2,2214_jpg.rf.261fc708debd27aecb59fcfe52704fbb.jpg,0,7,2,0.983,0,det,det,det,Iron Treads,066/91,PAEN,Iron Treads ex,66/91,PAF,Paldean Fates,Double Rare,1075.0
2214_jpg.rf.261fc708debd27aecb59fcfe52704fbb.jpg#p00#6#3,2214_jpg.rf.261fc708debd27aecb59fcfe52704fbb.jpg,0,6,3,0.986,0,det,det,template,TEAN MAGNAS Mightyena,019/34,,Team Magma's Mightyena,19/34,DCR,Double Crisis,Common,1075.0
2214_jpg.rf.261fc708debd27aecb59fcfe52704fbb.jpg#p00#2#4,2214_jpg.rf.261fc708debd27aecb59fcfe52704fbb.jpg,0,2,4,0.987,0,det,det,template,Staraptor,127/162,,Staraptor,127/162,BKT,BREAKthrough,Rare,1115.0
2214_jpg.rf.261fc708debd27aecb59fcfe52704fbb.jpg#p00#1#5,2214_jpg.rf.261fc708debd27aecb59fcfe52704fbb.jpg,0,1,5,0.987,0,det,det,template,Leafeon.42,,,Leafeon,BW87/101,BWP,BW Black Star Promos,Promo,1000.0
2214_jpg.rf.261fc708debd27aecb59fcfe52704fbb.jpg#p00#0#6,2214_jpg.rf.261fc708debd27aecb59fcfe52704fbb.jpg,0,0,6,0.987,0,det,det,template,FlappleVMAX,019/163,,Flapple VMAX,19/163,BST,Battle Styles,Rare Holo VMAX,1115.0
2214_jpg.rf.261fc708debd27aecb59fcfe52704fbb.jpg#p00#3#7,2214_jpg.rf.261fc708debd27aecb59fcfe52704fbb.jpg,0,3,7,0.987,0,det,det,template,Porygon-Z,,,Porygon-Z,BW84/101,BWP,BW Black Star Promos,Promo,1040.0
2214_jpg.rf.261fc708debd27aecb59fcfe52704fbb.jpg#p00#4#8,2214_jpg.rf.261fc708debd27aecb59fcfe52704fbb.jpg,0,4,8,0.987,0,det,det,det,Tsareena,018/197,08F,Tsareena,18/197,OBF,Obsidian Flames,Uncommon,1115.0
2215_jpg.rf.7390a9749feaa13f07d45dc4556798fc.jpg#p00#4#0,2215_jpg.rf.7390a9749feaa13f07d45dc4556798fc.jpg,0,4,0,0.982,0,det,det,template,ENERGY,108/114,,Lightning Energy,108/114,BLW,Black & White,Common,1075.0
2215_jpg.rf.7390a9749feaa13f07d45dc4556798fc.jpg#p00#1#1,2215_jpg.rf.7390a9749feaa13f07d45dc4556798fc.jpg,0,1,1,0.986,0,det,det,template,Octilleryw32,,,Octillery,57/123,MT,Mysterious Treasures,Uncommon,1000.0
2215_jpg.rf.7390a9749feaa13f07d45dc4556798fc.jpg#p00#2#2,2215_jpg.rf.7390a9749feaa13f07d45dc4556798fc.jpg,0,2,2,0.986,0,det,det,det,Dratini,177/165,,Dratini,107/165,EX,Expedition Base Set,Common,1065.0
2215_jpg.rf.7390a9749feaa13f07d45dc4556798fc.jpg#p00#3#3,2215_jpg.rf.7390a9749feaa13f07d45dc4556798fc.jpg,0,3,3,0.984,0,det,det,template,Eevee.12,063/100,,Eevee,63/100,SS,Sandstorm,Common,1075.0
2215_jpg.rf.7390a9749feaa13f07d45dc4556798fc.jpg#p00#5#4,2215_jpg.rf.7390a9749feaa13f07d45dc4556798fc.jpg,0,5,4,0.979,0,det,det,det,Artazon,076/91,PAFN,Artazon,76/91,PAF,Paldean Fates,Uncommon,1115.0
2215_jpg.rf.7390a9749feaa13f07d45dc4556798fc.jpg#p00#0#5,2215_jpg.rf.7390a9749feaa13f07d45dc4556798fc.jpg,0,0,5,0.988,0,det,template,template,Claw Fossil HP 40,000/200,,Claydol,2/101,HL,Hidden Legends,Rare Holo,491.19049072265625
2216_jpg.rf.e12bd6b8eb4b6b2afa1f8f85db9a7f4c.jpg#p00#1#0,2216_jpg.rf.e12bd6b8eb4b6b2afa1f8f85db9a7f4c.jpg,0,1,0,0.983,0,det,det,template,Exeggcute,074/130,,Exeggcute,74/130,B2,Base Set 2,Common,1115.0
2216_jpg.rf.e12bd6b8eb4b6b2afa1f8f85db9a7f4c.jpg#p00#0#1,2216_jpg.rf.e12bd6b8eb4b6b2afa1f8f85db9a7f4c.jpg,0,0,1,0.984,0,det,det,det,Maushold,123/120,3XG,Maushold,168/193,PAL,Paldea Evolved,Uncommon,1040.0
2216_jpg.rf.e12bd6b8eb4b6b2afa1f8f85db9a7f4c.jpg#p00#2#2,2216_jpg.rf.e12bd6b8eb4b6b2afa1f8f85db9a7f4c.jpg,0,2,2,0.983,0,det,det,template,VileplumeX,,,Vileplume,15/64,JU,Jungle,Rare Holo,1000.0
2217_jpg.rf.7e69aa561a2170f2aaa0cb89afa64c36.jpg#p00#5#0,2217_jpg.rf.7e69aa561a2170f2aaa0cb89afa64c36.jpg,0,5,0,0.986,0,det,det,template,Gastly,033/62,,Gastly,33/62,FO,Fossil,Uncommon,1115.0
2217_jpg.rf.7e69aa561a2170f2aaa0cb89afa64c36.jpg#p00#3#1,2217_jpg.rf.7e69aa561a2170f2aaa0cb89afa64c36.jpg,0,3,1,0.987,0,det,det,template,Pokémon Catcher,036/39,,Pokémon Catcher,36/39,KSS,Kalos Starter Set,nan,1115.0
2217_jpg.rf.7e69aa561a2170f2aaa0cb89afa64c36.jpg#p00#0#2,2217_jpg.rf.7e69aa561a2170f2aaa0cb89afa64c36.jpg,0,0,2,0.99,0,det,det,template,Ekans,,,Ekans,46/62,FO,Fossil,Common,1040.0
2217_jpg.rf.7e69aa561a2170f2aaa0cb89afa64c36.jpg#p00#1#3,2217_jpg.rf.7e69aa561a2170f2aaa0cb89afa64c36.jpg,0,1,3,0.989,0,det,det,template,OmastarV,173/195,,Omastar V,174/195,SIT,Silver Tempest,Rare Ultra,1080.0
2217_jpg.rf.7e69aa561a2170f2aaa0cb89afa64c36.jpg#p00#2#4,2217_jpg.rf.7e69aa561a2170f2aaa0cb89afa64c36.jpg,0,2,4,0.989,0,det,det,template,Sharpedo ex,104/107,,Sharpedo ex,104/107,DX,Deoxys,Rare Holo EX,1115.0
2217_jpg.rf.7e69aa561a2170f2aaa0cb89afa64c36.jpg#p00#8#5,2217_jpg.rf.7e69aa561a2170f2aaa0cb89afa64c36.jpg,0,8,5,0.981,0,det,det,det,Ethens Ho-Ohex,230/182,ORM,Ethan's Ho-Oh ex,230/182,DRI,Destined Rivals,Special Illustration Rare,1075.0
2217_jpg.rf.7e69aa561a2170f2aaa0cb89afa64c36.jpg#p00#7#6,2217_jpg.rf.7e69aa561a2170f2aaa0cb89afa64c36.jpg,0,7,6,0.984,0,det,det,template,Black Kyurem,100/149,,Black Kyurem,100/149,BCR,Boundaries Crossed,Rare,1115.0
2217_jpg.rf.7e69aa561a2170f2aaa0cb89afa64c36.jpg#p00#6#7,2217_jpg.rf.7e69aa561a2170f2aaa0cb89afa64c36.jpg,0,6,7,0.985,0,det,det,template,Feebas,200/10,,Feebas,198/191,SSP,Surging Sparks,Illustration Rare,1055.0
2217_jpg.rf.7e69aa561a2170f2aaa0cb89afa64c36.jpg#p00#4#8,2217_jpg.rf.7e69aa561a2170f2aaa0cb89afa64c36.jpg,0,4,8,0.987,0,det,det,template,Xerneas,,,Xerneas,64/132,MEG,Mega Evolution,Rare,1040.0
2218_jpg.rf.43c31c23b4171b72b7080a56bb5e7d79.jpg#p00#3#0,2218_jpg.rf.43c31c23b4171b72b7080a56bb5e7d79.jpg,0,3,0,0.986,0,det,det,det,Koraidon@X,247/198,SVD,Koraidon ex,247/198,SVI,Scarlet & Violet,Special Illustration Rare,1075.0
2218_jpg.rf.43c31c23b4171b72b7080a56bb5e7d79.jpg#p00#4#1,2218_jpg.rf.43c31c23b4171b72b7080a56bb5e7d79.jpg,0,4,1,0.986,0,det,det,det,Zigzagoon,167/197,OBFO,Zigzagoon,167/197,OBF,Obsidian Flames,Common,1115.0
2218_jpg.rf.43c31c23b4171b72b7080a56bb5e7d79.jpg#p00#6#2,2218_jpg.rf.43c31c23b4171b72b7080a56bb5e7d79.jpg,0,6,2,0.984,0,det,det,template,Magikarp,,,Magikarp,50/130,B2,Base Set 2,Uncommon,1040.0
2218_jpg.rf.43c31c23b4171b72b7080a56bb5e7d79.jpg#p00#5#3,2218_jpg.rf.43c31c23b4171b72b7080a56bb5e7d79.jpg,0,5,3,0.986,0,det,det,template,Pikachu,,,Pikachu,87/130,B2,Base Set 2,Common,1040.0
2218_jpg.rf.43c31c23b4171b72b7080a56bb5e7d79.jpg#p00#7#4,2218_jpg.rf.43c31c23b4171b72b7080a56bb5e7d79.jpg,0,7,4,0.982,0,det,det,template,UnownSTAR,066/195,,Unown VSTAR,66/195,SIT,Silver Tempest,Rare Holo VSTAR,1075.0
2218_jpg.rf.43c31c23b4171b72b7080a56bb5e7d79.jpg#p00#8#5,2218_jpg.rf.43c31c23b4171b72b7080a56bb5e7d79.jpg,0,8,5,0.981,0,det,det,det,Armarouge3,218/182,,Armarouge ex,218/182,PAR,Paradox Rift,Ultra Rare,1075.0
2218_jpg.rf.43c31c23b4171b72b7080a56bb5e7d79.jpg#p00#2#6,2218_jpg.rf.43c31c23b4171b72b7080a56bb5e7d79.jpg,0,2,6,0.99,0,det,det,template,Combusken,016/108,,Combusken,16/108,DEX,Dark Explorers,Uncommon,1115.0
2218_jpg.rf.43c31c23b4171b72b7080a56bb5e7d79.jpg#p00#0#7,2218_jpg.rf.43c31c23b4171b72b7080a56bb5e7d79.jpg,0,0,7,0.992,0,det,det,template,Snorlax,030/130,,Snorlax,30/130,B2,Base Set 2,Rare,1115.0
2218_jpg.rf.43c31c23b4171b72b7080a56bb5e7d79.jpg#p00#1#8,2218_jpg.rf.43c31c23b4171b72b7080a56bb5e7d79.jpg,0,1,8,0.991,0,det,det,template,Wigglytuff,019/120,,Wigglytuff,19/130,B2,Base Set 2,Rare Holo,1090.0
2219_jpg.rf.29f10d8649ed88f3b874cbcd5fe1eb0f.jpg#p00#1#0,2219_jpg.rf.29f10d8649ed88f3b874cbcd5fe1eb0f.jpg,0,1,0,0.981,0,det,det,det,Pikachu,,SXC,Pikachu,87/130,B2,Base Set 2,Common,1040.0
2219_jpg.rf.29f10d8649ed88f3b874cbcd5fe1eb0f.jpg#p00#3#1,2219_jpg.rf.29f10d8649ed88f3b874cbcd5fe1eb0f.jpg,0,3,1,0.973,180,det,det,template,Celebi,,,Celebi,50/53,WBP,Wizards Black Star Promos,Promo,1040.0
2219_jpg.rf.29f10d8649ed88f3b874cbcd5fe1eb0f.jpg#p00#2#2,2219_jpg.rf.29f10d8649ed88f3b874cbcd5fe1eb0f.jpg,0,2,2,0.978,0,det,det,template,ChesnaughtV,,,Chesnaught V,15/195,SIT,Silver Tempest,Rare Holo V,1040.0
2219_jpg.rf.29f10d8649ed88f3b874cbcd5fe1eb0f.jpg#p00#0#3,2219_jpg.rf.29f10d8649ed88f3b874cbcd5fe1eb0f.jpg,0,0,3,0.984,0,det,det,template,Lycanroc,,,Lycanroc,85/159,JTG,Journey Together,Rare,1040.0
2220_jpg.rf.8e09774834c99380eed4937e9e85ef09.jpg#p00#8#0,2220_jpg.rf.8e09774834c99380eed4937e9e85ef09.jpg,0,8,0,0.981,0,det,det,det,Dratini,,,Dratini,38/130,B2,Base Set 2,Uncommon,1040.0
2220_jpg.rf.8e09774834c99380eed4937e9e85ef09.jpg#p00#0#1,2220_jpg.rf.8e09774834c99380eed4937e9e85ef09.jpg,0,0,1,0.99,0,det,det,template,Magikarp,019/36,,Magikarp,19/98,AOR,Ancient Origins,Common,1090.0
2220_jpg.rf.8e09774834c99380eed4937e9e85ef09.jpg#p00#1#2,2220_jpg.rf.8e09774834c99380eed4937e9e85ef09.jpg,0,1,2,0.989,0,det,det,template,Krookodile,066/108,,Krookodile,66/108,DEX,Dark Explorers,Rare Holo,1115.0
2220_jpg.rf.8e09774834c99380eed4937e9e85ef09.jpg#p00#5#3,2220_jpg.rf.8e09774834c99380eed4937e9e85ef09.jpg,0,5,3,0.985,0,det,det,det,TerapagoseX,170/142,5AM,Terapagos ex,170/142,SCR,Stellar Crown,Special Illustration Rare,1115.0
2220_jpg.rf.8e09774834c99380eed4937e9e85ef09.jpg#p00#6#4,2220_jpg.rf.8e09774834c99380eed4937e9e85ef09.jpg,0,6,4,0.985,0,det,det,det,Tangela,001/165,MEND,Tangela,1/114,STS,Steam Siege,Common,1090.0
2220_jpg.rf.8e09774834c99380eed4937e9e85ef09.jpg#p00#7#5,2220_jpg.rf.8e09774834c99380eed4937e9e85ef09.jpg,0,7,5,0.981,0,det,det,template,Seadra,011/160,,Seadra,11/64,SFA,Shrouded Fable,Common,1090.0
2220_jpg.rf.8e09774834c99380eed4937e9e85ef09.jpg#p00#4#6,2220_jpg.rf.8e09774834c99380eed4937e9e85ef09.jpg,0,4,6,0.986,0,det,det,det,Voltorb,100/165,MEWR,Voltorb,100/165,MEW,151,Common,1115.0
2220_jpg.rf.8e09774834c99380eed4937e9e85ef09.jpg#p00#2#7,2220_jpg.rf.8e09774834c99380eed4937e9e85ef09.jpg,0,2,7,0.989,0,det,det,template,Teddiursa,,,Teddiursa,RC15/113,LTR,Legendary Treasures,Common,1040.0
2220_jpg.rf.8e09774834c99380eed4937e9e85ef09.jpg#p00#3#8,2220_jpg.rf.8e09774834c99380eed4937e9e85ef09.jpg,0,3,8,0.987,0,det,det,template,GiratinaVSTAK,133/196,,Giratina VSTAR,131/196,LOR,Lost Origin,Rare Holo VSTAR,1040.0
2221_jpg.rf.03a1af5799c20109de0bb17db7c1e4d9.jpg#p00#3#0,2221_jpg.rf.03a1af5799c20109de0bb17db7c1e4d9.jpg,0,3,0,0.977,0,det,det,template,Tangrowth,,,Tangrowth,6/149,BCR,Boundaries Crossed,Rare Holo,1040.0
2221_jpg.rf.03a1af5799c20109de0bb17db7c1e4d9.jpg#p00#6#1,2221_jpg.rf.03a1af5799c20109de0bb17db7c1e4d9.jpg,0,6,1,0.967,0,det,det,template,Dark Golbat,,,Dark Golbat,7/82,RO,Team Rocket,Rare Holo,1040.0
2221_jpg.rf.03a1af5799c20109de0bb17db7c1e4d9.jpg#p00#5#2,2221_jpg.rf.03a1af5799c20109de0bb17db7c1e4d9.jpg,0,5,2,0.976,0,det,det,template,Meowth,080/506,,Meowth,80/130,B2,Base Set 2,Common,1090.0
2221_jpg.rf.03a1af5799c20109de0bb17db7c1e4d9.jpg#p00#4#3,2221_jpg.rf.03a1af5799c20109de0bb17db7c1e4d9.jpg,0,4,3,0.977,0,det,det,template,Ralts,010/39,,Ralts,RC8/113,LTR,Legendary Treasures,Common,1055.0
2221_jpg.rf.03a1af5799c20109de0bb17db7c1e4d9.jpg#p00#1#4,2221_jpg.rf.03a1af5799c20109de0bb17db7c1e4d9.jpg,0,1,4,0.979,180,det,det,template,Torracat,028/214,,Torracat,28/214,UNB,Unbroken Bonds,Uncommon,1115.0
2221_jpg.rf.03a1af5799c20109de0bb17db7c1e4d9.jpg#p00#0#5,2221_jpg.rf.03a1af5799c20109de0bb17db7c1e4d9.jpg,0,0,5,0.981,180,det,det,det,Carkol,094/162,18,Carkol,94/162,TEF,Temporal Forces,Common,1115.0
2221_jpg.rf.03a1af5799c20109de0bb17db7c1e4d9.jpg#p00#2#6,2221_jpg.rf.03a1af5799c20109de0bb17db7c1e4d9.jpg,0,2,6,0.979,0,det,det,det,Zigzagoon,167/197,,Zigzagoon,167/197,OBF,Obsidian Flames,Common,1115.0
2222_jpg.rf.54d8336c22351a4dfdba94a5453be84c.jpg#p00#2#0,2222_jpg.rf.54d8336c22351a4dfdba94a5453be84c.jpg,0,2,0,0.974,180,det,det,det,Rillaboom,,,Rillaboom,16/167,TWM,Twilight Masquerade,Uncommon,1040.0
2222_jpg.rf.54d8336c22351a4dfdba94a5453be84c.jpg#p00#4#1,2222_jpg.rf.54d8336c22351a4dfdba94a5453be84c.jpg,0,4,1,0.972,180,det,det,template,Glalie,042/195,,Glalie,42/195,SIT,Silver Tempest,Uncommon,1115.0
2222_jpg.rf.54d8336c22351a4dfdba94a5453be84c.jpg#p00#1#2,2222_jpg.rf.54d8336c22351a4dfdba94a5453be84c.jpg,0,1,2,0.974,180,det,det,template,Lickitung,152/214,,Lickitung,152/214,UNB,Unbroken Bonds,Common,1115.0
2222_jpg.rf.54d8336c22351a4dfdba94a5453be84c.jpg#p00#5#3,2222_jpg.rf.54d8336c22351a4dfdba94a5453be84c.jpg,0,5,3,0.97,180,det,det,det,Carkol,,CO,Carkol,119/217,ASC,Ascended Heroes,Common,1040.0
2222_jpg.rf.54d8336c22351a4dfdba94a5453be84c.jpg#p00#3#4,2222_jpg.rf.54d8336c22351a4dfdba94a5453be84c.jpg,0,3,4,0.974,180,det,det,det,Capsakid,,,Capsakid,23/197,OBF,Obsidian Flames,Common,1040.0
2222_jpg.rf.54d8336c22351a4dfdba94a5453be84c.jpg#p00#0#5,2222_jpg.rf.54d8336c22351a4dfdba94a5453be84c.jpg,0,0,5,0.978,0,det,det,det,Rookidee,023/913,OD,Rookidee,154/189,DAA,Darkness Ablaze,Common,1040.0
2222_jpg.rf.54d8336c22351a4dfdba94a5453be84c.jpg#p00#6#6,2222_jpg.rf.54d8336c22351a4dfdba94a5453be84c.jpg,0,6,6,0.954,0,det,det,template,Weezing,,,Weezing,45/62,FO,Fossil,Uncommon,1040.0
2223_jpg.rf.e85c15aa9069abd04e9feb89356225e6.jpg#p00#1#0,2223_jpg.rf.e85c15aa9069abd04e9feb89356225e6.jpg,0,1,0,0.986,0,det,det,det,N,097/100,,N,96/108,DEX,Dark Explorers,Uncommon,1055.0
2223_jpg.rf.e85c15aa9069abd04e9feb89356225e6.jpg#p00#4#1,2223_jpg.rf.e85c15aa9069abd04e9feb89356225e6.jpg,0,4,1,0.979,0,det,det,det,V,102/172,5128,Revive,102/114,BLW,Black & White,Uncommon,930.0
2223_jpg.rf.e85c15aa9069abd04e9feb89356225e6.jpg#p00#0#2,2223_jpg.rf.e85c15aa9069abd04e9feb89356225e6.jpg,0,0,2,0.987,0,det,det,det,,083/73,,Maintenance,83/102,BS,Base Set,Uncommon,50.0
2223_jpg.rf.e85c15aa9069abd04e9feb89356225e6.jpg#p00#3#3,2223_jpg.rf.e85c15aa9069abd04e9feb89356225e6.jpg,0,3,3,0.981,0,det,det,det,,025/106,M8,Milotic,25/106,GE,Great Encounters,Rare,75.0
2223_jpg.rf.e85c15aa9069abd04e9feb89356225e6.jpg#p00#2#4,2223_jpg.rf.e85c15aa9069abd04e9feb89356225e6.jpg,0,2,4,0.983,0,det,det,det,,033/67,1O,Dark Dragonair,33/82,RO,Team Rocket,Uncommon,50.0
2224_jpg.rf.59f38a1d6b4d1a03f88fa33713f3541a.jpg#p00#4#0,2224_jpg.rf.59f38a1d6b4d1a03f88fa33713f3541a.jpg,0,4,0,0.983,0,det,det,det,,093/108,,Dark Patch,93/108,DEX,Dark Explorers,Uncommon,75.0
2224_jpg.rf.59f38a1d6b4d1a03f88fa33713f3541a.jpg#p00#7#1,2224_jpg.rf.59f38a1d6b4d1a03f88fa33713f3541a.jpg,0,7,1,0.982,0,det,det,det,,067/66,1Y50,Meowth,67/108,ROS,Roaring Skies,Common,50.0
2224_jpg.rf.59f38a1d6b4d1a03f88fa33713f3541a.jpg#p00#0#2,2224_jpg.rf.59f38a1d6b4d1a03f88fa33713f3541a.jpg,0,0,2,0.991,0,det,det,det,,191/190,,Light Ball,191/217,ASC,Ascended Heroes,Uncommon,50.0
2224_jpg.rf.59f38a1d6b4d1a03f88fa33713f3541a.jpg#p00#3#3,2224_jpg.rf.59f38a1d6b4d1a03f88fa33713f3541a.jpg,0,3,3,0.986,0,det,det,det,,027/98,SV10,Swanna,27/98,EPO,Emerging Powers,Rare,75.0
2224_jpg.rf.59f38a1d6b4d1a03f88fa33713f3541a.jpg#p00#1#4,2224_jpg.rf.59f38a1d6b4d1a03f88fa33713f3541a.jpg,0,1,4,0.99,0,det,det,det,,124/108,,Archie's Ace in the Hole,124/160,PRC,Primal Clash,Uncommon,50.0
2224_jpg.rf.59f38a1d6b4d1a03f88fa33713f3541a.jpg#p00#5#5,2224_jpg.rf.59f38a1d6b4d1a03f88fa33713f3541a.jpg,0,5,5,0.982,0,det,det,det,,020/106,,Kingler,20/106,GE,Great Encounters,Rare,75.0
2224_jpg.rf.59f38a1d6b4d1a03f88fa33713f3541a.jpg#p00#2#6,2224_jpg.rf.59f38a1d6b4d1a03f88fa33713f3541a.jpg,0,2,6,0.989,0,det,det,det,,035/62,SY3D,Golduck,35/62,FO,Fossil,Uncommon,75.0
2224_jpg.rf.59f38a1d6b4d1a03f88fa33713f3541a.jpg#p00#6#7,2224_jpg.rf.59f38a1d6b4d1a03f88fa33713f3541a.jpg,0,6,7,0.982,0,det,det,det,,,5V60,Alakazam,1/130,B2,Base Set 2,Rare Holo,0.0
2224_jpg.rf.59f38a1d6b4d1a03f88fa33713f3541a.jpg#p00#8#8,2224_jpg.rf.59f38a1d6b4d1a03f88fa33713f3541a.jpg,0,8,8,0.981,0,det,det,det,,,590,Alakazam,1/130,B2,Base Set 2,Rare Holo,0.0
2225_jpg.rf.ffb90ee5c17004f92f804f2dee9e16ba.jpg#p00#5#0,2225_jpg.rf.ffb90ee5c17004f92f804f2dee9e16ba.jpg,0,5,0,0.983,0,det,det,det,,076/71,,Gothorita,76/149,BCR,Boundaries Crossed,Uncommon,50.0
2225_jpg.rf.ffb90ee5c17004f92f804f2dee9e16ba.jpg#p00#1#1,2225_jpg.rf.ffb90ee5c17004f92f804f2dee9e16ba.jpg,0,1,1,0.987,0,det,det,det,,054/67,10P,Mightyena,54/119,PHF,Phantom Forces,Rare,50.0
2225_jpg.rf.ffb90ee5c17004f92f804f2dee9e16ba.jpg#p00#4#2,2225_jpg.rf.ffb90ee5c17004f92f804f2dee9e16ba.jpg,0,4,2,0.985,0,det,det,det,,030/102,,Sharpedo,30/102,TM,Triumphant,Rare,75.0
2225_jpg.rf.ffb90ee5c17004f92f804f2dee9e16ba.jpg#p00#2#3,2225_jpg.rf.ffb90ee5c17004f92f804f2dee9e16ba.jpg,0,2,3,0.986,0,det,det,det,,107/108,,Darkrai-EX,107/108,DEX,Dark Explorers,Rare Ultra,75.0
2225_jpg.rf.ffb90ee5c17004f92f804f2dee9e16ba.jpg#p00#3#4,2225_jpg.rf.ffb90ee5c17004f92f804f2dee9e16ba.jpg,0,3,4,0.985,0,det,det,det,V,040/67,S10P,Larvitar,40/124,FCO,Fates Collide,Common,930.0
2225_jpg.rf.ffb90ee5c17004f92f804f2dee9e16ba.jpg#p00#0#5,2225_jpg.rf.ffb90ee5c17004f92f804f2dee9e16ba.jpg,0,0,5,0.988,0,det,det,det,,075/71,,Inkay,75/146,XY,XY,Common,50.0
2226_jpg.rf.d67a8cb95182d5c5529870ce72bf7dca.jpg#p00#0#0,2226_jpg.rf.d67a8cb95182d5c5529870ce72bf7dca.jpg,0,0,0,0.992,0,det,det,det,,203/120,I120,Team Rocket's Factory,203/217,ASC,Ascended Heroes,Uncommon,50.0
2226_jpg.rf.d67a8cb95182d5c5529870ce72bf7dca.jpg#p00#3#1,2226_jpg.rf.d67a8cb95182d5c5529870ce72bf7dca.jpg,0,3,1,0.984,0,det,det,det,,067/71,20,Meowth,67/108,ROS,Roaring Skies,Common,50.0
2226_jpg.rf.d67a8cb95182d5c5529870ce72bf7dca.jpg#p00#2#2,2226_jpg.rf.d67a8cb95182d5c5529870ce72bf7dca.jpg,0,2,2,0.986,0,det,det,det,,083/172,12,Golurk,83/172,BRS,Brilliant Stars,Rare,75.0
2226_jpg.rf.d67a8cb95182d5c5529870ce72bf7dca.jpg#p00#4#3,2226_jpg.rf.d67a8cb95182d5c5529870ce72bf7dca.jpg,0,4,3,0.983,0,det,det,det,EX,121/102,,M Altaria-EX,121/124,FCO,Fates Collide,Rare Ultra,1050.0
2226_jpg.rf.d67a8cb95182d5c5529870ce72bf7dca.jpg#p00#5#4,2226_jpg.rf.d67a8cb95182d5c5529870ce72bf7dca.jpg,0,5,4,0.982,0,det,det,det,,070/78,MV,Spark,70/78,PGO,Pokémon GO,Uncommon,75.0
2226_jpg.rf.d67a8cb95182d5c5529870ce72bf7dca.jpg#p00#1#5,2226_jpg.rf.d67a8cb95182d5c5529870ce72bf7dca.jpg,0,1,5,0.987,0,det,det,det,,008/100,,Manectric,8/100,CG,Crystal Guardians,Rare Holo,75.0
2227_jpg.rf.f23cc632295b08876f27930100fc2298.jpg#p00#2#0,2227_jpg.rf.f23cc632295b08876f27930100fc2298.jpg,0,2,0,0.975,180,det,det,det,,043/64,,Primeape,43/64,JU,Jungle,Uncommon,75.0
2227_jpg.rf.f23cc632295b08876f27930100fc2298.jpg#p00#4#1,2227_jpg.rf.f23cc632295b08876f27930100fc2298.jpg,0,4,1,0.972,180,det,det,det,,074/160,511,Rhyhorn,74/160,PRC,Primal Clash,Common,75.0
2227_jpg.rf.f23cc632295b08876f27930100fc2298.jpg#p00#1#2,2227_jpg.rf.f23cc632295b08876f27930100fc2298.jpg,0,1,2,0.977,0,det,det,det,,019/66,MAK,Wigglytuff,19/130,B2,Base Set 2,Rare Holo,50.0
2227_jpg.rf.f23cc632295b08876f27930100fc2298.jpg#p00#0#3,2227_jpg.rf.f23cc632295b08876f27930100fc2298.jpg,0,0,3,0.989,0,det,det,det,,008/100,,Manectric,8/100,CG,Crystal Guardians,Rare Holo,75.0
2227_jpg.rf.f23cc632295b08876f27930100fc2298.jpg#p00#3#4,2227_jpg.rf.f23cc632295b08876f27930100fc2298.jpg,0,3,4,0.973,180,det,det,det,V,189/2,321,Superior Energy Retrieval,189/193,PAL,Paldea Evolved,Uncommon,930.0
2227_jpg.rf.f23cc632295b08876f27930100fc2298.jpg#p00#5#5,2227_jpg.rf.f23cc632295b08876f27930100fc2298.jpg,0,5,5,0.971,180,det,det,det,,345/167,03,Tangela,1/167,TWM,Twilight Masquerade,Common,25.0
2228_jpg.rf.f1e5eb588b825fdf353fec79c4773853.jpg#p00#3#0,2228_jpg.rf.f1e5eb588b825fdf353fec79c4773853.jpg,0,3,0,0.982,0,det,det,det,,055/98,DA,Cottonee,55/98,AOR,Ancient Origins,Common,75.0
2228_jpg.rf.f1e5eb588b825fdf353fec79c4773853.jpg#p00#0#1,2228_jpg.rf.f1e5eb588b825fdf353fec79c4773853.jpg,0,0,1,0.987,0,det,det,det,V,054/67,S9A,Gardevoir,54/98,AOR,Ancient Origins,Rare Holo,930.0
2228_jpg.rf.f1e5eb588b825fdf353fec79c4773853.jpg#p00#4#2,2228_jpg.rf.f1e5eb588b825fdf353fec79c4773853.jpg,0,4,2,0.982,0,det,det,det,X,065/108,,M Pidgeot-EX,65/108,EVO,Evolutions,Rare Holo EX,955.0
2228_jpg.rf.f1e5eb588b825fdf353fec79c4773853.jpg#p00#5#3,2228_jpg.rf.f1e5eb588b825fdf353fec79c4773853.jpg,0,5,3,0.978,0,det,det,det,E,,G2D,Mew,8/53,WBP,Wizards Black Star Promos,Promo,900.0
2228_jpg.rf.f1e5eb588b825fdf353fec79c4773853.jpg#p00#1#4,2228_jpg.rf.f1e5eb588b825fdf353fec79c4773853.jpg,0,1,4,0.983,0,det,det,det,,024/98,02,Regice,24/98,AOR,Ancient Origins,Rare,75.0
2228_jpg.rf.f1e5eb588b825fdf353fec79c4773853.jpg#p00#2#5,2228_jpg.rf.f1e5eb588b825fdf353fec79c4773853.jpg,0,2,5,0.983,0,det,det,det,,090/78,,Bouffalant,90/114,BLW,Black & White,Uncommon,50.0
2229_jpg.rf.7404e96ab296ac83ad438259d4634d19.jpg#p00#0#0,2229_jpg.rf.7404e96ab296ac83ad438259d4634d19.jpg,0,0,0,0.982,0,det,det,det,,006/100,,Kabutops,6/100,MD,Majestic Dawn,Rare Holo,75.0
2229_jpg.rf.7404e96ab296ac83ad438259d4634d19.jpg#p00#3#1,2229_jpg.rf.7404e96ab296ac83ad438259d4634d19.jpg,0,3,1,0.976,0,det,det,det,,021/413,,Talonflame BREAK,21/114,STS,Steam Siege,Rare BREAK,50.0
2229_jpg.rf.7404e96ab296ac83ad438259d4634d19.jpg#p00#1#2,2229_jpg.rf.7404e96ab296ac83ad438259d4634d19.jpg,0,1,2,0.981,0,det,det,det,X,116/102,5V7,Vulpix,116/147,AQ,Aquapolis,Common,930.0
2229_jpg.rf.7404e96ab296ac83ad438259d4634d19.jpg#p00#2#3,2229_jpg.rf.7404e96ab296ac83ad438259d4634d19.jpg,0,2,3,0.98,180,det,det,det,,,,Alakazam,1/130,B2,Base Set 2,Rare Holo,0.0
2230_jpg.rf.e92d730e4c8914b8ccff835e2bf31f88.jpg#p00#3#0,2230_jpg.rf.e92d730e4c8914b8ccff835e2bf31f88.jpg,0,3,0,0.967,180,det,det,template,,042/71,,Nidoqueen,42/116,PLF,Plasma Freeze,Rare,50.0
2230_jpg.rf.e92d730e4c8914b8ccff835e2bf31f88.jpg#p00#1#1,2230_jpg.rf.e92d730e4c8914b8ccff835e2bf31f88.jpg,0,1,1,0.977,180,det,det,det,,,,Alakazam,1/130,B2,Base Set 2,Rare Holo,0.0
2230_jpg.rf.e92d730e4c8914b8ccff835e2bf31f88.jpg#p00#2#2,2230_jpg.rf.e92d730e4c8914b8ccff835e2bf31f88.jpg,0,2,2,0.971,180,det,det,template,,042/100,,Lileep,42/100,SS,Sandstorm,Uncommon,75.0
2230_jpg.rf.e92d730e4c8914b8ccff835e2bf31f88.jpg#p00#0#3,2230_jpg.rf.e92d730e4c8914b8ccff835e2bf31f88.jpg,0,0,3,0.982,0,det,det,det,VMAX,,,Hatterene VMAX,66/159,CRZ,Crown Zenith,Rare Holo VMAX,1000.0
2231_jpg.rf.e8af1636b712db3fbea8f78bda27eb89.jpg#p00#4#0,2231_jpg.rf.e8af1636b712db3fbea8f78bda27eb89.jpg,0,4,0,0.98,0,det,det,det,,014/100,SR9,Zangoose,14/100,SS,Sandstorm,Rare Holo,75.0
2231_jpg.rf.e8af1636b712db3fbea8f78bda27eb89.jpg#p00#1#1,2231_jpg.rf.e8af1636b712db3fbea8f78bda27eb89.jpg,0,1,1,0.985,0,det,det,det,,024/108,,Slowbro,24/108,DEX,Dark Explorers,Uncommon,75.0
2231_jpg.rf.e8af1636b712db3fbea8f78bda27eb89.jpg#p00#3#2,2231_jpg.rf.e8af1636b712db3fbea8f78bda27eb89.jpg,0,3,2,0.981,0,det,det,det,,090/100,,Energy Search,90/100,MD,Majestic Dawn,Common,75.0
2231_jpg.rf.e8af1636b712db3fbea8f78bda27eb89.jpg#p00#2#3,2231_jpg.rf.e8af1636b712db3fbea8f78bda27eb89.jpg,0,2,3,0.982,0,det,det,det,,065/106,,Drowzee,65/106,GE,Great Encounters,Common,75.0
2231_jpg.rf.e8af1636b712db3fbea8f78bda27eb89.jpg#p00#0#4,2231_jpg.rf.e8af1636b712db3fbea8f78bda27eb89.jpg,0,0,4,0.987,0,det,det,det,,056/66,,Shelgon,56/108,ROS,Roaring Skies,Uncommon,50.0
2232_jpg.rf.bd1ed1041cf82aea121549cbcffad2bc.jpg#p00#2#0,2232_jpg.rf.bd1ed1041cf82aea121549cbcffad2bc.jpg,0,2,0,0.982,0,det,det,det,,059/66,,Energy Search,59/62,FO,Fossil,Common,50.0
2232_jpg.rf.bd1ed1041cf82aea121549cbcffad2bc.jpg#p00#1#1,2232_jpg.rf.bd1ed1041cf82aea121549cbcffad2bc.jpg,0,1,1,0.982,0,det,det,det,,067/71,SY2P,Meowth,67/108,ROS,Roaring Skies,Common,50.0
2232_jpg.rf.bd1ed1041cf82aea121549cbcffad2bc.jpg#p00#0#2,2232_jpg.rf.bd1ed1041cf82aea121549cbcffad2bc.jpg,0,0,2,0.986,0,det,det,det,V,056/71,S100,Galvantula,56/185,VIV,Vivid Voltage,Uncommon,930.0
2233_jpg.rf.d0dc3ee0ada8e681682678fdcb0f4a84.jpg#p00#1#0,2233_jpg.rf.d0dc3ee0ada8e681682678fdcb0f4a84.jpg,0,1,0,0.98,0,det,det,det,,,,Alakazam,1/130,B2,Base Set 2,Rare Holo,0.0
2233_jpg.rf.d0dc3ee0ada8e681682678fdcb0f4a84.jpg#p00#2#1,2233_jpg.rf.d0dc3ee0ada8e681682678fdcb0f4a84.jpg,0,2,1,0.978,0,det,det,det,,174/187,MTO,Premium Power Pro,174/132,MEG,Mega Evolution,Ultra Rare,50.0
2233_jpg.rf.d0dc3ee0ada8e681682678fdcb0f4a84.jpg#p00#0#2,2233_jpg.rf.d0dc3ee0ada8e681682678fdcb0f4a84.jpg,0,0,2,0.981,180,det,det,det,No,065/100,,Deino,65/86,WHT,White Flare,Common,930.0
2233_jpg.rf.d0dc3ee0ada8e681682678fdcb0f4a84.jpg#p00#3#3,2233_jpg.rf.d0dc3ee0ada8e681682678fdcb0f4a84.jpg,0,3,3,0.978,180,det,det,det,,,,Alakazam,1/130,B2,Base Set 2,Rare Holo,0.0
2233_jpg.rf.d0dc3ee0ada8e681682678fdcb0f4a84.jpg#p00#4#4,2233_jpg.rf.d0dc3ee0ada8e681682678fdcb0f4a84.jpg,0,4,4,0.978,180,det,det,det,,012/62,MDE,Moltres,12/62,FO,Fossil,Rare Holo,75.0
2233_jpg.rf.d0dc3ee0ada8e681682678fdcb0f4a84.jpg#p00#5#5,2233_jpg.rf.d0dc3ee0ada8e681682678fdcb0f4a84.jpg,0,5,5,0.971,0,det,det,det,,012/106,,Charizard-EX,12/106,FLF,Flashfire,Rare Holo EX,75.0
2234_jpg.rf.13e16c4d32edd307df40dccbc3a4a937.jpg#p00#5#0,2234_jpg.rf.13e16c4d32edd307df40dccbc3a4a937.jpg,0,5,0,0.982,0,det,det,det,,056/78,5V15,Aipom,56/78,PGO,Pokémon GO,Common,75.0
2234_jpg.rf.13e16c4d32edd307df40dccbc3a4a937.jpg#p00#2#1,2234_jpg.rf.13e16c4d32edd307df40dccbc3a4a937.jpg,0,2,1,0.989,0,det,det,det,,055/98,12,Cottonee,55/98,AOR,Ancient Origins,Common,75.0
2234_jpg.rf.13e16c4d32edd307df40dccbc3a4a937.jpg#p00#1#2,2234_jpg.rf.13e16c4d32edd307df40dccbc3a4a937.jpg,0,1,2,0.989,0,det,det,det,,005/67,590,Beedrill,5/146,XY,XY,Rare,50.0
2234_jpg.rf.13e16c4d32edd307df40dccbc3a4a937.jpg#p00#0#3,2234_jpg.rf.13e16c4d32edd307df40dccbc3a4a937.jpg,0,0,3,0.989,0,det,det,det,STAR,117/98,,Starly,117/172,BRS,Brilliant Stars,Common,1050.0
2234_jpg.rf.13e16c4d32edd307df40dccbc3a4a937.jpg#p00#4#4,2234_jpg.rf.13e16c4d32edd307df40dccbc3a4a937.jpg,0,4,4,0.987,0,det,det,det,,166/172,,Arceus V,166/172,BRS,Brilliant Stars,Rare Ultra,75.0
2234_jpg.rf.13e16c4d32edd307df40dccbc3a4a937.jpg#p00#6#5,2234_jpg.rf.13e16c4d32edd307df40dccbc3a4a937.jpg,0,6,5,0.979,0,det,det,det,,029/78,LS,Zapdos,29/78,PGO,Pokémon GO,Rare Holo,75.0
2234_jpg.rf.13e16c4d32edd307df40dccbc3a4a937.jpg#p00#3#6,2234_jpg.rf.13e16c4d32edd307df40dccbc3a4a937.jpg,0,3,6,0.989,0,det,det,det,,014/66,4M,Kingler,14/119,PHF,Phantom Forces,Uncommon,50.0
2234_jpg.rf.13e16c4d32edd307df40dccbc3a4a937.jpg#p00#7#7,2234_jpg.rf.13e16c4d32edd307df40dccbc3a4a937.jpg,0,7,7,0.979,0,det,det,det,,067/62,VID,Meowth,67/108,ROS,Roaring Skies,Common,50.0
2235_jpg.rf.476bfe0a359aa492ead2ddc2549f44d5.jpg#p00#3#0,2235_jpg.rf.476bfe0a359aa492ead2ddc2549f44d5.jpg,0,3,0,0.97,180,det,det,det,,,,Alakazam,1/130,B2,Base Set 2,Rare Holo,0.0
2235_jpg.rf.476bfe0a359aa492ead2ddc2549f44d5.jpg#p00#0#1,2235_jpg.rf.476bfe0a359aa492ead2ddc2549f44d5.jpg,0,0,1,0.983,180,det,det,det,,315/190,,Alakazam,1/130,B2,Base Set 2,Rare Holo,0.0
2235_jpg.rf.476bfe0a359aa492ead2ddc2549f44d5.jpg#p00#1#2,2235_jpg.rf.476bfe0a359aa492ead2ddc2549f44d5.jpg,0,1,2,0.978,180,det,det,det,,027/109,110,Combusken,27/109,RS,Ruby & Sapphire,Uncommon,75.0
2235_jpg.rf.476bfe0a359aa492ead2ddc2549f44d5.jpg#p00#2#3,2235_jpg.rf.476bfe0a359aa492ead2ddc2549f44d5.jpg,0,2,3,0.973,180,det,det,det,,050/106,,Feebas,50/106,EM,Emerald,Common,75.0
2236_jpg.rf.08d7265f1d26c7509159062e249173ae.jpg#p00#7#0,2236_jpg.rf.08d7265f1d26c7509159062e249173ae.jpg,0,7,0,0.985,0,det,det,det,,090/106,5V8,Lysandre,90/106,FLF,Flashfire,Uncommon,75.0
2236_jpg.rf.08d7265f1d26c7509159062e249173ae.jpg#p00#1#1,2236_jpg.rf.08d7265f1d26c7509159062e249173ae.jpg,0,1,1,0.989,0,det,det,det,,069/100,39,Whismur,69/100,CG,Crystal Guardians,Common,75.0
2236_jpg.rf.08d7265f1d26c7509159062e249173ae.jpg#p00#0#2,2236_jpg.rf.08d7265f1d26c7509159062e249173ae.jpg,0,0,2,0.992,0,det,det,det,,007/73,,Victini,7/73,CPA,Champion's Path,Uncommon,75.0
2236_jpg.rf.08d7265f1d26c7509159062e249173ae.jpg#p00#2#3,2236_jpg.rf.08d7265f1d26c7509159062e249173ae.jpg,0,2,3,0.987,0,det,det,det,,057/71,SIP,Salamence,57/108,ROS,Roaring Skies,Rare Holo,50.0
2236_jpg.rf.08d7265f1d26c7509159062e249173ae.jpg#p00#4#4,2236_jpg.rf.08d7265f1d26c7509159062e249173ae.jpg,0,4,4,0.986,0,det,det,det,,023/67,190,Staryu,23/99,NXD,Next Destinies,Common,50.0
2236_jpg.rf.08d7265f1d26c7509159062e249173ae.jpg#p00#8#5,2236_jpg.rf.08d7265f1d26c7509159062e249173ae.jpg,0,8,5,0.984,0,det,det,det,,033/100,59,Budew,33/100,SF,Stormfront,Uncommon,75.0
2236_jpg.rf.08d7265f1d26c7509159062e249173ae.jpg#p00#3#6,2236_jpg.rf.08d7265f1d26c7509159062e249173ae.jpg,0,3,6,0.987,0,det,det,det,,,,Alakazam,1/130,B2,Base Set 2,Rare Holo,0.0
2236_jpg.rf.08d7265f1d26c7509159062e249173ae.jpg#p00#5#7,2236_jpg.rf.08d7265f1d26c7509159062e249173ae.jpg,0,5,7,0.986,0,det,det,det,,171/187,VED,Fan Rotom,171/217,ASC,Ascended Heroes,Common,50.0
2236_jpg.rf.08d7265f1d26c7509159062e249173ae.jpg#p00#6#8,2236_jpg.rf.08d7265f1d26c7509159062e249173ae.jpg,0,6,8,0.985,0,det,det,det,,048/98,110,Gothitelle,48/98,EPO,Emerging Powers,Rare,75.0
2237_jpg.rf.a02429d70576b45f81083b4ee4d19cbc.jpg#p00#8#0,2237_jpg.rf.a02429d70576b45f81083b4ee4d19cbc.jpg,0,8,0,0.982,0,det,det,det,,040/66,,Omastar,40/62,FO,Fossil,Uncommon,50.0
2237_jpg.rf.a02429d70576b45f81083b4ee4d19cbc.jpg#p00#0#1,2237_jpg.rf.a02429d70576b45f81083b4ee4d19cbc.jpg,0,0,1,0.989,0,det,det,det,,020/100,,Pichu,20/100,SS,Sandstorm,Rare,75.0
2237_jpg.rf.a02429d70576b45f81083b4ee4d19cbc.jpg#p00#7#2,2237_jpg.rf.a02429d70576b45f81083b4ee4d19cbc.jpg,0,7,2,0.983,0,det,det,det,,033/62,5R3A,Gastly,33/62,FO,Fossil,Uncommon,75.0
2237_jpg.rf.a02429d70576b45f81083b4ee4d19cbc.jpg#p00#3#3,2237_jpg.rf.a02429d70576b45f81083b4ee4d19cbc.jpg,0,3,3,0.986,0,det,det,det,,083/187,W80,Maintenance,83/102,BS,Base Set,Uncommon,50.0
2237_jpg.rf.a02429d70576b45f81083b4ee4d19cbc.jpg#p00#6#4,2237_jpg.rf.a02429d70576b45f81083b4ee4d19cbc.jpg,0,6,4,0.984,0,det,det,det,,217/187,SV8O,Team Rocket's Energy,217/217,ASC,Ascended Heroes,Uncommon,50.0
2237_jpg.rf.a02429d70576b45f81083b4ee4d19cbc.jpg#p00#5#5,2237_jpg.rf.a02429d70576b45f81083b4ee4d19cbc.jpg,0,5,5,0.984,0,det,det,det,,059/102,,Poliwag,59/102,BS,Base Set,Common,75.0
2237_jpg.rf.a02429d70576b45f81083b4ee4d19cbc.jpg#p00#4#6,2237_jpg.rf.a02429d70576b45f81083b4ee4d19cbc.jpg,0,4,6,0.986,0,det,det,det,,,,Alakazam,1/130,B2,Base Set 2,Rare Holo,0.0
2237_jpg.rf.a02429d70576b45f81083b4ee4d19cbc.jpg#p00#1#7,2237_jpg.rf.a02429d70576b45f81083b4ee4d19cbc.jpg,0,1,7,0.988,0,det,det,det,,112/98,12,Taillow,112/149,BCR,Boundaries Crossed,Common,50.0
2237_jpg.rf.a02429d70576b45f81083b4ee4d19cbc.jpg#p00#2#8,2237_jpg.rf.a02429d70576b45f81083b4ee4d19cbc.jpg,0,2,8,0.986,0,det,det,det,,192/187,,Lillie's Determination,192/217,ASC,Ascended Heroes,Uncommon,50.0
2238_jpg.rf.bdac0c6dc3378f1c35f335c566f8fdab.jpg#p00#3#0,2238_jpg.rf.bdac0c6dc3378f1c35f335c566f8fdab.jpg,0,3,0,0.97,180,det,det,det,,012/68,610,Slowpoke,12/68,HIF,Hidden Fates,Common,75.0
2238_jpg.rf.bdac0c6dc3378f1c35f335c566f8fdab.jpg#p00#0#1,2238_jpg.rf.bdac0c6dc3378f1c35f335c566f8fdab.jpg,0,0,1,0.982,0,det,det,det,,098/172,123,Wormadam,98/172,BRS,Brilliant Stars,Rare,75.0
2238_jpg.rf.bdac0c6dc3378f1c35f335c566f8fdab.jpg#p00#1#2,2238_jpg.rf.bdac0c6dc3378f1c35f335c566f8fdab.jpg,0,1,2,0.975,0,det,det,det,X,015/64,,Revavroom ex,15/64,SFA,Shrouded Fable,Double Rare,955.0
2238_jpg.rf.bdac0c6dc3378f1c35f335c566f8fdab.jpg#p00#2#3,2238_jpg.rf.bdac0c6dc3378f1c35f335c566f8fdab.jpg,0,2,3,0.972,0,det,det,det,,061/106,VE,Buizel,61/106,GE,Great Encounters,Common,75.0
2239_jpg.rf.b9d6dd12917c8678f4990f431cdcef8a.jpg#p00#3#0,2239_jpg.rf.b9d6dd12917c8678f4990f431cdcef8a.jpg,0,3,0,0.988,0,det,det,det,,055/100,,Lotad,55/100,CG,Crystal Guardians,Common,75.0
2239_jpg.rf.b9d6dd12917c8678f4990f431cdcef8a.jpg#p00#2#1,2239_jpg.rf.b9d6dd12917c8678f4990f431cdcef8a.jpg,0,2,1,0.989,0,det,det,det,,055/98,512,Cottonee,55/98,AOR,Ancient Origins,Common,75.0
2239_jpg.rf.b9d6dd12917c8678f4990f431cdcef8a.jpg#p00#4#2,2239_jpg.rf.b9d6dd12917c8678f4990f431cdcef8a.jpg,0,4,2,0.988,0,det,det,det,,028/62,SV30,Muk,28/62,FO,Fossil,Rare,75.0
2239_jpg.rf.b9d6dd12917c8678f4990f431cdcef8a.jpg#p00#7#3,2239_jpg.rf.b9d6dd12917c8678f4990f431cdcef8a.jpg,0,7,3,0.986,0,det,det,det,,125/190,V4D,Sabrina's Gaze,125/132,G1,Gym Heroes,Common,50.0
2239_jpg.rf.b9d6dd12917c8678f4990f431cdcef8a.jpg#p00#5#4,2239_jpg.rf.b9d6dd12917c8678f4990f431cdcef8a.jpg,0,5,4,0.988,0,det,det,det,EX,007/73,,Sceptile-EX,7/98,AOR,Ancient Origins,Rare Holo EX,1050.0
2239_jpg.rf.b9d6dd12917c8678f4990f431cdcef8a.jpg#p00#0#5,2239_jpg.rf.b9d6dd12917c8678f4990f431cdcef8a.jpg,0,0,5,0.992,0,det,det,det,,015/100,,Drapion,15/100,SF,Stormfront,Rare,75.0
2239_jpg.rf.b9d6dd12917c8678f4990f431cdcef8a.jpg#p00#1#6,2239_jpg.rf.b9d6dd12917c8678f4990f431cdcef8a.jpg,0,1,6,0.99,0,det,det,det,X,065/108,,M Pidgeot-EX,65/108,EVO,Evolutions,Rare Holo EX,955.0
2239_jpg.rf.b9d6dd12917c8678f4990f431cdcef8a.jpg#p00#6#7,2239_jpg.rf.b9d6dd12917c8678f4990f431cdcef8a.jpg,0,6,7,0.987,0,det,det,det,,053/165,1V20,Persian,53/165,MEW,151,Uncommon,75.0
2239_jpg.rf.b9d6dd12917c8678f4990f431cdcef8a.jpg#p00#8#8,2239_jpg.rf.b9d6dd12917c8678f4990f431cdcef8a.jpg,0,8,8,0.984,0,det,det,det,,056/66,,Shelgon,56/108,ROS,Roaring Skies,Uncommon,50.0
2240_jpg.rf.9f3fa38735f5ea7d6a93c949ec243ec5.jpg#p00#3#0,2240_jpg.rf.9f3fa38735f5ea7d6a93c949ec243ec5.jpg,0,3,0,0.988,0,det,det,det,,008/100,,Manectric,8/100,CG,Crystal Guardians,Rare Holo,75.0
2240_jpg.rf.9f3fa38735f5ea7d6a93c949ec243ec5.jpg#p00#7#1,2240_jpg.rf.9f3fa38735f5ea7d6a93c949ec243ec5.jpg,0,7,1,0.98,0,det,det,det,,007/108,,Dustox,7/108,ROS,Roaring Skies,Uncommon,75.0
2240_jpg.rf.9f3fa38735f5ea7d6a93c949ec243ec5.jpg#p00#0#2,2240_jpg.rf.9f3fa38735f5ea7d6a93c949ec243ec5.jpg,0,0,2,0.992,0,det,det,det,,069/78,,Rare Candy,69/78,PGO,Pokémon GO,Uncommon,75.0
2240_jpg.rf.9f3fa38735f5ea7d6a93c949ec243ec5.jpg#p00#4#3,2240_jpg.rf.9f3fa38735f5ea7d6a93c949ec243ec5.jpg,0,4,3,0.984,0,det,det,det,,116/108,53,Evosoda,116/146,XY,XY,Uncommon,50.0
2240_jpg.rf.9f3fa38735f5ea7d6a93c949ec243ec5.jpg#p00#6#4,2240_jpg.rf.9f3fa38735f5ea7d6a93c949ec243ec5.jpg,0,6,4,0.98,0,det,det,det,,005/100,,Dugtrio,5/100,CG,Crystal Guardians,Rare Holo,75.0
2240_jpg.rf.9f3fa38735f5ea7d6a93c949ec243ec5.jpg#p00#5#5,2240_jpg.rf.9f3fa38735f5ea7d6a93c949ec243ec5.jpg,0,5,5,0.982,0,det,det,det,,092/190,540,Rufflet,92/114,STS,Steam Siege,Common,50.0
2240_jpg.rf.9f3fa38735f5ea7d6a93c949ec243ec5.jpg#p00#2#6,2240_jpg.rf.9f3fa38735f5ea7d6a93c949ec243ec5.jpg,0,2,6,0.988,0,det,det,det,,070/78,,Spark,70/78,PGO,Pokémon GO,Uncommon,75.0
2240_jpg.rf.9f3fa38735f5ea7d6a93c949ec243ec5.jpg#p00#1#7,2240_jpg.rf.9f3fa38735f5ea7d6a93c949ec243ec5.jpg,0,1,7,0.989,0,det,det,det,,019/66,MI,Wigglytuff,19/130,B2,Base Set 2,Rare Holo,50.0
2241_jpg.rf.ad754bdfcbe75d32889a05d9c693e8c5.jpg#p00#2#0,2241_jpg.rf.ad754bdfcbe75d32889a05d9c693e8c5.jpg,0,2,0,0.982,0,det,det,det,V,,12,AZ,91/119,PHF,Phantom Forces,Uncommon,900.0
2241_jpg.rf.ad754bdfcbe75d32889a05d9c693e8c5.jpg#p00#1#1,2241_jpg.rf.ad754bdfcbe75d32889a05d9c693e8c5.jpg,0,1,1,0.982,0,det,det,det,,082/71,3100,Metal Energy,82/83,GEN,Generations,Common,50.0
2241_jpg.rf.ad754bdfcbe75d32889a05d9c693e8c5.jpg#p00#0#2,2241_jpg.rf.ad754bdfcbe75d32889a05d9c693e8c5.jpg,0,0,2,0.987,0,det,det,det,,044/105,,Jigglypuff,44/105,N4,Neo Destiny,Uncommon,75.0
2241_jpg.rf.ad754bdfcbe75d32889a05d9c693e8c5.jpg#p00#3#3,2241_jpg.rf.ad754bdfcbe75d32889a05d9c693e8c5.jpg,0,3,3,0.981,0,det,det,det,,056/78,,Aipom,56/78,PGO,Pokémon GO,Common,75.0
2242_jpg.rf.04e75648359db6bb8bd6bee453d94f37.jpg#p00#0#0,2242_jpg.rf.04e75648359db6bb8bd6bee453d94f37.jpg,0,0,0,0.988,0,det,det,det,,117/101,,AZ,117/119,PHF,Phantom Forces,Rare Ultra,50.0
2242_jpg.rf.04e75648359db6bb8bd6bee453d94f37.jpg#p00#2#1,2242_jpg.rf.04e75648359db6bb8bd6bee453d94f37.jpg,0,2,1,0.987,180,det,det,template,,,,Alakazam,1/130,B2,Base Set 2,Rare Holo,0.0
2242_jpg.rf.04e75648359db6bb8bd6bee453d94f37.jpg#p00#3#2,2242_jpg.rf.04e75648359db6bb8bd6bee453d94f37.jpg,0,3,2,0.986,0,det,det,det,,092/100,39,Call Energy,92/100,MD,Majestic Dawn,Uncommon,75.0
2242_jpg.rf.04e75648359db6bb8bd6bee453d94f37.jpg#p00#5#3,2242_jpg.rf.04e75648359db6bb8bd6bee453d94f37.jpg,0,5,3,0.984,0,det,det,det,,039/67,5107,Tierno,39/39,KSS,Kalos Starter Set,nan,50.0
2242_jpg.rf.04e75648359db6bb8bd6bee453d94f37.jpg#p00#1#4,2242_jpg.rf.04e75648359db6bb8bd6bee453d94f37.jpg,0,1,4,0.987,0,det,det,det,V,106/100,M1,M Gardevoir-EX,106/160,PRC,Primal Clash,Rare Holo EX,930.0
2242_jpg.rf.04e75648359db6bb8bd6bee453d94f37.jpg#p00#6#5,2242_jpg.rf.04e75648359db6bb8bd6bee453d94f37.jpg,0,6,5,0.984,0,det,det,det,,048/165,,Venonat,48/165,MEW,151,Common,75.0
2242_jpg.rf.04e75648359db6bb8bd6bee453d94f37.jpg#p00#4#6,2242_jpg.rf.04e75648359db6bb8bd6bee453d94f37.jpg,0,4,6,0.986,0,det,det,det,,020/100,K0,Pichu,20/100,SS,Sandstorm,Rare,75.0
2242_jpg.rf.04e75648359db6bb8bd6bee453d94f37.jpg#p00#7#7,2242_jpg.rf.04e75648359db6bb8bd6bee453d94f37.jpg,0,7,7,0.984,0,det,det,det,,,1V90,Alakazam,1/130,B2,Base Set 2,Rare Holo,0.0
2242_jpg.rf.04e75648359db6bb8bd6bee453d94f37.jpg#p00#8#8,2242_jpg.rf.04e75648359db6bb8bd6bee453d94f37.jpg,0,8,8,0.982,0,det,det,det,,059/102,,Poliwag,59/102,BS,Base Set,Common,75.0
2243_jpg.rf.92eda568bcd74ee22d451c79d0ad0a84.jpg#p00#1#0,2243_jpg.rf.92eda568bcd74ee22d451c79d0ad0a84.jpg,0,1,0,0.984,0,det,det,det,X,065/108,,M Pidgeot-EX,65/108,EVO,Evolutions,Rare Holo EX,955.0
2243_jpg.rf.92eda568bcd74ee22d451c79d0ad0a84.jpg#p00#0#1,2243_jpg.rf.92eda568bcd74ee22d451c79d0ad0a84.jpg,0,0,1,0.985,0,det,det,det,,004/22,SLN,Darkrai,4/106,GE,Great Encounters,Rare Holo,50.0
2243_jpg.rf.92eda568bcd74ee22d451c79d0ad0a84.jpg#p00#3#2,2243_jpg.rf.92eda568bcd74ee22d451c79d0ad0a84.jpg,0,3,2,0.981,0,det,det,det,eX,,,Mew,8/53,WBP,Wizards Black Star Promos,Promo,900.0
2243_jpg.rf.92eda568bcd74ee22d451c79d0ad0a84.jpg#p00#2#3,2243_jpg.rf.92eda568bcd74ee22d451c79d0ad0a84.jpg,0,2,3,0.982,0,det,det,det,,034/66,,Machoke,34/102,BS,Base Set,Uncommon,50.0
2244_jpg.rf.eea80626bbb9eb184a788dd9e0c79d5a.jpg#p00#1#0,2244_jpg.rf.eea80626bbb9eb184a788dd9e0c79d5a.jpg,0,1,0,0.984,0,det,det,det,,128/187,M80,Super Potion,128/146,XY,XY,Uncommon,50.0
2244_jpg.rf.eea80626bbb9eb184a788dd9e0c79d5a.jpg#p00#4#1,2244_jpg.rf.eea80626bbb9eb184a788dd9e0c79d5a.jpg,0,4,1,0.98,0,det,det,det,,324/190,X5,Alakazam,1/130,B2,Base Set 2,Rare Holo,0.0
2244_jpg.rf.eea80626bbb9eb184a788dd9e0c79d5a.jpg#p00#0#2,2244_jpg.rf.eea80626bbb9eb184a788dd9e0c79d5a.jpg,0,0,2,0.988,0,det,det,det,,012/13,527,Foongus,12/114,STS,Steam Siege,Common,50.0
2244_jpg.rf.eea80626bbb9eb184a788dd9e0c79d5a.jpg#p00#2#3,2244_jpg.rf.eea80626bbb9eb184a788dd9e0c79d5a.jpg,0,2,3,0.983,0,det,det,det,EX,001/106,,Venusaur-EX,1/83,GEN,Generations,Rare Holo EX,1050.0
2244_jpg.rf.eea80626bbb9eb184a788dd9e0c79d5a.jpg#p00#3#4,2244_jpg.rf.eea80626bbb9eb184a788dd9e0c79d5a.jpg,0,3,4,0.981,0,det,det,det,,020/63,,Ninetales,20/132,MEG,Mega Evolution,Uncommon,50.0
2244_jpg.rf.eea80626bbb9eb184a788dd9e0c79d5a.jpg#p00#5#5,2244_jpg.rf.eea80626bbb9eb184a788dd9e0c79d5a.jpg,0,5,5,0.976,0,det,det,det,,095/190,MD,Metal Energy,95/100,MD,Majestic Dawn,Uncommon,60.0
2245_jpg.rf.75e96b61a12ea141a34b9560cdc2b70e.jpg#p00#0#0,2245_jpg.rf.75e96b61a12ea141a34b9560cdc2b70e.jpg,0,0,0,0.982,0,det,det,det,,001/47,107,Venonat,1/119,PHF,Phantom Forces,Common,50.0
2245_jpg.rf.75e96b61a12ea141a34b9560cdc2b70e.jpg#p00#4#1,2245_jpg.rf.75e96b61a12ea141a34b9560cdc2b70e.jpg,0,4,1,0.962,0,det,det,det,,061/98,312,Krokorok,61/98,EPO,Emerging Powers,Uncommon,75.0
2245_jpg.rf.75e96b61a12ea141a34b9560cdc2b70e.jpg#p00#1#2,2245_jpg.rf.75e96b61a12ea141a34b9560cdc2b70e.jpg,0,1,2,0.979,0,det,det,det,,,590,Alakazam,1/130,B2,Base Set 2,Rare Holo,0.0
2245_jpg.rf.75e96b61a12ea141a34b9560cdc2b70e.jpg#p00#3#3,2245_jpg.rf.75e96b61a12ea141a34b9560cdc2b70e.jpg,0,3,3,0.975,0,det,det,det,,,,Alakazam,1/130,B2,Base Set 2,Rare Holo,0.0
2245_jpg.rf.75e96b61a12ea141a34b9560cdc2b70e.jpg#p00#2#4,2245_jpg.rf.75e96b61a12ea141a34b9560cdc2b70e.jpg,0,2,4,0.976,0,det,det,det,,003/101,,Oshawott,BW03/101,BWP,BW Black Star Promos,Promo,75.0
2246_jpg.rf.8e325eef645f35a6e4972c1a2d4d5ddd.jpg#p00#0#0,2246_jpg.rf.8e325eef645f35a6e4972c1a2d4d5ddd.jpg,0,0,0,0.987,0,det,det,det,,054/71,ENSK,Mightyena,54/119,PHF,Phantom Forces,Rare,50.0
2246_jpg.rf.8e325eef645f35a6e4972c1a2d4d5ddd.jpg#p00#1#1,2246_jpg.rf.8e325eef645f35a6e4972c1a2d4d5ddd.jpg,0,1,1,0.983,0,det,det,det,,059/190,ENG,Energy Search,59/62,FO,Fossil,Common,50.0
2246_jpg.rf.8e325eef645f35a6e4972c1a2d4d5ddd.jpg#p00#2#2,2246_jpg.rf.8e325eef645f35a6e4972c1a2d4d5ddd.jpg,0,2,2,0.979,0,det,det,det,,083/100,,Wailmer,83/100,SS,Sandstorm,Common,75.0
2247_jpg.rf.5359b2831f5230e69cd14af02b538d34.jpg#p00#3#0,2247_jpg.rf.5359b2831f5230e69cd14af02b538d34.jpg,0,3,0,0.977,0,det,det,det,,068/190,,Squirtle,68/82,RO,Team Rocket,Common,50.0
2247_jpg.rf.5359b2831f5230e69cd14af02b538d34.jpg#p00#2#1,2247_jpg.rf.5359b2831f5230e69cd14af02b538d34.jpg,0,2,1,0.977,0,det,det,det,,102/105,,Pokémon Personality Test,102/105,N4,Neo Destiny,Uncommon,75.0
2247_jpg.rf.5359b2831f5230e69cd14af02b538d34.jpg#p00#0#2,2247_jpg.rf.5359b2831f5230e69cd14af02b538d34.jpg,0,0,2,0.987,0,det,det,det,N,065/100,,N,BW100/101,BWP,BW Black Star Promos,Promo,1040.0
2247_jpg.rf.5359b2831f5230e69cd14af02b538d34.jpg#p00#1#3,2247_jpg.rf.5359b2831f5230e69cd14af02b538d34.jpg,0,1,3,0.978,180,det,det,det,,120/100,,Max Revive,120/146,XY,XY,Uncommon,50.0
2247_jpg.rf.5359b2831f5230e69cd14af02b538d34.jpg#p00#4#4,2247_jpg.rf.5359b2831f5230e69cd14af02b538d34.jpg,0,4,4,0.974,0,det,det,det,,221/30,,Ethan's Adventure,221/182,DRI,Destined Rivals,Ultra Rare,50.0
2248_jpg.rf.f6055b6e12c20b3913c22fb563f016fc.jpg#p00#3#0,2248_jpg.rf.f6055b6e12c20b3913c22fb563f016fc.jpg,0,3,0,0.986,0,det,det,det,,025/100,,Vaporeon,25/100,SS,Sandstorm,Rare,75.0
2248_jpg.rf.f6055b6e12c20b3913c22fb563f016fc.jpg#p00#2#1,2248_jpg.rf.f6055b6e12c20b3913c22fb563f016fc.jpg,0,2,1,0.986,0,template,det,det,ex,116/102,,Florges-EX,116/119,PHF,Phantom Forces,Rare Ultra,1050.0
2248_jpg.rf.f6055b6e12c20b3913c22fb563f016fc.jpg#p00#8#2,2248_jpg.rf.f6055b6e12c20b3913c22fb563f016fc.jpg,0,8,2,0.979,0,det,det,det,,166/172,1123,Arceus V,166/172,BRS,Brilliant Stars,Rare Ultra,75.0
2248_jpg.rf.f6055b6e12c20b3913c22fb563f016fc.jpg#p00#4#3,2248_jpg.rf.f6055b6e12c20b3913c22fb563f016fc.jpg,0,4,3,0.985,0,det,det,det,,005/100,39,Dugtrio,5/100,CG,Crystal Guardians,Rare Holo,75.0
2248_jpg.rf.f6055b6e12c20b3913c22fb563f016fc.jpg#p00#1#4,2248_jpg.rf.f6055b6e12c20b3913c22fb563f016fc.jpg,0,1,4,0.986,0,det,det,det,,004/22,SVLN,Darkrai,4/106,GE,Great Encounters,Rare Holo,50.0
2248_jpg.rf.f6055b6e12c20b3913c22fb563f016fc.jpg#p00#6#5,2248_jpg.rf.f6055b6e12c20b3913c22fb563f016fc.jpg,0,6,5,0.984,0,det,det,det,,070/66,5V4K,Dedenne,70/119,PHF,Phantom Forces,Common,50.0
2248_jpg.rf.f6055b6e12c20b3913c22fb563f016fc.jpg#p00#7#6,2248_jpg.rf.f6055b6e12c20b3913c22fb563f016fc.jpg,0,7,6,0.979,0,det,det,det,,042/71,S10,Nidoqueen,42/116,PLF,Plasma Freeze,Rare,50.0
2248_jpg.rf.f6055b6e12c20b3913c22fb563f016fc.jpg#p00#5#7,2248_jpg.rf.f6055b6e12c20b3913c22fb563f016fc.jpg,0,5,7,0.984,0,det,det,det,,206/172,02,Switch,206/165,MEW,151,Hyper Rare,50.0
2248_jpg.rf.f6055b6e12c20b3913c22fb563f016fc.jpg#p00#0#8,2248_jpg.rf.f6055b6e12c20b3913c22fb563f016fc.jpg,0,0,8,0.988,0,det,det,det,,048/98,,Gothitelle,48/98,EPO,Emerging Powers,Rare,75.0
2249_jpg.rf.61e56976b4100a040b641c881db39837.jpg#p00#3#0,2249_jpg.rf.61e56976b4100a040b641c881db39837.jpg,0,3,0,0.961,180,det,det,det,,116/102,,Infernape,116/102,SVP,SVP Black Star Promos,Promo,75.0
2249_jpg.rf.61e56976b4100a040b641c881db39837.jpg#p00#1#1,2249_jpg.rf.61e56976b4100a040b641c881db39837.jpg,0,1,1,0.978,180,det,det,det,E,096/78,,Umbreon,XY96/211,XYP,XY Black Star Promos,Promo,930.0
2249_jpg.rf.61e56976b4100a040b641c881db39837.jpg#p00#4#2,2249_jpg.rf.61e56976b4100a040b641c881db39837.jpg,0,4,2,0.935,0,det,det,det,Z,,,AZ,91/119,PHF,Phantom Forces,Uncommon,880.0
2249_jpg.rf.61e56976b4100a040b641c881db39837.jpg#p00#0#3,2249_jpg.rf.61e56976b4100a040b641c881db39837.jpg,0,0,3,0.981,180,det,det,det,,,,Alakazam,1/130,B2,Base Set 2,Rare Holo,0.0
2249_jpg.rf.61e56976b4100a040b641c881db39837.jpg#p00#2#4,2249_jpg.rf.61e56976b4100a040b641c881db39837.jpg,0,2,4,0.976,180,det,det,template,,015/100,,Drapion,15/100,SF,Stormfront,Rare,75.0
2250_jpg.rf.283d8a79f8b2900c11e55f9c198d3a01.jpg#p00#3#0,2250_jpg.rf.283d8a79f8b2900c11e55f9c198d3a01.jpg,0,3,0,0.979,0,det,det,det,,099/165,22,Chikorita,99/165,EX,Expedition Base Set,Common,75.0
2250_jpg.rf.283d8a79f8b2900c11e55f9c198d3a01.jpg#p00#1#1,2250_jpg.rf.283d8a79f8b2900c11e55f9c198d3a01.jpg,0,1,1,0.983,0,det,det,det,,009/73,,Shining Genesect,9/73,SLG,Shining Legends,Rare Shining,75.0
2250_jpg.rf.283d8a79f8b2900c11e55f9c198d3a01.jpg#p00#0#2,2250_jpg.rf.283d8a79f8b2900c11e55f9c198d3a01.jpg,0,0,2,0.984,0,det,det,det,,031/68,S1LO,Mewtwo-GX,31/68,HIF,Hidden Fates,Rare Holo GX,75.0
2250_jpg.rf.283d8a79f8b2900c11e55f9c198d3a01.jpg#p00#2#3,2250_jpg.rf.283d8a79f8b2900c11e55f9c198d3a01.jpg,0,2,3,0.979,0,det,det,det,,047/106,,Electrike,47/106,EM,Emerald,Common,75.0
2251_jpg.rf.cec96dde82abb0c6fea1678f74f5bc53.jpg#p00#0#0,2251_jpg.rf.cec96dde82abb0c6fea1678f74f5bc53.jpg,0,0,0,0.991,0,det,det,det,,047/63,1090,Diglett,47/102,BS,Base Set,Common,50.0
2251_jpg.rf.cec96dde82abb0c6fea1678f74f5bc53.jpg#p00#4#1,2251_jpg.rf.cec96dde82abb0c6fea1678f74f5bc53.jpg,0,4,1,0.983,0,det,det,det,,288/190,,Fezandipiti ex,288/217,ASC,Ascended Heroes,Special Illustration Rare,50.0
2251_jpg.rf.cec96dde82abb0c6fea1678f74f5bc53.jpg#p00#5#2,2251_jpg.rf.cec96dde82abb0c6fea1678f74f5bc53.jpg,0,5,2,0.981,0,det,det,det,AR,,120,Abra,65/130,B2,Base Set 2,Common,900.0
2251_jpg.rf.cec96dde82abb0c6fea1678f74f5bc53.jpg#p00#2#3,2251_jpg.rf.cec96dde82abb0c6fea1678f74f5bc53.jpg,0,2,3,0.984,0,det,det,det,,006/100,,Kabutops,6/100,MD,Majestic Dawn,Rare Holo,75.0
2251_jpg.rf.cec96dde82abb0c6fea1678f74f5bc53.jpg#p00#1#4,2251_jpg.rf.cec96dde82abb0c6fea1678f74f5bc53.jpg,0,1,4,0.985,0,det,det,det,,060/190,,Gambler,60/62,FO,Fossil,Common,50.0
2251_jpg.rf.cec96dde82abb0c6fea1678f74f5bc53.jpg#p00#3#5,2251_jpg.rf.cec96dde82abb0c6fea1678f74f5bc53.jpg,0,3,5,0.984,0,det,det,det,X,038/66,5W4M,Zekrom-EX,BW38/101,BWP,BW Black Star Promos,Promo,930.0
2252_jpg.rf.07cbe184748626a401929f237c1d7ccf.jpg#p00#1#0,2252_jpg.rf.07cbe184748626a401929f237c1d7ccf.jpg,0,1,0,0.976,0,det,det,det,,016/56,,Pikachu,DP16/56,DPP,DP Black Star Promos,Promo,75.0
2252_jpg.rf.07cbe184748626a401929f237c1d7ccf.jpg#p00#3#1,2252_jpg.rf.07cbe184748626a401929f237c1d7ccf.jpg,0,3,1,0.974,180,det,det,det,,200/108,,Surfer,200/217,ASC,Ascended Heroes,Common,50.0
2252_jpg.rf.07cbe184748626a401929f237c1d7ccf.jpg#p00#0#2,2252_jpg.rf.07cbe184748626a401929f237c1d7ccf.jpg,0,0,2,0.979,180,det,det,det,,107/108,,Darkrai-EX,107/108,DEX,Dark Explorers,Rare Ultra,75.0
2252_jpg.rf.07cbe184748626a401929f237c1d7ccf.jpg#p00#2#3,2252_jpg.rf.07cbe184748626a401929f237c1d7ccf.jpg,0,2,3,0.975,0,det,det,det,,,CO,Alakazam,1/130,B2,Base Set 2,Rare Holo,0.0
2253_jpg.rf.5d2806c797254179189ae79b81820073.jpg#p00#3#0,2253_jpg.rf.5d2806c797254179189ae79b81820073.jpg,0,3,0,0.983,0,det,det,det,,093/98,5V10,Giratina-EX,93/98,AOR,Ancient Origins,Rare Ultra,75.0
2253_jpg.rf.5d2806c797254179189ae79b81820073.jpg#p00#2#1,2253_jpg.rf.5d2806c797254179189ae79b81820073.jpg,0,2,1,0.983,0,det,det,det,V,102/172,312,Revive,102/114,BLW,Black & White,Uncommon,930.0
2253_jpg.rf.5d2806c797254179189ae79b81820073.jpg#p00#0#2,2253_jpg.rf.5d2806c797254179189ae79b81820073.jpg,0,0,2,0.987,0,det,det,det,,080/101,,Escavalier,80/101,NVI,Noble Victories,Rare,75.0
2253_jpg.rf.5d2806c797254179189ae79b81820073.jpg#p00#4#3,2253_jpg.rf.5d2806c797254179189ae79b81820073.jpg,0,4,3,0.982,0,det,det,det,,012/68,NO,Slowpoke,12/68,HIF,Hidden Fates,Common,75.0
2253_jpg.rf.5d2806c797254179189ae79b81820073.jpg#p00#1#4,2253_jpg.rf.5d2806c797254179189ae79b81820073.jpg,0,1,4,0.985,0,det,det,det,,093/100,,Darkness Energy,93/100,MD,Majestic Dawn,Uncommon,75.0
2253_jpg.rf.5d2806c797254179189ae79b81820073.jpg#p00#5#5,2253_jpg.rf.5d2806c797254179189ae79b81820073.jpg,0,5,5,0.977,0,det,det,det,,049/66,,Drowzee,49/102,BS,Base Set,Common,50.0
2254_jpg.rf.323fa8723a119ebd92af25bea8aa5687.jpg#p00#0#0,2254_jpg.rf.323fa8723a119ebd92af25bea8aa5687.jpg,0,0,0,0.984,0,det,det,det,,042/64,5OCS,Chinchou,42/64,N3,Neo Revelation,Common,75.0
2254_jpg.rf.323fa8723a119ebd92af25bea8aa5687.jpg#p00#3#1,2254_jpg.rf.323fa8723a119ebd92af25bea8aa5687.jpg,0,3,1,0.982,180,det,det,template,,,,Alakazam,1/130,B2,Base Set 2,Rare Holo,0.0
2254_jpg.rf.323fa8723a119ebd92af25bea8aa5687.jpg#p00#1#2,2254_jpg.rf.323fa8723a119ebd92af25bea8aa5687.jpg,0,1,2,0.982,0,det,det,det,,039/63,5V90,Tierno,39/39,KSS,Kalos Starter Set,nan,50.0
2254_jpg.rf.323fa8723a119ebd92af25bea8aa5687.jpg#p00#4#3,2254_jpg.rf.323fa8723a119ebd92af25bea8aa5687.jpg,0,4,3,0.978,0,det,det,det,No,028/100,,Anorith,28/100,SS,Sandstorm,Uncommon,955.0
2254_jpg.rf.323fa8723a119ebd92af25bea8aa5687.jpg#p00#2#4,2254_jpg.rf.323fa8723a119ebd92af25bea8aa5687.jpg,0,2,4,0.982,0,det,det,det,,092/96,02,Rufflet,92/114,STS,Steam Siege,Common,50.0
2255_jpg.rf.f0ae4f0db0c4793b2b03984253214c84.jpg#p00#5#0,2255_jpg.rf.f0ae4f0db0c4793b2b03984253214c84.jpg,0,5,0,0.981,0,det,det,det,,083/73,MA,Team Magma Hideout,83/95,MA,Team Magma vs Team Aqua,Uncommon,60.0
2255_jpg.rf.f0ae4f0db0c4793b2b03984253214c84.jpg#p00#4#1,2255_jpg.rf.f0ae4f0db0c4793b2b03984253214c84.jpg,0,4,1,0.983,0,det,det,det,,008/68,OIN,Charmeleon,8/68,HIF,Hidden Fates,Uncommon,75.0
2255_jpg.rf.f0ae4f0db0c4793b2b03984253214c84.jpg#p00#0#2,2255_jpg.rf.f0ae4f0db0c4793b2b03984253214c84.jpg,0,0,2,0.986,0,det,det,det,,036/71,229,Wobbuffet,36/119,PHF,Phantom Forces,Uncommon,50.0
2255_jpg.rf.f0ae4f0db0c4793b2b03984253214c84.jpg#p00#2#3,2255_jpg.rf.f0ae4f0db0c4793b2b03984253214c84.jpg,0,2,3,0.985,0,det,det,det,,012/62,,Moltres,12/62,FO,Fossil,Rare Holo,75.0
2255_jpg.rf.f0ae4f0db0c4793b2b03984253214c84.jpg#p00#3#4,2255_jpg.rf.f0ae4f0db0c4793b2b03984253214c84.jpg,0,3,4,0.984,0,det,det,det,,023/100,,Steelix,23/100,SS,Sandstorm,Rare,75.0
2255_jpg.rf.f0ae4f0db0c4793b2b03984253214c84.jpg#p00#1#5,2255_jpg.rf.f0ae4f0db0c4793b2b03984253214c84.jpg,0,1,5,0.985,0,det,det,det,,169/190,,Larry's Staravia,169/217,ASC,Ascended Heroes,Uncommon,50.0
2256_jpg.rf.ccda12fcfc1a83443f61aaa08afdbef4.jpg#p00#3#0,2256_jpg.rf.ccda12fcfc1a83443f61aaa08afdbef4.jpg,0,3,0,0.976,0,det,det,det,,005/707,,Beedrill,5/146,XY,XY,Rare,50.0
2256_jpg.rf.ccda12fcfc1a83443f61aaa08afdbef4.jpg#p00#0#1,2256_jpg.rf.ccda12fcfc1a83443f61aaa08afdbef4.jpg,0,0,1,0.985,180,det,det,det,,006/100,,Kabutops,6/100,MD,Majestic Dawn,Rare Holo,75.0
2256_jpg.rf.ccda12fcfc1a83443f61aaa08afdbef4.jpg#p00#1#2,2256_jpg.rf.ccda12fcfc1a83443f61aaa08afdbef4.jpg,0,1,2,0.981,0,det,det,det,,005/100,,Dugtrio,5/100,CG,Crystal Guardians,Rare Holo,75.0
2256_jpg.rf.ccda12fcfc1a83443f61aaa08afdbef4.jpg#p00#2#3,2256_jpg.rf.ccda12fcfc1a83443f61aaa08afdbef4.jpg,0,2,3,0.978,180,det,det,det,,005/67,GA,Beedrill,5/146,XY,XY,Rare,50.0
2257_jpg.rf.da12d716fd044d2949b806cb9f18a623.jpg#p00#3#0,2257_jpg.rf.da12d716fd044d2949b806cb9f18a623.jpg,0,3,0,0.986,0,det,det,det,,042/100,,Lileep,42/100,SS,Sandstorm,Uncommon,75.0
2257_jpg.rf.da12d716fd044d2949b806cb9f18a623.jpg#p00#2#1,2257_jpg.rf.da12d716fd044d2949b806cb9f18a623.jpg,0,2,1,0.988,0,det,det,det,V,106/100,,M Gardevoir-EX,106/160,PRC,Primal Clash,Rare Holo EX,930.0
2257_jpg.rf.da12d716fd044d2949b806cb9f18a623.jpg#p00#4#2,2257_jpg.rf.da12d716fd044d2949b806cb9f18a623.jpg,0,4,2,0.986,0,det,det,det,,056/66,5V4M,Shelgon,56/108,ROS,Roaring Skies,Uncommon,50.0
2257_jpg.rf.da12d716fd044d2949b806cb9f18a623.jpg#p00#0#3,2257_jpg.rf.da12d716fd044d2949b806cb9f18a623.jpg,0,0,3,0.989,0,det,det,det,,005/100,,Dugtrio,5/100,CG,Crystal Guardians,Rare Holo,75.0
2257_jpg.rf.da12d716fd044d2949b806cb9f18a623.jpg#p00#5#4,2257_jpg.rf.da12d716fd044d2949b806cb9f18a623.jpg,0,5,4,0.984,0,template,det,det,,083/67,190,Maintenance,83/102,BS,Base Set,Uncommon,50.0
2257_jpg.rf.da12d716fd044d2949b806cb9f18a623.jpg#p00#6#5,2257_jpg.rf.da12d716fd044d2949b806cb9f18a623.jpg,0,6,5,0.984,0,det,det,det,CR,,5V60,N,BW100/101,BWP,BW Black Star Promos,Promo,900.0
2257_jpg.rf.da12d716fd044d2949b806cb9f18a623.jpg#p00#7#6,2257_jpg.rf.da12d716fd044d2949b806cb9f18a623.jpg,0,7,6,0.983,0,det,det,det,,166/172,,Arceus V,166/172,BRS,Brilliant Stars,Rare Ultra,75.0
2257_jpg.rf.da12d716fd044d2949b806cb9f18a623.jpg#p00#1#7,2257_jpg.rf.da12d716fd044d2949b806cb9f18a623.jpg,0,1,7,0.988,0,det,det,det,,097/165,W20,Hypno,97/165,MEW,151,Uncommon,75.0
2258_jpg.rf.74e62d17150e9cce6393afc297626571.jpg#p00#8#0,2258_jpg.rf.74e62d17150e9cce6393afc297626571.jpg,0,8,0,0.979,0,det,det,det,,210/165,,Cetitan ex,210/182,DRI,Destined Rivals,Ultra Rare,50.0
2258_jpg.rf.74e62d17150e9cce6393afc297626571.jpg#p00#0#1,2258_jpg.rf.74e62d17150e9cce6393afc297626571.jpg,0,0,1,0.991,0,det,det,det,,324/190,5V40,Alakazam,1/130,B2,Base Set 2,Rare Holo,0.0
2258_jpg.rf.74e62d17150e9cce6393afc297626571.jpg#p00#7#2,2258_jpg.rf.74e62d17150e9cce6393afc297626571.jpg,0,7,2,0.98,0,det,det,det,,117/101,,AZ,117/119,PHF,Phantom Forces,Rare Ultra,50.0
2258_jpg.rf.74e62d17150e9cce6393afc297626571.jpg#p00#6#3,2258_jpg.rf.74e62d17150e9cce6393afc297626571.jpg,0,6,3,0.983,0,det,det,det,VSA,120/100,,Bea,123/159,CRZ,Crown Zenith,Rare Holo,900.0
2258_jpg.rf.74e62d17150e9cce6393afc297626571.jpg#p00#3#4,2258_jpg.rf.74e62d17150e9cce6393afc297626571.jpg,0,3,4,0.985,0,det,det,det,E,124/108,,Ferrothorn,124/185,VIV,Vivid Voltage,Uncommon,930.0
2258_jpg.rf.74e62d17150e9cce6393afc297626571.jpg#p00#1#5,2258_jpg.rf.74e62d17150e9cce6393afc297626571.jpg,0,1,5,0.986,0,det,det,det,,030/102,,Sharpedo,30/102,TM,Triumphant,Rare,75.0
2258_jpg.rf.74e62d17150e9cce6393afc297626571.jpg#p00#5#6,2258_jpg.rf.74e62d17150e9cce6393afc297626571.jpg,0,5,6,0.983,0,det,det,det,,112/98,112,Taillow,112/149,BCR,Boundaries Crossed,Common,50.0
2258_jpg.rf.74e62d17150e9cce6393afc297626571.jpg#p00#4#7,2258_jpg.rf.74e62d17150e9cce6393afc297626571.jpg,0,4,7,0.985,0,det,det,det,,006/100,,Kabutops,6/100,MD,Majestic Dawn,Rare Holo,75.0
2258_jpg.rf.74e62d17150e9cce6393afc297626571.jpg#p00#2#8,2258_jpg.rf.74e62d17150e9cce6393afc297626571.jpg,0,2,8,0.985,0,det,det,det,,057/71,,Salamence,57/108,ROS,Roaring Skies,Rare Holo,50.0
2259_jpg.rf.35344e155dae0e4a1316842db0c67433.jpg#p00#3#0,2259_jpg.rf.35344e155dae0e4a1316842db0c67433.jpg,0,3,0,0.983,0,det,det,det,,,5Y4A,Alakazam,1/130,B2,Base Set 2,Rare Holo,0.0
2259_jpg.rf.35344e155dae0e4a1316842db0c67433.jpg#p00#2#1,2259_jpg.rf.35344e155dae0e4a1316842db0c67433.jpg,0,2,1,0.984,0,det,det,det,,250/172,312,Fan Rotom,250/217,ASC,Ascended Heroes,Illustration Rare,50.0
2259_jpg.rf.35344e155dae0e4a1316842db0c67433.jpg#p00#1#2,2259_jpg.rf.35344e155dae0e4a1316842db0c67433.jpg,0,1,2,0.984,0,det,det,det,,045/71,V2P,Caterpie,45/102,BS,Base Set,Common,50.0
2259_jpg.rf.35344e155dae0e4a1316842db0c67433.jpg#p00#5#3,2259_jpg.rf.35344e155dae0e4a1316842db0c67433.jpg,0,5,3,0.979,0,det,det,det,,,,Alakazam,1/130,B2,Base Set 2,Rare Holo,0.0
2259_jpg.rf.35344e155dae0e4a1316842db0c67433.jpg#p00#4#4,2259_jpg.rf.35344e155dae0e4a1316842db0c67433.jpg,0,4,4,0.98,0,det,det,template,,043/100,,Pachirisu,43/100,MD,Majestic Dawn,Uncommon,75.0
2259_jpg.rf.35344e155dae0e4a1316842db0c67433.jpg#p00#0#5,2259_jpg.rf.35344e155dae0e4a1316842db0c67433.jpg,0,0,5,0.984,0,det,det,det,,091/66,5V4K,Mr. Mime,91/146,XY,XY,Uncommon,50.0
2260_jpg.rf.06c82f1b3030a0ca9a9b099b443876c0.jpg#p00#2#0,2260_jpg.rf.06c82f1b3030a0ca9a9b099b443876c0.jpg,0,2,0,0.976,0,det,det,det,,014/106,SV8,Ponyta,14/106,FLF,Flashfire,Common,75.0
2260_jpg.rf.06c82f1b3030a0ca9a9b099b443876c0.jpg#p00#4#1,2260_jpg.rf.06c82f1b3030a0ca9a9b099b443876c0.jpg,0,4,1,0.974,180,det,det,det,,,,Alakazam,1/130,B2,Base Set 2,Rare Holo,0.0
2260_jpg.rf.06c82f1b3030a0ca9a9b099b443876c0.jpg#p00#5#2,2260_jpg.rf.06c82f1b3030a0ca9a9b099b443876c0.jpg,0,5,2,0.916,180,det,det,det,No,045/100,,Snom,45/162,TEF,Temporal Forces,Common,950.0
2260_jpg.rf.06c82f1b3030a0ca9a9b099b443876c0.jpg#p00#0#3,2260_jpg.rf.06c82f1b3030a0ca9a9b099b443876c0.jpg,0,0,3,0.984,0,det,det,det,,016/71,,Tauros,16/112,RG,FireRed & LeafGreen,Rare Holo,50.0
2260_jpg.rf.06c82f1b3030a0ca9a9b099b443876c0.jpg#p00#3#4,2260_jpg.rf.06c82f1b3030a0ca9a9b099b443876c0.jpg,0,3,4,0.975,180,det,det,det,,058/68,MO,Jessie & James,58/68,HIF,Hidden Fates,Rare Holo,75.0
2260_jpg.rf.06c82f1b3030a0ca9a9b099b443876c0.jpg#p00#1#5,2260_jpg.rf.06c82f1b3030a0ca9a9b099b443876c0.jpg,0,1,5,0.977,0,det,det,template,,,,Alakazam,1/130,B2,Base Set 2,Rare Holo,0.0
2261_jpg.rf.894bc951c09086e0914f65de8cd43911.jpg#p00#6#0,2261_jpg.rf.894bc951c09086e0914f65de8cd43911.jpg,0,6,0,0.982,0,det,det,det,,047/63,,Diglett,47/102,BS,Base Set,Common,50.0
2261_jpg.rf.894bc951c09086e0914f65de8cd43911.jpg#p00#1#1,2261_jpg.rf.894bc951c09086e0914f65de8cd43911.jpg,0,1,1,0.984,0,det,det,det,,092/190,VAD,Rufflet,92/114,STS,Steam Siege,Common,50.0
2261_jpg.rf.894bc951c09086e0914f65de8cd43911.jpg#p00#4#2,2261_jpg.rf.894bc951c09086e0914f65de8cd43911.jpg,0,4,2,0.983,0,det,det,det,,028/62,SO,Muk,28/62,FO,Fossil,Rare,75.0
2261_jpg.rf.894bc951c09086e0914f65de8cd43911.jpg#p00#3#3,2261_jpg.rf.894bc951c09086e0914f65de8cd43911.jpg,0,3,3,0.983,0,det,det,det,,028/73,MO,Pikachu,28/73,SLG,Shining Legends,Common,75.0
2261_jpg.rf.894bc951c09086e0914f65de8cd43911.jpg#p00#0#4,2261_jpg.rf.894bc951c09086e0914f65de8cd43911.jpg,0,0,4,0.986,0,det,det,det,,005/100,,Dugtrio,5/100,CG,Crystal Guardians,Rare Holo,75.0
2261_jpg.rf.894bc951c09086e0914f65de8cd43911.jpg#p00#5#5,2261_jpg.rf.894bc951c09086e0914f65de8cd43911.jpg,0,5,5,0.982,0,det,det,det,,250/172,3120,Fan Rotom,250/217,ASC,Ascended Heroes,Illustration Rare,50.0
2261_jpg.rf.894bc951c09086e0914f65de8cd43911.jpg#p00#2#6,2261_jpg.rf.894bc951c09086e0914f65de8cd43911.jpg,0,2,6,0.984,0,det,det,det,,015/100,,Drapion,15/100,SF,Stormfront,Rare,75.0
2261_jpg.rf.894bc951c09086e0914f65de8cd43911.jpg#p00#7#7,2261_jpg.rf.894bc951c09086e0914f65de8cd43911.jpg,0,7,7,0.982,0,det,det,template,V,054/67,,Gardevoir,54/98,AOR,Ancient Origins,Rare Holo,930.0
2261_jpg.rf.894bc951c09086e0914f65de8cd43911.jpg#p00#8#8,2261_jpg.rf.894bc951c09086e0914f65de8cd43911.jpg,0,8,8,0.978,0,det,det,det,EX,065/108,,M Pidgeot-EX,65/108,EVO,Evolutions,Rare Holo EX,1075.0
2262_jpg.rf.89689419d07fdf0fc5e50d90288b0b9c.jpg#p00#2#0,2262_jpg.rf.89689419d07fdf0fc5e50d90288b0b9c.jpg,0,2,0,0.986,0,det,det,det,,057/67,10F,Salamence,57/108,ROS,Roaring Skies,Rare Holo,50.0
2262_jpg.rf.89689419d07fdf0fc5e50d90288b0b9c.jpg#p00#3#1,2262_jpg.rf.89689419d07fdf0fc5e50d90288b0b9c.jpg,0,3,1,0.985,0,det,det,det,,191/190,4A,Light Ball,191/217,ASC,Ascended Heroes,Uncommon,50.0
2262_jpg.rf.89689419d07fdf0fc5e50d90288b0b9c.jpg#p00#1#2,2262_jpg.rf.89689419d07fdf0fc5e50d90288b0b9c.jpg,0,1,2,0.986,0,det,det,det,,117/101,,AZ,117/119,PHF,Phantom Forces,Rare Ultra,50.0
2262_jpg.rf.89689419d07fdf0fc5e50d90288b0b9c.jpg#p00#7#3,2262_jpg.rf.89689419d07fdf0fc5e50d90288b0b9c.jpg,0,7,3,0.98,0,det,det,det,VSTAR,042/122,32D,Mewtwo VSTAR,GG44/70,CRZ,Crown Zenith,Rare Holo VSTAR,1015.0
2262_jpg.rf.89689419d07fdf0fc5e50d90288b0b9c.jpg#p00#4#4,2262_jpg.rf.89689419d07fdf0fc5e50d90288b0b9c.jpg,0,4,4,0.985,0,det,det,det,,059/102,,Poliwag,59/102,BS,Base Set,Common,75.0
2262_jpg.rf.89689419d07fdf0fc5e50d90288b0b9c.jpg#p00#5#5,2262_jpg.rf.89689419d07fdf0fc5e50d90288b0b9c.jpg,0,5,5,0.984,0,det,det,det,V,075/67,S10P,Giovanni's Nidoran ♀,75/132,G2,Gym Challenge,Common,930.0
2262_jpg.rf.89689419d07fdf0fc5e50d90288b0b9c.jpg#p00#8#6,2262_jpg.rf.89689419d07fdf0fc5e50d90288b0b9c.jpg,0,8,6,0.979,0,det,det,template,V,072/100,,Sylveon,72/111,FFI,Furious Fists,Rare,930.0
2262_jpg.rf.89689419d07fdf0fc5e50d90288b0b9c.jpg#p00#6#7,2262_jpg.rf.89689419d07fdf0fc5e50d90288b0b9c.jpg,0,6,7,0.983,0,det,det,det,,037/108,,Magnemite,37/108,EVO,Evolutions,Common,75.0
2262_jpg.rf.89689419d07fdf0fc5e50d90288b0b9c.jpg#p00#0#8,2262_jpg.rf.89689419d07fdf0fc5e50d90288b0b9c.jpg,0,0,8,0.986,0,det,det,det,,036/71,SV2P,Wobbuffet,36/119,PHF,Phantom Forces,Uncommon,50.0
2263_jpg.rf.1c6f1bd41ff9ff95d3f26722e9b05caf.jpg#p00#2#0,2263_jpg.rf.1c6f1bd41ff9ff95d3f26722e9b05caf.jpg,0,2,0,0.976,0,det,det,det,,014/100,,Zangoose,14/100,SS,Sandstorm,Rare Holo,75.0
2263_jpg.rf.1c6f1bd41ff9ff95d3f26722e9b05caf.jpg#p00#0#1,2263_jpg.rf.1c6f1bd41ff9ff95d3f26722e9b05caf.jpg,0,0,1,0.985,0,det,det,det,,003/102,,Quaxly,3/102,SVP,SVP Black Star Promos,Promo,75.0
2263_jpg.rf.1c6f1bd41ff9ff95d3f26722e9b05caf.jpg#p00#1#2,2263_jpg.rf.1c6f1bd41ff9ff95d3f26722e9b05caf.jpg,0,1,2,0.985,0,det,det,det,,006/100,,Kabutops,6/100,MD,Majestic Dawn,Rare Holo,75.0
2264_jpg.rf.1edc60a9cc308c00a4ef61c34305742e.jpg#p00#6#0,2264_jpg.rf.1edc60a9cc308c00a4ef61c34305742e.jpg,0,6,0,0.984,0,det,det,det,,146/172,,Pot Helmet,146/172,BRS,Brilliant Stars,Uncommon,75.0
2264_jpg.rf.1edc60a9cc308c00a4ef61c34305742e.jpg#p00#8#1,2264_jpg.rf.1edc60a9cc308c00a4ef61c34305742e.jpg,0,8,1,0.98,0,det,det,det,,072/71,,Tentacruel,72/160,PRC,Primal Clash,Rare,50.0
2264_jpg.rf.1edc60a9cc308c00a4ef61c34305742e.jpg#p00#1#2,2264_jpg.rf.1edc60a9cc308c00a4ef61c34305742e.jpg,0,1,2,0.987,0,det,det,det,,056/66,,Shelgon,56/108,ROS,Roaring Skies,Uncommon,50.0
2264_jpg.rf.1edc60a9cc308c00a4ef61c34305742e.jpg#p00#4#3,2264_jpg.rf.1edc60a9cc308c00a4ef61c34305742e.jpg,0,4,3,0.985,0,det,det,det,,024/108,,Slowbro,24/108,DEX,Dark Explorers,Uncommon,75.0
2264_jpg.rf.1edc60a9cc308c00a4ef61c34305742e.jpg#p00#3#4,2264_jpg.rf.1edc60a9cc308c00a4ef61c34305742e.jpg,0,3,4,0.985,0,det,det,det,,061/102,ESV7E,Rattata,61/102,BS,Base Set,Common,75.0
2264_jpg.rf.1edc60a9cc308c00a4ef61c34305742e.jpg#p00#5#5,2264_jpg.rf.1edc60a9cc308c00a4ef61c34305742e.jpg,0,5,5,0.985,0,det,det,det,,114/100,59,Purrloin,114/182,PAR,Paradox Rift,Common,50.0
2264_jpg.rf.1edc60a9cc308c00a4ef61c34305742e.jpg#p00#7#6,2264_jpg.rf.1edc60a9cc308c00a4ef61c34305742e.jpg,0,7,6,0.983,0,det,det,det,,003/102,,Quaxly,3/102,SVP,SVP Black Star Promos,Promo,75.0
2264_jpg.rf.1edc60a9cc308c00a4ef61c34305742e.jpg#p00#2#7,2264_jpg.rf.1edc60a9cc308c00a4ef61c34305742e.jpg,0,2,7,0.985,0,det,det,det,V,106/100,1311,M Gardevoir-EX,106/160,PRC,Primal Clash,Rare Holo EX,930.0
2264_jpg.rf.1edc60a9cc308c00a4ef61c34305742e.jpg#p00#0#8,2264_jpg.rf.1edc60a9cc308c00a4ef61c34305742e.jpg,0,0,8,0.987,0,det,det,det,,031/71,,Shellder,31/146,XY,XY,Common,50.0
2265_jpg.rf.ac2fb3f79a30fb9fd765eb586cacd1cf.jpg#p00#2#0,2265_jpg.rf.ac2fb3f79a30fb9fd765eb586cacd1cf.jpg,0,2,0,0.973,180,det,det,det,,031/64,WO,Vileplume,31/64,JU,Jungle,Rare,75.0
2265_jpg.rf.ac2fb3f79a30fb9fd765eb586cacd1cf.jpg#p00#3#1,2265_jpg.rf.ac2fb3f79a30fb9fd765eb586cacd1cf.jpg,0,3,1,0.968,180,det,det,template,,,,Alakazam,1/130,B2,Base Set 2,Rare Holo,0.0
2265_jpg.rf.ac2fb3f79a30fb9fd765eb586cacd1cf.jpg#p00#0#2,2265_jpg.rf.ac2fb3f79a30fb9fd765eb586cacd1cf.jpg,0,0,2,0.982,180,det,det,det,,007/64,,Nidoqueen,7/64,JU,Jungle,Rare Holo,75.0
2265_jpg.rf.ac2fb3f79a30fb9fd765eb586cacd1cf.jpg#p00#1#3,2265_jpg.rf.ac2fb3f79a30fb9fd765eb586cacd1cf.jpg,0,1,3,0.982,180,det,det,det,,048/101,,Elekid δ,48/101,DF,Dragon Frontiers,Common,75.0
2266_jpg.rf.0859cacea622530fc65b23377d33be25.jpg#p00#4#0,2266_jpg.rf.0859cacea622530fc65b23377d33be25.jpg,0,4,0,0.97,0,det,det,det,,083/67,102,Maintenance,83/102,BS,Base Set,Uncommon,50.0
2266_jpg.rf.0859cacea622530fc65b23377d33be25.jpg#p00#5#1,2266_jpg.rf.0859cacea622530fc65b23377d33be25.jpg,0,5,1,0.967,0,det,det,det,,048/78,,Melmetal VMAX,48/78,PGO,Pokémon GO,Rare Holo VMAX,75.0
2266_jpg.rf.0859cacea622530fc65b23377d33be25.jpg#p00#0#2,2266_jpg.rf.0859cacea622530fc65b23377d33be25.jpg,0,0,2,0.979,180,det,det,det,,069/100,,Whismur,69/100,CG,Crystal Guardians,Common,75.0
2266_jpg.rf.0859cacea622530fc65b23377d33be25.jpg#p00#2#3,2266_jpg.rf.0859cacea622530fc65b23377d33be25.jpg,0,2,3,0.974,180,det,det,det,,096/71,,Latios ex δ,96/101,DF,Dragon Frontiers,Rare Holo EX,50.0
2266_jpg.rf.0859cacea622530fc65b23377d33be25.jpg#p00#3#4,2266_jpg.rf.0859cacea622530fc65b23377d33be25.jpg,0,3,4,0.97,180,det,det,det,V,054/67,,Gardevoir,54/98,AOR,Ancient Origins,Rare Holo,930.0
2266_jpg.rf.0859cacea622530fc65b23377d33be25.jpg#p00#1#5,2266_jpg.rf.0859cacea622530fc65b23377d33be25.jpg,0,1,5,0.975,0,det,det,det,,025/64,5V60,Bloodmoon Ursaluna,25/64,SFA,Shrouded Fable,Rare,75.0
2267_jpg.rf.6b10b91a7a2524e8c300e980dabca110.jpg#p00#3#0,2267_jpg.rf.6b10b91a7a2524e8c300e980dabca110.jpg,0,3,0,0.938,180,det,det,det,,033/150,SE,Dark Dragonair,33/82,RO,Team Rocket,Uncommon,50.0
2267_jpg.rf.6b10b91a7a2524e8c300e980dabca110.jpg#p00#0#1,2267_jpg.rf.6b10b91a7a2524e8c300e980dabca110.jpg,0,0,1,0.98,0,det,det,det,,017/68,51O,Lapras,17/68,HIF,Hidden Fates,Rare,75.0
2267_jpg.rf.6b10b91a7a2524e8c300e980dabca110.jpg#p00#1#2,2267_jpg.rf.6b10b91a7a2524e8c300e980dabca110.jpg,0,1,2,0.977,180,det,det,det,,025/66,DO,Articuno-EX,25/135,PLS,Plasma Storm,Rare Holo EX,50.0
2267_jpg.rf.6b10b91a7a2524e8c300e980dabca110.jpg#p00#2#3,2267_jpg.rf.6b10b91a7a2524e8c300e980dabca110.jpg,0,2,3,0.977,0,det,det,det,,,,Alakazam,1/130,B2,Base Set 2,Rare Holo,0.0
2268_jpg.rf.e4172a18dc8d68a32a6ec557cebaf9db.jpg#p00#1#0,2268_jpg.rf.e4172a18dc8d68a32a6ec557cebaf9db.jpg,0,1,0,0.979,0,det,det,det,,,,Alakazam,1/130,B2,Base Set 2,Rare Holo,0.0
2268_jpg.rf.e4172a18dc8d68a32a6ec557cebaf9db.jpg#p00#2#1,2268_jpg.rf.e4172a18dc8d68a32a6ec557cebaf9db.jpg,0,2,1,0.977,0,det,det,det,,054/71,,Mightyena,54/119,PHF,Phantom Forces,Rare,50.0
2268_jpg.rf.e4172a18dc8d68a32a6ec557cebaf9db.jpg#p00#0#2,2268_jpg.rf.e4172a18dc8d68a32a6ec557cebaf9db.jpg,0,0,2,0.985,180,det,det,det,E,124/108,,Ferrothorn,124/185,VIV,Vivid Voltage,Uncommon,930.0
2268_jpg.rf.e4172a18dc8d68a32a6ec557cebaf9db.jpg#p00#3#3,2268_jpg.rf.e4172a18dc8d68a32a6ec557cebaf9db.jpg,0,3,3,0.976,180,det,det,det,,,,Alakazam,1/130,B2,Base Set 2,Rare Holo,0.0
2269_jpg.rf.fe9dee33ca2a8e81aa31145f136e4721.jpg#p00#3#0,2269_jpg.rf.fe9dee33ca2a8e81aa31145f136e4721.jpg,0,3,0,0.974,0,det,det,det,,076/71,W22,Gothorita,76/149,BCR,Boundaries Crossed,Uncommon,50.0
2269_jpg.rf.fe9dee33ca2a8e81aa31145f136e4721.jpg#p00#5#1,2269_jpg.rf.fe9dee33ca2a8e81aa31145f136e4721.jpg,0,5,1,0.97,0,det,det,det,,,,Alakazam,1/130,B2,Base Set 2,Rare Holo,0.0
2269_jpg.rf.fe9dee33ca2a8e81aa31145f136e4721.jpg#p00#2#2,2269_jpg.rf.fe9dee33ca2a8e81aa31145f136e4721.jpg,0,2,2,0.977,180,det,det,det,,082/108,,Fletchling,82/108,ROS,Roaring Skies,Common,75.0
2269_jpg.rf.fe9dee33ca2a8e81aa31145f136e4721.jpg#p00#4#3,2269_jpg.rf.fe9dee33ca2a8e81aa31145f136e4721.jpg,0,4,3,0.973,180,det,det,det,,,,Alakazam,1/130,B2,Base Set 2,Rare Holo,0.0
2269_jpg.rf.fe9dee33ca2a8e81aa31145f136e4721.jpg#p00#1#4,2269_jpg.rf.fe9dee33ca2a8e81aa31145f136e4721.jpg,0,1,4,0.977,0,det,det,det,,023/44,,Staryu,23/99,NXD,Next Destinies,Common,50.0
2269_jpg.rf.fe9dee33ca2a8e81aa31145f136e4721.jpg#p00#0#5,2269_jpg.rf.fe9dee33ca2a8e81aa31145f136e4721.jpg,0,0,5,0.982,180,det,det,det,,032/67,510P7,Croconaw,32/111,N1,Neo Genesis,Uncommon,50.0
2270_jpg.rf.d4924022ad1688880ed9b179514f1108.jpg#p00#3#0,2270_jpg.rf.d4924022ad1688880ed9b179514f1108.jpg,0,3,0,0.978,0,det,det,det,,057/71,2D,Salamence,57/108,ROS,Roaring Skies,Rare Holo,50.0
2270_jpg.rf.d4924022ad1688880ed9b179514f1108.jpg#p00#1#1,2270_jpg.rf.d4924022ad1688880ed9b179514f1108.jpg,0,1,1,0.979,0,det,det,det,,017/190,MG,Articuno,17/62,FO,Fossil,Rare,50.0
2270_jpg.rf.d4924022ad1688880ed9b179514f1108.jpg#p00#2#2,2270_jpg.rf.d4924022ad1688880ed9b179514f1108.jpg,0,2,2,0.979,0,det,det,det,U,088/62,53,Jigglypuff,88/146,XY,XY,Common,930.0
2270_jpg.rf.d4924022ad1688880ed9b179514f1108.jpg#p00#4#3,2270_jpg.rf.d4924022ad1688880ed9b179514f1108.jpg,0,4,3,0.976,0,det,det,det,,061/67,,Recycle,61/62,FO,Fossil,Common,50.0
2270_jpg.rf.d4924022ad1688880ed9b179514f1108.jpg#p00#0#4,2270_jpg.rf.d4924022ad1688880ed9b179514f1108.jpg,0,0,4,0.983,0,det,det,det,,029/63,1V90,Helioptile,29/119,PHF,Phantom Forces,Common,50.0
2271_jpg.rf.08a2bc14c627f5d5ad17f4c5e35fcd7c.jpg#p00#7#0,2271_jpg.rf.08a2bc14c627f5d5ad17f4c5e35fcd7c.jpg,0,7,0,0.981,180,det,det,template,,,,Alakazam,1/130,B2,Base Set 2,Rare Holo,0.0
2271_jpg.rf.08a2bc14c627f5d5ad17f4c5e35fcd7c.jpg#p00#2#1,2271_jpg.rf.08a2bc14c627f5d5ad17f4c5e35fcd7c.jpg,0,2,1,0.984,0,det,det,det,,092/100,,Call Energy,92/100,MD,Majestic Dawn,Uncommon,75.0
2271_jpg.rf.08a2bc14c627f5d5ad17f4c5e35fcd7c.jpg#p00#0#2,2271_jpg.rf.08a2bc14c627f5d5ad17f4c5e35fcd7c.jpg,0,0,2,0.989,0,det,det,det,,128/167,W80,Dreepy,128/167,TWM,Twilight Masquerade,Common,75.0
2271_jpg.rf.08a2bc14c627f5d5ad17f4c5e35fcd7c.jpg#p00#6#3,2271_jpg.rf.08a2bc14c627f5d5ad17f4c5e35fcd7c.jpg,0,6,3,0.982,0,det,det,det,,039/78,,Solrock,39/78,PGO,Pokémon GO,Uncommon,75.0
2271_jpg.rf.08a2bc14c627f5d5ad17f4c5e35fcd7c.jpg#p00#5#4,2271_jpg.rf.08a2bc14c627f5d5ad17f4c5e35fcd7c.jpg,0,5,4,0.983,0,det,det,det,EX,027/64,MA,M Slowbro-EX,27/108,EVO,Evolutions,Rare Holo EX,1050.0
2271_jpg.rf.08a2bc14c627f5d5ad17f4c5e35fcd7c.jpg#p00#4#5,2271_jpg.rf.08a2bc14c627f5d5ad17f4c5e35fcd7c.jpg,0,4,5,0.983,0,det,det,det,,,Y80,Alakazam,1/130,B2,Base Set 2,Rare Holo,0.0
2271_jpg.rf.08a2bc14c627f5d5ad17f4c5e35fcd7c.jpg#p00#1#6,2271_jpg.rf.08a2bc14c627f5d5ad17f4c5e35fcd7c.jpg,0,1,6,0.988,0,det,det,det,,037/73,SVIO,Arbok,37/73,SLG,Shining Legends,Uncommon,75.0
2271_jpg.rf.08a2bc14c627f5d5ad17f4c5e35fcd7c.jpg#p00#3#7,2271_jpg.rf.08a2bc14c627f5d5ad17f4c5e35fcd7c.jpg,0,3,7,0.983,0,det,det,det,,048/71,V5K,Doduo,48/102,BS,Base Set,Common,50.0
2272_jpg.rf.0df5666d477d2482fe9d4d796e161e7f.jpg#p00#4#0,2272_jpg.rf.0df5666d477d2482fe9d4d796e161e7f.jpg,0,4,0,0.971,180,det,det,det,,017/101,,Ducklett,BW17/101,BWP,BW Black Star Promos,Promo,75.0
2272_jpg.rf.0df5666d477d2482fe9d4d796e161e7f.jpg#p00#3#1,2272_jpg.rf.0df5666d477d2482fe9d4d796e161e7f.jpg,0,3,1,0.971,0,det,det,det,,015/98,12,Deerling,15/98,EPO,Emerging Powers,Common,75.0
2272_jpg.rf.0df5666d477d2482fe9d4d796e161e7f.jpg#p00#1#2,2272_jpg.rf.0df5666d477d2482fe9d4d796e161e7f.jpg,0,1,2,0.976,180,det,det,det,,023/165,,Pidgeot,23/165,EX,Expedition Base Set,Rare Holo,75.0
2272_jpg.rf.0df5666d477d2482fe9d4d796e161e7f.jpg#p00#0#3,2272_jpg.rf.0df5666d477d2482fe9d4d796e161e7f.jpg,0,0,3,0.977,180,det,det,det,,002/61,,M Venusaur-EX,2/146,XY,XY,Rare Holo EX,50.0
2272_jpg.rf.0df5666d477d2482fe9d4d796e161e7f.jpg#p00#2#4,2272_jpg.rf.0df5666d477d2482fe9d4d796e161e7f.jpg,0,2,4,0.974,0,det,det,det,,057/71,,Salamence,57/108,ROS,Roaring Skies,Rare Holo,50.0
2273_jpg.rf.37e7dd9b7a68c62c41aa8f8ede363cdb.jpg#p00#2#0,2273_jpg.rf.37e7dd9b7a68c62c41aa8f8ede363cdb.jpg,0,2,0,0.989,0,det,det,det,,024/44,MK,Fennekin,24/146,XY,XY,Common,50.0
2273_jpg.rf.37e7dd9b7a68c62c41aa8f8ede363cdb.jpg#p00#6#1,2273_jpg.rf.37e7dd9b7a68c62c41aa8f8ede363cdb.jpg,0,6,1,0.983,0,det,det,det,,083/67,STOP,Maintenance,83/102,BS,Base Set,Uncommon,50.0
2273_jpg.rf.37e7dd9b7a68c62c41aa8f8ede363cdb.jpg#p00#0#2,2273_jpg.rf.37e7dd9b7a68c62c41aa8f8ede363cdb.jpg,0,0,2,0.99,0,det,det,det,,125/190,,Sabrina's Gaze,125/132,G1,Gym Heroes,Common,50.0
2273_jpg.rf.37e7dd9b7a68c62c41aa8f8ede363cdb.jpg#p00#5#3,2273_jpg.rf.37e7dd9b7a68c62c41aa8f8ede363cdb.jpg,0,5,3,0.984,0,det,det,det,V,079/71,3100,M Gardevoir-EX,79/114,STS,Steam Siege,Rare Holo EX,930.0
2273_jpg.rf.37e7dd9b7a68c62c41aa8f8ede363cdb.jpg#p00#7#4,2273_jpg.rf.37e7dd9b7a68c62c41aa8f8ede363cdb.jpg,0,7,4,0.982,0,det,det,det,,060/190,,Gambler,60/62,FO,Fossil,Common,50.0
2273_jpg.rf.37e7dd9b7a68c62c41aa8f8ede363cdb.jpg#p00#3#5,2273_jpg.rf.37e7dd9b7a68c62c41aa8f8ede363cdb.jpg,0,3,5,0.987,0,det,det,det,EX,121/102,,M Altaria-EX,121/124,FCO,Fates Collide,Rare Ultra,1050.0
2273_jpg.rf.37e7dd9b7a68c62c41aa8f8ede363cdb.jpg#p00#1#6,2273_jpg.rf.37e7dd9b7a68c62c41aa8f8ede363cdb.jpg,0,1,6,0.99,0,det,det,det,,032/67,3102,Croconaw,32/111,N1,Neo Genesis,Uncommon,50.0
2273_jpg.rf.37e7dd9b7a68c62c41aa8f8ede363cdb.jpg#p00#4#7,2273_jpg.rf.37e7dd9b7a68c62c41aa8f8ede363cdb.jpg,0,4,7,0.986,0,det,det,det,,088/108,,Stoutland,88/108,DEX,Dark Explorers,Rare,75.0
2274_jpg.rf.8b4f6638fcefb1f6057c25b87cbab007.jpg#p00#1#0,2274_jpg.rf.8b4f6638fcefb1f6057c25b87cbab007.jpg,0,1,0,0.985,0,det,det,det,,124/108,,Archie's Ace in the Hole,124/160,PRC,Primal Clash,Uncommon,50.0
2274_jpg.rf.8b4f6638fcefb1f6057c25b87cbab007.jpg#p00#0#1,2274_jpg.rf.8b4f6638fcefb1f6057c25b87cbab007.jpg,0,0,1,0.987,0,det,det,det,,008/100,,Manectric,8/100,CG,Crystal Guardians,Rare Holo,75.0
2274_jpg.rf.8b4f6638fcefb1f6057c25b87cbab007.jpg#p00#3#2,2274_jpg.rf.8b4f6638fcefb1f6057c25b87cbab007.jpg,0,3,2,0.982,0,det,det,det,,206/165,N20,Switch,206/165,MEW,151,Hyper Rare,75.0
2274_jpg.rf.8b4f6638fcefb1f6057c25b87cbab007.jpg#p00#2#3,2274_jpg.rf.8b4f6638fcefb1f6057c25b87cbab007.jpg,0,2,3,0.985,0,det,det,det,,629/306,,Guzzlord-GX,63a/111,CIN,Crimson Invasion,Rare Holo GX,15.0
2275_jpg.rf.ed2c8b86fa375c5deb46b6af9a5233e6.jpg#p00#1#0,2275_jpg.rf.ed2c8b86fa375c5deb46b6af9a5233e6.jpg,0,1,0,0.984,0,det,det,det,,042/64,,Chinchou,42/64,N3,Neo Revelation,Common,75.0
2275_jpg.rf.ed2c8b86fa375c5deb46b6af9a5233e6.jpg#p00#2#1,2275_jpg.rf.ed2c8b86fa375c5deb46b6af9a5233e6.jpg,0,2,1,0.984,0,det,det,det,,145/187,S8C,Pokémon Nurse,145/165,EX,Expedition Base Set,Uncommon,50.0
2275_jpg.rf.ed2c8b86fa375c5deb46b6af9a5233e6.jpg#p00#3#2,2275_jpg.rf.ed2c8b86fa375c5deb46b6af9a5233e6.jpg,0,3,2,0.981,0,det,det,det,,031/73,MD,Electrode,31/73,SLG,Shining Legends,Uncommon,75.0
2275_jpg.rf.ed2c8b86fa375c5deb46b6af9a5233e6.jpg#p00#4#3,2275_jpg.rf.ed2c8b86fa375c5deb46b6af9a5233e6.jpg,0,4,3,0.978,0,det,det,det,,050/64,,Cubone,50/64,JU,Jungle,Common,75.0
2275_jpg.rf.ed2c8b86fa375c5deb46b6af9a5233e6.jpg#p00#0#4,2275_jpg.rf.ed2c8b86fa375c5deb46b6af9a5233e6.jpg,0,0,4,0.988,0,det,det,det,X,068/78,EVIS,Lugia-EX,68/98,AOR,Ancient Origins,Rare Holo EX,930.0
2276_jpg.rf.4d5bc64ae1f7c53bd0710ae8217cd1fe.jpg#p00#3#0,2276_jpg.rf.4d5bc64ae1f7c53bd0710ae8217cd1fe.jpg,0,3,0,0.981,0,det,det,det,,060/68,,Lt. Surge's Strategy,60/68,HIF,Hidden Fates,Uncommon,75.0
2276_jpg.rf.4d5bc64ae1f7c53bd0710ae8217cd1fe.jpg#p00#2#1,2276_jpg.rf.4d5bc64ae1f7c53bd0710ae8217cd1fe.jpg,0,2,1,0.983,0,det,det,det,E3,330/190,4D,Mew,8/53,WBP,Wizards Black Star Promos,Promo,900.0
2276_jpg.rf.4d5bc64ae1f7c53bd0710ae8217cd1fe.jpg#p00#0#2,2276_jpg.rf.4d5bc64ae1f7c53bd0710ae8217cd1fe.jpg,0,0,2,0.986,0,det,det,det,,083/172,3120,Golurk,83/172,BRS,Brilliant Stars,Rare,75.0
2276_jpg.rf.4d5bc64ae1f7c53bd0710ae8217cd1fe.jpg#p00#1#3,2276_jpg.rf.4d5bc64ae1f7c53bd0710ae8217cd1fe.jpg,0,1,3,0.985,0,det,det,det,V,106/100,KIN,M Gardevoir-EX,106/160,PRC,Primal Clash,Rare Holo EX,930.0
2277_jpg.rf.fc7be97c49c824403044e0a1649033ac.jpg#p00#0#0,2277_jpg.rf.fc7be97c49c824403044e0a1649033ac.jpg,0,0,0,0.983,0,det,det,det,,083/71,1V20,Maintenance,83/102,BS,Base Set,Uncommon,50.0
2277_jpg.rf.fc7be97c49c824403044e0a1649033ac.jpg#p00#4#1,2277_jpg.rf.fc7be97c49c824403044e0a1649033ac.jpg,0,4,1,0.98,0,det,det,det,,031/71,,Shellder,31/146,XY,XY,Common,50.0
2277_jpg.rf.fc7be97c49c824403044e0a1649033ac.jpg#p00#5#2,2277_jpg.rf.fc7be97c49c824403044e0a1649033ac.jpg,0,5,2,0.979,0,det,det,template,,,,Alakazam,1/130,B2,Base Set 2,Rare Holo,0.0
2277_jpg.rf.fc7be97c49c824403044e0a1649033ac.jpg#p00#3#3,2277_jpg.rf.fc7be97c49c824403044e0a1649033ac.jpg,0,3,3,0.981,0,det,det,det,,015/63,,Snorlax,15/112,RG,FireRed & LeafGreen,Rare Holo,50.0
2277_jpg.rf.fc7be97c49c824403044e0a1649033ac.jpg#p00#1#4,2277_jpg.rf.fc7be97c49c824403044e0a1649033ac.jpg,0,1,4,0.983,0,det,det,det,,061/190,BG,Recycle,61/62,FO,Fossil,Common,50.0
2277_jpg.rf.fc7be97c49c824403044e0a1649033ac.jpg#p00#2#5,2277_jpg.rf.fc7be97c49c824403044e0a1649033ac.jpg,0,2,5,0.982,0,det,det,det,,065/100,,Magikarp,65/100,SF,Stormfront,Common,75.0
2278_jpg.rf.bc0d67b5f7da01b900ca743a928afcb9.jpg#p00#3#0,2278_jpg.rf.bc0d67b5f7da01b900ca743a928afcb9.jpg,0,3,0,0.985,0,det,det,det,,051/100,,Aipom,51/100,MD,Majestic Dawn,Common,75.0
2278_jpg.rf.bc0d67b5f7da01b900ca743a928afcb9.jpg#p00#6#1,2278_jpg.rf.bc0d67b5f7da01b900ca743a928afcb9.jpg,0,6,1,0.98,0,det,det,det,,033/100,,Budew,33/100,SF,Stormfront,Uncommon,75.0
2278_jpg.rf.bc0d67b5f7da01b900ca743a928afcb9.jpg#p00#4#2,2278_jpg.rf.bc0d67b5f7da01b900ca743a928afcb9.jpg,0,4,2,0.983,0,det,det,det,,928/62,531,Articuno,17/62,FO,Fossil,Rare,25.0
2278_jpg.rf.bc0d67b5f7da01b900ca743a928afcb9.jpg#p00#1#3,2278_jpg.rf.bc0d67b5f7da01b900ca743a928afcb9.jpg,0,1,3,0.988,0,det,det,det,,093/108,,Dark Patch,93/108,DEX,Dark Explorers,Uncommon,75.0
2278_jpg.rf.bc0d67b5f7da01b900ca743a928afcb9.jpg#p00#5#4,2278_jpg.rf.bc0d67b5f7da01b900ca743a928afcb9.jpg,0,5,4,0.982,0,det,det,det,,025/64,KV6A,Bloodmoon Ursaluna,25/64,SFA,Shrouded Fable,Rare,75.0
2278_jpg.rf.bc0d67b5f7da01b900ca743a928afcb9.jpg#p00#8#5,2278_jpg.rf.bc0d67b5f7da01b900ca743a928afcb9.jpg,0,8,5,0.979,0,det,det,det,,037/108,,Magnemite,37/108,EVO,Evolutions,Common,75.0
2278_jpg.rf.bc0d67b5f7da01b900ca743a928afcb9.jpg#p00#0#6,2278_jpg.rf.bc0d67b5f7da01b900ca743a928afcb9.jpg,0,0,6,0.991,0,det,det,det,,031/64,70,Vileplume,31/64,JU,Jungle,Rare,75.0
2278_jpg.rf.bc0d67b5f7da01b900ca743a928afcb9.jpg#p00#2#7,2278_jpg.rf.bc0d67b5f7da01b900ca743a928afcb9.jpg,0,2,7,0.987,0,det,det,det,,039/102,,Porygon,39/102,BS,Base Set,Uncommon,75.0
2278_jpg.rf.bc0d67b5f7da01b900ca743a928afcb9.jpg#p00#7#8,2278_jpg.rf.bc0d67b5f7da01b900ca743a928afcb9.jpg,0,7,8,0.979,0,template,det,det,,095/157,80,Gengar Spirit Link,95/119,PHF,Phantom Forces,Uncommon,50.0
2279_jpg.rf.4694d31ec3531875896cb06951feb868.jpg#p00#4#0,2279_jpg.rf.4694d31ec3531875896cb06951feb868.jpg,0,4,0,0.981,0,det,det,det,,010/66,SV5SO,Ninjask,10/108,ROS,Roaring Skies,Uncommon,50.0
2279_jpg.rf.4694d31ec3531875896cb06951feb868.jpg#p00#0#1,2279_jpg.rf.4694d31ec3531875896cb06951feb868.jpg,0,0,1,0.985,0,det,det,det,,169/190,,Larry's Staravia,169/217,ASC,Ascended Heroes,Uncommon,50.0
2279_jpg.rf.4694d31ec3531875896cb06951feb868.jpg#p00#5#2,2279_jpg.rf.4694d31ec3531875896cb06951feb868.jpg,0,5,2,0.98,0,det,det,template,,037/100,,Fearow,37/100,SS,Sandstorm,Uncommon,75.0
2279_jpg.rf.4694d31ec3531875896cb06951feb868.jpg#p00#3#3,2279_jpg.rf.4694d31ec3531875896cb06951feb868.jpg,0,3,3,0.981,0,det,det,det,,240/190,,Hitmontop,240/217,ASC,Ascended Heroes,Illustration Rare,50.0
2279_jpg.rf.4694d31ec3531875896cb06951feb868.jpg#p00#1#4,2279_jpg.rf.4694d31ec3531875896cb06951feb868.jpg,0,1,4,0.983,0,det,det,det,,048/71,,Doduo,48/102,BS,Base Set,Common,50.0
2279_jpg.rf.4694d31ec3531875896cb06951feb868.jpg#p00#2#5,2279_jpg.rf.4694d31ec3531875896cb06951feb868.jpg,0,2,5,0.982,0,det,det,det,,012/106,,Charizard-EX,12/106,FLF,Flashfire,Rare Holo EX,75.0
2280_jpg.rf.a90142735b453f83905aab5d5281ec53.jpg#p00#2#0,2280_jpg.rf.a90142735b453f83905aab5d5281ec53.jpg,0,2,0,0.983,0,det,det,det,,038/71,,Lickitung,38/64,JU,Jungle,Uncommon,50.0
2280_jpg.rf.a90142735b453f83905aab5d5281ec53.jpg#p00#4#1,2280_jpg.rf.a90142735b453f83905aab5d5281ec53.jpg,0,4,1,0.98,0,det,det,det,,020/106,,Kingler,20/106,GE,Great Encounters,Rare,75.0
2280_jpg.rf.a90142735b453f83905aab5d5281ec53.jpg#p00#0#2,2280_jpg.rf.a90142735b453f83905aab5d5281ec53.jpg,0,0,2,0.984,0,det,det,det,,037/73,SVIO,Arbok,37/73,SLG,Shining Legends,Uncommon,75.0
2280_jpg.rf.a90142735b453f83905aab5d5281ec53.jpg#p00#3#3,2280_jpg.rf.a90142735b453f83905aab5d5281ec53.jpg,0,3,3,0.983,0,det,det,det,,025/100,311,Vaporeon,25/100,SS,Sandstorm,Rare,75.0
2280_jpg.rf.a90142735b453f83905aab5d5281ec53.jpg#p00#1#4,2280_jpg.rf.a90142735b453f83905aab5d5281ec53.jpg,0,1,4,0.984,0,det,det,det,,030/187,5YOO,Oshawott,30/114,STS,Steam Siege,Common,50.0
2281_jpg.rf.2dc52f9aed1472dabfef8b80b706e9cd.jpg#p00#3#0,2281_jpg.rf.2dc52f9aed1472dabfef8b80b706e9cd.jpg,0,3,0,0.978,0,det,det,det,V,075/67,S10P,Giovanni's Nidoran ♀,75/132,G2,Gym Challenge,Common,930.0
2281_jpg.rf.2dc52f9aed1472dabfef8b80b706e9cd.jpg#p00#1#1,2281_jpg.rf.2dc52f9aed1472dabfef8b80b706e9cd.jpg,0,1,1,0.983,0,det,det,det,,100/190,SV40,Potion,100/114,BLW,Black & White,Common,50.0
2281_jpg.rf.2dc52f9aed1472dabfef8b80b706e9cd.jpg#p00#0#2,2281_jpg.rf.2dc52f9aed1472dabfef8b80b706e9cd.jpg,0,0,2,0.989,0,det,det,det,,037/108,,Magnemite,37/108,EVO,Evolutions,Common,75.0
2281_jpg.rf.2dc52f9aed1472dabfef8b80b706e9cd.jpg#p00#2#3,2281_jpg.rf.2dc52f9aed1472dabfef8b80b706e9cd.jpg,0,2,3,0.982,0,det,det,det,,119/165,52O,Mareep,119/165,EX,Expedition Base Set,Common,75.0
2282_jpg.rf.a55f72985e0791227ee8e0e1820c80bd.jpg#p00#6#0,2282_jpg.rf.a55f72985e0791227ee8e0e1820c80bd.jpg,0,6,0,0.984,0,det,det,det,,089/67,590,Professor Birch,89/109,RS,Ruby & Sapphire,Uncommon,50.0
2282_jpg.rf.a55f72985e0791227ee8e0e1820c80bd.jpg#p00#5#1,2282_jpg.rf.a55f72985e0791227ee8e0e1820c80bd.jpg,0,5,1,0.984,0,det,det,det,,,,Alakazam,1/130,B2,Base Set 2,Rare Holo,0.0
2282_jpg.rf.a55f72985e0791227ee8e0e1820c80bd.jpg#p00#8#2,2282_jpg.rf.a55f72985e0791227ee8e0e1820c80bd.jpg,0,8,2,0.981,0,det,det,det,X,015/64,M6,Revavroom ex,15/64,SFA,Shrouded Fable,Double Rare,955.0
2282_jpg.rf.a55f72985e0791227ee8e0e1820c80bd.jpg#p00#7#3,2282_jpg.rf.a55f72985e0791227ee8e0e1820c80bd.jpg,0,7,3,0.984,0,det,det,det,V,102/98,312,Vigoroth,102/124,DRX,Dragons Exalted,Uncommon,930.0
2282_jpg.rf.a55f72985e0791227ee8e0e1820c80bd.jpg#p00#4#4,2282_jpg.rf.a55f72985e0791227ee8e0e1820c80bd.jpg,0,4,4,0.985,0,det,det,det,,172/190,V40,Mega Audino ex,172/217,ASC,Ascended Heroes,Double Rare,50.0
2282_jpg.rf.a55f72985e0791227ee8e0e1820c80bd.jpg#p00#2#5,2282_jpg.rf.a55f72985e0791227ee8e0e1820c80bd.jpg,0,2,5,0.985,0,det,det,det,,114/100,,Purrloin,114/182,PAR,Paradox Rift,Common,50.0
2282_jpg.rf.a55f72985e0791227ee8e0e1820c80bd.jpg#p00#3#6,2282_jpg.rf.a55f72985e0791227ee8e0e1820c80bd.jpg,0,3,6,0.985,0,det,det,det,,031/64,5V70,Vileplume,31/64,JU,Jungle,Rare,75.0
2282_jpg.rf.a55f72985e0791227ee8e0e1820c80bd.jpg#p00#1#7,2282_jpg.rf.a55f72985e0791227ee8e0e1820c80bd.jpg,0,1,7,0.986,0,det,det,det,,107/108,,Darkrai-EX,107/108,DEX,Dark Explorers,Rare Ultra,75.0
2282_jpg.rf.a55f72985e0791227ee8e0e1820c80bd.jpg#p00#0#8,2282_jpg.rf.a55f72985e0791227ee8e0e1820c80bd.jpg,0,0,8,0.988,0,det,det,det,,129/165,EV20,Shellder,129/165,EX,Expedition Base Set,Common,75.0
2283_jpg.rf.668cfb6125dd235c8d3704dc02fa1e06.jpg#p00#3#0,2283_jpg.rf.668cfb6125dd235c8d3704dc02fa1e06.jpg,0,3,0,0.985,0,det,det,det,,061/106,,Buizel,61/106,GE,Great Encounters,Common,75.0
2283_jpg.rf.668cfb6125dd235c8d3704dc02fa1e06.jpg#p00#8#1,2283_jpg.rf.668cfb6125dd235c8d3704dc02fa1e06.jpg,0,8,1,0.98,0,det,det,det,,035/62,R3A,Golduck,35/62,FO,Fossil,Uncommon,75.0
2283_jpg.rf.668cfb6125dd235c8d3704dc02fa1e06.jpg#p00#7#2,2283_jpg.rf.668cfb6125dd235c8d3704dc02fa1e06.jpg,0,7,2,0.98,0,det,det,det,,010/22,SVEN,Ninjask,10/108,ROS,Roaring Skies,Uncommon,50.0
2283_jpg.rf.668cfb6125dd235c8d3704dc02fa1e06.jpg#p00#1#3,2283_jpg.rf.668cfb6125dd235c8d3704dc02fa1e06.jpg,0,1,3,0.986,0,det,det,det,,055/100,,Lotad,55/100,CG,Crystal Guardians,Common,75.0
2283_jpg.rf.668cfb6125dd235c8d3704dc02fa1e06.jpg#p00#6#4,2283_jpg.rf.668cfb6125dd235c8d3704dc02fa1e06.jpg,0,6,4,0.982,0,det,det,det,,025/100,,Vaporeon,25/100,SS,Sandstorm,Rare,75.0
2283_jpg.rf.668cfb6125dd235c8d3704dc02fa1e06.jpg#p00#4#5,2283_jpg.rf.668cfb6125dd235c8d3704dc02fa1e06.jpg,0,4,5,0.985,0,det,det,det,,023/100,59,Steelix,23/100,SS,Sandstorm,Rare,75.0
2283_jpg.rf.668cfb6125dd235c8d3704dc02fa1e06.jpg#p00#2#6,2283_jpg.rf.668cfb6125dd235c8d3704dc02fa1e06.jpg,0,2,6,0.986,0,det,det,det,VSTAR,087/67,39,Mewtwo VSTAR,86/78,PGO,Pokémon GO,Rare Secret,1015.0
2283_jpg.rf.668cfb6125dd235c8d3704dc02fa1e06.jpg#p00#5#7,2283_jpg.rf.668cfb6125dd235c8d3704dc02fa1e06.jpg,0,5,7,0.984,0,det,det,det,,073/71,V5K,Porygon2,73/101,PLB,Plasma Blast,Uncommon,50.0
2283_jpg.rf.668cfb6125dd235c8d3704dc02fa1e06.jpg#p00#0#8,2283_jpg.rf.668cfb6125dd235c8d3704dc02fa1e06.jpg,0,0,8,0.987,0,template,det,det,,060/71,YSK,Gambler,60/62,FO,Fossil,Common,50.0
2284_jpg.rf.1a580882c400a40279cc02edc43e4a47.jpg#p00#0#0,2284_jpg.rf.1a580882c400a40279cc02edc43e4a47.jpg,0,0,0,0.977,180,det,det,det,R,,MIN,Eri,210/162,TEF,Temporal Forces,Special Illustration Rare,900.0
2284_jpg.rf.1a580882c400a40279cc02edc43e4a47.jpg#p00#2#1,2284_jpg.rf.1a580882c400a40279cc02edc43e4a47.jpg,0,2,1,0.972,180,det,det,det,,,,Alakazam,1/130,B2,Base Set 2,Rare Holo,0.0
2284_jpg.rf.1a580882c400a40279cc02edc43e4a47.jpg#p00#5#2,2284_jpg.rf.1a580882c400a40279cc02edc43e4a47.jpg,0,5,2,0.968,0,det,det,det,,,39,Alakazam,1/130,B2,Base Set 2,Rare Holo,0.0
2284_jpg.rf.1a580882c400a40279cc02edc43e4a47.jpg#p00#3#3,2284_jpg.rf.1a580882c400a40279cc02edc43e4a47.jpg,0,3,3,0.971,180,det,det,det,,004/72,,Cacnea,4/72,SHF,Shining Fates,Common,75.0
2284_jpg.rf.1a580882c400a40279cc02edc43e4a47.jpg#p00#1#4,2284_jpg.rf.1a580882c400a40279cc02edc43e4a47.jpg,0,1,4,0.976,180,det,det,det,,007/78,,Ariados,7/78,PGO,Pokémon GO,Uncommon,75.0
2284_jpg.rf.1a580882c400a40279cc02edc43e4a47.jpg#p00#4#5,2284_jpg.rf.1a580882c400a40279cc02edc43e4a47.jpg,0,4,5,0.97,180,det,det,det,,204/19,33,Team Rocket's Giovanni,204/217,ASC,Ascended Heroes,Uncommon,50.0
2285_jpg.rf.e367f9d82a00bc2cfbda634e65dcb287.jpg#p00#6#0,2285_jpg.rf.e367f9d82a00bc2cfbda634e65dcb287.jpg,0,6,0,0.985,180,det,det,template,,,,Alakazam,1/130,B2,Base Set 2,Rare Holo,0.0
2285_jpg.rf.e367f9d82a00bc2cfbda634e65dcb287.jpg#p00#2#1,2285_jpg.rf.e367f9d82a00bc2cfbda634e65dcb287.jpg,0,2,1,0.986,0,det,det,det,,061/98,,Krokorok,61/98,EPO,Emerging Powers,Uncommon,75.0
2285_jpg.rf.e367f9d82a00bc2cfbda634e65dcb287.jpg#p00#3#2,2285_jpg.rf.e367f9d82a00bc2cfbda634e65dcb287.jpg,0,3,2,0.986,0,det,det,det,,074/165,M20,Croconaw,74/165,EX,Expedition Base Set,Uncommon,75.0
2285_jpg.rf.e367f9d82a00bc2cfbda634e65dcb287.jpg#p00#7#3,2285_jpg.rf.e367f9d82a00bc2cfbda634e65dcb287.jpg,0,7,3,0.984,0,det,det,det,,066/62,SY30,Rattata,66/82,RO,Team Rocket,Common,50.0
2285_jpg.rf.e367f9d82a00bc2cfbda634e65dcb287.jpg#p00#0#4,2285_jpg.rf.e367f9d82a00bc2cfbda634e65dcb287.jpg,0,0,4,0.987,0,det,det,det,,030/102,,Sharpedo,30/102,TM,Triumphant,Rare,75.0
2285_jpg.rf.e367f9d82a00bc2cfbda634e65dcb287.jpg#p00#4#5,2285_jpg.rf.e367f9d82a00bc2cfbda634e65dcb287.jpg,0,4,5,0.985,0,det,det,det,,060/71,SX,Gambler,60/62,FO,Fossil,Common,50.0
2285_jpg.rf.e367f9d82a00bc2cfbda634e65dcb287.jpg#p00#1#6,2285_jpg.rf.e367f9d82a00bc2cfbda634e65dcb287.jpg,0,1,6,0.987,0,det,det,det,,031/64,570,Vileplume,31/64,JU,Jungle,Rare,75.0
2285_jpg.rf.e367f9d82a00bc2cfbda634e65dcb287.jpg#p00#5#7,2285_jpg.rf.e367f9d82a00bc2cfbda634e65dcb287.jpg,0,5,7,0.985,0,det,det,det,,049/100,,Unown [Q],49/100,MD,Majestic Dawn,Uncommon,75.0
2286_jpg.rf.0e6b180bb8f507b9d62308d197af36b5.jpg#p00#8#0,2286_jpg.rf.0e6b180bb8f507b9d62308d197af36b5.jpg,0,8,0,0.98,0,det,det,det,,023/187,530,Staryu,23/99,NXD,Next Destinies,Common,50.0
2286_jpg.rf.0e6b180bb8f507b9d62308d197af36b5.jpg#p00#7#1,2286_jpg.rf.0e6b180bb8f507b9d62308d197af36b5.jpg,0,7,1,0.981,0,det,det,det,,086/64,LV6A,Cassiopeia,86/64,SFA,Shrouded Fable,Ultra Rare,75.0
2286_jpg.rf.0e6b180bb8f507b9d62308d197af36b5.jpg#p00#3#2,2286_jpg.rf.0e6b180bb8f507b9d62308d197af36b5.jpg,0,3,2,0.983,0,template,det,det,,050/71,27,Gastly,50/102,BS,Base Set,Common,50.0
2286_jpg.rf.0e6b180bb8f507b9d62308d197af36b5.jpg#p00#0#3,2286_jpg.rf.0e6b180bb8f507b9d62308d197af36b5.jpg,0,0,3,0.986,0,det,det,det,,046/62,EV3A,Ekans,46/62,FO,Fossil,Common,75.0
2286_jpg.rf.0e6b180bb8f507b9d62308d197af36b5.jpg#p00#4#4,2286_jpg.rf.0e6b180bb8f507b9d62308d197af36b5.jpg,0,4,4,0.982,0,det,det,det,,015/190,,Snorlax,15/112,RG,FireRed & LeafGreen,Rare Holo,50.0
2286_jpg.rf.0e6b180bb8f507b9d62308d197af36b5.jpg#p00#2#5,2286_jpg.rf.0e6b180bb8f507b9d62308d197af36b5.jpg,0,2,5,0.983,0,det,det,det,,024/100,39,Marshtomp,24/100,CG,Crystal Guardians,Rare,75.0
2286_jpg.rf.0e6b180bb8f507b9d62308d197af36b5.jpg#p00#1#6,2286_jpg.rf.0e6b180bb8f507b9d62308d197af36b5.jpg,0,1,6,0.983,0,det,det,det,V,124/172,12,Escavalier,124/189,DAA,Darkness Ablaze,Rare,930.0
2286_jpg.rf.0e6b180bb8f507b9d62308d197af36b5.jpg#p00#6#7,2286_jpg.rf.0e6b180bb8f507b9d62308d197af36b5.jpg,0,6,7,0.981,0,det,det,det,,053/165,MD,Persian,53/165,MEW,151,Uncommon,75.0
2286_jpg.rf.0e6b180bb8f507b9d62308d197af36b5.jpg#p00#5#8,2286_jpg.rf.0e6b180bb8f507b9d62308d197af36b5.jpg,0,5,8,0.982,0,det,det,det,,169/190,,Larry's Staravia,169/217,ASC,Ascended Heroes,Uncommon,50.0
2287_jpg.rf.2c6e0c59766dd94675459a4afa39327f.jpg#p00#2#0,2287_jpg.rf.2c6e0c59766dd94675459a4afa39327f.jpg,0,2,0,0.983,0,det,det,det,,044/71,5V20,Bulbasaur,44/102,BS,Base Set,Common,50.0
2287_jpg.rf.2c6e0c59766dd94675459a4afa39327f.jpg#p00#3#1,2287_jpg.rf.2c6e0c59766dd94675459a4afa39327f.jpg,0,3,1,0.982,0,det,det,det,,094/73,ID,Swirlix,94/146,XY,XY,Common,50.0
2287_jpg.rf.2c6e0c59766dd94675459a4afa39327f.jpg#p00#4#2,2287_jpg.rf.2c6e0c59766dd94675459a4afa39327f.jpg,0,4,2,0.981,0,det,det,det,,008/106,,Roselia,8/106,FLF,Flashfire,Common,75.0
2287_jpg.rf.2c6e0c59766dd94675459a4afa39327f.jpg#p00#5#3,2287_jpg.rf.2c6e0c59766dd94675459a4afa39327f.jpg,0,5,3,0.981,0,det,det,det,,021/102,,Electrode,21/102,BS,Base Set,Rare,75.0
2287_jpg.rf.2c6e0c59766dd94675459a4afa39327f.jpg#p00#0#4,2287_jpg.rf.2c6e0c59766dd94675459a4afa39327f.jpg,0,0,4,0.987,0,det,det,det,,065/100,,Magikarp,65/100,SF,Stormfront,Common,75.0
2287_jpg.rf.2c6e0c59766dd94675459a4afa39327f.jpg#p00#1#5,2287_jpg.rf.2c6e0c59766dd94675459a4afa39327f.jpg,0,1,5,0.985,0,det,det,det,,090/78,5715,Bouffalant,90/114,BLW,Black & White,Uncommon,50.0
2288_jpg.rf.02cfb1430c56b1eb56341d3d60dd78fe.jpg#p00#1#0,2288_jpg.rf.02cfb1430c56b1eb56341d3d60dd78fe.jpg,0,1,0,0.98,0,det,det,det,,,,Alakazam,1/130,B2,Base Set 2,Rare Holo,0.0
2288_jpg.rf.02cfb1430c56b1eb56341d3d60dd78fe.jpg#p00#5#1,2288_jpg.rf.02cfb1430c56b1eb56341d3d60dd78fe.jpg,0,5,1,0.972,180,det,det,det,,038/100,,Illumise,38/100,SS,Sandstorm,Uncommon,75.0
2288_jpg.rf.02cfb1430c56b1eb56341d3d60dd78fe.jpg#p00#2#2,2288_jpg.rf.02cfb1430c56b1eb56341d3d60dd78fe.jpg,0,2,2,0.978,180,det,det,det,,,,Alakazam,1/130,B2,Base Set 2,Rare Holo,0.0
2288_jpg.rf.02cfb1430c56b1eb56341d3d60dd78fe.jpg#p00#6#3,2288_jpg.rf.02cfb1430c56b1eb56341d3d60dd78fe.jpg,0,6,3,0.969,180,det,det,det,,070/28,,Dedenne,70/119,PHF,Phantom Forces,Common,50.0
2288_jpg.rf.02cfb1430c56b1eb56341d3d60dd78fe.jpg#p00#4#4,2288_jpg.rf.02cfb1430c56b1eb56341d3d60dd78fe.jpg,0,4,4,0.974,0,det,det,det,,021/103,,Talonflame BREAK,21/114,STS,Steam Siege,Rare BREAK,50.0
2288_jpg.rf.02cfb1430c56b1eb56341d3d60dd78fe.jpg#p00#0#5,2288_jpg.rf.02cfb1430c56b1eb56341d3d60dd78fe.jpg,0,0,5,0.983,0,det,det,det,,043/63,,Abra,43/102,BS,Base Set,Common,50.0
2288_jpg.rf.02cfb1430c56b1eb56341d3d60dd78fe.jpg#p00#3#6,2288_jpg.rf.02cfb1430c56b1eb56341d3d60dd78fe.jpg,0,3,6,0.975,0,det,det,det,,024/108,,Slowbro,24/108,DEX,Dark Explorers,Uncommon,75.0
2289_jpg.rf.8a841248a6f814d25bf539289ef4d81c.jpg#p00#5#0,2289_jpg.rf.8a841248a6f814d25bf539289ef4d81c.jpg,0,5,0,0.986,0,det,det,det,,065/106,,Drowzee,65/106,GE,Great Encounters,Common,75.0
2289_jpg.rf.8a841248a6f814d25bf539289ef4d81c.jpg#p00#2#1,2289_jpg.rf.8a841248a6f814d25bf539289ef4d81c.jpg,0,2,1,0.987,0,det,det,det,,038/66,5V4M,Lickitung,38/64,JU,Jungle,Uncommon,50.0
2289_jpg.rf.8a841248a6f814d25bf539289ef4d81c.jpg#p00#1#2,2289_jpg.rf.8a841248a6f814d25bf539289ef4d81c.jpg,0,1,2,0.987,0,det,det,det,Z,083/98,SV10,Koga's Zubat,83/132,G2,Gym Challenge,Common,930.0
2289_jpg.rf.8a841248a6f814d25bf539289ef4d81c.jpg#p00#8#3,2289_jpg.rf.8a841248a6f814d25bf539289ef4d81c.jpg,0,8,3,0.985,0,det,det,det,,056/73,VLA,Marnie,56/73,CPA,Champion's Path,Rare Holo,75.0
2289_jpg.rf.8a841248a6f814d25bf539289ef4d81c.jpg#p00#3#4,2289_jpg.rf.8a841248a6f814d25bf539289ef4d81c.jpg,0,3,4,0.986,0,det,det,det,,125/190,V40,Sabrina's Gaze,125/132,G1,Gym Heroes,Common,50.0
2289_jpg.rf.8a841248a6f814d25bf539289ef4d81c.jpg#p00#4#5,2289_jpg.rf.8a841248a6f814d25bf539289ef4d81c.jpg,0,4,5,0.986,0,det,det,det,,087/73,SVIA,Bunnelby,87/119,PHF,Phantom Forces,Common,50.0
2289_jpg.rf.8a841248a6f814d25bf539289ef4d81c.jpg#p00#6#6,2289_jpg.rf.8a841248a6f814d25bf539289ef4d81c.jpg,0,6,6,0.986,0,det,det,det,,012/44,,Foongus,12/114,STS,Steam Siege,Common,50.0
2289_jpg.rf.8a841248a6f814d25bf539289ef4d81c.jpg#p00#0#7,2289_jpg.rf.8a841248a6f814d25bf539289ef4d81c.jpg,0,0,7,0.989,0,det,det,det,,057/67,310P,Salamence,57/108,ROS,Roaring Skies,Rare Holo,50.0
2289_jpg.rf.8a841248a6f814d25bf539289ef4d81c.jpg#p00#7#8,2289_jpg.rf.8a841248a6f814d25bf539289ef4d81c.jpg,0,7,8,0.985,0,det,det,det,X,019/102,,Baxcalibur,19/102,SVP,SVP Black Star Promos,Promo,955.0
2290_jpg.rf.8a7deb5e875213bee515886e2b7b6da4.jpg#p00#8#0,2290_jpg.rf.8a7deb5e875213bee515886e2b7b6da4.jpg,0,8,0,0.98,0,det,det,det,,086/172,S12A,Sneasel,86/172,BRS,Brilliant Stars,Common,75.0
2290_jpg.rf.8a7deb5e875213bee515886e2b7b6da4.jpg#p00#7#1,2290_jpg.rf.8a7deb5e875213bee515886e2b7b6da4.jpg,0,7,1,0.982,0,det,det,template,V,071/172,,Mawile VSTAR,71/195,SIT,Silver Tempest,Rare Holo VSTAR,930.0
2290_jpg.rf.8a7deb5e875213bee515886e2b7b6da4.jpg#p00#1#2,2290_jpg.rf.8a7deb5e875213bee515886e2b7b6da4.jpg,0,1,2,0.99,0,det,det,det,Z,083/98,SV10,Koga's Zubat,83/132,G2,Gym Challenge,Common,930.0
2290_jpg.rf.8a7deb5e875213bee515886e2b7b6da4.jpg#p00#3#3,2290_jpg.rf.8a7deb5e875213bee515886e2b7b6da4.jpg,0,3,3,0.985,0,det,det,det,,035/62,W36,Golduck,35/62,FO,Fossil,Uncommon,75.0
2290_jpg.rf.8a7deb5e875213bee515886e2b7b6da4.jpg#p00#2#4,2290_jpg.rf.8a7deb5e875213bee515886e2b7b6da4.jpg,0,2,4,0.985,0,det,det,det,,033/62,5V3D,Gastly,33/62,FO,Fossil,Uncommon,75.0
2290_jpg.rf.8a7deb5e875213bee515886e2b7b6da4.jpg#p00#0#5,2290_jpg.rf.8a7deb5e875213bee515886e2b7b6da4.jpg,0,0,5,0.99,0,det,det,det,,011/68,,Psyduck,11/68,HIF,Hidden Fates,Common,75.0
2290_jpg.rf.8a7deb5e875213bee515886e2b7b6da4.jpg#p00#5#6,2290_jpg.rf.8a7deb5e875213bee515886e2b7b6da4.jpg,0,5,6,0.985,180,det,det,template,,,,Alakazam,1/130,B2,Base Set 2,Rare Holo,0.0
2290_jpg.rf.8a7deb5e875213bee515886e2b7b6da4.jpg#p00#4#7,2290_jpg.rf.8a7deb5e875213bee515886e2b7b6da4.jpg,0,4,7,0.985,0,det,det,det,,029/101,5V6,Vanilluxe,29/101,NVI,Noble Victories,Rare,75.0
2290_jpg.rf.8a7deb5e875213bee515886e2b7b6da4.jpg#p00#6#8,2290_jpg.rf.8a7deb5e875213bee515886e2b7b6da4.jpg,0,6,8,0.984,0,det,det,det,,239/190,,Team Rocket's Dugtrio,239/217,ASC,Ascended Heroes,Illustration Rare,50.0
2291_jpg.rf.2b8c80baca20cb6027b24e3cfd13564b.jpg#p00#1#0,2291_jpg.rf.2b8c80baca20cb6027b24e3cfd13564b.jpg,0,1,0,0.975,180,det,det,det,,379/67,MD,Umbreon,32/100,MD,Majestic Dawn,Rare,10.0
2291_jpg.rf.2b8c80baca20cb6027b24e3cfd13564b.jpg#p00#2#1,2291_jpg.rf.2b8c80baca20cb6027b24e3cfd13564b.jpg,0,2,1,0.975,0,det,det,det,,056/73,,Marnie,56/73,CPA,Champion's Path,Rare Holo,75.0
2291_jpg.rf.2b8c80baca20cb6027b24e3cfd13564b.jpg#p00#5#2,2291_jpg.rf.2b8c80baca20cb6027b24e3cfd13564b.jpg,0,5,2,0.967,180,template,det,det,V,001/297,,Venusaur-EX,1/83,GEN,Generations,Rare Holo EX,930.0
2291_jpg.rf.2b8c80baca20cb6027b24e3cfd13564b.jpg#p00#4#3,2291_jpg.rf.2b8c80baca20cb6027b24e3cfd13564b.jpg,0,4,3,0.968,180,det,det,det,,321/190,V4A,Alakazam,1/130,B2,Base Set 2,Rare Holo,0.0
2291_jpg.rf.2b8c80baca20cb6027b24e3cfd13564b.jpg#p00#3#4,2291_jpg.rf.2b8c80baca20cb6027b24e3cfd13564b.jpg,0,3,4,0.974,180,det,det,det,,,,Alakazam,1/130,B2,Base Set 2,Rare Holo,0.0
2291_jpg.rf.2b8c80baca20cb6027b24e3cfd13564b.jpg#p00#0#5,2291_jpg.rf.2b8c80baca20cb6027b24e3cfd13564b.jpg,0,0,5,0.983,0,det,det,det,,053/165,M2A,Persian,53/165,MEW,151,Uncommon,75.0
2292_jpg.rf.705c30890d621a0270813c6bb5daa83b.jpg#p00#2#0,2292_jpg.rf.705c30890d621a0270813c6bb5daa83b.jpg,0,2,0,0.984,0,det,det,det,,092/64,WO,Fezandipiti ex,92/64,SFA,Shrouded Fable,Special Illustration Rare,75.0
2292_jpg.rf.705c30890d621a0270813c6bb5daa83b.jpg#p00#1#1,2292_jpg.rf.705c30890d621a0270813c6bb5daa83b.jpg,0,1,1,0.984,0,det,det,det,,004/22,SVIN,Darkrai,4/106,GE,Great Encounters,Rare Holo,50.0
2292_jpg.rf.705c30890d621a0270813c6bb5daa83b.jpg#p00#3#2,2292_jpg.rf.705c30890d621a0270813c6bb5daa83b.jpg,0,3,2,0.978,0,det,det,det,R,202/421,32D,Team Rocket's Ariana,202/217,ASC,Ascended Heroes,Uncommon,930.0
2292_jpg.rf.705c30890d621a0270813c6bb5daa83b.jpg#p00#0#3,2292_jpg.rf.705c30890d621a0270813c6bb5daa83b.jpg,0,0,3,0.984,0,det,det,det,,081/102,EZA,Energy Retrieval,81/102,BS,Base Set,Uncommon,75.0
2293_jpg.rf.7a9762ca092dc98c529ddf96563cae98.jpg#p00#7#0,2293_jpg.rf.7a9762ca092dc98c529ddf96563cae98.jpg,0,7,0,0.981,0,det,det,det,ER,046/187,SVLE,Eri,146/162,TEF,Temporal Forces,Uncommon,1000.0
2293_jpg.rf.7a9762ca092dc98c529ddf96563cae98.jpg#p00#5#1,2293_jpg.rf.7a9762ca092dc98c529ddf96563cae98.jpg,0,5,1,0.982,0,det,det,det,,,S12,Alakazam,1/130,B2,Base Set 2,Rare Holo,0.0
2293_jpg.rf.7a9762ca092dc98c529ddf96563cae98.jpg#p00#8#2,2293_jpg.rf.7a9762ca092dc98c529ddf96563cae98.jpg,0,8,2,0.981,0,det,det,det,,116/108,,Evosoda,116/146,XY,XY,Uncommon,50.0
2293_jpg.rf.7a9762ca092dc98c529ddf96563cae98.jpg#p00#4#3,2293_jpg.rf.7a9762ca092dc98c529ddf96563cae98.jpg,0,4,3,0.983,0,det,det,det,,069/63,Y90,Voltorb,69/82,RO,Team Rocket,Common,50.0
2293_jpg.rf.7a9762ca092dc98c529ddf96563cae98.jpg#p00#6#4,2293_jpg.rf.7a9762ca092dc98c529ddf96563cae98.jpg,0,6,4,0.982,0,det,det,det,E,069/100,,Omanyte,69/100,MD,Majestic Dawn,Common,955.0
2293_jpg.rf.7a9762ca092dc98c529ddf96563cae98.jpg#p00#2#5,2293_jpg.rf.7a9762ca092dc98c529ddf96563cae98.jpg,0,2,5,0.985,0,det,det,det,No,028/100,,Anorith,28/100,SS,Sandstorm,Uncommon,955.0
2293_jpg.rf.7a9762ca092dc98c529ddf96563cae98.jpg#p00#3#6,2293_jpg.rf.7a9762ca092dc98c529ddf96563cae98.jpg,0,3,6,0.985,0,det,det,det,,,,Alakazam,1/130,B2,Base Set 2,Rare Holo,0.0
2293_jpg.rf.7a9762ca092dc98c529ddf96563cae98.jpg#p00#0#7,2293_jpg.rf.7a9762ca092dc98c529ddf96563cae98.jpg,0,0,7,0.987,0,det,det,det,,017/667,310P,Articuno,17/62,FO,Fossil,Rare,50.0
2293_jpg.rf.7a9762ca092dc98c529ddf96563cae98.jpg#p00#1#8,2293_jpg.rf.7a9762ca092dc98c529ddf96563cae98.jpg,0,1,8,0.986,0,det,det,det,,048/100,,Sudowoodo,48/100,MD,Majestic Dawn,Uncommon,75.0
2294_jpg.rf.4dbeca94f0d1a7f71e15c8d42444821f.jpg#p00#4#0,2294_jpg.rf.4dbeca94f0d1a7f71e15c8d42444821f.jpg,0,4,0,0.982,0,det,det,det,,067/71,,Meowth,67/108,ROS,Roaring Skies,Common,50.0
2294_jpg.rf.4dbeca94f0d1a7f71e15c8d42444821f.jpg#p00#6#1,2294_jpg.rf.4dbeca94f0d1a7f71e15c8d42444821f.jpg,0,6,1,0.981,0,det,det,det,,239/190,,Team Rocket's Dugtrio,239/217,ASC,Ascended Heroes,Illustration Rare,50.0
2294_jpg.rf.4dbeca94f0d1a7f71e15c8d42444821f.jpg#p00#3#2,2294_jpg.rf.4dbeca94f0d1a7f71e15c8d42444821f.jpg,0,3,2,0.982,0,det,det,det,,025/101,,Snover,25/101,PLB,Plasma Blast,Common,75.0
2294_jpg.rf.4dbeca94f0d1a7f71e15c8d42444821f.jpg#p00#2#3,2294_jpg.rf.4dbeca94f0d1a7f71e15c8d42444821f.jpg,0,2,3,0.983,0,det,det,det,,125/190,5V4D,Sabrina's Gaze,125/132,G1,Gym Heroes,Common,50.0
2294_jpg.rf.4dbeca94f0d1a7f71e15c8d42444821f.jpg#p00#1#4,2294_jpg.rf.4dbeca94f0d1a7f71e15c8d42444821f.jpg,0,1,4,0.987,0,det,det,det,,054/67,S1OP,Mightyena,54/119,PHF,Phantom Forces,Rare,50.0
2294_jpg.rf.4dbeca94f0d1a7f71e15c8d42444821f.jpg#p00#7#5,2294_jpg.rf.4dbeca94f0d1a7f71e15c8d42444821f.jpg,0,7,5,0.98,0,det,det,det,,016/64,SVBE,Drowzee,16/64,SFA,Shrouded Fable,Common,75.0
2294_jpg.rf.4dbeca94f0d1a7f71e15c8d42444821f.jpg#p00#5#6,2294_jpg.rf.4dbeca94f0d1a7f71e15c8d42444821f.jpg,0,5,6,0.981,0,det,det,det,,061/68,MND,Misty's Cerulean City Gym,61/68,HIF,Hidden Fates,Uncommon,75.0
2294_jpg.rf.4dbeca94f0d1a7f71e15c8d42444821f.jpg#p00#8#7,2294_jpg.rf.4dbeca94f0d1a7f71e15c8d42444821f.jpg,0,8,7,0.98,0,det,det,det,,068/71,SVSK,Squirtle,68/82,RO,Team Rocket,Common,50.0
2294_jpg.rf.4dbeca94f0d1a7f71e15c8d42444821f.jpg#p00#0#8,2294_jpg.rf.4dbeca94f0d1a7f71e15c8d42444821f.jpg,0,0,8,0.987,0,det,det,det,,153/187,,Rocky Helmet,153/149,BCR,Boundaries Crossed,Rare Secret,50.0
2295_jpg.rf.34417f2fe8b4f29c4ff7a0ad0f54e91c.jpg#p00#6#0,2295_jpg.rf.34417f2fe8b4f29c4ff7a0ad0f54e91c.jpg,0,6,0,0.984,0,det,det,det,,123/102,GZ,Teal Mask Ogerpon,123/102,SVP,SVP Black Star Promos,Promo,75.0
2295_jpg.rf.34417f2fe8b4f29c4ff7a0ad0f54e91c.jpg#p00#4#1,2295_jpg.rf.34417f2fe8b4f29c4ff7a0ad0f54e91c.jpg,0,4,1,0.987,0,det,det,det,,009/73,,Shining Genesect,9/73,SLG,Shining Legends,Rare Shining,75.0
2295_jpg.rf.34417f2fe8b4f29c4ff7a0ad0f54e91c.jpg#p00#7#2,2295_jpg.rf.34417f2fe8b4f29c4ff7a0ad0f54e91c.jpg,0,7,2,0.982,0,det,det,det,,060/68,MD,Lt. Surge's Strategy,60/68,HIF,Hidden Fates,Uncommon,75.0
2295_jpg.rf.34417f2fe8b4f29c4ff7a0ad0f54e91c.jpg#p00#5#3,2295_jpg.rf.34417f2fe8b4f29c4ff7a0ad0f54e91c.jpg,0,5,3,0.986,0,det,det,det,,036/67,590,Wobbuffet,36/119,PHF,Phantom Forces,Uncommon,50.0
2295_jpg.rf.34417f2fe8b4f29c4ff7a0ad0f54e91c.jpg#p00#3#4,2295_jpg.rf.34417f2fe8b4f29c4ff7a0ad0f54e91c.jpg,0,3,4,0.989,0,det,det,det,,067/71,5100,Meowth,67/108,ROS,Roaring Skies,Common,50.0
2295_jpg.rf.34417f2fe8b4f29c4ff7a0ad0f54e91c.jpg#p00#8#5,2295_jpg.rf.34417f2fe8b4f29c4ff7a0ad0f54e91c.jpg,0,8,5,0.982,0,det,det,det,,016/64,SV60,Drowzee,16/64,SFA,Shrouded Fable,Common,75.0
2295_jpg.rf.34417f2fe8b4f29c4ff7a0ad0f54e91c.jpg#p00#2#6,2295_jpg.rf.34417f2fe8b4f29c4ff7a0ad0f54e91c.jpg,0,2,6,0.989,0,det,det,det,,067/62,3D,Meowth,67/108,ROS,Roaring Skies,Common,50.0
2295_jpg.rf.34417f2fe8b4f29c4ff7a0ad0f54e91c.jpg#p00#0#7,2295_jpg.rf.34417f2fe8b4f29c4ff7a0ad0f54e91c.jpg,0,0,7,0.991,0,det,det,det,,078/100,,Shroomish,78/100,SS,Sandstorm,Common,75.0
2295_jpg.rf.34417f2fe8b4f29c4ff7a0ad0f54e91c.jpg#p00#1#8,2295_jpg.rf.34417f2fe8b4f29c4ff7a0ad0f54e91c.jpg,0,1,8,0.99,0,det,det,det,,046/78,G1V,Melmetal,46/78,PGO,Pokémon GO,Rare Holo,75.0
2296_jpg.rf.b52578c77959c32d00d80d9f86d6f455.jpg#p00#5#0,2296_jpg.rf.b52578c77959c32d00d80d9f86d6f455.jpg,0,5,0,0.972,180,det,det,det,,009/201,,Machamp,9/101,HL,Hidden Legends,Rare Holo,50.0
2296_jpg.rf.b52578c77959c32d00d80d9f86d6f455.jpg#p00#1#1,2296_jpg.rf.b52578c77959c32d00d80d9f86d6f455.jpg,0,1,1,0.98,0,det,det,det,,022/22,MS,Mr. Mime,22/64,JU,Jungle,Rare,50.0
2296_jpg.rf.b52578c77959c32d00d80d9f86d6f455.jpg#p00#2#2,2296_jpg.rf.b52578c77959c32d00d80d9f86d6f455.jpg,0,2,2,0.976,180,det,det,det,,053/165,WE,Persian,53/165,MEW,151,Uncommon,75.0
2296_jpg.rf.b52578c77959c32d00d80d9f86d6f455.jpg#p00#3#3,2296_jpg.rf.b52578c77959c32d00d80d9f86d6f455.jpg,0,3,3,0.975,0,det,det,det,,,,Alakazam,1/130,B2,Base Set 2,Rare Holo,0.0
2296_jpg.rf.b52578c77959c32d00d80d9f86d6f455.jpg#p00#0#4,2296_jpg.rf.b52578c77959c32d00d80d9f86d6f455.jpg,0,0,4,0.982,180,det,det,det,V,075/67,510P,Giovanni's Nidoran ♀,75/132,G2,Gym Challenge,Common,930.0
2296_jpg.rf.b52578c77959c32d00d80d9f86d6f455.jpg#p00#4#5,2296_jpg.rf.b52578c77959c32d00d80d9f86d6f455.jpg,0,4,5,0.975,0,det,det,det,,090/106,,Lysandre,90/106,FLF,Flashfire,Uncommon,75.0
2297_jpg.rf.c12af64b556f450165ac7f69017c3d34.jpg#p00#3#0,2297_jpg.rf.c12af64b556f450165ac7f69017c3d34.jpg,0,3,0,0.985,0,det,det,det,,034/66,,Machoke,34/102,BS,Base Set,Uncommon,50.0
2297_jpg.rf.c12af64b556f450165ac7f69017c3d34.jpg#p00#2#1,2297_jpg.rf.c12af64b556f450165ac7f69017c3d34.jpg,0,2,1,0.985,0,det,det,det,,095/190,5V40,Gengar Spirit Link,95/119,PHF,Phantom Forces,Uncommon,50.0
2297_jpg.rf.c12af64b556f450165ac7f69017c3d34.jpg#p00#1#2,2297_jpg.rf.c12af64b556f450165ac7f69017c3d34.jpg,0,1,2,0.987,0,det,det,det,,039/63,VO,Tierno,39/39,KSS,Kalos Starter Set,nan,50.0
2297_jpg.rf.c12af64b556f450165ac7f69017c3d34.jpg#p00#0#3,2297_jpg.rf.c12af64b556f450165ac7f69017c3d34.jpg,0,0,3,0.987,0,det,det,det,,036/67,39G,Wobbuffet,36/119,PHF,Phantom Forces,Uncommon,50.0
2298_jpg.rf.e0fb8284d0032c73267125d8bbbd5929.jpg#p00#5#0,2298_jpg.rf.e0fb8284d0032c73267125d8bbbd5929.jpg,0,5,0,0.976,0,det,det,template,,042/100,,Lileep,42/100,SS,Sandstorm,Uncommon,75.0
2298_jpg.rf.e0fb8284d0032c73267125d8bbbd5929.jpg#p00#3#1,2298_jpg.rf.e0fb8284d0032c73267125d8bbbd5929.jpg,0,3,1,0.98,0,det,det,det,,,,Alakazam,1/130,B2,Base Set 2,Rare Holo,0.0
2298_jpg.rf.e0fb8284d0032c73267125d8bbbd5929.jpg#p00#2#2,2298_jpg.rf.e0fb8284d0032c73267125d8bbbd5929.jpg,0,2,2,0.982,0,det,det,det,E3,005/71,YSK,Mew,4/17,P4,POP Series 4,Rare,915.0
2298_jpg.rf.e0fb8284d0032c73267125d8bbbd5929.jpg#p00#1#3,2298_jpg.rf.e0fb8284d0032c73267125d8bbbd5929.jpg,0,1,3,0.988,0,det,det,det,,088/62,SED,Meowth,88/114,STS,Steam Siege,Common,50.0
2298_jpg.rf.e0fb8284d0032c73267125d8bbbd5929.jpg#p00#0#4,2298_jpg.rf.e0fb8284d0032c73267125d8bbbd5929.jpg,0,0,4,0.988,0,det,det,det,,048/100,,Sudowoodo,48/100,MD,Majestic Dawn,Uncommon,75.0
2298_jpg.rf.e0fb8284d0032c73267125d8bbbd5929.jpg#p00#4#5,2298_jpg.rf.e0fb8284d0032c73267125d8bbbd5929.jpg,0,4,5,0.976,0,det,det,det,,030/102,,Sharpedo,30/102,TM,Triumphant,Rare,75.0
2299_jpg.rf.44a56f8f5b0f45dab1bf64c5f22f30b1.jpg#p00#2#0,2299_jpg.rf.44a56f8f5b0f45dab1bf64c5f22f30b1.jpg,0,2,0,0.985,0,det,det,det,STAR,087/67,,Staryu,85/113,DS,Delta Species,Common,1015.0
2299_jpg.rf.44a56f8f5b0f45dab1bf64c5f22f30b1.jpg#p00#1#1,2299_jpg.rf.44a56f8f5b0f45dab1bf64c5f22f30b1.jpg,0,1,1,0.985,0,det,det,det,,083/71,SY2D,Maintenance,83/102,BS,Base Set,Uncommon,50.0
2299_jpg.rf.44a56f8f5b0f45dab1bf64c5f22f30b1.jpg#p00#0#2,2299_jpg.rf.44a56f8f5b0f45dab1bf64c5f22f30b1.jpg,0,0,2,0.987,0,det,det,det,,050/64,577D,Cubone,50/64,JU,Jungle,Common,75.0
2300_jpg.rf.8dc13aa00af39160273fc73ce15c3ea8.jpg#p00#0#0,2300_jpg.rf.8dc13aa00af39160273fc73ce15c3ea8.jpg,0,0,0,0.981,0,template,det,det,,000/578,COTA,Alakazam,1/130,B2,Base Set 2,Rare Holo,15.0
2300_jpg.rf.8dc13aa00af39160273fc73ce15c3ea8.jpg#p00#3#1,2300_jpg.rf.8dc13aa00af39160273fc73ce15c3ea8.jpg,0,3,1,0.973,180,det,det,det,,,,Alakazam,1/130,B2,Base Set 2,Rare Holo,0.0
2300_jpg.rf.8dc13aa00af39160273fc73ce15c3ea8.jpg#p00#2#2,2300_jpg.rf.8dc13aa00af39160273fc73ce15c3ea8.jpg,0,2,2,0.979,180,det,det,det,,053/165,,Persian,53/165,MEW,151,Uncommon,75.0
2300_jpg.rf.8dc13aa00af39160273fc73ce15c3ea8.jpg#p00#1#3,2300_jpg.rf.8dc13aa00af39160273fc73ce15c3ea8.jpg,0,1,3,0.98,180,det,det,det,,024/44,,Fennekin,24/146,XY,XY,Common,50.0
2301_jpg.rf.bd0d1eb63ffb665bdb8fc88b3850f1ab.jpg#p00#4#0,2301_jpg.rf.bd0d1eb63ffb665bdb8fc88b3850f1ab.jpg,0,4,0,0.986,0,det,det,template,,038/100,,Illumise,38/100,SS,Sandstorm,Uncommon,75.0
2301_jpg.rf.bd0d1eb63ffb665bdb8fc88b3850f1ab.jpg#p00#5#1,2301_jpg.rf.bd0d1eb63ffb665bdb8fc88b3850f1ab.jpg,0,5,1,0.983,0,det,det,det,,,280,Alakazam,1/130,B2,Base Set 2,Rare Holo,0.0
2301_jpg.rf.bd0d1eb63ffb665bdb8fc88b3850f1ab.jpg#p00#7#2,2301_jpg.rf.bd0d1eb63ffb665bdb8fc88b3850f1ab.jpg,0,7,2,0.98,0,det,det,det,,055/100,,Lotad,55/100,CG,Crystal Guardians,Common,75.0
2301_jpg.rf.bd0d1eb63ffb665bdb8fc88b3850f1ab.jpg#p00#3#3,2301_jpg.rf.bd0d1eb63ffb665bdb8fc88b3850f1ab.jpg,0,3,3,0.986,0,det,det,det,E,103/78,GIS,Meltan,103/142,SCR,Stellar Crown,Common,930.0
2301_jpg.rf.bd0d1eb63ffb665bdb8fc88b3850f1ab.jpg#p00#2#4,2301_jpg.rf.bd0d1eb63ffb665bdb8fc88b3850f1ab.jpg,0,2,4,0.987,0,det,det,det,,069/100,,Whismur,69/100,CG,Crystal Guardians,Common,75.0
2301_jpg.rf.bd0d1eb63ffb665bdb8fc88b3850f1ab.jpg#p00#6#5,2301_jpg.rf.bd0d1eb63ffb665bdb8fc88b3850f1ab.jpg,0,6,5,0.983,0,det,det,template,V,072/100,,Sylveon,72/111,FFI,Furious Fists,Rare,930.0
2301_jpg.rf.bd0d1eb63ffb665bdb8fc88b3850f1ab.jpg#p00#0#6,2301_jpg.rf.bd0d1eb63ffb665bdb8fc88b3850f1ab.jpg,0,0,6,0.99,0,det,det,det,,047/102,W7,Diglett,47/102,BS,Base Set,Common,75.0
2301_jpg.rf.bd0d1eb63ffb665bdb8fc88b3850f1ab.jpg#p00#1#7,2301_jpg.rf.bd0d1eb63ffb665bdb8fc88b3850f1ab.jpg,0,1,7,0.989,0,det,det,det,,067/163,,Primeape,67/163,BST,Battle Styles,Rare,75.0
2302_jpg.rf.64b2eacf81ccdfaa885d35b10389d929.jpg#p00#3#0,2302_jpg.rf.64b2eacf81ccdfaa885d35b10389d929.jpg,0,3,0,0.971,180,det,det,det,,,063,Alakazam,1/130,B2,Base Set 2,Rare Holo,0.0
2302_jpg.rf.64b2eacf81ccdfaa885d35b10389d929.jpg#p00#1#1,2302_jpg.rf.64b2eacf81ccdfaa885d35b10389d929.jpg,0,1,1,0.974,0,det,det,det,,005/707,110,Beedrill,5/146,XY,XY,Rare,50.0
2302_jpg.rf.64b2eacf81ccdfaa885d35b10389d929.jpg#p00#0#2,2302_jpg.rf.64b2eacf81ccdfaa885d35b10389d929.jpg,0,0,2,0.979,180,det,det,det,,037/104,,Gliscor,37/108,ROS,Roaring Skies,Uncommon,50.0
2302_jpg.rf.64b2eacf81ccdfaa885d35b10389d929.jpg#p00#4#3,2302_jpg.rf.64b2eacf81ccdfaa885d35b10389d929.jpg,0,4,3,0.967,180,det,det,det,,,,Alakazam,1/130,B2,Base Set 2,Rare Holo,0.0
2302_jpg.rf.64b2eacf81ccdfaa885d35b10389d929.jpg#p00#2#4,2302_jpg.rf.64b2eacf81ccdfaa885d35b10389d929.jpg,0,2,4,0.972,180,det,det,template,EュウVAX,,,Mew VMAX,269/264,FST,Fusion Strike,Rare Rainbow,727.272705078125
2303_jpg.rf.04a9846362a437448d2e72cc6a71bdb8.jpg#p00#1#0,2303_jpg.rf.04a9846362a437448d2e72cc6a71bdb8.jpg,0,1,0,0.976,0,det,det,det,,,,Alakazam,1/130,B2,Base Set 2,Rare Holo,0.0
2303_jpg.rf.04a9846362a437448d2e72cc6a71bdb8.jpg#p00#3#1,2303_jpg.rf.04a9846362a437448d2e72cc6a71bdb8.jpg,0,3,1,0.972,180,det,det,template,,037/100,,Fearow,37/100,SS,Sandstorm,Uncommon,75.0
2303_jpg.rf.04a9846362a437448d2e72cc6a71bdb8.jpg#p00#0#2,2303_jpg.rf.04a9846362a437448d2e72cc6a71bdb8.jpg,0,0,2,0.979,0,det,det,template,,,,Alakazam,1/130,B2,Base Set 2,Rare Holo,0.0
2303_jpg.rf.04a9846362a437448d2e72cc6a71bdb8.jpg#p00#2#3,2303_jpg.rf.04a9846362a437448d2e72cc6a71bdb8.jpg,0,2,3,0.975,180,det,det,det,,027/174,MA,Team Aqua's Electrike,27/95,MA,Team Magma vs Team Aqua,Uncommon,60.0
2303_jpg.rf.04a9846362a437448d2e72cc6a71bdb8.jpg#p00#4#4,2303_jpg.rf.04a9846362a437448d2e72cc6a71bdb8.jpg,0,4,4,0.971,180,det,det,det,Z,001/99,50,Charizard,1/99,AR,Arceus,Rare Holo,955.0
2304_jpg.rf.369c8708d01c2c892f4f9419f4548dee.jpg#p00#0#0,2304_jpg.rf.369c8708d01c2c892f4f9419f4548dee.jpg,0,0,0,0.989,0,det,det,det,X,058/78,,Regieleki VMAX,58/195,SIT,Silver Tempest,Rare Holo VMAX,930.0
2304_jpg.rf.369c8708d01c2c892f4f9419f4548dee.jpg#p00#3#1,2304_jpg.rf.369c8708d01c2c892f4f9419f4548dee.jpg,0,3,1,0.987,0,det,det,det,,,S4X,Alakazam,1/130,B2,Base Set 2,Rare Holo,0.0
2304_jpg.rf.369c8708d01c2c892f4f9419f4548dee.jpg#p00#4#2,2304_jpg.rf.369c8708d01c2c892f4f9419f4548dee.jpg,0,4,2,0.985,0,det,det,det,,012/44,,Foongus,12/114,STS,Steam Siege,Common,50.0
2304_jpg.rf.369c8708d01c2c892f4f9419f4548dee.jpg#p00#5#3,2304_jpg.rf.369c8708d01c2c892f4f9419f4548dee.jpg,0,5,3,0.984,0,det,det,det,VSTAR,,12,Origin Forme Dialga VSTAR,210/189,ASR,Astral Radiance,Rare Secret,1000.0
2304_jpg.rf.369c8708d01c2c892f4f9419f4548dee.jpg#p00#1#4,2304_jpg.rf.369c8708d01c2c892f4f9419f4548dee.jpg,0,1,4,0.989,0,det,det,det,,,Y50,Alakazam,1/130,B2,Base Set 2,Rare Holo,0.0
2304_jpg.rf.369c8708d01c2c892f4f9419f4548dee.jpg#p00#6#5,2304_jpg.rf.369c8708d01c2c892f4f9419f4548dee.jpg,0,6,5,0.983,0,det,det,det,,083/67,S10P,Maintenance,83/102,BS,Base Set,Uncommon,50.0
2304_jpg.rf.369c8708d01c2c892f4f9419f4548dee.jpg#p00#8#6,2304_jpg.rf.369c8708d01c2c892f4f9419f4548dee.jpg,0,8,6,0.979,0,det,det,det,R,087/64,,Colress's Tenacity,87/64,SFA,Shrouded Fable,Ultra Rare,955.0
2304_jpg.rf.369c8708d01c2c892f4f9419f4548dee.jpg#p00#2#7,2304_jpg.rf.369c8708d01c2c892f4f9419f4548dee.jpg,0,2,7,0.988,0,det,det,det,EX,136/108,,Marnie's Grimmsnarl ex,136/182,DRI,Destined Rivals,Double Rare,1050.0
2304_jpg.rf.369c8708d01c2c892f4f9419f4548dee.jpg#p00#7#8,2304_jpg.rf.369c8708d01c2c892f4f9419f4548dee.jpg,0,7,8,0.98,0,det,det,det,STAR,112/79,32,Starly,110/159,CRZ,Crown Zenith,Common,1015.0
2305_jpg.rf.156a37557ce4f5c2f54634ca09da7b8c.jpg#p00#5#0,2305_jpg.rf.156a37557ce4f5c2f54634ca09da7b8c.jpg,0,5,0,0.986,0,det,det,det,,182/190,SR40,Anthea & Concordia,182/217,ASC,Ascended Heroes,Uncommon,50.0
2305_jpg.rf.156a37557ce4f5c2f54634ca09da7b8c.jpg#p00#1#1,2305_jpg.rf.156a37557ce4f5c2f54634ca09da7b8c.jpg,0,1,1,0.989,0,det,det,det,,025/106,,Milotic,25/106,GE,Great Encounters,Rare,75.0
2305_jpg.rf.156a37557ce4f5c2f54634ca09da7b8c.jpg#p00#8#2,2305_jpg.rf.156a37557ce4f5c2f54634ca09da7b8c.jpg,0,8,2,0.981,0,det,det,det,,093/108,,Dark Patch,93/108,DEX,Dark Explorers,Uncommon,75.0
2305_jpg.rf.156a37557ce4f5c2f54634ca09da7b8c.jpg#p00#6#3,2305_jpg.rf.156a37557ce4f5c2f54634ca09da7b8c.jpg,0,6,3,0.985,0,det,det,det,,020/106,,Kingler,20/106,GE,Great Encounters,Rare,75.0
2305_jpg.rf.156a37557ce4f5c2f54634ca09da7b8c.jpg#p00#0#4,2305_jpg.rf.156a37557ce4f5c2f54634ca09da7b8c.jpg,0,0,4,0.991,0,det,det,det,,204/187,,Team Rocket's Giovanni,204/217,ASC,Ascended Heroes,Uncommon,50.0
2305_jpg.rf.156a37557ce4f5c2f54634ca09da7b8c.jpg#p00#2#5,2305_jpg.rf.156a37557ce4f5c2f54634ca09da7b8c.jpg,0,2,5,0.988,0,det,det,det,,,GN,Alakazam,1/130,B2,Base Set 2,Rare Holo,0.0
2305_jpg.rf.156a37557ce4f5c2f54634ca09da7b8c.jpg#p00#7#6,2305_jpg.rf.156a37557ce4f5c2f54634ca09da7b8c.jpg,0,7,6,0.985,0,det,det,det,,022/12,1S12,Mr. Mime,22/64,JU,Jungle,Rare,50.0
2305_jpg.rf.156a37557ce4f5c2f54634ca09da7b8c.jpg#p00#3#7,2305_jpg.rf.156a37557ce4f5c2f54634ca09da7b8c.jpg,0,3,7,0.987,0,det,det,det,,107/100,W40,Tierno,107/119,PHF,Phantom Forces,Uncommon,50.0
2305_jpg.rf.156a37557ce4f5c2f54634ca09da7b8c.jpg#p00#4#8,2305_jpg.rf.156a37557ce4f5c2f54634ca09da7b8c.jpg,0,4,8,0.987,0,det,det,det,,054/67,B0,Mightyena,54/119,PHF,Phantom Forces,Rare,50.0
2306_jpg.rf.ae3974d8d8ef7d078ab14b711cacfb2f.jpg#p00#1#0,2306_jpg.rf.ae3974d8d8ef7d078ab14b711cacfb2f.jpg,0,1,0,0.976,180,det,det,det,,015/100,,Drapion,15/100,SF,Stormfront,Rare,75.0
2306_jpg.rf.ae3974d8d8ef7d078ab14b711cacfb2f.jpg#p00#3#1,2306_jpg.rf.ae3974d8d8ef7d078ab14b711cacfb2f.jpg,0,3,1,0.963,180,det,det,template,,024/700,,Fennekin,24/146,XY,XY,Common,50.0
2306_jpg.rf.ae3974d8d8ef7d078ab14b711cacfb2f.jpg#p00#2#2,2306_jpg.rf.ae3974d8d8ef7d078ab14b711cacfb2f.jpg,0,2,2,0.973,180,det,det,det,V,071/172,021,Mawile VSTAR,71/195,SIT,Silver Tempest,Rare Holo VSTAR,930.0
2306_jpg.rf.ae3974d8d8ef7d078ab14b711cacfb2f.jpg#p00#0#3,2306_jpg.rf.ae3974d8d8ef7d078ab14b711cacfb2f.jpg,0,0,3,0.977,0,det,det,det,,098/101,,Mew,BW98/101,BWP,BW Black Star Promos,Promo,75.0
2307_jpg.rf.30985853f7713b39ca90c1e1880ca433.jpg#p00#5#0,2307_jpg.rf.30985853f7713b39ca90c1e1880ca433.jpg,0,5,0,0.971,0,det,det,det,,910/66,,Alakazam,1/130,B2,Base Set 2,Rare Holo,0.0
2307_jpg.rf.30985853f7713b39ca90c1e1880ca433.jpg#p00#0#1,2307_jpg.rf.30985853f7713b39ca90c1e1880ca433.jpg,0,0,1,0.983,180,det,det,det,,081/102,MA,Skeledirge ex,81/102,SVP,SVP Black Star Promos,Promo,75.0
2307_jpg.rf.30985853f7713b39ca90c1e1880ca433.jpg#p00#3#2,2307_jpg.rf.30985853f7713b39ca90c1e1880ca433.jpg,0,3,2,0.978,0,det,det,det,,005/100,,Dugtrio,5/100,CG,Crystal Guardians,Rare Holo,75.0
2307_jpg.rf.30985853f7713b39ca90c1e1880ca433.jpg#p00#1#3,2307_jpg.rf.30985853f7713b39ca90c1e1880ca433.jpg,0,1,3,0.981,180,det,det,det,,073/74,,Porygon2,73/101,PLB,Plasma Blast,Uncommon,50.0
2307_jpg.rf.30985853f7713b39ca90c1e1880ca433.jpg#p00#4#4,2307_jpg.rf.30985853f7713b39ca90c1e1880ca433.jpg,0,4,4,0.972,0,det,det,det,,622/106,MT,Plusle,39/106,EM,Emerald,Uncommon,25.0
2307_jpg.rf.30985853f7713b39ca90c1e1880ca433.jpg#p00#2#5,2307_jpg.rf.30985853f7713b39ca90c1e1880ca433.jpg,0,2,5,0.978,180,det,det,det,,072/101,,Cobalion,BW72/101,BWP,BW Black Star Promos,Promo,75.0
2308_jpg.rf.d83c0952904b8ad91977eb85861ca990.jpg#p00#4#0,2308_jpg.rf.d83c0952904b8ad91977eb85861ca990.jpg,0,4,0,0.986,0,det,det,det,,054/68,31,Brock's Pewter City Gym,54/68,HIF,Hidden Fates,Uncommon,75.0
2308_jpg.rf.d83c0952904b8ad91977eb85861ca990.jpg#p00#7#1,2308_jpg.rf.d83c0952904b8ad91977eb85861ca990.jpg,0,7,1,0.982,0,template,det,det,,,INK,Alakazam,1/130,B2,Base Set 2,Rare Holo,0.0
2308_jpg.rf.d83c0952904b8ad91977eb85861ca990.jpg#p00#2#2,2308_jpg.rf.d83c0952904b8ad91977eb85861ca990.jpg,0,2,2,0.989,0,det,det,det,,072/71,52P,Tentacruel,72/160,PRC,Primal Clash,Rare,50.0
2308_jpg.rf.d83c0952904b8ad91977eb85861ca990.jpg#p00#5#3,2308_jpg.rf.d83c0952904b8ad91977eb85861ca990.jpg,0,5,3,0.984,0,det,det,det,,074/100,,Ralts,74/100,SS,Sandstorm,Common,75.0
2308_jpg.rf.d83c0952904b8ad91977eb85861ca990.jpg#p00#0#4,2308_jpg.rf.d83c0952904b8ad91977eb85861ca990.jpg,0,0,4,0.991,0,det,det,det,,065/100,,Magikarp,65/100,SF,Stormfront,Common,75.0
2308_jpg.rf.d83c0952904b8ad91977eb85861ca990.jpg#p00#8#5,2308_jpg.rf.d83c0952904b8ad91977eb85861ca990.jpg,0,8,5,0.982,0,det,det,det,,039/78,,Solrock,39/78,PGO,Pokémon GO,Uncommon,75.0
2308_jpg.rf.d83c0952904b8ad91977eb85861ca990.jpg#p00#6#6,2308_jpg.rf.d83c0952904b8ad91977eb85861ca990.jpg,0,6,6,0.984,0,det,det,det,,038/187,5080,Lickitung,38/64,JU,Jungle,Uncommon,50.0
2308_jpg.rf.d83c0952904b8ad91977eb85861ca990.jpg#p00#3#7,2308_jpg.rf.d83c0952904b8ad91977eb85861ca990.jpg,0,3,7,0.987,0,det,det,det,C,087/64,5V60,Colress's Tenacity,87/64,SFA,Shrouded Fable,Ultra Rare,955.0
2308_jpg.rf.d83c0952904b8ad91977eb85861ca990.jpg#p00#1#8,2308_jpg.rf.d83c0952904b8ad91977eb85861ca990.jpg,0,1,8,0.991,0,det,det,det,,095/190,SY4O,Gengar Spirit Link,95/119,PHF,Phantom Forces,Uncommon,50.0
2309_jpg.rf.006631127c0599f1918d3c646e9a0edc.jpg#p00#1#0,2309_jpg.rf.006631127c0599f1918d3c646e9a0edc.jpg,0,1,0,0.987,0,det,det,det,,070/78,MV,Spark,70/78,PGO,Pokémon GO,Uncommon,75.0
2309_jpg.rf.006631127c0599f1918d3c646e9a0edc.jpg#p00#3#1,2309_jpg.rf.006631127c0599f1918d3c646e9a0edc.jpg,0,3,1,0.985,0,det,det,det,,060/190,,Gambler,60/62,FO,Fossil,Common,50.0
2309_jpg.rf.006631127c0599f1918d3c646e9a0edc.jpg#p00#4#2,2309_jpg.rf.006631127c0599f1918d3c646e9a0edc.jpg,0,4,2,0.985,0,det,det,det,V,128/172,5123,Drampa V,128/172,BRS,Brilliant Stars,Rare Holo V,955.0
2309_jpg.rf.006631127c0599f1918d3c646e9a0edc.jpg#p00#0#3,2309_jpg.rf.006631127c0599f1918d3c646e9a0edc.jpg,0,0,3,0.99,0,det,det,det,,045/71,,Caterpie,45/102,BS,Base Set,Common,50.0
2309_jpg.rf.006631127c0599f1918d3c646e9a0edc.jpg#p00#2#4,2309_jpg.rf.006631127c0599f1918d3c646e9a0edc.jpg,0,2,4,0.986,0,det,det,det,,067/66,158,Meowth,67/108,ROS,Roaring Skies,Common,50.0
2309_jpg.rf.006631127c0599f1918d3c646e9a0edc.jpg#p00#5#5,2309_jpg.rf.006631127c0599f1918d3c646e9a0edc.jpg,0,5,5,0.98,0,det,det,det,S,120/100,,Genesect-EX,120/124,FCO,Fates Collide,Rare Ultra,930.0
2310_jpg.rf.f58058eb323a889555ddb59472477283.jpg#p00#2#0,2310_jpg.rf.f58058eb323a889555ddb59472477283.jpg,0,2,0,0.978,0,det,det,det,,020/100,32,Pichu,20/100,SS,Sandstorm,Rare,75.0
2310_jpg.rf.f58058eb323a889555ddb59472477283.jpg#p00#3#1,2310_jpg.rf.f58058eb323a889555ddb59472477283.jpg,0,3,1,0.972,180,det,det,det,,,05,Alakazam,1/130,B2,Base Set 2,Rare Holo,0.0
2310_jpg.rf.f58058eb323a889555ddb59472477283.jpg#p00#1#2,2310_jpg.rf.f58058eb323a889555ddb59472477283.jpg,0,1,2,0.983,180,det,det,det,,015/100,,Drapion,15/100,SF,Stormfront,Rare,75.0
2310_jpg.rf.f58058eb323a889555ddb59472477283.jpg#p00#0#3,2310_jpg.rf.f58058eb323a889555ddb59472477283.jpg,0,0,3,0.985,0,det,det,det,,023/62,,Hypno,23/62,FO,Fossil,Rare,75.0
2311_jpg.rf.67ae71b6002882647b87f0b0fa004c2c.jpg#p00#1#0,2311_jpg.rf.67ae71b6002882647b87f0b0fa004c2c.jpg,0,1,0,0.982,0,det,det,det,,,,Alakazam,1/130,B2,Base Set 2,Rare Holo,0.0
2311_jpg.rf.67ae71b6002882647b87f0b0fa004c2c.jpg#p00#2#1,2311_jpg.rf.67ae71b6002882647b87f0b0fa004c2c.jpg,0,2,1,0.977,0,det,det,det,,,,Alakazam,1/130,B2,Base Set 2,Rare Holo,0.0
2311_jpg.rf.67ae71b6002882647b87f0b0fa004c2c.jpg#p00#3#2,2311_jpg.rf.67ae71b6002882647b87f0b0fa004c2c.jpg,0,3,2,0.974,180,det,det,det,,015/100,,Drapion,15/100,SF,Stormfront,Rare,75.0
2311_jpg.rf.67ae71b6002882647b87f0b0fa004c2c.jpg#p00#0#3,2311_jpg.rf.67ae71b6002882647b87f0b0fa004c2c.jpg,0,0,3,0.985,180,det,det,det,,140/108,,Fairy Energy,140/146,XY,XY,Common,50.0
2312_jpg.rf.0e64cb6695246b2ad4123eee1540c4b6.jpg#p00#1#0,2312_jpg.rf.0e64cb6695246b2ad4123eee1540c4b6.jpg,0,1,0,0.986,0,det,det,det,,012/62,SV3A,Moltres,12/62,FO,Fossil,Rare Holo,75.0
2312_jpg.rf.0e64cb6695246b2ad4123eee1540c4b6.jpg#p00#2#1,2312_jpg.rf.0e64cb6695246b2ad4123eee1540c4b6.jpg,0,2,1,0.985,0,det,det,det,,037/73,SVLA,Arbok,37/73,SLG,Shining Legends,Uncommon,75.0
2312_jpg.rf.0e64cb6695246b2ad4123eee1540c4b6.jpg#p00#7#2,2312_jpg.rf.0e64cb6695246b2ad4123eee1540c4b6.jpg,0,7,2,0.982,0,det,det,det,,059/66,SVSA,Energy Search,59/62,FO,Fossil,Common,50.0
2312_jpg.rf.0e64cb6695246b2ad4123eee1540c4b6.jpg#p00#6#3,2312_jpg.rf.0e64cb6695246b2ad4123eee1540c4b6.jpg,0,6,3,0.982,0,det,det,det,EミュウVMAX,054/172,12,Zeraora VMAX,54/159,CRZ,Crown Zenith,Rare Holo VMAX,1050.0
2312_jpg.rf.0e64cb6695246b2ad4123eee1540c4b6.jpg#p00#0#4,2312_jpg.rf.0e64cb6695246b2ad4123eee1540c4b6.jpg,0,0,4,0.988,0,det,det,det,VSTAR,045/67,1590,Zeraora VSTAR,GG43/70,CRZ,Crown Zenith,Rare Holo VSTAR,1015.0
2312_jpg.rf.0e64cb6695246b2ad4123eee1540c4b6.jpg#p00#3#5,2312_jpg.rf.0e64cb6695246b2ad4123eee1540c4b6.jpg,0,3,5,0.985,0,det,det,det,EX,,,Mew,8/53,WBP,Wizards Black Star Promos,Promo,900.0
2312_jpg.rf.0e64cb6695246b2ad4123eee1540c4b6.jpg#p00#5#6,2312_jpg.rf.0e64cb6695246b2ad4123eee1540c4b6.jpg,0,5,6,0.984,0,det,det,det,,005/100,,Dugtrio,5/100,CG,Crystal Guardians,Rare Holo,75.0
2312_jpg.rf.0e64cb6695246b2ad4123eee1540c4b6.jpg#p00#4#7,2312_jpg.rf.0e64cb6695246b2ad4123eee1540c4b6.jpg,0,4,7,0.985,0,det,det,det,,092/98,312,M Tyranitar-EX,92/98,AOR,Ancient Origins,Rare Ultra,75.0
2312_jpg.rf.0e64cb6695246b2ad4123eee1540c4b6.jpg#p00#8#8,2312_jpg.rf.0e64cb6695246b2ad4123eee1540c4b6.jpg,0,8,8,0.982,0,det,det,det,,092/98,SV10,M Tyranitar-EX,92/98,AOR,Ancient Origins,Rare Ultra,75.0
2313_jpg.rf.bcbe3314beab3823653e3ec7e254ec30.jpg#p00#8#0,2313_jpg.rf.bcbe3314beab3823653e3ec7e254ec30.jpg,0,8,0,0.985,0,det,det,template,,017/68,,Lapras,17/68,HIF,Hidden Fates,Rare,75.0
2313_jpg.rf.bcbe3314beab3823653e3ec7e254ec30.jpg#p00#3#1,2313_jpg.rf.bcbe3314beab3823653e3ec7e254ec30.jpg,0,3,1,0.987,0,det,det,det,,348/190,SD,Alakazam,1/130,B2,Base Set 2,Rare Holo,0.0
2313_jpg.rf.bcbe3314beab3823653e3ec7e254ec30.jpg#p00#0#2,2313_jpg.rf.bcbe3314beab3823653e3ec7e254ec30.jpg,0,0,2,0.989,0,det,det,det,,099/101,,Genesect,BW99/101,BWP,BW Black Star Promos,Promo,75.0
2313_jpg.rf.bcbe3314beab3823653e3ec7e254ec30.jpg#p00#5#3,2313_jpg.rf.bcbe3314beab3823653e3ec7e254ec30.jpg,0,5,3,0.986,0,det,det,det,,002/101,,Tepig,BW02/101,BWP,BW Black Star Promos,Promo,75.0
2313_jpg.rf.bcbe3314beab3823653e3ec7e254ec30.jpg#p00#7#4,2313_jpg.rf.bcbe3314beab3823653e3ec7e254ec30.jpg,0,7,4,0.986,0,det,det,det,,288/190,,Fezandipiti ex,288/217,ASC,Ascended Heroes,Special Illustration Rare,50.0
2313_jpg.rf.bcbe3314beab3823653e3ec7e254ec30.jpg#p00#2#5,2313_jpg.rf.bcbe3314beab3823653e3ec7e254ec30.jpg,0,2,5,0.988,0,det,det,det,,041/165,R2D,Zubat,41/165,MEW,151,Common,75.0
2313_jpg.rf.bcbe3314beab3823653e3ec7e254ec30.jpg#p00#4#6,2313_jpg.rf.bcbe3314beab3823653e3ec7e254ec30.jpg,0,4,6,0.987,0,det,det,det,,037/187,STE,Gliscor,37/108,ROS,Roaring Skies,Uncommon,50.0
2313_jpg.rf.bcbe3314beab3823653e3ec7e254ec30.jpg#p00#1#7,2313_jpg.rf.bcbe3314beab3823653e3ec7e254ec30.jpg,0,1,7,0.989,0,det,det,det,,069/100,,Whismur,69/100,CG,Crystal Guardians,Common,75.0
2313_jpg.rf.bcbe3314beab3823653e3ec7e254ec30.jpg#p00#6#8,2313_jpg.rf.bcbe3314beab3823653e3ec7e254ec30.jpg,0,6,8,0.986,0,det,det,det,,036/71,SV20,Wobbuffet,36/119,PHF,Phantom Forces,Uncommon,50.0
2314_jpg.rf.79d9d34051cccb522687053dbdd7043c.jpg#p00#0#0,2314_jpg.rf.79d9d34051cccb522687053dbdd7043c.jpg,0,0,0,0.988,180,det,det,det,,066/73,00,Suspicious Food Tin,66/73,CPA,Champion's Path,Uncommon,75.0
2314_jpg.rf.79d9d34051cccb522687053dbdd7043c.jpg#p00#2#1,2314_jpg.rf.79d9d34051cccb522687053dbdd7043c.jpg,0,2,1,0.979,0,det,det,det,,054/68,,Brock's Pewter City Gym,54/68,HIF,Hidden Fates,Uncommon,75.0
2314_jpg.rf.79d9d34051cccb522687053dbdd7043c.jpg#p00#1#2,2314_jpg.rf.79d9d34051cccb522687053dbdd7043c.jpg,0,1,2,0.979,180,det,det,det,N,065/100,,N,BW100/101,BWP,BW Black Star Promos,Promo,1040.0
2314_jpg.rf.79d9d34051cccb522687053dbdd7043c.jpg#p00#3#3,2314_jpg.rf.79d9d34051cccb522687053dbdd7043c.jpg,0,3,3,0.977,0,det,det,det,,106/165,,Hitmonlee,106/165,MEW,151,Uncommon,75.0
2315_jpg.rf.2b11248d88878d28410616f582783de6.jpg#p00#7#0,2315_jpg.rf.2b11248d88878d28410616f582783de6.jpg,0,7,0,0.985,0,det,det,det,,045/71,,Caterpie,45/102,BS,Base Set,Common,50.0
2315_jpg.rf.2b11248d88878d28410616f582783de6.jpg#p00#2#1,2315_jpg.rf.2b11248d88878d28410616f582783de6.jpg,0,2,1,0.987,0,det,det,det,,030/66,V5D,Oshawott,30/114,STS,Steam Siege,Common,50.0
2315_jpg.rf.2b11248d88878d28410616f582783de6.jpg#p00#6#2,2315_jpg.rf.2b11248d88878d28410616f582783de6.jpg,0,6,2,0.985,0,det,det,det,,067/165,5V20,Machoke,67/165,MEW,151,Uncommon,75.0
2315_jpg.rf.2b11248d88878d28410616f582783de6.jpg#p00#5#3,2315_jpg.rf.2b11248d88878d28410616f582783de6.jpg,0,5,3,0.985,0,det,det,det,,055/100,5V9,Lotad,55/100,CG,Crystal Guardians,Common,75.0
2315_jpg.rf.2b11248d88878d28410616f582783de6.jpg#p00#0#4,2315_jpg.rf.2b11248d88878d28410616f582783de6.jpg,0,0,4,0.989,0,det,det,det,,069/78,51S,Rare Candy,69/78,PGO,Pokémon GO,Uncommon,75.0
2315_jpg.rf.2b11248d88878d28410616f582783de6.jpg#p00#8#5,2315_jpg.rf.2b11248d88878d28410616f582783de6.jpg,0,8,5,0.984,0,det,det,det,,086/172,120,Sneasel,86/172,BRS,Brilliant Stars,Common,75.0
2315_jpg.rf.2b11248d88878d28410616f582783de6.jpg#p00#3#6,2315_jpg.rf.2b11248d88878d28410616f582783de6.jpg,0,3,6,0.986,0,det,det,det,,067/160,,Nidorina,67/160,PRC,Primal Clash,Uncommon,75.0
2315_jpg.rf.2b11248d88878d28410616f582783de6.jpg#p00#4#7,2315_jpg.rf.2b11248d88878d28410616f582783de6.jpg,0,4,7,0.986,0,det,det,det,,025/101,,Snover,25/101,PLB,Plasma Blast,Common,75.0
2315_jpg.rf.2b11248d88878d28410616f582783de6.jpg#p00#1#8,2315_jpg.rf.2b11248d88878d28410616f582783de6.jpg,0,1,8,0.987,0,det,det,det,,083/67,510P,Maintenance,83/102,BS,Base Set,Uncommon,50.0
2316_jpg.rf.5251b5fba0ae284e9b4ca11f428200ac.jpg#p00#4#0,2316_jpg.rf.5251b5fba0ae284e9b4ca11f428200ac.jpg,0,4,0,0.981,0,det,det,det,,074/165,NIA,Croconaw,74/165,EX,Expedition Base Set,Uncommon,75.0
2316_jpg.rf.5251b5fba0ae284e9b4ca11f428200ac.jpg#p00#2#1,2316_jpg.rf.5251b5fba0ae284e9b4ca11f428200ac.jpg,0,2,1,0.983,0,det,det,det,,210/165,W2A,Cetitan ex,210/182,DRI,Destined Rivals,Ultra Rare,50.0
2316_jpg.rf.5251b5fba0ae284e9b4ca11f428200ac.jpg#p00#1#2,2316_jpg.rf.5251b5fba0ae284e9b4ca11f428200ac.jpg,0,1,2,0.984,0,det,det,det,,021/102,W2,Electrode,21/102,BS,Base Set,Rare,75.0
2316_jpg.rf.5251b5fba0ae284e9b4ca11f428200ac.jpg#p00#3#3,2316_jpg.rf.5251b5fba0ae284e9b4ca11f428200ac.jpg,0,3,3,0.981,0,det,det,det,,,,Alakazam,1/130,B2,Base Set 2,Rare Holo,0.0
2316_jpg.rf.5251b5fba0ae284e9b4ca11f428200ac.jpg#p00#0#4,2316_jpg.rf.5251b5fba0ae284e9b4ca11f428200ac.jpg,0,0,4,0.986,0,det,det,det,,078/100,,Shroomish,78/100,SS,Sandstorm,Common,75.0
2317_jpg.rf.0f9a80ebd9dfe571921bba44b365f640.jpg#p00#0#0,2317_jpg.rf.0f9a80ebd9dfe571921bba44b365f640.jpg,0,0,0,0.984,0,det,det,det,,010/190,,Ninjask,10/108,ROS,Roaring Skies,Uncommon,50.0
2317_jpg.rf.0f9a80ebd9dfe571921bba44b365f640.jpg#p00#4#1,2317_jpg.rf.0f9a80ebd9dfe571921bba44b365f640.jpg,0,4,1,0.97,180,template,det,det,V,,50,AZ,91/119,PHF,Phantom Forces,Uncommon,900.0
2317_jpg.rf.0f9a80ebd9dfe571921bba44b365f640.jpg#p00#1#2,2317_jpg.rf.0f9a80ebd9dfe571921bba44b365f640.jpg,0,1,2,0.979,180,det,det,det,,100/702,G7,Potion,100/114,BLW,Black & White,Common,50.0
2317_jpg.rf.0f9a80ebd9dfe571921bba44b365f640.jpg#p00#3#3,2317_jpg.rf.0f9a80ebd9dfe571921bba44b365f640.jpg,0,3,3,0.972,180,det,det,det,,044/1,50,Bulbasaur,44/102,BS,Base Set,Common,50.0
2317_jpg.rf.0f9a80ebd9dfe571921bba44b365f640.jpg#p00#2#4,2317_jpg.rf.0f9a80ebd9dfe571921bba44b365f640.jpg,0,2,4,0.974,180,det,det,det,,,WIO,Alakazam,1/130,B2,Base Set 2,Rare Holo,0.0
2318_jpg.rf.80372f1412c60c1345e1745f2953e561.jpg#p00#4#0,2318_jpg.rf.80372f1412c60c1345e1745f2953e561.jpg,0,4,0,0.98,0,det,det,det,,043/64,3VA,Primeape,43/64,JU,Jungle,Uncommon,75.0
2318_jpg.rf.80372f1412c60c1345e1745f2953e561.jpg#p00#5#1,2318_jpg.rf.80372f1412c60c1345e1745f2953e561.jpg,0,5,1,0.977,0,det,det,det,,002/67,S10P,M Venusaur-EX,2/146,XY,XY,Rare Holo EX,50.0
2318_jpg.rf.80372f1412c60c1345e1745f2953e561.jpg#p00#2#2,2318_jpg.rf.80372f1412c60c1345e1745f2953e561.jpg,0,2,2,0.986,0,det,det,det,,240/190,,Hitmontop,240/217,ASC,Ascended Heroes,Illustration Rare,50.0
2318_jpg.rf.80372f1412c60c1345e1745f2953e561.jpg#p00#0#3,2318_jpg.rf.80372f1412c60c1345e1745f2953e561.jpg,0,0,3,0.988,0,det,det,det,E3,019/62,V3D,Mew,19/165,EX,Expedition Base Set,Rare Holo,950.0
2318_jpg.rf.80372f1412c60c1345e1745f2953e561.jpg#p00#1#4,2318_jpg.rf.80372f1412c60c1345e1745f2953e561.jpg,0,1,4,0.986,0,det,det,det,V,086/172,512,Larvitar,86/189,DAA,Darkness Ablaze,Common,930.0
2318_jpg.rf.80372f1412c60c1345e1745f2953e561.jpg#p00#3#5,2318_jpg.rf.80372f1412c60c1345e1745f2953e561.jpg,0,3,5,0.985,0,det,det,det,X,103/78,GIS,Entei-EX,103/108,DEX,Dark Explorers,Rare Ultra,930.0
2319_jpg.rf.bd1cbe77b8a45d74e2227bd008dd651f.jpg#p00#1#0,2319_jpg.rf.bd1cbe77b8a45d74e2227bd008dd651f.jpg,0,1,0,0.979,0,det,det,det,,083/187,,Maintenance,83/102,BS,Base Set,Uncommon,50.0
2319_jpg.rf.bd1cbe77b8a45d74e2227bd008dd651f.jpg#p00#3#1,2319_jpg.rf.bd1cbe77b8a45d74e2227bd008dd651f.jpg,0,3,1,0.974,180,det,det,det,,064/106,,Floette,64/106,FLF,Flashfire,Rare,75.0
2319_jpg.rf.bd1cbe77b8a45d74e2227bd008dd651f.jpg#p00#2#2,2319_jpg.rf.bd1cbe77b8a45d74e2227bd008dd651f.jpg,0,2,2,0.977,0,det,det,det,,043/71,,Abra,43/102,BS,Base Set,Common,50.0
2319_jpg.rf.bd1cbe77b8a45d74e2227bd008dd651f.jpg#p00#0#3,2319_jpg.rf.bd1cbe77b8a45d74e2227bd008dd651f.jpg,0,0,3,0.98,0,det,det,det,,210/165,M2A,Cetitan ex,210/182,DRI,Destined Rivals,Ultra Rare,50.0
2320_jpg.rf.e92d9e1d1f91961b15f0332b65328d74.jpg#p00#4#0,2320_jpg.rf.e92d9e1d1f91961b15f0332b65328d74.jpg,0,4,0,0.972,0,det,det,det,,010/666,,Ninjask,10/108,ROS,Roaring Skies,Uncommon,50.0
2320_jpg.rf.e92d9e1d1f91961b15f0332b65328d74.jpg#p00#0#1,2320_jpg.rf.e92d9e1d1f91961b15f0332b65328d74.jpg,0,0,1,0.978,0,det,det,det,,002/71,,M Venusaur-EX,2/146,XY,XY,Rare Holo EX,50.0
2320_jpg.rf.e92d9e1d1f91961b15f0332b65328d74.jpg#p00#5#2,2320_jpg.rf.e92d9e1d1f91961b15f0332b65328d74.jpg,0,5,2,0.967,0,det,det,det,,043/98,,Gothita,43/98,EPO,Emerging Powers,Common,75.0
2320_jpg.rf.e92d9e1d1f91961b15f0332b65328d74.jpg#p00#2#3,2320_jpg.rf.e92d9e1d1f91961b15f0332b65328d74.jpg,0,2,3,0.974,0,det,det,det,,,,Alakazam,1/130,B2,Base Set 2,Rare Holo,0.0
2320_jpg.rf.e92d9e1d1f91961b15f0332b65328d74.jpg#p00#1#4,2320_jpg.rf.e92d9e1d1f91961b15f0332b65328d74.jpg,0,1,4,0.977,180,det,det,det,,090/78,IS,Bouffalant,90/114,BLW,Black & White,Uncommon,50.0
2320_jpg.rf.e92d9e1d1f91961b15f0332b65328d74.jpg#p00#3#5,2320_jpg.rf.e92d9e1d1f91961b15f0332b65328d74.jpg,0,3,5,0.974,0,template,det,template,V,,,AZ,91/119,PHF,Phantom Forces,Uncommon,900.0
2321_jpg.rf.a0063ce552bcb3274b2628823ba040af.jpg#p00#0#0,2321_jpg.rf.a0063ce552bcb3274b2628823ba040af.jpg,0,0,0,0.986,0,det,det,det,VSTAR,087/67,12T,Mewtwo VSTAR,86/78,PGO,Pokémon GO,Rare Secret,1015.0
2321_jpg.rf.a0063ce552bcb3274b2628823ba040af.jpg#p00#2#1,2321_jpg.rf.a0063ce552bcb3274b2628823ba040af.jpg,0,2,1,0.981,0,det,det,det,,141/172,,Gloria,141/172,BRS,Brilliant Stars,Uncommon,75.0
2321_jpg.rf.a0063ce552bcb3274b2628823ba040af.jpg#p00#3#2,2321_jpg.rf.a0063ce552bcb3274b2628823ba040af.jpg,0,3,2,0.98,0,det,det,det,,069/63,GA,Voltorb,69/82,RO,Team Rocket,Common,50.0
2321_jpg.rf.a0063ce552bcb3274b2628823ba040af.jpg#p00#1#3,2321_jpg.rf.a0063ce552bcb3274b2628823ba040af.jpg,0,1,3,0.984,0,det,det,det,,033/62,,Gastly,33/62,FO,Fossil,Uncommon,75.0
2322_jpg.rf.3c56a2a1c29d98b422bab8ce80f613d2.jpg#p00#4#0,2322_jpg.rf.3c56a2a1c29d98b422bab8ce80f613d2.jpg,0,4,0,0.971,180,det,det,det,,204/875,,Team Rocket's Giovanni,204/217,ASC,Ascended Heroes,Uncommon,50.0
2322_jpg.rf.3c56a2a1c29d98b422bab8ce80f613d2.jpg#p00#1#1,2322_jpg.rf.3c56a2a1c29d98b422bab8ce80f613d2.jpg,0,1,1,0.975,0,det,det,det,EX,,,Mew,8/53,WBP,Wizards Black Star Promos,Promo,900.0
2322_jpg.rf.3c56a2a1c29d98b422bab8ce80f613d2.jpg#p00#3#2,2322_jpg.rf.3c56a2a1c29d98b422bab8ce80f613d2.jpg,0,3,2,0.973,0,det,det,det,EX,,,Mew,8/53,WBP,Wizards Black Star Promos,Promo,900.0
2322_jpg.rf.3c56a2a1c29d98b422bab8ce80f613d2.jpg#p00#0#3,2322_jpg.rf.3c56a2a1c29d98b422bab8ce80f613d2.jpg,0,0,3,0.978,0,det,det,det,,008/106,,Roselia,8/106,FLF,Flashfire,Common,75.0
2322_jpg.rf.3c56a2a1c29d98b422bab8ce80f613d2.jpg#p00#2#4,2322_jpg.rf.3c56a2a1c29d98b422bab8ce80f613d2.jpg,0,2,4,0.975,0,det,det,det,EX,136/108,,Marnie's Grimmsnarl ex,136/182,DRI,Destined Rivals,Double Rare,1050.0
2323_jpg.rf.4c3a3107014848d574d99322e6878d94.jpg#p00#1#0,2323_jpg.rf.4c3a3107014848d574d99322e6878d94.jpg,0,1,0,0.983,0,det,det,det,,,20,Alakazam,1/130,B2,Base Set 2,Rare Holo,0.0
2323_jpg.rf.4c3a3107014848d574d99322e6878d94.jpg#p00#4#1,2323_jpg.rf.4c3a3107014848d574d99322e6878d94.jpg,0,4,1,0.981,0,det,det,template,V,072/100,,Sylveon,72/111,FFI,Furious Fists,Rare,930.0
2323_jpg.rf.4c3a3107014848d574d99322e6878d94.jpg#p00#0#2,2323_jpg.rf.4c3a3107014848d574d99322e6878d94.jpg,0,0,2,0.986,0,det,det,template,,893/60,,Alakazam,1/130,B2,Base Set 2,Rare Holo,0.0
2323_jpg.rf.4c3a3107014848d574d99322e6878d94.jpg#p00#2#3,2323_jpg.rf.4c3a3107014848d574d99322e6878d94.jpg,0,2,3,0.982,0,det,det,det,,093/64,,Pecharunt ex,93/64,SFA,Shrouded Fable,Special Illustration Rare,75.0
2323_jpg.rf.4c3a3107014848d574d99322e6878d94.jpg#p00#3#4,2323_jpg.rf.4c3a3107014848d574d99322e6878d94.jpg,0,3,4,0.981,0,det,det,det,,067/71,510,Meowth,67/108,ROS,Roaring Skies,Common,50.0
2323_jpg.rf.4c3a3107014848d574d99322e6878d94.jpg#p00#5#5,2323_jpg.rf.4c3a3107014848d574d99322e6878d94.jpg,0,5,5,0.981,0,det,det,det,,080/101,MS,Escavalier,80/101,NVI,Noble Victories,Rare,75.0
2324_jpg.rf.a1eac9b513a415c3f89e006c26b3a8dc.jpg#p00#0#0,2324_jpg.rf.a1eac9b513a415c3f89e006c26b3a8dc.jpg,0,0,0,0.98,0,det,det,det,,074/100,131,Ralts,74/100,SS,Sandstorm,Common,75.0
2324_jpg.rf.a1eac9b513a415c3f89e006c26b3a8dc.jpg#p00#3#1,2324_jpg.rf.a1eac9b513a415c3f89e006c26b3a8dc.jpg,0,3,1,0.962,180,det,det,det,,,,Alakazam,1/130,B2,Base Set 2,Rare Holo,0.0
2324_jpg.rf.a1eac9b513a415c3f89e006c26b3a8dc.jpg#p00#2#2,2324_jpg.rf.a1eac9b513a415c3f89e006c26b3a8dc.jpg,0,2,2,0.979,180,det,det,det,V,102/98,312,Vigoroth,102/124,DRX,Dragons Exalted,Uncommon,930.0
2324_jpg.rf.a1eac9b513a415c3f89e006c26b3a8dc.jpg#p00#4#3,2324_jpg.rf.a1eac9b513a415c3f89e006c26b3a8dc.jpg,0,4,3,0.936,0,det,det,det,,003/4,,Darkrai,3/106,GE,Great Encounters,Rare Holo,50.0
2324_jpg.rf.a1eac9b513a415c3f89e006c26b3a8dc.jpg#p00#1#4,2324_jpg.rf.a1eac9b513a415c3f89e006c26b3a8dc.jpg,0,1,4,0.979,0,det,det,det,,012/68,,Slowpoke,12/68,HIF,Hidden Fates,Common,75.0
2325_jpg.rf.07bce3612ddd22c61ec44da4ee7d55f0.jpg#p00#3#0,2325_jpg.rf.07bce3612ddd22c61ec44da4ee7d55f0.jpg,0,3,0,0.985,0,det,det,det,,003/68,S110,Butterfree,3/68,HIF,Hidden Fates,Rare,75.0
2325_jpg.rf.07bce3612ddd22c61ec44da4ee7d55f0.jpg#p00#5#1,2325_jpg.rf.07bce3612ddd22c61ec44da4ee7d55f0.jpg,0,5,1,0.982,0,det,det,det,,330/190,,Alakazam,1/130,B2,Base Set 2,Rare Holo,0.0
2325_jpg.rf.07bce3612ddd22c61ec44da4ee7d55f0.jpg#p00#0#2,2325_jpg.rf.07bce3612ddd22c61ec44da4ee7d55f0.jpg,0,0,2,0.987,0,det,det,det,,008/100,159,Manectric,8/100,CG,Crystal Guardians,Rare Holo,75.0
2325_jpg.rf.07bce3612ddd22c61ec44da4ee7d55f0.jpg#p00#4#3,2325_jpg.rf.07bce3612ddd22c61ec44da4ee7d55f0.jpg,0,4,3,0.984,0,det,det,det,,044/66,,Bulbasaur,44/102,BS,Base Set,Common,50.0
2325_jpg.rf.07bce3612ddd22c61ec44da4ee7d55f0.jpg#p00#2#4,2325_jpg.rf.07bce3612ddd22c61ec44da4ee7d55f0.jpg,0,2,4,0.985,0,det,det,det,,117/101,56,AZ,117/119,PHF,Phantom Forces,Rare Ultra,50.0
2325_jpg.rf.07bce3612ddd22c61ec44da4ee7d55f0.jpg#p00#1#5,2325_jpg.rf.07bce3612ddd22c61ec44da4ee7d55f0.jpg,0,1,5,0.986,0,det,det,det,,056/73,VIA,Marnie,56/73,CPA,Champion's Path,Rare Holo,75.0
2326_jpg.rf.5ab4e24f42a00b2f614c0ba721b35de4.jpg#p00#5#0,2326_jpg.rf.5ab4e24f42a00b2f614c0ba721b35de4.jpg,0,5,0,0.986,0,det,det,det,,095/71,,Gengar Spirit Link,95/119,PHF,Phantom Forces,Uncommon,50.0
2326_jpg.rf.5ab4e24f42a00b2f614c0ba721b35de4.jpg#p00#1#1,2326_jpg.rf.5ab4e24f42a00b2f614c0ba721b35de4.jpg,0,1,1,0.989,0,det,det,det,,022/63,590,Mr. Mime,22/64,JU,Jungle,Rare,50.0
2326_jpg.rf.5ab4e24f42a00b2f614c0ba721b35de4.jpg#p00#4#2,2326_jpg.rf.5ab4e24f42a00b2f614c0ba721b35de4.jpg,0,4,2,0.987,0,det,det,det,,029/78,V1S,Zapdos,29/78,PGO,Pokémon GO,Rare Holo,75.0
2326_jpg.rf.5ab4e24f42a00b2f614c0ba721b35de4.jpg#p00#0#3,2326_jpg.rf.5ab4e24f42a00b2f614c0ba721b35de4.jpg,0,0,3,0.989,0,det,det,det,,066/98,,Porygon-Z,66/98,AOR,Ancient Origins,Rare,75.0
2326_jpg.rf.5ab4e24f42a00b2f614c0ba721b35de4.jpg#p00#2#4,2326_jpg.rf.5ab4e24f42a00b2f614c0ba721b35de4.jpg,0,2,4,0.988,0,det,det,det,,061/190,,Recycle,61/62,FO,Fossil,Common,50.0
2326_jpg.rf.5ab4e24f42a00b2f614c0ba721b35de4.jpg#p00#3#5,2326_jpg.rf.5ab4e24f42a00b2f614c0ba721b35de4.jpg,0,3,5,0.987,0,det,det,det,VSTAR,042/172,3126,Glaceon VSTAR,GG40/70,CRZ,Crown Zenith,Rare Holo VSTAR,1015.0
2326_jpg.rf.5ab4e24f42a00b2f614c0ba721b35de4.jpg#p00#7#6,2326_jpg.rf.5ab4e24f42a00b2f614c0ba721b35de4.jpg,0,7,6,0.985,0,det,det,det,Z,083/98,SV10,Koga's Zubat,83/132,G2,Gym Challenge,Common,930.0
2326_jpg.rf.5ab4e24f42a00b2f614c0ba721b35de4.jpg#p00#6#7,2326_jpg.rf.5ab4e24f42a00b2f614c0ba721b35de4.jpg,0,6,7,0.985,0,det,det,det,,114/100,,Purrloin,114/182,PAR,Paradox Rift,Common,50.0
2326_jpg.rf.5ab4e24f42a00b2f614c0ba721b35de4.jpg#p00#8#8,2326_jpg.rf.5ab4e24f42a00b2f614c0ba721b35de4.jpg,0,8,8,0.984,0,det,det,det,,099/165,V2A,Chikorita,99/165,EX,Expedition Base Set,Common,75.0
2327_jpg.rf.2982491c1849d47508497942e11bbe09.jpg#p00#0#0,2327_jpg.rf.2982491c1849d47508497942e11bbe09.jpg,0,0,0,0.988,0,det,det,det,,077/187,518A,Malamar,77/146,XY,XY,Rare,50.0
2327_jpg.rf.2982491c1849d47508497942e11bbe09.jpg#p00#4#1,2327_jpg.rf.2982491c1849d47508497942e11bbe09.jpg,0,4,1,0.985,0,det,det,det,,001/73,5V1D,Venusaur V,1/73,CPA,Champion's Path,Rare Holo V,75.0
2327_jpg.rf.2982491c1849d47508497942e11bbe09.jpg#p00#5#2,2327_jpg.rf.2982491c1849d47508497942e11bbe09.jpg,0,5,2,0.985,0,det,det,det,,050/71,SY2P,Gastly,50/102,BS,Base Set,Common,50.0
2327_jpg.rf.2982491c1849d47508497942e11bbe09.jpg#p00#2#3,2327_jpg.rf.2982491c1849d47508497942e11bbe09.jpg,0,2,3,0.987,0,det,det,det,,035/62,3D,Golduck,35/62,FO,Fossil,Uncommon,75.0
2327_jpg.rf.2982491c1849d47508497942e11bbe09.jpg#p00#1#4,2327_jpg.rf.2982491c1849d47508497942e11bbe09.jpg,0,1,4,0.988,0,det,det,det,,119/165,120,Mareep,119/165,EX,Expedition Base Set,Common,75.0
2327_jpg.rf.2982491c1849d47508497942e11bbe09.jpg#p00#3#5,2327_jpg.rf.2982491c1849d47508497942e11bbe09.jpg,0,3,5,0.986,0,det,det,det,,032/67,DON,Croconaw,32/111,N1,Neo Genesis,Uncommon,50.0
2328_jpg.rf.37df0b9fa18e1c1279442d82c49fbf40.jpg#p00#2#0,2328_jpg.rf.37df0b9fa18e1c1279442d82c49fbf40.jpg,0,2,0,0.974,0,det,det,det,,058/71,WSK,Diglett,58/146,XY,XY,Common,50.0
2328_jpg.rf.37df0b9fa18e1c1279442d82c49fbf40.jpg#p00#5#1,2328_jpg.rf.37df0b9fa18e1c1279442d82c49fbf40.jpg,0,5,1,0.968,180,det,det,det,,,,Alakazam,1/130,B2,Base Set 2,Rare Holo,0.0
2328_jpg.rf.37df0b9fa18e1c1279442d82c49fbf40.jpg#p00#1#2,2328_jpg.rf.37df0b9fa18e1c1279442d82c49fbf40.jpg,0,1,2,0.976,180,det,det,det,,029/78,,Zapdos,29/78,PGO,Pokémon GO,Rare Holo,75.0
2328_jpg.rf.37df0b9fa18e1c1279442d82c49fbf40.jpg#p00#4#3,2328_jpg.rf.37df0b9fa18e1c1279442d82c49fbf40.jpg,0,4,3,0.97,180,det,det,det,,059/71,TO,Energy Search,59/62,FO,Fossil,Common,50.0
2328_jpg.rf.37df0b9fa18e1c1279442d82c49fbf40.jpg#p00#0#4,2328_jpg.rf.37df0b9fa18e1c1279442d82c49fbf40.jpg,0,0,4,0.983,180,det,det,det,EX,041/101,,Toxicroak-EX,41/106,FLF,Flashfire,Rare Holo EX,1050.0
2328_jpg.rf.37df0b9fa18e1c1279442d82c49fbf40.jpg#p00#3#5,2328_jpg.rf.37df0b9fa18e1c1279442d82c49fbf40.jpg,0,3,5,0.972,0,det,det,det,,093/98,MN,Giratina-EX,93/98,AOR,Ancient Origins,Rare Ultra,75.0
2329_jpg.rf.7f766f4ae9aa472d32a3af3ee1f95339.jpg#p00#8#0,2329_jpg.rf.7f766f4ae9aa472d32a3af3ee1f95339.jpg,0,8,0,0.98,0,det,det,det,X,096/78,SVIS,Xerneas,96/146,XY,XY,Rare,930.0
2329_jpg.rf.7f766f4ae9aa472d32a3af3ee1f95339.jpg#p00#0#1,2329_jpg.rf.7f766f4ae9aa472d32a3af3ee1f95339.jpg,0,0,1,0.99,0,det,det,det,,088/67,10P,Meowth,88/114,STS,Steam Siege,Common,50.0
2329_jpg.rf.7f766f4ae9aa472d32a3af3ee1f95339.jpg#p00#4#2,2329_jpg.rf.7f766f4ae9aa472d32a3af3ee1f95339.jpg,0,4,2,0.986,0,det,det,det,,090/78,SVIS,Bouffalant,90/114,BLW,Black & White,Uncommon,50.0
2329_jpg.rf.7f766f4ae9aa472d32a3af3ee1f95339.jpg#p00#5#3,2329_jpg.rf.7f766f4ae9aa472d32a3af3ee1f95339.jpg,0,5,3,0.986,0,det,det,det,,008/106,,Roselia,8/106,FLF,Flashfire,Common,75.0
2329_jpg.rf.7f766f4ae9aa472d32a3af3ee1f95339.jpg#p00#6#4,2329_jpg.rf.7f766f4ae9aa472d32a3af3ee1f95339.jpg,0,6,4,0.985,0,det,det,det,,053/71,,Scolipede,53/146,XY,XY,Rare,50.0
2329_jpg.rf.7f766f4ae9aa472d32a3af3ee1f95339.jpg#p00#3#5,2329_jpg.rf.7f766f4ae9aa472d32a3af3ee1f95339.jpg,0,3,5,0.988,0,det,det,det,,116/108,,Evosoda,116/146,XY,XY,Uncommon,50.0
2329_jpg.rf.7f766f4ae9aa472d32a3af3ee1f95339.jpg#p00#2#6,2329_jpg.rf.7f766f4ae9aa472d32a3af3ee1f95339.jpg,0,2,6,0.988,0,det,det,det,E,005/71,SYSK,Sewaddle,5/119,PHF,Phantom Forces,Common,930.0
2329_jpg.rf.7f766f4ae9aa472d32a3af3ee1f95339.jpg#p00#1#7,2329_jpg.rf.7f766f4ae9aa472d32a3af3ee1f95339.jpg,0,1,7,0.99,0,det,det,det,,059/71,MSXK,Energy Search,59/62,FO,Fossil,Common,50.0
2329_jpg.rf.7f766f4ae9aa472d32a3af3ee1f95339.jpg#p00#7#8,2329_jpg.rf.7f766f4ae9aa472d32a3af3ee1f95339.jpg,0,7,8,0.984,0,det,det,det,,090/100,,Energy Search,90/100,MD,Majestic Dawn,Common,75.0
2330_jpg.rf.6c87d5e80b4c9d713395c1dcb9e7b35d.jpg#p00#2#0,2330_jpg.rf.6c87d5e80b4c9d713395c1dcb9e7b35d.jpg,0,2,0,0.985,0,det,det,det,,034/66,,Machoke,34/102,BS,Base Set,Uncommon,50.0
2330_jpg.rf.6c87d5e80b4c9d713395c1dcb9e7b35d.jpg#p00#1#1,2330_jpg.rf.6c87d5e80b4c9d713395c1dcb9e7b35d.jpg,0,1,1,0.987,0,det,det,det,,063/67,10P,Heatran,63/119,PHF,Phantom Forces,Rare Holo,50.0
2330_jpg.rf.6c87d5e80b4c9d713395c1dcb9e7b35d.jpg#p00#3#2,2330_jpg.rf.6c87d5e80b4c9d713395c1dcb9e7b35d.jpg,0,3,2,0.984,0,det,det,det,,010/22,,Ninjask,10/108,ROS,Roaring Skies,Uncommon,50.0
2330_jpg.rf.6c87d5e80b4c9d713395c1dcb9e7b35d.jpg#p00#0#3,2330_jpg.rf.6c87d5e80b4c9d713395c1dcb9e7b35d.jpg,0,0,3,0.988,0,det,det,det,,082/67,ETOP,Metal Energy,82/83,GEN,Generations,Common,50.0
2330_jpg.rf.6c87d5e80b4c9d713395c1dcb9e7b35d.jpg#p00#4#4,2330_jpg.rf.6c87d5e80b4c9d713395c1dcb9e7b35d.jpg,0,4,4,0.984,0,det,det,det,V,,310P,AZ,91/119,PHF,Phantom Forces,Uncommon,900.0
2330_jpg.rf.6c87d5e80b4c9d713395c1dcb9e7b35d.jpg#p00#8#5,2330_jpg.rf.6c87d5e80b4c9d713395c1dcb9e7b35d.jpg,0,8,5,0.981,0,det,det,det,,348/190,,Alakazam,1/130,B2,Base Set 2,Rare Holo,0.0
2330_jpg.rf.6c87d5e80b4c9d713395c1dcb9e7b35d.jpg#p00#5#6,2330_jpg.rf.6c87d5e80b4c9d713395c1dcb9e7b35d.jpg,0,5,6,0.983,0,det,det,det,,,,Alakazam,1/130,B2,Base Set 2,Rare Holo,0.0
2330_jpg.rf.6c87d5e80b4c9d713395c1dcb9e7b35d.jpg#p00#7#7,2330_jpg.rf.6c87d5e80b4c9d713395c1dcb9e7b35d.jpg,0,7,7,0.982,0,det,det,det,EX,019/102,,Trevenant-EX,19/160,PRC,Primal Clash,Rare Holo EX,1050.0
2330_jpg.rf.6c87d5e80b4c9d713395c1dcb9e7b35d.jpg#p00#6#8,2330_jpg.rf.6c87d5e80b4c9d713395c1dcb9e7b35d.jpg,0,6,8,0.982,0,det,det,det,X,033/107,,Deoxys,33/108,ROS,Roaring Skies,Rare Holo,930.0
2331_jpg.rf.c09b4d928ed1c90992b51dc02bfd22cf.jpg#p00#0#0,2331_jpg.rf.c09b4d928ed1c90992b51dc02bfd22cf.jpg,0,0,0,0.977,0,det,det,det,,056/66,,Shelgon,56/108,ROS,Roaring Skies,Uncommon,50.0
2331_jpg.rf.c09b4d928ed1c90992b51dc02bfd22cf.jpg#p00#1#1,2331_jpg.rf.c09b4d928ed1c90992b51dc02bfd22cf.jpg,0,1,1,0.976,180,det,det,det,V,106/100,,M Gardevoir-EX,106/160,PRC,Primal Clash,Rare Holo EX,930.0
2331_jpg.rf.c09b4d928ed1c90992b51dc02bfd22cf.jpg#p00#3#2,2331_jpg.rf.c09b4d928ed1c90992b51dc02bfd22cf.jpg,0,3,2,0.969,0,det,det,det,,056/71,,Shelgon,56/108,ROS,Roaring Skies,Uncommon,50.0
2331_jpg.rf.c09b4d928ed1c90992b51dc02bfd22cf.jpg#p00#2#3,2331_jpg.rf.c09b4d928ed1c90992b51dc02bfd22cf.jpg,0,2,3,0.973,180,det,det,det,V,102/0,,Revive,102/114,BLW,Black & White,Uncommon,930.0
2332_jpg.rf.ab2c0d695ced4af5f96e8f5802dc11c9.jpg#p00#0#0,2332_jpg.rf.ab2c0d695ced4af5f96e8f5802dc11c9.jpg,0,0,0,0.991,0,det,det,det,,068/190,5Y4C,Squirtle,68/82,RO,Team Rocket,Common,50.0
2332_jpg.rf.ab2c0d695ced4af5f96e8f5802dc11c9.jpg#p00#3#1,2332_jpg.rf.ab2c0d695ced4af5f96e8f5802dc11c9.jpg,0,3,1,0.987,0,det,det,det,,011/68,,Psyduck,11/68,HIF,Hidden Fates,Common,75.0
2332_jpg.rf.ab2c0d695ced4af5f96e8f5802dc11c9.jpg#p00#6#2,2332_jpg.rf.ab2c0d695ced4af5f96e8f5802dc11c9.jpg,0,6,2,0.986,0,det,det,det,E3,019/62,M3D,Mew,19/165,EX,Expedition Base Set,Rare Holo,950.0
2332_jpg.rf.ab2c0d695ced4af5f96e8f5802dc11c9.jpg#p00#5#3,2332_jpg.rf.ab2c0d695ced4af5f96e8f5802dc11c9.jpg,0,5,3,0.986,0,det,det,det,,030/102,,Sharpedo,30/102,TM,Triumphant,Rare,75.0
2332_jpg.rf.ab2c0d695ced4af5f96e8f5802dc11c9.jpg#p00#7#4,2332_jpg.rf.ab2c0d695ced4af5f96e8f5802dc11c9.jpg,0,7,4,0.986,0,det,det,det,,001/106,W8,Caterpie,1/106,FLF,Flashfire,Common,75.0
2332_jpg.rf.ab2c0d695ced4af5f96e8f5802dc11c9.jpg#p00#1#5,2332_jpg.rf.ab2c0d695ced4af5f96e8f5802dc11c9.jpg,0,1,5,0.99,0,det,det,det,,119/165,2D,Mareep,119/165,EX,Expedition Base Set,Common,75.0
2332_jpg.rf.ab2c0d695ced4af5f96e8f5802dc11c9.jpg#p00#2#6,2332_jpg.rf.ab2c0d695ced4af5f96e8f5802dc11c9.jpg,0,2,6,0.99,0,det,det,det,,047/63,,Diglett,47/102,BS,Base Set,Common,50.0
2332_jpg.rf.ab2c0d695ced4af5f96e8f5802dc11c9.jpg#p00#4#7,2332_jpg.rf.ab2c0d695ced4af5f96e8f5802dc11c9.jpg,0,4,7,0.987,0,det,det,det,,014/66,SW4K,Kingler,14/119,PHF,Phantom Forces,Uncommon,50.0
2332_jpg.rf.ab2c0d695ced4af5f96e8f5802dc11c9.jpg#p00#8#8,2332_jpg.rf.ab2c0d695ced4af5f96e8f5802dc11c9.jpg,0,8,8,0.985,0,det,det,det,,122/100,,Eviolite,122/135,PLS,Plasma Storm,Uncommon,50.0
