Name,Number,Rarity,setId
Alakazam,1/130,Rare Holo,B2
Blastoise,2/130,Rare Holo,B2
Chansey,3/130,Rare Holo,B2
Charizard,4/130,Rare Holo,B2
Clefable,5/130,Rare Holo,B2
Clefairy,6/130,Rare Holo,B2
Gyarados,7/130,Rare Holo,B2
Hitmonchan,8/130,Rare Holo,B2
Magneton,9/130,Rare Holo,B2
Mewtwo,10/130,Rare Holo,B2
Nidoking,11/130,Rare Holo,B2
Nidoqueen,12/130,Rare Holo,B2
Ninetales,13/130,Rare Holo,B2
Pidgeot,14/130,Rare Holo,B2
Poliwrath,15/130,Rare Holo,B2
Raichu,16/130,Rare Holo,B2
Scyther,17/130,Rare Holo,B2
Venusaur,18/130,Rare Holo,B2
Wigglytuff,19/130,Rare Holo,B2
Zapdos,20/130,Rare Holo,B2
Beedrill,21/130,Rare,B2
Dragonair,22/130,Rare,B2
Dugtrio,23/130,Rare,B2
Electabuzz,24/130,Rare,B2
Electrode,25/130,Rare,B2
Kangaskhan,26/130,Rare,B2
Mr. Mime,27/130,Rare,B2
Pidgeotto,28/130,Rare,B2
Pinsir,29/130,Rare,B2
Snorlax,30/130,Rare,B2
Venomoth,31/130,Rare,B2
Victreebel,32/130,Rare,B2
Arcanine,33/130,Uncommon,B2
Butterfree,34/130,Uncommon,B2
Charmeleon,35/130,Uncommon,B2
Dewgong,36/130,Uncommon,B2
Dodrio,37/130,Uncommon,B2
Dratini,38/130,Uncommon,B2
Exeggutor,39/130,Uncommon,B2
Farfetch'd,40/130,Uncommon,B2
Fearow,41/130,Uncommon,B2
Growlithe,42/130,Uncommon,B2
Haunter,43/130,Uncommon,B2
Ivysaur,44/130,Uncommon,B2
Jynx,45/130,Uncommon,B2
Kadabra,46/130,Uncommon,B2
Kakuna,47/130,Uncommon,B2
Lickitung,48/130,Uncommon,B2
Machoke,49/130,Uncommon,B2
Magikarp,50/130,Uncommon,B2
Magmar,51/130,Uncommon,B2
Marowak,52/130,Uncommon,B2
Nidorina,53/130,Uncommon,B2
Nidorino,54/130,Uncommon,B2
Parasect,55/130,Uncommon,B2
Persian,56/130,Uncommon,B2
Poliwhirl,57/130,Uncommon,B2
Raticate,58/130,Uncommon,B2
Rhydon,59/130,Uncommon,B2
Seaking,60/130,Uncommon,B2
Seel,61/130,Uncommon,B2
Tauros,62/130,Uncommon,B2
Wartortle,63/130,Uncommon,B2
Weepinbell,64/130,Uncommon,B2
Abra,65/130,Common,B2
Bellsprout,66/130,Common,B2
Bulbasaur,67/130,Common,B2
Caterpie,68/130,Common,B2
Charmander,69/130,Common,B2
Cubone,70/130,Common,B2
Diglett,71/130,Common,B2
Doduo,72/130,Common,B2
Drowzee,73/130,Common,B2
Exeggcute,74/130,Common,B2
Gastly,75/130,Common,B2
Goldeen,76/130,Common,B2
Jigglypuff,77/130,Common,B2
Machop,78/130,Common,B2
Magnemite,79/130,Common,B2
Meowth,80/130,Common,B2
Metapod,81/130,Common,B2
Nidoran ♀,82/130,Common,B2
Nidoran ♂,83/130,Common,B2
Onix,84/130,Common,B2
Paras,85/130,Common,B2
Pidgey,86/130,Common,B2
Pikachu,87/130,Common,B2
Poliwag,88/130,Common,B2
Rattata,89/130,Common,B2
Rhyhorn,90/130,Common,B2
Sandshrew,91/130,Common,B2
Spearow,92/130,Common,B2
Squirtle,93/130,Common,B2
Starmie,94/130,Common,B2
Staryu,95/130,Common,B2
Tangela,96/130,Common,B2
Venonat,97/130,Common,B2
Voltorb,98/130,Common,B2
Vulpix,99/130,Common,B2
Weedle,100/130,Common,B2
Computer Search,101/130,Rare,B2
Imposter Professor Oak,102/130,Rare,B2
Item Finder,103/130,Rare,B2
Lass,104/130,Rare,B2
Pokémon Breeder,105/130,Rare,B2
Pokémon Trader,106/130,Rare,B2
Scoop Up,107/130,Rare,B2
Super Energy Removal,108/130,Rare,B2
Defender,109/130,Uncommon,B2
Energy Retrieval,110/130,Uncommon,B2
Full Heal,111/130,Uncommon,B2
Maintenance,112/130,Uncommon,B2
PlusPower,113/130,Uncommon,B2
Pokémon Center,114/130,Uncommon,B2
Pokédex,115/130,Uncommon,B2
Professor Oak,116/130,Uncommon,B2
Super Potion,117/130,Uncommon,B2
Bill,118/130,Common,B2
Energy Removal,119/130,Common,B2
Gust of Wind,120/130,Common,B2
Poké Ball,121/130,Common,B2
Potion,122/130,Common,B2
Switch,123/130,Common,B2
Double Colorless Energy,124/130,Uncommon,B2
Fighting Energy,125/130,,B2
Fire Energy,126/130,,B2
Grass Energy,127/130,,B2
Lightning Energy,128/130,,B2
Psychic Energy,129/130,,B2
Water Energy,130/130,,B2
Alakazam,1/102,Rare Holo,BS
Tortank,2/102,Rare Holo,BS
Leveinard,3/102,Rare Holo,BS
Dracaufeu,4/102,Rare Holo,BS
Mélofée,5/102,Rare Holo,BS
Léviator,6/102,Rare Holo,BS
Tygnon,7/102,Rare Holo,BS
Mackogneur,8/102,Rare Holo,BS
Magnéton,9/102,Rare Holo,BS
Mewtwo,10/102,Rare Holo,BS
Nidoking,11/102,Rare Holo,BS
Feunard,12/102,Rare Holo,BS
Tartard,13/102,Rare Holo,BS
Raichu,14/102,Rare Holo,BS
Florizarre,15/102,Rare Holo,BS
Électhor,16/102,Rare Holo,BS
Dardargnan,17/102,Rare,BS
Draco,18/102,Rare,BS
Triopikeur,19/102,Rare,BS
Élektek,20/102,Rare,BS
Électrode,21/102,Rare,BS
Roucoups,22/102,Rare,BS
Arcanin,23/102,Uncommon,BS
Reptincel,24/102,Uncommon,BS
Lamantine,25/102,Uncommon,BS
Minidraco,26/102,Uncommon,BS
Canarticho,27/102,Uncommon,BS
Caninos,28/102,Uncommon,BS
Spectrum,29/102,Uncommon,BS
Herbizarre,30/102,Uncommon,BS
Lippoutou,31/102,Uncommon,BS
Kadabra,32/102,Uncommon,BS
Coconfort,33/102,Uncommon,BS
Machopeur,34/102,Uncommon,BS
Magicarpe,35/102,Uncommon,BS
Magmar,36/102,Uncommon,BS
Nidorino,37/102,Uncommon,BS
Têtarte,38/102,Uncommon,BS
Porygon,39/102,Uncommon,BS
Rattatac,40/102,Uncommon,BS
Otaria,41/102,Uncommon,BS
Carabaffe,42/102,Uncommon,BS
Abra,43/102,Common,BS
Bulbizarre,44/102,Common,BS
Chenipan,45/102,Common,BS
Salamèche,46/102,Common,BS
Taupiqueur,47/102,Common,BS
Doduo,48/102,Common,BS
Soporifik,49/102,Common,BS
Fantominus,50/102,Common,BS
Smogo,51/102,Common,BS
Machoc,52/102,Common,BS
Magnéti,53/102,Common,BS
Chrysacier,54/102,Common,BS
Nidoran ♂,55/102,Common,BS
Onix,56/102,Common,BS
Roucool,57/102,Common,BS
Pikachu,58/102,Common,BS
Ptitard,59/102,Common,BS
Ponyta,60/102,Common,BS
Rattata,61/102,Common,BS
Sabelette,62/102,Common,BS
Carapuce,63/102,Common,BS
Staross,64/102,Common,BS
Stari,65/102,Common,BS
Saquedeneu,66/102,Common,BS
Voltorbe,67/102,Common,BS
Goupix,68/102,Common,BS
Aspicot,69/102,Common,BS
Peluche Mélofée,70/102,Rare,BS
Recherche informatique,71/102,Rare,BS
Vaporisateur rétrograde,72/102,Rare,BS
Faux Professeur Chen,73/102,Rare,BS
Récupérateur,74/102,Rare,BS
Fillette,75/102,Rare,BS
Éleveur de Pokémon,76/102,Rare,BS
Marchand de Pokémon,77/102,Rare,BS
Rappel,78/102,Rare,BS
Double Suppression d'Énergie,79/102,Rare,BS
Défenseur,80/102,Uncommon,BS
Sauvegarde d'Énergie,81/102,Uncommon,BS
Guérison Totale,82/102,Uncommon,BS
Entretien,83/102,Uncommon,BS
PlusPower,84/102,Uncommon,BS
Centre Pokémon,85/102,Uncommon,BS
Flûte Pokémon,86/102,Uncommon,BS
Pokédex,87/102,Uncommon,BS
Professeur Chen,88/102,Uncommon,BS
Réanimation,89/102,Uncommon,BS
Super Potion,90/102,Uncommon,BS
Léo,91/102,Common,BS
Suppression d'Énergie,92/102,Common,BS
Rafale de vent,93/102,Common,BS
Potion,94/102,Common,BS
Transfert,95/102,Common,BS
Double Énergie Incolore,96/102,Uncommon,BS
Énergie Combat,97/102,,BS
Énergie Feu,98/102,,BS
Énergie Plante,99/102,,BS
Énergie Électrique,100/102,,BS
Énergie Psy,101/102,,BS
Énergie Eau,102/102,,BS
Ptéra,1/62,Rare Holo,FO
Artikodin,2/62,Rare Holo,FO
Métamorph,3/62,Rare Holo,FO
Dracolosse,4/62,Rare Holo,FO
Ectoplasma,5/62,Rare Holo,FO
Spectrum,6/62,Rare Holo,FO
Kicklee,7/62,Rare Holo,FO
Hypnomade,8/62,Rare Holo,FO
Kabutops,9/62,Rare Holo,FO
Lokhlass,10/62,Rare Holo,FO
Magnéton,11/62,Rare Holo,FO
Sulfura,12/62,Rare Holo,FO
Grotadmorv,13/62,Rare Holo,FO
Raichu,14/62,Rare Holo,FO
Élector,15/62,Rare Holo,FO
Ptéra,16/62,Rare,FO
Artikodin,17/62,Rare,FO
Métamorph,18/62,Rare,FO
Dracolosse,19/62,Rare,FO
Ectoplasma,20/62,Rare,FO
Spectrum,21/62,Rare,FO
Kicklee,22/62,Rare,FO
Hypnomade,23/62,Rare,FO
Kabutops,24/62,Rare,FO
Lokhlass,25/62,Rare,FO
Magnéton,26/62,Rare,FO
Sulfura,27/62,Rare,FO
Grotadmorv,28/62,Rare,FO
Raichu,29/62,Rare,FO
Élector,30/62,Rare,FO
Arbok,31/62,Uncommon,FO
Crustabri,32/62,Uncommon,FO
Fantominus,33/62,Uncommon,FO
Nosferalto,34/62,Uncommon,FO
Akwakwak,35/62,Uncommon,FO
Grolem,36/62,Uncommon,FO
Gravalanch,37/62,Uncommon,FO
Krabboss,38/62,Uncommon,FO
Magmar,39/62,Uncommon,FO
Amonistar,40/62,Uncommon,FO
Sablaireau,41/62,Uncommon,FO
Hypocéan,42/62,Uncommon,FO
Flagadoss,43/62,Uncommon,FO
Tentacruel,44/62,Uncommon,FO
Smogogo,45/62,Uncommon,FO
Abo,46/62,Common,FO
Racaillou,47/62,Common,FO
Tadmorv,48/62,Common,FO
Hypotrempe,49/62,Common,FO
Kabuto,50/62,Common,FO
Krabby,51/62,Common,FO
Amonita,52/62,Common,FO
Psykokwak,53/62,Common,FO
Kokiyas,54/62,Common,FO
Ramoloss,55/62,Common,FO
Tentacool,56/62,Common,FO
Nosferapti,57/62,Common,FO
M. Fuji,58/62,Uncommon,FO
Recherche d'Énergie,59/62,Common,FO
Joueur,60/62,Common,FO
Recyclage,61/62,Common,FO
Mystérieux Fossile,62/62,Common,FO
Mélodelfe,1/64,Rare Holo,JU
Électrode,2/64,Rare Holo,JU
Pyroli,3/64,Rare Holo,JU
Voltali,4/64,Rare Holo,JU
Kangourex,5/64,Rare Holo,JU
M. Mime,6/64,Rare Holo,JU
Nidoqueen,7/64,Rare Holo,JU
Roucarnage,8/64,Rare Holo,JU
Scarabrute,9/64,Rare Holo,JU
Insécateur,10/64,Rare Holo,JU
Ronflex,11/64,Rare Holo,JU
Aquali,12/64,Rare Holo,JU
Aéromite,13/64,Rare Holo,JU
Empiflor,14/64,Rare Holo,JU
Raflésia,15/64,Rare Holo,JU
Grodoudou,16/64,Rare Holo,JU
Mélodelfe,17/64,Rare,JU
Électrode,18/64,Rare,JU
Pyroli,19/64,Rare,JU
Voltali,20/64,Rare,JU
Kangourex,21/64,Rare,JU
M. Mime,22/64,Rare,JU
Nidoqueen,23/64,Rare,JU
Roucarnage,24/64,Rare,JU
Scarabrute,25/64,Rare,JU
Insécateur,26/64,Rare,JU
Ronflex,27/64,Rare,JU
Aquali,28/64,Rare,JU
Aéromite,29/64,Rare,JU
Empiflor,30/64,Rare,JU
Raflésia,31/64,Rare,JU
Grodoudou,32/64,Rare,JU
Papilusion,33/64,Uncommon,JU
Dodrio,34/64,Uncommon,JU
Noadkoko,35/64,Uncommon,JU
Rapasdepic,36/64,Uncommon,JU
Ortide,37/64,Uncommon,JU
Excelangue,38/64,Uncommon,JU
Ossatueur,39/64,Uncommon,JU
Nidorina,40/64,Uncommon,JU
Parasect,41/64,Uncommon,JU
Persian,42/64,Uncommon,JU
Colossinge,43/64,Uncommon,JU
Galopa,44/64,Uncommon,JU
Rhinoféros,45/64,Uncommon,JU
Poissoroy,46/64,Uncommon,JU
Tauros,47/64,Uncommon,JU
Boustiflor,48/64,Uncommon,JU
Chétiflor,49/64,Common,JU
Osselait,50/64,Common,JU
Évoli,51/64,Common,JU
Nœufnœuf,52/64,Common,JU
Poissirène,53/64,Common,JU
Rondoudou,54/64,Common,JU
Férosinge,55/64,Common,JU
Miaouss,56/64,Common,JU
Nidoran ♀,57/64,Common,JU
Mystherbe,58/64,Common,JU
Paras,59/64,Common,JU
Pikachu,60/64,Common,JU
Rhinocorne,61/64,Common,JU
Piafabec,62/64,Common,JU
Mimitoss,63/64,Common,JU
Poké Balle,64/64,Common,JU
Alakazam obscur,1/82,Rare Holo,RO
Arbok obscur,2/82,Rare Holo,RO
Tortank obscur,3/82,Rare Holo,RO
Dracaufeu obscur,4/82,Rare Holo,RO
Dracolosse obscur,5/82,Rare Holo,RO
Triopikeur obscur,6/82,Rare Holo,RO
Nosferalto obscur,7/82,Rare Holo,RO
Léviator obscur,8/82,Rare Holo,RO
Hypnomade obscur,9/82,Rare Holo,RO
Mackogneur obscur,10/82,Rare Holo,RO
Magneton obscur,11/82,Rare Holo,RO
Flagadoss obscur,12/82,Rare Holo,RO
Rafflesia obscur,13/82,Rare Holo,RO
Smogogo obscur,14/82,Rare Holo,RO
Et voila les Team Rocket !,15/82,Rare Holo,RO
Attaque sournoise des Rocket,16/82,Rare Holo,RO
Énergie multicolore,17/82,Rare Holo,RO
Alakazam obscur,18/82,Rare,RO
Arbok obscur,19/82,Rare,RO
Tortank obscur,20/82,Rare,RO
Dracaufeu obscur,21/82,Rare,RO
Dracolosse obscur,22/82,Rare,RO
Triopikeur obscur,23/82,Rare,RO
Nosferalto obscur,24/82,Rare,RO
Léviator obscur,25/82,Rare,RO
Hypnomade obscur,26/82,Rare,RO
Mackogneur obscur,27/82,Rare,RO
Magneton obscur,28/82,Rare,RO
Flagadoss obscur,29/82,Rare,RO
Rafflesia obscur,30/82,Rare,RO
Smogogo obscur,31/82,Rare,RO
Reptincel Obscur,32/82,Uncommon,RO
Draco obscur,33/82,Uncommon,RO
Electrode obscur,34/82,Uncommon,RO
Pyroli obscur,35/82,Uncommon,RO
Ortide obscur,36/82,Uncommon,RO
Akwakwak obscur,37/82,Uncommon,RO
Voltali obscur,38/82,Uncommon,RO
Kadabra obscur,39/82,Uncommon,RO
Machopeur obscur,40/82,Uncommon,RO
Grotadmorv obscur,41/82,Uncommon,RO
Persian obscur,42/82,Uncommon,RO
Colossinge obscur,43/82,Uncommon,RO
Galopa obscur,44/82,Uncommon,RO
Aquali obscur,45/82,Uncommon,RO
Carabaffe obscur,46/82,Uncommon,RO
Magicarpe,47/82,Uncommon,RO
Porygon,48/82,Uncommon,RO
Abra,49/82,Common,RO
Salamèche,50/82,Common,RO
Rattatac obscur,51/82,Common,RO
Taupiqueur,52/82,Common,RO
Minidraco,53/82,Common,RO
Soporifik,54/82,Common,RO
Évoli,55/82,Common,RO
Abo,56/82,Common,RO
Tadmorv,57/82,Common,RO
Smogo,58/82,Common,RO
Machoc,59/82,Common,RO
Magnéti,60/82,Common,RO
Férosinge,61/82,Common,RO
Miaouss,62/82,Common,RO
Mystherbe,63/82,Common,RO
Ponyta,64/82,Common,RO
Psykokwak,65/82,Common,RO
Rattata,66/82,Common,RO
Ramoloss,67/82,Common,RO
Carapuce,68/82,Common,RO
Voltorbe,69/82,Common,RO
Nosferapti,70/82,Common,RO
Et voila les Team Rocket !,71/82,Rare,RO
Attaque sournoise des Rocket,72/82,Rare,RO
À la façon du Boss,73/82,Uncommon,RO
Défi !,74/82,Uncommon,RO
Excavatrice,75/82,Uncommon,RO
"La revanche de Chen, l'imposteur",76/82,Uncommon,RO
Raid nocturne dans les poubelles,77/82,Uncommon,RO
Attaque au gaz gluant,78/82,Common,RO
"Bonne nuit, les petits !",79/82,Common,RO
Énergie multicolore,80/82,Rare,RO
Énergie guérisseuse,81/82,Uncommon,RO
Énergie potion,82/82,Uncommon,RO
Raichu obscur,83/82,Rare Secret,RO
Pikachu,1/53,Promo,WBP
Élektek,2/53,Promo,WBP
Deuxmiaou,3/53,Promo,WBP
Pikachu,4/53,Promo,WBP
Dracolosse,5/53,Promo,WBP
Arcanin,6/53,Promo,WBP
Jigglypuff,7/53,Promo,WBP
Mew,8/53,Promo,WBP
Mew,9/53,Promo,WBP
Meowth,10/53,Promo,WBP
Eevee,11/53,Promo,WBP
Mewtwo,12/53,Promo,WBP
Venusaur,13/53,Promo,WBP
Mewtwo,14/53,Promo,WBP
Cool Porygon,15/53,Promo,WBP
Computer Error,16/53,Promo,WBP
Dark Persian,17/53,Promo,WBP
Team Rocket's Meowth,18/53,Promo,WBP
Sabrina's Abra,19/53,Promo,WBP
Psykokwak,20/53,Promo,WBP
Sulfura,21/53,Promo,WBP
Artikodin,22/53,Promo,WBP
Électhor,23/53,Promo,WBP
Pikachu de ________,24/53,Promo,WBP
Pikachu volant,25/53,Promo,WBP
Pikachu,26/53,Promo,WBP
Pikachu,27/53,Promo,WBP
Pikachu surfeur,28/53,Promo,WBP
Marill,29/53,Promo,WBP
Togepi,30/53,Promo,WBP
Mélo,31/53,Promo,WBP
Queulorior,32/53,Promo,WBP
Cizayox,33/53,Promo,WBP
Entei,34/53,Promo,WBP
Pichu,35/53,Promo,WBP
Toudoudou,36/53,Promo,WBP
Kapoera,37/53,Promo,WBP
Zarbi J,38/53,Promo,WBP
Feuforêve,39/53,Promo,WBP
Pokémon Center,40/53,Promo,WBP
Lucky Stadium,41/53,Promo,WBP
Pokémon Tower,42/53,Promo,WBP
Machamp,43/53,Promo,WBP
Magmar,44/53,Promo,WBP
Scyther,45/53,Promo,WBP
Electabuzz,46/53,Promo,WBP
Mew,47/53,Promo,WBP
Articuno,48/53,Promo,WBP
Snorlax,49/53,Promo,WBP
Celebi,50/53,Promo,WBP
Rapidash,51/53,Promo,WBP
Ho-oh,52/53,Promo,WBP
Suicune,53/53,Promo,WBP
Vipélierre,1/114,Common,BLW
Vipélierre,2/114,Common,BLW
Lianaja,3/114,Uncommon,BLW
Lianaja,4/114,Uncommon,BLW
Majaspic,5/114,Rare Holo,BLW
Majaspic,6/114,Rare Holo,BLW
Feuillajou,7/114,Common,BLW
Feuiloutan,8/114,Uncommon,BLW
Chlorobule,9/114,Common,BLW
Fragilady,10/114,Rare,BLW
Maracachi,11/114,Uncommon,BLW
Maracachi,12/114,Rare,BLW
Vivaldaim,13/114,Common,BLW
Haydaim,14/114,Rare,BLW
Gruikui,15/114,Common,BLW
Gruikui,16/114,Common,BLW
Grotichon,17/114,Uncommon,BLW
Grotichon,18/114,Uncommon,BLW
Roitiflam,19/114,Rare Holo,BLW
Roitiflam,20/114,Rare Holo,BLW
Flamajou,21/114,Common,BLW
Flamoutan,22/114,Uncommon,BLW
Darumarond,23/114,Common,BLW
Darumarond,24/114,Uncommon,BLW
Darumacho,25/114,Rare,BLW
Reshiram,26/114,Rare Holo,BLW
Moustillon,27/114,Common,BLW
Moustillon,28/114,Common,BLW
Mateloutre,29/114,Uncommon,BLW
Mateloutre,30/114,Uncommon,BLW
Clamiral,31/114,Rare Holo,BLW
Clamiral,32/114,Rare Holo,BLW
Flotajou,33/114,Common,BLW
Flotoutan,34/114,Uncommon,BLW
Bargantua,35/114,Uncommon,BLW
Couaneton,36/114,Common,BLW
Lakmécygne,37/114,Rare,BLW
Mamanbo,38/114,Uncommon,BLW
Mamanbo,39/114,Rare,BLW
Zébibron,40/114,Common,BLW
Zébibron,41/114,Common,BLW
Zéblitz,42/114,Uncommon,BLW
Zéblitz,43/114,Rare,BLW
Statitik,44/114,Common,BLW
Statitik,45/114,Common,BLW
Mygavolt,46/114,Rare,BLW
Zekrom,47/114,Rare Holo,BLW
Munna,48/114,Uncommon,BLW
Mushana,49/114,Rare,BLW
Chovsourir,50/114,Common,BLW
Rhinolove,51/114,Uncommon,BLW
Venipatte,52/114,Common,BLW
Scobolide,53/114,Uncommon,BLW
Brutapode,54/114,Rare,BLW
Nucléos,55/114,Common,BLW
Méios,56/114,Uncommon,BLW
Symbios,57/114,Rare Holo,BLW
Charpenti,58/114,Common,BLW
Charpenti,59/114,Common,BLW
Ouvrifier,60/114,Uncommon,BLW
Judokrak,61/114,Rare,BLW
Karaclée,62/114,Rare,BLW
Mascaïman,63/114,Common,BLW
Escroco,64/114,Uncommon,BLW
Crocorible,65/114,Rare Holo,BLW
Chacripan,66/114,Common,BLW
Léopardus,67/114,Rare,BLW
Baggiguane,68/114,Common,BLW
Baggaïd,69/114,Rare,BLW
Zorua,70/114,Common,BLW
Zoroark,71/114,Rare Holo,BLW
Vostourno,72/114,Uncommon,BLW
Vaututrice,73/114,Rare,BLW
Tic,74/114,Common,BLW
Clic,75/114,Uncommon,BLW
Cliticlic,76/114,Rare Holo,BLW
Ratentif,77/114,Common,BLW
Ratentif,78/114,Common,BLW
Miradar,79/114,Uncommon,BLW
Ponchiot,80/114,Common,BLW
Ponchiot,81/114,Common,BLW
Ponchien,82/114,Uncommon,BLW
Mastouffe,83/114,Rare,BLW
Poichigeon,84/114,Common,BLW
Colombeau,85/114,Uncommon,BLW
Déflaisan,86/114,Rare,BLW
Nanméouïe,87/114,Uncommon,BLW
Chinchidou,88/114,Common,BLW
Pashmilla,89/114,Rare,BLW
Frison,90/114,Uncommon,BLW
Frison,91/114,Rare,BLW
Récupération d’Énergie,92/114,Uncommon,BLW
Recherche d’Énergie,93/114,Common,BLW
Échange d’Énergie,94/114,Uncommon,BLW
Total Soin,95/114,Uncommon,BLW
PlusPower,96/114,Uncommon,BLW
Poké Ball,97/114,Uncommon,BLW
Pokédex,98/114,Uncommon,BLW
Communication Pokémon,99/114,Uncommon,BLW
Potion,100/114,Common,BLW
Professeur Keteleeria,101/114,Uncommon,BLW
Rappel,102/114,Uncommon,BLW
Super Rappel,103/114,Uncommon,BLW
Échange,104/114,Common,BLW
Énergie Plante,105/114,Common,BLW
Énergie Feu,106/114,Common,BLW
Énergie Eau,107/114,Common,BLW
Énergie Électrique,108/114,Common,BLW
Énergie Psy,109/114,Common,BLW
Énergie Combat,110/114,Common,BLW
Énergie Obscurité,111/114,Common,BLW
Énergie Métal,112/114,Common,BLW
Reshiram,113/114,Rare Ultra,BLW
Zekrom,114/114,Rare Ultra,BLW
Pikachu,115/114,Rare Secret,BLW
Mystherbe,1/149,Common,BCR
Ortide,2/149,Uncommon,BCR
Rafflesia,3/149,Rare Holo,BCR
Joliflor,4/149,Rare,BCR
Saquedeneu,5/149,Common,BCR
Bouldeneu,6/149,Rare Holo,BCR
Insécateur,7/149,Common,BCR
Scarhino,8/149,Uncommon,BCR
Celebi-EX,9/149,Rare Holo EX,BCR
Shaymin,10/149,Rare,BCR
Vipélierre,11/149,Common,BCR
Lianaja,12/149,Uncommon,BCR
Majaspic,13/149,Rare Holo,BCR
Doudouvet,14/149,Common,BCR
Farfaduvet,15/149,Rare,BCR
Chlorobule,16/149,Uncommon,BCR
Fragilady,17/149,Rare,BCR
Salamèche,18/149,Common,BCR
Reptincel,19/149,Uncommon,BCR
Dracaufeu,20/149,Rare Holo,BCR
Chamallot,21/149,Common,BCR
Camérupt,22/149,Rare,BCR
Victini,23/149,Rare,BCR
Gruikui,24/149,Common,BCR
Grotichon,25/149,Uncommon,BCR
Roitiflam,26/149,Rare Holo,BCR
Darumarond,27/149,Common,BCR
Darumacho,28/149,Uncommon,BCR
Carapuce,29/149,Common,BCR
Carabaffe,30/149,Uncommon,BCR
Tortank,31/149,Rare Holo,BCR
Psykokwak,32/149,Common,BCR
Psykokwak,33/149,Common,BCR
Akwakwak,34/149,Uncommon,BCR
Akwakwak,35/149,Rare,BCR
Marill,36/149,Common,BCR
Azumarill,37/149,Uncommon,BCR
Cadoizo,38/149,Uncommon,BCR
Moustillon,39/149,Common,BCR
Mateloutre,40/149,Uncommon,BCR
Clamiral,41/149,Rare Holo,BCR
Couaneton,42/149,Common,BCR
Lakmécygne,43/149,Uncommon,BCR
Viskuse,44/149,Common,BCR
Moyade,45/149,Rare,BCR
Hexagel,46/149,Uncommon,BCR
Keldeo,47/149,Rare Holo,BCR
Keldeo,48/149,Rare,BCR
Keldeo EX,49/149,Rare Holo EX,BCR
Pikachu,50/149,Common,BCR
Voltorbe,51/149,Common,BCR
Électrode,52/149,Uncommon,BCR
Élektek,53/149,Common,BCR
Élekable,54/149,Rare Holo,BCR
Loupio,55/149,Common,BCR
Zébibron,56/149,Common,BCR
Zéblitz,57/149,Rare Holo,BCR
Qulbutoké,58/149,Uncommon,BCR
Spoink,59/149,Common,BCR
Groret,60/149,Rare,BCR
Skelénox,61/149,Common,BCR
Téraclope,62/149,Uncommon,BCR
Noctunoir,63/149,Rare Holo,BCR
Cradopaud,64/149,Common,BCR
Cradopaud,65/149,Uncommon,BCR
Coatox,66/149,Rare,BCR
Cresselia-EX,67/149,Rare Holo EX,BCR
Munna,68/149,Uncommon,BCR
Mushana,69/149,Rare,BCR
Chovsourir,70/149,Common,BCR
Rhinolove,71/149,Rare,BCR
Venipatte,72/149,Common,BCR
Scobolide,73/149,Uncommon,BCR
Brutapode,74/149,Rare Holo,BCR
Scrutella,75/149,Common,BCR
Mesmérella,76/149,Uncommon,BCR
Meloetta,77/149,Rare Holo,BCR
Sabelette,78/149,Common,BCR
Sablaireau,79/149,Uncommon,BCR
Scorplane,80/149,Common,BCR
Scorvol,81/149,Rare Holo,BCR
Makuhita,82/149,Common,BCR
Kraknoix,83/149,Common,BCR
Crabicoque,84/149,Common,BCR
Crabaraque,85/149,Rare Holo,BCR
Kungfouine,86/149,Common,BCR
Kungfouine,87/149,Uncommon,BCR
Shaofouine,88/149,Uncommon,BCR
Démétéros-EX,89/149,Rare Holo EX,BCR
Chacripan,90/149,Common,BCR
Léopardus,91/149,Rare Holo,BCR
Vostourno,92/149,Common,BCR
Vaututrice,93/149,Uncommon,BCR
Cizayox,94/149,Rare Holo,BCR
Airmure,95/149,Uncommon,BCR
Airmure,96/149,Uncommon,BCR
Tic,97/149,Uncommon,BCR
Vibraninf,98/149,Uncommon,BCR
Libégon,99/149,Rare Holo,BCR
Kyurem Noir,100/149,Rare,BCR
Kyurem Noir-EX,101/149,Rare Holo EX,BCR
Kyurem Blanc,102/149,Rare,BCR
Kyurem Blanc EX,103/149,Rare Holo EX,BCR
Rattata,104/149,Common,BCR
Rattatac,105/149,Uncommon,BCR
Miaouss,106/149,Common,BCR
Canarticho,107/149,Uncommon,BCR
Métamorph,108/149,Rare Holo,BCR
Ronflex,109/149,Uncommon,BCR
Togepi,110/149,Common,BCR
Insolourdo,111/149,Common,BCR
Nirondelle,112/149,Common,BCR
Skitty,113/149,Common,BCR
Delcatty,114/149,Uncommon,BCR
Spinda,115/149,Common,BCR
Laporeille,116/149,Common,BCR
Lockpin,117/149,Uncommon,BCR
Ratentif,118/149,Common,BCR
Miradar,119/149,Uncommon,BCR
Ponchiot,120/149,Common,BCR
Ponchien,121/149,Uncommon,BCR
Mastouffe,122/149,Rare Holo,BCR
Poichigeon,123/149,Common,BCR
Colombeau,124/149,Uncommon,BCR
Déflaisan,125/149,Rare,BCR
Nanméouïe,126/149,Rare,BCR
Arène de Pavonnay,127/149,Uncommon,BCR
Recherche d’Énergie,128/149,Common,BCR
Super Ball,129/149,Uncommon,BCR
Matis,130/149,Uncommon,BCR
Poké Ball,131/149,Common,BCR
Potion,132/149,Common,BCR
Casque Brut,133/149,Uncommon,BCR
Carolina,134/149,Uncommon,BCR
Échange,135/149,Common,BCR
Carte,136/149,Uncommon,BCR
Recherche Informatique,137/149,Rare ACE,BCR
Dague de Cristal,138/149,Rare ACE,BCR
Mur de Cristal,139/149,Rare ACE,BCR
Potion d’Or,140/149,Rare ACE,BCR
Celebi-EX,141/149,Rare Ultra,BCR
Keldeo EX,142/149,Rare Ultra,BCR
Cresselia-EX,143/149,Rare Ultra,BCR
Démétéros-EX,144/149,Rare Ultra,BCR
Kyurem Noir-EX,145/149,Rare Ultra,BCR
Kyurem Blanc EX,146/149,Rare Ultra,BCR
Bianca,147/149,Rare Ultra,BCR
Tcheren,148/149,Rare Ultra,BCR
Carolina,149/149,Rare Ultra,BCR
Golemastoc,150/149,Rare Secret,BCR
Terrakium,151/149,Rare Secret,BCR
Altaria,152/149,Rare Secret,BCR
Casque Brut,153/149,Rare Secret,BCR
Vipélierre,BW01/101,Promo,BWP
Gruikui,BW02/101,Promo,BWP
Moustillon,BW03/101,Promo,BWP
Reshiram,BW004/101,Promo,BWP
Zekrom,BW005/101,Promo,BWP
Vipélierre,BW06/101,Promo,BWP
Gruikui,BW07/101,Promo,BWP
Moustillon,BW08/101,Promo,BWP
Zoroark,BW09/101,Promo,BWP
Coupenotte,BW10/101,Promo,BWP
Feuillajou,BW11/101,Promo,BWP
Zorua,BW12/101,Promo,BWP
Chinchidou,BW13/101,Promo,BWP
Feuillajou,BW14/101,Promo,BWP
Poichigeon,BW15/101,Promo,BWP
Coupenotte,BW16/101,Promo,BWP
Couaneton,BW17/101,Promo,BWP
Darumarond,BW18/101,Promo,BWP
Zoroark,BW19/101,Promo,BWP
Majaspic,BW20/101,Promo,BWP
Roitiflam,BW21/101,Promo,BWP
Clamiral,BW22/101,Promo,BWP
Reshiram,BW23/101,Promo,BWP
Zekrom,BW24/101,Promo,BWP
Baggiguane,BW25/101,Promo,BWP
Coupenotte,BW26/101,Promo,BWP
Funécire,BW27/101,Promo,BWP
Plage Tropicale,BW28/101,Promo,BWP
Coupe Victoire,BW29/101,Promo,BWP
Coupe Victoire,BW30/101,Promo,BWP
Coupe Victoire,BW31/101,Promo,BWP
Victini,BW32/101,Promo,BWP
Riolu,BW33/101,Promo,BWP
Luxio,BW34/101,Promo,BWP
Miaouss,BW35/101,Promo,BWP
Reshiram ex,BW36/101,Promo,BWP
Kyurem ex,BW37/101,Promo,BWP
Zekrom ex,BW38/101,Promo,BWP
Ville Combat,BW39/101,Promo,BWP
Pyrax,BW40/101,Promo,BWP
Fulguris,BW41/101,Promo,BWP
Boréas,BW42/101,Promo,BWP
Démétéros,BW43/101,Promo,BWP
Kyurem,BW44/101,Promo,BWP
Mewtwo ex,BW45/101,Promo,BWP
Darkrai ex,BW46/101,Promo,BWP
Rayquaza ex,BW47/101,Promo,BWP
Altaria,BW48/101,Promo,BWP
Fragilady,BW49/101,Promo,BWP
Plage Tropicale,BW50/101,Promo,BWP
Nostenfer,BW51/101,Promo,BWP
Ponchiot,BW52/101,Promo,BWP
Libégon,BW53/101,Promo,BWP
Pikachu,BW54/101,Promo,BWP
Lewsor,BW55/101,Promo,BWP
Pingoléon,BW56/101,Promo,BWP
Tranchodon,BW57/101,Promo,BWP
Kyurem Noir,BW58/101,Promo,BWP
Kyurem Blanc,BW59/101,Promo,BWP
Keldeo,BW60/101,Promo,BWP
Keldeo ex,BW61/101,Promo,BWP
Kyurem Noir ex,BW62/101,Promo,BWP
Kyurem Blanc ex,BW63/101,Promo,BWP
Grodrive,BW64/101,Promo,BWP
Rondoudou,BW65/101,Promo,BWP
Feunard,BW66/101,Promo,BWP
Pharamp,BW67/101,Promo,BWP
Meloetta,BW68/101,Promo,BWP
Meloetta,BW69/101,Promo,BWP
Viridium,BW70/101,Promo,BWP
Terrakium,BW71/101,Promo,BWP
Cobaltium,BW72/101,Promo,BWP
Darkrai,BW73/101,Promo,BWP
Giratina,BW74/101,Promo,BWP
Métalosse,BW75/101,Promo,BWP
Électrode,BW76/101,Promo,BWP
Pikachu,BW77/101,Promo,BWP
Raichu,BW78/101,Promo,BWP
Démétéros,BW79/101,Promo,BWP
Drakkarmin,BW80/101,Promo,BWP
Fulguris ex,BW81/101,Promo,BWP
Deoxys ex,BW82/101,Promo,BWP
Lugia ex,BW83/101,Promo,BWP
Porygon-Z,BW84/101,Promo,BWP
Lucario,BW85/101,Promo,BWP
Genesect,BW86/101,Promo,BWP
Phyllali,BW87/101,Promo,BWP
Pyroli,BW88/101,Promo,BWP
Aquali,BW89/101,Promo,BWP
Givrali,BW90/101,Promo,BWP
Voltali,BW91/101,Promo,BWP
Mentali,BW92/101,Promo,BWP
Noctali,BW93/101,Promo,BWP
Évoli,BW94/101,Promo,BWP
Festival des Champions,BW95/101,Promo,BWP
Boréas ex,BW96/101,Promo,BWP
Évoli,BW97/101,Promo,BWP
Mew,BW98/101,Promo,BWP
Genesect,BW99/101,Promo,BWP
N,BW100/101,Promo,BWP
Genesect,BW101/101,Promo,BWP
Bulbizarre,1/108,Common,DEX
Herbizarre,2/108,Uncommon,DEX
Florizarre,3/108,Rare Holo,DEX
Insécateur,4/108,Uncommon,DEX
Vortente,5/108,Rare,DEX
Phyllali,6/108,Rare,DEX
Crabicoque,7/108,Common,DEX
Crabaraque,8/108,Uncommon,DEX
Carabing,9/108,Common,DEX
Escargaume,10/108,Common,DEX
Limaspeed,11/108,Rare,DEX
Pyroli,12/108,Uncommon,DEX
Entei-EX,13/108,Rare Holo EX,DEX
Poussifeu,14/108,Common,DEX
Poussifeu,15/108,Common,DEX
Galifeu,16/108,Uncommon,DEX
Braségali,17/108,Rare Holo,DEX
Chartor,18/108,Uncommon,DEX
Aflamanoir,19/108,Rare,DEX
Pyronille,20/108,Common,DEX
Pyronille,21/108,Common,DEX
Pyrax,22/108,Rare Holo,DEX
Ramoloss,23/108,Common,DEX
Flagadoss,24/108,Uncommon,DEX
Aquali,25/108,Uncommon,DEX
Kyogre-EX,26/108,Rare Holo EX,DEX
Tiplouf,27/108,Common,DEX
Prinplouf,28/108,Uncommon,DEX
Pingoléon,29/108,Rare Holo,DEX
Givrali,30/108,Rare,DEX
Tritonde,31/108,Common,DEX
Batracné,32/108,Uncommon,DEX
Sorbébé,33/108,Common,DEX
Sorboul,34/108,Uncommon,DEX
Couaneton,35/108,Common,DEX
Lakmécygne,36/108,Rare,DEX
Voltali,37/108,Uncommon,DEX
Raikou-EX,38/108,Rare Holo EX,DEX
Posipi,39/108,Common,DEX
Négapi,40/108,Common,DEX
Statitik,41/108,Common,DEX
Statitik,42/108,Common,DEX
Mygavolt,43/108,Rare,DEX
Anchwatt,44/108,Common,DEX
Anchwatt,45/108,Common,DEX
Lampéroie,46/108,Uncommon,DEX
Ohmassacre,47/108,Rare Holo,DEX
Mentali,48/108,Rare,DEX
Roigada,49/108,Rare,DEX
Chovsourir,50/108,Common,DEX
Tutafeh,51/108,Uncommon,DEX
Tutankafer,52/108,Rare,DEX
Ptéra,53/108,Rare,DEX
Groudon-EX,54/108,Rare Holo EX,DEX
Rototaupe,55/108,Common,DEX
Minotaupe,56/108,Rare,DEX
Minotaupe,57/108,Rare,DEX
Charpenti,58/108,Common,DEX
Ouvrifier,59/108,Uncommon,DEX
Noctali,60/108,Uncommon,DEX
Noctali,61/108,Uncommon,DEX
Ténéfix,62/108,Uncommon,DEX
Darkrai-EX,63/108,Rare Holo EX,DEX
Mascaïman,64/108,Common,DEX
Escroco,65/108,Uncommon,DEX
Crocorible,66/108,Rare Holo,DEX
Baggiguane,67/108,Common,DEX
Baggaïd,68/108,Rare,DEX
Zorua,69/108,Common,DEX
Zorua,70/108,Common,DEX
Zoroark,71/108,Rare,DEX
Scalproie,72/108,Rare,DEX
Vostourno,73/108,Uncommon,DEX
Lançargot,74/108,Rare,DEX
Tic,75/108,Common,DEX
Clic,76/108,Uncommon,DEX
Cliticlic,77/108,Rare Holo,DEX
Scalpion,78/108,Common,DEX
Scalproie,79/108,Rare,DEX
Leveinard,80/108,Common,DEX
Leveinard,81/108,Common,DEX
Leuphorie,82/108,Rare Holo,DEX
Évoli,83/108,Common,DEX
Évoli,84/108,Common,DEX
Pijako,85/108,Uncommon,DEX
Ponchiot,86/108,Common,DEX
Ponchien,87/108,Uncommon,DEX
Mastouffe,88/108,Rare,DEX
Tranchodon,89/108,Rare Holo,DEX
Boréas-EX,90/108,Rare Holo EX,DEX
Tcheren,91/108,Uncommon,DEX
Griffe Obscure,92/108,Uncommon,DEX
Fortifiant Obscur,93/108,Uncommon,DEX
Maillet Amélioré,94/108,Uncommon,DEX
Loubards Pit & Paul,95/108,Uncommon,DEX
N,96/108,Uncommon,DEX
Vieil Ambre Ptéra,97/108,Uncommon,DEX
Professeur Keteleeria,98/108,Uncommon,DEX
Récepteur Aléatoire,99/108,Uncommon,DEX
Super Bonbon,100/108,Uncommon,DEX
Mont Foré,101/108,Uncommon,DEX
Hyper Ball,102/108,Uncommon,DEX
Entei-EX,103/108,Rare Ultra,DEX
Kyogre-EX,104/108,Rare Ultra,DEX
Raikou-EX,105/108,Rare Ultra,DEX
Groudon-EX,106/108,Rare Ultra,DEX
Darkrai-EX,107/108,Rare Ultra,DEX
Boréas-EX,108/108,Rare Ultra,DEX
Gardevoir,109/108,Rare Secret,DEX
Aéroptéryx,110/108,Rare Secret,DEX
Attrape-Pokémon,111/108,Rare Secret,DEX
Minidraco,1/20,Rare Holo,DRV
Minidraco,2/20,Rare Holo,DRV
Draco,3/20,Rare Holo,DRV
Draco,4/20,Rare Holo,DRV
Dracolosse,5/20,Rare Holo,DRV
Draby,6/20,Rare Holo,DRV
Drackhaus,7/20,Rare Holo,DRV
Drattak,8/20,Rare Holo,DRV
Latias,9/20,Rare Holo,DRV
Latios,10/20,Rare Holo,DRV
Rayquaza,11/20,Rare Holo,DRV
Coupenotte,12/20,Rare Holo,DRV
Coupenotte,13/20,Rare Holo,DRV
Incisache,14/20,Rare Holo,DRV
Incisache,15/20,Rare Holo,DRV
Tranchodon,16/20,Rare Holo,DRV
Drakkarmin,17/20,Rare Holo,DRV
Multi Exp,18/20,,DRV
Ticket Prioritaire,19/20,,DRV
Méga Canne,20/20,Rare Holo,DRV
Kyurem,21/20,,DRV
Granivol,1/124,Common,DRX
Floravol,2/124,Uncommon,DRX
Cotovol,3/124,Rare,DRX
Yanma,4/124,Common,DRX
Yanmega,5/124,Rare,DRX
Chenipotte,6/124,Common,DRX
Armulys,7/124,Uncommon,DRX
Charmillon,8/124,Rare,DRX
Blindalys,9/124,Uncommon,DRX
Ningale,10/124,Common,DRX
Ninjask,11/124,Uncommon,DRX
Rosélia,12/124,Uncommon,DRX
Rosélia,13/124,Common,DRX
Roserade,14/124,Uncommon,DRX
Roserade,15/124,Rare,DRX
Maracachi,16/124,Uncommon,DRX
Trompignon,17/124,Common,DRX
Goupix,18/124,Common,DRX
Feunard,19/124,Rare Holo,DRX
Magmar,20/124,Common,DRX
Maganon,21/124,Rare,DRX
Ho-Oh-EX,22/124,Rare Holo EX,DRX
Magicarpe,23/124,Common,DRX
Léviator,24/124,Rare,DRX
Wailmer,25/124,Uncommon,DRX
Wailord,26/124,Rare Holo,DRX
Barpau,27/124,Common,DRX
Milobellus,28/124,Rare Holo,DRX
Obalie,29/124,Common,DRX
Phogleur,30/124,Uncommon,DRX
Kaimorse,31/124,Rare,DRX
Mustébouée,32/124,Common,DRX
Mustéflott,33/124,Uncommon,DRX
Tritonde,34/124,Common,DRX
Batracné,35/124,Uncommon,DRX
Crapustule,36/124,Rare,DRX
Mamanbo,37/124,Rare,DRX
Wattouat,38/124,Common,DRX
Lainergie,39/124,Uncommon,DRX
Pharamp,40/124,Rare Holo,DRX
Dynavolt,41/124,Common,DRX
Dynavolt,42/124,Common,DRX
Élecsprint,43/124,Rare,DRX
Élecsprint,44/124,Rare,DRX
Emolga,45/124,Uncommon,DRX
Mew-EX,46/124,Rare Holo EX,DRX
Papinox,47/124,Rare,DRX
Munja,48/124,Rare,DRX
Baudrive,49/124,Common,DRX
Baudrive,50/124,Common,DRX
Grodrive,51/124,Rare,DRX
Cryptéro,52/124,Rare Holo,DRX
Miamiasme,53/124,Common,DRX
Miasmax,54/124,Rare Holo,DRX
Scrutella,55/124,Common,DRX
Mesmérella,56/124,Uncommon,DRX
Sidérella,57/124,Rare,DRX
Gringolem,58/124,Common,DRX
Golemastoc,59/124,Rare Holo,DRX
Osselait,60/124,Common,DRX
Ossatueur,61/124,Rare,DRX
Tarinor,62/124,Common,DRX
Balbuto,63/124,Common,DRX
Kaorine,64/124,Rare,DRX
Nodulithe,65/124,Common,DRX
Géolithe,66/124,Uncommon,DRX
Gigalithe,67/124,Rare Holo,DRX
Judokrak,68/124,Uncommon,DRX
Karaclée,69/124,Uncommon,DRX
Limonde,70/124,Uncommon,DRX
Terrakium-EX,71/124,Rare Holo EX,DRX
Cornèbre,72/124,Common,DRX
Corboss,73/124,Rare,DRX
Malosse,74/124,Common,DRX
Démolosse,75/124,Rare,DRX
Moufouette,76/124,Common,DRX
Moufflair,77/124,Uncommon,DRX
Galekid,78/124,Common,DRX
Galegon,79/124,Uncommon,DRX
Galeking,80/124,Rare Holo,DRX
Registeel-EX,81/124,Rare Holo EX,DRX
Tarinorme,82/124,Rare,DRX
Fermite,83/124,Uncommon,DRX
Altaria,84/124,Rare Holo,DRX
Rayquaza-EX,85/124,Rare Holo EX,DRX
Griknot,86/124,Common,DRX
Griknot,87/124,Common,DRX
Carmache,88/124,Uncommon,DRX
Carmache,89/124,Uncommon,DRX
Carchacrok,90/124,Rare Holo,DRX
Carchacrok,91/124,Rare,DRX
Giratina-EX,92/124,Rare Holo EX,DRX
Solochi,93/124,Common,DRX
Solochi,94/124,Common,DRX
Diamat,95/124,Uncommon,DRX
Diamat,96/124,Uncommon,DRX
Trioxhydre,97/124,Rare Holo,DRX
Trioxhydre,98/124,Rare,DRX
Capumain,99/124,Common,DRX
Capidextre,100/124,Rare,DRX
Parecool,101/124,Common,DRX
Vigoroth,102/124,Uncommon,DRX
Monaflèmit,103/124,Rare Holo,DRX
Tylton,104/124,Uncommon,DRX
Tylton,105/124,Common,DRX
Keunotor,106/124,Common,DRX
Castorno,107/124,Uncommon,DRX
Nanméouïe,108/124,Uncommon,DRX
Chinchidou,109/124,Common,DRX
Frison,110/124,Uncommon,DRX
Furaiglon,111/124,Common,DRX
Gueriaigle,112/124,Rare,DRX
Spray Dés-évoluant,113/124,Uncommon,DRX
Cape Géante,114/124,Uncommon,DRX
Foulard de Sauvetage,115/124,Uncommon,DRX
Arrache-Outil,116/124,Uncommon,DRX
Énergie Amalgamée GrassFirePsychicDarkness,117/124,Uncommon,DRX
Énergie Amalgamée WaterLightningFightingMetal,118/124,Uncommon,DRX
Ho-Oh-EX,119/124,Rare Ultra,DRX
Mew-EX,120/124,Rare Ultra,DRX
Terrakium-EX,121/124,Rare Ultra,DRX
Registeel-EX,122/124,Rare Ultra,DRX
Rayquaza-EX,123/124,Rare Ultra,DRX
Giratina-EX,124/124,Rare Ultra,DRX
Majaspic,125/124,Rare Secret,DRX
Symbios,126/124,Rare Secret,DRX
Crocorible,127/124,Rare Secret,DRX
Rayquaza,128/124,Rare Secret,DRX
Feuillajou,1/98,Common,EPO
Feuiloutan,2/98,Rare,EPO
Larveyette,3/98,Common,EPO
Larveyette,4/98,Common,EPO
Couverdure,5/98,Uncommon,EPO
Couverdure,6/98,Uncommon,EPO
Manternel,7/98,Rare,EPO
Manternel,8/98,Rare,EPO
Doudouvet,9/98,Common,EPO
Doudouvet,10/98,Common,EPO
Farfaduvet,11/98,Uncommon,EPO
Farfaduvet,12/98,Rare,EPO
Chlorobule,13/98,Common,EPO
Fragilady,14/98,Uncommon,EPO
Vivaldaim,15/98,Common,EPO
Haydaim,16/98,Rare,EPO
Viridium,17/98,Rare Holo,EPO
Flamajou,18/98,Common,EPO
Flamoutan,19/98,Rare,EPO
Darumarond,20/98,Common,EPO
Darumacho,21/98,Rare,EPO
Flotajou,22/98,Common,EPO
Flotoutan,23/98,Rare,EPO
Bargantua,24/98,Common,EPO
Bargantua,25/98,Uncommon,EPO
Couaneton,26/98,Common,EPO
Lakmécygne,27/98,Rare,EPO
Polarhume,28/98,Common,EPO
Polarhume,29/98,Common,EPO
Polagriffe,30/98,Rare Holo,EPO
Polagriffe,31/98,Rare,EPO
Emolga,32/98,Common,EPO
Statitik,33/98,Common,EPO
Mygavolt,34/98,Uncommon,EPO
Fulguris,35/98,Rare Holo,EPO
Chovsourir,36/98,Common,EPO
Rhinolove,37/98,Rare,EPO
Venipatte,38/98,Common,EPO
Scobolide,39/98,Uncommon,EPO
Brutapode,40/98,Rare,EPO
Cryptéro,41/98,Uncommon,EPO
Cryptéro,42/98,Uncommon,EPO
Scrutella,43/98,Common,EPO
Scrutella,44/98,Common,EPO
Mesmérella,45/98,Uncommon,EPO
Mesmérella,46/98,Uncommon,EPO
Sidérella,47/98,Rare Holo,EPO
Sidérella,48/98,Rare,EPO
Nodulithe,49/98,Common,EPO
Nodulithe,50/98,Common,EPO
Géolithe,51/98,Uncommon,EPO
Géolithe,52/98,Uncommon,EPO
Gigalithe,53/98,Rare,EPO
Rototaupe,54/98,Uncommon,EPO
Rototaupe,55/98,Common,EPO
Minotaupe,56/98,Rare Holo,EPO
Minotaupe,57/98,Rare,EPO
Judokrak,58/98,Uncommon,EPO
Karaclée,59/98,Uncommon,EPO
Mascaïman,60/98,Common,EPO
Escroco,61/98,Uncommon,EPO
Crocorible,62/98,Rare,EPO
Terrakium,63/98,Rare Holo,EPO
Chacripan,64/98,Common,EPO
Léopardus,65/98,Rare,EPO
Zorua,66/98,Uncommon,EPO
Zoroark,67/98,Rare Holo,EPO
Vostourno,68/98,Common,EPO
Vaututrice,69/98,Rare,EPO
Grindur,70/98,Common,EPO
Grindur,71/98,Common,EPO
Noacier,72/98,Rare,EPO
Noacier,73/98,Uncommon,EPO
Tic,74/98,Common,EPO
Clic,75/98,Uncommon,EPO
Cliticlic,76/98,Rare,EPO
Cobaltium,77/98,Rare Holo,EPO
Ratentif,78/98,Common,EPO
Miradar,79/98,Uncommon,EPO
Poichigeon,80/98,Common,EPO
Colombeau,81/98,Uncommon,EPO
Déflaisan,82/98,Rare,EPO
Nanméouïe,83/98,Uncommon,EPO
Chinchidou,84/98,Common,EPO
Pashmilla,85/98,Uncommon,EPO
Furaiglon,86/98,Common,EPO
Furaiglon,87/98,Common,EPO
Gueriaigle,88/98,Rare Holo,EPO
Boréas,89/98,Rare Holo,EPO
Bianca,90/98,Uncommon,EPO
Tcheren,91/98,Uncommon,EPO
Maillet Écrasant,92/98,Uncommon,EPO
Super Ball,93/98,Uncommon,EPO
Potion Max,94/98,Uncommon,EPO
Attrape-Pokémon,95/98,Uncommon,EPO
Recyclage,96/98,Uncommon,EPO
Fulguris,97/98,Rare Ultra,EPO
Boréas,98/98,Rare Ultra,EPO
Tangela,1/113,Common,LTR
Tangrowth,2/113,Rare,LTR
Shuckle,3/113,Uncommon,LTR
Cherubi,4/113,Uncommon,LTR
Carnivine,5/113,Uncommon,LTR
Snivy,6/113,Common,LTR
Servine,7/113,Uncommon,LTR
Serperior,8/113,Rare Holo,LTR
Sewaddle,9/113,Common,LTR
Sewaddle,10/113,Common,LTR
Swadloon,11/113,Uncommon,LTR
Leavanny,12/113,Rare Holo,LTR
Dwebble,13/113,Common,LTR
Crustle,14/113,Uncommon,LTR
Virizion,15/113,Rare Holo,LTR
Genesect,16/113,Rare Holo,LTR
Charmander,17/113,Common,LTR
Charmeleon,18/113,Uncommon,LTR
Charizard,19/113,Rare Holo,LTR
Vulpix,20/113,Common,LTR
Ninetales,21/113,Rare,LTR
Moltres,22/113,Rare Holo,LTR
Victini,23/113,Rare Holo,LTR
Victini-EX,24/113,Rare Holo EX,LTR
Tepig,25/113,Common,LTR
Pignite,26/113,Uncommon,LTR
Emboar,27/113,Rare Holo,LTR
Reshiram,28/113,Rare Holo,LTR
Reshiram-EX,29/113,Rare Holo EX,LTR
Magikarp,30/113,Common,LTR
Gyarados,31/113,Rare,LTR
Articuno,32/113,Rare Holo,LTR
Piplup,33/113,Common,LTR
Prinplup,34/113,Uncommon,LTR
Empoleon,35/113,Rare,LTR
Phione,36/113,Rare,LTR
Oshawott,37/113,Common,LTR
Dewott,38/113,Uncommon,LTR
Samurott,39/113,Rare Holo,LTR
Tympole,40/113,Common,LTR
Palpitoad,41/113,Uncommon,LTR
Seismitoad,42/113,Rare,LTR
Kyurem,43/113,Rare Holo,LTR
Kyurem-EX,44/113,Rare Holo EX,LTR
Keldeo-EX,45/113,Rare Holo EX,LTR
Zapdos,46/113,Rare Holo,LTR
Plusle,47/113,Uncommon,LTR
Minun,48/113,Uncommon,LTR
Emolga,49/113,Uncommon,LTR
Thundurus,50/113,Rare Holo,LTR
Zekrom,51/113,Rare Holo,LTR
Zekrom-EX,52/113,Rare Holo EX,LTR
Mewtwo,53/113,Rare Holo,LTR
Mewtwo-EX,54/113,Rare Holo EX,LTR
Natu,55/113,Common,LTR
Xatu,56/113,Rare,LTR
Misdreavus,57/113,Common,LTR
Mismagius,58/113,Rare,LTR
Ralts,59/113,Common,LTR
Kirlia,60/113,Uncommon,LTR
Sableye,61/113,Uncommon,LTR
Croagunk,62/113,Common,LTR
Toxicroak,63/113,Rare,LTR
Woobat,64/113,Common,LTR
Swoobat,65/113,Uncommon,LTR
Sigilyph,66/113,Rare Holo,LTR
Trubbish,67/113,Common,LTR
Garbodor,68/113,Rare Holo,LTR
Gothita,69/113,Common,LTR
Gothita,70/113,Common,LTR
Gothorita,71/113,Uncommon,LTR
Gothitelle,72/113,Rare Holo,LTR
Solosis,73/113,Common,LTR
Solosis,74/113,Common,LTR
Duosion,75/113,Uncommon,LTR
Reuniclus,76/113,Rare,LTR
Chandelure-EX,77/113,Rare Holo EX,LTR
Meloetta,78/113,Rare Holo,LTR
Riolu,79/113,Uncommon,LTR
Lucario,80/113,Rare Holo,LTR
Gallade,81/113,Rare,LTR
Excadrill-EX,82/113,Rare Holo EX,LTR
Stunfisk,83/113,Uncommon,LTR
Terrakion,84/113,Rare Holo,LTR
Landorus,85/113,Rare Holo,LTR
Meloetta,86/113,Rare,LTR
Spiritomb,87/113,Uncommon,LTR
Darkrai-EX,88/113,Rare Holo EX,LTR
Zorua,89/113,Common,LTR
Zoroark,90/113,Rare Holo,LTR
Cobalion,91/113,Rare Holo,LTR
Altaria,92/113,Uncommon,LTR
Rayquaza,93/113,Rare Holo,LTR
Gible,94/113,Common,LTR
Gabite,95/113,Uncommon,LTR
Garchomp,96/113,Rare Holo,LTR
Deino,97/113,Common,LTR
Zweilous,98/113,Uncommon,LTR
Hydreigon,99/113,Rare Holo,LTR
Black Kyurem-EX,100/113,Rare Holo EX,LTR
White Kyurem-EX,101/113,Rare Holo EX,LTR
Lugia-EX,102/113,Rare Holo EX,LTR
Swablu,103/113,Common,LTR
Minccino,104/113,Common,LTR
Cinccino,105/113,Rare Holo,LTR
Druddigon,106/113,Uncommon,LTR
Bouffalant,107/113,Uncommon,LTR
Tornadus,108/113,Rare Holo,LTR
Bianca,109/113,Uncommon,LTR
Cedric Juniper,110/113,Uncommon,LTR
Crushing Hammer,111/113,Uncommon,LTR
Energy Switch,112/113,Uncommon,LTR
Double Colorless Energy,113/113,Uncommon,LTR
Reshiram,114/113,Rare Secret,LTR
Zekrom,115/113,Rare Secret,LTR
Snivy,RC1/113,Common,LTR
Servine,RC2/113,Common,LTR
Serperior,RC3/113,Uncommon,LTR
Growlithe,RC4/113,Uncommon,LTR
Torchic,RC5/113,Common,LTR
Piplup,RC6/113,Uncommon,LTR
Pikachu,RC7/113,Uncommon,LTR
Ralts,RC8/113,Common,LTR
Kirlia,RC9/113,Common,LTR
Gardevoir,RC10/113,Uncommon,LTR
Meloetta-EX,RC11/113,Rare,LTR
Stunfisk,RC12/113,Uncommon,LTR
Purrloin,RC13/113,Uncommon,LTR
Eevee,RC14/113,Uncommon,LTR
Teddiursa,RC15/113,Common,LTR
Ursaring,RC16/113,Common,LTR
Audino,RC17/113,Common,LTR
Minccino,RC18/113,Common,LTR
Cinccino,RC19/113,Uncommon,LTR
Elesa,RC20/113,Common,LTR
Shaymin-EX,RC21/113,Rare Ultra,LTR
Reshiram,RC22/113,Rare Ultra,LTR
Emolga,RC23/113,Rare Ultra,LTR
Mew-EX,RC24/113,Rare Ultra,LTR
Meloetta-EX,RC25/113,Rare Ultra,LTR
Scarabrute,1/99,Rare,NXD
Grainipiot,2/99,Common,NXD
Crikzik,3/99,Common,NXD
Mélokrik,4/99,Uncommon,NXD
Shaymin-EX,5/99,Rare Holo EX,NXD
Feuillajou,6/99,Common,NXD
Feuiloutan,7/99,Rare,NXD
Trompignon,8/99,Common,NXD
Gaulet,9/99,Rare,NXD
Caninos,10/99,Common,NXD
Caninos,11/99,Common,NXD
Arcanin,12/99,Rare,NXD
Arcanin,13/99,Uncommon,NXD
Sulfura,14/99,Rare Holo,NXD
Flamajou,15/99,Common,NXD
Flamoutan,16/99,Rare,NXD
Darumarond,17/99,Common,NXD
Funécire,18/99,Common,NXD
Mélancolux,19/99,Uncommon,NXD
Lugulabre,20/99,Rare Holo,NXD
Reshiram,21/99,Rare,NXD
Reshiram-EX,22/99,Rare Holo EX,NXD
Stari,23/99,Common,NXD
Staross,24/99,Uncommon,NXD
Lokhlass,25/99,Rare,NXD
Lokhlass,26/99,Uncommon,NXD
Artikodin,27/99,Rare Holo,NXD
Flotajou,28/99,Common,NXD
Flotoutan,29/99,Rare,NXD
Bargantua,30/99,Uncommon,NXD
Sorbébé,31/99,Common,NXD
Sorboul,32/99,Uncommon,NXD
Sorbouboul,33/99,Rare Holo,NXD
Viskuse,34/99,Uncommon,NXD
Moyade,35/99,Rare,NXD
Polarhume,36/99,Common,NXD
Polagriffe,37/99,Rare,NXD
Kyurem-EX,38/99,Rare Holo EX,NXD
Pikachu,39/99,Common,NXD
Raichu,40/99,Uncommon,NXD
Électhor,41/99,Rare Holo,NXD
Lixy,42/99,Common,NXD
Lixy,43/99,Common,NXD
Luxio,44/99,Uncommon,NXD
Luxio,45/99,Uncommon,NXD
Luxray,46/99,Rare Holo,NXD
Zébibron,47/99,Common,NXD
Zéblitz,48/99,Rare,NXD
Emolga,49/99,Uncommon,NXD
Zekrom,50/99,Rare,NXD
Zekrom-EX,51/99,Rare Holo EX,NXD
Tadmorv,52/99,Common,NXD
Grotadmorv,53/99,Rare,NXD
Mewtwo-EX,54/99,Rare Holo EX,NXD
Tarsal,55/99,Common,NXD
Kirlia,56/99,Uncommon,NXD
Gardevoir,57/99,Rare Holo,NXD
Munna,58/99,Common,NXD
Mushana,59/99,Rare,NXD
Darumacho,60/99,Rare,NXD
Lewsor,61/99,Common,NXD
Neitram,62/99,Rare,NXD
Riolu,63/99,Common,NXD
Lucario,64/99,Rare Holo,NXD
Hippopotas,65/99,Common,NXD
Hippodocus,66/99,Uncommon,NXD
Kungfouine,67/99,Common,NXD
Shaofouine,68/99,Uncommon,NXD
Farfuret,69/99,Common,NXD
Dimoret,70/99,Rare,NXD
Pifeuil,71/99,Uncommon,NXD
Tengalice,72/99,Rare,NXD
Baggiguane,73/99,Uncommon,NXD
Baggaïd,74/99,Rare Holo,NXD
Archéomire,75/99,Common,NXD
Archéodong,76/99,Rare,NXD
Grindur,77/99,Common,NXD
Rondoudou,78/99,Uncommon,NXD
Grodoudou,79/99,Rare,NXD
Miaouss,80/99,Common,NXD
Persian,81/99,Rare,NXD
Regigigas-EX,82/99,Rare Holo EX,NXD
Poichigeon,83/99,Common,NXD
Chinchidou,84/99,Uncommon,NXD
Pashmilla,85/99,Rare Holo,NXD
Rachid,86/99,Uncommon,NXD
Multi Exp,87/99,Uncommon,NXD
Masse Ball,88/99,Uncommon,NXD
Niveau Ball,89/99,Uncommon,NXD
Centre Pokémon,90/99,Uncommon,NXD
Pont Sagiciel,91/99,Uncommon,NXD
Double Énergie Incolore,92/99,Uncommon,NXD
Énergie Prisme,93/99,Uncommon,NXD
Shaymin-EX,94/99,Rare Ultra,NXD
Reshiram-EX,95/99,Rare Ultra,NXD
Kyurem-EX,96/99,Rare Ultra,NXD
Zekrom-EX,97/99,Rare Ultra,NXD
Mewtwo-EX,98/99,Rare Ultra,NXD
Regigigas-EX,99/99,Rare Ultra,NXD
Roitiflam,100/99,Rare Secret,NXD
Lugulabre,101/99,Rare Secret,NXD
Zoroark,102/99,Rare Secret,NXD
Trioxhydre,103/99,Rare Secret,NXD
Larveyette,1/101,Common,NVI
Couverdure,2/101,Uncommon,NVI
Manternel,3/101,Rare Holo,NVI
Chlorobule,4/101,Common,NVI
Fragilady,5/101,Rare,NVI
Crabicoque,6/101,Common,NVI
Crabaraque,7/101,Uncommon,NVI
Carabing,8/101,Common,NVI
Trompignon,9/101,Common,NVI
Gaulet,10/101,Uncommon,NVI
Escargaume,11/101,Common,NVI
Limaspeed,12/101,Rare,NVI
Viridium,13/101,Rare Holo,NVI
Victini,14/101,Rare Holo,NVI
Victini,15/101,Rare Holo,NVI
Flamajou,16/101,Common,NVI
Flamoutan,17/101,Uncommon,NVI
Aflamanoir,18/101,Uncommon,NVI
Pyronille,19/101,Common,NVI
Pyronille,20/101,Common,NVI
Pyrax,21/101,Rare,NVI
Tritonde,22/101,Common,NVI
Batracné,23/101,Uncommon,NVI
Crapustule,24/101,Rare,NVI
Carapagos,25/101,Uncommon,NVI
Mégapagos,26/101,Rare,NVI
Sorbébé,27/101,Common,NVI
Sorboul,28/101,Uncommon,NVI
Sorbouboul,29/101,Rare,NVI
Viskuse,30/101,Common,NVI
Moyade,31/101,Rare,NVI
Hexagel,32/101,Uncommon,NVI
Hexagel,33/101,Rare,NVI
Kyurem,34/101,Rare Holo,NVI
Zébibron,35/101,Common,NVI
Zéblitz,36/101,Rare,NVI
Emolga,37/101,Uncommon,NVI
Anchwatt,38/101,Common,NVI
Anchwatt,39/101,Common,NVI
Lampéroie,40/101,Uncommon,NVI
Ohmassacre,41/101,Rare Holo,NVI
Limonde,42/101,Common,NVI
Victini,43/101,Rare,NVI
Tutafeh,44/101,Common,NVI
Tutafeh,45/101,Common,NVI
Tutankafer,46/101,Rare,NVI
Tutankafer,47/101,Rare,NVI
Miamiasme,48/101,Common,NVI
Miasmax,49/101,Uncommon,NVI
Nucléos,50/101,Common,NVI
Méios,51/101,Uncommon,NVI
Symbios,52/101,Rare,NVI
Symbios,53/101,Rare,NVI
Lewsor,54/101,Common,NVI
Lewsor,55/101,Common,NVI
Neitram,56/101,Rare,NVI
Funécire,57/101,Common,NVI
Funécire,58/101,Common,NVI
Mélancolux,59/101,Uncommon,NVI
Lugulabre,60/101,Rare,NVI
Gigalithe,61/101,Rare,NVI
Charpenti,62/101,Common,NVI
Ouvrifier,63/101,Uncommon,NVI
Bétochef,64/101,Rare Holo,NVI
Bétochef,65/101,Rare,NVI
Arkéapti,66/101,Uncommon,NVI
Aéroptéryx,67/101,Rare,NVI
Limonde,68/101,Uncommon,NVI
Kungfouine,69/101,Common,NVI
Shaofouine,70/101,Uncommon,NVI
Gringolem,71/101,Common,NVI
Golemastoc,72/101,Rare,NVI
Terrakium,73/101,Rare Holo,NVI
Démétéros,74/101,Rare Holo,NVI
Scalpion,75/101,Common,NVI
Scalproie,76/101,Uncommon,NVI
Solochi,77/101,Common,NVI
Diamat,78/101,Uncommon,NVI
Trioxhydre,79/101,Rare Holo,NVI
Lançargot,80/101,Rare,NVI
Scalpion,81/101,Common,NVI
Scalproie,82/101,Rare Holo,NVI
Fermite,83/101,Uncommon,NVI
Cobaltium,84/101,Rare Holo,NVI
Nanméouïe,85/101,Uncommon,NVI
Coupenotte,86/101,Common,NVI
Incisache,87/101,Uncommon,NVI
Tranchodon,88/101,Rare Holo,NVI
Drakkarmin,89/101,Rare,NVI
Fossile Plaque,90/101,Uncommon,NVI
Évoluroc,91/101,Uncommon,NVI
N,92/101,Uncommon,NVI
Fossile Plume,93/101,Uncommon,NVI
Casque Brut,94/101,Uncommon,NVI
Méga Canne,95/101,Uncommon,NVI
Vokit,96/101,Uncommon,NVI
Viridium,97/101,Rare Ultra,NVI
Victini,98/101,Rare Ultra,NVI
Terrakium,99/101,Rare Ultra,NVI
Cobaltium,100/101,Rare Ultra,NVI
N,101/101,Rare Ultra,NVI
Miaouss,102/101,Rare Secret,NVI
Arakdo,1/101,Common,PLB
Maskadra,2/101,Rare,PLB
Lilia,3/101,Uncommon,PLB
Vacilys,4/101,Rare,PLB
Tropius,5/101,Uncommon,PLB
Carabing,6/101,Common,PLB
Escargaume,7/101,Common,PLB
Limaspeed,8/101,Rare,PLB
Viridium EX,9/101,Rare Holo EX,PLB
Genesect,10/101,Rare,PLB
Genesect EX,11/101,Rare Holo EX,PLB
Pyronille,12/101,Common,PLB
Pyrax,13/101,Rare,PLB
Carapuce,14/101,Common,PLB
Carabaffe,15/101,Uncommon,PLB
Tortank,16/101,Rare Holo,PLB
Lokhlass,17/101,Common,PLB
Rémoraid,18/101,Common,PLB
Octillery,19/101,Uncommon,PLB
Suicune,20/101,Rare,PLB
Stalgamin,21/101,Common,PLB
Oniglali,22/101,Uncommon,PLB
Momartik,23/101,Rare,PLB
Relicanth,24/101,Uncommon,PLB
Blizzi,25/101,Common,PLB
Blizzaroi,26/101,Uncommon,PLB
Carapagos,27/101,Uncommon,PLB
Mégapagos,28/101,Rare,PLB
Couaneton,29/101,Common,PLB
Kyurem EX,30/101,Rare Holo EX,PLB
Anchwatt,31/101,Common,PLB
Lampéroie,32/101,Uncommon,PLB
Ohmassacre,33/101,Rare Holo,PLB
Baudrive,34/101,Common,PLB
Grodrive,35/101,Rare,PLB
Créhelf,36/101,Rare,PLB
Créfollet,37/101,Rare Holo,PLB
Créfadet,38/101,Rare,PLB
Munna,39/101,Common,PLB
Mushana,40/101,Uncommon,PLB
Cryptéro,41/101,Rare Holo,PLB
Nucléos,42/101,Common,PLB
Méios,43/101,Uncommon,PLB
Symbios,44/101,Rare,PLB
Gringolem,45/101,Common,PLB
Golemastoc,46/101,Rare Holo,PLB
Machoc,47/101,Common,PLB
Machopeur,48/101,Uncommon,PLB
Mackogneur,49/101,Rare Holo,PLB
Mackogneur,50/101,Rare,PLB
Judokrak,51/101,Common,PLB
Karaclée,52/101,Common,PLB
Arkéapti,53/101,Uncommon,PLB
Aéroptéryx,54/101,Rare Holo,PLB
Malosse,55/101,Common,PLB
Démolosse,56/101,Rare Holo,PLB
Galekid,57/101,Common,PLB
Galegon,58/101,Uncommon,PLB
Galeking,59/101,Rare,PLB
Jirachi EX,60/101,Rare Holo EX,PLB
Lançargot,61/101,Rare,PLB
Draby,62/101,Common,PLB
Drackhaus,63/101,Uncommon,PLB
Drattak,64/101,Rare Holo,PLB
Dialga EX,65/101,Rare Holo EX,PLB
Palkia EX,66/101,Rare Holo EX,PLB
Coupenotte,67/101,Common,PLB
Incisache,68/101,Uncommon,PLB
Tranchodon,69/101,Rare Holo,PLB
Drakkarmin,70/101,Common,PLB
Kangourex,71/101,Common,PLB
Porygon,72/101,Common,PLB
Porygon2,73/101,Uncommon,PLB
Porygon-Z,74/101,Rare Holo,PLB
Teddiursa,75/101,Common,PLB
Ursaring,76/101,Uncommon,PLB
Pijako,77/101,Uncommon,PLB
Percila,78/101,Uncommon,PLB
Fossile Plaque,79/101,Uncommon,PLB
Récupération d’Énergie,80/101,Uncommon,PLB
Iris,81/101,Uncommon,PLB
Fossile Plume,82/101,Uncommon,PLB
Attrape-Pokémon,83/101,Uncommon,PLB
Professeur Keteleeria,84/101,Uncommon,PLB
Super Bonbon,85/101,Uncommon,PLB
Déclencheur Inversé,86/101,Uncommon,PLB
Fossile Racine Lilia,87/101,Uncommon,PLB
Bracelet d’Argent,88/101,Uncommon,PLB
Miroir d’Argent,89/101,Uncommon,PLB
Hyper Ball,90/101,Uncommon,PLB
Énergie Plasma,91/101,Uncommon,PLB
Impulsion G,92/101,Rare ACE,PLB
Impact G,93/101,Rare ACE,PLB
Master Ball,94/101,Rare ACE,PLB
Rappel Cyclone,95/101,Rare ACE,PLB
Viridium EX,96/101,Rare Ultra,PLB
Genesect EX,97/101,Rare Ultra,PLB
Jirachi EX,98/101,Rare Ultra,PLB
Dialga EX,99/101,Rare Ultra,PLB
Palkia EX,100/101,Rare Ultra,PLB
Iris,101/101,Rare Ultra,PLB
Noeunoeuf,102/101,Rare Secret,PLB
Viridium,103/101,Rare Secret,PLB
Noctunoir,104/101,Rare Secret,PLB
Super Bonbon,105/101,Rare Secret,PLB
Aspicot,1/116,Common,PLF
Coconfort,2/116,Uncommon,PLF
Dardargnan,3/116,Rare,PLF
Noeunoeuf,4/116,Uncommon,PLF
Noadkoko,5/116,Rare,PLF
Arcko,6/116,Common,PLF
Massko,7/116,Uncommon,PLF
Jungko,8/116,Rare Holo,PLF
Cacnea,9/116,Common,PLF
Cacturne,10/116,Rare,PLF
Phyllali,11/116,Rare,PLF
Pyroli,12/116,Uncommon,PLF
Heatran-EX,13/116,Rare Holo EX,PLF
Funécire,14/116,Common,PLF
Mélancolux,15/116,Uncommon,PLF
Lugulabre,16/116,Rare Holo,PLF
Reshiram,17/116,Rare Holo,PLF
Hypotrempe,18/116,Common,PLF
Hypocéan,19/116,Uncommon,PLF
Aquali,20/116,Uncommon,PLF
Axoloto,21/116,Common,PLF
Maraiste,22/116,Rare,PLF
Givrali,23/116,Rare,PLF
Tritonde,24/116,Common,PLF
Batracné,25/116,Uncommon,PLF
Crapustule,26/116,Rare,PLF
Sorbébé,27/116,Common,PLF
Sorboul,28/116,Uncommon,PLF
Sorbouboul,29/116,Rare,PLF
Hexagel,30/116,Uncommon,PLF
Kyurem,31/116,Rare Holo,PLF
Voltorbe,32/116,Common,PLF
Électrode,33/116,Rare Holo,PLF
Voltali,34/116,Uncommon,PLF
Loupio,35/116,Common,PLF
Lanturn,36/116,Uncommon,PLF
Pachirisu,37/116,Common,PLF
Fulguris-EX,38/116,Rare Holo EX,PLF
Zekrom,39/116,Rare Holo,PLF
Nidoran♀,40/116,Common,PLF
Nidorina,41/116,Uncommon,PLF
Nidoqueen,42/116,Rare,PLF
Nidoran♂,43/116,Common,PLF
Nidorino,44/116,Uncommon,PLF
Tadmorv,45/116,Common,PLF
Grotadmorv,46/116,Rare,PLF
M. Mime,47/116,Rare,PLF
Mentali,48/116,Uncommon,PLF
Ténéfix,49/116,Rare,PLF
Terhal,50/116,Common,PLF
Métang,51/116,Uncommon,PLF
Métalosse,52/116,Rare Holo,PLF
Deoxys-EX,53/116,Rare Holo EX,PLF
Tutafeh,54/116,Common,PLF
Tutafeh,55/116,Common,PLF
Tutankafer,56/116,Rare Holo,PLF
Tutankafer,57/116,Rare,PLF
Nidoking,58/116,Rare,PLF
Férosinge,59/116,Common,PLF
Colossinge,60/116,Common,PLF
Onix,61/116,Uncommon,PLF
Makuhita,62/116,Common,PLF
Hariyama,63/116,Rare,PLF
Noctali,64/116,Rare Holo,PLF
Farfuret,65/116,Common,PLF
Dimoret,66/116,Rare,PLF
Absol,67/116,Rare Holo,PLF
Mascaïman,68/116,Common,PLF
Escroco,69/116,Uncommon,PLF
Crocorible,70/116,Rare,PLF
Scalpion,71/116,Common,PLF
Scalpion,72/116,Common,PLF
Scalproie,73/116,Rare,PLF
Scalproie,74/116,Uncommon,PLF
Solochi,75/116,Common,PLF
Solochi,76/116,Common,PLF
Diamat,77/116,Uncommon,PLF
Trioxhydre,78/116,Rare Holo,PLF
Steelix,79/116,Rare,PLF
Mysdibule,80/116,Uncommon,PLF
Minidraco,81/116,Common,PLF
Draco,82/116,Uncommon,PLF
Dracolosse,83/116,Rare Holo,PLF
Hyporoi,84/116,Rare Holo,PLF
Latias-EX,85/116,Rare Holo EX,PLF
Latios-EX,86/116,Rare Holo EX,PLF
Rattata,87/116,Common,PLF
Rattatac,88/116,Rare,PLF
Évoli,89/116,Common,PLF
Évoli,90/116,Common,PLF
Hoothoot,91/116,Common,PLF
Noarfang,92/116,Uncommon,PLF
Écrémeuh,93/116,Uncommon,PLF
Kecleon,94/116,Rare,PLF
Étourmi,95/116,Common,PLF
Étourvol,96/116,Uncommon,PLF
Étouraptor,97/116,Rare,PLF
Boréas-EX,98/116,Rare Holo EX,PLF
Pierrallégée,99/116,Uncommon,PLF
Ville Gelée,100/116,Uncommon,PLF
Ghetis,101/116,Rare Holo,PLF
Trio des Ombres,102/116,Uncommon,PLF
Récupération d’Énergie Supérieure,103/116,Uncommon,PLF
Badge de la Team Plasma,104/116,Uncommon,PLF
Team Plasma Ball,105/116,Uncommon,PLF
Énergie Plasma,106/116,Uncommon,PLF
Rosée de Vie,107/116,Rare ACE,PLF
Garde Roche,108/116,Rare ACE,PLF
Heatran-EX,109/116,Rare Ultra,PLF
Fulguris-EX,110/116,Rare Ultra,PLF
Deoxys-EX,111/116,Rare Ultra,PLF
Latias-EX,112/116,Rare Ultra,PLF
Latios-EX,113/116,Rare Ultra,PLF
Boréas-EX,114/116,Rare Ultra,PLF
Ghetis,115/116,Rare Ultra,PLF
Professeur Keteleeria,116/116,Rare Ultra,PLF
Pingoléon,117/116,Rare Secret,PLF
Cryptéro,118/116,Rare Secret,PLF
Miasmax,119/116,Rare Secret,PLF
Carchacrok,120/116,Rare Secret,PLF
Potion Max,121/116,Rare Secret,PLF
Hyper Ball,122/116,Rare Secret,PLF
Tortipouss,1/135,Common,PLS
Boskara,2/135,Uncommon,PLS
Torterra,3/135,Rare,PLS
Apitrini,4/135,Common,PLS
Apireine,5/135,Rare,PLS
Ceribou,6/135,Common,PLS
Ceriflor,7/135,Rare,PLS
Larveyette,8/135,Common,PLS
Couverdure,9/135,Uncommon,PLS
Manternel,10/135,Rare,PLS
Maracachi,11/135,Uncommon,PLS
Trompignon,12/135,Common,PLS
Gaulet,13/135,Uncommon,PLS
Sulfura-EX,14/135,Rare Holo EX,PLS
Ouisticram,15/135,Common,PLS
Chimpenfeu,16/135,Uncommon,PLS
Simiabraz,17/135,Rare Holo,PLS
Victini-EX,18/135,Rare Holo EX,PLS
Flamajou,19/135,Common,PLS
Flamoutan,20/135,Uncommon,PLS
Funécire,21/135,Common,PLS
Mélancolux,22/135,Uncommon,PLS
Aflamanoir,23/135,Uncommon,PLS
Carapuce,24/135,Common,PLS
Artikodin-EX,25/135,Rare Holo EX,PLS
Marcacrin,26/135,Common,PLS
Cochignon,27/135,Uncommon,PLS
Mammochon,28/135,Rare,PLS
Nénupiot,29/135,Common,PLS
Lombre,30/135,Uncommon,PLS
Ludicolo,31/135,Rare,PLS
Carvanha,32/135,Common,PLS
Sharpedo,33/135,Rare,PLS
Manaphy,34/135,Rare Holo,PLS
Sorbébé,35/135,Common,PLS
Sorboul,36/135,Uncommon,PLS
Sorbouboul,37/135,Rare,PLS
Viskuse,38/135,Common,PLS
Moyade,39/135,Rare,PLS
Polarhume,40/135,Common,PLS
Polagriffe,41/135,Rare,PLS
Magnéti,42/135,Common,PLS
Magnéti,43/135,Common,PLS
Magnéton,44/135,Uncommon,PLS
Magnéton,45/135,Uncommon,PLS
Magnézone,46/135,Rare Holo,PLS
Magnézone,47/135,Rare,PLS
Électhor-EX,48/135,Rare Holo EX,PLS
Motisma,49/135,Uncommon,PLS
Statitik,50/135,Common,PLS
Mygavolt,51/135,Uncommon,PLS
Nosferapti,52/135,Common,PLS
Nosferapti,53/135,Common,PLS
Nosferalto,54/135,Uncommon,PLS
Nostenfer,55/135,Rare Holo,PLS
Smogo,56/135,Common,PLS
Smogo,57/135,Uncommon,PLS
Smogogo,58/135,Rare Holo,PLS
Tarsal,59/135,Common,PLS
Kirlia,60/135,Uncommon,PLS
Gallame,61/135,Rare Holo,PLS
Giratina,62/135,Rare,PLS
Miamiasme,63/135,Uncommon,PLS
Miamiasme,64/135,Common,PLS
Miamiasme,65/135,Common,PLS
Miasmax,66/135,Rare Holo,PLS
Miasmax,67/135,Rare,PLS
Lewsor,68/135,Common,PLS
Lewsor,69/135,Uncommon,PLS
Neitram,70/135,Rare,PLS
Phanpy,71/135,Common,PLS
Donphan,72/135,Uncommon,PLS
Séléroc,73/135,Uncommon,PLS
Solaroc,74/135,Uncommon,PLS
Riolu,75/135,Common,PLS
Riolu,76/135,Common,PLS
Lucario,77/135,Uncommon,PLS
Lucario,78/135,Rare Holo,PLS
Charpenti,79/135,Common,PLS
Ouvrifier,80/135,Uncommon,PLS
Bétochef,81/135,Rare,PLS
Chacripan,82/135,Common,PLS
Chacripan,83/135,Common,PLS
Léopardus,84/135,Rare,PLS
Baggiguane,85/135,Common,PLS
Baggaïd,86/135,Rare,PLS
Airmure,87/135,Rare,PLS
Tic,88/135,Common,PLS
Clic,89/135,Uncommon,PLS
Cliticlic,90/135,Rare Holo,PLS
Fermite,91/135,Uncommon,PLS
Fermite,92/135,Uncommon,PLS
Cobaltium-EX,93/135,Rare Holo EX,PLS
Drakkarmin,94/135,Rare,PLS
Kyurem Noir-EX,95/135,Rare Holo EX,PLS
Kyurem Blanc EX,96/135,Rare Holo EX,PLS
Mélofée,97/135,Common,PLS
Mélodelfe,98/135,Rare,PLS
Doduo,99/135,Common,PLS
Dodrio,100/135,Rare,PLS
Ronflex,101/135,Rare,PLS
Togepi,102/135,Common,PLS
Togetic,103/135,Uncommon,PLS
Togekiss,104/135,Rare Holo,PLS
Chuchmur,105/135,Common,PLS
Ramboum,106/135,Uncommon,PLS
Brouhabam,107/135,Rare,PLS
Lugia-EX,108/135,Rare Holo EX,PLS
Skitty,109/135,Common,PLS
Ratentif,110/135,Common,PLS
Ratentif,111/135,Common,PLS
Miradar,112/135,Uncommon,PLS
Miradar,113/135,Rare,PLS
Frison,114/135,Rare,PLS
Furaiglon,115/135,Common,PLS
Gueriaigle,116/135,Rare,PLS
Bicyclette,117/135,Uncommon,PLS
Nikolaï,118/135,Uncommon,PLS
Nikodule,119/135,Uncommon,PLS
Corde Sortie,120/135,Uncommon,PLS
Huile,121/135,Uncommon,PLS
Évoluroc,122/135,Uncommon,PLS
Laser Hypnotoxique,123/135,Uncommon,PLS
Frégate Plasma,124/135,Uncommon,PLS
Sbire de la Team Plasma,125/135,Uncommon,PLS
Arène d’Ondes-sur-Mer,126/135,Uncommon,PLS
Énergie Plasma,127/135,Uncommon,PLS
Cherch’Objet,128/135,Rare ACE,PLS
Échange Combiné,129/135,Rare ACE,PLS
Éclat de Victoire,130/135,Rare ACE,PLS
Victini-EX,131/135,Rare Ultra,PLS
Artikodin-EX,132/135,Rare Ultra,PLS
Cobaltium-EX,133/135,Rare Ultra,PLS
Lugia-EX,134/135,Rare Ultra,PLS
Nikolaï,135/135,Rare Ultra,PLS
Dracaufeu,136/135,Rare Secret,PLS
Tortank,137/135,Rare Secret,PLS
Récepteur Aléatoire,138/135,Rare Secret,PLS
Dialga,1/130,Rare Holo,DP
Noctunoir,2/130,Rare Holo,DP
Élekable,3/130,Rare Holo,DP
Pingoléon,4/130,Rare Holo,DP
Simiabraz,5/130,Rare Holo,DP
Lucario,6/130,Rare Holo,DP
Luxray,7/130,Rare Holo,DP
Magnézone,8/130,Rare Holo,DP
Manaphy,9/130,Rare Holo,DP
Magirêve,10/130,Rare Holo,DP
Palkia,11/130,Rare Holo,DP
Rhinastoc,12/130,Rare Holo,DP
Roserade,13/130,Rare Holo,DP
Tengalice,14/130,Rare Holo,DP
Moufflair,15/130,Rare Holo,DP
Étouraptor,16/130,Rare Holo,DP
Torterra,17/130,Rare Holo,DP
Azumarill,18/130,Rare,DP
Charmillon,19/130,Rare,DP
Castorno,20/130,Rare,DP
Vortente,21/130,Rare,DP
Mélodelfe,22/130,Rare,DP
Drascore,23/130,Rare,DP
Grodrive,24/130,Rare,DP
Papinox,25/130,Rare,DP
Mustéflott,26/130,Rare,DP
Ectoplasma,27/130,Rare,DP
Scarhino,28/130,Rare,DP
Hippodocus,29/130,Rare,DP
Lockpin,30/130,Rare,DP
Mackogneur,31/130,Rare,DP
Charmina,32/130,Rare,DP
Goinfrex,33/130,Rare,DP
Noarfang,34/130,Rare,DP
Pachirisu,35/130,Rare,DP
Chaffreux,36/130,Rare,DP
Ronflex,37/130,Rare,DP
Steelix,38/130,Rare,DP
Apireine,39/130,Rare,DP
Dimoret,40/130,Rare,DP
Qulbutoké,41/130,Rare,DP
Okéoké,42/130,Rare,DP
Rozbouton,43/130,Uncommon,DP
Blindalys,44/130,Uncommon,DP
Ceriflor,45/130,Uncommon,DP
Baudrive,46/130,Uncommon,DP
Téraclope,47/130,Uncommon,DP
Élekid,48/130,Uncommon,DP
Boskara,49/130,Uncommon,DP
Spectrum,50/130,Uncommon,DP
Hippopotas,51/130,Uncommon,DP
Luxio,52/130,Uncommon,DP
Machopeur,53/130,Uncommon,DP
Magnéton,54/130,Uncommon,DP
Babimanta,55/130,Uncommon,DP
Chimpenfeu,56/130,Uncommon,DP
Pifeuil,57/130,Uncommon,DP
Prinplouf,58/130,Uncommon,DP
Galopa,59/130,Uncommon,DP
Rhinoféros,60/130,Uncommon,DP
Riolu,61/130,Uncommon,DP
Poissoroy,62/130,Uncommon,DP
Armulys,63/130,Uncommon,DP
Etourvol,64/130,Uncommon,DP
Zarbi A,65/130,Uncommon,DP
Zarbi B,66/130,Uncommon,DP
Zarbi C,67/130,Uncommon,DP
Zarbi D,68/130,Uncommon,DP
Azurill,69/130,Common,DP
Keunotor,70/130,Common,DP
Manzaï,71/130,Common,DP
Mustébouée,72/130,Common,DP
Laporeille,73/130,Common,DP
Pijako,74/130,Common,DP
Ceribou,75/130,Common,DP
Ouisticram,76/130,Common,DP
Mélofée,77/130,Common,DP
Mélo,78/130,Common,DP
Apitrini,79/130,Common,DP
Skelénox,80/130,Common,DP
Elektek,81/130,Common,DP
Fantominus,82/130,Common,DP
Chaglam,83/130,Common,DP
Poissirène,84/130,Common,DP
Hoothoot,85/130,Common,DP
Machoc,86/130,Common,DP
Magnéti,87/130,Common,DP
Marill,88/130,Common,DP
Méditikka,89/130,Common,DP
Mime Jr.,90/130,Common,DP
Feuforêve,91/130,Common,DP
Onix,92/130,Common,DP
Tiplouf,93/130,Common,DP
Ponyta,94/130,Common,DP
Rhinocorne,95/130,Common,DP
Rosélia,96/130,Common,DP
Grainipiot,97/130,Common,DP
Lixy,98/130,Common,DP
Rapion,99/130,Common,DP
Farfuret,100/130,Common,DP
Etourmi,101/130,Common,DP
Moufouette,102/130,Common,DP
Tortipouss,103/130,Common,DP
Chenipotte,104/130,Common,DP
Double guérison totale,105/130,Uncommon,DP
Restauration d'énergie,106/130,Uncommon,DP
Échange d'énergie,107/130,Uncommon,DP
Centre Pokémon de Nuit,108/130,Uncommon,DP
PlusPower,109/130,Uncommon,DP
Poké Ball,110/130,Uncommon,DP
Pokédex HANDY910is,111/130,Uncommon,DP
Prof. Sorbier,112/130,Uncommon,DP
Rival,113/130,Uncommon,DP
Stade Rapide,114/130,Uncommon,DP
Super rappel,115/130,Uncommon,DP
Point d'échange,116/130,Uncommon,DP
Recherche d'énergie,117/130,Common,DP
Potion,118/130,Common,DP
Échange,119/130,Common,DP
Pingoléon,120/130,Rare Holo LV.X,DP
Simiabraz,121/130,Rare Holo LV.X,DP
Torterra,122/130,Rare Holo LV.X,DP
Énergie Plante,123/130,Common,DP
Énergie Feu,124/130,Common,DP
Énergie eau,125/130,Common,DP
Énergie Électrique,126/130,Common,DP
Énergie Psy,127/130,Common,DP
Énergie Combat,128/130,Common,DP
Énergie Obscurité,129/130,Common,DP
Énergie Métal,130/130,Common,DP
Tortipouss,DP01/56,Promo,DPP
Ouisticram,DP02/56,Promo,DPP
Tiplouf,DP03/56,Promo,DPP
Pachirisu,DP04/56,Promo,DPP
Vent tropical,DP05/56,Promo,DPP
Buneary,DP06/56,Promo,DPP
Kranidos,DP07/56,Promo,DPP
Dinoclier,DP08/56,Promo,DPP
Torterra,DP09/56,Promo,DPP
Simiabraz,DP10/56,Promo,DPP
Pingoléon,DP11/56,Promo,DPP
Lucario,DP12/56,Promo,DPP
Buizel,DP13/56,Promo,DPP
Chatot,DP14/56,Promo,DPP
Shinx,DP15/56,Promo,DPP
Pikachu,DP16/56,Promo,DPP
Dialga,DP17/56,Promo,DPP
Palkia,DP18/56,Promo,DPP
Darkrai,DP19/56,Promo,DPP
Maganon,DP20/56,Promo,DPP
Raichu,DP21/56,Promo,DPP
Mime Jr.,DP22/56,Promo,DPP
Chaglam,DP23/56,Promo,DPP
Darkrai,DP24/56,Promo,DPP
Vent tropical,DP25/56,Promo,DPP
Dialga,DP26/56,Promo,DPP
Palkia,DP27/56,Promo,DPP
Mewtwo,DP28/56,Promo,DPP
Rhinastoc,DP29/56,Promo,DPP
Regigigas,DP30/56,Promo,DPP
Heatran,DP31/56,Promo,DPP
Magnézone,DP32/56,Promo,DPP
Noctunoir,DP33/56,Promo,DPP
Grodrive,DP34/56,Promo,DPP
Porygon-Z,DP35/56,Promo,DPP
Scorvol,DP36/56,Promo,DPP
Dialga,DP37/56,Promo,DPP
Giratina,DP38/56,Promo,DPP
Shaymin,DP39/56,Promo,DPP
Regigigas,DP40/56,Promo,DPP
Toxicroak G,DP41/56,Promo,DPP
Vortente,DP42/56,Promo,DPP
Tarinorme,DP43/56,Promo,DPP
Magnezone,DP44/56,Promo,DPP
Charizard G LV.X,DP45/56,Promo,DPP
Garchomp C LV.X,DP46/56,Promo,DPP
Rayquaza C LV.X,DP47/56,Promo,DPP
Vent tropical,DP48/56,Promo,DPP
Dialga,DP49/56,Promo,DPP
Arceus,DP50/56,Promo,DPP
Cresselia,DP51/56,Promo,DPP
Darkrai,DP52/56,Promo,DPP
Arceus,DP53/56,Promo,DPP
Porte de départ,DP54/56,Promo,DPP
Zone ultime,DP55/56,Promo,DPP
Arceus LV.X,DP56/56,Promo,DPP
Braségali,1/106,Rare Holo,GE
Cresselia,2/106,Rare Holo,GE
Darkrai,3/106,Rare Holo,GE
Darkrai,4/106,Rare Holo,GE
Pachirisu,5/106,Rare Holo,GE
Porygon-Z,6/106,Rare Holo,GE
Motisma,7/106,Rare Holo,GE
Jungko,8/106,Rare Holo,GE
Laggron,9/106,Rare Holo,GE
Bouldeneu,10/106,Rare Holo,GE
Togekiss,11/106,Rare Holo,GE
Altaria,12/106,Rare,GE
Dardargnan,13/106,Rare,GE
Papilusion,14/106,Rare,GE
Kaorine,15/106,Rare,GE
Dialga,16/106,Rare,GE
Brouhabam,17/106,Rare,GE
Demolosse,18/106,Rare,GE
Hypnomade,19/106,Rare,GE
Krabboss,20/106,Rare,GE
Lokhlass,21/106,Rare,GE
Latias,22/106,Rare,GE
Latios,23/106,Rare,GE
Mysdibule,24/106,Rare,GE
Milobellus,25/106,Rare,GE
Palkia,26/106,Rare,GE
Colossinge,27/106,Rare,GE
Roigada,28/106,Rare,GE
Zarbi H,29/106,Rare,GE
Wailord,30/106,Rare,GE
Smogogo,31/106,Rare,GE
Grodoudou,32/106,Rare,GE
Arbok,33/106,Uncommon,GE
Cacturne,34/106,Uncommon,GE
Galifeu,35/106,Uncommon,GE
Cadoizo,36/106,Uncommon,GE
Mustéflott,37/106,Uncommon,GE
Rosabyss,38/106,Uncommon,GE
Granbull,39/106,Uncommon,GE
Massko,40/106,Common,GE
Hariyama,41/106,Uncommon,GE
Serpang,42/106,Uncommon,GE
Linéon,43/106,Uncommon,GE
Ramboum,44/106,Uncommon,GE
Volcaropod,45/106,Uncommon,GE
Flobio,46/106,Uncommon,GE
Chrysacier,47/106,Uncommon,GE
Bekipan,48/106,Uncommon,GE
Porygon2,49/106,Uncommon,GE
Chaffreux,50/106,Uncommon,GE
Relicanth,51/106,Uncommon,GE
Séviper,52/106,Uncommon,GE
Airmure,53/106,Uncommon,GE
Flagadoss,54/106,Uncommon,GE
Togetic,55/106,Uncommon,GE
Zarbi F,56/106,Uncommon,GE
Zarbi G,57/106,Uncommon,GE
Wailmer,58/106,Uncommon,GE
Mangriff,59/106,Uncommon,GE
Balbuto,60/106,Common,GE
Mustébouée,61/106,Common,GE
Cacnea,62/106,Common,GE
Chenipan,63/106,Common,GE
Coquiperl,64/106,Common,GE
Soporifik,65/106,Common,GE
Abo,66/106,Common,GE
Barpau,67/106,Common,GE
Chaglam,68/106,Common,GE
Malosse,69/106,Common,GE
Toudoudou,70/106,Common,GE
Lumivole,71/106,Common,GE
Rondoudou,72/106,Common,GE
Coconfort,73/106,Common,GE
Smogo,74/106,Common,GE
Krabby,75/106,Common,GE
Séléroc,76/106,Common,GE
Lovdisc,77/106,Common,GE
Makuhita,78/106,Common,GE
Férosinge,79/106,Common,GE
Gobou,80/106,Common,GE
Porygon,81/106,Common,GE
Ramoloss,82/106,Common,GE
Limagma,83/106,Common,GE
Snubbull,84/106,Common,GE
Solaroc,85/106,Common,GE
Tylton,86/106,Common,GE
Saquedeneu,87/106,Common,GE
Togepi,88/106,Common,GE
Poussifeu,89/106,Common,GE
Arcko,90/106,Common,GE
Zarbi L,91/106,Common,GE
Muciole,92/106,Common,GE
Aspicot,93/106,Common,GE
Chuchmur,94/106,Common,GE
Goélise,95/106,Common,GE
Zigzaton,96/106,Common,GE
Pièce rune,97/106,Uncommon,GE
Le dessin de Felicity,98/106,Uncommon,GE
Restes,99/106,Uncommon,GE
Stade clair de lune,100/106,Uncommon,GE
Honor ball,101/106,Uncommon,GE
Super bonbon,102/106,Uncommon,GE
Cresselia,103/106,Rare Holo LV.X,GE
Darkrai,104/106,Rare Holo LV.X,GE
Dialga,105/106,Rare Holo LV.X,GE
Palkia,106/106,Rare Holo LV.X,GE
Deoxys Forme Normale,1/146,Rare Holo,LA
Dracolosse,2/146,Rare Holo,LA
Momartik,3/146,Rare Holo,LA
Giratina,4/146,Rare Holo,LA
Scorvol,5/146,Rare Holo,LA
Heatran,6/146,Rare Holo,LA
Hyporoi,7/146,Rare Holo,LA
Luxray,8/146,Rare Holo,LA
Mammochon,9/146,Rare Holo,LA
Métalosse,10/146,Rare Holo,LA
Mewtwo,11/146,Rare Holo,LA
Tarpaud,12/146,Rare Holo,LA
Tarinorme,13/146,Rare Holo,LA
Rayquaza,14/146,Rare Holo,LA
Regigigas,15/146,Rare Holo,LA
Spiritomb,16/146,Rare Holo,LA
Yanmega,17/146,Rare Holo,LA
Armaldo,18/146,Rare,LA
Créfadet,19/146,Rare,LA
Joliflor,20/146,Rare,LA
Vacilys,21/146,Rare,LA
Colhomard,22/146,Rare,LA
Delcatty,23/146,Rare,LA
Deoxys Forme Attaque,24/146,Rare,LA
Deoxys Forme Défense,25/146,Rare,LA
Deoxys Forme Vitesse,26/146,Rare,LA
Métamorph,27/146,Rare,LA
Foretress,28/146,Rare,LA
Groudon,29/146,Rare,LA
Heatran,30/146,Rare,LA
Jirachi,31/146,Rare,LA
Kyogre,32/146,Rare,LA
Lockpin,33/146,Rare,LA
Créfollet,34/146,Rare,LA
Tartard,35/146,Rare,LA
Regice,36/146,Rare,LA
Regigigas,37/146,Rare,LA
Regirock,38/146,Rare,LA
Registeel,39/146,Rare,LA
Munja,40/146,Rare,LA
Chartor,41/146,Rare,LA
Zarbi !,42/146,Rare,LA
Créhelf,43/146,Rare,LA
Empiflor,44/146,Rare,LA
Rafflesia,45/146,Rare,LA
Anorith,46/146,Uncommon,LA
Camérupt,47/146,Uncommon,LA
Morphéo,48/146,Uncommon,LA
Morpheo Pluie,49/146,Uncommon,LA
Morpheo Neige,50/146,Uncommon,LA
Morpheo Soleil,51/146,Uncommon,LA
Draco,52/146,Uncommon,LA
Grodrive,53/146,Uncommon,LA
Noadkoko,54/146,Uncommon,LA
Scorvol,55/146,Uncommon,LA
Groret,56/146,Uncommon,LA
Demolosse,57/146,Uncommon,LA
Lanturn,58/146,Uncommon,LA
Lanturn,59/146,Uncommon,LA
Coxyclaque,60/146,Uncommon,LA
Lucario,61/146,Uncommon,LA
Luxio,62/146,Uncommon,LA
Ossatueur,63/146,Uncommon,LA
Métang,64/146,Uncommon,LA
Métang,65/146,Uncommon,LA
Grahyèna,66/146,Uncommon,LA
Ninjask,67/146,Uncommon,LA
Persian,68/146,Uncommon,LA
Cochignon,69/146,Uncommon,LA
Hypocean,70/146,Uncommon,LA
Staross,71/146,Uncommon,LA
Avaltout,72/146,Uncommon,LA
Hélédelle,73/146,Uncommon,LA
Tauros,74/146,Uncommon,LA
Tentacruel,75/146,Uncommon,LA
Zarbi J,76/146,Uncommon,LA
Zarbi R,77/146,Uncommon,LA
Zarbi U,78/146,Uncommon,LA
Zarbi V,79/146,Uncommon,LA
Zarbi W,80/146,Uncommon,LA
Zarbi Y,81/146,Uncommon,LA
Zarbi ?,82/146,Uncommon,LA
Terhal,83/146,Common,LA
Terhal,84/146,Common,LA
Chetiflor,85/146,Common,LA
Laporeille,86/146,Common,LA
Loupio,87/146,Common,LA
Loupio,88/146,Common,LA
Ecrapince,89/146,Common,LA
Osselait,90/146,Common,LA
Minidraco,91/146,Common,LA
Baudrive,92/146,Common,LA
Noeunoeuf,93/146,Common,LA
Scorplane,94/146,Common,LA
Scorplane,95/146,Common,LA
Ortide,96/146,Common,LA
Ortide,97/146,Common,LA
Gloupti,98/146,Common,LA
Tygnon,99/146,Common,LA
Kicklee,100/146,Common,LA
Kapoera,101/146,Common,LA
Hypotrempe,102/146,Common,LA
Malosse,103/146,Common,LA
Coxy,104/146,Common,LA
Lilia,105/146,Common,LA
Miaouss,106/146,Common,LA
Feuforêve,107/146,Common,LA
Ningale,108/146,Common,LA
Tarinor,109/146,Common,LA
Chamallot,110/146,Common,LA
Mystherbe,111/146,Common,LA
Mystherbe,112/146,Common,LA
Pomdepik,113/146,Common,LA
Ptitard,114/146,Common,LA
Tetarte,115/146,Common,LA
Medhyena,116/146,Common,LA
Riolu,117/146,Common,LA
Lixy,118/146,Common,LA
Skitty,119/146,Common,LA
Farfuret,120/146,Common,LA
Spoink,121/146,Common,LA
Stari,122/146,Common,LA
Marcracrin,123/146,Common,LA
Nirondelle,124/146,Common,LA
Tentacool,125/146,Common,LA
Débugant,126/146,Common,LA
Boustiflor,127/146,Common,LA
Yanma,128/146,Common,LA
Manteau bulle,129/146,Uncommon,LA
L'entrainement de Cornil,130/146,Uncommon,LA
Les sentiments de Cynthia,131/146,Uncommon,LA
Collecte d'Énergie,132/146,Uncommon,LA
Poké radar,133/146,Uncommon,LA
Temple Frimapic,134/146,Uncommon,LA
Mont Abrupt,135/146,Uncommon,LA
Machine Technique TS-1,136/146,Uncommon,LA
Machine Technique TS-2,137/146,Uncommon,LA
Fossile griffe,138/146,Common,LA
Fossile racine,139/146,Common,LA
Créfadet,140/146,Rare Holo LV.X,LA
Scorvol,141/146,Rare Holo LV.X,LA
Magnézone,142/146,Rare Holo LV.X,LA
Créfollet,143/146,Rare Holo LV.X,LA
Mewtwo,144/146,Rare Holo LV.X,LA
Rhinastoc,145/146,Rare Holo LV.X,LA
Créhelf,146/146,Rare Holo LV.X,LA
Artikodin,1/100,Rare Holo,MD
Cresselia,2/100,Rare Holo,MD
Darkrai,3/100,Rare Holo,MD
Dialga,4/100,Rare Holo,MD
Givrali,5/100,Rare Holo,MD
Kabutops,6/100,Rare Holo,MD
Phyllali,7/100,Rare Holo,MD
Manaphy,8/100,Rare Holo,MD
Mewtwo,9/100,Rare Holo,MD
Sulfura,10/100,Rare Holo,MD
Palkia,11/100,Rare Holo,MD
Phione,12/100,Rare Holo,MD
Motisma,13/100,Rare Holo,MD
Electhor,14/100,Rare Holo,MD
Ptéra,15/100,Rare,MD
Archéodong,16/100,Rare,MD
Pingoléon,17/100,Rare,MD
Mentali,18/100,Rare,MD
Pyroli,19/100,Rare,MD
Givrali,20/100,Rare,MD
Hippodocus,21/100,Rare,MD
Simiabraz,22/100,Rare,MD
Voltali,23/100,Rare,MD
Phyllali,24/100,Rare,MD
Négapi,25/100,Rare,MD
Amonistar,26/100,Rare,MD
Phione,27/100,Rare,MD
Posipi,28/100,Rare,MD
Cizayox,29/100,Rare,MD
Torterra,30/100,Rare,MD
Coatox,31/100,Rare,MD
Noctali,32/100,Rare,MD
Zarbi P,33/100,Rare,MD
Aquali,34/100,Rare,MD
Capidextre,35/100,Uncommon,MD
Rapasdepic,36/100,Uncommon,MD
Boskara,37/100,Uncommon,MD
Kangourex,38/100,Uncommon,MD
Excelangue,39/100,Uncommon,MD
Élecsprint,40/100,Uncommon,MD
Chimpenfeu,41/100,Uncommon,MD
Papilord,42/100,Uncommon,MD
Pachirisu,43/100,Uncommon,MD
Prinplouf,44/100,Uncommon,MD
Raichu,45/100,Uncommon,MD
Insécateur,46/100,Uncommon,MD
Étourvol,47/100,Uncommon,MD
Simularbre,48/100,Uncommon,MD
Zarbi Q,49/100,Uncommon,MD
Capumain,50/100,Common,MD
Capumain,51/100,Common,MD
Archéomire,52/100,Common,MD
Laporeille,53/100,Common,MD
Cheniti Cape Sable,54/100,Common,MD
Pijako,55/100,Common,MD
Ouisticram,56/100,Common,MD
Ouisticram,57/100,Common,MD
Korillon,58/100,Common,MD
Apitrini,59/100,Common,MD
Cradopaud,60/100,Common,MD
Baudrive,61/100,Common,MD
Evoli,62/100,Common,MD
Evoli,63/100,Common,MD
Dynavolt,64/100,Common,MD
Chaglam,65/100,Common,MD
Hippopotas,66/100,Common,MD
Kabuto,67/100,Common,MD
Goinfrex,68/100,Common,MD
Amonita,69/100,Common,MD
Pikachu,70/100,Common,MD
Tiplouf,71/100,Common,MD
Tiplouf,72/100,Common,MD
Sancoki Mer Orient,73/100,Common,MD
Piafabec,74/100,Common,MD
Étourmi,75/100,Common,MD
Moufouette,76/100,Common,MD
Tortipouss,77/100,Common,MD
Tortipouss,78/100,Common,MD
Stade crépuscule,79/100,Uncommon,MD
Sombre Ball,80/100,Uncommon,MD
Restauration d'énergie,81/100,Uncommon,MD
Excavateur de fossiles,82/100,Uncommon,MD
La gentillesse de Maman,83/100,Uncommon,MD
Vieil Ambre,84/100,Uncommon,MD
Poké Ball,85/100,Uncommon,MD
Rapide Ball,86/100,Uncommon,MD
Super rappel,87/100,Uncommon,MD
Point d'échange,88/100,Uncommon,MD
Fossile Dôme,89/100,Common,MD
Recherche d'énergie,90/100,Common,MD
Fossile Nautile,91/100,Common,MD
Appel à l'énergie,92/100,Uncommon,MD
Énergie Obscurité,93/100,Uncommon,MD
Énergie santé,94/100,Uncommon,MD
Énergie Métal,95/100,Uncommon,MD
Énergie guérison,96/100,Uncommon,MD
Carchacrok,97/100,Rare Holo LV.X,MD
Givrali,98/100,Rare Holo LV.X,MD
Phyllali,99/100,Rare Holo LV.X,MD
Porygon-Z,100/100,Rare Holo LV.X,MD
Galeking,1/123,Rare Holo,MT
Alakazam,2/123,Rare Holo,MT
Capidextre,3/123,Rare Holo,MT
Créfadet,4/123,Rare Holo,MT
Leuphorie,5/123,Rare Holo,MT
Archéodong,6/123,Rare Holo,MT
Celebi,7/123,Rare Holo,MT
Aligatueur,8/123,Rare Holo,MT
Carchacrok,9/123,Rare Holo,MT
Corboss,10/123,Rare Holo,MT
Luminéon,11/123,Rare Holo,MT
Maganon,12/123,Rare Holo,MT
Méganium,13/123,Rare Holo,MT
Créfollet,14/123,Rare Holo,MT
Raichu,15/123,Rare Holo,MT
Typhlosion,16/123,Rare Holo,MT
Tyranocif,17/123,Rare Holo,MT
Créhelf,18/123,Rare Holo,MT
Blizzaroi,19/123,Rare,MT
Migalos,20/123,Rare,MT
Bastiodon,21/123,Rare,MT
Éoko,22/123,Rare,MT
Nostenfer,23/123,Rare,MT
Noadkoko,24/123,Rare,MT
Oniglali,25/123,Rare,MT
Léviator,26/123,Rare,MT
Mélokrik,27/123,Rare,MT
Élecsprint,28/123,Rare,MT
Démanta,29/123,Rare,MT
M. Mime,30/123,Rare,MT
Nidoqueen,31/123,Rare,MT
Feunard,32/123,Rare,MT
Charkos,33/123,Rare,MT
Monaflèmit,34/123,Rare,MT
Simularbre,35/123,Rare,MT
Coatox,36/123,Rare,MT
Zarbi,37/123,Rare,MT
Ursaring,38/123,Rare,MT
Kaimorse,39/123,Rare,MT
Barbicha,40/123,Rare,MT
Macronium,41/123,Uncommon,MT
Korillon,42/123,Uncommon,MT
Kranidos,43/123,Uncommon,MT
Crocrodil,44/123,Uncommon,MT
Lamantine LV.36,45/123,Uncommon,MT
Dodrio,46/123,Uncommon,MT
Insolourdo,47/123,Uncommon,MT
Carmache,48/123,Uncommon,MT
Girafarig,49/123,Uncommon,MT
Nosferalto,50/123,Uncommon,MT
Gravalanch,51/123,Uncommon,MT
Ptiravi,52/123,Uncommon,MT
Galegon,53/123,Uncommon,MT
Magmar,54/123,Uncommon,MT
Maskadra,55/123,Uncommon,MT
Nidorina,56/123,Uncommon,MT
Octillery,57/123,Uncommon,MT
Parasect,58/123,Uncommon,MT
Ymphect,59/123,Uncommon,MT
Feurisson,60/123,Uncommon,MT
Sablaireau,61/123,Uncommon,MT
Phogleur,62/123,Uncommon,MT
Dinoclier,63/123,Uncommon,MT
Tropius,64/123,Uncommon,MT
Zarbi,65/123,Uncommon,MT
Zarbi M,66/123,Uncommon,MT
Zarbi T,67/123,Uncommon,MT
Vigoroth,68/123,Uncommon,MT
Abra,69/123,Common,MT
Capumain,70/123,Common,MT
Galekid,71/123,Common,MT
Barloche,72/123,Common,MT
Keunotor,73/123,Common,MT
Archéomire,74/123,Common,MT
Mustébouée,75/123,Common,MT
Leveinard,76/123,Common,MT
Germignon,77/123,Common,MT
Cradopaud,78/123,Common,MT
Héricendre,79/123,Common,MT
Doduo,80/123,Common,MT
Dynavolt,81/123,Common,MT
Noeunoeuf,82/123,Common,MT
Écayon,83/123,Common,MT
Racaillou,84/123,Common,MT
Griknot,85/123,Common,MT
Crikzik,86/123,Common,MT
Embrylex,87/123,Common,MT
Magby,88/123,Common,MT
Magicarpe,89/123,Common,MT
Cornèbre,90/123,Common,MT
Nidoran♀,91/123,Common,MT
Paras,92/123,Common,MT
Pichu,93/123,Common,MT
Pikachu,94/123,Common,MT
Rémoraid,95/123,Common,MT
Sabelette,96/123,Common,MT
Otaria,97/123,Common,MT
Lixy,98/123,Common,MT
Parecool,99/123,Common,MT
Stalgamin,100/123,Common,MT
Blizzi,101/123,Common,MT
Obalie,102/123,Common,MT
Mimigal,103/123,Common,MT
Arakdo,104/123,Common,MT
Teddiursa,105/123,Common,MT
Kaiminus,106/123,Common,MT
Goupix,107/123,Common,MT
Nosferapti,108/123,Common,MT
La recherche d'Amelle,109/123,Uncommon,MT
Sombre Ball,110/123,Uncommon,MT
Excavateur de fossiles,111/123,Uncommon,MT
Berge du lac,112/123,Uncommon,MT
Maintenance nocturne,113/123,Uncommon,MT
Rapide Ball,114/123,Uncommon,MT
La pari de l'équipe Galaxie,115/123,Uncommon,MT
Fossile Armure,116/123,Common,MT
Fossile Crâne,117/123,Common,MT
Énergies multiples,118/123,Rare,MT
Énergie Obscurité,119/123,Uncommon,MT
Énergie Métal,120/123,Uncommon,MT
Élekable,121/123,Rare Holo LV.X,MT
Lucario,122/123,Rare Holo LV.X,MT
Maganon,123/123,Rare Holo LV.X,MT
Altération espace-temps,124/123,Rare Secret,MT
Pharamp,1/132,Rare Holo,SW
Tortank,2/132,Rare Holo,SW
Dracaufeu,3/132,Rare Holo,SW
Entei,4/132,Rare Holo,SW
Libegon,5/132,Rare Holo,SW
Gallame,6/132,Rare Holo,SW
Gardevoir,7/132,Rare Holo,SW
Tritosor Mer Orient,8/132,Rare Holo,SW
Tritosor Mer Occident,9/132,Rare Holo,SW
Ho-Oh,10/132,Rare Holo,SW
Cotovol,11/132,Rare Holo,SW
Coudlangue,12/132,Rare Holo,SW
Ludicolo,13/132,Rare Holo,SW
Lugia,14/132,Rare Holo,SW
Mew,15/132,Rare Holo,SW
Raikou,16/132,Rare Holo,SW
Roserade,17/132,Rare Holo,SW
Drattak,18/132,Rare Holo,SW
Suicune,19/132,Rare Holo,SW
Florizarre,20/132,Rare Holo,SW
Absol,21/132,Rare,SW
Arcanin,22/132,Rare,SW
Branette,23/132,Rare,SW
Triopikeur,24/132,Rare,SW
Élekable,25/132,Rare,SW
Électrode,26/132,Rare,SW
Fouinar,27/132,Rare,SW
Akwakwak,28/132,Rare,SW
Grolem,29/132,Rare,SW
Lippoutou,30/132,Rare,SW
Maganon,31/132,Rare,SW
Négapi,32/132,Rare,SW
Papilord,33/132,Rare,SW
Nidoking,34/132,Rare,SW
Roucarnage,35/132,Rare,SW
Posipi,36/132,Rare,SW
Sharpedo,37/132,Rare,SW
Héliatronc,38/132,Rare,SW
Zarbi S,39/132,Rare,SW
Dimoret,40/132,Rare,SW
Cheniselle Cape Plante,41/132,Rare,SW
Cheniselle Cape Sable,42/132,Rare,SW
Cheniselle Cape Déchet,43/132,Rare,SW
Xatu,44/132,Rare,SW
Chapignon,45/132,Uncommon,SW
Reptincel,46/132,Uncommon,SW
Crustabri,47/132,Uncommon,SW
Donphan,48/132,Uncommon,SW
Canarticho,49/132,Uncommon,SW
Lainergie,50/132,Uncommon,SW
Herbizarre,51/132,Uncommon,SW
Kecleon,52/132,Uncommon,SW
Kirlia,53/132,Uncommon,SW
Lombre,54/132,Uncommon,SW
Écrémeuh,55/132,Uncommon,SW
Grotadmorv,56/132,Uncommon,SW
Nidorino,57/132,Uncommon,SW
Roucoups,58/132,Uncommon,SW
Scarabrute,59/132,Uncommon,SW
Maraiste,60/132,Uncommon,SW
Rattatac,61/132,Uncommon,SW
Rosélia,62/132,Uncommon,SW
Ténéfix,63/132,Uncommon,SW
Drackhaus,64/132,Uncommon,SW
Floravol,65/132,Uncommon,SW
Queulorior,66/132,Uncommon,SW
Lippouti,67/132,Uncommon,SW
Zarbi K,68/132,Uncommon,SW
Zarbi N,69/132,Uncommon,SW
Zarbi O,70/132,Uncommon,SW
Zarbi X,71/132,Uncommon,SW
Zarbi Z,72/132,Uncommon,SW
Aéromite,73/132,Uncommon,SW
Vibraninf,74/132,Uncommon,SW
Carabaffe,75/132,Uncommon,SW
Draby,76/132,Common,SW
Bulbizarre,77/132,Common,SW
Cheniti Cape Plante,78/132,Common,SW
Cheniti Cape Sable,79/132,Common,SW
Cheniti Cape Déchet,80/132,Common,SW
Carvanha,81/132,Common,SW
Salamèche,82/132,Common,SW
Mélofée,83/132,Common,SW
Corayon,84/132,Common,SW
Taupiqueur,85/132,Common,SW
Skelénox,86/132,Common,SW
Elektek,87/132,Common,SW
Tadmorv,88/132,Common,SW
Caninos,89/132,Common,SW
Granivol,90/132,Common,SW
Excelangue,91/132,Common,SW
Nénupiot,92/132,Common,SW
Magmar,93/132,Common,SW
Wattouat,94/132,Common,SW
Cornèbre,95/132,Common,SW
Natu,96/132,Common,SW
Nidoran♂,97/132,Common,SW
Phanpy,98/132,Common,SW
Roucool,99/132,Common,SW
Psykokwak,100/132,Common,SW
Qwilfish,101/132,Common,SW
Tarsal,102/132,Common,SW
Rattata,103/132,Common,SW
Fouinette,104/132,Common,SW
Kokiyas,105/132,Common,SW
Sancoki Mer Orient,106/132,Common,SW
Sancoki Mer Occident,107/132,Common,SW
Balignon,108/132,Common,SW
Caratroc,109/132,Common,SW
Polichombr,110/132,Common,SW
Spinda,111/132,Common,SW
Carapuce,112/132,Common,SW
Cerfrousse,113/132,Common,SW
Tournegrin,114/132,Common,SW
Kraknoix,115/132,Common,SW
Mimitoss,116/132,Common,SW
Voltorbe,117/132,Common,SW
Axoloto,118/132,Common,SW
La recherche d'Amelle,119/132,Uncommon,SW
Maintenance nocturne,120/132,Uncommon,SW
PlusPower,121/132,Uncommon,SW
La visite du Prof. Chen,122/132,Uncommon,SW
Prof. Sorbier,123/132,Uncommon,SW
Rival,124/132,Uncommon,SW
La recherche de Rose,125/132,Uncommon,SW
Mars de la Team Galaxie,126/132,Uncommon,SW
Potion,127/132,Common,SW
Échange,128/132,Common,SW
Énergie Obscurité,129/132,Uncommon,SW
Énergie Métal,130/132,Uncommon,SW
Gardevoir,131/132,Rare Holo LV.X,SW
Corboss,132/132,Rare Holo LV.X,SW
Noctunoir,1/100,Rare Holo,SF
Pingoléon,2/100,Rare Holo,SF
Simiabraz,3/100,Rare Holo,SF
Luminéon,4/100,Rare Holo,SF
Magnézone,5/100,Rare Holo,SF
Magnézone,6/100,Rare Holo,SF
Magirêve,7/100,Rare Holo,SF
Raichu,8/100,Rare Holo,SF
Regigigas,9/100,Rare Holo,SF
Jungko,10/100,Rare Holo,SF
Torterra,11/100,Rare Holo,SF
Blizzaroi,12/100,Rare,SF
Archéodong,13/100,Rare,SF
Ceriflor,14/100,Rare,SF
Drascore,15/100,Rare,SF
Grodrive,16/100,Rare,SF
Noctunoir,17/100,Rare,SF
Ectoplasma,18/100,Rare,SF
Léviator,19/100,Rare,SF
Mackogneur,20/100,Rare,SF
Mammochon,21/100,Rare,SF
Galopa,22/100,Rare,SF
Roserade,23/100,Rare,SF
Drattak,24/100,Rare,SF
Cizayox,25/100,Rare,SF
Moufflair,26/100,Rare,SF
Étouraptor,27/100,Rare,SF
Steelix,28/100,Rare,SF
Bouldeneu,29/100,Rare,SF
Tyranocif,30/100,Rare,SF
Apireine,31/100,Rare,SF
Castorno,32/100,Uncommon,SF
Rozbouton,33/100,Uncommon,SF
Téraclope,34/100,Uncommon,SF
Téraclope,35/100,Uncommon,SF
Électrode,36/100,Uncommon,SF
Électrode,37/100,Uncommon,SF
Canarticho,38/100,Uncommon,SF
Massko,39/100,Uncommon,SF
Spectrum,40/100,Uncommon,SF
Machopeur,41/100,Uncommon,SF
Magnéton,42/100,Uncommon,SF
Magnéton,43/100,Uncommon,SF
Écrémeuh,44/100,Uncommon,SF
Pichu,45/100,Uncommon,SF
Cochignon,46/100,Uncommon,SF
Ymphect,47/100,Uncommon,SF
Ténéfix,48/100,Uncommon,SF
Insécateur,49/100,Uncommon,SF
Drackhaus,50/100,Uncommon,SF
Airmure,51/100,Uncommon,SF
Etourvol,52/100,Uncommon,SF
Draby,53/100,Common,SF
Keunotor,54/100,Common,SF
Archéomire,55/100,Common,SF
Ceribou,56/100,Common,SF
Apitrini,57/100,Common,SF
Baudrive,58/100,Common,SF
Skelénox,59/100,Common,SF
Skelénox,60/100,Common,SF
Écayon,61/100,Common,SF
Fantominus,62/100,Common,SF
Embrylex,63/100,Common,SF
Machoc,64/100,Common,SF
Magicarpe,65/100,Common,SF
Magnéti,66/100,Common,SF
Magnéti,67/100,Common,SF
Feuforêve,68/100,Common,SF
Onix,69/100,Common,SF
Pikachu,70/100,Common,SF
Ponyta,71/100,Common,SF
Rosélia,72/100,Common,SF
Rapion,73/100,Common,SF
Blizzi,74/100,Common,SF
Etourmi,75/100,Common,SF
Moufouette,76/100,Common,SF
Marcacrin,77/100,Common,SF
Saquedeneu,78/100,Common,SF
Arcko,79/100,Common,SF
Voltorbe,80/100,Common,SF
Voltorbe,81/100,Common,SF
Carrière conductrice,82/100,Uncommon,SF
Chaîne d'énergie,83/100,Uncommon,SF
Échange d'Énergie,84/100,Uncommon,SF
Super Ball,85/100,Uncommon,SF
Luxe Ball,86/100,Uncommon,SF
La requête de Vivianne,87/100,Uncommon,SF
Poké Coup +,88/100,Uncommon,SF
Poké Pioche +,89/100,Uncommon,SF
Poké Guérison +,90/100,Uncommon,SF
Honor ball,91/100,Uncommon,SF
Potion,92/100,Common,SF
Échange,93/100,Common,SF
Énergie Cyclone,94/100,Uncommon,SF
Énergie de Distorsion,95/100,Uncommon,SF
Noctunoir,96/100,Rare Holo LV.X,SF
Heatran,97/100,Rare Holo LV.X,SF
Mackogneur,98/100,Rare Holo LV.X,SF
Raichu,99/100,Rare Holo LV.X,SF
Regigigas,100/100,Rare Holo LV.X,SF
Salamèche,101/100,Rare Secret,SF
Reptincel,102/100,Rare Secret,SF
Dracaufeu,103/100,Rare Secret,SF
Baudrive,SH1/100,Rare,SF
Skelénox,SH2/100,Rare,SF
Voltorbe,SH3/100,Rare,SF
Pharamp,1/147,Rare,AQ
Arcanin,2/147,Rare,AQ
Migalos,3/147,Rare,AQ
Azumarill,4/147,Rare,AQ
Joliflor,5/147,Rare,AQ
Leuphorie,6/147,Rare,AQ
Donphan,7/147,Rare,AQ
Électrode,8/147,Rare,AQ
Élekid,9/147,Rare,AQ
Entei,10/147,Rare,AQ
Mentali,11/147,Rare,AQ
Noadkoko,12/147,Rare,AQ
Noadkoko,13/147,Rare,AQ
Démolosse,14/147,Rare,AQ
Démolosse,15/147,Rare,AQ
Hypnomade,16/147,Rare,AQ
Cotovol,17/147,Rare,AQ
Lippoutou,18/147,Rare,AQ
Hyporoi,19/147,Rare,AQ
Lanturn,20/147,Rare,AQ
Lanturn,21/147,Rare,AQ
Magnéton,22/147,Rare,AQ
Grotadmorv,23/147,Rare,AQ
Nidoking,24/147,Rare,AQ
Feunard,25/147,Rare,AQ
Octillery,26/147,Rare,AQ
Parasect,27/147,Rare,AQ
Porygon2,28/147,Rare,AQ
Colossinge,29/147,Rare,AQ
Maraiste,30/147,Rare,AQ
Galopa,31/147,Rare,AQ
Cizayox,32/147,Rare,AQ
Flagadoss,33/147,Rare,AQ
Roigada,34/147,Rare,AQ
Steelix,35/147,Rare,AQ
Simularbre,36/147,Rare,AQ
Suicune,37/147,Rare,AQ
Tentacruel,38/147,Rare,AQ
Togetic,39/147,Rare,AQ
Tyranocif,40/147,Rare,AQ
Noctali,41/147,Rare,AQ
Empiflor,42/147,Rare,AQ
Rafflesia,43/147,Rare,AQ
Electhor,44/147,Rare,AQ
Chétiflor,45/147,Uncommon,AQ
Dodrio,46/147,Uncommon,AQ
Lainergie,47/147,Uncommon,AQ
Fouinar,48/147,Uncommon,AQ
Ortide,49/147,Uncommon,AQ
Golduck,50/147,Uncommon,AQ
Caninos,51/147,Uncommon,AQ
Magnéti,52/147,Uncommon,AQ
Marill,53/147,Uncommon,AQ
Ossatueur,54/147,Uncommon,AQ
Nidorino,55/147,Uncommon,AQ
Ymphect,56/147,Uncommon,AQ
Insécateur,57/147,Uncommon,AQ
Hypocéan,58/147,Uncommon,AQ
Poissoroy,59/147,Uncommon,AQ
Floravol,60/147,Uncommon,AQ
Lippouti,61/147,Uncommon,AQ
Mimigal,62/147,Uncommon,AQ
Débugant,63/147,Uncommon,AQ
Voltorbe,64/147,Uncommon,AQ
Boustiflor,65/147,Uncommon,AQ
Axoloto,66/147,Uncommon,AQ
Capumain,67/147,Common,AQ
Chétiflor,68/147,Common,AQ
Leveinard,69/147,Common,AQ
Loupio,70/147,Common,AQ
Loupio,71/147,Common,AQ
Osselait,72/147,Common,AQ
Doduo,73/147,Common,AQ
Drowzee,74/147,Common,AQ
Évoli,75/147,Common,AQ
Nœufnœuf,76/147,Common,AQ
Nœufnœuf,77/147,Common,AQ
Poissirène,78/147,Common,AQ
Tadmorv,79/147,Common,AQ
Caninos,80/147,Common,AQ
Tygnon,81/147,Common,AQ
Kapoera,82/147,Common,AQ
Granivol,83/147,Common,AQ
Hypotrempe,84/147,Common,AQ
Hypotrempe,85/147,Common,AQ
Malosse,86/147,Common,AQ
Malosse,87/147,Common,AQ
Kangourex,88/147,Common,AQ
Embrylex,89/147,Common,AQ
Excelangue,90/147,Common,AQ
Magnéti,91/147,Common,AQ
Férosinge,92/147,Common,AQ
Wattouat,93/147,Common,AQ
Écrémeuh,94/147,Common,AQ
Mr. Mime,95/147,Common,AQ
Nidoran ♂,96/147,Common,AQ
Mystherbe,97/147,Common,AQ
Onix,98/147,Common,AQ
Paras,99/147,Common,AQ
Phanpy,100/147,Common,AQ
Scarabrute,101/147,Common,AQ
Ponyta,102/147,Common,AQ
Porygon,103/147,Common,AQ
Psykokwak,104/147,Common,AQ
Rémoraid,105/147,Common,AQ
Insécateur,106/147,Common,AQ
Fouinette,107/147,Common,AQ
Ramoloss,108/147,Common,AQ
Queulorior,109/147,Common,AQ
Farfuret,110/147,Common,AQ
Mimigal,111/147,Common,AQ
Saquedeneu,112/147,Common,AQ
Tentacool,113/147,Common,AQ
Togepi,114/147,Common,AQ
Voltorbe,115/147,Common,AQ
Goupix,116/147,Common,AQ
Axoloto,117/147,Common,AQ
Forêt de noigrumes,118/147,Rare,AQ
Cube d'obscurité 01,119/147,Uncommon,AQ
Échange d'énergie,120/147,Uncommon,AQ
Cube de combat 01,121/147,Uncommon,AQ
Cube de feu 01,122/147,Uncommon,AQ
Gardien de la forêt,123/147,Uncommon,AQ
Cube de plante 01,124/147,Uncommon,AQ
Baie de soin,125/147,Uncommon,AQ
Jongleur,126/147,Uncommon,AQ
Cube électrik 01,127/147,Uncommon,AQ
Baie de mémoire,128/147,Uncommon,AQ
Cube de métal 01,129/147,Uncommon,AQ
Fan Club Pokémon,130/147,Uncommon,AQ
Parc Pokémon,131/147,Uncommon,AQ
Cube psy 01,132/147,Uncommon,AQ
Superviseur,133/147,Uncommon,AQ
Super suppression d'énergie 2,134/147,Uncommon,AQ
Écharde temporelle,135/147,Uncommon,AQ
Volontaires de la ville,136/147,Uncommon,AQ
Représentant de commerce,137/147,Uncommon,AQ
Ruines sous marines,138/147,Uncommon,AQ
Centrale d'énergie,139/147,Uncommon,AQ
Cube d'eau 01,140/147,Uncommon,AQ
Garde faiblesse,141/147,Uncommon,AQ
Énergie obscurité,142/147,Rare,AQ
Énergie Métal,143/147,Rare,AQ
Énergie multicolore,144/147,Rare,AQ
Énergie super,145/147,Uncommon,AQ
Énergie cristal,146/147,Uncommon,AQ
Énergie de distorsion,147/147,Uncommon,AQ
Hyporoi,148/147,Rare Secret,AQ
Lugia,149/147,Rare Secret,AQ
Nidoking,150/147,Rare Secret,AQ
Ampharos,H1/147,Rare Holo,AQ
Arcanine,H2/147,Rare Holo,AQ
Ariados,H3/147,Rare Holo,AQ
Azumarill,H4/147,Rare Holo,AQ
Bellossom,H5/147,Rare Holo,AQ
Blissey,H6/147,Rare Holo,AQ
Electrode,H7/147,Rare Holo,AQ
Entei,H8/147,Rare Holo,AQ
Espeon,H9/147,Rare Holo,AQ
Noadkoko,H10/147,Rare Holo,AQ
Démolosse,H11/147,Rare Holo,AQ
Hypnomade,H12/147,Rare Holo,AQ
Cotovol,H13/147,Rare Holo,AQ
Hyporoi,H14/147,Rare Holo,AQ
Lanturn,H15/147,Rare Holo,AQ
Magnéton,H16/147,Rare Holo,AQ
Grotadmorv,H17/147,Rare Holo,AQ
Nidoking,H18/147,Rare Holo,AQ
Feunard,H19/147,Rare Holo,AQ
Octillery,H20/147,Rare Holo,AQ
Cizayox,H21/147,Rare Holo,AQ
Roigada,H22/147,Rare Holo,AQ
Steelix,H23/147,Rare Holo,AQ
Simularbre,H24/147,Rare Holo,AQ
Suicune,H25/147,Rare Holo,AQ
Tentacruel,H26/147,Rare Holo,AQ
Togetic,H27/147,Rare Holo,AQ
Tyranocif,H28/147,Rare Holo,AQ
Noctali,H29/147,Rare Holo,AQ
Empiflor,H30/147,Rare Holo,AQ
Rafflesia,H31/147,Rare Holo,AQ
Electhor,H32/147,Rare Holo,AQ
Alakazam,1/165,Rare Holo,EX
Pharamp,2/165,Rare Holo,EX
Arbok,3/165,Rare Holo,EX
Tortank,4/165,Rare Holo,EX
Papilusion,5/165,Rare Holo,EX
Dracaufeu,6/165,Rare Holo,EX
Mélodelfe,7/165,Rare Holo,EX
Crustabri,8/165,Rare Holo,EX
Dracolosse,9/165,Rare Holo,EX
Triopikeur,10/165,Rare Holo,EX
Rapasdepic,11/165,Rare Holo,EX
Aligatueur,12/165,Rare Holo,EX
Ectoplasma,13/165,Rare Holo,EX
Grolem,14/165,Rare Holo,EX
Krabboss,15/165,Rare Holo,EX
Mackogneur,16/165,Rare Holo,EX
Magby,17/165,Rare Holo,EX
Méganium,18/165,Rare Holo,EX
Mew,19/165,Rare Holo,EX
Mewtwo,20/165,Rare Holo,EX
Feunard,21/165,Rare Holo,EX
Pichu,22/165,Rare Holo,EX
Roucarnage,23/165,Rare Holo,EX
Tartard,24/165,Rare Holo,EX
Raichu,25/165,Rare Holo,EX
Galopa,26/165,Rare Holo,EX
Airmure,27/165,Rare Holo,EX
Typhlosion,28/165,Rare Holo,EX
Tyranocif,29/165,Rare Holo,EX
Florizarre,30/165,Rare Holo,EX
Raflésia,31/165,Rare Holo,EX
Smogogo,32/165,Rare Holo,EX
Alakazam,33/165,Rare,EX
Pharamp,34/165,Rare,EX
Arbok,35/165,Rare,EX
Tortank,36/165,Rare,EX
Tortank,37/165,Rare,EX
Papilusion,38/165,Rare,EX
Dracaufeu,39/165,Rare,EX
Dracaufeu,40/165,Rare,EX
Mélodelfe,41/165,Rare,EX
Crustabri,42/165,Rare,EX
Dracolosse,43/165,Rare,EX
Triopikeur,44/165,Rare,EX
Rapasdepic,45/165,Rare,EX
Aligatueur,46/165,Rare,EX
Aligatueur,47/165,Rare,EX
Ectoplasma,48/165,Rare,EX
Grolem,49/165,Rare,EX
Krabboss,50/165,Rare,EX
Mackogneur,51/165,Rare,EX
Magby,52/165,Rare,EX
Méganium,53/165,Rare,EX
Méganium,54/165,Rare,EX
Mew,55/165,Rare,EX
Mewtwo,56/165,Rare,EX
Feunard,57/165,Rare,EX
Pichu,58/165,Rare,EX
Roucarnage,59/165,Rare,EX
Tartard,60/165,Rare,EX
Raichu,61/165,Rare,EX
Galopa,62/165,Rare,EX
Airmure,63/165,Rare,EX
Typhlosion,64/165,Rare,EX
Typhlosion,65/165,Rare,EX
Tyranocif,66/165,Rare,EX
Florizarre,67/165,Rare,EX
Florizarre,68/165,Rare,EX
Raflésia,69/165,Rare,EX
Smogogo,70/165,Rare,EX
Macronium,71/165,Uncommon,EX
Leveinard,72/165,Uncommon,EX
Reptincel,73/165,Uncommon,EX
Crocrodil,74/165,Uncommon,EX
Draco,75/165,Uncommon,EX
Élektek,76/165,Uncommon,EX
Lainergie,77/165,Uncommon,EX
Ortide,78/165,Uncommon,EX
Gravalanch,79/165,Uncommon,EX
Spectrum,80/165,Uncommon,EX
Kicklee,81/165,Uncommon,EX
Herbizarre,82/165,Uncommon,EX
Lippoutou,83/165,Uncommon,EX
Kadabra,84/165,Uncommon,EX
Machopeur,85/165,Uncommon,EX
Magmar,86/165,Uncommon,EX
Chrysacier,87/165,Uncommon,EX
Roucoups,88/165,Uncommon,EX
Têtarte,89/165,Uncommon,EX
Ymphect,90/165,Uncommon,EX
Feurisson,91/165,Uncommon,EX
Carabaffe,92/165,Uncommon,EX
Abra,93/165,Common,EX
Bulbizarre,94/165,Common,EX
Bulbizarre,95/165,Common,EX
Chenipan,96/165,Common,EX
Salamèche,97/165,Common,EX
Salamèche,98/165,Common,EX
Germignon,99/165,Common,EX
Germignon,100/165,Common,EX
Mélofée,101/165,Common,EX
Corayon,102/165,Common,EX
Osselait,103/165,Common,EX
Héricendre,104/165,Common,EX
Héricendre,105/165,Common,EX
Taupiqueur,106/165,Common,EX
Minidraco,107/165,Common,EX
Abo,108/165,Common,EX
Fantominus,109/165,Common,EX
Racaillou,110/165,Common,EX
Poissirène,111/165,Common,EX
Granivol,112/165,Common,EX
Malosse,113/165,Common,EX
Smogo,114/165,Common,EX
Krabby,115/165,Common,EX
Embrylex,116/165,Common,EX
Machoc,117/165,Common,EX
Magicarpe,118/165,Common,EX
Wattouat,119/165,Common,EX
Marill,120/165,Common,EX
Miaouss,121/165,Common,EX
Mystherbe,122/165,Common,EX
Roucool,123/165,Common,EX
Pikachu,124/165,Common,EX
Ptitard,125/165,Common,EX
Ponyta,126/165,Common,EX
Qwilfish,127/165,Common,EX
Rattata,128/165,Common,EX
Kokiyas,129/165,Common,EX
Piafabec,130/165,Common,EX
Carapuce,131/165,Common,EX
Carapuce,132/165,Common,EX
Tauros,133/165,Common,EX
Kaiminus,134/165,Common,EX
Kaiminus,135/165,Common,EX
Goupix,136/165,Common,EX
Entretien de Léo,137/165,Uncommon,EX
Copieuse,138/165,Uncommon,EX
Double balle,139/165,Uncommon,EX
Suppression d'énergie 2,140/165,Uncommon,EX
Restauration d'énergie,141/165,Uncommon,EX
Impulsion de Lula,142/165,Uncommon,EX
Master ball,143/165,Uncommon,EX
Machine multi-technique 01,144/165,Uncommon,EX
Infirmière Pokémon,145/165,Uncommon,EX
Inversion de Pokémon,146/165,Uncommon,EX
Charge d'intensité,147/165,Uncommon,EX
Méthode d'entraînement du professeur Orme,148/165,Uncommon,EX
Recherches du professeur Chen,149/165,Uncommon,EX
Fétiche de force,150/165,Uncommon,EX
Super rappel,151/165,Uncommon,EX
Point de distorsion,152/165,Uncommon,EX
Recherche d'énergie,153/165,Common,EX
Guérison totale,154/165,Common,EX
Lait Meumeu,155/165,Common,EX
Potion,156/165,Common,EX
Transfert,157/165,Common,EX
Énergie obscurité,158/165,Rare,EX
Énergie Métal,159/165,Rare,EX
Énergie Combat,160/165,,EX
Énergie Feu,161/165,,EX
Énergie Plante,162/165,,EX
Énergie Électrique,163/165,,EX
Énergie Psy,164/165,,EX
Énergie Eau,165/165,,EX
Aerodactyl,1/144,Rare,SK
Alakazam,2/144,Rare,SK
Arcanine,3/144,Rare,SK
Articuno,4/144,Rare,SK
Beedrill,5/144,Rare,SK
Crobat,6/144,Rare,SK
Dewgong,7/144,Rare,SK
Flareon,8/144,Rare,SK
Forretress,9/144,Rare,SK
Gengar,10/144,Rare,SK
Gyarados,11/144,Rare,SK
Houndoom,12/144,Rare,SK
Jolteon,13/144,Rare,SK
Kabutops,14/144,Rare,SK
Ledian,15/144,Rare,SK
Machamp,16/144,Rare,SK
Magcargo,17/144,Rare,SK
Magcargo,18/144,Rare,SK
Magneton,19/144,Rare,SK
Magneton,20/144,Rare,SK
Moltres,21/144,Rare,SK
Nidoqueen,22/144,Rare,SK
Omastar,23/144,Rare,SK
Piloswine,24/144,Rare,SK
Politoed,25/144,Rare,SK
Poliwrath,26/144,Rare,SK
Raichu,27/144,Rare,SK
Raikou,28/144,Rare,SK
Rhydon,29/144,Rare,SK
Starmie,30/144,Rare,SK
Steelix,31/144,Rare,SK
Umbreon,32/144,Rare,SK
Vaporeon,33/144,Rare,SK
Wigglytuff,34/144,Rare,SK
Xatu,35/144,Rare,SK
Electrode,36/144,Uncommon,SK
Kabuto,37/144,Uncommon,SK
Machoke,38/144,Uncommon,SK
Misdreavus,39/144,Uncommon,SK
Noctowl,40/144,Uncommon,SK
Omanyte,41/144,Uncommon,SK
Persian,42/144,Uncommon,SK
Piloswine,43/144,Uncommon,SK
Starmie,44/144,Uncommon,SK
Wobbuffet,45/144,Uncommon,SK
Abra,46/144,Common,SK
Buried Fossil,47/144,Common,SK
Cleffa,48/144,Common,SK
Delibird,49/144,Common,SK
Diglett,50/144,Common,SK
Ditto,51/144,Common,SK
Dugtrio,52/144,Common,SK
Dunsparce,53/144,Common,SK
Eevee,54/144,Common,SK
Farfetch'd,55/144,Common,SK
Forretress,56/144,Common,SK
Gastly,57/144,Common,SK
Girafarig,58/144,Common,SK
Gligar,59/144,Common,SK
Golbat,60/144,Common,SK
Granbull,61/144,Common,SK
Growlithe,62/144,Common,SK
Haunter,63/144,Common,SK
Heracross,64/144,Common,SK
Hoothoot,65/144,Common,SK
Houndour,66/144,Common,SK
Igglybuff,67/144,Common,SK
Jigglypuff,68/144,Common,SK
Kadabra,69/144,Common,SK
Kakuna,70/144,Common,SK
Lapras,71/144,Common,SK
Ledyba,72/144,Common,SK
Ledyba,73/144,Common,SK
Machop,74/144,Common,SK
Magikarp,75/144,Common,SK
Magnemite,76/144,Common,SK
Mantine,77/144,Common,SK
Meowth,78/144,Common,SK
Murkrow,79/144,Common,SK
Natu,80/144,Common,SK
Nidoran ♀,81/144,Common,SK
Nidoran ♀,82/144,Common,SK
Nidorina,83/144,Common,SK
Pikachu,84/144,Common,SK
Pineco,85/144,Common,SK
Pineco,86/144,Common,SK
Poliwag,87/144,Common,SK
Poliwhirl,88/144,Common,SK
Raticate,89/144,Common,SK
Rattata,90/144,Common,SK
Rhyhorn,91/144,Common,SK
Sandshrew,92/144,Common,SK
Sandslash,93/144,Common,SK
Seel,94/144,Common,SK
Seel,95/144,Common,SK
Shuckle,96/144,Common,SK
Skarmory,97/144,Common,SK
Slugma,98/144,Common,SK
Slugma,99/144,Common,SK
Snorlax,100/144,Common,SK
Snubbull,101/144,Common,SK
Stantler,102/144,Common,SK
Staryu,103/144,Common,SK
Staryu,104/144,Common,SK
Sunflora,105/144,Common,SK
Sunkern,106/144,Common,SK
Swinub,107/144,Common,SK
Swinub,108/144,Common,SK
Teddiursa,109/144,Common,SK
Ursaring,110/144,Common,SK
Venomoth,111/144,Common,SK
Venonat,112/144,Common,SK
Voltorb,113/144,Common,SK
Weedle,114/144,Common,SK
Weedle,115/144,Common,SK
Yanma,116/144,Common,SK
Zubat,117/144,Common,SK
Zubat,118/144,Common,SK
Ancient Ruins,119/144,Uncommon,SK
Relic Hunter,120/144,Uncommon,SK
Apricorn Maker,121/144,Uncommon,SK
Crystal Shard,122/144,Uncommon,SK
Desert Shaman,123/144,Uncommon,SK
Fast Ball,124/144,Uncommon,SK
Fisherman,125/144,Uncommon,SK
Friend Ball,126/144,Uncommon,SK
Hyper Potion,127/144,Uncommon,SK
Lure Ball,128/144,Uncommon,SK
Miracle Sphere α,129/144,Uncommon,SK
Miracle Sphere β,130/144,Uncommon,SK
Miracle Sphere γ,131/144,Uncommon,SK
Mirage Stadium,132/144,Uncommon,SK
Mystery Plate α,133/144,Uncommon,SK
Mystery Plate β,134/144,Uncommon,SK
Mystery Plate γ,135/144,Uncommon,SK
Mystery Plate δ,136/144,Uncommon,SK
Mystery Zone,137/144,Uncommon,SK
Oracle,138/144,Uncommon,SK
Star Piece,139/144,Uncommon,SK
Underground Expedition,140/144,Uncommon,SK
Underground Lake,141/144,Uncommon,SK
Bounce Energy,142/144,Uncommon,SK
Cyclone Energy,143/144,Uncommon,SK
Retro Energy,144/144,Uncommon,SK
Celebi,145/144,Rare Secret,SK
Charizard,146/144,Rare Secret,SK
Crobat,147/144,Rare Secret,SK
Golem,148/144,Rare Secret,SK
Ho-oh,149/144,Rare Secret,SK
Kabutops,150/144,Rare Secret,SK
Alakazam,H1/144,Rare Holo,SK
Arcanine,H2/144,Rare Holo,SK
Articuno,H3/144,Rare Holo,SK
Beedrill,H4/144,Rare Holo,SK
Crobat,H5/144,Rare Holo,SK
Dewgong,H6/144,Rare Holo,SK
Flareon,H7/144,Rare Holo,SK
Forretress,H8/144,Rare Holo,SK
Gengar,H9/144,Rare Holo,SK
Gyarados,H10/144,Rare Holo,SK
Houndoom,H11/144,Rare Holo,SK
Jolteon,H12/144,Rare Holo,SK
Kabutops,H13/144,Rare Holo,SK
Ledian,H14/144,Rare Holo,SK
Machamp,H15/144,Rare Holo,SK
Magcargo,H16/144,Rare Holo,SK
Magcargo,H17/144,Rare Holo,SK
Magneton,H18/144,Rare Holo,SK
Magneton,H19/144,Rare Holo,SK
Moltres,H20/144,Rare Holo,SK
Nidoqueen,H21/144,Rare Holo,SK
Piloswine,H22/144,Rare Holo,SK
Politoed,H23/144,Rare Holo,SK
Poliwrath,H24/144,Rare Holo,SK
Raichu,H25/144,Rare Holo,SK
Raikou,H26/144,Rare Holo,SK
Rhydon,H27/144,Rare Holo,SK
Starmie,H28/144,Rare Holo,SK
Steelix,H29/144,Rare Holo,SK
Umbreon,H30/144,Rare Holo,SK
Vaporeon,H31/144,Rare Holo,SK
Xatu,H32/144,Rare Holo,SK
Branette,1/100,Rare Holo,CG
Tortank δ,2/100,Rare Holo,CG
Camérupt,3/100,Rare Holo,CG
Dracaufeu δ,4/100,Rare Holo,CG
Triopikeur,5/100,Rare Holo,CG
Ludicolo δ,6/100,Rare Holo,CG
Lovdisc,7/100,Rare Holo,CG
Élecsprint,8/100,Rare Holo,CG
Mysdibule,9/100,Rare Holo,CG
Ténéfix,10/100,Rare Holo,CG
Avaltout,11/100,Rare Holo,CG
Tauros,12/100,Rare Holo,CG
Grodoudou,13/100,Rare Holo,CG
Tortank,14/100,Rare,CG
Cacturne δ,15/100,Rare,CG
Galifeu,16/100,Rare,CG
Téraclope,17/100,Rare,CG
Rapasdepic δ,18/100,Rare,CG
Massko δ,19/100,Rare,CG
Groret,20/100,Rare,CG
Toudoudou,21/100,Rare,CG
Krabboss δ,22/100,Rare,CG
Ramboum,23/100,Rare,CG
Flobio,24/100,Rare,CG
Charmina,25/100,Rare,CG
Bekipan δ,26/100,Rare,CG
Laggron,27/100,Rare,CG
Florizarre,28/100,Rare,CG
Reptincel,29/100,Uncommon,CG
Reptincel δ,30/100,Uncommon,CG
Galifeu,31/100,Uncommon,CG
Massko,32/100,Uncommon,CG
Gloupti,33/100,Uncommon,CG
Herbizarre,34/100,Uncommon,CG
Herbizarre,35/100,Uncommon,CG
Galegon,36/100,Uncommon,CG
Lombre,37/100,Uncommon,CG
Flobio,38/100,Uncommon,CG
Pifeuil,39/100,Uncommon,CG
Polichombr,40/100,Uncommon,CG
Skitty,41/100,Uncommon,CG
Carabaffe,42/100,Uncommon,CG
Carabaffe,43/100,Uncommon,CG
Galekid,44/100,Common,CG
Bulbizarre,45/100,Common,CG
Bulbizarre,46/100,Common,CG
Cacnea,47/100,Common,CG
Salamèche,48/100,Common,CG
Salamèche δ,49/100,Common,CG
Taupiqueur,50/100,Common,CG
Skelénox,51/100,Common,CG
Dynavolt,52/100,Common,CG
Rondoudou,53/100,Common,CG
Krabby,54/100,Common,CG
Nénupiot,55/100,Common,CG
Méditikka,56/100,Common,CG
Gobou,57/100,Common,CG
Gobou,58/100,Common,CG
Chamallot,59/100,Common,CG
Grainipiot,60/100,Common,CG
Piafabec,61/100,Common,CG
Spoink,62/100,Common,CG
Carapuce,63/100,Common,CG
Carapuce,64/100,Common,CG
Poussifeu,65/100,Common,CG
Poussifeu,66/100,Common,CG
Arcko,67/100,Common,CG
Arcko δ,68/100,Common,CG
Chuchmur,69/100,Common,CG
Goélise,70/100,Common,CG
Entretien de Leo,71/100,Uncommon,CG
Naufragé,72/100,Uncommon,CG
Le réseau de Cileo,73/100,Uncommon,CG
Arrêt de cristal,74/100,Uncommon,CG
Plage de cristal,75/100,Uncommon,CG
Écharde de cristal,76/100,Uncommon,CG
Double guérison totale,77/100,Uncommon,CG
Double boule,78/100,Uncommon,CG
Cercle Holon,79/100,Uncommon,CG
Baie de mémoire,80/100,Uncommon,CG
Écharde mystérieuse,81/100,Uncommon,CG
Poké Balle,82/100,Uncommon,CG
PokéNav,83/100,Uncommon,CG
Point d'échange,84/100,Uncommon,CG
Tempête,85/100,Uncommon,CG
Recherche d'énergie,86/100,Common,CG
Potion,87/100,Common,CG
Double Énergie Multicolore,88/100,Rare,CG
Galeking ex,89/100,Rare Holo EX,CG
Brasegali ex,90/100,Rare Holo EX,CG
Delcatty ex,91/100,Rare Holo EX,CG
Brouhabam ex,92/100,Rare Holo EX,CG
Groudon ex,93/100,Rare Holo EX,CG
Jirachi ex,94/100,Rare Holo EX,CG
Kyogre ex,95/100,Rare Holo EX,CG
Jungko ex δ,96/100,Rare Holo EX,CG
Tengalice ex,97/100,Rare Holo EX,CG
Laggron ex,98/100,Rare Holo EX,CG
Alakazam ☆,99/100,Rare Holo Star,CG
Celebi ☆,100/100,Rare Holo Star,CG
Dardargnan δ,1/113,Rare Holo,DS
Nostenfer δ,2/113,Rare Holo,DS
Dracolosse δ,3/113,Rare Holo,DS
Mentali δ,4/113,Rare Holo,DS
Pyroli δ,5/113,Rare Holo,DS
Gardevoir δ,6/113,Rare Holo,DS
Voltali δ,7/113,Rare Holo,DS
Latias δ,8/113,Rare Holo,DS
Latios δ,9/113,Rare Holo,DS
Ossatueur δ,10/113,Rare Holo,DS
Metalosse δ,11/113,Rare Holo,DS
Mewtwo δ,12/113,Rare Holo,DS
Rayquaza δ,13/113,Rare Holo,DS
Drattak δ,14/113,Rare Holo,DS
Staross δ,15/113,Rare Holo,DS
Tyranocif δ,16/113,Rare Holo,DS
Noctali δ,17/113,Rare Holo,DS
Aquali δ,18/113,Rare Holo,DS
Azumarill δ,19/113,Rare,DS
Azurill,20/113,Rare,DS
Electrode d'Holon,21/113,Rare,DS
Magneton d'Holon,22/113,Rare,DS
Hypnomade,23/113,Rare,DS
Grahyena δ,24/113,Rare,DS
Porygon2,25/113,Rare,DS
Morpheo Pluie,26/113,Rare,DS
Sablaireau δ,27/113,Rare,DS
Roigada,28/113,Rare,DS
Morpheo Neige,29/113,Rare,DS
Staross δ,30/113,Rare,DS
Morpheo Soleil,31/113,Rare,DS
Hélédelle,32/113,Rare,DS
Smogogo,33/113,Rare,DS
Morphéo,34/113,Uncommon,DS
Métamorph,35/113,Uncommon,DS
Métamorph,36/113,Uncommon,DS
Métamorph,37/113,Uncommon,DS
Métamorph,38/113,Uncommon,DS
Métamorph,39/113,Uncommon,DS
Métamorph,40/113,Uncommon,DS
Draco δ,41/113,Uncommon,DS
Draco δ,42/113,Uncommon,DS
Nosferalto,43/113,Uncommon,DS
Hariyama,44/113,Uncommon,DS
Lumivole,45/113,Uncommon,DS
Coconfort,46/113,Uncommon,DS
Kirlia,47/113,Uncommon,DS
Magnéton,48/113,Uncommon,DS
Metang δ,49/113,Uncommon,DS
Persian,50/113,Uncommon,DS
Ymphect δ,51/113,Uncommon,DS
Galopa,52/113,Uncommon,DS
Drackhaus δ,53/113,Uncommon,DS
Drackhaus δ,54/113,Uncommon,DS
Airmure,55/113,Uncommon,DS
Muciole,56/113,Uncommon,DS
Draby δ,57/113,Common,DS
Draby δ,58/113,Common,DS
Terhal δ,59/113,Common,DS
Osselait,60/113,Common,DS
Métamorph,61/113,Common,DS
Métamorph,62/113,Common,DS
Métamorph,63/113,Common,DS
Métamorph,64/113,Common,DS
Minidraco δ,65/113,Common,DS
Minidraco δ,66/113,Common,DS
Soporifik,67/113,Common,DS
Evoli δ,68/113,Common,DS
Evoli,69/113,Common,DS
Magneti d'Holon,70/113,Common,DS
Voltorbe d'Holon,71/113,Common,DS
Smogo,72/113,Common,DS
Embrylex δ,73/113,Common,DS
Magnéti,74/113,Common,DS
Makuhita,75/113,Common,DS
Marill,76/113,Common,DS
Miaouss,77/113,Common,DS
Ponyta,78/113,Common,DS
Medhyena,79/113,Common,DS
Porygon,80/113,Common,DS
Tarsal,81/113,Common,DS
Sabelette,82/113,Common,DS
Ramoloss,83/113,Common,DS
Stari,84/113,Common,DS
Stari,85/113,Common,DS
Nirondelle,86/113,Common,DS
Aspicot,87/113,Common,DS
Nosferapti,88/113,Common,DS
Double boule,89/113,Uncommon,DS
Super Ball,90/113,Uncommon,DS
Fermier Holon,91/113,Uncommon,DS
Jeune fille Holon,92/113,Uncommon,DS
Mentor Holon,93/113,Uncommon,DS
Tour de recherche Holon,94/113,Uncommon,DS
Chercheur Holon,95/113,Uncommon,DS
Ruines Holon,96/113,Uncommon,DS
Scientifique Holon,97/113,Uncommon,DS
Émetteur-récepteur Holon,98/113,Uncommon,DS
Master Ball,99/113,Uncommon,DS
Super rappel,100/113,Uncommon,DS
Potion,101/113,Common,DS
Échange,102/113,Common,DS
Énergie Obscurité,103/113,Rare,DS
Énergie Holon FF,104/113,Rare,DS
Énergie Holon GL,105/113,Rare,DS
Énergie Holon WP,106/113,Rare,DS
Énergie Métal,107/113,Rare,DS
Pyroli ex,108/113,Rare Holo EX,DS
Voltali ex,109/113,Rare Holo EX,DS
Aquali ex,110/113,Rare Holo EX,DS
Groudon ☆,111/113,Rare Holo Star,DS
Kyogre ☆,112/113,Rare Holo Star,DS
Metalosse ☆,113/113,Rare Holo Star,DS
Azumarill,114/113,Rare Secret,DS
Altaria,1/107,Rare Holo,DX
Charmillon,2/107,Rare Holo,DX
Chapignon,3/107,Rare Holo,DX
Camérupt,4/107,Rare Holo,DX
Kaorine,5/107,Rare Holo,DX
Colhomard,6/107,Rare Holo,DX
Téraclope,7/107,Rare Holo,DX
Léviator,8/107,Rare Holo,DX
Jirachi,9/107,Rare Holo,DX
Ludicolo,10/107,Rare Holo,DX
Métalosse,11/107,Rare Holo,DX
Grahyèna,12/107,Rare Holo,DX
Ninjask,13/107,Rare Holo,DX
Munja,14/107,Rare Holo,DX
Monaflèmit,15/107,Rare Holo,DX
Deoxys,16/107,Rare,DX
Deoxys,17/107,Rare,DX
Deoxys,18/107,Rare,DX
Ludicolo,19/107,Rare,DX
Volcaropod,20/107,Rare,DX
Bekipan,21/107,Rare,DX
Rayquaza,22/107,Rare,DX
Ténéfix,23/107,Rare,DX
Poissoroy,24/107,Rare,DX
Tengalice,25/107,Rare,DX
Airmure,26/107,Rare,DX
Tropius,27/107,Rare,DX
Barbicha,28/107,Rare,DX
Xatu,29/107,Rare,DX
Donphan,30/107,Uncommon,DX
Nosferalto,31/107,Uncommon,DX
Groret,32/107,Uncommon,DX
Lombre,33/107,Uncommon,DX
Lombre,34/107,Uncommon,DX
Nénupiot,35/107,Uncommon,DX
Séléroc,36/107,Uncommon,DX
Volcaropod,37/107,Uncommon,DX
Élecsprint,38/107,Uncommon,DX
Maskadra,39/107,Uncommon,DX
Métang,40/107,Uncommon,DX
Négapi,41/107,Uncommon,DX
Tarinor,42/107,Uncommon,DX
Pifeuil,43/107,Uncommon,DX
Posipi,44/107,Uncommon,DX
Drackhaus,45/107,Uncommon,DX
Armulys,46/107,Uncommon,DX
Solaroc,47/107,Uncommon,DX
Statoss,48/107,Uncommon,DX
Hélédelle,49/107,Uncommon,DX
Vigoroth,50/107,Uncommon,DX
Smogogo,51/107,Uncommon,DX
Draby,52/107,Common,DX
Balbuto,53/107,Common,DX
Barloche,54/107,Common,DX
Terhal,55/107,Common,DX
Carvanha,56/107,Common,DX
Écrapince,57/107,Common,DX
Skelénox,58/107,Common,DX
Dynavolt,59/107,Common,DX
Dynavolt,60/107,Common,DX
Poissirène,61/107,Common,DX
Smogo,62/107,Common,DX
Nénupiot,63/107,Common,DX
Magicarpe,64/107,Common,DX
Makuhita,65/107,Common,DX
Natu,66/107,Common,DX
Ningale,67/107,Common,DX
Chamallot,68/107,Common,DX
Phanpy,69/107,Common,DX
Medhyena,70/107,Common,DX
Grainipiot,71/107,Common,DX
Balignon,72/107,Common,DX
Parecool,73/107,Common,DX
Limagma,74/107,Common,DX
Limagma,75/107,Common,DX
Spoink,76/107,Common,DX
Stari,77/107,Common,DX
Arakdo,78/107,Common,DX
Tylton,79/107,Common,DX
Nirondelle,80/107,Common,DX
Goélise,81/107,Common,DX
Chenipotte,82/107,Common,DX
Nosferapti,83/107,Common,DX
Baie Ballon,84/107,Uncommon,DX
Écharde de cristal,85/107,Uncommon,DX
Recharge de puissance,86/107,Uncommon,DX
Mademoiselle Sortie,87/107,Uncommon,DX
Master Ball,88/107,Uncommon,DX
Site météore,89/107,Uncommon,DX
La découverte du Professeur Kosmo,90/107,Uncommon,DX
Centre spatial,91/107,Uncommon,DX
Fétiche de force,92/107,Uncommon,DX
Énergie super,93/107,Uncommon,DX
Énergie guérisseuse,94/107,Uncommon,DX
Énergie codée,95/107,Uncommon,DX
Nostenfer ex,96/107,Rare Holo EX,DX
Deoxys ex,97/107,Rare Holo EX,DX
Deoxys ex,98/107,Rare Holo EX,DX
Deoxys ex,99/107,Rare Holo EX,DX
Hariyama ex,100/107,Rare Holo EX,DX
Elecsprint ex,101/107,Rare Holo EX,DX
Rayquaza ex,102/107,Rare Holo EX,DX
Drattak ex,103/107,Rare Holo EX,DX
Sharpedo ex,104/107,Rare Holo EX,DX
Latias ☆,105/107,Rare Holo Star,DX
Latios ☆,106/107,Rare Holo Star,DX
Rayquaza ☆,107/107,Rare Holo Star,DX
Raikou ex de Rocket,108/107,Rare Secret,DX
Pharamp δ,1/101,Rare Holo,DF
Aligatueur δ,2/101,Rare Holo,DF
Scarhino δ,3/101,Rare Holo,DF
Meganium δ,4/101,Rare Holo,DF
Milobellus δ,5/101,Rare Holo,DF
Nidoking δ,6/101,Rare Holo,DF
Nidoqueen δ,7/101,Rare Holo,DF
Feunard δ,8/101,Rare Holo,DF
Scarabrute δ,9/101,Rare Holo,DF
Ronflex δ,10/101,Rare Holo,DF
Togetic δ,11/101,Rare Holo,DF
Typhlosion δ,12/101,Rare Holo,DF
Arbok δ,13/101,Rare,DF
Crustabri δ,14/101,Rare,DF
Lamantine δ,15/101,Rare,DF
Scorplane δ,16/101,Rare,DF
Lippoutou δ,17/101,Rare,DF
Coxyclaque δ,18/101,Rare,DF
Excelangue δ,19/101,Rare,DF
Demanta δ,20/101,Rare,DF
Maraiste δ,21/101,Rare,DF
Hypocéan δ,22/101,Rare,DF
Tropius δ,23/101,Rare,DF
Vibraninf δ,24/101,Rare,DF
Xatu δ,25/101,Rare,DF
Macronium δ,26/101,Uncommon,DF
Crocrodil δ,27/101,Uncommon,DF
Draco δ,28/101,Uncommon,DF
Elektek δ,29/101,Uncommon,DF
Lainergie δ,30/101,Uncommon,DF
Hypotrempe δ,31/101,Uncommon,DF
Kirlia,32/101,Uncommon,DF
Kirlia δ,33/101,Uncommon,DF
Nidorina δ,34/101,Uncommon,DF
Nidorino δ,35/101,Uncommon,DF
Feurisson δ,36/101,Uncommon,DF
Hypocéan δ,37/101,Uncommon,DF
Drackhaus δ,38/101,Uncommon,DF
Queulorior δ,39/101,Uncommon,DF
Heledelle δ,40/101,Uncommon,DF
Togepi δ,41/101,Uncommon,DF
Vibraninf δ,42/101,Uncommon,DF
Draby δ,43/101,Common,DF
Germignon δ,44/101,Common,DF
Héricendre δ,45/101,Common,DF
Minidraco δ,46/101,Common,DF
Abo δ,47/101,Common,DF
Elekid δ,48/101,Common,DF
Barpau δ,49/101,Common,DF
Hypotrempe δ,50/101,Common,DF
Embrylex,51/101,Common,DF
Embrylex δ,52/101,Common,DF
Coxy δ,53/101,Common,DF
Wattouat δ,54/101,Common,DF
Natu δ,55/101,Common,DF
Nidoran ♀ δ,56/101,Common,DF
Nidoran ♂ δ,57/101,Common,DF
Ymphect,58/101,Common,DF
Ymphect δ,59/101,Common,DF
Tarsal,60/101,Common,DF
Tarsal δ,61/101,Common,DF
Otaria δ,62/101,Common,DF
Kokiyas δ,63/101,Common,DF
Lippouti δ,64/101,Common,DF
Tylton δ,65/101,Common,DF
Nirondelle δ,66/101,Common,DF
Kaiminus δ,67/101,Common,DF
Kraknoix δ,68/101,Common,DF
Kraknoix δ,69/101,Common,DF
Goupix δ,70/101,Common,DF
Axoloto δ,71/101,Common,DF
Pare-chocs,72/101,Uncommon,DF
Copieuse,73/101,Uncommon,DF
Héritage Holon,74/101,Uncommon,DF
Mentor Holon,75/101,Uncommon,DF
L'ermite de l'île,76/101,Uncommon,DF
Le projet de M. Rochard,77/101,Uncommon,DF
Canne,78/101,Uncommon,DF
Méthode d'entraînement du Prof. Orme,79/101,Uncommon,DF
La recherche du Prof. Chen,80/101,Uncommon,DF
Fétiche de force,81/101,Uncommon,DF
Journaliste télé,82/101,Uncommon,DF
Échange,83/101,Common,DF
Énergie Holon FF,84/101,Rare,DF
Énergie Holon GL,85/101,Rare,DF
Énergie Holon WP,86/101,Rare,DF
Énergie Super,87/101,Uncommon,DF
Énergie Multicolore δ,88/101,Uncommon,DF
Énergie codée,89/101,Uncommon,DF
Altaria ex δ,90/101,Rare Holo EX,DF
Dracolosse ex δ,91/101,Rare Holo EX,DF
Libegon ex δ,92/101,Rare Holo EX,DF
Gardevoir ex δ,93/101,Rare Holo EX,DF
Hyporoi ex δ,94/101,Rare Holo EX,DF
Latias ex δ,95/101,Rare Holo EX,DF
Latios ex δ,96/101,Rare Holo EX,DF
Rayquaza ex δ,97/101,Rare Holo EX,DF
Drattak ex δ,98/101,Rare Holo EX,DF
Tyranocif ex δ,99/101,Rare Holo EX,DF
Dracaufeu ☆ δ,100/101,Rare Holo Star,DF
Mew ☆ δ,101/101,Rare Holo Star,DF
Absol,1/97,Rare Holo,DR
Altaria,2/97,Rare Holo,DR
Colhomard,3/97,Rare Holo,DR
Libegon,4/97,Rare Holo,DR
Grolem,5/97,Rare Holo,DR
Groret,6/97,Rare Holo,DR
Négapi,7/97,Rare Holo,DR
Posipi,8/97,Rare Holo,DR
Rosélia,9/97,Rare Holo,DR
Drattak,10/97,Rare Holo,DR
Munja,11/97,Rare Holo,DR
Chartor,12/97,Rare Holo,DR
Colhomard,13/97,Rare,DR
Draco,14/97,Rare,DR
Libegon,15/97,Rare,DR
Girafarig,16/97,Rare,DR
Magnéton,17/97,Rare,DR
Ninjask,18/97,Rare,DR
Drattak,19/97,Rare,DR
Drackhaus,20/97,Rare,DR
Airmure,21/97,Rare,DR
Vibraninf,22/97,Rare,DR
Draby,23/97,Uncommon,DR
Camérupt,24/97,Uncommon,DR
Galifeu,25/97,Uncommon,DR
Minidraco,26/97,Uncommon,DR
Lainergie,27/97,Uncommon,DR
Foretress,28/97,Uncommon,DR
Gravalanch,29/97,Uncommon,DR
Gravalanch,30/97,Uncommon,DR
Massko,31/97,Uncommon,DR
Léviator,32/97,Uncommon,DR
Hypotrempe,33/97,Uncommon,DR
Démolosse,34/97,Uncommon,DR
Magnéton,35/97,Uncommon,DR
Flobio,36/97,Uncommon,DR
Méditikka,37/97,Uncommon,DR
Ninjask,38/97,Uncommon,DR
Hypocéan,39/97,Uncommon,DR
Hypocéan,40/97,Uncommon,DR
Drackhaus,41/97,Uncommon,DR
Drackhaus,42/97,Uncommon,DR
Polichombr,43/97,Uncommon,DR
Stalgamin,44/97,Uncommon,DR
Hélédelle,45/97,Uncommon,DR
Vibraninf,46/97,Uncommon,DR
Vibraninf,47/97,Uncommon,DR
Barbicha,48/97,Uncommon,DR
Draby,49/97,Common,DR
Draby,50/97,Common,DR
Barloche,51/97,Common,DR
Écrapince,52/97,Common,DR
Écrapince,53/97,Common,DR
Écrapince,54/97,Common,DR
Racaillou,55/97,Common,DR
Racaillou,56/97,Common,DR
Tadmorv,57/97,Common,DR
Hypotrempe,58/97,Common,DR
Malosse,59/97,Common,DR
Magicarpe,60/97,Common,DR
Magnéti,61/97,Common,DR
Magnéti,62/97,Common,DR
Magnéti,63/97,Common,DR
Wattouat,64/97,Common,DR
Gobou,65/97,Common,DR
Ningale,66/97,Common,DR
Ningale,67/97,Common,DR
Ningale,68/97,Common,DR
Chamallot,69/97,Common,DR
Chamallot,70/97,Common,DR
Pomdepic,71/97,Common,DR
Limagma,72/97,Common,DR
Spoink,73/97,Common,DR
Spoink,74/97,Common,DR
Tylton,75/97,Common,DR
Nirondelle,76/97,Common,DR
Poussifeu,77/97,Common,DR
Kraknoix,78/97,Common,DR
Kraknoix,79/97,Common,DR
Arcko,80/97,Common,DR
Chenipotte,81/97,Common,DR
Baie Ballon,82/97,Uncommon,DR
Pare-chocs,83/97,Uncommon,DR
Recyclage d'énergie,84/97,Uncommon,DR
Système à haute pression,85/97,Uncommon,DR
Système à basse pression,86/97,Uncommon,DR
La compassion de M. Briney,87/97,Uncommon,DR
Journaliste télé,88/97,Uncommon,DR
Pharamp ex,89/97,Rare Holo EX,DR
Dracolosse ex,90/97,Rare Holo EX,DR
Grolem ex,91/97,Rare Holo EX,DR
Hyporoi ex,92/97,Rare Holo EX,DR
Latias ex,93/97,Rare Holo EX,DR
Latios ex,94/97,Rare Holo EX,DR
Volcaropod ex,95/97,Rare Holo EX,DR
Grotadmorv ex,96/97,Rare Holo EX,DR
Rayquaza ex,97/97,Rare Holo EX,DR
Salamèche,98/97,Rare Secret,DR
Reptincel,99/97,Rare Secret,DR
Dracaufeu,100/97,Rare Secret,DR
Braségali,1/106,Rare Holo,EM
Deoxys,2/106,Rare Holo,EM
Brouhabam,3/106,Rare Holo,EM
Gardevoir,4/106,Rare Holo,EM
Groudon,5/106,Rare Holo,EM
Kyogre,6/106,Rare Holo,EM
Élecsprint,7/106,Rare Holo,EM
Milobellus,8/106,Rare Holo,EM
Rayquaza,9/106,Rare Holo,EM
Jungko,10/106,Rare Holo,EM
Laggron,11/106,Rare Holo,EM
Éoko,12/106,Rare,EM
Oniglali,13/106,Rare,EM
Groudon,14/106,Rare,EM
Kyogre,15/106,Rare,EM
Élecsprint,16/106,Rare,EM
Tarinor,17/106,Rare,EM
Relicanth,18/106,Rare,EM
Rhinoféros,19/106,Rare,EM
Séviper,20/106,Rare,EM
Mangriff,21/106,Rare,EM
Chapignon,22/106,Uncommon,EM
Camérupt,23/106,Uncommon,EM
Kaorine,24/106,Uncommon,EM
Galifeu,25/106,Uncommon,EM
Dodrio,26/106,Uncommon,EM
Électrode,27/106,Uncommon,EM
Massko,28/106,Uncommon,EM
Groret,29/106,Uncommon,EM
Groret,30/106,Uncommon,EM
Hariyama,31/106,Uncommon,EM
Lumivole,32/106,Uncommon,EM
Kirlia,33/106,Uncommon,EM
Linéon,34/106,Uncommon,EM
Ramboum,35/106,Uncommon,EM
Flobio,36/106,Uncommon,EM
Négapi,37/106,Uncommon,EM
Feunard,38/106,Uncommon,EM
Posipi,39/106,Uncommon,EM
Avaltout,40/106,Uncommon,EM
Hélédelle,41/106,Uncommon,EM
Muciole,42/106,Uncommon,EM
Balbuto,43/106,Common,EM
Cacnea,44/106,Common,EM
Doduo,45/106,Common,EM
Skelénox,46/106,Common,EM
Dynavolt,47/106,Common,EM
Dynavolt,48/106,Common,EM
Barpau,49/106,Common,EM
Barpau,50/106,Common,EM
Gloupti,51/106,Common,EM
Embrylex,52/106,Common,EM
Lovdisc,53/106,Common,EM
Makuhita,54/106,Common,EM
Méditikka,55/106,Common,EM
Gobou,56/106,Common,EM
Chamallot,57/106,Common,EM
Chamallot,58/106,Common,EM
Pichu,59/106,Common,EM
Pikachu,60/106,Common,EM
Tarsal,61/106,Common,EM
Rhinocorne,62/106,Common,EM
Balignon,63/106,Common,EM
Stalgamin,64/106,Common,EM
Spoink,65/106,Common,EM
Spoink,66/106,Common,EM
Tylton,67/106,Common,EM
Nirondelle,68/106,Common,EM
Poussifeu,69/106,Common,EM
Arcko,70/106,Common,EM
Voltorbe,71/106,Common,EM
Goupix,72/106,Common,EM
Chuchmur,73/106,Common,EM
Zigzaton,74/106,Common,EM
Zone de combat,75/106,Uncommon,EM
Double guérison totale,76/106,Uncommon,EM
Annette surfe sur le net,77/106,Uncommon,EM
Baie Prine,78/106,Uncommon,EM
Le projet de M. Rochard,79/106,Uncommon,EM
Baie Oran,80/106,Uncommon,EM
PokéNav,81/106,Uncommon,EM
Prof. Seko,82/106,Uncommon,EM
Super bonbon,83/106,Uncommon,EM
Scott,84/106,Uncommon,EM
Timmy au dressage,85/106,Uncommon,EM
Énergie Obscurité,86/106,Rare,EM
Double Énergie Multicolore,87/106,Rare,EM
Énergie Métal,88/106,Rare,EM
Énergies multiples,89/106,Rare,EM
Altaria ex,90/106,Rare Holo EX,EM
Cacturne ex,91/106,Rare Holo EX,EM
Camerupt ex,92/106,Rare Holo EX,EM
Deoxys ex,93/106,Rare Holo EX,EM
Teraclope ex,94/106,Rare Holo EX,EM
Charmina ex,95/106,Rare Holo EX,EM
Milobellus ex,96/106,Rare Holo EX,EM
Raichu ex,97/106,Rare Holo EX,EM
Regice ex,98/106,Rare Holo EX,EM
Regirock ex,99/106,Rare Holo EX,EM
Registeel ex,100/106,Rare Holo EX,EM
Énergie Plante,101/106,Rare Holo,EM
Énergie Feu,102/106,Rare Holo,EM
Énergie Eau,103/106,Rare Holo,EM
Énergie Électrique,104/106,Rare Holo,EM
Énergie Psy,105/106,Rare Holo,EM
Énergie Combat,106/106,Rare Holo,EM
Canarticho,107/106,Rare Secret,EM
Arcanin,1/12,,TK2M
Salamèche,2/12,,TK2M
Reptincel,3/12,Uncommon,TK2M
Caninos,4/12,,TK2M
Wattouat,5/12,,TK2M
Négapi,6/12,,TK2M
Goupix,7/12,,TK2M
Le réseau de Cileo,8/12,,TK2M
Recherche d'énergie,9/12,,TK2M
Potion,10/12,,TK2M
Énergie Feu,11/12,,TK2M
Énergie Électrique,12/12,,TK2M
Terhal,1/12,,TK2P
Dynavolt,2/12,,TK2P
Groret,3/12,,TK2P
Miaouss,4/12,,TK2P
Métang,5/12,,TK2P
Posipi,6/12,,TK2P
Spoink,7/12,,TK2P
Recherche d'énergie,8/12,,TK2P
Potion,9/12,,TK2P
La découverte du Professeur Kosmo,10/12,,TK2P
Énergie Électrique,11/12,,TK2P
Énergie Psy,12/12,,TK2P
Draby,1/10,,TK1A
Galifeu,2/10,,TK1A
Delcatty,3/10,,TK1A
Latias,4/10,,TK1A
Chamallot,5/10,,TK1A
Skitty,6/10,,TK1A
Poussifeu,7/10,,TK1A
Potion,8/10,,TK1A
Recherche d'énergie,9/10,,TK1A
Énergie Feu,10/10,,TK1A
Dynavolt,1/10,,TK1O
Latios,2/10,,TK1O
Linéon,3/10,,TK1O
Magnéti,4/10,,TK1O
Magnéton,5/10,,TK1O
Pikachu,6/10,,TK1O
Zigzaton,7/10,,TK1O
Potion,8/10,,TK1O
Recherche d'énergie,9/10,,TK1O
Énergie Électrique,10/10,,TK1O
Dardargnan,1/112,Rare Holo,RG
Papilusion,2/112,Rare Holo,RG
Lamantine,3/112,Rare Holo,RG
Métamorph,4/112,Rare Holo,RG
Noadkoko,5/112,Rare Holo,RG
Kangourex,6/112,Rare Holo,RG
Ossatueur,7/112,Rare Holo,RG
Nidoking,8/112,Rare Holo,RG
Nidoqueen,9/112,Rare Holo,RG
Roucarnage,10/112,Rare Holo,RG
Tartard,11/112,Rare Holo,RG
Raichu,12/112,Rare Holo,RG
Galopa,13/112,Rare Holo,RG
Flagadoss,14/112,Rare Holo,RG
Ronflex,15/112,Rare Holo,RG
Tauros,16/112,Rare Holo,RG
Empiflor,17/112,Rare Holo,RG
Arcanin,18/112,Rare,RG
Leveinard,19/112,Rare,RG
Crustabri,20/112,Rare,RG
Dodrio,21/112,Rare,RG
Triopikeur,22/112,Rare,RG
Canarticho,23/112,Rare,RG
Rapasdepic,24/112,Rare,RG
Hypnomade,25/112,Rare,RG
Krabboss,26/112,Rare,RG
Magnéton,27/112,Rare,RG
Colossinge,28/112,Rare,RG
Insécateur,29/112,Rare,RG
Saquedeneu,30/112,Rare,RG
Reptincel,31/112,Uncommon,RG
Soporifik,32/112,Uncommon,RG
Noeufnoeuf,33/112,Uncommon,RG
Spectrum,34/112,Uncommon,RG
Herbizarre,35/112,Uncommon,RG
Coconfort,36/112,Uncommon,RG
Excelangue,37/112,Uncommon,RG
Férosinge,38/112,Uncommon,RG
Chrysacier,39/112,Uncommon,RG
Nidorina,40/112,Uncommon,RG
Nidorino,41/112,Uncommon,RG
Onix,42/112,Uncommon,RG
Parasect,43/112,Uncommon,RG
Persian,44/112,Uncommon,RG
Roucoups,45/112,Uncommon,RG
Têtarte,46/112,Uncommon,RG
Porygon,47/112,Uncommon,RG
Rattatac,48/112,Uncommon,RG
Aéromite,49/112,Uncommon,RG
Carabaffe,50/112,Uncommon,RG
Boustiflor,51/112,Uncommon,RG
Grodoudou,52/112,Uncommon,RG
Chétiflor,53/112,Common,RG
Bulbizarre,54/112,Common,RG
Bulbizarre,55/112,Common,RG
Chenipan,56/112,Common,RG
Salamèche,57/112,Common,RG
Salamèche,58/112,Common,RG
Mélofée,59/112,Common,RG
Osselait,60/112,Common,RG
Taupikeur,61/112,Common,RG
Doduo,62/112,Common,RG
Fantominus,63/112,Common,RG
Caninos,64/112,Common,RG
Rondoudou,65/112,Common,RG
Krabby,66/112,Common,RG
Magicarpe,67/112,Common,RG
Magnéti,68/112,Common,RG
Miaouss,69/112,Common,RG
Nidoran ♀,70/112,Common,RG
Nidoran ♂,71/112,Common,RG
Paras,72/112,Common,RG
Roucool,73/112,Common,RG
Pikachu,74/112,Common,RG
Ptitard,75/112,Common,RG
Ponyta,76/112,Common,RG
Rattata,77/112,Common,RG
Otaria,78/112,Common,RG
Kokiyas,79/112,Common,RG
Ramoloss,80/112,Common,RG
Piafabec,81/112,Common,RG
Carapuce,82/112,Common,RG
Carapuce,83/112,Common,RG
Mimitoss,84/112,Common,RG
Voltorbe,85/112,Common,RG
Aspicot,86/112,Common,RG
Entretien de Leo,87/112,Uncommon,RG
Le réseau de Cileo,88/112,Uncommon,RG
Suppression d'Énergie 2,89/112,Uncommon,RG
Échange d'Énergie,90/112,Uncommon,RG
Multi expédition,91/112,Uncommon,RG
Super Ball,92/112,Uncommon,RG
Herbe sauveuse,93/112,Uncommon,RG
Mont Selenite,94/112,Uncommon,RG
Poké Ball,95/112,Uncommon,RG
Pokédex,96/112,Uncommon,RG
Inversion de Pokémon,97/112,Uncommon,RG
La recherche du Prof. Chen,98/112,Uncommon,RG
Super rappel,99/112,Uncommon,RG
Cherche VS,100/112,Uncommon,RG
Potion,101/112,Common,RG
Échange,102/112,Common,RG
Énergies multiples,103/112,Rare,RG
Tortank ex,104/112,Rare Holo EX,RG
Dracaufeu ex,105/112,Rare Holo EX,RG
Mélodelfe ex,106/112,Rare Holo EX,RG
Électrode ex,107/112,Rare Holo EX,RG
Ectoplasma ex,108/112,Rare Holo EX,RG
Léviator ex,109/112,Rare Holo EX,RG
M. Mime ex,110/112,Rare Holo EX,RG
M. Mime ex,111/112,Rare Holo EX,RG
Florizarre ex,112/112,Rare Holo EX,RG
Salamèche,113/112,Rare Secret,RG
Artikodin ex,114/112,Rare Secret,RG
Sulfura ex,115/112,Rare Secret,RG
Élector ex,116/112,Rare Secret,RG
Branette,1/101,Rare Holo,HL
Kaorine,2/101,Rare Holo,HL
Nostenfer,3/101,Rare Holo,HL
Celebi Obscur,4/101,Rare Holo,HL
Électrode,5/101,Rare Holo,HL
Brouhabam,6/101,Rare Holo,HL
Scarhino,7/101,Rare Holo,HL
Jirachi,8/101,Rare Holo,HL
Mackogneur,9/101,Rare Holo,HL
Charmina,10/101,Rare Holo,HL
Métalosse,11/101,Rare Holo,HL
Milobellus,12/101,Rare Holo,HL
Scarabrute,13/101,Rare Holo,HL
Tengalice,14/101,Rare Holo,HL
Kaimorse,15/101,Rare Holo,HL
Joliflor,16/101,Rare,HL
Éoko,17/101,Rare,HL
Rosabyss,18/101,Rare,HL
Serpang,19/101,Rare,HL
Maskadra,20/101,Rare,HL
Métang,21/101,Rare,HL
Feunard,22/101,Rare,HL
Morpheo Pluie,23/101,Rare,HL
Relicanth,24/101,Rare,HL
Morpheo Neige,25/101,Rare,HL
Morpheo Soleil,26/101,Rare,HL
Tropius,27/101,Rare,HL
Terhal,28/101,Uncommon,HL
Terhal,29/101,Uncommon,HL
Morphéo,30/101,Uncommon,HL
Kaorine,31/101,Uncommon,HL
Corayon,32/101,Uncommon,HL
Dodrio,33/101,Uncommon,HL
Oniglali,34/101,Uncommon,HL
Ortide,35/101,Uncommon,HL
Nosferalto,36/101,Uncommon,HL
Toudoudou,37/101,Uncommon,HL
Lanturn,38/101,Uncommon,HL
Ramboum,39/101,Uncommon,HL
Lovdisc,40/101,Uncommon,HL
Machopeur,41/101,Uncommon,HL
Charmina,42/101,Uncommon,HL
Métang,43/101,Uncommon,HL
Métang,44/101,Uncommon,HL
Pifeuil,45/101,Uncommon,HL
Rhinoféros,46/101,Uncommon,HL
Phogleur,47/101,Uncommon,HL
Spinda,48/101,Uncommon,HL
Staross,49/101,Uncommon,HL
Avaltout,50/101,Uncommon,HL
Tentacruel,51/101,Uncommon,HL
Balbuto,52/101,Common,HL
Balbuto,53/101,Common,HL
Terhal,54/101,Common,HL
Germignon,55/101,Common,HL
Loupio,56/101,Common,HL
Loupio,57/101,Common,HL
Coquiperl,58/101,Common,HL
Héricendre,59/101,Common,HL
Doduo,60/101,Common,HL
Barpau,61/101,Common,HL
Gloupti,62/101,Common,HL
Rondoudou,63/101,Common,HL
Machoc,64/101,Common,HL
Méditikka,65/101,Common,HL
Méditikka,66/101,Common,HL
Négapi,67/101,Common,HL
Mystherbe,68/101,Common,HL
Posipi,69/101,Common,HL
Rhinocorne,70/101,Common,HL
Grainipiot,71/101,Common,HL
Polichombr,72/101,Common,HL
Stalgamin,73/101,Common,HL
Obalie,74/101,Common,HL
Stari,75/101,Common,HL
Arakdo,76/101,Common,HL
Tentacool,77/101,Common,HL
Togepi,78/101,Common,HL
Kaiminus,79/101,Common,HL
Voltorbe,80/101,Common,HL
Goupix,81/101,Common,HL
Chuchmur,82/101,Common,HL
Nosferapti,83/101,Common,HL
Machine Technique Ancienne [Glace],84/101,Uncommon,HL
Machine Technique Ancienne [Pierre],85/101,Uncommon,HL
Machine Technique Ancienne [Acier],86/101,Uncommon,HL
Tombeau antique,87/101,Uncommon,HL
Ruines désert,88/101,Uncommon,HL
Grotte island,89/101,Uncommon,HL
Herbe sauveuse,90/101,Uncommon,HL
Tempête Magnétique,91/101,Uncommon,HL
Les conseils de Pierre,92/101,Uncommon,HL
Groudon ex,93/101,Rare Holo EX,HL
Kyogre ex,94/101,Rare Holo EX,HL
Metalosse ex,95/101,Rare Holo EX,HL
Feunard ex,96/101,Rare Holo EX,HL
Regice ex,97/101,Rare Holo EX,HL
Regirock ex,98/101,Rare Holo EX,HL
Registeel ex,99/101,Rare Holo EX,HL
Rafflesia ex,100/101,Rare Holo EX,HL
Grodoudou ex,101/101,Rare Holo EX,HL
Groudon,102/101,Rare Secret,HL
Armaldo δ,1/110,Rare Holo,HP
Vacilys δ,2/110,Rare Holo,HP
Deoxys δ,3/110,Rare Holo,HP
Deoxys δ,4/110,Rare Holo,HP
Deoxys δ,5/110,Rare Holo,HP
Deoxys δ,6/110,Rare Holo,HP
Libegon δ,7/110,Rare Holo,HP
Leviator δ,8/110,Rare Holo,HP
Kabutops δ,9/110,Rare Holo,HP
Hyporoi δ,10/110,Rare Holo,HP
Latias δ,11/110,Rare Holo,HP
Latios δ,12/110,Rare Holo,HP
Amonistar δ,13/110,Rare Holo,HP
Roucarnage δ,14/110,Rare Holo,HP
Raichu δ,15/110,Rare Holo,HP
Rayquaza δ,16/110,Rare Holo,HP
Rafflesia δ,17/110,Rare Holo,HP
Absol,18/110,Rare,HP
Joliflor δ,19/110,Rare,HP
Braségali,20/110,Rare,HP
Latias δ,21/110,Rare,HP
Latios δ,22/110,Rare,HP
Mysdibule,23/110,Rare,HP
Mewtwo δ,24/110,Rare,HP
Tarinor,25/110,Rare,HP
Rayquaza δ,26/110,Rare,HP
Regice,27/110,Rare,HP
Regirock,28/110,Rare,HP
Registeel,29/110,Rare,HP
Relicanth,30/110,Rare,HP
Ténéfix,31/110,Rare,HP
Séviper,32/110,Rare,HP
Chartor,33/110,Rare,HP
Mangriff,34/110,Rare,HP
Ptera δ,35/110,Uncommon,HP
Camérupt,36/110,Uncommon,HP
Eoko δ,37/110,Uncommon,HP
Kaorine,38/110,Uncommon,HP
Galifeu,39/110,Uncommon,HP
Donphan,40/110,Uncommon,HP
Noadkoko δ,41/110,Uncommon,HP
Ortide δ,42/110,Uncommon,HP
Akwakwak δ,43/110,Uncommon,HP
Morpheo d'Holon,44/110,Uncommon,HP
Galegon,45/110,Uncommon,HP
Élecsprint,46/110,Uncommon,HP
Maskadra,47/110,Uncommon,HP
Persian δ,48/110,Uncommon,HP
Roucoups δ,49/110,Uncommon,HP
Colossinge δ,50/110,Uncommon,HP
Raichu,51/110,Uncommon,HP
Hypocéan δ,52/110,Uncommon,HP
Sharpedo δ,53/110,Uncommon,HP
Vibraninf δ,54/110,Uncommon,HP
Barbicha,55/110,Uncommon,HP
Qulbutoké,56/110,Uncommon,HP
Anorith δ,57/110,Common,HP
Galekid,58/110,Common,HP
Balbuto,59/110,Common,HP
Barloche,60/110,Common,HP
Carvanha δ,61/110,Common,HP
Ecrapince,62/110,Common,HP
Ecrapince,63/110,Common,HP
Dynavolt,64/110,Common,HP
Noeunoeuf δ,65/110,Common,HP
Hypotrempe δ,66/110,Common,HP
Kabuto δ,67/110,Common,HP
Lilia δ,68/110,Common,HP
Magicarpe δ,69/110,Common,HP
Férosinge δ,70/110,Common,HP
Miaouss δ,71/110,Common,HP
Chamallot,72/110,Common,HP
Mystherbe δ,73/110,Common,HP
Amonita δ,74/110,Common,HP
Phanpy,75/110,Common,HP
Pichu δ,76/110,Common,HP
Roucool δ,77/110,Common,HP
Pikachu,78/110,Common,HP
Pikachu δ,79/110,Common,HP
Medhyena,80/110,Common,HP
Psykokwak δ,81/110,Common,HP
Arakdo,82/110,Common,HP
Poussifeu,83/110,Common,HP
Kraknoix δ,84/110,Common,HP
Aventurier Holon,85/110,Uncommon,HP
Fossile Holon,86/110,Uncommon,HP
Lac Holon,87/110,Uncommon,HP
Le projet de M. Rochard,88/110,Uncommon,HP
La découverte du Professeur Kosmo,89/110,Uncommon,HP
Super bonbon,90/110,Uncommon,HP
Fossile griffe,91/110,Common,HP
Mystérieux fossile,92/110,Common,HP
Fossile racine,93/110,Common,HP
Énergie Obscurité,94/110,Rare,HP
Énergie Métal,95/110,Rare,HP
Énergies multiples,96/110,Rare,HP
Énergie Métal Obscur,97/110,Uncommon,HP
Énergie Multicolore δ,98/110,Uncommon,HP
Colhomard ex,99/110,Rare Holo EX,HP
Mew ex,100/110,Rare Holo EX,HP
Gradhyena ex,101/110,Rare Holo EX,HP
Leviator ☆ δ,102/110,Rare Holo Star,HP
Mewtwo ☆,103/110,Rare Holo Star,HP
Pikachu ☆,104/110,Rare Holo Star,HP
Énergie Plante,105/110,Rare Holo,HP
Énergie Feu,106/110,Rare Holo,HP
Énergie Eau,107/110,Rare Holo,HP
Énergie Électrique,108/110,Rare Holo,HP
Énergie Psy,109/110,Rare Holo,HP
Énergie Combat,110/110,Rare Holo,HP
Mew,111/110,Rare Secret,HP
Ptéra,1/92,Rare Holo,LM
Galeking,2/92,Rare Holo,LM
Vacilys,3/92,Rare Holo,LM
Delcatty,4/92,Rare Holo,LM
Ectoplasma,5/92,Rare Holo,LM
Grolem,6/92,Rare Holo,LM
Kabutops,7/92,Rare Holo,LM
Lokhlass,8/92,Rare Holo,LM
Mackogneur,9/92,Rare Holo,LM
Mew,10/92,Rare Holo,LM
Grotadmorv,11/92,Rare Holo,LM
Tengalice,12/92,Rare Holo,LM
Empiflor,13/92,Rare Holo,LM
Wailord,14/92,Rare Holo,LM
Absol,15/92,Rare,LM
Girafarig,16/92,Rare,LM
Rosabyss,17/92,Rare,LM
Serpang,18/92,Rare,LM
Lanturn,19/92,Rare,LM
Séléroc,20/92,Rare,LM
Magmar,21/92,Rare,LM
Magnéton,22/92,Rare,LM
Amonistar,23/92,Rare,LM
Scarabrute,24/92,Rare,LM
Solaroc,25/92,Rare,LM
Spinda,26/92,Rare,LM
Chartor,27/92,Rare,LM
Qulbutoké,28/92,Rare,LM
Anorith,29/92,Uncommon,LM
Blindalys,30/92,Uncommon,LM
Insolourdo,31/92,Uncommon,LM
Électrode,32/92,Uncommon,LM
Fouinar,33/92,Uncommon,LM
Gravalanch,34/92,Uncommon,LM
Spectrum,35/92,Uncommon,LM
Kabuto,36/92,Uncommon,LM
Kecleon,37/92,Uncommon,LM
Galegon,38/92,Uncommon,LM
Machopeur,39/92,Uncommon,LM
Feuforêve,40/92,Uncommon,LM
Pifeuil,41/92,Uncommon,LM
Rosélia,42/92,Uncommon,LM
Phogleur,43/92,Uncommon,LM
Saquedeneu,44/92,Uncommon,LM
Tentacruel,45/92,Uncommon,LM
Vibraninf,46/92,Uncommon,LM
Boustiflor,47/92,Uncommon,LM
Galekid,48/92,Common,LM
Chetiflor,49/92,Common,LM
Loupio,50/92,Common,LM
Coquiperl,51/92,Common,LM
Fantominus,52/92,Common,LM
Racaillou,53/92,Common,LM
Tadmorv,54/92,Common,LM
Caninos,55/92,Common,LM
Lilia,56/92,Common,LM
Machoc,57/92,Common,LM
Magby,58/92,Common,LM
Magnéti,59/92,Common,LM
Amonita,60/92,Common,LM
Grainipiot,61/92,Common,LM
Fouinette,62/92,Common,LM
Polichombr,63/92,Common,LM
Skitty,64/92,Common,LM
Obalie,65/92,Common,LM
Tentacool,66/92,Common,LM
Kraknoix,67/92,Common,LM
Voltorbe,68/92,Common,LM
Wailmer,69/92,Common,LM
Chenipotte,70/92,Common,LM
Okéoké,71/92,Common,LM
Pierre maléfique,72/92,Uncommon,LM
Travailleur de terrain,73/92,Uncommon,LM
Flamme maximale,74/92,Uncommon,LM
Souche géante,75/92,Uncommon,LM
Arbre à puissance,76/92,Uncommon,LM
Cave étrange,77/92,Uncommon,LM
Fossile griffe,78/92,Common,LM
Mystérieux fossile,79/92,Common,LM
Fossile racine,80/92,Common,LM
Énergie Multicolore,81/92,Rare,LM
Énergie réaction,82/92,Uncommon,LM
Arcanin ex,83/92,Rare Holo EX,LM
Armaldo ex,84/92,Rare Holo EX,LM
Branette ex,85/92,Rare Holo EX,LM
Papinox ex,86/92,Rare Holo EX,LM
Libegon ex,87/92,Rare Holo EX,LM
Mew ex,88/92,Rare Holo EX,LM
Kaimorse ex,89/92,Rare Holo EX,LM
Regice ☆,90/92,Rare Holo Star,LM
Regirock ☆,91/92,Rare Holo Star,LM
Registeel ☆,92/92,Rare Holo Star,LM
Pikachu δ,93/92,Rare Secret,LM
Galeking,1/108,Rare Holo,PK
Altaria,2/108,Rare Holo,PK
Armaldo,3/108,Rare Holo,PK
Branette,4/108,Rare Holo,PK
Braségali,5/108,Rare Holo,PK
Dracaufeu,6/108,Rare Holo,PK
Vacilys,7/108,Rare Holo,PK
Delcatty,8/108,Rare Holo,PK
Gardevoir,9/108,Rare Holo,PK
Kabutops,10/108,Rare Holo,PK
Mackogneur,11/108,Rare Holo,PK
Raichu,12/108,Rare Holo,PK
Monaflèmit,13/108,Rare Holo,PK
Téraclope,14/108,Rare,PK
Lanturn,15/108,Rare,PK
Magnéton,16/108,Rare,PK
Mysdibule,17/108,Rare,PK
Grahyèna,18/108,Rare,PK
Feunard,19/108,Rare,PK
Amonistar,20/108,Rare,PK
Pichu,21/108,Rare,PK
Ténéfix,22/108,Rare,PK
Séviper,23/108,Rare,PK
Qulbutoké,24/108,Rare,PK
Mangriff,25/108,Rare,PK
Anorith,26/108,Uncommon,PK
Cacturne,27/108,Uncommon,PK
Reptincel,28/108,Uncommon,PK
Galifeu,29/108,Uncommon,PK
Oniglali,30/108,Uncommon,PK
Kirlia,31/108,Uncommon,PK
Galegon,32/108,Uncommon,PK
Machopeur,33/108,Uncommon,PK
Charmina,34/108,Uncommon,PK
Métang,35/108,Uncommon,PK
Pifeuil,36/108,Uncommon,PK
Phogleur,37/108,Uncommon,PK
Sharpedo,38/108,Uncommon,PK
Drackhaus,39/108,Uncommon,PK
Vibraninf,40/108,Uncommon,PK
Vigoroth,41/108,Uncommon,PK
Galekid,42/108,Common,PK
Draby,43/108,Common,PK
Balbuto,44/108,Common,PK
Terhal,45/108,Common,PK
Cacnea,46/108,Common,PK
Carvanha,47/108,Common,PK
Salamèche,48/108,Common,PK
Loupio,49/108,Common,PK
Skelénox,50/108,Common,PK
Kabuto,51/108,Common,PK
Lilia,52/108,Common,PK
Machoc,53/108,Common,PK
Magnéti,54/108,Common,PK
Méditikka,55/108,Common,PK
Amonita,56/108,Common,PK
Pikachu,57/108,Common,PK
Medhyena,58/108,Common,PK
Tarsal,59/108,Common,PK
Grainipiot,60/108,Common,PK
Polichombr,61/108,Common,PK
Skitty,62/108,Common,PK
Parecool,63/108,Common,PK
Stalgamin,64/108,Common,PK
Obalie,65/108,Common,PK
Tylton,66/108,Common,PK
Poussifeu,67/108,Common,PK
Kraknoix,68/108,Common,PK
Goupix,69/108,Common,PK
Okéoké,70/108,Common,PK
Zone de combat,71/108,Uncommon,PK
Stade d'Aragon,72/108,Uncommon,PK
Recyclage d'énergie,73/108,Uncommon,PK
Suppression d'Énergie 2,74/108,Uncommon,PK
Échange d'Énergie,75/108,Uncommon,PK
Stade de Glacia,76/108,Uncommon,PK
Super Ball,77/108,Uncommon,PK
Master Ball,78/108,Uncommon,PK
Stade de Spectra,79/108,Uncommon,PK
Prof. Seko,80/108,Uncommon,PK
Scott,81/108,Uncommon,PK
Stade de Damien,82/108,Uncommon,PK
Les conseils de Pierre,83/108,Uncommon,PK
Fossile griffe,84/108,Common,PK
Mystérieux fossile,85/108,Common,PK
Fossile racine,86/108,Common,PK
Énergie Obscurité,87/108,Rare,PK
Énergie Métal,88/108,Rare,PK
Énergies multiples,89/108,Rare,PK
Énergie Cyclone,90/108,Uncommon,PK
Énergie de distorsion,91/108,Uncommon,PK
Absol ex,92/108,Rare Holo EX,PK
Kaorine ex,93/108,Rare Holo EX,PK
Libegon ex,94/108,Rare Holo EX,PK
Metalosse ex,95/108,Rare Holo EX,PK
Drattak ex,96/108,Rare Holo EX,PK
Tengalice ex,97/108,Rare Holo EX,PK
Airmure ex,98/108,Rare Holo EX,PK
Kaimorse ex,99/108,Rare Holo EX,PK
Pyroli ☆,100/108,Rare Holo Star,PK
Voltali ☆,101/108,Rare Holo Star,PK
Aquali ☆,102/108,Rare Holo Star,PK
Énergie Plante,103/108,Rare Holo,PK
Énergie Feu,104/108,Rare Holo,PK
Énergie Eau,105/108,Rare Holo,PK
Énergie Électrique,106/108,Rare Holo,PK
Énergie Psy,107/108,Rare Holo,PK
Énergie Combat,108/108,Rare Holo,PK
Galeking,1/109,Rare Holo,RS
Charmillon,2/109,Rare Holo,RS
Braségali,3/109,Rare Holo,RS
Camérupt,4/109,Rare Holo,RS
Delcatty,5/109,Rare Holo,RS
Papinox,6/109,Rare Holo,RS
Gardevoir,7/109,Rare Holo,RS
Hariyama,8/109,Rare Holo,RS
Élecsprint,9/109,Rare Holo,RS
Grahyèna,10/109,Rare Holo,RS
Jungko,11/109,Rare Holo,RS
Monaflèmit,12/109,Rare Holo,RS
Laggron,13/109,Rare Holo,RS
Wailord,14/109,Rare Holo,RS
Braségali,15/109,Rare,RS
Chapignon,16/109,Rare,RS
Donphan,17/109,Rare,RS
Tarinor,18/109,Rare,RS
Bekipan,19/109,Rare,RS
Jungko,20/109,Rare,RS
Poissoroy,21/109,Rare,RS
Sharpedo,22/109,Rare,RS
Laggron,23/109,Rare,RS
Smogogo,24/109,Rare,RS
Galekid,25/109,Uncommon,RS
Blindalys,26/109,Uncommon,RS
Galifeu,27/109,Uncommon,RS
Galifeu,28/109,Uncommon,RS
Delcatty,29/109,Uncommon,RS
Dynavolt,30/109,Uncommon,RS
Massko,31/109,Uncommon,RS
Massko,32/109,Uncommon,RS
Hariyama,33/109,Uncommon,RS
Kirlia,34/109,Uncommon,RS
Kirlia,35/109,Uncommon,RS
Galegon,36/109,Uncommon,RS
Galegon,37/109,Uncommon,RS
Linéon,38/109,Uncommon,RS
Élecsprint,39/109,Uncommon,RS
Flobio,40/109,Uncommon,RS
Flobio,41/109,Uncommon,RS
Grahyèna,42/109,Uncommon,RS
Armulys,43/109,Uncommon,RS
Skitty,44/109,Uncommon,RS
Parecool,45/109,Uncommon,RS
Hélédelle,46/109,Uncommon,RS
Vigoroth,47/109,Uncommon,RS
Wailmer,48/109,Uncommon,RS
Galekid,49/109,Common,RS
Galekid,50/109,Common,RS
Carvanha,51/109,Common,RS
Dynavolt,52/109,Common,RS
Dynavolt,53/109,Common,RS
Smogo,54/109,Common,RS
Poissirène,55/109,Common,RS
Makuhita,56/109,Common,RS
Makuhita,57/109,Common,RS
Makuhita,58/109,Common,RS
Gobou,59/109,Common,RS
Gobou,60/109,Common,RS
Chamallot,61/109,Common,RS
Phanpy,62/109,Common,RS
Medhyena,63/109,Common,RS
Medhyena,64/109,Common,RS
Medhyena,65/109,Common,RS
Tarsal,66/109,Common,RS
Tarsal,67/109,Common,RS
Tarsal,68/109,Common,RS
Balignon,69/109,Common,RS
Skitty,70/109,Common,RS
Skitty,71/109,Common,RS
Nirondelle,72/109,Common,RS
Poussifeu,73/109,Common,RS
Poussifeu,74/109,Common,RS
Arcko,75/109,Common,RS
Arcko,76/109,Common,RS
Goélise,77/109,Common,RS
Chenipotte,78/109,Common,RS
Zigzaton,79/109,Common,RS
Suppression d'énergie 2,80/109,Uncommon,RS
Restauration d'énergie,81/109,Uncommon,RS
Échange d'énergie,82/109,Uncommon,RS
Mademoiselle Sortie,83/109,Uncommon,RS
Baie Prine,84/109,Uncommon,RS
Baie Oran,85/109,Uncommon,RS
Poké Balle,86/109,Uncommon,RS
Inversion de Pokémon,87/109,Uncommon,RS
PokéNav,88/109,Uncommon,RS
Prof. Seko,89/109,Uncommon,RS
Recherche d'énergie,90/109,Common,RS
Potion,91/109,Common,RS
Passe-passe,92/109,Common,RS
Énergie Obscurité,93/109,Rare,RS
Énergie Métal,94/109,Rare,RS
Énergie Multicolore,95/109,Rare,RS
Leveinard ex,96/109,Rare Holo EX,RS
Elektek ex,97/109,Rare Holo EX,RS
Tygnon ex,98/109,Rare Holo EX,RS
Lokhlass ex,99/109,Rare Holo EX,RS
Magmar ex,100/109,Rare Holo EX,RS
Mewtwo ex,101/109,Rare Holo EX,RS
Insécateur ex,102/109,Rare Holo EX,RS
Farfuret ex,103/109,Rare Holo EX,RS
Énergie Plante,104/109,Common,RS
Énergie Combat,105/109,Common,RS
Énergie Eau,106/109,Common,RS
Énergie Psy,107/109,Common,RS
Énergie Feu,108/109,Common,RS
Énergie Électrique,109/109,Common,RS
Armaldo,1/100,Rare Holo,SS
Cacturne,2/100,Rare Holo,SS
Vacilys,3/100,Rare Holo,SS
Téraclope,4/100,Rare Holo,SS
Pyroli,5/100,Rare Holo,SS
Voltali,6/100,Rare Holo,SS
Ludicolo,7/100,Rare Holo,SS
Séléroc,8/100,Rare Holo,SS
Mysdibule,9/100,Rare Holo,SS
Ténéfix,10/100,Rare Holo,SS
Séviper,11/100,Rare Holo,SS
Tengalice,12/100,Rare Holo,SS
Solaroc,13/100,Rare Holo,SS
Mangriff,14/100,Rare Holo,SS
Arcanin,15/100,Rare,SS
Mentali,16/100,Rare,SS
Akwakwak,17/100,Rare,SS
Kecleon,18/100,Rare,SS
Amonistar,19/100,Rare,SS
Pichu,20/100,Rare,SS
Sablaireau,21/100,Rare,SS
Tengalice,22/100,Rare,SS
Steelix,23/100,Rare,SS
Noctali,24/100,Rare,SS
Aquali,25/100,Rare,SS
Qulbutoké,26/100,Rare,SS
Anorith,27/100,Uncommon,SS
Anorith,28/100,Uncommon,SS
Arbok,29/100,Uncommon,SS
Azumarill,30/100,Uncommon,SS
Azurill,31/100,Uncommon,SS
Balbuto,32/100,Uncommon,SS
Chapignon,33/100,Uncommon,SS
Delcatty,34/100,Uncommon,SS
Elektek,35/100,Uncommon,SS
Élekid,36/100,Uncommon,SS
Rapasdepic,37/100,Uncommon,SS
Lumivole,38/100,Uncommon,SS
Kabuto,39/100,Uncommon,SS
Kirlia,40/100,Uncommon,SS
Galegon,41/100,Uncommon,SS
Lilia,42/100,Uncommon,SS
Lilia,43/100,Uncommon,SS
Linéon,44/100,Uncommon,SS
Lombre,45/100,Uncommon,SS
Lombre,46/100,Uncommon,SS
Cornèbre,47/100,Uncommon,SS
Pifeuil,48/100,Uncommon,SS
Pifeuil,49/100,Uncommon,SS
Bekipan,50/100,Uncommon,SS
Feurisson,51/100,Uncommon,SS
Vigoroth,52/100,Uncommon,SS
Muciole,53/100,Uncommon,SS
Okéoké,54/100,Uncommon,SS
Xatu,55/100,Uncommon,SS
Galekid,56/100,Common,SS
Cacnea,57/100,Common,SS
Cacnea,58/100,Common,SS
Héricendre,59/100,Common,SS
Insolourdo,60/100,Common,SS
Skelénox,61/100,Common,SS
Skelénox,62/100,Common,SS
Evoli,63/100,Common,SS
Abo,64/100,Common,SS
Caninos,65/100,Common,SS
Nénupiot,66/100,Common,SS
Nénupiot,67/100,Common,SS
Marill,68/100,Common,SS
Natu,69/100,Common,SS
Amonita,70/100,Common,SS
Onix,71/100,Common,SS
Pikachu,72/100,Common,SS
Psykokwak,73/100,Common,SS
Tarsal,74/100,Common,SS
Sabelette,75/100,Common,SS
Grainipiot,76/100,Common,SS
Grainipiot,77/100,Common,SS
Balignon,78/100,Common,SS
Skitty,79/100,Common,SS
Parecool,80/100,Common,SS
Piafabec,81/100,Common,SS
Kraknoix,82/100,Common,SS
Wailmer,83/100,Common,SS
Goélise,84/100,Common,SS
Zigzaton,85/100,Common,SS
Double guérison totale,86/100,Uncommon,SS
Annette surfe sur le net,87/100,Uncommon,SS
Super bonbon,88/100,Uncommon,SS
Timmy au dressage,89/100,Uncommon,SS
Fossile griffe,90/100,Common,SS
Mystérieux fossile,91/100,Common,SS
Fossile racine,92/100,Common,SS
Énergies multiples,93/100,Rare,SS
Ptera ex,94/100,Rare Holo EX,SS
Galeking ex,95/100,Rare Holo EX,SS
Gardevoir ex,96/100,Rare Holo EX,SS
Kabutops ex,97/100,Rare Holo EX,SS
Raichu ex,98/100,Rare Holo EX,SS
Typhlosion ex,99/100,Rare Holo EX,SS
Wailord ex,100/100,Rare Holo EX,SS
Cacturne de Team Aqua,1/95,Rare Holo,MA
Colhomard de Team Aqua,2/95,Rare Holo,MA
Kyogre de Team Aqua,3/95,Rare Holo,MA
Elecsprint de Team Aqua,4/95,Rare Holo,MA
Sharpedo de Team Aqua,5/95,Rare Holo,MA
Kaimorse de Team Aqua,6/95,Rare Holo,MA
Galeking de Team Magma,7/95,Rare Holo,MA
Kaorine de Team Magma,8/95,Rare Holo,MA
Groudon de Team Magma,9/95,Rare Holo,MA
Démolosse de Team Magma,10/95,Rare Holo,MA
Rhinoféros de Team Magma,11/95,Rare Holo,MA
Chartor de Team Magma,12/95,Rare Holo,MA
Raichu,13/95,Rare,MA
Colhomard de Team Aqua,14/95,Rare,MA
Grahyena de Team Aqua,15/95,Rare,MA
Phogleur de Team Aqua,16/95,Rare,MA
Seviper de Team Aqua,17/95,Rare,MA
Sharpedo de Team Aqua,18/95,Rare,MA
Camerupt de Team Magma,19/95,Rare,MA
Galegon de Team Magma,20/95,Rare,MA
Grahyena de Team Magma,21/95,Rare,MA
Rhinoféros de Team Magma,22/95,Rare,MA
Mangriff de Team Magma,23/95,Rare,MA
Cacnea de Team Aqua,24/95,Uncommon,MA
Carvanha de Team Aqua,25/95,Uncommon,MA
Écrapince de Team Aqua,26/95,Uncommon,MA
Dynavolt de Team Aqua,27/95,Uncommon,MA
Lanturn de Team Aqua,28/95,Uncommon,MA
Elecsprint de Team Aqua,29/95,Uncommon,MA
Grahyena de Team Aqua,30/95,Uncommon,MA
Phogleur de Team Aqua,31/95,Uncommon,MA
Balbuto de Team Magma,32/95,Uncommon,MA
Kaorine de Team Magma,33/95,Uncommon,MA
Démolosse de Team Magma,34/95,Uncommon,MA
Malosse de Team Magma,35/95,Uncommon,MA
Galegon de Team Magma,36/95,Uncommon,MA
Grahyena de Team Magma,37/95,Uncommon,MA
Rhinocorne de Team Magma,38/95,Uncommon,MA
Bulbizarre,39/95,Common,MA
Osselait,40/95,Common,MA
Rondoudou,41/95,Common,MA
Miaouss,42/95,Common,MA
Pikachu,43/95,Common,MA
Psykokwak,44/95,Common,MA
Ramoloss,45/95,Common,MA
Carapuce,46/95,Common,MA
Carvanha de Team Aqua,47/95,Common,MA
Carvanha de Team Aqua,48/95,Common,MA
Loupio de Team Aqua,49/95,Common,MA
Écrapince de Team Aqua,50/95,Common,MA
Écrapince de Team Aqua,51/95,Common,MA
Dynavolt de Team Aqua,52/95,Common,MA
Dynavolt de Team Aqua,53/95,Common,MA
Medhyena de Team Aqua,54/95,Common,MA
Medhyena de Team Aqua,55/95,Common,MA
Obalie de Team Aqua,56/95,Common,MA
Obalie de Team Aqua,57/95,Common,MA
Galekid de Team Magma,58/95,Common,MA
Galekid de Team Magma,59/95,Common,MA
Balbuto de Team Magma,60/95,Common,MA
Balbuto de Team Magma,61/95,Common,MA
Malosse de Team Magma,62/95,Common,MA
Malosse de Team Magma,63/95,Common,MA
Chamallot de Team Magma,64/95,Common,MA
Medhyena de Team Magma,65/95,Common,MA
Medhyena de Team Magma,66/95,Common,MA
Rhinocorne de Team Magma,67/95,Common,MA
Rhinocorne de Team Magma,68/95,Common,MA
Manipulateur de Team Aqua,69/95,Common,MA
Manipulateur de Team Magma,70/95,Common,MA
Arthur,71/95,Uncommon,MA
Double boule,72/95,Uncommon,MA
Max,73/95,Uncommon,MA
Sort de force,74/95,Uncommon,MA
Boule de Team Aqua,75/95,Uncommon,MA
Raclée de Team Aqua,76/95,Uncommon,MA
Conspirateur de Team Aqua,77/95,Uncommon,MA
Cachette de Team Aqua,78/95,Uncommon,MA
Machine Technique 01 de Team Aqua,79/95,Uncommon,MA
Boule de Team Magma,80/95,Uncommon,MA
Raclée de Team Magma,81/95,Uncommon,MA
Conspirateur de Team Magma,82/95,Uncommon,MA
Cachette de Team Magma,83/95,Uncommon,MA
Machine Technique 01 de Team Magma,84/95,Uncommon,MA
Point d'échange,85/95,Uncommon,MA
Énergie Magma,86/95,Uncommon,MA
Énergie Magma,87/95,Uncommon,MA
Double Énergie Multicolore,88/95,Rare,MA
Brasegali ex,89/95,Rare Holo EX,MA
Vacilys ex,90/95,Rare Holo EX,MA
Entei ex,91/95,Rare Holo EX,MA
Raikou ex,92/95,Rare Holo EX,MA
Jungko ex,93/95,Rare Holo EX,MA
Suicune ex,94/95,Rare Holo EX,MA
Laggron ex,95/95,Rare Holo EX,MA
Absol,96/95,Rare Secret,MA
Jirachi,97/95,Rare Secret,MA
Azumarill,1/109,Rare Holo,TR
Dark Ampharos,2/109,Rare Holo,TR
Dark Crobat,3/109,Rare Holo,TR
Dark Electrode,4/109,Rare Holo,TR
Dark Houndoom,5/109,Rare Holo,TR
Dark Hypno,6/109,Rare Holo,TR
Dark Marowak,7/109,Rare Holo,TR
Dark Octillery,8/109,Rare Holo,TR
Dark Slowking,9/109,Rare Holo,TR
Dark Steelix,10/109,Rare Holo,TR
Jumpluff,11/109,Rare Holo,TR
Kingdra,12/109,Rare Holo,TR
Piloswine,13/109,Rare Holo,TR
Togetic,14/109,Rare Holo,TR
Dark Dragonite,15/109,Rare,TR
Dark Muk,16/109,Rare,TR
Dark Raticate,17/109,Rare,TR
Dark Sandslash,18/109,Rare,TR
Dark Tyranitar,19/109,Rare,TR
Dark Tyranitar,20/109,Rare,TR
Delibird,21/109,Rare,TR
Furret,22/109,Rare,TR
Ledian,23/109,Rare,TR
Magby,24/109,Rare,TR
Misdreavus,25/109,Rare,TR
Quagsire,26/109,Rare,TR
Qwilfish,27/109,Rare,TR
Yanma,28/109,Rare,TR
Dark Arbok,29/109,Uncommon,TR
Dark Ariados,30/109,Uncommon,TR
Dark Dragonair,31/109,Uncommon,TR
Dark Dragonair,32/109,Uncommon,TR
Dark Flaaffy,33/109,Uncommon,TR
Dark Golbat,34/109,Uncommon,TR
Dark Golduck,35/109,Uncommon,TR
Dark Gyarados,36/109,Uncommon,TR
Dark Houndoom,37/109,Uncommon,TR
Dark Magcargo,38/109,Uncommon,TR
Dark Magneton,39/109,Uncommon,TR
Dark Pupitar,40/109,Uncommon,TR
Dark Pupitar,41/109,Uncommon,TR
Dark Weezing,42/109,Uncommon,TR
Heracross,43/109,Uncommon,TR
Magmar,44/109,Uncommon,TR
Mantine,45/109,Uncommon,TR
Rocket's Meowth,46/109,Uncommon,TR
Rocket's Wobbuffet,47/109,Uncommon,TR
Seadra,48/109,Uncommon,TR
Skiploom,49/109,Uncommon,TR
Togepi,50/109,Uncommon,TR
Cubone,51/109,Common,TR
Dratini,52/109,Common,TR
Dratini,53/109,Common,TR
Drowzee,54/109,Common,TR
Ekans,55/109,Common,TR
Grimer,56/109,Common,TR
Hoppip,57/109,Common,TR
Horsea,58/109,Common,TR
Houndour,59/109,Common,TR
Houndour,60/109,Common,TR
Koffing,61/109,Common,TR
Larvitar,62/109,Common,TR
Larvitar,63/109,Common,TR
Ledyba,64/109,Common,TR
Magikarp,65/109,Common,TR
Magnemite,66/109,Common,TR
Mareep,67/109,Common,TR
Marill,68/109,Common,TR
Onix,69/109,Common,TR
Psyduck,70/109,Common,TR
Rattata,71/109,Common,TR
Rattata,72/109,Common,TR
Remoraid,73/109,Common,TR
Sandshrew,74/109,Common,TR
Sentret,75/109,Common,TR
Slowpoke,76/109,Common,TR
Slugma,77/109,Common,TR
Spinarak,78/109,Common,TR
Swinub,79/109,Common,TR
Voltorb,80/109,Common,TR
Wooper,81/109,Common,TR
Zubat,82/109,Common,TR
Copycat,83/109,Uncommon,TR
Pokémon Retriever,84/109,Uncommon,TR
Pow! Hand Extension,85/109,Uncommon,TR
Rocket's Admin.,86/109,Uncommon,TR
Rocket's Hideout,87/109,Uncommon,TR
Rocket's Mission,88/109,Uncommon,TR
Rocket's Poké Ball,89/109,Uncommon,TR
Rocket's Tricky Gym,90/109,Uncommon,TR
Surprise! Time Machine,91/109,Uncommon,TR
Swoop! Teleporter,92/109,Uncommon,TR
Venture Bomb,93/109,Uncommon,TR
Dark Metal Energy,94/109,Uncommon,TR
R Energy,95/109,Uncommon,TR
Rocket's Articuno ex,96/109,Rare Holo EX,TR
Rocket's Entei ex,97/109,Rare Holo EX,TR
Rocket's Hitmonchan ex,98/109,Rare Holo EX,TR
Rocket's Mewtwo ex,99/109,Rare Holo EX,TR
Rocket's Moltres ex,100/109,Rare Holo EX,TR
Rocket's Scizor ex,101/109,Rare Holo EX,TR
Rocket's Scyther ex,102/109,Rare Holo EX,TR
Rocket's Sneasel ex,103/109,Rare Holo EX,TR
Rocket's Snorlax ex,104/109,Rare Holo EX,TR
Rocket's Suicune ex,105/109,Rare Holo EX,TR
Rocket's Zapdos ex,106/109,Rare Holo EX,TR
Mudkip ★,107/109,Rare Holo Star,TR
Torchic ★,108/109,Rare Holo Star,TR
Treecko ★,109/109,Rare Holo Star,TR
Charmeleon,110/109,Rare Secret,TR
Here Comes Team Rocket!,111/109,Rare Secret,TR
Pharamp,1/115,Rare Holo,UF
Migalos,2/115,Rare Holo,UF
Joliflor,3/115,Rare Holo,UF
Aligatueur,4/115,Rare Holo,UF
Pyroli,5/115,Rare Holo,UF
Foretress,6/115,Rare Holo,UF
Demolosse,7/115,Rare Holo,UF
Voltali,8/115,Rare Holo,UF
Méganium,9/115,Rare Holo,UF
Octillery,10/115,Rare Holo,UF
Tartard,11/115,Rare Holo,UF
Porygon2,12/115,Rare Holo,UF
Flagadoss,13/115,Rare Holo,UF
Roigada,14/115,Rare Holo,UF
Simularbre,15/115,Rare Holo,UF
Héliatronc,16/115,Rare Holo,UF
Typhlosion,17/115,Rare Holo,UF
Ursaring,18/115,Rare Holo,UF
Aquali,19/115,Rare Holo,UF
Leveinard,20/115,Rare,UF
Mélo,21/115,Rare,UF
Elektek,22/115,Rare,UF
Élekid,23/115,Rare,UF
Tygnon,24/115,Rare,UF
Kicklee,25/115,Rare,UF
Kapoera,26/115,Rare,UF
Ho-Oh,27/115,Rare,UF
Lippoutou,28/115,Rare,UF
Lugia,29/115,Rare,UF
Cornèbre,30/115,Rare,UF
Lippouti,31/115,Rare,UF
Cerfrousse,32/115,Rare,UF
Débugant,33/115,Rare,UF
Capumain,34/115,Uncommon,UF
Macronium,35/115,Uncommon,UF
Mélodelfe,36/115,Uncommon,UF
Corayon,37/115,Uncommon,UF
Crocrodil,38/115,Uncommon,UF
Granbull,39/115,Uncommon,UF
Lanturn,40/115,Uncommon,UF
Volcaropod,41/115,Uncommon,UF
Écrémeuh,42/115,Uncommon,UF
Noarfang,43/115,Uncommon,UF
Maraiste,44/115,Uncommon,UF
Feurisson,45/115,Uncommon,UF
Insécateur,46/115,Uncommon,UF
Caratroc,47/115,Uncommon,UF
Queulorior,48/115,Uncommon,UF
Xatu,49/115,Uncommon,UF
Yanma,50/115,Uncommon,UF
Germignon,51/115,Common,UF
Loupio,52/115,Common,UF
Mélofée,53/115,Common,UF
Héricendre,54/115,Common,UF
Evoli,55/115,Common,UF
Lainergie,56/115,Common,UF
Scorplane,57/115,Common,UF
Ortide,58/115,Common,UF
Hoothoot,59/115,Common,UF
Malosse,60/115,Common,UF
Embrylex,61/115,Common,UF
Wattouat,62/115,Common,UF
Natu,63/115,Common,UF
Mystherbe,64/115,Common,UF
Onix,65/115,Common,UF
Pomdepik,66/115,Common,UF
Ptitard,67/115,Common,UF
Tetarte,68/115,Common,UF
Porygon,69/115,Common,UF
Ymphect,70/115,Common,UF
Rémoraid,71/115,Common,UF
Ramoloss,72/115,Common,UF
Limagma,73/115,Common,UF
Snubbull,74/115,Common,UF
Mimigal,75/115,Common,UF
Tournegrin,76/115,Common,UF
Teddiursa,77/115,Common,UF
Kaiminus,78/115,Common,UF
Axoloto,79/115,Common,UF
Poudre maléfique,80/115,Uncommon,UF
Recyclage d'énergie,81/115,Uncommon,UF
Suppression d'Énergie 2,82/115,Uncommon,UF
Racine Énergie,83/115,Uncommon,UF
Échange d'Énergie,84/115,Uncommon,UF
Baie Molletonnée,85/115,Uncommon,UF
La requête de Lula,86/115,Uncommon,UF
Poké Ball,87/115,Uncommon,UF
Inversion de Pokémon,88/115,Uncommon,UF
Méthode d'entraînement du Prof. Orme,89/115,Uncommon,UF
Sphère Protectrice,90/115,Uncommon,UF
Baie Sitrus,91/115,Uncommon,UF
Fureur Compacte,92/115,Uncommon,UF
Point d'échange,93/115,Uncommon,UF
Recherche d'énergie,94/115,Common,UF
Potion,95/115,Common,UF
Énergie Obscurité,96/115,Rare,UF
Énergie Métal,97/115,Rare,UF
Énergie Super,98/115,Uncommon,UF
Énergie Cyclone,99/115,Uncommon,UF
Énergie de distorsion,100/115,Uncommon,UF
Leuphorie ex,101/115,Rare Holo EX,UF
Mentali ex,102/115,Rare Holo EX,UF
Aligatueur ex,103/115,Rare Holo EX,UF
Ho-Oh ex,104/115,Rare Holo EX,UF
Lugia ex,105/115,Rare Holo EX,UF
Meganium ex,106/115,Rare Holo EX,UF
Tarpaud ex,107/115,Rare Holo EX,UF
Cizayox ex,108/115,Rare Holo EX,UF
Steelix ex,109/115,Rare Holo EX,UF
Typhlosion ex,110/115,Rare Holo EX,UF
Tyranocif ex,111/115,Rare Holo EX,UF
Noctali ex,112/115,Rare Holo EX,UF
Entei ☆,113/115,Rare Holo Star,UF
Raikou ☆,114/115,Rare Holo Star,UF
Suicune ☆,115/115,Rare Holo Star,UF
Persian ex de Rocket,116/115,Rare Secret,UF
Celebi ex,117/115,Rare Secret,UF
Unown,A/115,Rare,UF
Unown,B/115,Rare,UF
Unown,C/115,Rare,UF
Unown,D/115,Rare,UF
Unown,E/115,Rare,UF
Unown,F/115,Rare,UF
Unown,G/115,Rare,UF
Unown,H/115,Rare,UF
Unown,I/115,Rare,UF
Unown,J/115,Rare,UF
Unown,K/115,Rare,UF
Unown,L/115,Rare,UF
Unown,M/115,Rare,UF
Unown,N/115,Rare,UF
Unown,O/115,Rare,UF
Unown,P/115,Rare,UF
Unown,Q/115,Rare,UF
Unown,R/115,Rare,UF
Unown,S/115,Rare,UF
Unown,T/115,Rare,UF
Unown,U/115,Rare,UF
Unown,V/115,Rare,UF
Unown,W/115,Rare,UF
Unown,X/115,Rare,UF
Unown,Y/115,Rare,UF
Unown,Z/115,Rare,UF
Unown,!/115,Rare,UF
Unown,?/115,Rare,UF
Blaine's Arcanine,1/132,Rare Holo,G2
Blaine's Charizard,2/132,Rare Holo,G2
Brock's Ninetales,3/132,Rare Holo,G2
Erika's Venusaur,4/132,Rare Holo,G2
Giovanni's Gyarados,5/132,Rare Holo,G2
Giovanni's Machamp,6/132,Rare Holo,G2
Giovanni's Nidoking,7/132,Rare Holo,G2
Giovanni's Persian,8/132,Rare Holo,G2
Koga's Beedrill,9/132,Rare Holo,G2
Koga's Ditto,10/132,Rare Holo,G2
Lt. Surge's Raichu,11/132,Rare Holo,G2
Misty's Golduck,12/132,Rare Holo,G2
Misty's Gyarados,13/132,Rare Holo,G2
Rocket's Mewtwo,14/132,Rare Holo,G2
Rocket's Zapdos,15/132,Rare Holo,G2
Sabrina's Alakazam,16/132,Rare Holo,G2
Blaine,17/132,Rare Holo,G2
Giovanni,18/132,Rare Holo,G2
Koga,19/132,Rare Holo,G2
Sabrina,20/132,Rare Holo,G2
Blaine's Ninetales,21/132,Rare,G2
Brock's Dugtrio,22/132,Rare,G2
Giovanni's Nidoqueen,23/132,Rare,G2
Giovanni's Pinsir,24/132,Rare,G2
Koga's Arbok,25/132,Rare,G2
Koga's Muk,26/132,Rare,G2
Koga's Pidgeotto,27/132,Rare,G2
Lt. Surge's Jolteon,28/132,Rare,G2
Sabrina's Gengar,29/132,Rare,G2
Sabrina's Golduck,30/132,Rare,G2
Blaine's Charmeleon,31/132,Uncommon,G2
Blaine's Dodrio,32/132,Uncommon,G2
Blaine's Rapidash,33/132,Uncommon,G2
Brock's Graveler,34/132,Uncommon,G2
Brock's Primeape,35/132,Uncommon,G2
Brock's Sandslash,36/132,Uncommon,G2
Brock's Vulpix,37/132,Uncommon,G2
Erika's Bellsprout,38/132,Uncommon,G2
Erika's Bulbasaur,39/132,Uncommon,G2
Erika's Clefairy,40/132,Uncommon,G2
Erika's Ivysaur,41/132,Uncommon,G2
Giovanni's Machoke,42/132,Uncommon,G2
Giovanni's Meowth,43/132,Uncommon,G2
Giovanni's Nidorina,44/132,Uncommon,G2
Giovanni's Nidorino,45/132,Uncommon,G2
Koga's Golbat,46/132,Uncommon,G2
Koga's Kakuna,47/132,Uncommon,G2
Koga's Koffing,48/132,Uncommon,G2
Koga's Pidgey,49/132,Uncommon,G2
Koga's Weezing,50/132,Uncommon,G2
Lt. Surge's Eevee,51/132,Uncommon,G2
Lt. Surge's Electrode,52/132,Uncommon,G2
Lt. Surge's Raticate,53/132,Uncommon,G2
Misty's Dewgong,54/132,Uncommon,G2
Sabrina's Haunter,55/132,Uncommon,G2
Sabrina's Hypno,56/132,Uncommon,G2
Sabrina's Jynx,57/132,Uncommon,G2
Sabrina's Kadabra,58/132,Uncommon,G2
Sabrina's Mr. Mime,59/132,Uncommon,G2
Blaine's Charmander,60/132,Common,G2
Blaine's Doduo,61/132,Common,G2
Blaine's Growlithe,62/132,Common,G2
Blaine's Mankey,63/132,Common,G2
Blaine's Ponyta,64/132,Common,G2
Blaine's Rhyhorn,65/132,Common,G2
Blaine's Vulpix,66/132,Common,G2
Brock's Diglett,67/132,Common,G2
Brock's Geodude,68/132,Common,G2
Erika's Jigglypuff,69/132,Common,G2
Erika's Oddish,70/132,Common,G2
Erika's Paras,71/132,Common,G2
Giovanni's Machop,72/132,Common,G2
Giovanni's Magikarp,73/132,Common,G2
Giovanni's Meowth,74/132,Common,G2
Giovanni's Nidoran ♀,75/132,Common,G2
Giovanni's Nidoran ♂,76/132,Common,G2
Koga's Ekans,77/132,Common,G2
Koga's Grimer,78/132,Common,G2
Koga's Koffing,79/132,Common,G2
Koga's Pidgey,80/132,Common,G2
Koga's Tangela,81/132,Common,G2
Koga's Weedle,82/132,Common,G2
Koga's Zubat,83/132,Common,G2
Lt. Surge's Pikachu,84/132,Common,G2
Lt. Surge's Rattata,85/132,Common,G2
Lt. Surge's Voltorb,86/132,Common,G2
Misty's Horsea,87/132,Common,G2
Misty's Magikarp,88/132,Common,G2
Misty's Poliwag,89/132,Common,G2
Misty's Psyduck,90/132,Common,G2
Misty's Seel,91/132,Common,G2
Misty's Staryu,92/132,Common,G2
Sabrina's Abra,93/132,Common,G2
Sabrina's Abra,94/132,Common,G2
Sabrina's Drowzee,95/132,Common,G2
Sabrina's Gastly,96/132,Common,G2
Sabrina's Gastly,97/132,Common,G2
Sabrina's Porygon,98/132,Common,G2
Sabrina's Psyduck,99/132,Common,G2
Blaine,100/132,Rare,G2
Brock's Protection,101/132,Rare,G2
Chaos Gym,102/132,Rare,G2
Erika's Kindness,103/132,Rare,G2
Giovanni,104/132,Rare,G2
Giovanni's Last Resort,105/132,Rare,G2
Koga,106/132,Rare,G2
Lt. Surge's Secret Plan,107/132,Rare,G2
Misty's Wish,108/132,Rare,G2
Resistance Gym,109/132,Rare,G2
Sabrina,110/132,Rare,G2
Blaine's Quiz #2,111/132,Uncommon,G2
Blaine's Quiz #3,112/132,Uncommon,G2
Cinnabar City Gym,113/132,Uncommon,G2
Fuchsia City Gym,114/132,Uncommon,G2
Koga's Ninja Trick,115/132,Uncommon,G2
Master Ball,116/132,Uncommon,G2
Max Revive,117/132,Uncommon,G2
Misty's Tears,118/132,Uncommon,G2
Rocket's Minefield Gym,119/132,Uncommon,G2
Rocket's Secret Experiment,120/132,Uncommon,G2
Sabrina's Psychic Control,121/132,Uncommon,G2
Saffron City Gym,122/132,Uncommon,G2
Viridian City Gym,123/132,Uncommon,G2
Fervor,124/132,Common,G2
Transparent Walls,125/132,Common,G2
Warp Point,126/132,Common,G2
Fighting Energy,127/132,,G2
Fire Energy,128/132,,G2
Grass Energy,129/132,,G2
Lightning Energy,130/132,,G2
Psychic Energy,131/132,,G2
Water Energy,132/132,,G2
Blaine's Moltres,1/132,Rare Holo,G1
Brock's Rhydon,2/132,Rare Holo,G1
Erika's Clefable,3/132,Rare Holo,G1
Erika's Dragonair,4/132,Rare Holo,G1
Erika's Vileplume,5/132,Rare Holo,G1
Lt. Surge's Electabuzz,6/132,Rare Holo,G1
Lt. Surge's Fearow,7/132,Rare Holo,G1
Lt. Surge's Magneton,8/132,Rare Holo,G1
Misty's Seadra,9/132,Rare Holo,G1
Misty's Tentacruel,10/132,Rare Holo,G1
Rocket's Hitmonchan,11/132,Rare Holo,G1
Rocket's Moltres,12/132,Rare Holo,G1
Rocket's Scyther,13/132,Rare Holo,G1
Sabrina's Gengar,14/132,Rare Holo,G1
Brock,15/132,Rare Holo,G1
Erika,16/132,Rare Holo,G1
Lt. Surge,17/132,Rare Holo,G1
Misty,18/132,Rare Holo,G1
The Rocket's Trap,19/132,Rare Holo,G1
Brock's Golem,20/132,Rare,G1
Brock's Onix,21/132,Rare,G1
Brock's Rhyhorn,22/132,Rare,G1
Brock's Sandslash,23/132,Rare,G1
Brock's Zubat,24/132,Rare,G1
Erika's Clefairy,25/132,Rare,G1
Erika's Victreebel,26/132,Rare,G1
Lt. Surge's Electabuzz,27/132,Rare,G1
Lt. Surge's Raichu,28/132,Rare,G1
Misty's Cloyster,29/132,Rare,G1
Misty's Goldeen,30/132,Rare,G1
Misty's Poliwrath,31/132,Rare,G1
Misty's Tentacool,32/132,Rare,G1
Rocket's Snorlax,33/132,Rare,G1
Sabrina's Venomoth,34/132,Rare,G1
Blaine's Growlithe,35/132,Uncommon,G1
Blaine's Kangaskhan,36/132,Uncommon,G1
Blaine's Magmar,37/132,Uncommon,G1
Brock's Geodude,38/132,Uncommon,G1
Brock's Golbat,39/132,Uncommon,G1
Brock's Graveler,40/132,Uncommon,G1
Brock's Lickitung,41/132,Uncommon,G1
Erika's Dratini,42/132,Uncommon,G1
Erika's Exeggcute,43/132,Uncommon,G1
Erika's Exeggutor,44/132,Uncommon,G1
Erika's Gloom,45/132,Uncommon,G1
Erika's Gloom,46/132,Uncommon,G1
Erika's Oddish,47/132,Uncommon,G1
Erika's Weepinbell,48/132,Uncommon,G1
Erika's Weepinbell,49/132,Uncommon,G1
Lt. Surge's Magnemite,50/132,Uncommon,G1
Lt. Surge's Raticate,51/132,Uncommon,G1
Lt. Surge's Spearow,52/132,Uncommon,G1
Misty's Poliwhirl,53/132,Uncommon,G1
Misty's Psyduck,54/132,Uncommon,G1
Misty's Seaking,55/132,Uncommon,G1
Misty's Starmie,56/132,Uncommon,G1
Misty's Tentacool,57/132,Uncommon,G1
Sabrina's Haunter,58/132,Uncommon,G1
Sabrina's Jynx,59/132,Uncommon,G1
Sabrina's Slowbro,60/132,Uncommon,G1
Blaine's Charmander,61/132,Common,G1
Blaine's Growlithe,62/132,Common,G1
Blaine's Ponyta,63/132,Common,G1
Blaine's Tauros,64/132,Common,G1
Blaine's Vulpix,65/132,Common,G1
Brock's Geodude,66/132,Common,G1
Brock's Mankey,67/132,Common,G1
Brock's Mankey,68/132,Common,G1
Brock's Onix,69/132,Common,G1
Brock's Rhyhorn,70/132,Common,G1
Brock's Sandshrew,71/132,Common,G1
Brock's Sandshrew,72/132,Common,G1
Brock's Vulpix,73/132,Common,G1
Brock's Zubat,74/132,Common,G1
Erika's Bellsprout,75/132,Common,G1
Erika's Bellsprout,76/132,Common,G1
Erika's Exeggcute,77/132,Common,G1
Erika's Oddish,78/132,Common,G1
Erika's Tangela,79/132,Common,G1
Lt. Surge's Magnemite,80/132,Common,G1
Lt. Surge's Pikachu,81/132,Common,G1
Lt. Surge's Rattata,82/132,Common,G1
Lt. Surge's Spearow,83/132,Common,G1
Lt. Surge's Voltorb,84/132,Common,G1
Misty's Goldeen,85/132,Common,G1
Misty's Horsea,86/132,Common,G1
Misty's Poliwag,87/132,Common,G1
Misty's Seel,88/132,Common,G1
Misty's Shellder,89/132,Common,G1
Misty's Staryu,90/132,Common,G1
Sabrina's Abra,91/132,Common,G1
Sabrina's Drowzee,92/132,Common,G1
Sabrina's Gastly,93/132,Common,G1
Sabrina's Mr. Mime,94/132,Common,G1
Sabrina's Slowpoke,95/132,Common,G1
Sabrina's Venonat,96/132,Common,G1
Blaine's Quiz #1,97/132,Rare,G1
Brock,98/132,Rare,G1
Charity,99/132,Rare,G1
Erika,100/132,Rare,G1
Lt. Surge,101/132,Rare,G1
Misty,102/132,Rare,G1
No Removal Gym,103/132,Rare,G1
The Rocket's Training Gym,104/132,Rare,G1
Blaine's Last Resort,105/132,Uncommon,G1
Brock's Training Method,106/132,Uncommon,G1
Celadon City Gym,107/132,Uncommon,G1
Cerulean City Gym,108/132,Uncommon,G1
Erika's Maids,109/132,Uncommon,G1
Erika's Perfume,110/132,Uncommon,G1
Good Manners,111/132,Uncommon,G1
Lt. Surge's Treaty,112/132,Uncommon,G1
Minion of Team Rocket,113/132,Uncommon,G1
Misty's Wrath,114/132,Uncommon,G1
Pewter City Gym,115/132,Uncommon,G1
Recall,116/132,Uncommon,G1
Sabrina's ESP,117/132,Uncommon,G1
Secret Mission,118/132,Uncommon,G1
Tickling Machine,119/132,Uncommon,G1
Vermilion City Gym,120/132,Uncommon,G1
Blaine's Gamble,121/132,Common,G1
Energy Flow,122/132,Common,G1
Misty's Duel,123/132,Common,G1
Narrow Gym,124/132,Common,G1
Sabrina's Gaze,125/132,Common,G1
Trash Exchange,126/132,Common,G1
Fighting Energy,127/132,,G1
Fire Energy,128/132,,G1
Grass Energy,129/132,,G1
Lightning Energy,130/132,,G1
Psychic Energy,131/132,,G1
Water Energy,132/132,,G1
Mélodelfe,1/95,Rare Holo,CL
Deoxys,2/95,Rare Holo,CL
Dialga,3/95,Rare Holo,CL
Mentali,4/95,Rare Holo,CL
Foretress,5/95,Rare Holo,CL
Groudon,6/95,Rare Holo,CL
Léviator,7/95,Rare Holo,CL
Kapoera,8/95,Rare Holo,CL
Ho-Oh,9/95,Rare Holo,CL
Démolosse,10/95,Rare Holo,CL
Jirachi,11/95,Rare Holo,CL
Kyogre,12/95,Rare Holo,CL
Phyllali,13/95,Rare Holo,CL
Lucario,14/95,Rare Holo,CL
Lugia,15/95,Rare Holo,CL
Maganon,16/95,Rare Holo,CL
Feunard,17/95,Rare Holo,CL
Pachirisu,18/95,Rare Holo,CL
Palkia,19/95,Rare Holo,CL
Rayquaza,20/95,Rare Holo,CL
Queulorior,21/95,Rare Holo,CL
Noctali,22/95,Rare Holo,CL
Pharamp,23/95,Rare,CL
Mélo,24/95,Rare,CL
Aligatueur,25/95,Rare,CL
Granbull,26/95,Rare,CL
Méganium,27/95,Rare,CL
Magirêve,28/95,Rare,CL
M. Mime,29/95,Rare,CL
Roucarnage,30/95,Rare,CL
Airmure,31/95,Rare,CL
Roigada,32/95,Rare,CL
Ronflex,33/95,Rare,CL
Bouldeneu,34/95,Rare,CL
Typhlosion,35/95,Rare,CL
Débugant,36/95,Rare,CL
Ursaring,37/95,Rare,CL
Smogogo,38/95,Rare,CL
Mangriff,39/95,Rare,CL
Macronium,40/95,Uncommon,CL
Crocrodil,41/95,Uncommon,CL
Donphan,42/95,Uncommon,CL
Lainergie,43/95,Uncommon,CL
Pyroli,44/95,Uncommon,CL
Voltali,45/95,Uncommon,CL
Magby,46/95,Uncommon,CL
Mime Jr.,47/95,Uncommon,CL
Roucoups,48/95,Uncommon,CL
Feurisson,49/95,Uncommon,CL
Riolu,50/95,Uncommon,CL
Séviper,51/95,Uncommon,CL
Aquali,52/95,Uncommon,CL
Germignon,53/95,Common,CL
Mélofée,54/95,Common,CL
Héricendre,55/95,Common,CL
Evoli,56/95,Common,CL
Tygnon,57/95,Common,CL
Kicklee,58/95,Common,CL
Malosse,59/95,Common,CL
Smogo,60/95,Common,CL
Magicarpe,61/95,Common,CL
Magmar,62/95,Common,CL
Wattouat,63/95,Common,CL
Mysdibule,64/95,Common,CL
Feuforêve,65/95,Common,CL
Phanpy,66/95,Common,CL
Roucool,67/95,Common,CL
Pomdepik,68/95,Common,CL
Relicanth,69/95,Common,CL
Ramoloss,70/95,Common,CL
Snubbull,71/95,Common,CL
Saquedeneu,72/95,Common,CL
Teddiursa,73/95,Common,CL
Kaiminus,74/95,Common,CL
Goupix,75/95,Common,CL
Encouragements hystériques,76/95,Uncommon,CL
Copieuse,77/95,Uncommon,CL
Double boule,78/95,Uncommon,CL
Questionnaire d'interview,79/95,Uncommon,CL
Nettoyeur perdu,80/95,Uncommon,CL
Monde perdu,81/95,Uncommon,CL
Méthode d'entraînement du Prof. Orme,82/95,Uncommon,CL
Nouvelle théorie du Prof. Chen,83/95,Uncommon,CL
Archive des recherches,84/95,Uncommon,CL
Entraînement de Sage,85/95,Uncommon,CL
Énergie Obscurité,86/95,Uncommon,CL
Énergie Métal,87/95,Uncommon,CL
Énergie Plante,88/95,Common,CL
Énergie Feu,89/95,Common,CL
Énergie Eau,90/95,Common,CL
Énergie Électrique,91/95,Common,CL
Énergie Psy,92/95,Common,CL
Énergie Combat,93/95,Common,CL
Énergie Obscurité,94/95,Common,CL
Énergie Métal,95/95,Common,CL
Deoxys,SL1/95,Rare Holo,CL
Dialga,SL2/95,Rare Holo,CL
Entei,SL3/95,Rare Holo,CL
Groudon,SL4/95,Rare Holo,CL
Ho-Oh,SL5/95,Rare Holo,CL
Kyogre,SL6/95,Rare Holo,CL
Lugia,SL7/95,Rare Holo,CL
Palkia,SL8/95,Rare Holo,CL
Raikou,SL9/95,Rare Holo,CL
Rayquaza,SL10/95,Rare Holo,CL
Suicune,SL11/95,Rare Holo,CL
Arcanin,1/123,Rare Holo,HS
Azumarill,2/123,Rare Holo,HS
Mélodelfe,3/123,Rare Holo,HS
Léviator,4/123,Rare Holo,HS
Kapoera,5/123,Rare Holo,HS
Cotovol,6/123,Rare Holo,HS
Feunard,7/123,Rare Holo,HS
Noarfang,8/123,Rare Holo,HS
Maraiste,9/123,Rare Holo,HS
Raichu,10/123,Rare Holo,HS
Caratroc,11/123,Rare Holo,HS
Roigada,12/123,Rare Holo,HS
Qulbutoké,13/123,Rare Holo,HS
Pharamp,14/123,Rare,HS
Migalos,15/123,Rare,HS
Papilusion,16/123,Rare,HS
Mélo,17/123,Rare,HS
Noadkoko,18/123,Rare,HS
Canarticho,19/123,Rare,HS
Aligatueur,20/123,Rare,HS
Fouinar,21/123,Rare,HS
Granbull,22/123,Rare,HS
Hypnomade,23/123,Rare,HS
Lokhlass,24/123,Rare,HS
Coxyclaque,25/123,Rare,HS
Méganium,26/123,Rare,HS
Persian,27/123,Rare,HS
Pichu,28/123,Rare,HS
Sablaireau,29/123,Rare,HS
Lippouti,30/123,Rare,HS
Héliatronc,31/123,Rare,HS
Typhlosion,32/123,Rare,HS
Débugant,33/123,Rare,HS
Smogogo,34/123,Rare,HS
Macronium,35/123,Uncommon,HS
Leuphorie,36/123,Uncommon,HS
Corayon,37/123,Uncommon,HS
Crocodil,38/123,Uncommon,HS
Cadoizo,39/123,Uncommon,HS
Donphan,40/123,Uncommon,HS
Insolourdo,41/123,Uncommon,HS
Lainergie,42/123,Uncommon,HS
Scarhino,43/123,Uncommon,HS
Toudoudou,44/123,Uncommon,HS
Démanta,45/123,Uncommon,HS
Chrysacier,46/123,Uncommon,HS
Écrémeuh,47/123,Uncommon,HS
Parasect,48/123,Uncommon,HS
Fleurisson,49/123,Uncommon,HS
Qwilfish,50/123,Uncommon,HS
Floravol,51/123,Uncommon,HS
Flagadoss,52/123,Uncommon,HS
Staross,53/123,Uncommon,HS
Zarbi,54/123,Uncommon,HS
Zarbi,55/123,Uncommon,HS
Grodoudou,56/123,Uncommon,HS
Chenipan,57/123,Common,HS
Leveinard,58/123,Common,HS
Germignon,59/123,Common,HS
Mélofée,60/123,Common,HS
Héricendre,61/123,Common,HS
Soporifik,62/123,Common,HS
Noeunoeuf,63/123,Common,HS
Girafarig,64/123,Common,HS
Caninos,65/123,Common,HS
Hoothoot,66/123,Common,HS
Granivol,67/123,Common,HS
Rondoudou,68/123,Common,HS
Lippoutou,69/123,Common,HS
Smogo,70/123,Common,HS
Coxy,71/123,Common,HS
Magicarpe,72/123,Common,HS
Wattouat,73/123,Common,HS
Marill,74/123,Common,HS
Miaouss,75/123,Common,HS
Paras,76/123,Common,HS
Phanpy,77/123,Common,HS
Pikachu,78/123,Common,HS
Sabelette,79/123,Common,HS
Fouinette,80/123,Common,HS
Ramoloss,81/123,Common,HS
Snubbull,82/123,Common,HS
Mimigal,83/123,Common,HS
Stari,84/123,Common,HS
Tournegrin,85/123,Common,HS
Kaiminus,86/123,Common,HS
Goupix,87/123,Common,HS
Axoloto,88/123,Common,HS
Léo,89/123,Uncommon,HS
Copieuse,90/123,Uncommon,HS
Échange d’Énergie,91/123,Uncommon,HS
Pêcheur,92/123,Uncommon,HS
Énergie guérisseuse,93/123,Uncommon,HS
Lait Meumeu,94/123,Uncommon,HS
Poké Ball,95/123,Uncommon,HS
Poké Gear3.0,96/123,Uncommon,HS
Collectionneur de Pokémon,97/123,Uncommon,HS
Communication Pokémon,98/123,Uncommon,HS
Inversion de Pokémon,99/123,Uncommon,HS
Méthode d'entraînement du Prof.Orme,100/123,Uncommon,HS
Nouvelle théorie du Prof. Chen,101/123,Uncommon,HS
Échange,102/123,Uncommon,HS
Énergie doublement incolore,103/123,Uncommon,HS
Énergie multicolore,104/123,Uncommon,HS
Pharamp,105/123,Rare Prime,HS
Leuphorie,106/123,Rare Prime,HS
Donphan,107/123,Rare Prime,HS
Aligatueur,108/123,Rare Prime,HS
Méganium,109/123,Rare Prime,HS
Typhlosion,110/123,Rare Prime,HS
Ho-Oh LÉGENDAIRE,111/123,LEGEND,HS
Ho-Oh LÉGENDAIRE,112/123,LEGEND,HS
Lugia LÉGENDAIRE,113/123,LEGEND,HS
Lugia LÉGENDAIRE,114/123,LEGEND,HS
Énergie Plante,115/123,Common,HS
Énergie Feu,116/123,Common,HS
Énergie Eau,117/123,Common,HS
Énergie Électrique,118/123,Common,HS
Énergie Psy,119/123,Common,HS
Énergie Combat,120/123,Common,HS
Énergie Obscurité,121/123,Common,HS
Énergie Métal,122/123,Common,HS
Léviator,123/123,Rare Holo,HS
Lithographie d’Alph,ONE/123,Rare Secret,HS
Ho-Oh,HGSS01/25,Promo,HSP
Lugia,HGSS02/25,Promo,HSP
Pikachu,HGSS03/25,Promo,HSP
Qulbutoké,HGSS04/25,Promo,HSP
Hoothoot,HGSS05/25,Promo,HSP
Noarfang,HGSS06/25,Promo,HSP
Aligatueur,HGSS07/25,Promo,HSP
Méganium,HGSS08/25,Promo,HSP
Typhlosion,HGSS09/25,Promo,HSP
Latias,HGSS10/25,Promo,HSP
Latios,HGSS11/25,Promo,HSP
Mélo,HGSS12/25,Promo,HSP
Lippouti,HGSS13/25,Promo,HSP
Lokhlass,HGSS14/25,Promo,HSP
Caratroc,HGSS15/25,Promo,HSP
Posipi,HGSS16/25,Promo,HSP
Négapi,HGSS17/25,Promo,HSP
Raz-de-marée tropical,HGSS18/25,Promo,HSP
Raikou,HGSS19/25,Promo,HSP
Entei,HGSS20/25,Promo,HSP
Suicune,HGSS21/25,Promo,HSP
Porygon,HGSS22/25,Promo,HSP
Porygon2,HGSS23/25,Promo,HSP
Tygnon,HGSS24/25,Promo,HSP
Kicklee,HGSS25/25,Promo,HSP
Galeking,1/102,Rare Holo,TM
Altaria,2/102,Rare Holo,TM
Celebi,3/102,Rare Holo,TM
Drascore,4/102,Rare Holo,TM
Mammochon,5/102,Rare Holo,TM
Nidoking,6/102,Rare Holo,TM
Porygon-Z,7/102,Rare Holo,TM
Galopa,8/102,Rare Holo,TM
Solaroc,9/102,Rare Holo,TM
Spiritomb,10/102,Rare Holo,TM
Aéromite,11/102,Rare Holo,TM
Empiflor,12/102,Rare Holo,TM
Capidextre,13/102,Rare,TM
Branette,14/102,Rare,TM
Archéodong,15/102,Rare,TM
Vortente,16/102,Rare,TM
Métamorph,17/102,Rare,TM
Dracolosse,18/102,Rare,TM
Triopikeur,19/102,Rare,TM
Élekable,20/102,Rare,TM
Élekid,21/102,Rare,TM
Akwakwak,22/102,Rare,TM
Groret,23/102,Rare,TM
Mélokrik,24/102,Rare,TM
Séléroc,25/102,Rare,TM
Mackogneur,26/102,Rare,TM
Maganon,27/102,Rare,TM
Nidoqueen,28/102,Rare,TM
Roucarnage,29/102,Rare,TM
Sharpedo,30/102,Rare,TM
Wailord,31/102,Rare,TM
Draco,32/102,Uncommon,TM
Elektek,33/102,Uncommon,TM
Électrode,34/102,Uncommon,TM
Spectrum,35/102,Uncommon,TM
Kangourex,36/102,Uncommon,TM
Galegon,37/102,Uncommon,TM
Coudlangue,38/102,Uncommon,TM
Lovdisc,39/102,Uncommon,TM
Machopeur,40/102,Uncommon,TM
Magby,41/102,Uncommon,TM
Magmar,42/102,Uncommon,TM
Magnéton,43/102,Uncommon,TM
Ossatueur,44/102,Uncommon,TM
Nidorina,45/102,Uncommon,TM
Nidorino,46/102,Uncommon,TM
Roucoups,47/102,Uncommon,TM
Cochignon,48/102,Uncommon,TM
Porygon2,49/102,Uncommon,TM
Tentacruel,50/102,Uncommon,TM
Zarbi,51/102,Uncommon,TM
Wailmer,52/102,Uncommon,TM
Boustiflor,53/102,Uncommon,TM
Yanmega,54/102,Uncommon,TM
Capumain,55/102,Common,TM
Galekid,56/102,Common,TM
Chétiflor,57/102,Common,TM
Archéomire,58/102,Common,TM
Carvanha,59/102,Common,TM
Osselait,60/102,Common,TM
Taupiqueur,61/102,Common,TM
Minidraco,62/102,Common,TM
Fantominus,63/102,Common,TM
Lumivole,64/102,Common,TM
Crikzik,65/102,Common,TM
Excelangue,66/102,Common,TM
Machoc,67/102,Common,TM
Magnéti,68/102,Common,TM
Nidoran♀,69/102,Common,TM
Nidoran♂,70/102,Common,TM
Roucool,71/102,Common,TM
Ponyta,72/102,Common,TM
Porygon,73/102,Common,TM
Psykokwak,74/102,Common,TM
Polichombr,75/102,Common,TM
Rapion,76/102,Common,TM
Spoink,77/102,Common,TM
Tylton,78/102,Common,TM
Marcacrin,79/102,Common,TM
Tentacool,80/102,Common,TM
Mimitoss,81/102,Common,TM
Muciole,82/102,Common,TM
Voltorbe,83/102,Common,TM
Yanma,84/102,Common,TM
Karatéka,85/102,Uncommon,TM
Plateau Indigo,86/102,Uncommon,TM
Bras indésirable,87/102,Uncommon,TM
Détecteur,88/102,Uncommon,TM
Jumelles,89/102,Uncommon,TM
Énergie Rescousse,90/102,Uncommon,TM
Absol,91/102,Rare Prime,TM
Celebi,92/102,Rare Prime,TM
Électrode,93/102,Rare Prime,TM
Ectoplasma,94/102,Rare Prime,TM
Mackogneur,95/102,Rare Prime,TM
Magnézone,96/102,Rare Prime,TM
Mew,97/102,Rare Prime,TM
Yanmega,98/102,Rare Prime,TM
Darkrai & Cresselia LÉGENDE,99/102,LEGEND,TM
Darkrai & Cresselia LÉGENDE,100/102,LEGEND,TM
Palkia & Dialga LÉGENDE,101/102,LEGEND,TM
Palkia & Dialga LÉGENDE,102/102,LEGEND,TM
Lithographie d’Alpha,FOUR/102,Rare Secret,TM
Joliflor,1/90,Rare Holo,UD
Mentali,2/90,Rare Holo,UD
Foretress,3/90,Rare Holo,UD
Scorvol,4/90,Rare Holo,UD
Demolosse,5/90,Rare Holo,UD
Volcaropod,6/90,Rare Holo,UD
Cizayox,7/90,Rare Holo,UD
Queulorior,8/90,Rare Holo,UD
Togekiss,9/90,Rare Holo,UD
Noctali,10/90,Rare Holo,UD
Dodrio,11/90,Rare,UD
Grodrive,12/90,Rare,UD
Foretress,13/90,Rare,UD
Hariyama,14/90,Rare,UD
Corboss,15/90,Rare,UD
Corboss,16/90,Rare,UD
Phyllali,17/90,Rare,UD
Métalosse,18/90,Rare,UD
Magirêve,19/90,Rare,UD
Motisma,20/90,Rare,UD
Airmure,21/90,Rare,UD
Tropius,22/90,Rare,UD
Apireine,23/90,Rare,UD
Rafflesia,24/90,Rare,UD
Dimoret,25/90,Rare,UD
Pyroli,26/90,Uncommon,UD
Ortide,27/90,Uncommon,UD
Voltali,28/90,Uncommon,UD
Galegon,29/90,Uncommon,UD
Métang,30/90,Uncommon,UD
Grotadmorv,31/90,Uncommon,UD
Scarabrute,32/90,Uncommon,UD
Raichu,33/90,Uncommon,UD
Rattatac,34/90,Uncommon,UD
Ténéfix,35/90,Uncommon,UD
Insecateur,36/90,Uncommon,UD
Moufflair,37/90,Uncommon,UD
Flagadoss,38/90,Uncommon,UD
Togetic,39/90,Uncommon,UD
Zarbi,40/90,Uncommon,UD
Aquali,41/90,Uncommon,UD
Galekid,42/90,Common,UD
Terhal,43/90,Common,UD
Apitrini,44/90,Common,UD
Doduo,45/90,Common,UD
Baudrive,46/90,Common,UD
Evoli,47/90,Common,UD
Evoli,48/90,Common,UD
Scorplane,49/90,Common,UD
Tadmorv,50/90,Common,UD
Tygnon,51/90,Common,UD
Kicklee,52/90,Common,UD
Malosse,53/90,Common,UD
Malosse,54/90,Common,UD
Makuhita,55/90,Common,UD
Mysdibule,56/90,Common,UD
Feuforêve,57/90,Common,UD
Cornèbre,58/90,Common,UD
Cornèbre,59/90,Common,UD
Mystherbe,60/90,Common,UD
Pikachu,61/90,Common,UD
Pomdepik,62/90,Common,UD
Pomdepik,63/90,Common,UD
Rattata,64/90,Common,UD
Insecateur,65/90,Common,UD
Ramoloss,66/90,Common,UD
Limagma,67/90,Common,UD
Farfuret,68/90,Common,UD
Moufouette,69/90,Common,UD
Togepi,70/90,Common,UD
Tour Cendrée,71/90,Uncommon,UD
Défenseur,72/90,Uncommon,UD
Chang’Énergie,73/90,Uncommon,UD
Fleuriste,74/90,Uncommon,UD
Boîte légendaire,75/90,Uncommon,UD
Ruines d’Alph,76/90,Uncommon,UD
Entraînement de Sage,77/90,Uncommon,UD
Fourberie de la Team Rocket,78/90,Uncommon,UD
Énergie Obscurité,79/90,Uncommon,UD
Énergie Métal,80/90,Uncommon,UD
Mentali,81/90,Rare Prime,UD
Demolosse,82/90,Rare Prime,UD
Raichu,83/90,Rare Prime,UD
Cizayox,84/90,Rare Prime,UD
Roigada,85/90,Rare Prime,UD
Noctali,86/90,Rare Prime,UD
Kyogre & Groudon LÉGENDE,87/90,LEGEND,UD
Kyogre & Groudon LÉGENDE,88/90,LEGEND,UD
Rayquaza & Deoxys LÉGENDE,89/90,LEGEND,UD
Rayquaza & Deoxys LÉGENDE,90/90,LEGEND,UD
Lithographie d’Alph,THREE/90,Rare Secret,UD
Jirachi,1/95,Rare Holo,UL
Maganon,2/95,Rare Holo,UL
Manaphy,3/95,Rare Holo,UL
Métalosse,4/95,Rare Holo,UL
Magirêve,5/95,Rare Holo,UL
Octillery,6/95,Rare Holo,UL
Tarpaud,7/95,Rare Holo,UL
Shaymin,8/95,Rare Holo,UL
Simularbre,9/95,Rare Holo,UL
Torterra,10/95,Rare Holo,UL
Xatu,11/95,Rare Holo,UL
Dardargnan,12/95,Rare,UL
Tortank,13/95,Rare,UL
Nostenfer,14/95,Rare,UL
Rapasdepic,15/95,Rare,UL
Mustéflott,16/95,Rare,UL
Hyporoi,17/95,Rare,UL
Lanturn,18/95,Rare,UL
Lucario,19/95,Rare,UL
Feunard,20/95,Rare,UL
Tartard,21/95,Rare,UL
Colossinge,22/95,Rare,UL
Roserade,23/95,Rare,UL
Steelix,24/95,Rare,UL
Chartor,25/95,Rare,UL
Tyranocif,26/95,Rare,UL
Ursaring,27/95,Rare,UL
Ceriflor,28/95,Uncommon,UL
Insolourdo,29/95,Uncommon,UL
Nosferalto,30/95,Uncommon,UL
Boskara,31/95,Uncommon,UL
Coconfort,32/95,Uncommon,UL
Métang,33/95,Uncommon,UL
Négapi,34/95,Uncommon,UL
Chamallot,35/95,Uncommon,UL
Posipi,36/95,Uncommon,UL
Tetarte,37/95,Uncommon,UL
Ymphect,38/95,Uncommon,UL
Ymphect,39/95,Uncommon,UL
Hypocean,40/95,Uncommon,UL
Tauros,41/95,Uncommon,UL
Carabaffe,42/95,Uncommon,UL
Capumain,43/95,Common,UL
Terhal,44/95,Common,UL
Mustébouée,45/95,Common,UL
Vortente,46/95,Common,UL
Ceribou,47/95,Common,UL
Loupio,48/95,Common,UL
Hypotrempe,49/95,Common,UL
Embrylex,50/95,Common,UL
Embrylex,51/95,Common,UL
Magmar,52/95,Common,UL
Férosinge,53/95,Common,UL
Feuforêve,54/95,Common,UL
Natu,55/95,Common,UL
Onix,56/95,Common,UL
Onix,57/95,Common,UL
Ptitard,58/95,Common,UL
Rémoraid,59/95,Common,UL
Riolu,60/95,Common,UL
Rosélia,61/95,Common,UL
Piafabec,62/95,Common,UL
Carapuce,63/95,Common,UL
Cerfrousse,64/95,Common,UL
Teddiursa,65/95,Common,UL
Tropius,66/95,Common,UL
Tortipouss,67/95,Common,UL
Goupix,68/95,Common,UL
Aspicot,69/95,Common,UL
Nosferapti,70/95,Common,UL
Encouragements hystériques,71/95,Uncommon,UL
Double boule,72/95,Uncommon,UL
Bavardage du maître,73/95,Uncommon,UL
Récupérateur d’énergie,74/95,Uncommon,UL
Réglages techniques,75/95,Uncommon,UL
Bonne canne,76/95,Uncommon,UL
Questionnaire d’interview,77/95,Uncommon,UL
Juge,78/95,Uncommon,UL
Herbe sauveuse,79/95,Uncommon,UL
PlusPower,80/95,Uncommon,UL
Circulateur de Pokémon,81/95,Uncommon,UL
Super bonbon,82/95,Uncommon,UL
Super rappel,83/95,Uncommon,UL
Nostenfer,84/95,Rare Prime,UL
Hyporoi,85/95,Rare Prime,UL
Lanturn,86/95,Rare Prime,UL
Steelix,87/95,Rare Prime,UL
Tyranocif,88/95,Rare Prime,UL
Ursaring,89/95,Rare Prime,UL
Entei & Raikou LÉGENDE (haut),90/95,LEGEND,UL
Entei & Raikou LÉGENDE (bas),91/95,LEGEND,UL
Raikou & Suicune LÉGENDE (haut),92/95,LEGEND,UL
Raikou & Suicune LÉGENDE (bas),93/95,LEGEND,UL
Suicune & Entei LÉGENDE (haut),94/95,LEGEND,UL
Suicune & Entei LÉGENDE (bas),95/95,LEGEND,UL
Lithographie d'Alpha,TWO/95,Rare Secret,UL
Mystherbe d'Erika,1/217,Common,ASC
Ortide d'Erika,2/217,Uncommon,ASC
Rafflesia-ex d'Erika,3/217,Double Rare,ASC
Chétiflor d'Erika,4/217,Common,ASC
Boustiflor d'Erika,5/217,Uncommon,ASC
Empiflor d'Erika,6/217,Rare,ASC
Saquedeneu d'Erika,7/217,Common,ASC
Germignon,8/217,Common,ASC
Macronium,9/217,Uncommon,ASC
Méga-Méganium-ex,10/217,Double Rare,ASC
Chenipotte,11/217,Common,ASC
Armulys,12/217,Common,ASC
Charmillon,13/217,Uncommon,ASC
Blindalys,14/217,Common,ASC
Papinox,15/217,Uncommon,ASC
Rozbouton,16/217,Common,ASC
Larvibule,17/217,Common,ASC
Tissenboule de la Team Rocket,18/217,Common,ASC
Filentrappe de la Team Rocket,19/217,Rare,ASC
Salamèche,20/217,Common,ASC
Reptincel,21/217,Uncommon,ASC
Méga-Dracaufeu Y-ex,22/217,Double Rare,ASC
Limagma de Luth,23/217,Common,ASC
Volcaropod de Luth,24/217,Rare,ASC
Entei,25/217,Rare,ASC
Ho-Oh-ex de Luth,26/217,Double Rare,ASC
Chamallot,27/217,Common,ASC
Camérupt,28/217,Uncommon,ASC
Gruikui,29/217,Common,ASC
Grotichon,30/217,Uncommon,ASC
Méga-Roitiflam-ex,31/217,Double Rare,ASC
Darumarond de N,32/217,Common,ASC
Darumacho de N,33/217,Uncommon,ASC
Tritox,34/217,Common,ASC
Malamandre,35/217,Uncommon,ASC
Flambino,36/217,Common,ASC
Lapyro,37/217,Common,ASC
Pyrobut-ex,38/217,Double Rare,ASC
Psykokwak,39/217,Common,ASC
Akwakwak,40/217,Uncommon,ASC
Kaiminus,41/217,Common,ASC
Crocrodil,42/217,Uncommon,ASC
Méga-Aligatueur-ex,43/217,Double Rare,ASC
Farfuret,44/217,Common,ASC
Dimoret,45/217,Uncommon,ASC
Stalgamin,46/217,Common,ASC
Méga-Momartik-ex,47/217,Double Rare,ASC
Regice-ex,48/217,Double Rare,ASC
Sorbébé de N,49/217,Common,ASC
Sorboul de N,50/217,Common,ASC
Sorbouboul de N,51/217,Uncommon,ASC
Frissonille,52/217,Common,ASC
Beldeneige,53/217,Uncommon,ASC
Blizzeval,54/217,Uncommon,ASC
Pikachu,55/217,Common,ASC
Raichu,56/217,Uncommon,ASC
Pikachu-ex,57/217,Double Rare,ASC
Voltorbe-ex,58/217,Double Rare,ASC
Anchwatt,59/217,Common,ASC
Lampéroie,60/217,Uncommon,ASC
Méga-Ohmassacre-ex,61/217,Double Rare,ASC
Limonde,62/217,Common,ASC
Galvaran,63/217,Common,ASC
Iguolta,64/217,Uncommon,ASC
Chrysapile,65/217,Common,ASC
Lucanon,66/217,Uncommon,ASC
Tokorico,67/217,Rare,ASC
Wattapik-ex de Nabil,68/217,Double Rare,ASC
Têtampoule de Mashynn,69/217,Common,ASC
Ampibidou-ex de Mashynn,70/217,Double Rare,ASC
Zapétrel de Mashynn,71/217,Common,ASC
Fulgulairo de Mashynn,72/217,Rare,ASC
Miraidon-ex,73/217,Double Rare,ASC
Mélofée,74/217,Common,ASC
Mélodelfe,75/217,Uncommon,ASC
Mélofée-ex de Lilie,76/217,Double Rare,ASC
Noeunoeuf de la Team Rocket,77/217,Common,ASC
Noadkoko de la Team Rocket,78/217,Rare,ASC
Mewtwo-ex de la Team Rocket,79/217,Double Rare,ASC
Togepi,80/217,Common,ASC
Togetic,81/217,Common,ASC
Togekiss,82/217,Rare,ASC
Marill,83/217,Common,ASC
Azumarill-ex,84/217,Double Rare,ASC
Feuforêve,85/217,Common,ASC
Magirêve,86/217,Rare,ASC
Tarsal,87/217,Common,ASC
Kirlia,88/217,Common,ASC
Méga-Gardevoir-ex,89/217,Double Rare,ASC
Polichombr,90/217,Common,ASC
Branette,91/217,Uncommon,ASC
Motisma,92/217,Common,ASC
Sucroquin,93/217,Common,ASC
Cupcanaille,94/217,Uncommon,ASC
Brocélôme de Nabil,95/217,Common,ASC
Desséliande de Nabil,96/217,Rare,ASC
Mimiqui de la Team Rocket,97/217,Uncommon,ASC
Spectreval,98/217,Rare,ASC
Fortusimia,99/217,Rare,ASC
Taupiqueur de la Team Rocket,100/217,Common,ASC
Triopikeur de la Team Rocket,101/217,Uncommon,ASC
Kapoera,102/217,Common,ASC
Méditikka,103/217,Common,ASC
Charmina,104/217,Common,ASC
Séléroc,105/217,Rare,ASC
Solaroc,106/217,Uncommon,ASC
Regirock-ex,107/217,Double Rare,ASC
Groudon,108/217,Rare,ASC
Griknot de Cynthia,109/217,Common,ASC
Carmache de Cynthia,110/217,Uncommon,ASC
Carchacrock-ex de Cynthia,111/217,Double Rare,ASC
Riolu,112/217,Common,ASC
Méga-Lucario-ex,113/217,Double Rare,ASC
Limonde-ex,114/217,Double Rare,ASC
Pandespiègle,115/217,Common,ASC
Méga-Brutalibré-ex,116/217,Double Rare,ASC
Strassie,117/217,Uncommon,ASC
Charbi,118/217,Common,ASC
Wagomine,119/217,Common,ASC
Monthracite,120/217,Rare,ASC
Koraidon-ex,121/217,Double Rare,ASC
Félicanis,122/217,Rare,ASC
Fantominus,123/217,Common,ASC
Spectrum,124/217,Uncommon,ASC
Méga-Ectoplasma-ex,125/217,Double Rare,ASC
Cornèbre de la Team Rocket,126/217,Common,ASC
Corboss de la Team Rocket,127/217,Rare,ASC
Medhyèna,128/217,Common,ASC
Grahyèna,129/217,Uncommon,ASC
Zigzaton de Galar,130/217,Common,ASC
Linéon de Galar,131/217,Common,ASC
Ixon de Galar,132/217,Uncommon,ASC
Spiritomb de Cynthia,133/217,Uncommon,ASC
Baggiguane,134/217,Common,ASC
Méga-Baggaïd-ex,135/217,Double Rare,ASC
Zorua de N,136/217,Common,ASC
Zoroark-ex de N,137/217,Double Rare,ASC
Vostourno,138/217,Common,ASC
Vaututrice-ex,139/217,Double Rare,ASC
Pandarbare,140/217,Uncommon,ASC
Hoopa,141/217,Rare,ASC
Favianos-ex,142/217,Double Rare,ASC
Pêchaminus,143/217,Rare,ASC
Mysdibule,144/217,Uncommon,ASC
Registeel-ex,145/217,Double Rare,ASC
Scalpion,146/217,Common,ASC
Scalproie,147/217,Common,ASC
Scalpereur,148/217,Rare,ASC
Togedemaru-ex,149/217,Double Rare,ASC
Minidraco,150/217,Common,ASC
Draco,151/217,Uncommon,ASC
Méga-Dracolosse-ex,152/217,Double Rare,ASC
Rayquaza,153/217,Rare,ASC
Reshiram de N,154/217,Rare,ASC
Zekrom de N,155/217,Rare,ASC
Sonistrelle,156/217,Common,ASC
Bruyverne,157/217,Uncommon,ASC
Fantyrm,158/217,Common,ASC
Dispareptil,159/217,Common,ASC
Lanssorien-ex,160/217,Double Rare,ASC
Miaouss de la Team Rocket,161/217,Common,ASC
Kangourex-ex de la Team Rocket,162/217,Double Rare,ASC
Insolourdo d'Okuba,163/217,Common,ASC
Deusolourdo-ex d'Okuba,164/217,Double Rare,ASC
Skitty,165/217,Common,ASC
Delcatty,166/217,Uncommon,ASC
Mangriff-ex,167/217,Double Rare,ASC
Étourmi d'Okuba,168/217,Common,ASC
Étourvol d'Okuba,169/217,Uncommon,ASC
Étouraptor d'Okuba,170/217,Rare,ASC
Motisma Hélice,171/217,Common,ASC
Méga-Nanméouïe-ex,172/217,Double Rare,ASC
Furaiglon d'Okuba,173/217,Common,ASC
Gueriaigle d'Okuba,174/217,Uncommon,ASC
Dodoala d'Okuba,175/217,Common,ASC
Draïeul,176/217,Uncommon,ASC
Nigosier de Nabil,177/217,Uncommon,ASC
Terapagos,178/217,Rare,ASC
Terapagos-ex,179/217,Double Rare,ASC
Espièglerie de Margie,180/217,Uncommon,ASC
Ballon,181/217,Uncommon,ASC
Vénus et Colombe,182/217,Uncommon,ASC
Ordres du Boss,183/217,Uncommon,ASC
Poffin Copain-Copain,184/217,Common,ASC
Narica,185/217,Uncommon,ASC
Rattrape-Riposte,186/217,Common,ASC
Gong de Combat,187/217,Uncommon,ASC
Forêt de Vitalité,188/217,Uncommon,ASC
Trompette de Verre,189/217,Common,ASC
Esprit Combatif d'Iris,190/217,Uncommon,ASC
Balle Lumière,191/217,Uncommon,ASC
Détermination de Lilie,192/217,Uncommon,ASC
Méga Signal,193/217,Common,ASC
Jardin Mystère,194/217,Uncommon,ASC
PP Plus de N,195/217,Uncommon,ASC
Civière Nocturne,196/217,Common,ASC
Mine de Nuit,197/217,Uncommon,ASC
Poké Registre,198/217,Common,ASC
Puissance Premium Pro,199/217,Uncommon,ASC
Surfeur,200/217,Common,ASC
Amos de la Team Rocket,201/217,Uncommon,ASC
Ariane de la Team Rocket,202/217,Uncommon,ASC
Usine de la Team Rocket,203/217,Uncommon,ASC
Giovanni de la Team Rocket,204/217,Uncommon,ASC
Super Ball de la Team Rocket,205/217,Uncommon,ASC
Hypnotiseur de la Team Rocket,206/217,Uncommon,ASC
Lambda de la Team Rocket,207/217,Uncommon,ASC
Lance de la Team Rocket,208/217,Uncommon,ASC
Émetteur-Récepteur de la Team Rocket,209/217,Uncommon,ASC
Tour d'Observation de la Team Rocket,210/217,Uncommon,ASC
Écaille Épaisse,211/217,Uncommon,ASC
Arrache-Outil,212/217,Common,ASC
Hyper Ball,213/217,Common,ASC
Boro,214/217,Uncommon,ASC
Serveuse,215/217,Common,ASC
Énergie Prisme,216/217,Uncommon,ASC
Énergie de la Team Rocket,217/217,Uncommon,ASC
Saquedeneu d'Erika,218/217,Illustration Rare,ASC
Charmillon,219/217,Illustration Rare,ASC
Papinox,220/217,Illustration Rare,ASC
Rozbouton,221/217,Illustration Rare,ASC
Volcaropod de Luth,222/217,Illustration Rare,ASC
Chamallot,223/217,Illustration Rare,ASC
Malamandre,224/217,Illustration Rare,ASC
Flambino,225/217,Illustration Rare,ASC
Psykokwak,226/217,Illustration Rare,ASC
Stalgamin,227/217,Illustration Rare,ASC
Dimoret,228/217,Illustration Rare,ASC
Iguolta,229/217,Illustration Rare,ASC
Lucanon,230/217,Illustration Rare,ASC
Zapétrel de Mashynn,231/217,Illustration Rare,ASC
Marill,232/217,Illustration Rare,ASC
Feuforêve,233/217,Illustration Rare,ASC
Branette,234/217,Illustration Rare,ASC
Togekiss,235/217,Illustration Rare,ASC
Cupcanaille,236/217,Illustration Rare,ASC
Desséliande de Nabil,237/217,Illustration Rare,ASC
Mimiqui de la Team Rocket,238/217,Illustration Rare,ASC
Triopikeur de la Team Rocket,239/217,Illustration Rare,ASC
Kapoera,240/217,Illustration Rare,ASC
Charmina,241/217,Illustration Rare,ASC
Strassie,242/217,Illustration Rare,ASC
Grahyèna,243/217,Illustration Rare,ASC
Spiritomb de Cynthia,244/217,Illustration Rare,ASC
Ixon de Galar,245/217,Illustration Rare,ASC
Mysdibule,246/217,Illustration Rare,ASC
Fantyrm,247/217,Illustration Rare,ASC
Dispareptil,248/217,Illustration Rare,ASC
Étouraptor d'Okuba,249/217,Illustration Rare,ASC
Motisma Hélice,250/217,Illustration Rare,ASC
Poussacha-ex,251/217,Ultra Rare,ASC
Limonde-ex,252/217,Ultra Rare,ASC
Méga-Nanméouïe-ex,253/217,Ultra Rare,ASC
Vénus et Colombe,254/217,Ultra Rare,ASC
Entraînement de Karatéka,255/217,Ultra Rare,ASC
Ordres du Boss,256/217,Ultra Rare,ASC
Narica,257/217,Ultra Rare,ASC
Tcheren,258/217,Ultra Rare,ASC
Rattrape-Riposte,259/217,Ultra Rare,ASC
Trompette de Verre,260/217,Ultra Rare,ASC
Tour de Brouillage,261/217,Ultra Rare,ASC
PP Plus de N,262/217,Ultra Rare,ASC
Émetteur-Récepteur de la Team Rocket,263/217,Ultra Rare,ASC
Hyper Ball,264/217,Ultra Rare,ASC
Méga-Momartik-ex,265/217,MEGA_ATTACK_RARE,ASC
Méga-Ohmassacre-ex,266/217,MEGA_ATTACK_RARE,ASC
Méga-Diancie-ex,267/217,MEGA_ATTACK_RARE,ASC
Méga-Brutalibré-ex,268/217,MEGA_ATTACK_RARE,ASC
Méga-Ectoplasma-ex,269/217,MEGA_ATTACK_RARE,ASC
Méga-Baggaïd-ex,270/217,MEGA_ATTACK_RARE,ASC
Méga-Dracolosse-ex,271/217,MEGA_ATTACK_RARE,ASC
Méga-Méganium-ex,272/217,Special Illustration Rare,ASC
Méga-Roitiflam-ex,273/217,Special Illustration Rare,ASC
Méga-Aligatueur-ex,274/217,Special Illustration Rare,ASC
Méga-Momartik-ex,275/217,Special Illustration Rare,ASC
Pikachu-ex,276/217,Special Illustration Rare,ASC
Pikachu-ex,277/217,Special Illustration Rare,ASC
Méga-Ohmassacre-ex,278/217,Special Illustration Rare,ASC
Ampibidou-ex de Mashynn,279/217,Special Illustration Rare,ASC
Mélofée-ex de Lilie,280/217,Special Illustration Rare,ASC
Mewtwo-ex de la Team Rocket,281/217,Special Illustration Rare,ASC
Méga-Diancie-ex,282/217,Special Illustration Rare,ASC
Méga-Brutalibré-ex,283/217,Special Illustration Rare,ASC
Méga-Ectoplasma-ex,284/217,Special Illustration Rare,ASC
Méga-Baggaïd-ex,285/217,Special Illustration Rare,ASC
Zoroark-ex de N,286/217,Special Illustration Rare,ASC
Angoliath-ex de Rosemary,287/217,Special Illustration Rare,ASC
Favianos-ex,288/217,Special Illustration Rare,ASC
Métalosse-ex de Pierre,289/217,Special Illustration Rare,ASC
Méga-Dracolosse-ex,290/217,Special Illustration Rare,ASC
Narica,291/217,Special Illustration Rare,ASC
Esprit Combatif d'Iris,292/217,Special Illustration Rare,ASC
Surfeur,293/217,Special Illustration Rare,ASC
Méga-Dracaufeu Y-ex,294/217,Mega Hyper Rare,ASC
Méga-Dracolosse-ex,295/217,Mega Hyper Rare,ASC
Bulbizarre,1/132,Common,MEG
Herbizarre,2/132,Common,MEG
Méga-Florizarre-ex,3/132,Double Rare,MEG
Noeunoeuf,4/132,Common,MEG
Noadkoko,5/132,Uncommon,MEG
Saquedeneu,6/132,Common,MEG
Bouldeneu,7/132,Uncommon,MEG
Germignon,8/132,Common,MEG
Macronium,9/132,Common,MEG
Méganium,10/132,Rare,MEG
Caratroc,11/132,Uncommon,MEG
Celebi,12/132,Uncommon,MEG
Grainipiot,13/132,Common,MEG
Pifeuil,14/132,Common,MEG
Tengalice,15/132,Uncommon,MEG
Ningale,16/132,Common,MEG
Ninjask,17/132,Uncommon,MEG
Sinistrail,18/132,Common,MEG
Goupix,19/132,Common,MEG
Feunard,20/132,Uncommon,MEG
Chamallot,21/132,Common,MEG
Méga-Camérupt-ex,22/132,Double Rare,MEG
Hélionceau,23/132,Common,MEG
Némélios,24/132,Uncommon,MEG
Volcanion,25/132,Uncommon,MEG
Flambino,26/132,Common,MEG
Lapyro,27/132,Common,MEG
Pyrobut,28/132,Rare,MEG
Grillepattes,29/132,Common,MEG
Scolocendre,30/132,Uncommon,MEG
Yuyu,31/132,Uncommon,MEG
Démanta,32/132,Common,MEG
Écrapince,33/132,Common,MEG
Kyogre,34/132,Rare,MEG
Blizzi,35/132,Common,MEG
Méga-Blizzaroi-ex,36/132,Double Rare,MEG
Flingouste,37/132,Common,MEG
Gamblast,38/132,Rare,MEG
Larméléon,39/132,Common,MEG
Arrozard,40/132,Common,MEG
Lézargus,41/132,Uncommon,MEG
Frissonille,42/132,Common,MEG
Beldeneige,43/132,Uncommon,MEG
Bekaglaçon,44/132,Common,MEG
Magnéti,45/132,Common,MEG
Magnéton,46/132,Common,MEG
Magnézone,47/132,Uncommon,MEG
Raikou,48/132,Rare,MEG
Dynavolt,49/132,Common,MEG
Méga-Élecsprint-ex,50/132,Double Rare,MEG
Pachirisu,51/132,Common,MEG
Galvaran,52/132,Common,MEG
Iguolta,53/132,Common,MEG
Abra,54/132,Common,MEG
Kadabra,55/132,Uncommon,MEG
Alakazam,56/132,Rare,MEG
Lippoutou,57/132,Common,MEG
Tarsal,58/132,Common,MEG
Kirlia,59/132,Common,MEG
Méga-Gardevoir-ex,60/132,Double Rare,MEG
Munja,61/132,Uncommon,MEG
Spoink,62/132,Common,MEG
Groret,63/132,Uncommon,MEG
Xerneas,64/132,Rare,MEG
Toutombe,65/132,Common,MEG
Tomberro,66/132,Uncommon,MEG
Mordudor,67/132,Common,MEG
Sabelette,68/132,Common,MEG
Sablaireau,69/132,Common,MEG
Onix,70/132,Common,MEG
Débugant,71/132,Common,MEG
Makuhita,72/132,Common,MEG
Hariyama,73/132,Rare,MEG
Séléroc,74/132,Rare,MEG
Solaroc,75/132,Uncommon,MEG
Riolu,76/132,Common,MEG
Méga-Lucario-ex,77/132,Double Rare,MEG
Cradopaud,78/132,Common,MEG
Coatox,79/132,Common,MEG
Marshadow,80/132,Uncommon,MEG
Dolman,81/132,Uncommon,MEG
Selutin,82/132,Common,MEG
Amassel,83/132,Common,MEG
Gigansel,84/132,Uncommon,MEG
Colhomard,85/132,Uncommon,MEG
Méga-Absol-ex,86/132,Double Rare,MEG
Spiritomb,87/132,Uncommon,MEG
Yveltal,88/132,Rare,MEG
Goupilou,89/132,Common,MEG
Roublenard,90/132,Common,MEG
Gribouraigne,91/132,Common,MEG
Tag-Tag,92/132,Common,MEG
Steelix,93/132,Rare,MEG
Méga-Mysdibule-ex,94/132,Double Rare,MEG
Dialga,95/132,Rare,MEG
Forgerette,96/132,Common,MEG
Forgella,97/132,Common,MEG
Forgelina,98/132,Uncommon,MEG
Gromago,99/132,Uncommon,MEG
Méga-Latias-ex,100/132,Double Rare,MEG
Latios,101/132,Uncommon,MEG
Piafabec,102/132,Common,MEG
Rapasdepic,103/132,Common,MEG
Méga-Kangourex-ex,104/132,Double Rare,MEG
Cadoizo,105/132,Common,MEG
Écrémeuh,106/132,Common,MEG
Laporeille,107/132,Common,MEG
Lockpin,108/132,Common,MEG
Manglouton,109/132,Common,MEG
Argouste,110/132,Uncommon,MEG
Nounourson,111/132,Common,MEG
Chelours,112/132,Common,MEG
Espièglerie de Margie,113/132,Uncommon,MEG
Ordres du Boss,114/132,Uncommon,MEG
Échange d'Énergie,115/132,Common,MEG
Gong de Combat,116/132,Uncommon,MEG
Forêt de Vitalité,117/132,Uncommon,MEG
Défense de Fer,118/132,Uncommon,MEG
Détermination de Lilie,119/132,Uncommon,MEG
Négociation de Major Bob,120/132,Uncommon,MEG
Méga Signal,121/132,Uncommon,MEG
Jardin Mystère,122/132,Uncommon,MEG
Dame du Centre Pokémon,123/132,Common,MEG
Puissance Premium Pro,124/132,Uncommon,MEG
Super Bonbon,125/132,Common,MEG
Repousse,126/132,Uncommon,MEG
Ruines Risquées,127/132,Uncommon,MEG
Compteur de Temps Étrange,128/132,Uncommon,MEG
Plage de Surf,129/132,Uncommon,MEG
Échange,130/132,Common,MEG
Hyper Ball,131/132,Common,MEG
Compassion de Timmy,132/132,Uncommon,MEG
Bulbizarre,133/132,Illustration Rare,MEG
Herbizarre,134/132,Illustration Rare,MEG
Noadkoko,135/132,Illustration Rare,MEG
Caratroc,136/132,Illustration Rare,MEG
Ninjask,137/132,Illustration Rare,MEG
Goupix,138/132,Illustration Rare,MEG
Hélionceau,139/132,Illustration Rare,MEG
Blizzi,140/132,Illustration Rare,MEG
Gamblast,141/132,Illustration Rare,MEG
Lézargus,142/132,Illustration Rare,MEG
Galvaran,143/132,Illustration Rare,MEG
Munja,144/132,Illustration Rare,MEG
Tomberro,145/132,Illustration Rare,MEG
Marshadow,146/132,Illustration Rare,MEG
Gigansel,147/132,Illustration Rare,MEG
Spiritomb,148/132,Illustration Rare,MEG
Gribouraigne,149/132,Illustration Rare,MEG
Steelix,150/132,Illustration Rare,MEG
Piafabec,151/132,Illustration Rare,MEG
Cadoizo,152/132,Illustration Rare,MEG
Argouste,153/132,Illustration Rare,MEG
Nounourson,154/132,Illustration Rare,MEG
Méga-Florizarre-ex,155/132,Ultra Rare,MEG
Méga-Camérupt-ex,156/132,Ultra Rare,MEG
Méga-Blizzaroi-ex,157/132,Ultra Rare,MEG
Méga-Élecsprint-ex,158/132,Ultra Rare,MEG
Méga-Gardevoir-ex,159/132,Ultra Rare,MEG
Méga-Lucario-ex,160/132,Ultra Rare,MEG
Méga-Absol-ex,161/132,Ultra Rare,MEG
Méga-Mysdibule-ex,162/132,Ultra Rare,MEG
Méga-Latias-ex,163/132,Ultra Rare,MEG
Méga-Kangourex-ex,164/132,Ultra Rare,MEG
Espièglerie de Margie,165/132,Ultra Rare,MEG
Ballon,166/132,Ultra Rare,MEG
Poffin Copain-Copain,167/132,Ultra Rare,MEG
Gong de Combat,168/132,Ultra Rare,MEG
Détermination de Lilie,169/132,Ultra Rare,MEG
Négociation de Major Bob,170/132,Ultra Rare,MEG
Méga Signal,171/132,Ultra Rare,MEG
Jardin Mystère,172/132,Ultra Rare,MEG
Civière Nocturne,173/132,Ultra Rare,MEG
Puissance Premium Pro,174/132,Ultra Rare,MEG
Super Bonbon,175/132,Ultra Rare,MEG
Compassion de Timmy,176/132,Ultra Rare,MEG
Méga-Florizarre-ex,177/132,Special Illustration Rare,MEG
Méga-Gardevoir-ex,178/132,Special Illustration Rare,MEG
Méga-Lucario-ex,179/132,Special Illustration Rare,MEG
Méga-Absol-ex,180/132,Special Illustration Rare,MEG
Méga-Latias-ex,181/132,Special Illustration Rare,MEG
Méga-Kangourex-ex,182/132,Special Illustration Rare,MEG
Espièglerie de Margie,183/132,Special Illustration Rare,MEG
Détermination de Lilie,184/132,Special Illustration Rare,MEG
Négociation de Major Bob,185/132,Special Illustration Rare,MEG
Compassion de Timmy,186/132,Special Illustration Rare,MEG
Méga-Gardevoir-ex,187/132,Mega Hyper Rare,MEG
Méga-Lucario-ex,188/132,Mega Hyper Rare,MEG
Mimigal,1/88,Common,POR
Migalos,2/88,Common,POR
Shaymin,3/88,Uncommon,POR
Vipélierre,4/88,Common,POR
Lianaja,5/88,Common,POR
Majaspic,6/88,Rare,POR
Lépidonille,7/88,Common,POR
Pérégrain,8/88,Common,POR
Prismillon,9/88,Uncommon,POR
Brindibou,10/88,Common,POR
Efflèche,11/88,Common,POR
Archéduc-ex,12/88,Double Rare,POR
Braisillon,13/88,Common,POR
Flambusard,14/88,Uncommon,POR
Tritox,15/88,Common,POR
Malamandre-ex,16/88,Double Rare,POR
Boumata,17/88,Uncommon,POR
Otaria,18/88,Common,POR
Lamantine,19/88,Rare,POR
Stari,20/88,Common,POR
Méga-Staross-ex,21/88,Double Rare,POR
Lokhlass-ex,22/88,Double Rare,POR
Amagara,23/88,Common,POR
Dragmara,24/88,Rare,POR
Volcanion,25/88,Uncommon,POR
Lixy,26/88,Common,POR
Luxio,27/88,Uncommon,POR
Luxray,28/88,Rare,POR
Dedenne,29/88,Common,POR
Mélofée,30/88,Common,POR
Méga-Mélodelfe-ex,31/88,Double Rare,POR
Mysdibule,32/88,Common,POR
Psystigri,33/88,Common,POR
Mistigrix,34/88,Uncommon,POR
Fluvetin,35/88,Common,POR
Cocotine,36/88,Uncommon,POR
Tarinor,37/88,Common,POR
Tarinorme,38/88,Common,POR
Hippopotas,39/88,Common,POR
Hippodocus,40/88,Uncommon,POR
Démétéros,41/88,Rare,POR
Opermine,42/88,Common,POR
Golgopathe,43/88,Uncommon,POR
Ptyranidur,44/88,Common,POR
Rexillius,45/88,Rare,POR
Brutalibré,46/88,Common,POR
Méga-Zygarde-ex,47/88,Double Rare,POR
Fantominus,48/88,Common,POR
Spectrum,49/88,Common,POR
Ectoplasma,50/88,Rare,POR
Rapion,51/88,Common,POR
Drascore,52/88,Uncommon,POR
Yveltal-ex,53/88,Double Rare,POR
Baojian,54/88,Rare,POR
Méga-Airmure-ex,55/88,Double Rare,POR
Monorpale,56/88,Common,POR
Dimoclès,57/88,Common,POR
Exagide,58/88,Uncommon,POR
Trousselin,59/88,Common,POR
Rattata,60/88,Common,POR
Rattatac,61/88,Uncommon,POR
Miaouss-ex,62/88,Double Rare,POR
Ronflex,63/88,Common,POR
Sapereau,64/88,Common,POR
Excavarenne,65/88,Uncommon,POR
Passerouge,66/88,Common,POR
Couafarel,67/88,Common,POR
Fossile Mâchoire Ancien,68/88,Common,POR
Fossile Nageoire Ancien,69/88,Common,POR
Cœur Mémoire,70/88,Uncommon,POR
Maillet Écrasant,71/88,Common,POR
Recherche d'Énergie,72/88,Common,POR
Tape-Énergie,73/88,Uncommon,POR
Pelle à Creuser des Trous,74/88,Common,POR
Violine,75/88,Uncommon,POR
Juge,76/88,Uncommon,POR
Illumis,77/88,Uncommon,POR
Galette Illumis,78/88,Uncommon,POR
Inno,79/88,Uncommon,POR
Poké Ball,80/88,Common,POR
Poké Registre,81/88,Uncommon,POR
Attrape-Pokémon,82/88,Common,POR
Potion,83/88,Common,POR
Encouragement d'Écho,84/88,Uncommon,POR
Taragon,85/88,Uncommon,POR
Énergie Grass Croissante,86/88,Rare,POR
Énergie Fighting Rocheuse,87/88,Rare,POR
Énergie Psychic Télépathique,88/88,Rare,POR
Pérégrain,89/88,Illustration Rare,POR
Brindibou,90/88,Illustration Rare,POR
Flambusard,91/88,Illustration Rare,POR
Dragmara,92/88,Illustration Rare,POR
Dedenne,93/88,Illustration Rare,POR
Mélofée,94/88,Illustration Rare,POR
Psystigri,95/88,Illustration Rare,POR
Tarinorme,96/88,Illustration Rare,POR
Drascore,97/88,Illustration Rare,POR
Dimoclès,98/88,Illustration Rare,POR
Rattatac,99/88,Illustration Rare,POR
Archéduc-ex,100/88,Ultra Rare,POR
Malamandre-ex,101/88,Ultra Rare,POR
Méga-Staross-ex,102/88,Ultra Rare,POR
Méga-Mélodelfe-ex,103/88,Ultra Rare,POR
Méga-Zygarde-ex,104/88,Ultra Rare,POR
Yveltal-ex,105/88,Ultra Rare,POR
Méga-Airmure-ex,106/88,Ultra Rare,POR
Miaouss-ex,107/88,Ultra Rare,POR
Recycleur d'Énergie,108/88,Ultra Rare,POR
Forêt de Vitalité,109/88,Ultra Rare,POR
Violine,110/88,Ultra Rare,POR
Illumis,111/88,Ultra Rare,POR
Inno,112/88,Ultra Rare,POR
Poké Registre,113/88,Ultra Rare,POR
Encouragement d'Écho,114/88,Ultra Rare,POR
Cendre Sacrée,115/88,Ultra Rare,POR
Taragon,116/88,Ultra Rare,POR
Fortifiant Merveilleux,117/88,Ultra Rare,POR
Méga-Staross-ex,118/88,Special Illustration Rare,POR
Méga-Mélodelfe-ex,119/88,Special Illustration Rare,POR
Méga-Zygarde-ex,120/88,Special Illustration Rare,POR
Miaouss-ex,121/88,Special Illustration Rare,POR
Violine,122/88,Special Illustration Rare,POR
Encouragement d'Écho,123/88,Special Illustration Rare,POR
Méga-Zygarde-ex,124/88,Mega Hyper Rare,POR
Mystherbe,1/94,Common,PFL
Ortide,2/94,Common,PFL
Rafflesia,3/94,Rare,PFL
Méga-Scarhino-ex,4/94,Double Rare,PFL
Nénupiot,5/94,Common,PFL
Lombre,6/94,Common,PFL
Ludicolo,7/94,Uncommon,PFL
Genesect,8/94,Rare,PFL
Lilliterelle,9/94,Common,PFL
Gambex,10/94,Uncommon,PFL
Salamèche,11/94,Common,PFL
Reptincel,12/94,Common,PFL
Méga-Dracaufeu X-ex,13/94,Double Rare,PFL
Sulfura,14/94,Rare,PFL
Darumarond,15/94,Common,PFL
Darumacho,16/94,Uncommon,PFL
Reshiram,17/94,Rare,PFL
Plumeline-ex,18/94,Double Rare,PFL
Charbambin,19/94,Common,PFL
Malvalame,20/94,Uncommon,PFL
Otaria,21/94,Common,PFL
Lamantine,22/94,Common,PFL
Marcacrin,23/94,Common,PFL
Cochignon,24/94,Common,PFL
Mammochon,25/94,Uncommon,PFL
Suicune,26/94,Rare,PFL
Tiplouf,27/94,Common,PFL
Prinplouf,28/94,Common,PFL
Motisma-ex,29/94,Double Rare,PFL
Voltoutou,30/94,Common,PFL
Fulgudog,31/94,Common,PFL
Pohm,32/94,Common,PFL
Pohmotte,33/94,Common,PFL
Pohmarmotte,34/94,Rare,PFL
Feuforêve,35/94,Common,PFL
Magirêve-ex,36/94,Double Rare,PFL
Snubbull,37/94,Common,PFL
Granbull,38/94,Uncommon,PFL
Cresselia,39/94,Uncommon,PFL
Meloetta,40/94,Uncommon,PFL
Méga-Diancie-ex,41/94,Double Rare,PFL
Mimiqui,42/94,Common,PFL
Crèmy,43/94,Common,PFL
Charmilly,44/94,Uncommon,PFL
Zacian,45/94,Rare,PFL
Virovent,46/94,Common,PFL
Virevorreur,47/94,Uncommon,PFL
Tauros de Paldea,48/94,Uncommon,PFL
Scorplane,49/94,Common,PFL
Scorvol,50/94,Uncommon,PFL
Kraknoix,51/94,Common,PFL
Vibraninf,52/94,Common,PFL
Libégon,53/94,Rare,PFL
Fantominus,54/94,Common,PFL
Spectrum,55/94,Uncommon,PFL
Méga-Ectoplasma-ex,56/94,Double Rare,PFL
Cornèbre,57/94,Common,PFL
Corboss,58/94,Uncommon,PFL
Ténéfix,59/94,Common,PFL
Carvanha,60/94,Common,PFL
Méga-Sharpedo-ex,61/94,Double Rare,PFL
Séviper,62/94,Uncommon,PFL
Absol,63/94,Common,PFL
Mascaïman,64/94,Common,PFL
Escroco,65/94,Common,PFL
Crocorible,66/94,Uncommon,PFL
Toxizap,67/94,Common,PFL
Salarsen,68/94,Rare,PFL
Éthernatos,69/94,Uncommon,PFL
Pingoléon-ex,70/94,Double Rare,PFL
Archéomire,71/94,Common,PFL
Archéodong,72/94,Uncommon,PFL
Togedemaru,73/94,Common,PFL
Duralugon,74/94,Common,PFL
Pondralugon,75/94,Uncommon,PFL
Rondoudou,76/94,Common,PFL
Grodoudou,77/94,Uncommon,PFL
Capumain,78/94,Common,PFL
Capidextre,79/94,Rare,PFL
Queulorior,80/94,Common,PFL
Zigzaton,81/94,Common,PFL
Linéon,82/94,Uncommon,PFL
Laporeille,83/94,Common,PFL
Méga-Lockpin-ex,84/94,Double Rare,PFL
Cage de Combat,85/94,Uncommon,PFL
Chalumeau,86/94,Uncommon,PFL
Aurore,87/94,Uncommon,PFL
Vallée Étourdissante,88/94,Uncommon,PFL
Crache-Feu,89/94,Uncommon,PFL
Action de Pieris,90/94,Uncommon,PFL
Glace Géante,91/94,Uncommon,PFL
Casque Punk,92/94,Uncommon,PFL
Amulette Sacrée,93/94,Uncommon,PFL
Fortifiant Merveilleux,94/94,Uncommon,PFL
Ludicolo,95/94,Illustration Rare,PFL
Lilliterelle,96/94,Illustration Rare,PFL
Lamantine,97/94,Illustration Rare,PFL
Tiplouf,98/94,Illustration Rare,PFL
Voltoutou,99/94,Illustration Rare,PFL
Zacian,100/94,Illustration Rare,PFL
Libégon,101/94,Illustration Rare,PFL
Axoloto de Paldea,102/94,Illustration Rare,PFL
Salarsen,103/94,Illustration Rare,PFL
Togedemaru,104/94,Illustration Rare,PFL
Grodoudou,105/94,Illustration Rare,PFL
Miaouss,106/94,Illustration Rare,PFL
Capidextre,107/94,Illustration Rare,PFL
Méga-Scarhino-ex,108/94,Ultra Rare,PFL
Méga-Dracaufeu X-ex,109/94,Ultra Rare,PFL
Plumeline-ex,110/94,Ultra Rare,PFL
Motisma-ex,111/94,Ultra Rare,PFL
Magirêve-ex,112/94,Ultra Rare,PFL
Méga-Sharpedo-ex,113/94,Ultra Rare,PFL
Pingoléon-ex,114/94,Ultra Rare,PFL
Méga-Lockpin-ex,115/94,Ultra Rare,PFL
Cage de Combat,116/94,Ultra Rare,PFL
Chalumeau,117/94,Ultra Rare,PFL
Aurore,118/94,Ultra Rare,PFL
Crache-Feu,119/94,Ultra Rare,PFL
Action de Pieris,120/94,Ultra Rare,PFL
Casque Punk,121/94,Ultra Rare,PFL
Amulette Sacrée,122/94,Ultra Rare,PFL
Échange,123/94,Ultra Rare,PFL
Énergie Amorce,124/94,Ultra Rare,PFL
Méga-Dracaufeu X-ex,125/94,Special Illustration Rare,PFL
Motisma-ex,126/94,Special Illustration Rare,PFL
Méga-Sharpedo-ex,127/94,Special Illustration Rare,PFL
Méga-Lockpin-ex,128/94,Special Illustration Rare,PFL
Aurore,129/94,Special Illustration Rare,PFL
Méga-Dracaufeu X-ex,130/94,Mega Hyper Rare,PFL
Pharamp obscur,1/105,Rare Holo,N4
Nostenfer obscur,2/105,Rare Holo,N4
Donphan obscur,3/105,Rare Holo,N4
Mentali obscur,4/105,Rare Holo,N4
Aligatueur obscur,5/105,Rare Holo,N4
Ectoplasma obscur,6/105,Rare Holo,N4
Démolosse obscur,7/105,Rare Holo,N4
Porygon2 obscur,8/105,Rare Holo,N4
Cizayox obscur,9/105,Rare Holo,N4
Typhlosion obscur,10/105,Rare Holo,N4
Tyranocif obscur,11/105,Rare Holo,N4
Arcanin lumineux,12/105,Rare Holo,N4
Azumarill lumineux,13/105,Rare Holo,N4
Dracolosse lumineux,14/105,Rare Holo,N4
Togetic lumineux,15/105,Rare Holo,N4
Énergie miracle,16/105,Rare Holo,N4
Migalos obscur,17/105,Rare,N4
Volcaropod obscur,18/105,Rare,N4
Amonistar obscur,19/105,Rare,N4
Roigada obscur,20/105,Rare,N4
Ursaring obscur,21/105,Rare,N4
Draco lumineux,22/105,Rare,N4
Lanturn lumineux,23/105,Rare,N4
Coxyclaque lumineux,24/105,Rare,N4
Mackogneur lumineux,25/105,Rare,N4
Cochignon lumineux,26/105,Rare,N4
Zarbi G,27/105,Rare,N4
Zarbi H,28/105,Rare,N4
Zarbi W,29/105,Rare,N4
Zarbi X,30/105,Rare,N4
Leveinard,31/105,Uncommon,N4
Crocrodil obscur,32/105,Uncommon,N4
Noadkoko obscur,33/105,Uncommon,N4
Lainergie obscur,34/105,Uncommon,N4
Foretress obscur,35/105,Uncommon,N4
Spectrum obscur,36/105,Uncommon,N4
Amonita obscur,37/105,Uncommon,N4
Ymphect obscur,38/105,Uncommon,N4
Feurisson obscur,39/105,Uncommon,N4
Grodoudou obscur,40/105,Uncommon,N4
Scarhino,41/105,Uncommon,N4
Kicklee,42/105,Uncommon,N4
Malosse,43/105,Uncommon,N4
Rondoudou,44/105,Uncommon,N4
Lamantine lumineux,45/105,Uncommon,N4
Pyroli lumineux,46/105,Uncommon,N4
Akwakwak lumineux,47/105,Uncommon,N4
Voltali lumineux,48/105,Uncommon,N4
Machopeur lumineux,49/105,Uncommon,N4
Feunard lumineux,50/105,Uncommon,N4
Flagadoss lumineux,51/105,Uncommon,N4
Aquali lumineux,52/105,Uncommon,N4
Aéromite lumineux,53/105,Uncommon,N4
Grodoudou lumineux,54/105,Uncommon,N4
Insécateur,55/105,Uncommon,N4
Togepi,56/105,Uncommon,N4
Zarbi C,57/105,Uncommon,N4
Zarbi P,58/105,Uncommon,N4
Zarbi Q,59/105,Uncommon,N4
Zarbi Z,60/105,Uncommon,N4
Héricendre,61/105,Common,N4
Octillery obscur,62/105,Common,N4
Minidraco,63/105,Common,N4
Nœufnœuf,64/105,Common,N4
Fantominus,65/105,Common,N4
Girafarig,66/105,Common,N4
Scorplane,67/105,Common,N4
Caninos,68/105,Common,N4
Tygnon,69/105,Common,N4
Embrylex,70/105,Common,N4
Coxy,71/105,Common,N4
Heliatronc lumineux,72/105,Common,N4
Machoc,73/105,Common,N4
Démanta,74/105,Common,N4
Wattouat,75/105,Common,N4
Phanpy,76/105,Common,N4
Pomdepik,77/105,Common,N4
Porygon,78/105,Common,N4
Psykokwak,79/105,Common,N4
Rémoraid,80/105,Common,N4
Otaria,81/105,Common,N4
Limagma,82/105,Common,N4
Tournegrin,83/105,Common,N4
Marcacrin,84/105,Common,N4
Kaiminus,85/105,Common,N4
Zarbi L,86/105,Common,N4
Zarbi S,87/105,Common,N4
Zarbi T,88/105,Common,N4
Zarbi V,89/105,Common,N4
Mimitoss,90/105,Common,N4
Goupix,91/105,Common,N4
Stade des terres brisées,92/105,Rare,N4
Multi expédition,93/105,Rare,N4
L'invention du faux professeur Chen,94/105,Rare,N4
Tour radio,95/105,Rare,N4
Machine à ondes cérébrales,96/105,Rare,N4
Griffes de défense,97/105,Uncommon,N4
Amplificateur d'Énergie,98/105,Uncommon,N4
Stade Énergie,99/105,Uncommon,N4
Stade de la chance,100/105,Uncommon,N4
Loupe,101/105,Uncommon,N4
Test de personnalité des Pokémon,102/105,Uncommon,N4
Mauvaises actions des Team Rocket,103/105,Uncommon,N4
Poudre soin,104/105,Common,N4
Courrier de Léo,105/105,Common,N4
Celebi brillant,106/105,Rare Shining,N4
Dracaufeu brillant,107/105,Rare Shining,N4
Kabutops brillant,108/105,Rare Shining,N4
Mewtwo brillant,109/105,Rare Shining,N4
Noarfang brillant,110/105,Rare Shining,N4
Raichu brillant,111/105,Rare Shining,N4
Steelix brillant,112/105,Rare Shining,N4
Tyranocif brillant,113/105,Rare Shining,N4
Mentali,1/75,Rare Holo,N2
Foretress,2/75,Rare Holo,N2
Kapoera,3/75,Rare Holo,N2
Démolosse,4/75,Rare Holo,N2
Malosse,5/75,Rare Holo,N2
Kabutops,6/75,Rare Holo,N2
Magnéti,7/75,Rare Holo,N2
Tarpaud,8/75,Rare Holo,N2
Tartard,9/75,Rare Holo,N2
Cizayox,10/75,Rare Holo,N2
Queulorior,11/75,Rare Holo,N2
Tyranocif,12/75,Rare Holo,N2
Noctali,13/75,Rare Holo,N2
Zarbi A,14/75,Rare Holo,N2
Ursaring,15/75,Rare Holo,N2
Qulbutoké,16/75,Rare Holo,N2
Yanma,17/75,Rare Holo,N2
Dardargnan,18/75,Rare,N2
Papilusion,19/75,Rare,N2
Mentali,20/75,Rare,N2
Foretress,21/75,Rare,N2
Kapoera,22/75,Rare,N2
Démolosse,23/75,Rare,N2
Malosse,24/75,Rare,N2
Kabutops,25/75,Rare,N2
Magnéti,26/75,Rare,N2
Tarpaud,27/75,Rare,N2
Tartard,28/75,Rare,N2
Cizayox,29/75,Rare,N2
Queulorior,30/75,Rare,N2
Tyranocif,31/75,Rare,N2
Noctali,32/75,Rare,N2
Zarbi A,33/75,Rare,N2
Ursaring,34/75,Rare,N2
Qulbutoké,35/75,Rare,N2
Yanma,36/75,Rare,N2
Corayon,37/75,Uncommon,N2
Évoli,38/75,Uncommon,N2
Malosse,39/75,Uncommon,N2
Toudoudou,40/75,Uncommon,N2
Coconfort,41/75,Uncommon,N2
Chrysacier,42/75,Uncommon,N2
Amonistar,43/75,Uncommon,N2
Têtarte,44/75,Uncommon,N2
Ymphect,45/75,Uncommon,N2
Insécateur,46/75,Uncommon,N2
Zarbi D,47/75,Uncommon,N2
Zarbi F,48/75,Uncommon,N2
Zarbi M,49/75,Uncommon,N2
Zarbi N,50/75,Uncommon,N2
Zarbi U,51/75,Uncommon,N2
Xatu,52/75,Uncommon,N2
Chenipan,53/75,Common,N2
Insolourdo,54/75,Common,N2
Granivol,55/75,Common,N2
Kabuto,56/75,Common,N2
Embrylex,57/75,Common,N2
Wattouat,58/75,Common,N2
Natu,59/75,Common,N2
Amonita,60/75,Common,N2
Pomdepik,61/75,Common,N2
Ptitard,62/75,Common,N2
Fouinette,63/75,Common,N2
Mimigal,64/75,Common,N2
Teddiursa,65/75,Common,N2
Débugant,66/75,Common,N2
Zarbi E,67/75,Common,N2
Zarbi I,68/75,Common,N2
Zarbi O,69/75,Common,N2
Aspicot,70/75,Common,N2
Axoloto,71/75,Common,N2
Oeuf fossile,72/75,Uncommon,N2
Vaporisateur hyper rétrograde,73/75,Uncommon,N2
Mur en ruines,74/75,Uncommon,N2
Arche d'Énergie,75/75,Common,N2
Pharamp,1/111,Rare Holo,N1
Azumarill,2/111,Rare Holo,N1
Joliflor,3/111,Rare Holo,N1
Aligatueur,4/111,Rare Holo,N1
Aligatueur,5/111,Rare Holo,N1
Scarhino,6/111,Rare Holo,N1
Cotovol,7/111,Rare Holo,N1
Hyporoi,8/111,Rare Holo,N1
Lugia,9/111,Rare Holo,N1
Méganium,10/111,Rare Holo,N1
Méganium,11/111,Rare Holo,N1
Pichu,12/111,Rare Holo,N1
Airmure,13/111,Rare Holo,N1
Roigada,14/111,Rare Holo,N1
Steelix,15/111,Rare Holo,N1
Togetic,16/111,Rare Holo,N1
Typhlosion,17/111,Rare Holo,N1
Typhlosion,18/111,Rare Holo,N1
Énergie Métal,19/111,Rare Holo,N1
Mélo,20/111,Rare,N1
Donphan,21/111,Rare,N1
Élekid,22/111,Rare,N1
Magby,23/111,Rare,N1
Cornèbre,24/111,Rare,N1
Farfuret,25/111,Rare,N1
Capumain,26/111,Uncommon,N1
Migalos,27/111,Uncommon,N1
Macronium,28/111,Uncommon,N1
Macronium,29/111,Uncommon,N1
Mélofée,30/111,Uncommon,N1
Crocrodil,31/111,Uncommon,N1
Crocrodil,32/111,Uncommon,N1
Élektek,33/111,Uncommon,N1
Lainergie,34/111,Uncommon,N1
Fouinar,35/111,Uncommon,N1
Ortide,36/111,Uncommon,N1
Granbull,37/111,Uncommon,N1
Lanturn,38/111,Uncommon,N1
Coxyclaque,39/111,Uncommon,N1
Magmar,40/111,Uncommon,N1
Écrémeuh,41/111,Uncommon,N1
Noarfang,42/111,Uncommon,N1
Phanpy,43/111,Uncommon,N1
Cochignon,44/111,Uncommon,N1
Maraistre,45/111,Uncommon,N1
Feurisson,46/111,Uncommon,N1
Feurisson,47/111,Uncommon,N1
Hypocéan,48/111,Uncommon,N1
Floravol,49/111,Uncommon,N1
Héliatronc,50/111,Uncommon,N1
Togepi,51/111,Uncommon,N1
Xatu,52/111,Uncommon,N1
Germignon,53/111,Common,N1
Germignon,54/111,Common,N1
Loupio,55/111,Common,N1
Héricendre,56/111,Common,N1
Héricendre,57/111,Common,N1
Girafarig,58/111,Common,N1
Scorplane,59/111,Common,N1
Hoothoot,60/111,Common,N1
Granivol,61/111,Common,N1
Hypotrempe,62/111,Common,N1
Coxy,63/111,Common,N1
Démanta,64/111,Common,N1
Wattouat,65/111,Common,N1
Marill,66/111,Common,N1
Natu,67/111,Common,N1
Mystherbe,68/111,Common,N1
Onix,69/111,Common,N1
Pikachu,70/111,Common,N1
Fouinette,71/111,Common,N1
Caratroc,72/111,Common,N1
Ramoloss,73/111,Common,N1
Snubbull,74/111,Common,N1
Mimigal,75/111,Common,N1
Cerfrousse,76/111,Common,N1
Simularbre,77/111,Common,N1
Tournegrin,78/111,Common,N1
Marcacrin,79/111,Common,N1
Kaiminus,80/111,Common,N1
Kaiminus,81/111,Common,N1
Axoloto,82/111,Common,N1
Jeu d'arcade,83/111,Rare,N1
Ecostade,84/111,Rare,N1
Charge d'Énergie,85/111,Rare,N1
Bandeau,86/111,Rare,N1
Lula,87/111,Rare,N1
Pokéquipement,88/111,Rare,N1
Super sauvegarde d'Énergie,89/111,Rare,N1
Capsule temporelle,90/111,Rare,N1
Téléporteur de Léo,91/111,Uncommon,N1
Jeu de chance,92/111,Uncommon,N1
Baie dorée,93/111,Uncommon,N1
Baie miracle,94/111,Uncommon,N1
Nouveau Pokédex,95/111,Uncommon,N1
Professeur Orme,96/111,Uncommon,N1
Tour Chétiflor,97/111,Uncommon,N1
Super rappel,98/111,Uncommon,N1
Baie,99/111,Common,N1
Double rafale,100/111,Common,N1
Lait Meumeu,101/111,Common,N1
La marche des Pokémon,102/111,Common,N1
Méga Canne,103/111,Common,N1
Énergie obscurité,104/111,Rare,N1
Énergie recyclable,105/111,Rare,N1
Énergie Combat,106/111,,N1
Énergie Feu,107/111,,N1
Énergie Plante,108/111,,N1
Énergie Électrique,109/111,,N1
Énergie Psy,110/111,,N1
Énergie Eau,111/111,,N1
Pharamp,1/64,Rare Holo,N3
Leuphorie,2/64,Rare Holo,N3
Celebi,3/64,Rare Holo,N3
Nostenfer,4/64,Rare Holo,N3
Cadoizo,5/64,Rare Holo,N3
Entei,6/64,Rare Holo,N3
Ho-oh,7/64,Rare Holo,N3
Démolosse,8/64,Rare Holo,N3
Cotovol,9/64,Rare Holo,N3
Magnéton,10/64,Rare Holo,N3
Feuforêve,11/64,Rare Holo,N3
Porygon2,12/64,Rare Holo,N3
Raikou,13/64,Rare Holo,N3
Suicune,14/64,Rare Holo,N3
Ptéra,15/64,Rare,N3
Celebi,16/64,Rare,N3
Entei,17/64,Rare,N3
Ho-oh,18/64,Rare,N3
Hyporoi,19/64,Rare,N3
Lugia,20/64,Rare,N3
Raichu,21/64,Rare,N3
Raikou,22/64,Rare,N3
Airmure,23/64,Rare,N3
Farfuret,24/64,Rare,N3
Staross,25/64,Rare,N3
Simularbre,26/64,Rare,N3
Suicune,27/64,Rare,N3
Lainergie,28/64,Uncommon,N3
Nosferalto,29/64,Uncommon,N3
Gravalanch,30/64,Uncommon,N3
Lippoutou,31/64,Uncommon,N3
Lanturn,32/64,Uncommon,N3
Volcaropod,33/64,Uncommon,N3
Octillery,34/64,Uncommon,N3
Parasect,35/64,Uncommon,N3
Cochignon,36/64,Uncommon,N3
Poissoroy,37/64,Uncommon,N3
Cerfrousse,38/64,Uncommon,N3
Zarbi B,39/64,Uncommon,N3
Zarbi Y,40/64,Uncommon,N3
Capumain,41/64,Common,N3
Loupio,42/64,Common,N3
Canarticho,43/64,Common,N3
Racaillou,44/64,Common,N3
Poissirène,45/64,Common,N3
Cornèbre,46/64,Common,N3
Paras,47/64,Common,N3
Maraiste,48/64,Common,N3
Qwilfish,49/64,Common,N3
Rémoraid,50/64,Common,N3
Caratroc,51/64,Common,N3
Floravol,52/64,Common,N3
Limagma,53/64,Common,N3
Lippouti,54/64,Common,N3
Snubbull,55/64,Common,N3
Stari,56/64,Common,N3
Marcacrin,57/64,Common,N3
Zarbi K,58/64,Common,N3
Nosferapti,59/64,Common,N3
Baie ballon,60/64,Uncommon,N3
Champ de guérison,61/64,Uncommon,N3
Champs d'élevage de Pokémon,62/64,Uncommon,N3
Repaire des Rocket !,63/64,Uncommon,N3
Canne,64/64,Common,N3
Léviator Brillant,65/64,Rare Shining,N3
Magicarpe Brillant,66/64,Rare Shining,N3
Kyogre ex,1/40,Promo,NP
Groudon ex,2/40,Promo,NP
Arcko,3/40,Promo,NP
Massko,4/40,Promo,NP
Gobou,5/40,Promo,NP
Poussifeu,6/40,Promo,NP
Arcko,7/40,Promo,NP
Poussifeu,8/40,Promo,NP
Galifeu,9/40,Promo,NP
Gobou,10/40,Promo,NP
Flobio,11/40,Promo,NP
Pikachu,12/40,Promo,NP
Meowth,13/40,Promo,NP
Latias,14/40,Promo,NP
Latios,15/40,Promo,NP
Treecko,16/40,Promo,NP
Torchic,17/40,Promo,NP
Mudkip,18/40,Promo,NP
Whismur,19/40,Promo,NP
Ludicolo,20/40,Promo,NP
Jirachi,21/40,Promo,NP
Beldum,22/40,Promo,NP
Metang,23/40,Promo,NP
Chimecho,24/40,Promo,NP
Libegon,25/40,Promo,NP
Vent tropical,26/40,Promo,NP
Raz-de-marée tropical,27/40,Promo,NP
Championship Arena,28/40,Promo,NP
Celebi,29/40,Promo,NP
Suicune,30/40,Promo,NP
Sulfura ex,31/40,Promo,NP
Artikodin ex,32/40,Promo,NP
Electhor ex,33/40,Promo,NP
Typhlosion,34/40,Promo,NP
Pikachu δ,35/40,Promo,NP
Raz-de-marée tropical,36/40,Promo,NP
Kyogre ex,37/40,Promo,NP
Groudon ex,38/40,Promo,NP
Rayquaza ex,39/40,Promo,NP
Mew,40/40,Promo,NP
Electabuzz,1/9,Promo,BOG
Hitmonchan,2/9,Promo,BOG
Professor Elm,3/9,Promo,BOG
Rocket's Scizor,4/9,Promo,BOG
Rocket's Sneasel,5/9,Promo,BOG
Dark Ivysaur,6/9,Promo,BOG
Dark Venusaur,7/9,Promo,BOG
Rocket's Mewtwo,8/9,Promo,BOG
Rocket's Hitmonchan,9/9,Promo,BOG
Pikachu on the Ball,1/5,,FUT20
Eevee on the Ball,2/5,,FUT20
Grookey on the Ball,3/5,,FUT20
Scorbunny on the Ball,4/5,,FUT20
Sobble on the Ball,5/5,,FUT20
Alakazam,1/110,Rare Holo,LC
Articuno,2/110,Rare Holo,LC
Charizard,3/110,Rare Holo,LC
Dark Blastoise,4/110,Rare Holo,LC
Dark Dragonite,5/110,Rare Holo,LC
Dark Persian,6/110,Rare Holo,LC
Dark Raichu,7/110,Rare Holo,LC
Dark Slowbro,8/110,Rare Holo,LC
Dark Vaporeon,9/110,Rare Holo,LC
Flareon,10/110,Rare Holo,LC
Gengar,11/110,Rare Holo,LC
Gyarados,12/110,Rare Holo,LC
Hitmonlee,13/110,Rare Holo,LC
Jolteon,14/110,Rare Holo,LC
Machamp,15/110,Rare Holo,LC
Muk,16/110,Rare Holo,LC
Ninetales,17/110,Rare Holo,LC
Venusaur,18/110,Rare Holo,LC
Zapdos,19/110,Rare Holo,LC
Beedrill,20/110,Rare,LC
Butterfree,21/110,Rare,LC
Electrode,22/110,Rare,LC
Exeggutor,23/110,Rare,LC
Golem,24/110,Rare,LC
Hypno,25/110,Rare,LC
Jynx,26/110,Rare,LC
Kabutops,27/110,Rare,LC
Magneton,28/110,Rare,LC
Mewtwo,29/110,Rare,LC
Moltres,30/110,Rare,LC
Nidoking,31/110,Rare,LC
Nidoqueen,32/110,Rare,LC
Pidgeot,33/110,Rare,LC
Pidgeotto,34/110,Rare,LC
Rhydon,35/110,Rare,LC
Arcanine,36/110,Uncommon,LC
Charmeleon,37/110,Uncommon,LC
Dark Dragonair,38/110,Uncommon,LC
Dark Wartortle,39/110,Uncommon,LC
Dewgong,40/110,Uncommon,LC
Dodrio,41/110,Uncommon,LC
Fearow,42/110,Uncommon,LC
Golduck,43/110,Uncommon,LC
Graveler,44/110,Uncommon,LC
Growlithe,45/110,Uncommon,LC
Haunter,46/110,Uncommon,LC
Ivysaur,47/110,Uncommon,LC
Kabuto,48/110,Uncommon,LC
Kadabra,49/110,Uncommon,LC
Kakuna,50/110,Uncommon,LC
Machoke,51/110,Uncommon,LC
Magikarp,52/110,Uncommon,LC
Meowth,53/110,Uncommon,LC
Metapod,54/110,Uncommon,LC
Nidorina,55/110,Uncommon,LC
Nidorino,56/110,Uncommon,LC
Omanyte,57/110,Uncommon,LC
Omastar,58/110,Uncommon,LC
Primeape,59/110,Uncommon,LC
Rapidash,60/110,Uncommon,LC
Raticate,61/110,Uncommon,LC
Sandslash,62/110,Uncommon,LC
Seadra,63/110,Uncommon,LC
Snorlax,64/110,Uncommon,LC
Tauros,65/110,Uncommon,LC
Tentacruel,66/110,Uncommon,LC
Abra,67/110,Common,LC
Bulbasaur,68/110,Common,LC
Caterpie,69/110,Common,LC
Charmander,70/110,Common,LC
Doduo,71/110,Common,LC
Dratini,72/110,Common,LC
Drowzee,73/110,Common,LC
Eevee,74/110,Common,LC
Exeggcute,75/110,Common,LC
Gastly,76/110,Common,LC
Geodude,77/110,Common,LC
Grimer,78/110,Common,LC
Machop,79/110,Common,LC
Magnemite,80/110,Common,LC
Mankey,81/110,Common,LC
Nidoran ♀,82/110,Common,LC
Nidoran ♂,83/110,Common,LC
Onix,84/110,Common,LC
Pidgey,85/110,Common,LC
Pikachu,86/110,Common,LC
Ponyta,87/110,Common,LC
Psyduck,88/110,Common,LC
Rattata,89/110,Common,LC
Rhyhorn,90/110,Common,LC
Sandshrew,91/110,Common,LC
Seel,92/110,Common,LC
Slowpoke,93/110,Common,LC
Spearow,94/110,Common,LC
Squirtle,95/110,Common,LC
Tentacool,96/110,Common,LC
Voltorb,97/110,Common,LC
Vulpix,98/110,Common,LC
Weedle,99/110,Common,LC
Full Heal Energy,100/110,Uncommon,LC
Potion Energy,101/110,Uncommon,LC
Pokémon Breeder,102/110,Rare,LC
Pokémon Trader,103/110,Rare,LC
Scoop Up,104/110,Rare,LC
The Boss's Way,105/110,Uncommon,LC
Challenge!,106/110,Uncommon,LC
Energy Retrieval,107/110,Uncommon,LC
Bill,108/110,Common,LC
Mysterious Fossil,109/110,Common,LC
Potion,110/110,Common,LC
Vipélierre,1/12,,MCD11
Maracachi,2/12,,MCD11
Gruikui,3/12,,MCD11
Moustillon,4/12,,MCD11
Mamanbo,5/12,,MCD11
Zébibron,6/12,,MCD11
Munna,7/12,,MCD11
Mascaïman,8/12,,MCD11
Zorua,9/12,,MCD11
Tic,10/12,,MCD11
Poichigeon,11/12,,MCD11
Nanméouïe,12/12,,MCD11
Lianaja,1/12,,MCD12
Feuillajou,2/12,,MCD12
Crabicoque,3/12,,MCD12
Grotichon,4/12,,MCD12
Mateloutre,5/12,,MCD12
Emolga,6/12,,MCD12
Chovsourir,7/12,,MCD12
Rototaupe,8/12,,MCD12
Chacripan,9/12,,MCD12
Baggiguane,10/12,,MCD12
Clic,11/12,,MCD12
Coupenotte,12/12,,MCD12
Aspicot,1/12,,MCD14
Marisson,2/12,,MCD14
Feunnec,3/12,,MCD14
Grenousse,4/12,,MCD14
Pikachu,5/12,,MCD14
Sepiatop,6/12,,MCD14
Monorpale,7/12,,MCD14
Snubbull,8/12,,MCD14
Sucroquin,9/12,,MCD14
Sapereau,10/12,,MCD14
Passerouge,11/12,,MCD14
Couafarel,12/12,,MCD14
Arcko,1/12,,MCD15
Nénupiot,2/12,,MCD15
Poussifeu,3/12,,MCD15
Stari,4/12,,MCD15
Gobou,5/12,,MCD15
Pikachu,6/12,,MCD15
Dynavolt,7/12,,MCD15
Rhinocorne,8/12,Common,MCD15
Méditikka,9/12,,MCD15
Marill,10/12,,MCD15
Zigzaton,11/12,,MCD15
Skitty,12/12,,MCD15
Goupix,1/12,,MCD16
Poussifeu,2/12,,MCD16
Feunnec,3/12,,MCD16
Magicarpe,4/12,,MCD16
Kaiminus,5/12,,MCD16
Pikachu,6/12,,MCD16
Baggiguane,7/12,,MCD16
Rondoudou,8/12,,MCD16
Togepi,9/12,,MCD16
Dedenne,10/12,,MCD16
Miaouss,11/12,,MCD16
Évoli,12/12,,MCD16
Brindibou,1/12,,MCD17
Larvibule,2/12,,MCD17
Flamiaou,3/12,,MCD17
Otaquin,4/12,,MCD17
Pikachu,5/12,,MCD17
Cosmog,6/12,,MCD17
Crabagarre,7/12,,MCD17
Miaouss d'Alola,8/12,,MCD17
Taupiqueur d'Alola,9/12,,MCD17
Bombydou,10/12,,MCD17
Picassaut,11/12,,MCD17
Manglouton,12/12,,MCD17
Growlithe,1/12,,MCD18
Psyduck,2/12,,MCD18
Horsea,3/12,,MCD18
Pikachu,4/12,,MCD18
Slowpoke,5/12,,MCD18
Machop,6/12,,MCD18
Cubone,7/12,,MCD18
Magnemite,8/12,,MCD18
Dratini,9/12,,MCD18
Chansey,10/12,,MCD18
Eevee,11/12,,MCD18
Porygon,12/12,,MCD18
Caterpie,1/12,,MCD19
Alolan Exeggutor,2/12,,MCD19
Magmar,3/12,,MCD19
Alolan Sandshrew,4/12,,MCD19
Lapras,5/12,,MCD19
Pikachu,6/12,,MCD19
Gastly,7/12,,MCD19
Mankey,8/12,,MCD19
Onix,9/12,,MCD19
Alolan Meowth,10/12,,MCD19
Alolan Dugtrio,11/12,,MCD19
Eevee,12/12,,MCD19
Bulbizarre,1/25,,MCD21
Germignon,2/25,,MCD21
Arcko,3/25,,MCD21
Tortipouss,4/25,,MCD21
Vipélierre,5/25,,MCD21
Marisson,6/25,,MCD21
Brindibou,7/25,,MCD21
Ouistempo,8/25,,MCD21
Salamèche,9/25,,MCD21
Héricendre,10/25,,MCD21
Poussifeu,11/25,,MCD21
Chimpenfeu,12/25,,MCD21
Gruikui,13/25,,MCD21
Feunnec,14/25,,MCD21
Flamiaou,15/25,,MCD21
Flambino,16/25,,MCD21
Carapuce,17/25,,MCD21
Kaiminus,18/25,,MCD21
Gobou,19/25,,MCD21
Tiplouf,20/25,,MCD21
Moustillon,21/25,,MCD21
Grenousse,22/25,,MCD21
Otaquin,23/25,,MCD21
Larméléon,24/25,,MCD21
Pikachu,25/25,,MCD21
Coxy,1/15,,MCD22
Brindibou,2/15,,MCD22
Tournicoton,3/15,,MCD22
Caninos,4/15,,MCD22
Victini,5/15,,MCD22
Lokhlass,6/15,,MCD22
Pikachu,7/15,,MCD22
Loupio,8/15,,MCD22
Lainergie,9/15,,MCD22
Anchwatt,10/15,,MCD22
Bombydou,11/15,,MCD22
Chelours,12/15,,MCD22
Pandarbare,13/15,,MCD22
Draïeul,14/15,,MCD22
Queulorior,15/15,,MCD22
Venusaur,1/16,,RM
Cherrim,2/16,,RM
Ninetales,3/16,,RM
Heatran,4/16,,RM
Starmie,5/16,,RM
Gyarados,6/16,,RM
Pikachu,7/16,,RM
Zapdos,8/16,,RM
Mewtwo,9/16,,RM
Mew,10/16,,RM
Diglett,11/16,,RM
Lucario,12/16,,RM
Skuntank,13/16,,RM
Bastiodon,14/16,,RM
Rattata,15/16,,RM
Bibarel,16/16,,RM
Mew,1/18,,SI
Pidgeot,2/18,,SI
Onix,3/18,,SI
Togepi,4/18,,SI
Ivysaur,5/18,,SI
Raticate,6/18,,SI
Ledyba,7/18,,SI
Jigglypuff,8/18,,SI
Butterfree,9/18,,SI
Tentacruel,10/18,,SI
Marill,11/18,,SI
Lapras,12/18,,SI
Exeggutor,13/18,,SI
Slowking,14/18,,SI
Wartortle,15/18,,SI
Lickitung,16/18,,SI
Vileplume,17/18,,SI
Primeape,18/18,,SI
Charizard,1/99,Rare Holo,AR
Froslass,2/99,Rare Holo,AR
Heatran,3/99,Rare Holo,AR
Kabutops,4/99,Rare Holo,AR
Luxray,5/99,Rare Holo,AR
Mothim,6/99,Rare Holo,AR
Probopass,7/99,Rare Holo,AR
Salamence,8/99,Rare Holo,AR
Swalot,9/99,Rare Holo,AR
Tangrowth,10/99,Rare Holo,AR
Toxicroak,11/99,Rare Holo,AR
Zapdos G,12/99,Rare Holo,AR
Aerodactyl,13/99,Rare,AR
Bronzong,14/99,Rare,AR
Cherrim,15/99,Rare,AR
Gengar,16/99,Rare,AR
Gengar,17/99,Rare,AR
Glalie,18/99,Rare,AR
Golem,19/99,Rare,AR
Hariyama,20/99,Rare,AR
Lopunny,21/99,Rare,AR
Manectric,22/99,Rare,AR
Omastar,23/99,Rare,AR
Pelipper,24/99,Rare,AR
Pichu,25/99,Rare,AR
Porygon-Z G,26/99,Rare,AR
Raichu,27/99,Rare,AR
Rapidash,28/99,Rare,AR
Raticate,29/99,Rare,AR
Sceptile,30/99,Rare,AR
Sceptile,31/99,Rare,AR
Spiritomb,32/99,Rare,AR
Bronzong,33/99,Uncommon,AR
Bronzor,34/99,Uncommon,AR
Charmeleon,35/99,Uncommon,AR
Gastly,36/99,Uncommon,AR
Graveler,37/99,Uncommon,AR
Grovyle,38/99,Uncommon,AR
Grovyle,39/99,Uncommon,AR
Gulpin,40/99,Uncommon,AR
Haunter,41/99,Uncommon,AR
Haunter,42/99,Uncommon,AR
Luxio,43/99,Uncommon,AR
Manectric,44/99,Uncommon,AR
Pelipper,45/99,Uncommon,AR
Ponyta,46/99,Uncommon,AR
Rapidash,47/99,Uncommon,AR
Shelgon,48/99,Uncommon,AR
Wormadam Plant Cloak,49/99,Uncommon,AR
Wormadam Sandy Cloak,50/99,Uncommon,AR
Wormadam Trash Cloak,51/99,Uncommon,AR
Bagon,52/99,Common,AR
Beedrill G,53/99,Common,AR
Bronzor,54/99,Common,AR
Buneary,55/99,Common,AR
Burmy Plant Cloak,56/99,Common,AR
Burmy Sandy Cloak,57/99,Common,AR
Burmy Trash Cloak,58/99,Common,AR
Charmander,59/99,Common,AR
Cherubi,60/99,Common,AR
Croagunk,61/99,Common,AR
Electrike,62/99,Common,AR
Electrike,63/99,Common,AR
Gastly,64/99,Common,AR
Geodude,65/99,Common,AR
Gulpin,66/99,Common,AR
Kabuto,67/99,Common,AR
Makuhita,68/99,Common,AR
Nosepass,69/99,Common,AR
Omanyte,70/99,Common,AR
Pikachu,71/99,Common,AR
Ponyta,72/99,Common,AR
Rattata,73/99,Common,AR
Shinx,74/99,Common,AR
Snorunt,75/99,Common,AR
Tangela,76/99,Common,AR
Tangela,77/99,Common,AR
Treecko,78/99,Common,AR
Treecko,79/99,Common,AR
Wingull,80/99,Common,AR
Wingull,81/99,Common,AR
Beginning Door,82/99,Uncommon,AR
Bench Shield,83/99,Uncommon,AR
Buffer Piece,84/99,Uncommon,AR
Department Store Girl,85/99,Uncommon,AR
Energy Restore,86/99,Uncommon,AR
Expert Belt,87/99,Uncommon,AR
Lucky Egg,88/99,Uncommon,AR
Old Amber,89/99,Common,AR
Professor Oak's Visit,90/99,Uncommon,AR
Ultimate Zone,91/99,Uncommon,AR
Dome Fossil,92/99,Common,AR
Helix Fossil,93/99,Common,AR
Arceus LV.X,94/99,Rare Holo LV.X,AR
Arceus LV.X,95/99,Rare Holo LV.X,AR
Arceus LV.X,96/99,Rare Holo LV.X,AR
Gengar LV.X,97/99,Rare Holo LV.X,AR
Salamence LV.X,98/99,Rare Holo LV.X,AR
Tangrowth LV.X,99/99,Rare Holo LV.X,AR
Bagon,SH10/99,Rare,AR
Ponyta,SH11/99,Rare,AR
Shinx,SH12/99,Rare,AR
Arceus,AR1/99,Rare,AR
Arceus,AR2/99,Rare,AR
Arceus,AR3/99,Rare,AR
Arceus,AR4/99,Rare,AR
Arceus,AR5/99,Rare,AR
Arceus,AR6/99,Rare,AR
Arceus,AR7/99,Rare,AR
Arceus,AR8/99,Rare,AR
Arceus,AR9/99,Rare,AR
Pharamp,1/127,Rare Holo,PL
Tortank,2/127,Rare Holo,PL
Braségali,3/127,Rare Holo,PL
Delcatty,4/127,Rare Holo,PL
Dialga,5/127,Rare Holo,PL
Dialga,6/127,Rare Holo,PL
Dialga G,7/127,Rare Holo,PL
Gardevoir,8/127,Rare Holo,PL
Giratina,9/127,Rare Holo,PL
Giratina,10/127,Rare Holo,PL
Élecsprint,11/127,Rare Holo,PL
Palkia G,12/127,Rare Holo,PL
Charkos,13/127,Rare Holo,PL
Shaymin,14/127,Rare Holo,PL
Shaymin,15/127,Rare Holo,PL
Monaflèmit,16/127,Rare Holo,PL
Dimoret G,17/127,Rare Holo,PL
Altaria,18/127,Rare,PL
Branette,19/127,Rare,PL
Bastiodon,20/127,Rare,PL
Charmillon,21/127,Rare,PL
Leuphorie,22/127,Rare,PL
Dialga,23/127,Rare,PL
Triopikeur,24/127,Rare,PL
Papinox,25/127,Rare,PL
Pingoléon,26/127,Rare,PL
Giratina,27/127,Rare,PL
Giratina,28/127,Rare,PL
Akwakwak,29/127,Rare,PL
Leviator G,30/127,Rare,PL
Simiabraz,31/127,Rare,PL
Mélokrik,32/127,Rare,PL
Coudlangue,33/127,Rare,PL
Ludicolo,34/127,Rare,PL
Lovdisc,35/127,Rare,PL
Feunard,36/127,Rare,PL
Palkia,37/127,Rare,PL
Shaymin,38/127,Rare,PL
Torterra,39/127,Rare,PL
Coatox G,40/127,Rare,PL
Archéodong G,41/127,Uncommon,PL
Cacturne,42/127,Uncommon,PL
Vortente,43/127,Uncommon,PL
Blindalys,44/127,Uncommon,PL
Galifeu,45/127,Uncommon,PL
Kranidos,46/127,Uncommon,PL
Nostenfert G,47/127,Uncommon,PL
Lainergie,48/127,Uncommon,PL
Boskara,49/127,Uncommon,PL
Demolosse G,50/127,Uncommon,PL
Kirlia,51/127,Uncommon,PL
Lombre,52/127,Uncommon,PL
Lucario,53/127,Uncommon,PL
Grahyèna,54/127,Uncommon,PL
Magirêve,55/127,Uncommon,PL
Chimpenfeu,56/127,Uncommon,PL
Grotadmorv,57/127,Uncommon,PL
Octillery,58/127,Uncommon,PL
Prinplouf,59/127,Uncommon,PL
Tarinorme,60/127,Uncommon,PL
Séviper,61/127,Uncommon,PL
Dinoclier,62/127,Uncommon,PL
Armulys,63/127,Uncommon,PL
Vigoroth,64/127,Uncommon,PL
Carabaffe,65/127,Uncommon,PL
Mangriff,66/127,Uncommon,PL
Cacnea,67/127,Common,PL
Vortente,68/127,Common,PL
Leveinard,69/127,Common,PL
Ouisticram,70/127,Common,PL
Apitrini,71/127,Common,PL
Taupiqueur,72/127,Common,PL
Insolourdo,73/127,Common,PL
Dynavolt,74/127,Common,PL
Tadmorv,75/127,Common,PL
Ptiravi,76/127,Common,PL
Corboss G,77/127,Common,PL
Crikzik,78/127,Common,PL
Lokhlass,79/127,Common,PL
Excelangue,80/127,Common,PL
Nénupiot,81/127,Common,PL
Wattouat,82/127,Common,PL
Feuforêve,83/127,Common,PL
Tarinor,84/127,Common,PL
Tiplouf,85/127,Common,PL
Medhyena,86/127,Common,PL
Psykokwak,87/127,Common,PL
Chaffreux G,88/127,Common,PL
Tarsal,89/127,Common,PL
Rémoraid,90/127,Common,PL
Riolu,91/127,Common,PL
Polychombr,92/127,Common,PL
Skitty,93/127,Common,PL
Moufflair G,94/127,Common,PL
Parecool,95/127,Common,PL
Carapuce,96/127,Common,PL
Tylton,97/127,Common,PL
Tauros,98/127,Common,PL
Poussifeu,99/127,Common,PL
Chartor,100/127,Common,PL
Tortipouss,101/127,Common,PL
Goupix,102/127,Common,PL
Chenipotte,103/127,Common,PL
Espace-Temps brisé,104/127,Uncommon,PL
Le complot d'Hélio,105/127,Uncommon,PL
QG Galaxie,106/127,Uncommon,PL
Niveau Max,107/127,Uncommon,PL
Herbe sauveuse,108/127,Uncommon,PL
L'enquête de Beladonis,109/127,Uncommon,PL
Baie de mémoire,110/127,Uncommon,PL
Vallée miasme,111/127,Uncommon,PL
PlusPower,112/127,Uncommon,PL
Poké Ball,113/127,Uncommon,PL
Pokédex HANDY910is,114/127,Uncommon,PL
Rescousse Pokémon,115/127,Uncommon,PL
Gain d'Énergie Invention G-101 de Team Galaxie,116/127,Uncommon,PL
Spray Puissant Invention G-103 de Team Galaxie,117/127,Uncommon,PL
Poké-Tour Invention G-105 de Team Galaxie,118/127,Uncommon,PL
Fossile Armure,119/127,Common,PL
Fossile Crâne,120/127,Common,PL
Énergie Multicolore,121/127,Uncommon,PL
Dialga G NIV.X,122/127,Rare Holo LV.X,PL
Drascore,123/127,Rare Holo LV.X,PL
Giratina,124/127,Rare Holo LV.X,PL
Palkia G NIV.X,125/127,Rare Holo LV.X,PL
Shaymin,126/127,Rare Holo LV.X,PL
Shaymin,127/127,Rare Holo LV.X,PL
Elektek,128/127,Rare Secret,PL
Tygnon,129/127,Rare Secret,PL
Insécateur,130/127,Rare Secret,PL
Nénupiot,SH4/127,Rare,PL
Tylton,SH5/127,Rare,PL
Goupix,SH6/127,Rare,PL
Arcanin Niv. 53,1/111,Rare Holo,RR
Bastiodon GL Niv. 41,2/111,Rare Holo,RR
Darkrai G Niv. 58,3/111,Rare Holo,RR
Mustéflott GL Niv. 37,4/111,Rare Holo,RR
Flygon Niv. 65,5/111,Rare Holo,RR
Momartik GL Niv. 44,6/111,Rare Holo,RR
Jirachi Niv. 39,7/111,Rare Holo,RR
Lucario GL Niv. 32,8/111,Rare Holo,RR
Luxray GL Niv. 48,9/111,Rare Holo,RR
Magirêve GL Niv. 26,10/111,Rare Holo,RR
Charkos GL Niv. 63,11/111,Rare Holo,RR
Roserade GL Niv. 22,12/111,Rare Holo,RR
Tengalice Niv. 55,13/111,Rare Holo,RR
Galeking Niv. 53,14/111,Rare,RR
Dardargnan Niv. 47,15/111,Rare,RR
Archéodong 4 Niv. 54,16/111,Rare,RR
Drascore 4 Niv. 53,17/111,Rare,RR
Mentali 4 Niv. 55,18/111,Rare,RR
Pyroli Niv. 38,19/111,Rare,RR
Gallame 4 Niv. 59,20/111,Rare,RR
Tritosor Mer Orient Niv. 40,21/111,Rare,RR
Tritosor Mer Occident Niv. 50,22/111,Rare,RR
Grolem 4 Niv. 52,23/111,Rare,RR
Scarhino 4 Niv. 51,24/111,Rare,RR
Hippodocus Niv. 48,25/111,Rare,RR
Voltali Niv. 43,26/111,Rare,RR
Mammochon GL Niv. 61,27/111,Rare,RR
M. Mime 4 Niv. 53,28/111,Rare,RR
Nidoking Niv. 59,29/111,Rare,RR
Nidoqueen Niv. 54,30/111,Rare,RR
Raichu GL Niv. 46,31/111,Rare,RR
Rhinastoc 4 Niv. 55,32/111,Rare,RR
Ronflex Niv. 37,33/111,Rare,RR
Aquali Niv. 48,34/111,Rare,RR
Apireine 4 Niv. 50,35/111,Rare,RR
Kaimorse Niv. 59,36/111,Rare,RR
Yanmega 4 Niv. 49,37/111,Rare,RR
Alakazam 4 Niv. 56,38/111,Uncommon,RR
Electrode G Niv. 38,39/111,Uncommon,RR
Ectoplasma GL Niv. 65,40/111,Uncommon,RR
Givrali Niv. 42,41/111,Uncommon,RR
Hippodocus 4 Niv. 52,42/111,Uncommon,RR
Simiabraz 4 Niv. 55,43/111,Uncommon,RR
Galegon Niv. 37,44/111,Uncommon,RR
Phyllali Niv. 49,45/111,Uncommon,RR
Mackogneur GL Niv. 64,46/111,Uncommon,RR
Galopa 4 Niv. 53,47/111,Uncommon,RR
Cizayox 4 Niv. 49,48/111,Uncommon,RR
Sharpedo Niv. 43,49/111,Uncommon,RR
Staross Niv. 44,50/111,Uncommon,RR
Steelix GL Niv. 38,51/111,Uncommon,RR
Tropius Niv. 35,52/111,Uncommon,RR
Vibraninf Niv. 36,53/111,Uncommon,RR
Barbicha 4 Niv. 50,54/111,Uncommon,RR
Ptera GL Niv. 62,55/111,Common,RR
Capidextre G Niv. 40,56/111,Common,RR
Galekid Niv. 21,57/111,Common,RR
Carvanha Niv. 13,58/111,Common,RR
Evoli Niv. 10,59/111,Common,RR
Pyroli 4 Niv. 55,60/111,Common,RR
Forretress G Niv. 35,61/111,Common,RR
Scorvol 4 Niv. 53,62/111,Common,RR
Caninos Niv. 26,63/111,Common,RR
Hippopotas Niv. 31,64/111,Common,RR
Demolosse 4 Niv. 52,65/111,Common,RR
Coconfort Niv. 8,66/111,Common,RR
Kecleon Niv. 34,67/111,Common,RR
Smogo Niv. 22,68/111,Common,RR
Goinfrex Niv. 13,69/111,Common,RR
Goinfrex Niv. 15,70/111,Common,RR
Nidoran♀ Niv. 14,71/111,Common,RR
Nidoran♂ Niv. 9,72/111,Common,RR
Nidorina Niv. 29,73/111,Common,RR
Nidorino Niv. 30,74/111,Common,RR
Pifeuil Niv. 25,75/111,Common,RR
Maraiste GL Niv. 34,76/111,Common,RR
Phogleur Niv. 31,77/111,Common,RR
Grainipiot Niv. 8,78/111,Common,RR
Sancoki Mer Orient Niv. 21,79/111,Common,RR
Sancoki Mer Occident Niv. 27,80/111,Common,RR
Ronflex Niv. 40,81/111,Common,RR
Obalie Niv. 18,82/111,Common,RR
Stari Niv. 18,83/111,Common,RR
Kraknoix Niv. 14,84/111,Common,RR
Tortipouss GL Niv. 20,85/111,Common,RR
Aspicot Niv. 6,86/111,Common,RR
Smogogo Niv. 47,87/111,Common,RR
La collection d'Aaron,88/111,Uncommon,RR
La recherche d'Amelle,89/111,Uncommon,RR
La chaleur de Terry,90/111,Uncommon,RR
La volonté d'Adrien,91/111,Uncommon,RR
La mission de Lucio,92/111,Uncommon,RR
La salle de concours Pokémon,93/111,Uncommon,RR
Le gymnase de Rivamar City,94/111,Uncommon,RR
Machine Technique G Invention G-107 de Team Galaxie,95/111,Uncommon,RR
Radar SP Invention G-109 de Team Galaxie,96/111,Uncommon,RR
Expédition souterraine,97/111,Uncommon,RR
La Philosophie de Tanguy,98/111,Uncommon,RR
Énergie Obscurité,99/111,Uncommon,RR
Énergie Métal,100/111,Uncommon,RR
Énergie SP,101/111,Uncommon,RR
Énergie Sup,102/111,Uncommon,RR
Alakazam 4 Niv. X,103/111,Rare Holo LV.X,RR
Mustéflott GL Niv. X,104/111,Rare Holo LV.X,RR
Libegon Niv. X,105/111,Rare Holo LV.X,RR
Gallame 4 Niv. X,106/111,Rare Holo LV.X,RR
Hippodocus Niv. X,107/111,Rare Holo LV.X,RR
Simiabraz 4 Niv. X,108/111,Rare Holo LV.X,RR
Luxray GL Niv. X,109/111,Rare Holo LV.X,RR
Magirêve GL Niv. X,110/111,Rare Holo LV.X,RR
Ronflex Niv. X,111/111,Rare Holo LV.X,RR
Pikachu Niv. 12,112/111,Rare Secret,RR
Pikachu volant Niv. 12,113/111,Rare Secret,RR
Pikachu surfeur Niv. 13,114/111,Rare Secret,RR
Motisma Hélice Niv. 46,RT1/111,Rare,RR
Motisma Froid Niv. 46,RT2/111,Rare,RR
Motisma Chaleur Niv. 46,RT3/111,Rare,RR
Motisma Tonte Niv. 46,RT4/111,Rare,RR
Motisma Lavage Niv. 46,RT5/111,Rare,RR
Le choix de Pluton,RT6/111,Rare,RR
Absol G,1/147,Rare Holo,SV
Brasegali FB,2/147,Rare Holo,SV
Grodrive FB,3/147,Rare Holo,SV
Elekable FB,4/147,Rare Holo,SV
Carchacrok,5/147,Rare Holo,SV
Maganon,6/147,Rare Holo,SV
Métalosse,7/147,Rare Holo,SV
Rayquaza C,8/147,Rare Holo,SV
Regigigas FB,9/147,Rare Holo,SV
Rhinastoc,10/147,Rare Holo,SV
Etouraptor FB,11/147,Rare Holo,SV
Laggron,12/147,Rare Holo,SV
Florizarre,13/147,Rare Holo,SV
Yanmega,14/147,Rare Holo,SV
Arcanin G,15/147,Rare,SV
Artikodin,16/147,Rare,SV
Papilusion FB,17/147,Rare,SV
Camérupt,18/147,Rare,SV
Camerupt G,19/147,Rare,SV
Dracaufeu G,20/147,Rare,SV
Éoko,21/147,Rare,SV
Kaorine,22/147,Rare,SV
Colhomard G,23/147,Rare,SV
Lamantine,24/147,Rare,SV
Dodrio,25/147,Rare,SV
Noctunoir FB,26/147,Rare,SV
Pingoléon FB,27/147,Rare,SV
Brouhabam,28/147,Rare,SV
Corboss,29/147,Rare,SV
Coudlangue C,30/147,Rare,SV
Lucario C,31/147,Rare,SV
Séléroc,32/147,Rare,SV
Mysdibule,33/147,Rare,SV
Charmina,34/147,Rare,SV
Milobellus C,35/147,Rare,SV
Sulfura,36/147,Rare,SV
M. Mime,37/147,Rare,SV
Parasect,38/147,Rare,SV
Colossinge,39/147,Rare,SV
Roserade C,40/147,Rare,SV
Tenefix G,41/147,Rare,SV
Sablaireau,42/147,Rare,SV
Poissoroy,43/147,Rare,SV
Munja,44/147,Rare,SV
Solaroc,45/147,Rare,SV
Spinda,46/147,Rare,SV
Wailord,47/147,Rare,SV
Electhor,48/147,Rare,SV
Altaria C,49/147,Uncommon,SV
Arcanin,50/147,Uncommon,SV
Castorno,51/147,Uncommon,SV
Chapignon,52/147,Uncommon,SV
Vortente,53/147,Uncommon,SV
Pijako G,54/147,Uncommon,SV
Ceriflor,55/147,Uncommon,SV
Dracolosse FB,56/147,Uncommon,SV
Grodrive,57/147,Uncommon,SV
Mustéflott,58/147,Uncommon,SV
Carmache,59/147,Uncommon,SV
Carchacrok C,60/147,Uncommon,SV
Hippopotas,61/147,Uncommon,SV
Herbizarre,62/147,Uncommon,SV
Lockpin,63/147,Uncommon,SV
Ramboum,64/147,Uncommon,SV
Magmar,65/147,Uncommon,SV
Élecsprint G,66/147,Uncommon,SV
Flobio,67/147,Uncommon,SV
Maskadra,68/147,Uncommon,SV
Métang,69/147,Uncommon,SV
Milobellus,70/147,Uncommon,SV
Négapi,71/147,Uncommon,SV
Cornèbre,72/147,Uncommon,SV
Ninjask,73/147,Uncommon,SV
Chamallot,74/147,Uncommon,SV
Scarabrute,75/147,Uncommon,SV
Posipi,76/147,Uncommon,SV
Raichu,77/147,Uncommon,SV
Rattatac G,78/147,Uncommon,SV
Relicanth,79/147,Uncommon,SV
Rhinoféros,80/147,Uncommon,SV
Roserade,81/147,Uncommon,SV
Motisma,82/147,Uncommon,SV
Airmure FB,83/147,Uncommon,SV
Spiritomb C,84/147,Uncommon,SV
Etourvol,85/147,Uncommon,SV
Togekiss C,86/147,Uncommon,SV
Wailmer,87/147,Uncommon,SV
Yanma,88/147,Uncommon,SV
Balbuto,89/147,Common,SV
Terhal,90/147,Common,SV
Keunotor,91/147,Common,SV
Mustébouée,92/147,Common,SV
Bulbizarre,93/147,Common,SV
Laporeille,94/147,Common,SV
Pijako,95/147,Common,SV
Ceribou,96/147,Common,SV
Ouisticram,97/147,Common,SV
Korillon,98/147,Common,SV
Apitrini,99/147,Common,SV
Écrapince,100/147,Common,SV
Cradopaud,101/147,Common,SV
Doduo,102/147,Common,SV
Baudrive,103/147,Common,SV
Barpau,104/147,Common,SV
Racaillou,105/147,Common,SV
Griknot,106/147,Common,SV
Poissirène,107/147,Common,SV
Caninos,108/147,Common,SV
Crikzik,109/147,Common,SV
Magicarpe,110/147,Common,SV
Magnéti,111/147,Common,SV
Férosinge,112/147,Common,SV
Méditikka,113/147,Common,SV
Miaouss,114/147,Common,SV
Mime Junior,115/147,Common,SV
Gobou,116/147,Common,SV
Ningale,117/147,Common,SV
Pachirisu,118/147,Common,SV
Paras,119/147,Common,SV
Pikachu,120/147,Common,SV
Tiplouf,121/147,Common,SV
Rhinocorne,122/147,Common,SV
Rosélia,123/147,Common,SV
Sabelette,124/147,Common,SV
Otaria,125/147,Common,SV
Lixy,126/147,Common,SV
Balignon,127/147,Common,SV
Rapion,128/147,Common,SV
Etourmi,129/147,Common,SV
Arakdo,130/147,Common,SV
Tortipouss,131/147,Common,SV
Chuchmur,132/147,Common,SV
Nosferapti,133/147,Common,SV
Tour de Combat,134/147,Uncommon,SV
Salle de Maître,135/147,Uncommon,SV
Les conseils de Cynthia,136/147,Uncommon,SV
L'initiative d'Hélio,137/147,Uncommon,SV
Télétransporteur nocturne,138/147,Uncommon,SV
La contribution de Koner,139/147,Uncommon,SV
Cherche VS,140/147,Uncommon,SV
Absol G NIV.X,141/147,Rare Holo LV.X,SV
Brasegali FB NIV.X,142/147,Rare Holo LV.X,SV
Dracaufeu G NIV.X,143/147,Rare Holo LV.X,SV
Elekable FB NIV.X,144/147,Rare Holo LV.X,SV
Carchacrok C NIV.X,145/147,Rare Holo LV.X,SV
Rayquaza C NIV.X,146/147,Rare Holo LV.X,SV
Etouraptor FB,147/147,Rare Holo LV.X,SV
Artikodin,148/147,Rare Secret,SV
Sulfura,149/147,Rare Secret,SV
Electhor,150/147,Rare Secret,SV
Milobellus,SH7/147,Rare,SV
Relicanth,SH8/147,Rare,SV
Yanma,SH9/147,Rare,SV
Braségali,1/17,Rare,P1
Métalosse,2/17,Rare,P1
Rayquaza,3/17,Rare,P1
Jungko,4/17,Rare,P1
Laggron,5/17,Rare,P1
Charmillon,6/17,Uncommon,P1
Maskadra,7/17,Uncommon,P1
Cornèbre,8/17,Uncommon,P1
Ymphect,9/17,Uncommon,P1
Chartor,10/17,Uncommon,P1
Embrylex,11/17,Common,P1
Négapi,12/17,Common,P1
Posipi,13/17,Common,P1
Arakdo,14/17,Common,P1
Hélédelle,15/17,Common,P1
Armaldo ex,16/17,Rare,P1
Tyranocif ex,17/17,Rare,P1
Entei,1/17,Rare,P2
Roucarnage,2/17,Rare,P2
Raikou,3/17,Rare,P2
Suicune,4/17,Rare,P2
Tauros,5/17,Rare,P2
Florizarre,6/17,Rare,P2
Herbizarre,7/17,Uncommon,P2
La compassion de M. Briney,8/17,Uncommon,P2
Machine multi-technique 01,9/17,Uncommon,P2
Parc Pokémon,10/17,Uncommon,P2
Journaliste télé,11/17,Uncommon,P2
Bulbizarre,12/17,Common,P2
Cacnea,13/17,Common,P2
Lovdisc,14/17,Common,P2
Phanpy,15/17,Common,P2
Pikachu,16/17,Common,P2
Celebi ex,17/17,Rare,P2
Tortank,1/17,Rare,P3
Pyroli,2/17,Rare,P3
Voltali,3/17,Rare,P3
Négapi,4/17,Rare,P3
Posipi,5/17,Rare,P3
Aquali,6/17,Rare,P3
Galifeu,7/17,Uncommon,P3
Donphan,8/17,Uncommon,P3
Foretress,9/17,Uncommon,P3
Système à haute pression,10/17,Uncommon,P3
Système à basse pression,11/17,Uncommon,P3
Métamorph,12/17,Common,P3
Evoli,13/17,Common,P3
Herbizarre,14/17,Common,P3
Flobio,15/17,Common,P3
Pichu Bros.,16/17,Common,P3
Ho-Oh ex,17/17,Rare,P3
Eoko δ,1/17,Rare,P4
Deoxys δ,2/17,Rare,P4
Libegon,3/17,Rare,P4
Mew,4/17,Rare,P4
Jungko,5/17,Rare,P4
Galifeu,6/17,Uncommon,P4
Massko,7/17,Uncommon,P4
Énergie guérisseuse,8/17,Uncommon,P4
Fan Club Pokémon,9/17,Uncommon,P4
Énergie codée,10/17,Uncommon,P4
Gobou,11/17,Common,P4
Roucool,12/17,Common,P4
Pikachu,13/17,Common,P4
Carapuce,14/17,Common,P4
Arcko δ,15/17,Common,P4
Qulbutoké,16/17,Common,P4
Deoxys ex,17/17,Rare,P4
Ho-Oh,1/17,Rare,P5
Lugia,2/17,Rare,P5
Mew δ,3/17,Rare,P5
Double Rainbow Energy,4/17,Rare,P5
Charmeleon δ,5/17,Uncommon,P5
Bill's Maintenance,6/17,Uncommon,P5
Rare Candy,7/17,Uncommon,P5
Boost Energy,8/17,Uncommon,P5
δ Rainbow Energy,9/17,Uncommon,P5
Charmander δ,10/17,Common,P5
Meowth δ,11/17,Common,P5
Pikachu,12/17,Common,P5
Pikachu δ,13/17,Common,P5
Pelipper δ,14/17,Common,P5
Zangoose δ,15/17,Common,P5
Espeon ★,16/17,Rare,P5
Umbreon ★,17/17,Rare,P5
Bastiodon,1/17,Rare,P6
Lucario,2/17,Rare,P6
Manaphy,3/17,Rare,P6
Pachirisu,4/17,Rare,P6
Rampardos,5/17,Rare,P6
Drifloon,6/17,Uncommon,P6
Gible,7/17,Uncommon,P6
Riolu,8/17,Uncommon,P6
Pikachu,9/17,Uncommon,P6
Staravia,10/17,Uncommon,P6
Bidoof,11/17,Common,P6
Buneary,12/17,Common,P6
Cherubi,13/17,Common,P6
Chimchar,14/17,Common,P6
Piplup,15/17,Common,P6
Starly,16/17,Common,P6
Turtwig,17/17,Common,P6
Pharamp,1/17,Rare,P7
Gallame,2/17,Rare,P7
Latias,3/17,Rare,P7
Latios,4/17,Rare,P7
Papilord,5/17,Rare,P7
Cadoizo,6/17,Uncommon,P7
Lainergie,7/17,Uncommon,P7
Kirlia,8/17,Uncommon,P7
Cerfrousse,9/17,Uncommon,P7
Cheniselle Cape Sable,10/17,Uncommon,P7
Cheniti Cape Plante,11/17,Common,P7
Cheniti Cape Sable,12/17,Common,P7
Corayon,13/17,Common,P7
Wattouat,14/17,Common,P7
Tarsal,15/17,Common,P7
Fouinette,16/17,Common,P7
Spinda,17/17,Common,P7
Heatran,1/17,Rare,P8
Lucario,2/17,Rare,P8
Luxray,3/17,Rare,P8
Probopass,4/17,Rare,P8
Yanmega,5/17,Rare,P8
Cherrim,6/17,Uncommon,P8
Carnivine,7/17,Uncommon,P8
Luxio,8/17,Uncommon,P8
Night Maintenance,9/17,Uncommon,P8
Rare Candy,10/17,Uncommon,P8
Roseanne's Research,11/17,Uncommon,P8
Chimchar,12/17,Common,P8
Croagunk,13/17,Common,P8
Happiny,14/17,Common,P8
Piplup,15/17,Common,P8
Riolu,16/17,Common,P8
Turtwig,17/17,Common,P8
Carchacrok,1/17,Rare,P9
Manaphy,2/17,Rare,P9
Raichu,3/17,Rare,P9
Regigigas,4/17,Rare,P9
Motisma,5/17,Rare,P9
Mustébouée,6/17,Uncommon,P9
Cradopaud,7/17,Uncommon,P9
Carmache,8/17,Uncommon,P9
Lockpin,9/17,Uncommon,P9
Pachirisu,10/17,Uncommon,P9
Pichu,11/17,Uncommon,P9
Laporeille,12/17,Common,P9
Ouisticram,13/17,Common,P9
Griknot,14/17,Common,P9
Pikachu,15/17,Common,P9
Tiplouf,16/17,Common,P9
Tortipouss,17/17,Common,P9
Bulbizarre,1/165,Common,MEW
Herbizarre,2/165,Uncommon,MEW
Florizarre-ex,3/165,Double Rare,MEW
Salamèche,4/165,Common,MEW
Reptincel,5/165,Uncommon,MEW
Dracaufeu-ex,6/165,Double Rare,MEW
Carapuce,7/165,Common,MEW
Carabaffe,8/165,Uncommon,MEW
Tortank-ex,9/165,Double Rare,MEW
Chenipan,10/165,Common,MEW
Chrysacier,11/165,Common,MEW
Papilusion,12/165,Uncommon,MEW
Aspicot,13/165,Common,MEW
Coconfort,14/165,Common,MEW
Dardargnan,15/165,Rare,MEW
Roucool,16/165,Common,MEW
Roucoups,17/165,Common,MEW
Roucarnage,18/165,Uncommon,MEW
Rattata,19/165,Common,MEW
Rattatac,20/165,Uncommon,MEW
Piafabec,21/165,Common,MEW
Rapasdepic,22/165,Uncommon,MEW
Abo,23/165,Common,MEW
Arbok-ex,24/165,Double Rare,MEW
Pikachu,25/165,Common,MEW
Raichu,26/165,Rare,MEW
Sabelette,27/165,Common,MEW
Sablaireau,28/165,Uncommon,MEW
Nidoran♀,29/165,Common,MEW
Nidorina,30/165,Uncommon,MEW
Nidoqueen,31/165,Uncommon,MEW
Nidoran♂,32/165,Common,MEW
Nidorino,33/165,Uncommon,MEW
Nidoking,34/165,Rare,MEW
Mélofée,35/165,Common,MEW
Mélodelfe,36/165,Uncommon,MEW
Goupix,37/165,Common,MEW
Feunard-ex,38/165,Double Rare,MEW
Rondoudou,39/165,Common,MEW
Grodoudou-ex,40/165,Double Rare,MEW
Nosferapti,41/165,Common,MEW
Nosferalto,42/165,Uncommon,MEW
Mystherbe,43/165,Common,MEW
Ortide,44/165,Uncommon,MEW
Rafflesia,45/165,Rare,MEW
Paras,46/165,Common,MEW
Parasect,47/165,Uncommon,MEW
Mimitoss,48/165,Common,MEW
Aéromite,49/165,Uncommon,MEW
Taupiqueur,50/165,Common,MEW
Triopikeur,51/165,Uncommon,MEW
Miaouss,52/165,Common,MEW
Persian,53/165,Uncommon,MEW
Psykokwak,54/165,Common,MEW
Akwakwak,55/165,Uncommon,MEW
Férosinge,56/165,Common,MEW
Colossinge,57/165,Uncommon,MEW
Caninos,58/165,Common,MEW
Arcanin,59/165,Uncommon,MEW
Ptitard,60/165,Common,MEW
Têtarte,61/165,Common,MEW
Tartard,62/165,Uncommon,MEW
Abra,63/165,Common,MEW
Kadabra,64/165,Uncommon,MEW
Alakazam-ex,65/165,Double Rare,MEW
Machoc,66/165,Common,MEW
Machopeur,67/165,Uncommon,MEW
Mackogneur,68/165,Rare,MEW
Chétiflor,69/165,Common,MEW
Boustiflor,70/165,Common,MEW
Empiflor,71/165,Uncommon,MEW
Tentacool,72/165,Common,MEW
Tentacruel,73/165,Uncommon,MEW
Racaillou,74/165,Common,MEW
Gravalanch,75/165,Uncommon,MEW
Grolem-ex,76/165,Double Rare,MEW
Ponyta,77/165,Common,MEW
Galopa,78/165,Uncommon,MEW
Ramoloss,79/165,Common,MEW
Flagadoss,80/165,Uncommon,MEW
Magnéti,81/165,Common,MEW
Magnéton,82/165,Uncommon,MEW
Canarticho,83/165,Common,MEW
Doduo,84/165,Common,MEW
Dodrio,85/165,Rare,MEW
Otaria,86/165,Common,MEW
Lamantine,87/165,Uncommon,MEW
Tadmorv,88/165,Common,MEW
Grotadmorv,89/165,Uncommon,MEW
Kokiyas,90/165,Common,MEW
Crustabri,91/165,Uncommon,MEW
Fantominus,92/165,Common,MEW
Spectrum,93/165,Uncommon,MEW
Ectoplasma,94/165,Rare,MEW
Onix,95/165,Uncommon,MEW
Soporifik,96/165,Common,MEW
Hypnomade,97/165,Uncommon,MEW
Krabby,98/165,Common,MEW
Krabboss,99/165,Uncommon,MEW
Voltorbe,100/165,Common,MEW
Électrode,101/165,Rare,MEW
Noeunoeuf,102/165,Common,MEW
Noadkoko,103/165,Uncommon,MEW
Osselait,104/165,Common,MEW
Ossatueur,105/165,Rare,MEW
Kicklee,106/165,Uncommon,MEW
Tygnon,107/165,Uncommon,MEW
Excelangue,108/165,Common,MEW
Smogo,109/165,Common,MEW
Smogogo,110/165,Rare,MEW
Rhinocorne,111/165,Common,MEW
Rhinoféros,112/165,Uncommon,MEW
Leveinard,113/165,Rare,MEW
Saquedeneu,114/165,Common,MEW
Kangourex-ex,115/165,Double Rare,MEW
Hypotrempe,116/165,Common,MEW
Hypocéan,117/165,Uncommon,MEW
Poissirène,118/165,Common,MEW
Poissoroy,119/165,Uncommon,MEW
Stari,120/165,Common,MEW
Staross,121/165,Rare,MEW
M. Mime,122/165,Rare,MEW
Insécateur,123/165,Uncommon,MEW
Lippoutou-ex,124/165,Double Rare,MEW
Élektek,125/165,Common,MEW
Magmar,126/165,Common,MEW
Scarabrute,127/165,Uncommon,MEW
Tauros,128/165,Uncommon,MEW
Magicarpe,129/165,Common,MEW
Léviator,130/165,Rare,MEW
Lokhlass,131/165,Uncommon,MEW
Métamorph,132/165,Rare,MEW
Évoli,133/165,Common,MEW
Aquali,134/165,Rare,MEW
Voltali,135/165,Rare,MEW
Pyroli,136/165,Rare,MEW
Porygon,137/165,Common,MEW
Amonita,138/165,Uncommon,MEW
Amonistar,139/165,Rare,MEW
Kabuto,140/165,Uncommon,MEW
Kabutops,141/165,Rare,MEW
Ptéra,142/165,Rare,MEW
Ronflex,143/165,Uncommon,MEW
Artikodin,144/165,Rare,MEW
Électhor-ex,145/165,Double Rare,MEW
Sulfura,146/165,Rare,MEW
Minidraco,147/165,Common,MEW
Draco,148/165,Uncommon,MEW
Dracolosse,149/165,Rare,MEW
Mewtwo,150/165,Rare,MEW
Mew-ex,151/165,Double Rare,MEW
Fossile Dôme Ancien,152/165,Common,MEW
Fossile Nautile Ancien,153/165,Common,MEW
Vieil Ambre Ancien,154/165,Common,MEW
Gros Ballon,155/165,Uncommon,MEW
Transfert de Léo,156/165,Uncommon,MEW
Piste Cyclable,157/165,Uncommon,MEW
Aide de Nina,158/165,Uncommon,MEW
Stickers Énergie,159/165,Uncommon,MEW
Invitation d'Erika,160/165,Uncommon,MEW
Charisme de Giovanni,161/165,Uncommon,MEW
Pince Attrapeuse,162/165,Uncommon,MEW
Restes,163/165,Uncommon,MEW
Lunettes de Protection,164/165,Uncommon,MEW
Bandeau Rigide,165/165,Uncommon,MEW
Bulbizarre,166/165,Illustration Rare,MEW
Herbizarre,167/165,Illustration Rare,MEW
Salamèche,168/165,Illustration Rare,MEW
Reptincel,169/165,Illustration Rare,MEW
Carapuce,170/165,Illustration Rare,MEW
Carabaffe,171/165,Illustration Rare,MEW
Chenipan,172/165,Illustration Rare,MEW
Pikachu,173/165,Illustration Rare,MEW
Nidoking,174/165,Illustration Rare,MEW
Psykokwak,175/165,Illustration Rare,MEW
Têtarte,176/165,Illustration Rare,MEW
Machopeur,177/165,Illustration Rare,MEW
Saquedeneu,178/165,Illustration Rare,MEW
M. Mime,179/165,Illustration Rare,MEW
Amonita,180/165,Illustration Rare,MEW
Draco,181/165,Illustration Rare,MEW
Florizarre-ex,182/165,Ultra Rare,MEW
Dracaufeu-ex,183/165,Ultra Rare,MEW
Tortank-ex,184/165,Ultra Rare,MEW
Arbok-ex,185/165,Ultra Rare,MEW
Feunard-ex,186/165,Ultra Rare,MEW
Grodoudou-ex,187/165,Ultra Rare,MEW
Alakazam-ex,188/165,Ultra Rare,MEW
Grolem-ex,189/165,Ultra Rare,MEW
Kangourex-ex,190/165,Ultra Rare,MEW
Lippoutou-ex,191/165,Ultra Rare,MEW
Électhor-ex,192/165,Ultra Rare,MEW
Mew-ex,193/165,Ultra Rare,MEW
Transfert de Léo,194/165,Ultra Rare,MEW
Aide de Nina,195/165,Ultra Rare,MEW
Invitation d'Erika,196/165,Ultra Rare,MEW
Charisme de Giovanni,197/165,Ultra Rare,MEW
Florizarre-ex,198/165,Special Illustration Rare,MEW
Dracaufeu-ex,199/165,Special Illustration Rare,MEW
Tortank-ex,200/165,Special Illustration Rare,MEW
Alakazam-ex,201/165,Special Illustration Rare,MEW
Électhor-ex,202/165,Special Illustration Rare,MEW
Invitation d'Erika,203/165,Special Illustration Rare,MEW
Charisme de Giovanni,204/165,Special Illustration Rare,MEW
Mew-ex,205/165,Hyper Rare,MEW
Échange,206/165,Hyper Rare,MEW
Énergie Psychic de base,207/165,Hyper Rare,MEW
Vipélierre,1/86,Common,BLK
Lianaja,2/86,Common,BLK
Majaspic-ex,3/86,Double Rare,BLK
Feuillajou,4/86,Common,BLK
Feuiloutan,5/86,Uncommon,BLK
Chlorobule,6/86,Common,BLK
Fragilady,7/86,Uncommon,BLK
Maracachi,8/86,Common,BLK
Carabing,9/86,Common,BLK
Trompignon,10/86,Common,BLK
Gaulet,11/86,Uncommon,BLK
Victini,12/86,Rare,BLK
Darumarond,13/86,Common,BLK
Darumacho,14/86,Uncommon,BLK
Pyronille,15/86,Common,BLK
Pyrax,16/86,Rare,BLK
Flotajou,17/86,Common,BLK
Flotoutan,18/86,Uncommon,BLK
Tritonde,19/86,Common,BLK
Batracné,20/86,Common,BLK
Crapustule,21/86,Uncommon,BLK
Carapagos,22/86,Uncommon,BLK
Mégapagos,23/86,Rare,BLK
Mamanbo,24/86,Uncommon,BLK
Polarhume,25/86,Common,BLK
Polagriffe,26/86,Rare,BLK
Hexagel,27/86,Uncommon,BLK
Kyurem-ex,28/86,Double Rare,BLK
Emolga,29/86,Common,BLK
Anchwatt,30/86,Common,BLK
Lampéroie,31/86,Uncommon,BLK
Ohmassacre,32/86,Uncommon,BLK
Fulguris,33/86,Rare,BLK
Zekrom-ex,34/86,Double Rare,BLK
Munna,35/86,Common,BLK
Mushana,36/86,Uncommon,BLK
Nucléos,37/86,Common,BLK
Méios,38/86,Common,BLK
Symbios,39/86,Uncommon,BLK
Lewsor,40/86,Common,BLK
Neitram,41/86,Uncommon,BLK
Gringolem,42/86,Common,BLK
Golemastoc,43/86,Uncommon,BLK
Meloetta-ex,44/86,Double Rare,BLK
Rototaupe,45/86,Common,BLK
Minotaupe-ex,46/86,Double Rare,BLK
Charpenti,47/86,Common,BLK
Ouvrifier,48/86,Common,BLK
Bétochef,49/86,Rare,BLK
Judokrak,50/86,Uncommon,BLK
Crabicoque,51/86,Common,BLK
Crabaraque,52/86,Uncommon,BLK
Démétéros,53/86,Rare,BLK
Venipatte,54/86,Common,BLK
Scobolide,55/86,Common,BLK
Brutapode,56/86,Uncommon,BLK
Mascaïman,57/86,Common,BLK
Escroco,58/86,Common,BLK
Crocorible,59/86,Uncommon,BLK
Lançargot,60/86,Uncommon,BLK
Tic,61/86,Common,BLK
Clic,62/86,Common,BLK
Cliticlic,63/86,Rare,BLK
Scalpion,64/86,Common,BLK
Scalproie,65/86,Uncommon,BLK
Cobaltium,66/86,Rare,BLK
Genesect-ex,67/86,Double Rare,BLK
Coupenotte,68/86,Common,BLK
Incisache,69/86,Common,BLK
Tranchodon,70/86,Rare,BLK
Poichigeon,71/86,Common,BLK
Colombeau,72/86,Common,BLK
Déflaisan,73/86,Uncommon,BLK
Nanméouïe,74/86,Common,BLK
Chinchidou,75/86,Common,BLK
Pashmilla,76/86,Uncommon,BLK
Furaiglon,77/86,Common,BLK
Gueriaigle,78/86,Uncommon,BLK
Ballon,79/86,Uncommon,BLK
Lançargot,60/86,Common,BLK
Pièce Énergie,81/86,Uncommon,BLK
Oryse,82/86,Uncommon,BLK
Plan de N,83/86,Uncommon,BLK
Pokématos 3.0,84/86,Uncommon,BLK
Recherches Professorales,85/86,Uncommon,BLK
Énergie Prisme,86/86,Uncommon,BLK
Vipélierre,87/86,Illustration Rare,BLK
Lianaja,88/86,Illustration Rare,BLK
Feuillajou,89/86,Illustration Rare,BLK
Feuiloutan,90/86,Illustration Rare,BLK
Chlorobule,91/86,Illustration Rare,BLK
Fragilady,92/86,Illustration Rare,BLK
Maracachi,93/86,Illustration Rare,BLK
Carabing,94/86,Illustration Rare,BLK
Trompignon,95/86,Illustration Rare,BLK
Gaulet,96/86,Illustration Rare,BLK
Darumarond,97/86,Illustration Rare,BLK
Darumacho,98/86,Illustration Rare,BLK
Pyronille,99/86,Illustration Rare,BLK
Pyrax,100/86,Illustration Rare,BLK
Flotajou,101/86,Illustration Rare,BLK
Flotoutan,102/86,Illustration Rare,BLK
Tritonde,103/86,Illustration Rare,BLK
Batracné,104/86,Illustration Rare,BLK
Crapustule,105/86,Illustration Rare,BLK
Carapagos,106/86,Illustration Rare,BLK
Mégapagos,107/86,Illustration Rare,BLK
Mamanbo,108/86,Illustration Rare,BLK
Polarhume,109/86,Illustration Rare,BLK
Polagriffe,110/86,Illustration Rare,BLK
Hexagel,111/86,Illustration Rare,BLK
Emolga,112/86,Illustration Rare,BLK
Anchwatt,113/86,Illustration Rare,BLK
Lampéroie,114/86,Illustration Rare,BLK
Ohmassacre,115/86,Illustration Rare,BLK
Munna,116/86,Illustration Rare,BLK
Mushana,117/86,Illustration Rare,BLK
Nucléos,118/86,Illustration Rare,BLK
Méios,119/86,Illustration Rare,BLK
Lewsor,120/86,Illustration Rare,BLK
Neitram,121/86,Illustration Rare,BLK
Gringolem,122/86,Illustration Rare,BLK
Golemastoc,123/86,Illustration Rare,BLK
Rototaupe,124/86,Illustration Rare,BLK
Charpenti,125/86,Illustration Rare,BLK
Ouvrifier,126/86,Illustration Rare,BLK
Bétochef,127/86,Illustration Rare,BLK
Judokrak,128/86,Illustration Rare,BLK
Crabicoque,129/86,Illustration Rare,BLK
Crabaraque,130/86,Illustration Rare,BLK
Démétéros,131/86,Illustration Rare,BLK
Venipatte,132/86,Illustration Rare,BLK
Scobolide,133/86,Illustration Rare,BLK
Brutapode,134/86,Illustration Rare,BLK
Mascaïman,135/86,Illustration Rare,BLK
Escroco,136/86,Illustration Rare,BLK
Crocorible,137/86,Illustration Rare,BLK
Lançargot,138/86,Illustration Rare,BLK
Tic,139/86,Illustration Rare,BLK
Clic,140/86,Illustration Rare,BLK
Cliticlic,141/86,Illustration Rare,BLK
Scalpion,142/86,Illustration Rare,BLK
Scalproie,143/86,Illustration Rare,BLK
Cobaltium,144/86,Illustration Rare,BLK
Coupenotte,145/86,Illustration Rare,BLK
Incisache,146/86,Illustration Rare,BLK
Tranchodon,147/86,Illustration Rare,BLK
Poichigeon,148/86,Illustration Rare,BLK
Colombeau,149/86,Illustration Rare,BLK
Déflaisan,150/86,Illustration Rare,BLK
Nanméouïe,151/86,Illustration Rare,BLK
Chinchidou,152/86,Illustration Rare,BLK
Pashmilla,153/86,Illustration Rare,BLK
Furaiglon,154/86,Illustration Rare,BLK
Gueriaigle,155/86,Illustration Rare,BLK
Majaspic-ex,156/86,Ultra Rare,BLK
Kyurem-ex,157/86,Ultra Rare,BLK
Zekrom-ex,158/86,Ultra Rare,BLK
Meloetta-ex,159/86,Ultra Rare,BLK
Minotaupe-ex,160/86,Ultra Rare,BLK
Genesect-ex,161/86,Ultra Rare,BLK
Oryse,162/86,Ultra Rare,BLK
Plan de N,163/86,Ultra Rare,BLK
Majaspic-ex,164/86,Special Illustration Rare,BLK
Kyurem-ex,165/86,Special Illustration Rare,BLK
Zekrom-ex,166/86,Special Illustration Rare,BLK
Meloetta-ex,167/86,Special Illustration Rare,BLK
Minotaupe-ex,168/86,Special Illustration Rare,BLK
Genesect-ex,169/86,Special Illustration Rare,BLK
Plan de N,170/86,Special Illustration Rare,BLK
Victini,171/86,Rare,BLK
Zekrom-ex,172/86,Black White Rare,BLK
Scarabrute de Luth,1/182,Uncommon,DRI
Yanma,2/182,Common,DRI
Yanmega-ex,3/182,Double Rare,DRI
Pomdepik,4/182,Common,DRI
Balignon,5/182,Common,DRI
Chapignon,6/182,Common,DRI
Rosélia de Cynthia,7/182,Common,DRI
Roserade de Cynthia,8/182,Rare,DRI
Motisma Tonte,9/182,Common,DRI
Shaymin,10/182,Uncommon,DRI
Crabicoque,11/182,Common,DRI
Crabaraque,12/182,Rare,DRI
Mimantis,13/182,Common,DRI
Floramantis,14/182,Uncommon,DRI
Larvadar de la Team Rocket,15/182,Common,DRI
Verpom,16/182,Common,DRI
Pomdramour,17/182,Common,DRI
Pomdorochi,18/182,Rare,DRI
Tissenboule de la Team Rocket,19/182,Common,DRI
Filentrappe de la Team Rocket,20/182,Rare,DRI
Olivini,21/182,Common,DRI
Olivado,22/182,Common,DRI
Arboliva-ex,23/182,Double Rare,DRI
Léboulérou,24/182,Common,DRI
Bérasca-ex,25/182,Double Rare,DRI
Ogerpon Masque Turquoise,26/182,Uncommon,DRI
Caninos,27/182,Common,DRI
Arcanin,28/182,Uncommon,DRI
Ponyta,29/182,Common,DRI
Galopa,30/182,Uncommon,DRI
Sulfura-ex de la Team Rocket,31/182,Double Rare,DRI
Héricendre de Luth,32/182,Common,DRI
Feurisson de Luth,33/182,Common,DRI
Typhlosion de Luth,34/182,Rare,DRI
Limagma de Luth,35/182,Common,DRI
Volcaropod de Luth,36/182,Rare,DRI
Malosse de la Team Rocket,37/182,Common,DRI
Démolosse de la Team Rocket,38/182,Uncommon,DRI
Ho-Oh-ex de Luth,39/182,Double Rare,DRI
Poussifeu,40/182,Common,DRI
Galifeu,41/182,Common,DRI
Braségali,42/182,Rare,DRI
Motisma Chaleur,43/182,Common,DRI
Ogerpon Masque du Fourneau,44/182,Uncommon,DRI
Psykokwak d'Ondine,45/182,Uncommon,DRI
Stari d'Ondine,46/182,Common,DRI
Staross d'Ondine,47/182,Uncommon,DRI
Magicarpe d'Ondine,48/182,Common,DRI
Léviator d'Ondine,49/182,Rare,DRI
Lokhlass d'Ondine,50/182,Common,DRI
Artikodin de la Team Rocket,51/182,Rare,DRI
Barpau de Cynthia,52/182,Common,DRI
Milobellus de Cynthia,53/182,Uncommon,DRI
Coquiperl,54/182,Common,DRI
Serpang,55/182,Uncommon,DRI
Rosabyss,56/182,Rare,DRI
Mustébouée,57/182,Common,DRI
Mustéflott,58/182,Uncommon,DRI
Blizzi,59/182,Common,DRI
Blizzaroi,60/182,Uncommon,DRI
Motisma Lavage,61/182,Common,DRI
Embrochet,62/182,Common,DRI
Hastacuda,63/182,Uncommon,DRI
Piétacé,64/182,Common,DRI
Balbalèze-ex,65/182,Double Rare,DRI
Oyacata-ex,66/182,Double Rare,DRI
Ogerpon Masque du Puits,67/182,Uncommon,DRI
Élektek,68/182,Common,DRI
Élekable-ex,69/182,Double Rare,DRI
Électhor de la Team Rocket,70/182,Rare,DRI
Pichu de Luth,71/182,Common,DRI
Wattouat de la Team Rocket,72/182,Common,DRI
Lainergie de la Team Rocket,73/182,Common,DRI
Pharamp de la Team Rocket,74/182,Uncommon,DRI
Dynavolt,75/182,Common,DRI
Élecsprint,76/182,Uncommon,DRI
Motisma,77/182,Common,DRI
Zeraora,78/182,Rare,DRI
Soporifik de la Team Rocket,79/182,Common,DRI
Hypnomade de la Team Rocket,80/182,Uncommon,DRI
Mewtwo-ex de la Team Rocket,81/182,Double Rare,DRI
Qulbutoké de la Team Rocket,82/182,Rare,DRI
Balbuto de Pierre,83/182,Common,DRI
Kaorine de Pierre,84/182,Uncommon,DRI
Korillon de la Team Rocket,85/182,Common,DRI
Strassie de Pierre,86/182,Common,DRI
Mimiqui de la Team Rocket,87/182,Uncommon,DRI
Coléodôme de la Team Rocket,88/182,Common,DRI
Astronelle de la Team Rocket,89/182,Uncommon,DRI
Férosinge,90/182,Common,DRI
Colossinge,91/182,Common,DRI
Courrousinge,92/182,Rare,DRI
Simularbre de Luth,93/182,Common,DRI
Embrylex de la Team Rocket,94/182,Common,DRI
Ymphect de la Team Rocket,95/182,Common,DRI
Tyranocif de la Team Rocket,96/182,Rare,DRI
Tarinor,97/182,Common,DRI
Tarinorme,98/182,Uncommon,DRI
Méditikka,99/182,Common,DRI
Charmina,100/182,Uncommon,DRI
Regirock-ex,101/182,Double Rare,DRI
Griknot de Cynthia,102/182,Common,DRI
Carmache de Cynthia,103/182,Common,DRI
Carchacrok-ex de Cynthia,104/182,Double Rare,DRI
Hippopotas,105/182,Common,DRI
Hippodocus,106/182,Uncommon,DRI
Tiboudet,107/182,Common,DRI
Bourrinos,108/182,Uncommon,DRI
Terracool de Pepper,109/182,Common,DRI
Terracruel de Pepper,110/182,Uncommon,DRI
Ogerpon Masque de la Pierre,111/182,Uncommon,DRI
Abo de la Team Rocket,112/182,Common,DRI
Arbok de la Team Rocket,113/182,Uncommon,DRI
Nidoran♀ de la Team Rocket,114/182,Common,DRI
Nidorina de la Team Rocket,115/182,Common,DRI
Nidoqueen de la Team Rocket,116/182,Uncommon,DRI
Nidoran♂ de la Team Rocket,117/182,Common,DRI
Nidorino de la Team Rocket,118/182,Common,DRI
Nidoking-ex de la Team Rocket,119/182,Double Rare,DRI
Nosferapti de la Team Rocket,120/182,Common,DRI
Nosferalto de la Team Rocket,121/182,Uncommon,DRI
Nostenfer-ex de la Team Rocket,122/182,Double Rare,DRI
Tadmorv de la Team Rocket,123/182,Common,DRI
Grotadmorv de la Team Rocket,124/182,Uncommon,DRI
Smogo de la Team Rocket,125/182,Common,DRI
Smogogo de la Team Rocket,126/182,Uncommon,DRI
Cornèbre de la Team Rocket,127/182,Uncommon,DRI
Farfuret de la Team Rocket,128/182,Rare,DRI
Spiritomb de Cynthia,129/182,Uncommon,DRI
Chacripan de Rosemary,130/182,Common,DRI
Léopardus de Rosemary,131/182,Uncommon,DRI
Baggiguane de Rosemary,132/182,Common,DRI
Baggaïd de Rosemary,133/182,Uncommon,DRI
Grimalin de Rosemary,134/182,Common,DRI
Fourbelin de Rosemary,135/182,Uncommon,DRI
Angoliath-ex de Rosemary,136/182,Double Rare,DRI
Morpeko de Rosemary,137/182,Common,DRI
Grondogue de Pepper,138/182,Common,DRI
Dogrino-ex de Pepper,139/182,Double Rare,DRI
Foretress,140/182,Uncommon,DRI
Airmure,141/182,Common,DRI
Airmure de Pierre,142/182,Common,DRI
Terhal de Pierre,143/182,Common,DRI
Métang de Pierre,144/182,Uncommon,DRI
Métalosse-ex de Pierre,145/182,Double Rare,DRI
Zamazenta,146/182,Rare,DRI
Rattata de la Team Rocket,147/182,Common,DRI
Rattatac de la Team Rocket,148/182,Common,DRI
Miaouss de la Team Rocket,149/182,Common,DRI
Persian-ex de la Team Rocket,150/182,Double Rare,DRI
Kangourex,151/182,Common,DRI
Tauros,152/182,Common,DRI
Porygon de la Team Rocket,153/182,Common,DRI
Porygon2 de la Team Rocket,154/182,Common,DRI
Porygon-Z de la Team Rocket,155/182,Uncommon,DRI
Nirondelle,156/182,Common,DRI
Hélédelle,157/182,Common,DRI
Rongourmand de Pepper,158/182,Common,DRI
Rongrigou de Pepper,159/182,Rare,DRI
Tapatoès,160/182,Common,DRI
Sandwich de Pepper,161/182,Uncommon,DRI
Poids Pouvoir de Cynthia,162/182,Uncommon,DRI
Engouement de la MC,163/182,Common,DRI
Recycleur d'Énergie,164/182,Uncommon,DRI
Aventure de Luth,165/182,Uncommon,DRI
Grotte Granite,166/182,Uncommon,DRI
Juge,167/182,Uncommon,DRI
Cendre Sacrée,168/182,Uncommon,DRI
Arène de Smashings,169/182,Uncommon,DRI
Amos de la Team Rocket,170/182,Uncommon,DRI
Ariane de la Team Rocket,171/182,Uncommon,DRI
Robot-bêtant de la Team Rocket,172/182,Uncommon,DRI
Usine de la Team Rocket,173/182,Uncommon,DRI
Giovanni de la Team Rocket,174/182,Uncommon,DRI
Super Ball de la Team Rocket,175/182,Uncommon,DRI
Lambda de la Team Rocket,176/182,Uncommon,DRI
Lance de la Team Rocket,177/182,Uncommon,DRI
Émetteur-Récepteur de la Team Rocket,178/182,Uncommon,DRI
Bombe Risquée de la Team Rocket,179/182,Uncommon,DRI
Tour d'Observation de la Team Rocket,180/182,Uncommon,DRI
Machine à CT,181/182,Uncommon,DRI
Énergie de la Team Rocket,182/182,Uncommon,DRI
Yanma,183/182,Illustration Rare,DRI
Roserade de Cynthia,184/182,Illustration Rare,DRI
Shaymin,185/182,Illustration Rare,DRI
Crabaraque,186/182,Illustration Rare,DRI
Filentrappe de la Team Rocket,187/182,Illustration Rare,DRI
Pomdorochi,188/182,Illustration Rare,DRI
Galopa,189/182,Illustration Rare,DRI
Typhlosion de Luth,190/182,Illustration Rare,DRI
Démolosse de la Team Rocket,191/182,Illustration Rare,DRI
Braségali,192/182,Illustration Rare,DRI
Psykokwak d'Ondine,193/182,Illustration Rare,DRI
Lokhlass d'Ondine,194/182,Illustration Rare,DRI
Coquiperl,195/182,Illustration Rare,DRI
Dynavolt,196/182,Illustration Rare,DRI
Motisma,197/182,Illustration Rare,DRI
Astronelle de la Team Rocket,198/182,Illustration Rare,DRI
Smogogo de la Team Rocket,199/182,Illustration Rare,DRI
Cornèbre de la Team Rocket,200/182,Illustration Rare,DRI
Zamazenta,201/182,Illustration Rare,DRI
Rattatac de la Team Rocket,202/182,Illustration Rare,DRI
Miaouss de la Team Rocket,203/182,Illustration Rare,DRI
Kangourex,204/182,Illustration Rare,DRI
Rongrigou de Pepper,205/182,Illustration Rare,DRI
Yanmega-ex,206/182,Ultra Rare,DRI
Arboliva-ex,207/182,Ultra Rare,DRI
Sulfura-ex de la Team Rocket,208/182,Ultra Rare,DRI
Ho-Oh-ex de Luth,209/182,Ultra Rare,DRI
Balbalèze-ex,210/182,Ultra Rare,DRI
Oyacata-ex,211/182,Ultra Rare,DRI
Élekable-ex,212/182,Ultra Rare,DRI
Mewtwo-ex de la Team Rocket,213/182,Ultra Rare,DRI
Regirock-ex,214/182,Ultra Rare,DRI
Carchacrok-ex de Cynthia,215/182,Ultra Rare,DRI
Nidoking-ex de la Team Rocket,216/182,Ultra Rare,DRI
Nostenfer-ex de la Team Rocket,217/182,Ultra Rare,DRI
Dogrino-ex de Pepper,218/182,Ultra Rare,DRI
Persian-ex de la Team Rocket,219/182,Ultra Rare,DRI
Engouement de la MC,220/182,Ultra Rare,DRI
Aventure de Luth,221/182,Ultra Rare,DRI
Juge,222/182,Ultra Rare,DRI
Amos de la Team Rocket,223/182,Ultra Rare,DRI
Ariane de la Team Rocket,224/182,Ultra Rare,DRI
Giovanni de la Team Rocket,225/182,Ultra Rare,DRI
Lambda de la Team Rocket,226/182,Ultra Rare,DRI
Lance de la Team Rocket,227/182,Ultra Rare,DRI
Yanmega-ex,228/182,Special Illustration Rare,DRI
Sulfura-ex de la Team Rocket,229/182,Special Illustration Rare,DRI
Ho-Oh-ex de Luth,230/182,Special Illustration Rare,DRI
Mewtwo-ex de la Team Rocket,231/182,Special Illustration Rare,DRI
Carchacrok-ex de Cynthia,232/182,Special Illustration Rare,DRI
Nidoking-ex de la Team Rocket,233/182,Special Illustration Rare,DRI
Nostenfer-ex de la Team Rocket,234/182,Special Illustration Rare,DRI
Dogrino-ex de Pepper,235/182,Special Illustration Rare,DRI
Aventure de Luth,236/182,Special Illustration Rare,DRI
Ariane de la Team Rocket,237/182,Special Illustration Rare,DRI
Giovanni de la Team Rocket,238/182,Special Illustration Rare,DRI
Ho-Oh-ex de Luth,239/182,Hyper Rare,DRI
Mewtwo-ex de la Team Rocket,240/182,Hyper Rare,DRI
Carchacrok-ex de Cynthia,241/182,Hyper Rare,DRI
Nostenfer-ex de la Team Rocket,242/182,Hyper Rare,DRI
Tour de Brouillage,243/182,Hyper Rare,DRI
Levalendura,244/182,Hyper Rare,DRI
Chenipan,1/159,Common,JTG
Chrysacier,2/159,Common,JTG
Papilusion,3/159,Rare,JTG
Paras,4/159,Common,JTG
Parasect,5/159,Common,JTG
Chlorobule,6/159,Common,JTG
Fragilady,7/159,Common,JTG
Maracachi,8/159,Uncommon,JTG
Carabing,9/159,Common,JTG
Trompignon,10/159,Common,JTG
Gaulet-ex,11/159,Double Rare,JTG
Escargaume,12/159,Common,JTG
Limaspeed,13/159,Uncommon,JTG
Fermite,14/159,Common,JTG
Viridium,15/159,Uncommon,JTG
Poussacha,16/159,Common,JTG
Matourgeon,17/159,Common,JTG
Miascarade,18/159,Rare,JTG
Lilliterelle,19/159,Common,JTG
Magmar,20/159,Common,JTG
Maganon,21/159,Rare,JTG
Poussifeu,22/159,Common,JTG
Galifeu,23/159,Uncommon,JTG
Braségali-ex,24/159,Double Rare,JTG
Chartor,25/159,Common,JTG
Darumarond de N,26/159,Common,JTG
Darumacho de N,27/159,Uncommon,JTG
Pyronille,28/159,Common,JTG
Pyrax,29/159,Uncommon,JTG
Reshiram-ex,30/159,Double Rare,JTG
Volcanion-ex,31/159,Double Rare,JTG
Artikodin,32/159,Uncommon,JTG
Rémoraid,33/159,Common,JTG
Octillery,34/159,Uncommon,JTG
Nénupiot,35/159,Common,JTG
Lombre,36/159,Common,JTG
Ludicolo,37/159,Rare,JTG
Goélise,38/159,Common,JTG
Bekipan,39/159,Uncommon,JTG
Wailmer,40/159,Common,JTG
Wailord,41/159,Rare,JTG
Regice,42/159,Uncommon,JTG
Délestin-ex,43/159,Double Rare,JTG
Racaillou d'Alola,44/159,Common,JTG
Gravalanch d'Alola,45/159,Common,JTG
Grolem d'Alola,46/159,Uncommon,JTG
Voltorbe de Mashynn,47/159,Common,JTG
Électrode de Mashynn,48/159,Uncommon,JTG
Statitik de N,49/159,Common,JTG
Togedemaru,50/159,Common,JTG
Tokorico-ex,51/159,Double Rare,JTG
Têtampoule de Mashynn,52/159,Common,JTG
Ampibidou-ex de Mashynn,53/159,Double Rare,JTG
Zapétrel de Mashynn,54/159,Common,JTG
Fulgulairo de Mashynn,55/159,Rare,JTG
Mélofée-ex de Lilie,56/159,Double Rare,JTG
Ossatueur d'Alola,57/159,Uncommon,JTG
M. Mime,58/159,Common,JTG
Polichombr,59/159,Common,JTG
Branette,60/159,Uncommon,JTG
Terhal,61/159,Common,JTG
Métang,62/159,Common,JTG
Métalosse,63/159,Rare,JTG
Cryptéro de N,64/159,Common,JTG
Plumeline,65/159,Common,JTG
Bombydou de Lilie,66/159,Common,JTG
Rubombelle de Lilie,67/159,Rare,JTG
Guérilande de Lilie,68/159,Common,JTG
Mimiqui-ex,69/159,Double Rare,JTG
Sinistrail,70/159,Common,JTG
Grimalin,71/159,Common,JTG
Fourbelin,72/159,Common,JTG
Angoliath,73/159,Uncommon,JTG
Crèmy,74/159,Common,JTG
Charmilly-ex,75/159,Double Rare,JTG
Osselait,76/159,Common,JTG
Marcacrin,77/159,Common,JTG
Cochignon,78/159,Common,JTG
Mammochon-ex,79/159,Double Rare,JTG
Embrylex,80/159,Common,JTG
Ymphect,81/159,Common,JTG
Regirock,82/159,Rare,JTG
Pandespiègle,83/159,Common,JTG
Rocabot,84/159,Common,JTG
Lougaroc,85/159,Rare,JTG
Dunaja de Nabil,86/159,Common,JTG
Dunaconda de Nabil,87/159,Uncommon,JTG
Terracool,88/159,Common,JTG
Terracruel,89/159,Uncommon,JTG
Craparoi,90/159,Uncommon,JTG
Smogo,91/159,Common,JTG
Smogogo,92/159,Uncommon,JTG
Axoloto de Paldea,93/159,Common,JTG
Terraiste de Paldea-ex,94/159,Double Rare,JTG
Tyranocif,95/159,Rare,JTG
Chacripan de N,96/159,Common,JTG
Zorua de N,97/159,Common,JTG
Zoroark-ex de N,98/159,Double Rare,JTG
Pandarbare,99/159,Uncommon,JTG
Gambex,100/159,Uncommon,JTG
Lestombaile,101/159,Common,JTG
Lançargot,102/159,Uncommon,JTG
Tic de N,103/159,Common,JTG
Clic de N,104/159,Common,JTG
Cliticlic de N,105/159,Uncommon,JTG
Limonde de Galar,106/159,Common,JTG
Magearna,107/159,Rare,JTG
Corvaillus de Nabil,108/159,Uncommon,JTG
Charibari,109/159,Common,JTG
Pachyradjah,110/159,Uncommon,JTG
Zacian-ex de Nabil,111/159,Double Rare,JTG
Draby,112/159,Common,JTG
Drackhaus,113/159,Common,JTG
Drattak-ex,114/159,Double Rare,JTG
Drakkarmin,115/159,Common,JTG
Reshiram de N,116/159,Rare,JTG
Ronflex de Nabil,117/159,Rare,JTG
Fouinette,118/159,Common,JTG
Fouinar,119/159,Common,JTG
Insolourdo,120/159,Common,JTG
Deusolourdo-ex,121/159,Double Rare,JTG
Kecleon,122/159,Common,JTG
Tropius,123/159,Common,JTG
Nanméouïe,124/159,Common,JTG
Chinchidou,125/159,Common,JTG
Pashmilla,126/159,Uncommon,JTG
Sonistrelle,127/159,Common,JTG
Bruyverne,128/159,Rare,JTG
Dodoala,129/159,Common,JTG
Draïeul,130/159,Common,JTG
Rongourmand,131/159,Common,JTG
Rongrigou,132/159,Uncommon,JTG
Minisange de Nabil,133/159,Common,JTG
Bleuseille de Nabil,134/159,Common,JTG
Moumouton de Nabil,135/159,Common,JTG
Moumouflon de Nabil,136/159,Rare,JTG
Nigosier,137/159,Common,JTG
Nigosier de Nabil,138/159,Uncommon,JTG
Gourmelet,139/159,Common,JTG
Fragroin,140/159,Uncommon,JTG
Tapatoès,141/159,Common,JTG
Milio et Naire,142/159,Common,JTG
Entraînement de Karatéka,143/159,Common,JTG
Entraînement de Karatéka,144/159,Common,JTG
Entraînement de Karatéka,145/159,Common,JTG
Exploration de Pierre,146/159,Uncommon,JTG
Sac de Nabil,147/159,Uncommon,JTG
Bandeau Choix de Nabil,148/159,Uncommon,JTG
Esprit Combatif d'Iris,149/159,Uncommon,JTG
Levalendura,150/159,Uncommon,JTG
Perle de Lilie,151/159,Uncommon,JTG
Palais de N,152/159,Uncommon,JTG
PP Plus de N,153/159,Uncommon,JTG
Paddoxton,154/159,Uncommon,JTG
Recherches Professorales,155/159,Common,JTG
Billet à Échanger,156/159,Uncommon,JTG
Petite Frappe,157/159,Uncommon,JTG
Super Potion,158/159,Uncommon,JTG
Énergie Piquante,159/159,Uncommon,JTG
Maracachi,160/159,Illustration Rare,JTG
Artikodin,161/159,Illustration Rare,JTG
Wailord,162/159,Illustration Rare,JTG
Fulgulairo de Mashynn,163/159,Illustration Rare,JTG
Rubombelle de Lilie,164/159,Illustration Rare,JTG
Marcacrin,165/159,Illustration Rare,JTG
Lougaroc,166/159,Illustration Rare,JTG
Reshiram de N,167/159,Illustration Rare,JTG
Fouinar,168/159,Illustration Rare,JTG
Sonistrelle,169/159,Illustration Rare,JTG
Moumouton de Nabil,170/159,Illustration Rare,JTG
Volcanion-ex,171/159,Ultra Rare,JTG
Ampibidou-ex de Mashynn,172/159,Ultra Rare,JTG
Mélofée-ex de Lilie,173/159,Ultra Rare,JTG
Mammochon-ex,174/159,Ultra Rare,JTG
Zoroark-ex de N,175/159,Ultra Rare,JTG
Zacian-ex de Nabil,176/159,Ultra Rare,JTG
Drattak-ex,177/159,Ultra Rare,JTG
Deusolourdo-ex,178/159,Ultra Rare,JTG
Exploration de Pierre,179/159,Ultra Rare,JTG
Esprit Combatif d'Iris,180/159,Ultra Rare,JTG
Petite Frappe,181/159,Ultra Rare,JTG
Volcanion-ex,182/159,Special Illustration Rare,JTG
Ampibidou-ex de Mashynn,183/159,Special Illustration Rare,JTG
Mélofée-ex de Lilie,184/159,Special Illustration Rare,JTG
Zoroark-ex de N,185/159,Special Illustration Rare,JTG
Zacian-ex de Nabil,186/159,Special Illustration Rare,JTG
Drattak-ex,187/159,Special Illustration Rare,JTG
Ampibidou-ex de Mashynn,188/159,Hyper Rare,JTG
Zoroark-ex de N,189/159,Hyper Rare,JTG
Énergie Piquante,190/159,Hyper Rare,JTG
Mystherbe,1/197,Common,OBF
Ortide,2/197,Common,OBF
Joliflor,3/197,Uncommon,OBF
Insécateur,4/197,Common,OBF
Caratroc,5/197,Common,OBF
Arakdo,6/197,Common,OBF
Maskadra,7/197,Uncommon,OBF
Apitrini,8/197,Common,OBF
Trompignon,9/197,Common,OBF
Gaulet,10/197,Uncommon,OBF
Brocélôme,11/197,Common,OBF
Desséliande,12/197,Uncommon,OBF
Brindibou,13/197,Common,OBF
Efflèche,14/197,Uncommon,OBF
Archéduc-ex,15/197,Double Rare,OBF
Croquine,16/197,Common,OBF
Candine,17/197,Common,OBF
Sucreine,18/197,Uncommon,OBF
Olivini,19/197,Common,OBF
Olivado,20/197,Common,OBF
Arboliva,21/197,Uncommon,OBF
Terracruel-ex,22/197,Double Rare,OBF
Pimito,23/197,Common,OBF
Pimito,24/197,Common,OBF
Scovilain,25/197,Rare,OBF
Salamèche,26/197,Common,OBF
Reptincel,27/197,Uncommon,OBF
Goupix,28/197,Common,OBF
Feunard,29/197,Uncommon,OBF
Entei,30/197,Rare,OBF
Chamallot,31/197,Common,OBF
Camérupt,32/197,Uncommon,OBF
Victini-ex,33/197,Double Rare,OBF
Darumarond,34/197,Common,OBF
Darumacho,35/197,Uncommon,OBF
Funécire,36/197,Common,OBF
Mélancolux,37/197,Common,OBF
Lugulabre,38/197,Uncommon,OBF
Aflamanoir,39/197,Common,OBF
Pyronille,40/197,Common,OBF
Pyrax,41/197,Uncommon,OBF
Bekaglaçon-ex,42/197,Double Rare,OBF
Charbambin,43/197,Common,OBF
Carmadura,44/197,Uncommon,OBF
Lokhlass,45/197,Uncommon,OBF
Carvanha,46/197,Common,OBF
Sharpedo,47/197,Uncommon,OBF
Mustébouée,48/197,Common,OBF
Mustéflott,49/197,Uncommon,OBF
Tritonde,50/197,Common,OBF
Batracné,51/197,Common,OBF
Crapustule,52/197,Uncommon,OBF
Polarhume,53/197,Common,OBF
Polagriffe,54/197,Uncommon,OBF
Hexagel,55/197,Common,OBF
Grenousse,56/197,Common,OBF
Croâporal,57/197,Uncommon,OBF
Taupikeau,58/197,Common,OBF
Triopikeau,59/197,Uncommon,OBF
Dofin,60/197,Common,OBF
Dofin,61/197,Common,OBF
Superdofin,62/197,Rare,OBF
Magnéti,63/197,Common,OBF
Magnéton,64/197,Common,OBF
Magnézone,65/197,Uncommon,OBF
Tyranocif-ex,66/197,Double Rare,OBF
Anchwatt,67/197,Common,OBF
Lampéroie,68/197,Common,OBF
Ohmassacre,69/197,Uncommon,OBF
Fulguris,70/197,Rare,OBF
Toxizap,71/197,Common,OBF
Salarsen,72/197,Rare,OBF
Pohmarmotte-ex,73/197,Double Rare,OBF
Têtampoule,74/197,Common,OBF
Têtampoule,75/197,Common,OBF
Têtampoule,76/197,Common,OBF
Ampibidou,77/197,Uncommon,OBF
Ampibidou,78/197,Uncommon,OBF
Miraidon-ex,79/197,Double Rare,OBF
Mélo,80/197,Common,OBF
Mélofée,81/197,Common,OBF
Mélodelfe-ex,82/197,Double Rare,OBF
Togepi,83/197,Common,OBF
Togetic,84/197,Uncommon,OBF
Togekiss,85/197,Rare,OBF
Mentali,86/197,Uncommon,OBF
Snubbull,87/197,Common,OBF
Granbull,88/197,Uncommon,OBF
Mysdibule,89/197,Common,OBF
Spoink,90/197,Common,OBF
Groret,91/197,Uncommon,OBF
Séléroc,92/197,Uncommon,OBF
Solaroc,93/197,Uncommon,OBF
Balbuto,94/197,Common,OBF
Kaorine,95/197,Rare,OBF
Apireine-ex,96/197,Double Rare,OBF
Théffroi,97/197,Common,OBF
Polthégeist,98/197,Uncommon,OBF
Toutombe,99/197,Common,OBF
Toutombe,100/197,Common,OBF
Tomberro,101/197,Uncommon,OBF
Tomberro-ex,102/197,Double Rare,OBF
Taupiqueur,103/197,Common,OBF
Triopikeur,104/197,Uncommon,OBF
Embrylex,105/197,Common,OBF
Ymphect,106/197,Uncommon,OBF
Tarinor,107/197,Common,OBF
Barloche,108/197,Common,OBF
Barbicha,109/197,Uncommon,OBF
Manzaï,110/197,Common,OBF
Rototaupe,111/197,Common,OBF
Limonde,112/197,Uncommon,OBF
Excavarenne,113/197,Uncommon,OBF
Crabagarre,114/197,Common,OBF
Crabominable,115/197,Uncommon,OBF
Rocabot,116/197,Common,OBF
Lougaroc,117/197,Uncommon,OBF
Terracool,118/197,Common,OBF
Terracruel,119/197,Uncommon,OBF
Craparoi-ex,120/197,Double Rare,OBF
Germéclat,121/197,Common,OBF
Germéclat,122/197,Common,OBF
Floréclat-ex,123/197,Double Rare,OBF
Koraidon-ex,124/197,Double Rare,OBF
Dracaufeu-ex,125/197,Double Rare,OBF
Axoloto de Paldea,126/197,Common,OBF
Axoloto de Paldea,127/197,Common,OBF
Terraiste de Paldea,128/197,Uncommon,OBF
Terraiste de Paldea,129/197,Uncommon,OBF
Noctali,130/197,Uncommon,OBF
Malosse,131/197,Common,OBF
Malosse,132/197,Common,OBF
Démolosse,133/197,Uncommon,OBF
Démolosse-ex,134/197,Double Rare,OBF
Absol-ex,135/197,Double Rare,OBF
Darkrai,136/197,Rare,OBF
Sepiatop,137/197,Common,OBF
Sepiatroce,138/197,Uncommon,OBF
Tritox,139/197,Common,OBF
Malamandre,140/197,Uncommon,OBF
Cizayox,141/197,Rare,OBF
Airmure,142/197,Uncommon,OBF
Mysdibule,143/197,Uncommon,OBF
Archéomire,144/197,Common,OBF
Archéodong,145/197,Uncommon,OBF
Tarinorme,146/197,Uncommon,OBF
Minotaupe,147/197,Uncommon,OBF
Scalpion,148/197,Common,OBF
Scalproie,149/197,Common,OBF
Scalpereur,150/197,Uncommon,OBF
Togedemaru,151/197,Common,OBF
Meltan,152/197,Common,OBF
Melmetal-ex,153/197,Double Rare,OBF
Vrombi,154/197,Common,OBF
Vrombi,155/197,Common,OBF
Vrombotor-ex,156/197,Double Rare,OBF
Minidraco,157/197,Common,OBF
Draco,158/197,Uncommon,OBF
Dracolosse-ex,159/197,Double Rare,OBF
Altaria,160/197,Uncommon,OBF
Draïeul,161/197,Uncommon,OBF
Roucool,162/197,Common,OBF
Roucoups,163/197,Uncommon,OBF
Roucarnage-ex,164/197,Double Rare,OBF
Kangourex,165/197,Uncommon,OBF
Évoli,166/197,Common,OBF
Zigzaton,167/197,Common,OBF
Linéon,168/197,Uncommon,OBF
Tylton,169/197,Common,OBF
Ponchiot,170/197,Common,OBF
Ponchien,171/197,Common,OBF
Mastouffe,172/197,Uncommon,OBF
Nanméouïe,173/197,Common,OBF
Frison,174/197,Uncommon,OBF
Sapereau,175/197,Common,OBF
Manglouton,176/197,Common,OBF
Argouste,177/197,Uncommon,OBF
Rongourmand,178/197,Common,OBF
Rongrigou-ex,179/197,Double Rare,OBF
Gourmelet,180/197,Common,OBF
Gourmelet,181/197,Common,OBF
Gourmelet,182/197,Common,OBF
Fragroin,183/197,Uncommon,OBF
Fragroin,184/197,Uncommon,OBF
Flamenroule,185/197,Uncommon,OBF
Pepper,186/197,Uncommon,OBF
Colza,187/197,Uncommon,OBF
Alisma,188/197,Rare,OBF
Lettre d'Encouragement,189/197,Uncommon,OBF
Ortiga,190/197,Uncommon,OBF
Casquette de Patrouille,191/197,Uncommon,OBF
Siège de la Ligue Pokémon,192/197,Uncommon,OBF
Popi,193/197,Uncommon,OBF
Laïm,194/197,Common,OBF
Sbire de la Team Star,195/197,Uncommon,OBF
Centre Commercial,196/197,Common,OBF
Poing Vengeance,197/197,Uncommon,OBF
Ortide,198/197,Illustration Rare,OBF
Feunard,199/197,Illustration Rare,OBF
Superdofin,200/197,Illustration Rare,OBF
Ampibidou,201/197,Illustration Rare,OBF
Mélo,202/197,Illustration Rare,OBF
Embrylex,203/197,Illustration Rare,OBF
Malosse,204/197,Illustration Rare,OBF
Cizayox,205/197,Illustration Rare,OBF
Vrombi,206/197,Illustration Rare,OBF
Roucool,207/197,Illustration Rare,OBF
Roucoups,208/197,Illustration Rare,OBF
Gourmelet,209/197,Illustration Rare,OBF
Bekaglaçon-ex,210/197,Ultra Rare,OBF
Tyranocif-ex,211/197,Ultra Rare,OBF
Apireine-ex,212/197,Ultra Rare,OBF
Floréclat-ex,213/197,Ultra Rare,OBF
Absol-ex,214/197,Ultra Rare,OBF
Dracaufeu-ex,215/197,Ultra Rare,OBF
Vrombotor-ex,216/197,Ultra Rare,OBF
Roucarnage-ex,217/197,Ultra Rare,OBF
Alisma,218/197,Ultra Rare,OBF
Ortiga,219/197,Ultra Rare,OBF
Popi,220/197,Ultra Rare,OBF
Laïm,221/197,Ultra Rare,OBF
Bekaglaçon-ex,222/197,Special Illustration Rare,OBF
Dracaufeu-ex,223/197,Special Illustration Rare,OBF
Vrombotor-ex,224/197,Special Illustration Rare,OBF
Roucarnage-ex,225/197,Special Illustration Rare,OBF
Alisma,226/197,Special Illustration Rare,OBF
Popi,227/197,Special Illustration Rare,OBF
Dracaufeu-ex,228/197,Hyper Rare,OBF
Cuencia,229/197,Hyper Rare,OBF
Énergie Fire de base,230/197,Hyper Rare,OBF
Granivol,1/193,Common,PAL
Floravol,2/193,Uncommon,PAL
Cotovol,3/193,Rare,PAL
Pomdepik,4/193,Common,PAL
Foretress-ex,5/193,Double Rare,PAL
Scarhino,6/193,Uncommon,PAL
Tropius,7/193,Common,PAL
Apitrini,8/193,Common,PAL
Apireine,9/193,Uncommon,PAL
Blizzi,10/193,Common,PAL
Blizzaroi,11/193,Rare,PAL
Poussacha,12/193,Common,PAL
Poussacha,13/193,Common,PAL
Matourgeon,14/193,Uncommon,PAL
Miascarade-ex,15/193,Double Rare,PAL
Tissenboule,16/193,Common,PAL
Tissenboule,17/193,Common,PAL
Filentrappe,18/193,Uncommon,PAL
Lilliterelle,19/193,Common,PAL
Lilliterelle,20/193,Common,PAL
Gambex,21/193,Rare,PAL
Virovent,22/193,Common,PAL
Virovent,23/193,Common,PAL
Virevorreur,24/193,Uncommon,PAL
Léboulérou,25/193,Common,PAL
Léboulérou,26/193,Common,PAL
Chongjian-ex,27/193,Double Rare,PAL
Tauros de Paldea,28/193,Uncommon,PAL
Braisillon,29/193,Uncommon,PAL
Flambusard,30/193,Uncommon,PAL
Hélionceau,31/193,Common,PAL
Némélios,32/193,Uncommon,PAL
Plumeline,33/193,Rare,PAL
Chochodile,34/193,Common,PAL
Chochodile,35/193,Common,PAL
Crocogril,36/193,Uncommon,PAL
Flâmigator-ex,37/193,Double Rare,PAL
Charbambin,38/193,Common,PAL
Charbambin,39/193,Common,PAL
Yuyu-ex,40/193,Double Rare,PAL
Tauros de Paldea,41/193,Uncommon,PAL
Magicarpe,42/193,Common,PAL
Léviator,43/193,Rare,PAL
Marill,44/193,Common,PAL
Azumarill,45/193,Uncommon,PAL
Cadoizo,46/193,Common,PAL
Lovdisc,47/193,Common,PAL
Bekaglaçon,48/193,Uncommon,PAL
Coiffeton,49/193,Common,PAL
Coiffeton,50/193,Common,PAL
Canarbello,51/193,Uncommon,PAL
Palmaval-ex,52/193,Double Rare,PAL
Piétacé,53/193,Common,PAL
Piétacé,54/193,Common,PAL
Balbalèze,55/193,Uncommon,PAL
Délestin,56/193,Rare,PAL
Frigodo,57/193,Common,PAL
Frigodo,58/193,Common,PAL
Cryodo,59/193,Uncommon,PAL
Glaivodo,60/193,Rare,PAL
Baojian-ex,61/193,Double Rare,PAL
Pikachu,62/193,Common,PAL
Pikachu-ex,63/193,Double Rare,PAL
Raichu,64/193,Uncommon,PAL
Magnéti,65/193,Common,PAL
Voltorbe,66/193,Common,PAL
Électrode,67/193,Uncommon,PAL
Lixy,68/193,Common,PAL
Lixy,69/193,Common,PAL
Luxio,70/193,Uncommon,PAL
Luxray,71/193,Rare,PAL
Wattapik,72/193,Common,PAL
Wattapik,73/193,Uncommon,PAL
Pohm,74/193,Common,PAL
Pohmotte,75/193,Uncommon,PAL
Pohmarmotte,76/193,Rare,PAL
Têtampoule,77/193,Common,PAL
Têtampoule,78/193,Common,PAL
Ampibidou-ex,79/193,Double Rare,PAL
Zapétrel,80/193,Common,PAL
Zapétrel,81/193,Common,PAL
Fulgulairo,82/193,Uncommon,PAL
Rondoudou,83/193,Common,PAL
Grodoudou,84/193,Rare,PAL
Ramoloss,85/193,Common,PAL
Roigada-ex,86/193,Double Rare,PAL
Feuforêve,87/193,Common,PAL
Magirêve,88/193,Uncommon,PAL
Spiritomb,89/193,Rare,PAL
Scrutella,90/193,Common,PAL
Mesmérella,91/193,Uncommon,PAL
Sidérella,92/193,Uncommon,PAL
Dedenne-ex,93/193,Double Rare,PAL
Gouroutan,94/193,Uncommon,PAL
Bacabouh,95/193,Common,PAL
Trépassable,96/193,Uncommon,PAL
Mimiqui,97/193,Rare,PAL
Malvalame,98/193,Rare,PAL
Bérasca,99/193,Rare,PAL
Forgerette,100/193,Common,PAL
Forgerette,101/193,Common,PAL
Forgerette,102/193,Common,PAL
Forgella,103/193,Uncommon,PAL
Forgella,104/193,Uncommon,PAL
Forgelina,105/193,Rare,PAL
Férosinge,106/193,Common,PAL
Colossinge,107/193,Uncommon,PAL
Tauros de Paldea,108/193,Uncommon,PAL
Simularbre,109/193,Uncommon,PAL
Embrylex,110/193,Common,PAL
Ymphect,111/193,Uncommon,PAL
Makuhita,112/193,Common,PAL
Hariyama,113/193,Rare,PAL
Cradopaud,114/193,Common,PAL
Coatox,115/193,Uncommon,PAL
Rocabot,116/193,Common,PAL
Lougaroc-ex,117/193,Double Rare,PAL
Quartermac,118/193,Uncommon,PAL
Hexadron,119/193,Common,PAL
Selutin,120/193,Common,PAL
Selutin,121/193,Common,PAL
Amassel,122/193,Uncommon,PAL
Gigansel,123/193,Rare,PAL
Germéclat,124/193,Common,PAL
Germéclat,125/193,Common,PAL
Floréclat,126/193,Rare,PAL
Dinglu-ex,127/193,Double Rare,PAL
Axoloto de Paldea,128/193,Common,PAL
Axoloto de Paldea,129/193,Common,PAL
Terraiste de Paldea-ex,130/193,Double Rare,PAL
Cornèbre,131/193,Common,PAL
Corboss,132/193,Uncommon,PAL
Farfuret,133/193,Common,PAL
Dimoret,134/193,Rare,PAL
Tyranocif,135/193,Rare,PAL
Ténéfix,136/193,Rare,PAL
Séviper,137/193,Uncommon,PAL
Solochi,138/193,Common,PAL
Diamat,139/193,Uncommon,PAL
Trioxhydre,140/193,Rare,PAL
Grondogue,141/193,Common,PAL
Grondogue,142/193,Common,PAL
Dogrino,143/193,Uncommon,PAL
Gribouraigne,144/193,Common,PAL
Gribouraigne,145/193,Common,PAL
Tag-Tag,146/193,Uncommon,PAL
Lestombaile,147/193,Uncommon,PAL
Corvaillus,148/193,Uncommon,PAL
Charibari,149/193,Common,PAL
Pachyradjah-ex,150/193,Double Rare,PAL
Ferdeter,151/193,Rare,PAL
Sonistrelle,152/193,Common,PAL
Bruyverne-ex,153/193,Double Rare,PAL
Girafarig,154/193,Common,PAL
Farigiraf,155/193,Uncommon,PAL
Insolourdo,156/193,Common,PAL
Deusolourdo,157/193,Uncommon,PAL
Goélise,158/193,Common,PAL
Bekipan,159/193,Uncommon,PAL
Parecool,160/193,Common,PAL
Vigoroth,161/193,Uncommon,PAL
Monaflèmit,162/193,Rare,PAL
Passerouge,163/193,Common,PAL
Minisange,164/193,Common,PAL
Bleuseille,165/193,Uncommon,PAL
Compagnol,166/193,Common,PAL
Compagnol,167/193,Common,PAL
Famignol,168/193,Uncommon,PAL
Tapatoès-ex,169/193,Double Rare,PAL
Flamenroule,170/193,Uncommon,PAL
Cuencia,171/193,Uncommon,PAL
Ordres du Boss,172/193,Rare,PAL
Amulette Bravoure,173/193,Uncommon,PAL
Montagne Enneigée de Désastre,174/193,Uncommon,PAL
Terres Arides de Désastre,175/193,Uncommon,PAL
Ceinture Choix,176/193,Uncommon,PAL
Clavel,177/193,Common,PAL
Drone Livreur,178/193,Uncommon,PAL
Élige,179/193,Uncommon,PAL
Albert,180/193,Uncommon,PAL
Combat au Lait,181/193,Uncommon,PAL
Brome,182/193,Uncommon,PAL
Super Ball,183/193,Common,PAL
Grusha,184/193,Uncommon,PAL
Mashynn,185/193,Uncommon,PAL
Studio d'Entraînement,186/193,Uncommon,PAL
Saguaro,187/193,Uncommon,PAL
Méga Canne,188/193,Common,PAL
Récupération d'Énergie Supérieure,189/193,Uncommon,PAL
Énergie Propulsion,190/193,Uncommon,PAL
Énergie Lumineuse,191/193,Uncommon,PAL
Énergie Inversion,192/193,Uncommon,PAL
Énergie Thérapeutique,193/193,Uncommon,PAL
Scarhino,194/193,Illustration Rare,PAL
Tropius,195/193,Illustration Rare,PAL
Poussacha,196/193,Illustration Rare,PAL
Matourgeon,197/193,Illustration Rare,PAL
Virovent,198/193,Illustration Rare,PAL
Braisillon,199/193,Illustration Rare,PAL
Némélios,200/193,Illustration Rare,PAL
Chochodile,201/193,Illustration Rare,PAL
Crocogril,202/193,Illustration Rare,PAL
Magicarpe,203/193,Illustration Rare,PAL
Marill,204/193,Illustration Rare,PAL
Bekaglaçon,205/193,Illustration Rare,PAL
Coiffeton,206/193,Illustration Rare,PAL
Canarbello,207/193,Illustration Rare,PAL
Frigodo,208/193,Illustration Rare,PAL
Cryodo,209/193,Illustration Rare,PAL
Glaivodo,210/193,Illustration Rare,PAL
Raichu,211/193,Illustration Rare,PAL
Magirêve,212/193,Illustration Rare,PAL
Mesmérella,213/193,Illustration Rare,PAL
Bacabouh,214/193,Illustration Rare,PAL
Bérasca,215/193,Illustration Rare,PAL
Forgerette,216/193,Illustration Rare,PAL
Forgella,217/193,Illustration Rare,PAL
Tauros de Paldea,218/193,Illustration Rare,PAL
Simularbre,219/193,Illustration Rare,PAL
Selutin,220/193,Illustration Rare,PAL
Axoloto de Paldea,221/193,Illustration Rare,PAL
Tyranocif,222/193,Illustration Rare,PAL
Tag-Tag,223/193,Illustration Rare,PAL
Ferdeter,224/193,Illustration Rare,PAL
Minisange,225/193,Illustration Rare,PAL
Famignol,226/193,Illustration Rare,PAL
Flamenroule,227/193,Illustration Rare,PAL
Farigiraf,228/193,Illustration Rare,PAL
Deusolourdo,229/193,Illustration Rare,PAL
Foretress-ex,230/193,Ultra Rare,PAL
Miascarade-ex,231/193,Ultra Rare,PAL
Chongjian-ex,232/193,Ultra Rare,PAL
Flâmigator-ex,233/193,Ultra Rare,PAL
Yuyu-ex,234/193,Ultra Rare,PAL
Palmaval-ex,235/193,Ultra Rare,PAL
Baojian-ex,236/193,Ultra Rare,PAL
Ampibidou-ex,237/193,Ultra Rare,PAL
Roigada-ex,238/193,Ultra Rare,PAL
Dedenne-ex,239/193,Ultra Rare,PAL
Forgelina-ex,240/193,Ultra Rare,PAL
Lougaroc-ex,241/193,Ultra Rare,PAL
Courrousinge-ex,242/193,Ultra Rare,PAL
Dinglu-ex,243/193,Ultra Rare,PAL
Terraiste de Paldea-ex,244/193,Ultra Rare,PAL
Pachyradjah-ex,245/193,Ultra Rare,PAL
Bruyverne-ex,246/193,Ultra Rare,PAL
Tapatoès-ex,247/193,Ultra Rare,PAL
Ordres du Boss,248/193,Ultra Rare,PAL
Clavel,249/193,Ultra Rare,PAL
Élige,250/193,Ultra Rare,PAL
Albert,251/193,Ultra Rare,PAL
Brome,252/193,Ultra Rare,PAL
Grusha,253/193,Ultra Rare,PAL
Mashynn,254/193,Ultra Rare,PAL
Saguaro,255/193,Ultra Rare,PAL
Miascarade-ex,256/193,Special Illustration Rare,PAL
Chongjian-ex,257/193,Special Illustration Rare,PAL
Flâmigator-ex,258/193,Special Illustration Rare,PAL
Yuyu-ex,259/193,Special Illustration Rare,PAL
Palmaval-ex,260/193,Special Illustration Rare,PAL
Baojian-ex,261/193,Special Illustration Rare,PAL
Forgelina-ex,262/193,Special Illustration Rare,PAL
Dinglu-ex,263/193,Special Illustration Rare,PAL
Tapatoès-ex,264/193,Special Illustration Rare,PAL
Ordres du Boss,265/193,Special Illustration Rare,PAL
Élige,266/193,Special Illustration Rare,PAL
Brome,267/193,Special Illustration Rare,PAL
Grusha,268/193,Special Illustration Rare,PAL
Mashynn,269/193,Special Illustration Rare,PAL
Saguaro,270/193,Special Illustration Rare,PAL
Miascarade-ex,271/193,Hyper Rare,PAL
Flâmigator-ex,272/193,Hyper Rare,PAL
Palmaval-ex,273/193,Hyper Rare,PAL
Baojian-ex,274/193,Hyper Rare,PAL
Dinglu-ex,275/193,Hyper Rare,PAL
Méga Canne,276/193,Hyper Rare,PAL
Récupération d'Énergie Supérieure,277/193,Hyper Rare,PAL
Énergie Grass de base,278/193,Hyper Rare,PAL
Énergie Water de base,279/193,Hyper Rare,PAL
Pomdepik,1/91,Common,PAF
Foretress-ex,2/91,Double Rare,PAF
Maracachi,3/91,Common,PAF
Terracool,4/91,Common,PAF
Terracruel-ex,5/91,Double Rare,PAF
Cléopsytra-ex,6/91,Double Rare,PAF
Salamèche,7/91,Common,PAF
Reptincel,8/91,Uncommon,PAF
Magmar,9/91,Common,PAF
Maganon,10/91,Rare,PAF
Chamallot,11/91,Common,PAF
Camérupt,12/91,Uncommon,PAF
Motisma Chaleur,13/91,Rare,PAF
Charbambin,14/91,Common,PAF
Carmadura,15/91,Rare,PAF
Lokhlass,16/91,Common,PAF
Frigodo,17/91,Common,PAF
Pikachu,18/91,Common,PAF
Raichu,19/91,Rare,PAF
Loupio,20/91,Common,PAF
Lanturn,21/91,Uncommon,PAF
Fulgulairo,22/91,Uncommon,PAF
Noeunoeuf,23/91,Common,PAF
Noadkoko,24/91,Rare,PAF
Natu,25/91,Common,PAF
Xatu,26/91,Rare,PAF
Tarsal,27/91,Common,PAF
Kirlia,28/91,Uncommon,PAF
Gardevoir-ex,29/91,Double Rare,PAF
Éoko,30/91,Common,PAF
Mime Jr.,31/91,Common,PAF
Chovsourir,32/91,Common,PAF
Rhinolove,33/91,Uncommon,PAF
Doudouvet,34/91,Common,PAF
Farfaduvet,35/91,Uncommon,PAF
Dedenne,36/91,Common,PAF
Mimiqui,37/91,Rare,PAF
Pâtachiot,38/91,Common,PAF
Briochien,39/91,Uncommon,PAF
Malvalame,40/91,Rare,PAF
Flotillon,41/91,Common,PAF
Toutombe,42/91,Common,PAF
Tomberro,43/91,Rare,PAF
Mordudor,44/91,Common,PAF
Férosinge,45/91,Common,PAF
Colossinge,46/91,Uncommon,PAF
Courrousinge,47/91,Rare,PAF
Phanpy,48/91,Common,PAF
Donphan,49/91,Uncommon,PAF
Barloche,50/91,Common,PAF
Poulpaf,51/91,Common,PAF
Krakos,52/91,Uncommon,PAF
Fort-Ivoire-ex,53/91,Double Rare,PAF
Dracaufeu-ex,54/91,Double Rare,PAF
Fantominus,55/91,Common,PAF
Spectrum,56/91,Common,PAF
Ectoplasma,57/91,Uncommon,PAF
Axoloto de Paldea,58/91,Common,PAF
Terraiste de Paldea-ex,59/91,Double Rare,PAF
Baggiguane,60/91,Common,PAF
Baggaïd,61/91,Uncommon,PAF
Grondogue,62/91,Common,PAF
Dogrino,63/91,Rare,PAF
Vrombi,64/91,Common,PAF
Vrombotor,65/91,Rare,PAF
Roue-de-Fer-ex,66/91,Double Rare,PAF
Gromago,67/91,Rare,PAF
Sonistrelle,68/91,Common,PAF
Bruyverne-ex,69/91,Double Rare,PAF
Motorizard,70/91,Rare,PAF
Gourmelet,71/91,Common,PAF
Fragroin,72/91,Uncommon,PAF
Compagnol,73/91,Common,PAF
Famignol,74/91,Uncommon,PAF
Tapatoès-ex,75/91,Double Rare,PAF
Cuencia,76/91,Uncommon,PAF
Erio,77/91,Uncommon,PAF
Clove,78/91,Uncommon,PAF
Générateur Électrique,79/91,Uncommon,PAF
Mashynn,80/91,Uncommon,PAF
Colline Clair de Lune,81/91,Uncommon,PAF
Menzi,82/91,Common,PAF
Sac de Menzi,83/91,Uncommon,PAF
Faiblo Ball,84/91,Uncommon,PAF
Élève de Paldea,85/91,Common,PAF
Élève de Paldea,86/91,Common,PAF
Recherches Professorales,87/91,Rare,PAF
Recherches Professorales,88/91,Rare,PAF
Super Bonbon,89/91,Common,PAF
Capsule Technique : Poing de Crise,90/91,Uncommon,PAF
Hyper Ball,91/91,Uncommon,PAF
Mystherbe,92/91,Shiny Rare,PAF
Ortide,93/91,Shiny Rare,PAF
Rafflesia,94/91,Shiny Rare,PAF
Insécateur,95/91,Shiny Rare,PAF
Granivol,96/91,Shiny Rare,PAF
Floravol,97/91,Shiny Rare,PAF
Cotovol,98/91,Shiny Rare,PAF
Pomdepik,99/91,Shiny Rare,PAF
Blizzi,100/91,Shiny Rare,PAF
Blizzaroi,101/91,Shiny Rare,PAF
Olivini,102/91,Shiny Rare,PAF
Olivado,103/91,Shiny Rare,PAF
Arboliva,104/91,Shiny Rare,PAF
Terracool,105/91,Shiny Rare,PAF
Pimito,106/91,Shiny Rare,PAF
Scovilain,107/91,Shiny Rare,PAF
Léboulérou,108/91,Shiny Rare,PAF
Salamèche,109/91,Shiny Rare,PAF
Reptincel,110/91,Shiny Rare,PAF
Tauros de Paldea,111/91,Shiny Rare,PAF
Entei,112/91,Shiny Rare,PAF
Plumeline,113/91,Shiny Rare,PAF
Charbambin,114/91,Shiny Rare,PAF
Carmadura,115/91,Shiny Rare,PAF
Ramoloss,116/91,Shiny Rare,PAF
Flagadoss,117/91,Shiny Rare,PAF
Stari,118/91,Shiny Rare,PAF
Staross,119/91,Shiny Rare,PAF
Tauros de Paldea,120/91,Shiny Rare,PAF
Taupikeau,121/91,Shiny Rare,PAF
Triopikeau,122/91,Shiny Rare,PAF
Dofin,123/91,Shiny Rare,PAF
Superdofin,124/91,Shiny Rare,PAF
Délestin,125/91,Shiny Rare,PAF
Oyacata,126/91,Shiny Rare,PAF
Nigirigon,127/91,Shiny Rare,PAF
Frigodo,128/91,Shiny Rare,PAF
Cryodo,129/91,Shiny Rare,PAF
Glaivodo,130/91,Shiny Rare,PAF
Pikachu,131/91,Shiny Rare,PAF
Raichu,132/91,Shiny Rare,PAF
Voltorbe,133/91,Shiny Rare,PAF
Électrode,134/91,Shiny Rare,PAF
Lixy,135/91,Shiny Rare,PAF
Luxio,136/91,Shiny Rare,PAF
Luxray,137/91,Shiny Rare,PAF
Pachirisu,138/91,Shiny Rare,PAF
Fulguris,139/91,Shiny Rare,PAF
Toxizap,140/91,Shiny Rare,PAF
Salarsen,141/91,Shiny Rare,PAF
Pohm,142/91,Shiny Rare,PAF
Pohmotte,143/91,Shiny Rare,PAF
Pohmarmotte,144/91,Shiny Rare,PAF
Zapétrel,145/91,Shiny Rare,PAF
Fulgulairo,146/91,Shiny Rare,PAF
Grodoudou,147/91,Shiny Rare,PAF
Abra,148/91,Shiny Rare,PAF
Kadabra,149/91,Shiny Rare,PAF
Mélo,150/91,Shiny Rare,PAF
Natu,151/91,Shiny Rare,PAF
Xatu,152/91,Shiny Rare,PAF
Tarsal,153/91,Shiny Rare,PAF
Kirlia,154/91,Shiny Rare,PAF
Baudrive,155/91,Shiny Rare,PAF
Grodrive,156/91,Shiny Rare,PAF
Mime Jr.,157/91,Shiny Rare,PAF
Spiritomb,158/91,Shiny Rare,PAF
Trousselin,159/91,Shiny Rare,PAF
Mimiqui,160/91,Shiny Rare,PAF
Briochien,161/91,Shiny Rare,PAF
Malvalame,162/91,Shiny Rare,PAF
Bérasca,163/91,Shiny Rare,PAF
Flotillon,164/91,Shiny Rare,PAF
Forgerette,165/91,Shiny Rare,PAF
Forgella,166/91,Shiny Rare,PAF
Forgelina,167/91,Shiny Rare,PAF
Tomberro,168/91,Shiny Rare,PAF
Férosinge,169/91,Shiny Rare,PAF
Colossinge,170/91,Shiny Rare,PAF
Courrousinge,171/91,Shiny Rare,PAF
Tauros de Paldea,172/91,Shiny Rare,PAF
Riolu,173/91,Shiny Rare,PAF
Lucario,174/91,Shiny Rare,PAF
Brutalibré,175/91,Shiny Rare,PAF
Selutin,176/91,Shiny Rare,PAF
Amassel,177/91,Shiny Rare,PAF
Gigansel,178/91,Shiny Rare,PAF
Germéclat,179/91,Shiny Rare,PAF
Axoloto de Paldea,180/91,Shiny Rare,PAF
Cornèbre,181/91,Shiny Rare,PAF
Farfuret,182/91,Shiny Rare,PAF
Dimoret,183/91,Shiny Rare,PAF
Ténéfix,184/91,Shiny Rare,PAF
Scalpion,185/91,Shiny Rare,PAF
Scalproie,186/91,Shiny Rare,PAF
Scalpereur,187/91,Shiny Rare,PAF
Dogrino,188/91,Shiny Rare,PAF
Gribouraigne,189/91,Shiny Rare,PAF
Tag-Tag,190/91,Shiny Rare,PAF
Cizayox,191/91,Shiny Rare,PAF
Vrombi,192/91,Shiny Rare,PAF
Vrombotor,193/91,Shiny Rare,PAF
Sonistrelle,194/91,Shiny Rare,PAF
Motorizard,195/91,Shiny Rare,PAF
Roucool,196/91,Shiny Rare,PAF
Roucoups,197/91,Shiny Rare,PAF
Rondoudou,198/91,Shiny Rare,PAF
Doduo,199/91,Shiny Rare,PAF
Dodrio,200/91,Shiny Rare,PAF
Métamorph,201/91,Shiny Rare,PAF
Ronflex,202/91,Shiny Rare,PAF
Goélise,203/91,Shiny Rare,PAF
Bekipan,204/91,Shiny Rare,PAF
Rongourmand,205/91,Shiny Rare,PAF
Rongrigou,206/91,Shiny Rare,PAF
Gourmelet,207/91,Shiny Rare,PAF
Fragroin,208/91,Shiny Rare,PAF
Compagnol,209/91,Shiny Rare,PAF
Famignol,210/91,Shiny Rare,PAF
Flamenroule,211/91,Shiny Rare,PAF
Foretress-ex,212/91,Shiny Ultra Rare,PAF
Terracruel-ex,213/91,Shiny Ultra Rare,PAF
Cléopsytra-ex,214/91,Shiny Ultra Rare,PAF
Alakazam-ex,215/91,Shiny Ultra Rare,PAF
Mew-ex,216/91,Shiny Ultra Rare,PAF
Gardevoir-ex,217/91,Shiny Ultra Rare,PAF
Floréclat-ex,218/91,Shiny Ultra Rare,PAF
Terraiste de Paldea-ex,219/91,Shiny Ultra Rare,PAF
Bruyverne-ex,220/91,Shiny Ultra Rare,PAF
Roucarnage-ex,221/91,Shiny Ultra Rare,PAF
Grodoudou-ex,222/91,Shiny Ultra Rare,PAF
Tapatoès-ex,223/91,Shiny Ultra Rare,PAF
Triopikeau,224/91,Illustration Rare,PAF
Superdofin,225/91,Illustration Rare,PAF
Pohm,226/91,Illustration Rare,PAF
Clove,227/91,Ultra Rare,PAF
Juge,228/91,Ultra Rare,PAF
Menzi,229/91,Ultra Rare,PAF
Élève de Paldea,230/91,Ultra Rare,PAF
Élève de Paldea,231/91,Ultra Rare,PAF
Mew-ex,232/91,Special Illustration Rare,PAF
Gardevoir-ex,233/91,Special Illustration Rare,PAF
Dracaufeu-ex,234/91,Special Illustration Rare,PAF
Pepper,235/91,Special Illustration Rare,PAF
Clove,236/91,Special Illustration Rare,PAF
Mashynn,237/91,Special Illustration Rare,PAF
Menzi,238/91,Special Illustration Rare,PAF
Pania,239/91,Special Illustration Rare,PAF
Chongjian-ex,240/91,Hyper Rare,PAF
Yuyu-ex,241/91,Hyper Rare,PAF
Baojian-ex,242/91,Hyper Rare,PAF
Miraidon-ex,243/91,Hyper Rare,PAF
Dinglu-ex,244/91,Hyper Rare,PAF
Koraidon-ex,245/91,Hyper Rare,PAF
Arakdo,1/182,Common,PAR
Maskadra,2/182,Uncommon,PAR
Momartik-ex,3/182,Double Rare,PAR
Feuillajou,4/182,Common,PAR
Feuiloutan,5/182,Uncommon,PAR
Crabicoque,6/182,Common,PAR
Crabaraque,7/182,Common,PAR
Croquine,8/182,Common,PAR
Candine,9/182,Uncommon,PAR
Larvadar,10/182,Common,PAR
Coléodôme,11/182,Common,PAR
Astronelle,12/182,Uncommon,PAR
Lilliterelle,13/182,Common,PAR
Lilliterelle,14/182,Common,PAR
Terracool,15/182,Common,PAR
Terracool,16/182,Common,PAR
Terracruel,17/182,Uncommon,PAR
Chongjian,18/182,Rare,PAR
Magby,19/182,Common,PAR
Flamajou,20/182,Common,PAR
Flamoutan,21/182,Uncommon,PAR
Volcanion,22/182,Rare,PAR
Chochodile,23/182,Common,PAR
Crocogril,24/182,Uncommon,PAR
Charbambin,25/182,Common,PAR
Charbambin,26/182,Common,PAR
Carmadura-ex,27/182,Double Rare,PAR
Mite-de-Fer,28/182,Rare,PAR
Yuyu,29/182,Rare,PAR
Hypotrempe,30/182,Common,PAR
Hypocéan,31/182,Common,PAR
Hyporoi,32/182,Rare,PAR
Rémoraid,33/182,Common,PAR
Octillery,34/182,Common,PAR
Barpau,35/182,Common,PAR
Milobellus,36/182,Rare,PAR
Stalgamin,37/182,Common,PAR
Carchacrok-ex,38/182,Double Rare,PAR
Babimanta,39/182,Common,PAR
Palkia,40/182,Rare,PAR
Flotajou,41/182,Common,PAR
Flotoutan,42/182,Uncommon,PAR
Sorbébé,43/182,Common,PAR
Sorboul,44/182,Common,PAR
Sorbouboul,45/182,Uncommon,PAR
Sucreine-ex,46/182,Double Rare,PAR
Sovkipou,47/182,Common,PAR
Sovkipou,48/182,Common,PAR
Sarmuraï,49/182,Rare,PAR
Sarmuraï-ex,50/182,Double Rare,PAR
Taupikeau,51/182,Common,PAR
Taupikeau,52/182,Common,PAR
Triopikeau,53/182,Uncommon,PAR
Délestin,54/182,Uncommon,PAR
Oyacata,55/182,Uncommon,PAR
Hotte-de-Fer,56/182,Uncommon,PAR
Baojian,57/182,Rare,PAR
Mewtwo-ex,58/182,Double Rare,PAR
Élekid,59/182,Common,PAR
Posipi,60/182,Common,PAR
Négapi,61/182,Common,PAR
Zébibron,62/182,Common,PAR
Zéblitz,63/182,Uncommon,PAR
Statitik,64/182,Common,PAR
Mygavolt,65/182,Common,PAR
Zekrom,66/182,Rare,PAR
Plumeline,67/182,Common,PAR
Tokorico-ex,68/182,Double Rare,PAR
Toxizap,69/182,Common,PAR
Paume-de-Fer-ex,70/182,Double Rare,PAR
Natu,71/182,Common,PAR
Xatu,72/182,Rare,PAR
Latios,73/182,Rare,PAR
Deoxys,74/182,Rare,PAR
Tutafeh,75/182,Common,PAR
Tutankafer-ex,76/182,Double Rare,PAR
Pitrouille,77/182,Common,PAR
Banshitrouye,78/182,Uncommon,PAR
Flotillon,79/182,Common,PAR
Flotillon,80/182,Common,PAR
Cléopsytra,81/182,Rare,PAR
Forgerette,82/182,Common,PAR
Forgerette,83/182,Common,PAR
Forgella,84/182,Common,PAR
Forgelina,85/182,Uncommon,PAR
Hurle-Queue,86/182,Uncommon,PAR
Mordudor,87/182,Common,PAR
Mordudor,88/182,Common,PAR
Garde-de-Fer-ex,89/182,Double Rare,PAR
Onix,90/182,Common,PAR
Scorplane,91/182,Common,PAR
Scorvol,92/182,Uncommon,PAR
Groudon,93/182,Rare,PAR
Griknot,94/182,Common,PAR
Carmache,95/182,Common,PAR
Kungfouine,96/182,Common,PAR
Shaofouine,97/182,Uncommon,PAR
Hoopa-ex,98/182,Double Rare,PAR
Météno,99/182,Uncommon,PAR
Salarsen-ex,100/182,Double Rare,PAR
Selutin,101/182,Common,PAR
Selutin,102/182,Common,PAR
Amassel,103/182,Common,PAR
Gigansel,104/182,Rare,PAR
Craparoi,105/182,Uncommon,PAR
Flamenroule,106/182,Common,PAR
Rampe-Ailes,107/182,Uncommon,PAR
Pelage-Sablé-ex,108/182,Double Rare,PAR
Dinglu,109/182,Rare,PAR
Nosferapti,110/182,Common,PAR
Nosferalto,111/182,Common,PAR
Nostenfer,112/182,Uncommon,PAR
Absol,113/182,Uncommon,PAR
Chacripan,114/182,Common,PAR
Léopardus,115/182,Common,PAR
Miamiasme,116/182,Common,PAR
Miasmax,117/182,Uncommon,PAR
Yveltal,118/182,Rare,PAR
Goupilou,119/182,Common,PAR
Roublenard,120/182,Rare,PAR
Morpeko,121/182,Rare,PAR
Gambex,122/182,Rare,PAR
Fongus-Furie,123/182,Rare,PAR
Rugit-Lune-ex,124/182,Double Rare,PAR
Steelix,125/182,Rare,PAR
Jirachi,126/182,Common,PAR
Grindur,127/182,Common,PAR
Noacier,128/182,Uncommon,PAR
Fermite,129/182,Uncommon,PAR
Monorpale,130/182,Common,PAR
Monorpale,131/182,Common,PAR
Dimoclès,132/182,Common,PAR
Dimoclès,133/182,Common,PAR
Exagide,134/182,Rare,PAR
Exagide-ex,135/182,Double Rare,PAR
Zacian,136/182,Rare,PAR
Flâmigator-ex,137/182,Double Rare,PAR
Ferdeter,138/182,Uncommon,PAR
Gromago-ex,139/182,Double Rare,PAR
Altaria-ex,140/182,Double Rare,PAR
Nigirigon,141/182,Uncommon,PAR
Porygon,142/182,Common,PAR
Porygon2,143/182,Common,PAR
Porygon-Z,144/182,Rare,PAR
Capumain,145/182,Common,PAR
Capidextre,146/182,Uncommon,PAR
Écrémeuh,147/182,Common,PAR
Chuchmur,148/182,Common,PAR
Ramboum,149/182,Common,PAR
Brouhabam,150/182,Uncommon,PAR
Spinda,151/182,Common,PAR
Tylton,152/182,Common,PAR
Compagnol,153/182,Common,PAR
Compagnol,154/182,Common,PAR
Famignol-ex,155/182,Double Rare,PAR
Lestombaile-ex,156/182,Double Rare,PAR
Motorizard,157/182,Uncommon,PAR
Têtes-de-Fer,158/182,Rare,PAR
Capsule Énergie Booster Temps Passé,159/182,Uncommon,PAR
Attrape-Riposte,160/182,Uncommon,PAR
Plumeau Maudit,161/182,Uncommon,PAR
Veste de Défi,162/182,Uncommon,PAR
Urne Terrestre,163/182,Uncommon,PAR
Capsule Énergie Booster Temps Futur,164/182,Uncommon,PAR
Okuba,165/182,Common,PAR
Cape Luxueuse,166/182,Uncommon,PAR
Meloco,167/182,Uncommon,PAR
Norman,168/182,Uncommon,PAR
Sœur Parasol,169/182,Common,PAR
Vitalité de la Professeure Olim,170/182,Uncommon,PAR
Plan du Professeur Turum,171/182,Uncommon,PAR
Cayenn,172/182,Uncommon,PAR
Pierrick,173/182,Uncommon,PAR
Anis,174/182,Uncommon,PAR
Poupée Ronflex,175/182,Uncommon,PAR
Capsule Technique : Angle Mort,176/182,Uncommon,PAR
Capsule Technique : Dés-Évolution,177/182,Uncommon,PAR
Capsule Technique : Évolution,178/182,Uncommon,PAR
Capsule Technique : Énergisant Spontané,179/182,Uncommon,PAR
Techno-Radar,180/182,Uncommon,PAR
Tully,181/182,Uncommon,PAR
Énergie Médicale,182/182,Uncommon,PAR
Crabaraque,183/182,Illustration Rare,PAR
Coléodôme,184/182,Illustration Rare,PAR
Terracruel,185/182,Illustration Rare,PAR
Magby,186/182,Illustration Rare,PAR
Mite-de-Fer,187/182,Illustration Rare,PAR
Stalgamin,188/182,Illustration Rare,PAR
Babimanta,189/182,Illustration Rare,PAR
Sorboul,190/182,Illustration Rare,PAR
Sovkipou,191/182,Illustration Rare,PAR
Délestin,192/182,Illustration Rare,PAR
Posipi,193/182,Illustration Rare,PAR
Négapi,194/182,Illustration Rare,PAR
Zébibron,195/182,Illustration Rare,PAR
Statitik,196/182,Illustration Rare,PAR
Cléopsytra,197/182,Illustration Rare,PAR
Mordudor,198/182,Illustration Rare,PAR
Groudon,199/182,Illustration Rare,PAR
Shaofouine,200/182,Illustration Rare,PAR
Météno,201/182,Illustration Rare,PAR
Gigansel,202/182,Illustration Rare,PAR
Rampe-Ailes,203/182,Illustration Rare,PAR
Miasmax,204/182,Illustration Rare,PAR
Yveltal,205/182,Illustration Rare,PAR
Morpeko,206/182,Illustration Rare,PAR
Fongus-Furie,207/182,Illustration Rare,PAR
Steelix,208/182,Illustration Rare,PAR
Noacier,209/182,Illustration Rare,PAR
Exagide,210/182,Illustration Rare,PAR
Capumain,211/182,Illustration Rare,PAR
Ramboum,212/182,Illustration Rare,PAR
Tylton,213/182,Illustration Rare,PAR
Porygon-Z,214/182,Illustration Rare,PAR
Motorizard,215/182,Illustration Rare,PAR
Têtes-de-Fer,216/182,Illustration Rare,PAR
Momartik-ex,217/182,Ultra Rare,PAR
Carmadura-ex,218/182,Ultra Rare,PAR
Carchacrok-ex,219/182,Ultra Rare,PAR
Sucreine-ex,220/182,Ultra Rare,PAR
Sarmuraï-ex,221/182,Ultra Rare,PAR
Tokorico-ex,222/182,Ultra Rare,PAR
Paume-de-Fer-ex,223/182,Ultra Rare,PAR
Tutankafer-ex,224/182,Ultra Rare,PAR
Garde-de-Fer-ex,225/182,Ultra Rare,PAR
Hoopa-ex,226/182,Ultra Rare,PAR
Salarsen-ex,227/182,Ultra Rare,PAR
Pelage-Sablé-ex,228/182,Ultra Rare,PAR
Rugit-Lune-ex,229/182,Ultra Rare,PAR
Exagide-ex,230/182,Ultra Rare,PAR
Gromago-ex,231/182,Ultra Rare,PAR
Altaria-ex,232/182,Ultra Rare,PAR
Famignol-ex,233/182,Ultra Rare,PAR
Lestombaile-ex,234/182,Ultra Rare,PAR
Okuba,235/182,Ultra Rare,PAR
Meloco,236/182,Ultra Rare,PAR
Norman,237/182,Ultra Rare,PAR
Sœur Parasol,238/182,Ultra Rare,PAR
Vitalité de la Professeure Olim,239/182,Ultra Rare,PAR
Plan du Professeur Turum,240/182,Ultra Rare,PAR
Cayenn,241/182,Ultra Rare,PAR
Pierrick,242/182,Ultra Rare,PAR
Anis,243/182,Ultra Rare,PAR
Tully,244/182,Ultra Rare,PAR
Carchacrok-ex,245/182,Special Illustration Rare,PAR
Sarmuraï-ex,246/182,Special Illustration Rare,PAR
Tokorico-ex,247/182,Special Illustration Rare,PAR
Paume-de-Fer-ex,248/182,Special Illustration Rare,PAR
Garde-de-Fer-ex,249/182,Special Illustration Rare,PAR
Pelage-Sablé-ex,250/182,Special Illustration Rare,PAR
Rugit-Lune-ex,251/182,Special Illustration Rare,PAR
Gromago-ex,252/182,Special Illustration Rare,PAR
Altaria-ex,253/182,Special Illustration Rare,PAR
Meloco,254/182,Special Illustration Rare,PAR
Sœur Parasol,255/182,Special Illustration Rare,PAR
Vitalité de la Professeure Olim,256/182,Special Illustration Rare,PAR
Plan du Professeur Turum,257/182,Special Illustration Rare,PAR
Cayenn,258/182,Special Illustration Rare,PAR
Tully,259/182,Special Illustration Rare,PAR
Carchacrok-ex,260/182,Hyper Rare,PAR
Garde-de-Fer-ex,261/182,Hyper Rare,PAR
Rugit-Lune-ex,262/182,Hyper Rare,PAR
Terrain de Plage,263/182,Hyper Rare,PAR
Attrape-Riposte,264/182,Hyper Rare,PAR
Cape Luxueuse,265/182,Hyper Rare,PAR
Énergie Inversion,266/182,Hyper Rare,PAR
Noeunoeuf,1/131,Common,PRE
Noadkoko,2/131,Uncommon,PRE
Scarabrute,3/131,Common,PRE
Rozbouton,4/131,Common,PRE
Phyllali,5/131,Rare,PRE
Phyllali-ex,6/131,Double Rare,PRE
Doudouvet,7/131,Common,PRE
Farfaduvet,8/131,Rare,PRE
Verpom,9/131,Common,PRE
Pomdramour,10/131,Uncommon,PRE
Pomdorochi-ex,11/131,Double Rare,PRE
Ogerpon Masque Turquoise-ex,12/131,Double Rare,PRE
Pyroli,13/131,Rare,PRE
Pyroli-ex,14/131,Double Rare,PRE
Hélionceau,15/131,Common,PRE
Némélios,16/131,Uncommon,PRE
Ogerpon Masque du Fourneau-ex,17/131,Double Rare,PRE
Ramoloss,18/131,Common,PRE
Roigada,19/131,Uncommon,PRE
Poissirène,20/131,Common,PRE
Poissoroy,21/131,Uncommon,PRE
Aquali,22/131,Rare,PRE
Aquali-ex,23/131,Double Rare,PRE
Suicune,24/131,Uncommon,PRE
Givrali,25/131,Rare,PRE
Givrali-ex,26/131,Double Rare,PRE
Ogerpon Masque du Puits-ex,27/131,Double Rare,PRE
Pikachu-ex,28/131,Double Rare,PRE
Voltali,29/131,Rare,PRE
Voltali-ex,30/131,Double Rare,PRE
Paume-de-Fer-ex,31/131,Double Rare,PRE
Épine-de-Fer-ex,32/131,Double Rare,PRE
Mentali,33/131,Rare,PRE
Mentali-ex,34/131,Double Rare,PRE
Skelénox,35/131,Common,PRE
Téraclope,36/131,Common,PRE
Noctunoir,37/131,Rare,PRE
Fluvetin,38/131,Common,PRE
Cocotine,39/131,Common,PRE
Nymphali,40/131,Rare,PRE
Nymphali-ex,41/131,Double Rare,PRE
Hurle-Queue,42/131,Uncommon,PRE
Flotte-Mèche,43/131,Rare,PRE
Fortusimia,44/131,Rare,PRE
Favianos,45/131,Rare,PRE
Roc-de-Fer,46/131,Rare,PRE
Embrylex,47/131,Common,PRE
Ymphect,48/131,Common,PRE
Groudon,49/131,Rare,PRE
Riolu,50/131,Common,PRE
Lucario-ex,51/131,Double Rare,PRE
Hippopotas,52/131,Common,PRE
Hippodocus,53/131,Common,PRE
Ursaking Lune Vermeille,54/131,Rare,PRE
Fort-Ivoire,55/131,Uncommon,PRE
Pelage-Sablé-ex,56/131,Double Rare,PRE
Félicanis,57/131,Rare,PRE
Ogerpon Masque de la Pierre-ex,58/131,Double Rare,PRE
Noctali,59/131,Rare,PRE
Noctali-ex,60/131,Double Rare,PRE
Farfuret,61/131,Common,PRE
Malosse,62/131,Common,PRE
Démolosse,63/131,Common,PRE
Tyranocif-ex,64/131,Double Rare,PRE
Rugit-Lune,65/131,Rare,PRE
Archéomire,66/131,Common,PRE
Archéodong,67/131,Uncommon,PRE
Heatran,68/131,Uncommon,PRE
Duralugon,69/131,Common,PRE
Pondralugon,70/131,Rare,PRE
Fantyrm,71/131,Common,PRE
Dispareptil,72/131,Common,PRE
Lanssorien-ex,73/131,Double Rare,PRE
Évoli,74/131,Common,PRE
Évoli-ex,75/131,Double Rare,PRE
Ronflex-ex,76/131,Double Rare,PRE
Hoothoot,77/131,Common,PRE
Noarfang,78/131,Rare,PRE
Insolourdo,79/131,Common,PRE
Deusolourdo,80/131,Rare,PRE
Écrémeuh,81/131,Common,PRE
Lugia-ex,82/131,Double Rare,PRE
Laporeille,83/131,Common,PRE
Lockpin,84/131,Common,PRE
Motisma Hélice,85/131,Common,PRE
Regigigas,86/131,Uncommon,PRE
Shaymin,87/131,Uncommon,PRE
Couafarel,88/131,Common,PRE
Brutalibré,89/131,Uncommon,PRE
Sonistrelle,90/131,Common,PRE
Bruyverne-ex,91/131,Double Rare,PRE
Terapagos-ex,92/131,Double Rare,PRE
Nérine,93/131,Common,PRE
Abîme Zéro,94/131,Uncommon,PRE
Mochi de Servitude,95/131,Uncommon,PRE
Entraînement de Karatéka,96/131,Common,PRE
Entraînement de Karatéka,97/131,Common,PRE
Entraînement de Karatéka,98/131,Common,PRE
Entraînement de Karatéka,99/131,Common,PRE
Bria,100/131,Uncommon,PRE
Poffin Copain-Copain,101/131,Uncommon,PRE
Kit Attrape-Insecte,102/131,Uncommon,PRE
Roseille,103/131,Uncommon,PRE
Décodage de Décryptomane,104/131,Uncommon,PRE
Rubépin,105/131,Uncommon,PRE
Urne Terrestre,106/131,Uncommon,PRE
Guide d'Exploration,107/131,Uncommon,PRE
Lieu de la Fête,108/131,Uncommon,PRE
Amis de Paldea,109/131,Common,PRE
Trompette de Verre,110/131,Uncommon,PRE
Baie Fraigo,111/131,Common,PRE
Art Secret de Jeannine,112/131,Uncommon,PRE
Kassis,113/131,Uncommon,PRE
Taro,114/131,Uncommon,PRE
Compétence d'Okuba,115/131,Common,PRE
Max Canne,116/131,ACE SPEC Rare,PRE
Ceinture Maximale,117/131,ACE SPEC Rare,PRE
Masque de Monstre,118/131,Uncommon,PRE
Attrape-Ultime,119/131,ACE SPEC Rare,PRE
Vitalité de la Professeure Olim,120/131,Uncommon,PRE
Plan du Professeur Turum,121/131,Uncommon,PRE
Recherches Professorales,122/131,Common,PRE
Recherches Professorales,123/131,Common,PRE
Recherches Professorales,124/131,Common,PRE
Recherches Professorales,125/131,Common,PRE
Planche de Sauvetage,126/131,Uncommon,PRE
Perche à Motismart,127/131,Common,PRE
Rappel Cyclone,128/131,ACE SPEC Rare,PRE
Cristal Scintillant,129/131,ACE SPEC Rare,PRE
Techno-Radar,130/131,Uncommon,PRE
Détecteur de Trésors,131/131,ACE SPEC Rare,PRE
Nérine,132/131,Ultra Rare,PRE
Erio,133/131,Ultra Rare,PRE
Erio,134/131,Ultra Rare,PRE
Colza,135/131,Ultra Rare,PRE
Nèflie,136/131,Ultra Rare,PRE
Amis de Paldea,137/131,Ultra Rare,PRE
Brome,138/131,Ultra Rare,PRE
Compétence d'Okuba,139/131,Ultra Rare,PRE
Meloco,140/131,Ultra Rare,PRE
Ortiga,141/131,Ultra Rare,PRE
Mora,142/131,Ultra Rare,PRE
Thaïm,143/131,Ultra Rare,PRE
Phyllali-ex,144/131,Special Illustration Rare,PRE
Ogerpon Masque Turquoise-ex,145/131,Special Illustration Rare,PRE
Pyroli-ex,146/131,Special Illustration Rare,PRE
Malvalame-ex,147/131,Special Illustration Rare,PRE
Ogerpon Masque du Fourneau-ex,148/131,Special Illustration Rare,PRE
Aquali-ex,149/131,Special Illustration Rare,PRE
Givrali-ex,150/131,Special Illustration Rare,PRE
Superdofin-ex,151/131,Special Illustration Rare,PRE
Ogerpon Masque du Puits-ex,152/131,Special Illustration Rare,PRE
Voltali-ex,153/131,Special Illustration Rare,PRE
Paume-de-Fer-ex,154/131,Special Illustration Rare,PRE
Mentali-ex,155/131,Special Illustration Rare,PRE
Nymphali-ex,156/131,Special Illustration Rare,PRE
Garde-de-Fer-ex,157/131,Special Illustration Rare,PRE
Chef-de-Fer-ex,158/131,Special Illustration Rare,PRE
Pelage-Sablé-ex,159/131,Special Illustration Rare,PRE
Ogerpon Masque de la Pierre-ex,160/131,Special Illustration Rare,PRE
Noctali-ex,161/131,Special Illustration Rare,PRE
Rugit-Lune-ex,162/131,Special Illustration Rare,PRE
Pêchaminus-ex,163/131,Special Illustration Rare,PRE
Gromago-ex,164/131,Special Illustration Rare,PRE
Lanssorien-ex,165/131,Special Illustration Rare,PRE
Ire-Foudre-ex,166/131,Special Illustration Rare,PRE
Évoli-ex,167/131,Special Illustration Rare,PRE
Ursaking Lune Vermeille-ex,168/131,Special Illustration Rare,PRE
Terapagos-ex,169/131,Special Illustration Rare,PRE
Nérine,170/131,Special Illustration Rare,PRE
Rubépin,171/131,Special Illustration Rare,PRE
Irido,172/131,Special Illustration Rare,PRE
Art Secret de Jeannine,173/131,Special Illustration Rare,PRE
Kassis,174/131,Special Illustration Rare,PRE
Taro,175/131,Special Illustration Rare,PRE
Vert-de-Fer-ex,176/131,Hyper Rare,PRE
Ogerpon Masque Turquoise-ex,177/131,Hyper Rare,PRE
Serpente-Eau-ex,178/131,Hyper Rare,PRE
Pikachu-ex,179/131,Hyper Rare,PRE
Terapagos-ex,180/131,Hyper Rare,PRE
Poussacha,1/102,Promo,SVP
Chochodile,2/102,Promo,SVP
Coiffeton,3/102,Promo,SVP
Mimiqui-ex,4/102,Promo,SVP
Palmaval,5/102,Promo,SVP
Pohmarmotte,6/102,Promo,SVP
Brutalibré,7/102,Promo,SVP
Vrombotor,8/102,Promo,SVP
Filentrappe,9/102,Promo,SVP
Cléopsytra,10/102,Promo,SVP
Arcanin,11/102,Promo,SVP
Oyacata,12/102,Promo,SVP
Miraidon,13/102,Promo,SVP
Koraidon,14/102,Promo,SVP
Lainergie,15/102,Promo,SVP
Pharamp-ex,16/102,Promo,SVP
Lucario-ex,17/102,Promo,SVP
Motorizard-ex,18/102,Promo,SVP
Glaivodo,19/102,Promo,SVP
Forgelina,20/102,Promo,SVP
Cornèbre,21/102,Promo,SVP
Bekipan,22/102,Promo,SVP
Olivini,23/102,Promo,SVP
Caninos,24/102,Promo,SVP
Forgerette,25/102,Promo,SVP
Vrombi,26/102,Promo,SVP
Pikachu,27/102,Promo,SVP
Miraidon-ex,28/102,Promo,SVP
Koraidon-ex,29/102,Promo,SVP
Baojian-ex,30/102,Promo,SVP
Forgelina-ex,31/102,Promo,SVP
Courrousinge-ex,32/102,Promo,SVP
Miascarade-ex,33/102,Promo,SVP
Flâmigator-ex,34/102,Promo,SVP
Palmaval-ex,35/102,Promo,SVP
Superdofin,36/102,Promo,SVP
Mélo,37/102,Promo,SVP
Togekiss,38/102,Promo,SVP
Mysdibule,39/102,Promo,SVP
Pohm,40/102,Promo,SVP
Axoloto de Paldea,41/102,Promo,SVP
Tomberro,42/102,Promo,SVP
Évoli,43/102,Promo,SVP
Salamèche,44/102,Promo,SVP
"Hôtel "" Au paradis des Pokémon """,45/102,Promo,SVP
Bulbizarre,46/102,Promo,SVP
Salamèche,47/102,Promo,SVP
Carapuce,48/102,Promo,SVP
Électhor-ex,49/102,Promo,SVP
Alakazam-ex,50/102,Promo,SVP
Ronflex,51/102,Promo,SVP
Mewtwo,52/102,Promo,SVP
Mew-ex,53/102,Promo,SVP
Amphinobi-ex,54/102,Promo,SVP
Kangourex-ex,55/102,Promo,SVP
Dracaufeu-ex,56/102,Promo,SVP
Yuyu,57/102,Promo,SVP
Hotte-de-Fer,58/102,Promo,SVP
Xatu,59/102,Promo,SVP
Exagide,60/102,Promo,SVP
Pomdepik,61/102,Promo,SVP
Théffroi,62/102,Promo,SVP
Balbalèze,63/102,Promo,SVP
Cryodo,64/102,Promo,SVP
Hurle-Queue,65/102,Promo,SVP
Hotte-de-Fer,66/102,Promo,SVP
Rugit-Lune-ex,67/102,Promo,SVP
Garde-de-Fer-ex,68/102,Promo,SVP
Pâtachiot,69/102,Promo,SVP
Toutombe,70/102,Promo,SVP
Grondogue,71/102,Promo,SVP
Fort-Ivoire-ex,72/102,Promo,SVP
Roue-de-Fer-ex,73/102,Promo,SVP
Dracaufeu-ex,74/102,Promo,SVP
Mimiqui,75/102,Promo,SVP
Poussacha,76/102,Promo,SVP
Matourgeon,77/102,Promo,SVP
Miascarade-ex,78/102,Promo,SVP
Chochodile,79/102,Promo,SVP
Crocogril,80/102,Promo,SVP
Flâmigator-ex,81/102,Promo,SVP
Coiffeton,82/102,Promo,SVP
Canarbello,83/102,Promo,SVP
Palmaval-ex,84/102,Promo,SVP
Pikachu with Grey Felt Hat,85/102,Promo,SVP
Dogrino-ex,86/102,Promo,SVP
Poussacha-ex,87/102,Promo,SVP
Pikachu,88/102,Promo,SVP
Aligatueur,89/102,Promo,SVP
Métang,90/102,Promo,SVP
Koraidon,91/102,Promo,SVP
Miraidon,92/102,Promo,SVP
Carvanha,93/102,Promo,SVP
Ampibidou,94/102,Promo,SVP
Mélo,95/102,Promo,SVP
Motorizard,96/102,Promo,SVP
Flotte-Mèche,97/102,Promo,SVP
Épine-de-Fer,98/102,Promo,SVP
Gribouraigne,99/102,Promo,SVP
Tag-Tag-ex,100/102,Promo,SVP
Pikachu,101/102,Promo,SVP
Oddish,102/102,Promo,SVP
Démolosse-ex,103/102,Promo,SVP
Melmetal-ex,104/102,Promo,SVP
Carmadura-ex,105/102,Promo,SVP
Pikachu-ex,106/102,Promo,SVP
Wattouat,107/102,Promo,SVP
Lainergie,108/102,Promo,SVP
Pharamp,109/102,Promo,SVP
Darkrai-ex,110/102,Promo,SVP
Scalpion,111/102,Promo,SVP
Scalproie,112/102,Promo,SVP
Scalpereur,113/102,Promo,SVP
Fan de Pique-Nique,114/102,Promo,SVP
Badabouin,115/102,Promo,SVP
Simiabraz,116/102,Promo,SVP
Momartik,117/102,Promo,SVP
Nigirigon,118/102,Promo,SVP
Toxizap,119/102,Promo,SVP
Ymphect,120/102,Promo,SVP
Vrombotor,121/102,Promo,SVP
Ronflex,122/102,Promo,SVP
Ogerpon Masque Turquoise,123/102,Promo,SVP
Mashynn,124/102,Promo,SVP
Carmadura-ex,125/102,Promo,SVP
Superdofin-ex,126/102,Promo,SVP
Serpente-Eau-ex,127/102,Promo,SVP
Vert-de-Fer-ex,128/102,Promo,SVP
Pêchaminus,129/102,Promo,SVP
Scalpereur,130/102,Promo,SVP
Hyporoi-ex,131/102,Promo,SVP
Amphinobi-ex,132/102,Promo,SVP
Coxyclaque,133/102,Promo,SVP
Crabominable,134/102,Promo,SVP
Grodrive,135/102,Promo,SVP
Frison,136/102,Promo,SVP
Hypotrempe,137/102,Promo,SVP
Porygon2,138/102,Promo,SVP
Latias,139/102,Promo,SVP
Forgelina,140/102,Promo,SVP
Noarfang,141/102,Promo,SVP
Victini-ex,142/102,Promo,SVP
Miraidon-ex,143/102,Promo,SVP
Feu-Perçant-ex,144/102,Promo,SVP
Ire-Foudre-ex,145/102,Promo,SVP
Chef-de-Fer-ex,146/102,Promo,SVP
Roc-de-Fer-ex,147/102,Promo,SVP
Miraidon,148/102,Promo,SVP
Pêchaminus,149/102,Promo,SVP
"Hôtel "" Au paradis des Pokémon """,150/102,Promo,SVP
Feu-Perçant,151/102,Promo,SVP
Baojian,152/102,Promo,SVP
Magnéton,153/102,Promo,SVP
Wimessir,154/102,Promo,SVP
Axoloto,155/102,Promo,SVP
Maraiste,156/102,Promo,SVP
Électhor,157/102,Promo,SVP
Pachirisu,158/102,Promo,SVP
Magnéton,159/102,Promo,SVP
Tapatoès-ex,160/102,Promo,SVP
Dracaufeu-ex,161/102,Promo,SVP
Tomberro-ex,162/102,Promo,SVP
Pyrobut-ex,163/102,Promo,SVP
Lokhlass-ex,164/102,Promo,SVP
Terapagos-ex,165/102,Promo,SVP
Énergie Plante,1/8,Common,SVE
Énergie Feu,2/8,Common,SVE
Énergie Eau,3/8,Common,SVE
Énergie Electrik,4/8,Common,SVE
Énergie Psy,5/8,Common,SVE
Énergie Combat,6/8,Common,SVE
Énergie Obscurité,7/8,Common,SVE
Énergie Métal,8/8,Common,SVE
Énergie Plante,9/8,Common,SVE
Énergie Feu,10/8,Common,SVE
Énergie Eau,11/8,Common,SVE
Énergie Electrik,12/8,Common,SVE
Énergie Psy,13/8,Common,SVE
Énergie Combat,14/8,Common,SVE
Énergie Obscurité,15/8,Common,SVE
Énergie Métal,16/8,Common,SVE
Pomdepik,1/198,Common,SVI
Scarhino,2/198,Uncommon,SVI
Balignon,3/198,Common,SVI
Chapignon,4/198,Uncommon,SVI
Cacnea,5/198,Common,SVI
Cacturne,6/198,Uncommon,SVI
Tropius,7/198,Common,SVI
Lépidonille,8/198,Common,SVI
Pérégrain,9/198,Common,SVI
Prismillon,10/198,Uncommon,SVI
Cabriolaine,11/198,Common,SVI
Chevroum,12/198,Common,SVI
Poussacha,13/198,Common,SVI
Matourgeon,14/198,Uncommon,SVI
Miascarade,15/198,Rare,SVI
Tissenboule,16/198,Common,SVI
Tissenboule,17/198,Common,SVI
Tissenboule,18/198,Common,SVI
Filentrappe-ex,19/198,Double Rare,SVI
Olivini,20/198,Common,SVI
Olivini,21/198,Common,SVI
Olivado,22/198,Common,SVI
Arboliva,23/198,Rare,SVI
Terracool,24/198,Common,SVI
Terracool,25/198,Common,SVI
Terracruel,26/198,Uncommon,SVI
Pimito,27/198,Common,SVI
Pimito,28/198,Common,SVI
Scovilain,29/198,Uncommon,SVI
Caninos,30/198,Common,SVI
Caninos,31/198,Common,SVI
Arcanin-ex,32/198,Double Rare,SVI
Malosse,33/198,Common,SVI
Démolosse,34/198,Common,SVI
Chartor,35/198,Uncommon,SVI
Chochodile,36/198,Common,SVI
Crocogril,37/198,Uncommon,SVI
Flâmigator,38/198,Rare,SVI
Charbambin,39/198,Common,SVI
Charbambin,40/198,Common,SVI
Carmadura,41/198,Rare,SVI
Ramoloss,42/198,Common,SVI
Flagadoss,43/198,Rare,SVI
Magicarpe,44/198,Common,SVI
Léviator-ex,45/198,Double Rare,SVI
Mustébouée,46/198,Common,SVI
Mustéflott,47/198,Uncommon,SVI
Mamanbo,48/198,Common,SVI
Flingouste,49/198,Common,SVI
Gamblast,50/198,Common,SVI
Denticrisse,51/198,Common,SVI
Coiffeton,52/198,Common,SVI
Canarbello,53/198,Uncommon,SVI
Palmaval,54/198,Rare,SVI
Taupikeau,55/198,Common,SVI
Taupikeau,56/198,Common,SVI
Triopikeau,57/198,Uncommon,SVI
Piétacé,58/198,Common,SVI
Piétacé,59/198,Common,SVI
Balbalèze,60/198,Uncommon,SVI
Oyacata,61/198,Rare,SVI
Nigirigon,62/198,Uncommon,SVI
Magnéti,63/198,Common,SVI
Magnéton,64/198,Common,SVI
Magnézone-ex,65/198,Double Rare,SVI
Wattouat,66/198,Common,SVI
Lainergie,67/198,Uncommon,SVI
Pachirisu,68/198,Uncommon,SVI
Motisma,69/198,Common,SVI
Motisma,70/198,Common,SVI
Toxizap,71/198,Common,SVI
Salarsen,72/198,Uncommon,SVI
Pohm,73/198,Common,SVI
Pohm,74/198,Common,SVI
Pohmotte,75/198,Common,SVI
Pohmarmotte,76/198,Rare,SVI
Zapétrel,77/198,Common,SVI
Zapétrel,78/198,Common,SVI
Fulgulairo,79/198,Uncommon,SVI
Miraidon,80/198,Rare,SVI
Miraidon-ex,81/198,Double Rare,SVI
Soporifik,82/198,Common,SVI
Hypnomade,83/198,Uncommon,SVI
Tarsal,84/198,Common,SVI
Kirlia,85/198,Common,SVI
Gardevoir-ex,86/198,Double Rare,SVI
Polichombr,87/198,Common,SVI
Branette-ex,88/198,Double Rare,SVI
Baudrive,89/198,Common,SVI
Grodrive,90/198,Uncommon,SVI
Flabébé,91/198,Common,SVI
Floette,92/198,Common,SVI
Florges,93/198,Uncommon,SVI
Dedenne,94/198,Common,SVI
Dedenne,95/198,Common,SVI
Trousselin,96/198,Rare,SVI
Pâtachiot,97/198,Common,SVI
Pâtachiot,98/198,Common,SVI
Briochien,99/198,Uncommon,SVI
Flotillon,100/198,Common,SVI
Flotillon,101/198,Common,SVI
Flotillon,102/198,Common,SVI
Cléopsytra,103/198,Uncommon,SVI
Toutombe,104/198,Common,SVI
Toutombe,105/198,Common,SVI
Tomberro,106/198,Rare,SVI
Férosinge,107/198,Common,SVI
Colossinge,108/198,Common,SVI
Courrousinge,109/198,Rare,SVI
Méditikka,110/198,Common,SVI
Charmina,111/198,Uncommon,SVI
Riolu,112/198,Common,SVI
Riolu,113/198,Common,SVI
Lucario,114/198,Uncommon,SVI
Mascaïman,115/198,Common,SVI
Escroco,116/198,Common,SVI
Crocorible,117/198,Uncommon,SVI
Brutalibré,118/198,Rare,SVI
Dunaja,119/198,Common,SVI
Dunaconda,120/198,Uncommon,SVI
Dolman,121/198,Uncommon,SVI
Craparoi,122/198,Rare,SVI
Fort-Ivoire-ex,123/198,Double Rare,SVI
Koraidon,124/198,Rare,SVI
Koraidon-ex,125/198,Double Rare,SVI
Tadmorv,126/198,Common,SVI
Grotadmorv,127/198,Uncommon,SVI
Séviper,128/198,Common,SVI
Spiritomb,129/198,Uncommon,SVI
Cradopaud,130/198,Common,SVI
Coatox-ex,131/198,Double Rare,SVI
Scalpion,132/198,Common,SVI
Scalproie,133/198,Common,SVI
Scalpereur,134/198,Rare,SVI
Grondogue,135/198,Common,SVI
Grondogue,136/198,Common,SVI
Dogrino,137/198,Uncommon,SVI
Lestombaile,138/198,Uncommon,SVI
Foretress,139/198,Uncommon,SVI
Vrombi,140/198,Common,SVI
Vrombi,141/198,Common,SVI
Vrombotor,142/198,Rare,SVI
Roue-de-Fer-ex,143/198,Double Rare,SVI
Leveinard,144/198,Common,SVI
Leuphorie,145/198,Uncommon,SVI
Mangriff,146/198,Common,SVI
Mangriff,147/198,Uncommon,SVI
Étourmi,148/198,Common,SVI
Étourvol,149/198,Common,SVI
Étouraptor,150/198,Uncommon,SVI
Rongourmand,151/198,Common,SVI
Rongrigou,152/198,Uncommon,SVI
Wimessir,153/198,Rare,SVI
Gourmelet,154/198,Common,SVI
Gourmelet,155/198,Common,SVI
Gourmelet,156/198,Common,SVI
Fragroin,157/198,Uncommon,SVI
Fragroin-ex,158/198,Double Rare,SVI
Compagnol,159/198,Common,SVI
Compagnol,160/198,Common,SVI
Famignol,161/198,Uncommon,SVI
Tapatoès,162/198,Common,SVI
Motorizard,163/198,Uncommon,SVI
Motorizard,164/198,Rare,SVI
Flamenroule,165/198,Uncommon,SVI
Pepper,166/198,Uncommon,SVI
Terrain de Plage,167/198,Uncommon,SVI
Maillet Écrasant,168/198,Common,SVI
Bandeau de Défi,169/198,Uncommon,SVI
Générateur Électrique,170/198,Uncommon,SVI
Récupération d'Énergie,171/198,Common,SVI
Recherche d'Énergie,172/198,Common,SVI
Échange d'Énergie,173/198,Common,SVI
Multi Exp,174/198,Uncommon,SVI
Jacq,175/198,Uncommon,SVI
Juge,176/198,Uncommon,SVI
Éra,177/198,Uncommon,SVI
Mesaledo,178/198,Uncommon,SVI
Mimosa,179/198,Uncommon,SVI
Menzi,180/198,Common,SVI
Faiblo Ball,181/198,Uncommon,SVI
Registre Ami,182/198,Common,SVI
Pania,183/198,Uncommon,SVI
Panier de Pique-Nique,184/198,Uncommon,SVI
Poké Ball,185/198,Common,SVI
Pokématos 3.0,186/198,Common,SVI
Attrape-Pokémon,187/198,Common,SVI
Potion,188/198,Common,SVI
Recherches Professorales,189/198,Rare,SVI
Recherches Professorales,190/198,Rare,SVI
Super Bonbon,191/198,Common,SVI
Plastron Roc,192/198,Uncommon,SVI
Casque Brut,193/198,Uncommon,SVI
Échange,194/198,Common,SVI
Sbire de la Team Star,195/198,Uncommon,SVI
Hyper Ball,196/198,Uncommon,SVI
Bandeau Vitalité,197/198,Uncommon,SVI
Gamin,198/198,Uncommon,SVI
Tissenboule,199/198,Illustration Rare,SVI
Olivado,200/198,Illustration Rare,SVI
Terracool,201/198,Illustration Rare,SVI
Scovilain,202/198,Illustration Rare,SVI
Carmadura,203/198,Illustration Rare,SVI
Ramoloss,204/198,Illustration Rare,SVI
Flingouste,205/198,Illustration Rare,SVI
Taupikeau,206/198,Illustration Rare,SVI
Oyacata,207/198,Illustration Rare,SVI
Pachirisu,208/198,Illustration Rare,SVI
Pohmarmotte,209/198,Illustration Rare,SVI
Soporifik,210/198,Illustration Rare,SVI
Tarsal,211/198,Illustration Rare,SVI
Kirlia,212/198,Illustration Rare,SVI
Pâtachiot,213/198,Illustration Rare,SVI
Toutombe,214/198,Illustration Rare,SVI
Riolu,215/198,Illustration Rare,SVI
Mascaïman,216/198,Illustration Rare,SVI
Craparoi,217/198,Illustration Rare,SVI
Dogrino,218/198,Illustration Rare,SVI
Lestombaile,219/198,Illustration Rare,SVI
Scalpereur,220/198,Illustration Rare,SVI
Étourmi,221/198,Illustration Rare,SVI
Rongourmand,222/198,Illustration Rare,SVI
Filentrappe-ex,223/198,Ultra Rare,SVI
Arcanin-ex,224/198,Ultra Rare,SVI
Léviator-ex,225/198,Ultra Rare,SVI
Magnézone-ex,226/198,Ultra Rare,SVI
Miraidon-ex,227/198,Ultra Rare,SVI
Gardevoir-ex,228/198,Ultra Rare,SVI
Branette-ex,229/198,Ultra Rare,SVI
Fort-Ivoire-ex,230/198,Ultra Rare,SVI
Koraidon-ex,231/198,Ultra Rare,SVI
Coatox-ex,232/198,Ultra Rare,SVI
Roue-de-Fer-ex,233/198,Ultra Rare,SVI
Fragroin-ex,234/198,Ultra Rare,SVI
Pepper,235/198,Ultra Rare,SVI
Jacq,236/198,Ultra Rare,SVI
Éra,237/198,Ultra Rare,SVI
Mimosa,238/198,Ultra Rare,SVI
Pania,239/198,Ultra Rare,SVI
Recherches Professorales,240/198,Ultra Rare,SVI
Recherches Professorales,241/198,Ultra Rare,SVI
Sbire de la Team Star,242/198,Ultra Rare,SVI
Filentrappe-ex,243/198,Special Illustration Rare,SVI
Miraidon-ex,244/198,Special Illustration Rare,SVI
Gardevoir-ex,245/198,Special Illustration Rare,SVI
Fort-Ivoire-ex,246/198,Special Illustration Rare,SVI
Koraidon-ex,247/198,Special Illustration Rare,SVI
Roue-de-Fer-ex,248/198,Special Illustration Rare,SVI
Pepper,249/198,Special Illustration Rare,SVI
Jacq,250/198,Special Illustration Rare,SVI
Mimosa,251/198,Special Illustration Rare,SVI
Pania,252/198,Special Illustration Rare,SVI
Miraidon-ex,253/198,Hyper Rare,SVI
Koraidon-ex,254/198,Hyper Rare,SVI
Faiblo Ball,255/198,Hyper Rare,SVI
Super Bonbon,256/198,Hyper Rare,SVI
Énergie Lightning de base,257/198,Hyper Rare,SVI
Énergie Fighting de base,258/198,Hyper Rare,SVI
Statitik,1/64,Common,SFA
Mygavolt,2/64,Uncommon,SFA
Brindibou,3/64,Common,SFA
Efflèche,4/64,Common,SFA
Archéduc,5/64,Uncommon,SFA
Tokotoro,6/64,Rare,SFA
Malosse,7/64,Common,SFA
Démolosse,8/64,Common,SFA
Mite-de-Fer,9/64,Uncommon,SFA
Hypotrempe,10/64,Common,SFA
Hypocéan,11/64,Common,SFA
Hyporoi-ex,12/64,Double Rare,SFA
Farfuret,13/64,Common,SFA
Dimoret,14/64,Uncommon,SFA
Vrombotor-ex,15/64,Double Rare,SFA
Soporifik,16/64,Common,SFA
Hypnomade,17/64,Uncommon,SFA
Skelénox,18/64,Common,SFA
Téraclope,19/64,Common,SFA
Noctunoir,20/64,Rare,SFA
Cresselia,21/64,Rare,SFA
Nymphali,22/64,Uncommon,SFA
Cradopaud,23/64,Common,SFA
Coatox,24/64,Common,SFA
Ursaking Lune Vermeille,25/64,Rare,SFA
Rampe-Ailes,26/64,Uncommon,SFA
Nosferapti,27/64,Common,SFA
Nosferalto,28/64,Common,SFA
Nostenfer,29/64,Uncommon,SFA
Absol,30/64,Common,SFA
Zorua,31/64,Common,SFA
Zoroark,32/64,Rare,SFA
Sepiatop,33/64,Common,SFA
Sepiatroce,34/64,Uncommon,SFA
Yveltal,35/64,Uncommon,SFA
Félicanis-ex,36/64,Double Rare,SFA
Fortusimia-ex,37/64,Double Rare,SFA
Favianos-ex,38/64,Double Rare,SFA
Pêchaminus-ex,39/64,Double Rare,SFA
Genesect,40/64,Uncommon,SFA
Charibari,41/64,Common,SFA
Pachyradjah,42/64,Rare,SFA
Vrombi,43/64,Common,SFA
Coupenotte,44/64,Common,SFA
Incisache,45/64,Common,SFA
Tranchodon,46/64,Rare,SFA
Kyurem,47/64,Uncommon,SFA
Miaouss,48/64,Common,SFA
Persian,49/64,Common,SFA
Évoli,50/64,Common,SFA
Couafarel,51/64,Common,SFA
Nounourson,52/64,Common,SFA
Chelours,53/64,Common,SFA
Académie de Nuit,54/64,Uncommon,SFA
Mochi de Servitude,55/64,Uncommon,SFA
Cassiopée,56/64,Uncommon,SFA
Ténacité de Nikolaï,57/64,Uncommon,SFA
Laser Dangereux,58/64,ACE SPEC Rare,SFA
Art Secret de Jeannine,59/64,Uncommon,SFA
Zone de Neutralisation,60/64,ACE SPEC Rare,SFA
Civière Nocturne,61/64,Uncommon,SFA
Poké Vital A,62/64,ACE SPEC Rare,SFA
Sablier du Pouvoir,63/64,Uncommon,SFA
Machinations de Xanthin,64/64,Uncommon,SFA
Tokotoro,65/64,Illustration Rare,SFA
Démolosse,66/64,Illustration Rare,SFA
Hypotrempe,67/64,Illustration Rare,SFA
Skelénox,68/64,Illustration Rare,SFA
Téraclope,69/64,Illustration Rare,SFA
Noctunoir,70/64,Illustration Rare,SFA
Cresselia,71/64,Illustration Rare,SFA
Fortusimia,72/64,Illustration Rare,SFA
Favianos,73/64,Illustration Rare,SFA
Félicanis,74/64,Illustration Rare,SFA
Zorua,75/64,Illustration Rare,SFA
Charibari,76/64,Illustration Rare,SFA
Incisache,77/64,Illustration Rare,SFA
Persian,78/64,Illustration Rare,SFA
Chelours,79/64,Illustration Rare,SFA
Hyporoi-ex,80/64,Ultra Rare,SFA
Vrombotor-ex,81/64,Ultra Rare,SFA
Félicanis-ex,82/64,Ultra Rare,SFA
Fortusimia-ex,83/64,Ultra Rare,SFA
Favianos-ex,84/64,Ultra Rare,SFA
Pêchaminus-ex,85/64,Ultra Rare,SFA
Cassiopée,86/64,Ultra Rare,SFA
Ténacité de Nikolaï,87/64,Ultra Rare,SFA
Art Secret de Jeannine,88/64,Ultra Rare,SFA
Machinations de Xanthin,89/64,Ultra Rare,SFA
Félicanis-ex,90/64,Special Illustration Rare,SFA
Fortusimia-ex,91/64,Special Illustration Rare,SFA
Favianos-ex,92/64,Special Illustration Rare,SFA
Pêchaminus-ex,93/64,Special Illustration Rare,SFA
Cassiopée,94/64,Special Illustration Rare,SFA
Pêchaminus-ex,95/64,Hyper Rare,SFA
Urne Terrestre,96/64,Hyper Rare,SFA
Sablier du Pouvoir,97/64,Hyper Rare,SFA
Énergie Darkness de base,98/64,Hyper Rare,SFA
Énergie Metal de base,99/64,Hyper Rare,SFA
Florizarre-ex,1/142,Double Rare,SCR
Coxy,2/142,Common,SCR
Coxyclaque,3/142,Rare,SCR
Celebi,4/142,Uncommon,SCR
Lilia,5/142,Common,SCR
Vacilys,6/142,Rare,SCR
Vortente,7/142,Common,SCR
Motisma Tonte,8/142,Common,SCR
Larvibule,9/142,Common,SCR
Tournicoton,10/142,Common,SCR
Blancoton,11/142,Uncommon,SCR
Verpom,12/142,Common,SCR
Pomdramour,13/142,Common,SCR
Pomdorochi-ex,14/142,Double Rare,SCR
Lilliterelle,15/142,Common,SCR
Gambex,16/142,Common,SCR
Terracool,17/142,Common,SCR
Terracruel,18/142,Uncommon,SCR
Ponyta,19/142,Common,SCR
Galopa,20/142,Uncommon,SCR
Flamajou,21/142,Common,SCR
Reshiram,22/142,Uncommon,SCR
Tritox,23/142,Common,SCR
Malamandre,24/142,Uncommon,SCR
Boumata,25/142,Common,SCR
Flambino,26/142,Common,SCR
Lapyro,27/142,Common,SCR
Pyrobut-ex,28/142,Double Rare,SCR
Charbambin,29/142,Common,SCR
Tortank-ex,30/142,Double Rare,SCR
Lokhlass,31/142,Uncommon,SCR
Lokhlass-ex,32/142,Double Rare,SCR
Marill,33/142,Common,SCR
Azumarill,34/142,Uncommon,SCR
Écayon,35/142,Common,SCR
Luminéon,36/142,Uncommon,SCR
Carapagos,37/142,Common,SCR
Mégapagos,38/142,Rare,SCR
Grenousse,39/142,Common,SCR
Croâporal,40/142,Uncommon,SCR
Amphinobi-ex,41/142,Double Rare,SCR
Crabominable,42/142,Uncommon,SCR
Khélocrok,43/142,Common,SCR
Torgamord,44/142,Rare,SCR
Délestin,45/142,Uncommon,SCR
Élektek,46/142,Common,SCR
Élekable,47/142,Uncommon,SCR
Loupio,48/142,Common,SCR
Lanturn,49/142,Uncommon,SCR
Statitik,50/142,Common,SCR
Mygavolt-ex,51/142,Double Rare,SCR
Chrysapile,52/142,Common,SCR
Lucanon,53/142,Uncommon,SCR
Togedemaru,54/142,Uncommon,SCR
Zeraora,55/142,Rare,SCR
Pohm,56/142,Common,SCR
Ramoloss,57/142,Common,SCR
Roigada,58/142,Uncommon,SCR
Mewtwo,59/142,Uncommon,SCR
Baudrive,60/142,Common,SCR
Grodrive,61/142,Uncommon,SCR
Tutafeh,62/142,Common,SCR
Guérilande,63/142,Common,SCR
Crèmy,64/142,Common,SCR
Charmilly,65/142,Rare,SCR
Pâtachiot,66/142,Common,SCR
Briochien-ex,67/142,Double Rare,SCR
Flotillon,68/142,Common,SCR
Cléopsytra,69/142,Common,SCR
Toutombe,70/142,Common,SCR
Roc-de-Fer,71/142,Rare,SCR
Osselait,72/142,Common,SCR
Ossatueur,73/142,Uncommon,SCR
Rhinocorne,74/142,Common,SCR
Rhinoféros,75/142,Common,SCR
Rhinastoc,76/142,Rare,SCR
Méditikka,77/142,Common,SCR
Méditikka,78/142,Common,SCR
Charmina,79/142,Common,SCR
Charmina-ex,80/142,Double Rare,SCR
Riolu,81/142,Common,SCR
Lucario-ex,82/142,Double Rare,SCR
Kungfouine,83/142,Common,SCR
Shaofouine,84/142,Uncommon,SCR
Pandespiègle,85/142,Common,SCR
Diancie,86/142,Uncommon,SCR
Crabagarre,87/142,Common,SCR
Hexadron,88/142,Common,SCR
Gigansel-ex,89/142,Double Rare,SCR
Koraidon,90/142,Uncommon,SCR
Gloupti,91/142,Common,SCR
Avaltout,92/142,Uncommon,SCR
Pandarbare,93/142,Uncommon,SCR
Grimalin,94/142,Common,SCR
Fourbelin,95/142,Common,SCR
Angoliath,96/142,Rare,SCR
Lestombaile,97/142,Common,SCR
Jirachi,98/142,Uncommon,SCR
Tic,99/142,Common,SCR
Clic,100/142,Common,SCR
Cliticlic,101/142,Rare,SCR
Meltan,102/142,Common,SCR
Meltan,103/142,Common,SCR
Melmetal,104/142,Rare,SCR
Melmetal-ex,105/142,Double Rare,SCR
Duralugon,106/142,Common,SCR
Pondralugon,107/142,Rare,SCR
Vrombi,108/142,Common,SCR
Vrombotor,109/142,Uncommon,SCR
Ferdeter-ex,110/142,Double Rare,SCR
Ire-Foudre,111/142,Rare,SCR
Tauros,112/142,Common,SCR
Évoli,113/142,Common,SCR
Hoothoot,114/142,Common,SCR
Noarfang,115/142,Rare,SCR
Chaglam,116/142,Common,SCR
Chaffreux,117/142,Common,SCR
Motisma Hélice,118/142,Common,SCR
Frison,119/142,Rare,SCR
Boréas,120/142,Uncommon,SCR
Passerouge,121/142,Common,SCR
Braisillon,122/142,Common,SCR
Flambusard,123/142,Uncommon,SCR
Moumouton,124/142,Common,SCR
Moumouflon,125/142,Uncommon,SCR
Gourmelet,126/142,Common,SCR
Motorizard,127/142,Common,SCR
Terapagos-ex,128/142,Double Rare,SCR
Fossile Plaque Ancien,129/142,Common,SCR
Fossile Racine Ancien,130/142,Common,SCR
Abîme Zéro,131/142,Uncommon,SCR
Bria,132/142,Uncommon,SCR
Rubépin,133/142,Uncommon,SCR
Bombe Deluxe,134/142,ACE SPEC Rare,SCR
Trompette de Verre,135/142,Uncommon,SCR
Arbre Majestueux,136/142,ACE SPEC Rare,SCR
Gemme Gravité,137/142,Uncommon,SCR
Kombu,138/142,Uncommon,SCR
Taro,139/142,Uncommon,SCR
Baie Chocco,140/142,Uncommon,SCR
Baie Yapap,141/142,Uncommon,SCR
Cristal Scintillant,142/142,ACE SPEC Rare,SCR
Bulbizarre,143/142,Illustration Rare,SCR
Coxyclaque,144/142,Illustration Rare,SCR
Lilia,145/142,Illustration Rare,SCR
Boumata,146/142,Illustration Rare,SCR
Lapyro,147/142,Illustration Rare,SCR
Carapuce,148/142,Illustration Rare,SCR
Crabominable,149/142,Illustration Rare,SCR
Statitik,150/142,Illustration Rare,SCR
Zeraora,151/142,Illustration Rare,SCR
Crèmy,152/142,Illustration Rare,SCR
Méditikka,153/142,Illustration Rare,SCR
Gloupti,154/142,Illustration Rare,SCR
Pondralugon,155/142,Illustration Rare,SCR
Pomdorochi-ex,156/142,Ultra Rare,SCR
Pyrobut-ex,157/142,Ultra Rare,SCR
Lokhlass-ex,158/142,Ultra Rare,SCR
Mygavolt-ex,159/142,Ultra Rare,SCR
Briochien-ex,160/142,Ultra Rare,SCR
Charmina-ex,161/142,Ultra Rare,SCR
Ferdeter-ex,162/142,Ultra Rare,SCR
Bria,163/142,Ultra Rare,SCR
Rubépin,164/142,Ultra Rare,SCR
Kombu,165/142,Ultra Rare,SCR
Taro,166/142,Ultra Rare,SCR
Pomdorochi-ex,167/142,Special Illustration Rare,SCR
Mygavolt-ex,168/142,Special Illustration Rare,SCR
Briochien-ex,169/142,Special Illustration Rare,SCR
Terapagos-ex,170/142,Special Illustration Rare,SCR
Bria,171/142,Special Illustration Rare,SCR
Taro,172/142,Special Illustration Rare,SCR
Terapagos-ex,173/142,Hyper Rare,SCR
Abîme Zéro,174/142,Hyper Rare,SCR
Amulette Bravoure,175/142,Hyper Rare,SCR
Noeunoeuf,1/191,Common,SSP
Noeunoeuf,2/191,Common,SSP
Noadkoko,3/191,Uncommon,SSP
Fermite-ex,4/191,Double Rare,SSP
Lépidonille,5/191,Common,SSP
Pérégrain,6/191,Common,SSP
Prismillon,7/191,Uncommon,SSP
Spododo,8/191,Common,SSP
Lampignon,9/191,Uncommon,SSP
Sinistrail,10/191,Common,SSP
Zarude,11/191,Rare,SSP
Pimito,12/191,Common,SSP
Léboulérou,13/191,Common,SSP
Bérasca,14/191,Rare,SSP
Chongjian,15/191,Uncommon,SSP
Goupix,16/191,Common,SSP
Feunard,17/191,Uncommon,SSP
Tauros de Paldea,18/191,Uncommon,SSP
Ho-Oh,19/191,Uncommon,SSP
Morphéo Forme Solaire,20/191,Common,SSP
Victini,21/191,Uncommon,SSP
Flamajou,22/191,Common,SSP
Flamoutan,23/191,Common,SSP
Pyronille,24/191,Common,SSP
Pyrax,25/191,Common,SSP
Plumeline,26/191,Common,SSP
Grillepattes,27/191,Common,SSP
Scolocendre,28/191,Common,SSP
Chochodile,29/191,Common,SSP
Crocogril,30/191,Common,SSP
Flâmigator,31/191,Rare,SSP
Charbambin,32/191,Common,SSP
Charbambin,33/191,Common,SSP
Carmadura,34/191,Uncommon,SSP
Malvalame,35/191,Uncommon,SSP
Malvalame-ex,36/191,Double Rare,SSP
Scovilain-ex,37/191,Double Rare,SSP
Feu-Perçant,38/191,Rare,SSP
Tauros de Paldea,39/191,Uncommon,SSP
Démanta,40/191,Common,SSP
Barpau,41/191,Common,SSP
Milobellus-ex,42/191,Double Rare,SSP
Obalie,43/191,Common,SSP
Phogleur,44/191,Common,SSP
Kaimorse,45/191,Uncommon,SSP
Sancoki,46/191,Common,SSP
Hexagel,47/191,Common,SSP
Kyurem Noir-ex,48/191,Double Rare,SSP
Denticrisse,49/191,Uncommon,SSP
Coiffeton,50/191,Common,SSP
Canarbello,51/191,Common,SSP
Palmaval,52/191,Uncommon,SSP
Piétacé,53/191,Common,SSP
Balbalèze,54/191,Common,SSP
Hotte-de-Fer,55/191,Uncommon,SSP
Baojian,56/191,Rare,SSP
Pikachu-ex,57/191,Double Rare,SSP
Magnéti,58/191,Common,SSP
Magnéton,59/191,Uncommon,SSP
Magnézone,60/191,Uncommon,SSP
Motisma,61/191,Common,SSP
Zébibron,62/191,Common,SSP
Zéblitz,63/191,Common,SSP
Limonde,64/191,Common,SSP
Tokorico,65/191,Rare,SSP
Zapétrel,66/191,Common,SSP
Fulgulairo,67/191,Uncommon,SSP
Fulgulairo-ex,68/191,Double Rare,SSP
Miraidon,69/191,Uncommon,SSP
Togepi,70/191,Common,SSP
Togetic,71/191,Common,SSP
Togekiss,72/191,Rare,SSP
Marill,73/191,Common,SSP
Azumarill,74/191,Uncommon,SSP
Lippouti,75/191,Common,SSP
Latias-ex,76/191,Double Rare,SSP
Latios,77/191,Uncommon,SSP
Créhelf,78/191,Common,SSP
Créfollet,79/191,Common,SSP
Créfadet,80/191,Common,SSP
Cryptéro,81/191,Common,SSP
Tutafeh,82/191,Common,SSP
Tutankafer,83/191,Rare,SSP
Psystigri,84/191,Common,SSP
Mistigrix,85/191,Uncommon,SSP
Nymphali-ex,86/191,Double Rare,SSP
Dedenne,87/191,Common,SSP
Xerneas,88/191,Uncommon,SSP
Plumeline,89/191,Common,SSP
Bacabouh,90/191,Common,SSP
Trépassable-ex,91/191,Double Rare,SSP
Tokopiyon,92/191,Rare,SSP
Wimessir,93/191,Uncommon,SSP
Flotillon,94/191,Common,SSP
Cléopsytra,95/191,Uncommon,SSP
Flotte-Mèche,96/191,Uncommon,SSP
Mordudor,97/191,Common,SSP
Férosinge,98/191,Common,SSP
Colossinge,99/191,Common,SSP
Courrousinge,100/191,Uncommon,SSP
Tauros de Paldea,101/191,Uncommon,SSP
Phanpy,102/191,Common,SSP
Donphan,103/191,Common,SSP
Kraknoix,104/191,Common,SSP
Vibraninf,105/191,Common,SSP
Libégon-ex,106/191,Double Rare,SSP
Tritosor,107/191,Rare,SSP
Rototaupe,108/191,Common,SSP
Minotaupe,109/191,Common,SSP
Démétéros,110/191,Rare,SSP
Quartermac,111/191,Uncommon,SSP
Poulpaf,112/191,Common,SSP
Krakos,113/191,Common,SSP
Germéclat,114/191,Common,SSP
Floréclat,115/191,Common,SSP
Koraidon,116/191,Uncommon,SSP
Solochi,117/191,Common,SSP
Diamat,118/191,Common,SSP
Trioxhydre-ex,119/191,Double Rare,SSP
Gribouraigne,120/191,Common,SSP
Tag-Tag,121/191,Uncommon,SSP
Taupiqueur d'Alola,122/191,Common,SSP
Triopikeur d'Alola,123/191,Uncommon,SSP
Airmure,124/191,Common,SSP
Registeel,125/191,Uncommon,SSP
Archéomire,126/191,Common,SSP
Archéodong,127/191,Common,SSP
Trousselin,128/191,Common,SSP
Duralugon,129/191,Common,SSP
Pondralugon-ex,130/191,Double Rare,SSP
Gromago,131/191,Uncommon,SSP
Chef-de-Fer,132/191,Rare,SSP
Noadkoko d'Alola-ex,133/191,Double Rare,SSP
Altaria,134/191,Uncommon,SSP
Dialga,135/191,Rare,SSP
Palkia,136/191,Rare,SSP
Boumata,137/191,Uncommon,SSP
Verpom,138/191,Common,SSP
Pomdrapi,139/191,Uncommon,SSP
Dratatin,140/191,Uncommon,SSP
Éthernatos,141/191,Rare,SSP
Nigirigon-ex,142/191,Double Rare,SSP
Évoli,143/191,Common,SSP
Ronflex,144/191,Common,SSP
Parecool,145/191,Common,SSP
Vigoroth,146/191,Common,SSP
Monaflèmit-ex,147/191,Double Rare,SSP
Tylton,148/191,Common,SSP
Mangriff,149/191,Common,SSP
Kecleon,150/191,Common,SSP
Frison,151/191,Common,SSP
Furaiglon,152/191,Common,SSP
Gueriaigle,153/191,Uncommon,SSP
Galvaran,154/191,Common,SSP
Iguolta,155/191,Common,SSP
Gouroutan,156/191,Common,SSP
Compagnol,157/191,Common,SSP
Famignol,158/191,Uncommon,SSP
Motorizard-ex,159/191,Double Rare,SSP
Flamenroule-ex,160/191,Double Rare,SSP
Terapagos,161/191,Rare,SSP
Amulette de l'Espoir,162/191,ACE SPEC Rare,SSP
Baie Babiri,163/191,Uncommon,SSP
Mixeur Brillant,164/191,ACE SPEC Rare,SSP
Sonnette d'Appel,165/191,Uncommon,SSP
Jouet Plumeau,166/191,Uncommon,SSP
Esprit Vif de Lem,167/191,Uncommon,SSP
Baie Lampou,168/191,Uncommon,SSP
Rattrape-Riposte,169/191,Uncommon,SSP
Cyano,170/191,Uncommon,SSP
Kit de Déduction,171/191,Uncommon,SSP
Élixir de Dragon,172/191,Uncommon,SSP
Dracéna,173/191,Common,SSP
Irido,174/191,Uncommon,SSP
Sombre Ball,175/191,Uncommon,SSP
Recherche d'Énergie Pro,176/191,ACE SPEC Rare,SSP
Montagne Gravité,177/191,Uncommon,SSP
Regard de Jasmine,178/191,Uncommon,SSP
Charme d'Atalante,179/191,Uncommon,SSP
Stade en Liesse,180/191,Uncommon,SSP
Note d'Ingérence,181/191,Uncommon,SSP
Souffleur Titanesque,182/191,ACE SPEC Rare,SSP
Casque Miracle,183/191,ACE SPEC Rare,SSP
Baie Pocpoc,184/191,Uncommon,SSP
Chariot Précieux,185/191,ACE SPEC Rare,SSP
Échange Combiné,186/191,ACE SPEC Rare,SSP
Surfeur,187/191,Uncommon,SSP
Capsule Technique : Fluorine,188/191,Uncommon,SSP
Orbe Téracristal,189/191,Uncommon,SSP
Thaïm,190/191,Uncommon,SSP
Énergie Enrichissante,191/191,ACE SPEC Rare,SSP
Noeunoeuf,192/191,Illustration Rare,SSP
Prismillon,193/191,Illustration Rare,SSP
Lampignon,194/191,Illustration Rare,SSP
Morphéo Forme Solaire,195/191,Illustration Rare,SSP
Pyronille,196/191,Illustration Rare,SSP
Malvalame,197/191,Illustration Rare,SSP
Barpau,198/191,Illustration Rare,SSP
Obalie,199/191,Illustration Rare,SSP
Denticrisse,200/191,Illustration Rare,SSP
Balbalèze,201/191,Illustration Rare,SSP
Limonde,202/191,Illustration Rare,SSP
Latios,203/191,Illustration Rare,SSP
Créfollet,204/191,Illustration Rare,SSP
Phanpy,205/191,Illustration Rare,SSP
Vibraninf,206/191,Illustration Rare,SSP
Poulpaf,207/191,Illustration Rare,SSP
Triopikeur d'Alola,208/191,Illustration Rare,SSP
Airmure,209/191,Illustration Rare,SSP
Pomdrapi,210/191,Illustration Rare,SSP
Dratatin,211/191,Illustration Rare,SSP
Parecool,212/191,Illustration Rare,SSP
Kecleon,213/191,Illustration Rare,SSP
Gueriaigle,214/191,Illustration Rare,SSP
Fermite-ex,215/191,Ultra Rare,SSP
Scovilain-ex,216/191,Ultra Rare,SSP
Milobellus-ex,217/191,Ultra Rare,SSP
Kyurem Noir-ex,218/191,Ultra Rare,SSP
Pikachu-ex,219/191,Ultra Rare,SSP
Latias-ex,220/191,Ultra Rare,SSP
Trépassable-ex,221/191,Ultra Rare,SSP
Libégon-ex,222/191,Ultra Rare,SSP
Trioxhydre-ex,223/191,Ultra Rare,SSP
Pondralugon-ex,224/191,Ultra Rare,SSP
Noadkoko d'Alola-ex,225/191,Ultra Rare,SSP
Nigirigon-ex,226/191,Ultra Rare,SSP
Monaflèmit-ex,227/191,Ultra Rare,SSP
Motorizard-ex,228/191,Ultra Rare,SSP
Esprit Vif de Lem,229/191,Ultra Rare,SSP
Cyano,230/191,Ultra Rare,SSP
Dracéna,231/191,Ultra Rare,SSP
Irido,232/191,Ultra Rare,SSP
Regard de Jasmine,233/191,Ultra Rare,SSP
Charme d'Atalante,234/191,Ultra Rare,SSP
Surfeur,235/191,Ultra Rare,SSP
Fermite-ex,236/191,Special Illustration Rare,SSP
Milobellus-ex,237/191,Special Illustration Rare,SSP
Pikachu-ex,238/191,Special Illustration Rare,SSP
Latias-ex,239/191,Special Illustration Rare,SSP
Trioxhydre-ex,240/191,Special Illustration Rare,SSP
Pondralugon-ex,241/191,Special Illustration Rare,SSP
Noadkoko d'Alola-ex,242/191,Special Illustration Rare,SSP
Esprit Vif de Lem,243/191,Special Illustration Rare,SSP
Irido,244/191,Special Illustration Rare,SSP
Regard de Jasmine,245/191,Special Illustration Rare,SSP
Charme d'Atalante,246/191,Special Illustration Rare,SSP
Pikachu-ex,247/191,Hyper Rare,SSP
Noadkoko d'Alola-ex,248/191,Hyper Rare,SSP
Rattrape-Riposte,249/191,Hyper Rare,SSP
Montagne Gravité,250/191,Hyper Rare,SSP
Civière Nocturne,251/191,Hyper Rare,SSP
Énergie Propulsion,252/191,Hyper Rare,SSP
Insécateur,1/162,Common,TEF
Pomdepik,2/162,Common,TEF
Grainipiot,3/162,Common,TEF
Pifeuil,4/162,Common,TEF
Tengalice,5/162,Uncommon,TEF
Balignon,6/162,Common,TEF
Chapignon,7/162,Common,TEF
Rosélia,8/162,Common,TEF
Roserade,9/162,Uncommon,TEF
Tortipouss,10/162,Common,TEF
Boskara,11/162,Common,TEF
Torterra-ex,12/162,Double Rare,TEF
Shaymin,13/162,Uncommon,TEF
Doudouvet,14/162,Common,TEF
Farfaduvet,15/162,Rare,TEF
Vivaldaim,16/162,Common,TEF
Haydaim,17/162,Uncommon,TEF
Larvibule,18/162,Common,TEF
Sinistrail,19/162,Uncommon,TEF
Virovent,20/162,Common,TEF
Virevorreur,21/162,Rare,TEF
Scovilain-ex,22/162,Double Rare,TEF
Léboulérou,23/162,Common,TEF
Bérasca,24/162,Uncommon,TEF
Vert-de-Fer-ex,25/162,Double Rare,TEF
Ponyta,26/162,Common,TEF
Galopa,27/162,Uncommon,TEF
Limagma,28/162,Common,TEF
Volcaropod,29/162,Rare,TEF
Victini,30/162,Common,TEF
Aflamanoir,31/162,Common,TEF
Flamiaou,32/162,Common,TEF
Matoufeu,33/162,Common,TEF
Félinferno-ex,34/162,Double Rare,TEF
Boumata,35/162,Common,TEF
Grillepattes,36/162,Common,TEF
Scolocendre,37/162,Uncommon,TEF
Feu-Perçant-ex,38/162,Double Rare,TEF
Kaiminus,39/162,Common,TEF
Crocrodil,40/162,Common,TEF
Aligatueur,41/162,Rare,TEF
Carvanha,42/162,Common,TEF
Sharpedo,43/162,Uncommon,TEF
Keldeo,44/162,Uncommon,TEF
Frissonille,45/162,Common,TEF
Beldeneige,46/162,Common,TEF
Taupikeau,47/162,Common,TEF
Dofin,48/162,Common,TEF
Superdofin,49/162,Uncommon,TEF
Serpente-Eau-ex,50/162,Double Rare,TEF
Pikachu,51/162,Common,TEF
Raichu,52/162,Common,TEF
Élektek,53/162,Common,TEF
Élekable,54/162,Uncommon,TEF
Chrysapile,55/162,Common,TEF
Lucanon,56/162,Uncommon,TEF
Zeraora,57/162,Uncommon,TEF
Voltoutou,58/162,Common,TEF
Fulgudog,59/162,Uncommon,TEF
Triopikeau-ex,60/162,Double Rare,TEF
Paume-de-Fer,61/162,Uncommon,TEF
Épine-de-Fer,62/162,Rare,TEF
M. Mime,63/162,Common,TEF
Marill,64/162,Common,TEF
Azumarill,65/162,Common,TEF
Girafarig,66/162,Common,TEF
Latias,67/162,Uncommon,TEF
Archéomire,68/162,Common,TEF
Archéodong,69/162,Uncommon,TEF
Nucléos,70/162,Common,TEF
Méios,71/162,Common,TEF
Symbios,72/162,Uncommon,TEF
Lewsor,73/162,Common,TEF
Neitram,74/162,Uncommon,TEF
Bombydou,75/162,Common,TEF
Rubombelle,76/162,Uncommon,TEF
Hurle-Queue,77/162,Uncommon,TEF
Flotte-Mèche,78/162,Rare,TEF
Garde-de-Fer,79/162,Uncommon,TEF
Garde-de-Fer,80/162,Rare,TEF
Chef-de-Fer-ex,81/162,Double Rare,TEF
Méditikka,82/162,Common,TEF
Charmina,83/162,Common,TEF
Relicanth,84/162,Rare,TEF
Rototaupe,85/162,Common,TEF
Minotaupe,86/162,Uncommon,TEF
Gringolem,87/162,Common,TEF
Golemastoc,88/162,Uncommon,TEF
Rocabot,89/162,Common,TEF
Lougaroc,90/162,Uncommon,TEF
Tiboudet,91/162,Common,TEF
Bourrinos,92/162,Uncommon,TEF
Charbi,93/162,Common,TEF
Wagomine,94/162,Common,TEF
Monthracite,95/162,Uncommon,TEF
Fort-Ivoire,96/162,Uncommon,TEF
Fort-Ivoire,97/162,Uncommon,TEF
Pelage-Sablé,98/162,Uncommon,TEF
Roc-de-Fer-ex,99/162,Double Rare,TEF
Abo,100/162,Common,TEF
Arbok,101/162,Common,TEF
Fantominus,102/162,Common,TEF
Spectrum,103/162,Common,TEF
Ectoplasma-ex,104/162,Double Rare,TEF
Medhyèna,105/162,Common,TEF
Grahyèna,106/162,Common,TEF
Ténéfix,107/162,Uncommon,TEF
Farigiraf-ex,108/162,Double Rare,TEF
Rugit-Lune,109/162,Rare,TEF
Foretress,110/162,Uncommon,TEF
Cizayox-ex,111/162,Double Rare,TEF
Mysdibule,112/162,Common,TEF
Terhal,113/162,Common,TEF
Métang,114/162,Common,TEF
Métalosse,115/162,Uncommon,TEF
Meltan,116/162,Common,TEF
Melmetal,117/162,Rare,TEF
Roue-de-Fer,118/162,Uncommon,TEF
Koraidon,119/162,Rare,TEF
Koraidon-ex,120/162,Double Rare,TEF
Miraidon,121/162,Rare,TEF
Miraidon-ex,122/162,Double Rare,TEF
Ire-Foudre-ex,123/162,Double Rare,TEF
Excelangue,124/162,Common,TEF
Coudlangue,125/162,Common,TEF
Hoothoot,126/162,Common,TEF
Noarfang,127/162,Common,TEF
Insolourdo,128/162,Common,TEF
Deusolourdo,129/162,Rare,TEF
Skitty,130/162,Common,TEF
Delcatty,131/162,Uncommon,TEF
Pijako,132/162,Common,TEF
Poichigeon,133/162,Common,TEF
Colombeau,134/162,Common,TEF
Déflaisan,135/162,Uncommon,TEF
Chinchidou,136/162,Common,TEF
Pashmilla,137/162,Uncommon,TEF
Draïeul,138/162,Rare,TEF
Têtes-de-Fer,139/162,Uncommon,TEF
Capsule Énergie Booster Temps Passé,140/162,Uncommon,TEF
Tambour Éveil,141/162,ACE SPEC Rare,TEF
Dévouement de Bianca,142/162,Uncommon,TEF
Commande Emballée,143/162,Uncommon,TEF
Poffin Copain-Copain,144/162,Uncommon,TEF
Décodage de Décryptomane,145/162,Uncommon,TEF
Nèflie,146/162,Uncommon,TEF
Guide d'Exploration,147/162,Uncommon,TEF
Labo Métal Pur,148/162,Uncommon,TEF
Capsule Énergie Booster Temps Futur,149/162,Uncommon,TEF
Tondeuse de Main,150/162,Uncommon,TEF
Bâton de Masse,151/162,Uncommon,TEF
Cape Héroïque,152/162,ACE SPEC Rare,TEF
Master Ball,153/162,ACE SPEC Rare,TEF
Ceinture Maximale,154/162,ACE SPEC Rare,TEF
Conviction de Mortimer,155/162,Uncommon,TEF
Jungle Périlleuse,156/162,Uncommon,TEF
Attrape-Ultime,157/162,ACE SPEC Rare,TEF
Capsule de Redémarrage,158/162,ACE SPEC Rare,TEF
Planche de Sauvetage,159/162,Uncommon,TEF
Salvio,160/162,Uncommon,TEF
Énergie Brume,161/162,Uncommon,TEF
Néo-Énergie Sup,162/162,ACE SPEC Rare,TEF
Tengalice,163/162,Illustration Rare,TEF
Boskara,164/162,Illustration Rare,TEF
Vivaldaim,165/162,Illustration Rare,TEF
Haydaim,166/162,Illustration Rare,TEF
Flamiaou,167/162,Illustration Rare,TEF
Frissonille,168/162,Illustration Rare,TEF
Chrysapile,169/162,Illustration Rare,TEF
Archéomire,170/162,Illustration Rare,TEF
Symbios,171/162,Illustration Rare,TEF
Bombydou,172/162,Illustration Rare,TEF
Relicanth,173/162,Illustration Rare,TEF
Minotaupe,174/162,Illustration Rare,TEF
Bourrinos,175/162,Illustration Rare,TEF
Arbok,176/162,Illustration Rare,TEF
Fantominus,177/162,Illustration Rare,TEF
Métalosse,178/162,Illustration Rare,TEF
Meltan,179/162,Illustration Rare,TEF
Excelangue,180/162,Illustration Rare,TEF
Pijako,181/162,Illustration Rare,TEF
Chinchidou,182/162,Illustration Rare,TEF
Pashmilla,183/162,Illustration Rare,TEF
Draïeul,184/162,Illustration Rare,TEF
Torterra-ex,185/162,Ultra Rare,TEF
Vert-de-Fer-ex,186/162,Ultra Rare,TEF
Félinferno-ex,187/162,Ultra Rare,TEF
Feu-Perçant-ex,188/162,Ultra Rare,TEF
Serpente-Eau-ex,189/162,Ultra Rare,TEF
Triopikeau-ex,190/162,Ultra Rare,TEF
Chef-de-Fer-ex,191/162,Ultra Rare,TEF
Roc-de-Fer-ex,192/162,Ultra Rare,TEF
Ectoplasma-ex,193/162,Ultra Rare,TEF
Farigiraf-ex,194/162,Ultra Rare,TEF
Cizayox-ex,195/162,Ultra Rare,TEF
Ire-Foudre-ex,196/162,Ultra Rare,TEF
Dévouement de Bianca,197/162,Ultra Rare,TEF
Décodage de Décryptomane,198/162,Ultra Rare,TEF
Nèflie,199/162,Ultra Rare,TEF
Guide d'Exploration,200/162,Ultra Rare,TEF
Conviction de Mortimer,201/162,Ultra Rare,TEF
Salvio,202/162,Ultra Rare,TEF
Vert-de-Fer-ex,203/162,Special Illustration Rare,TEF
Feu-Perçant-ex,204/162,Special Illustration Rare,TEF
Serpente-Eau-ex,205/162,Special Illustration Rare,TEF
Chef-de-Fer-ex,206/162,Special Illustration Rare,TEF
Roc-de-Fer-ex,207/162,Special Illustration Rare,TEF
Ire-Foudre-ex,208/162,Special Illustration Rare,TEF
Dévouement de Bianca,209/162,Special Illustration Rare,TEF
Nèflie,210/162,Special Illustration Rare,TEF
Conviction de Mortimer,211/162,Special Illustration Rare,TEF
Salvio,212/162,Special Illustration Rare,TEF
Vert-de-Fer-ex,213/162,Hyper Rare,TEF
Feu-Perçant-ex,214/162,Hyper Rare,TEF
Serpente-Eau-ex,215/162,Hyper Rare,TEF
Chef-de-Fer-ex,216/162,Hyper Rare,TEF
Roc-de-Fer-ex,217/162,Hyper Rare,TEF
Ire-Foudre-ex,218/162,Hyper Rare,TEF
Saquedeneu,1/167,Common,TWM
Bouldeneu,2/167,Common,TWM
Scarabrute,3/167,Common,TWM
Mimigal,4/167,Common,TWM
Migalos,5/167,Uncommon,TWM
Tournegrin,6/167,Common,TWM
Héliatronc,7/167,Uncommon,TWM
Scarhino,8/167,Uncommon,TWM
Muciole,9/167,Common,TWM
Lumivole,10/167,Common,TWM
Phyllali,11/167,Uncommon,TWM
Brocélôme,12/167,Common,TWM
Desséliande,13/167,Common,TWM
Ouistempo,14/167,Common,TWM
Badabouin,15/167,Common,TWM
Gorythmic,16/167,Uncommon,TWM
Verpom,17/167,Common,TWM
Pomdramour,18/167,Uncommon,TWM
Vert-de-Fer,19/167,Rare,TWM
Poltchageist,20/167,Common,TWM
Poltchageist,21/167,Common,TWM
Théffroyable,22/167,Rare,TWM
Théffroyable-ex,23/167,Double Rare,TWM
Ogerpon Masque Turquoise,24/167,Rare,TWM
Ogerpon Masque Turquoise-ex,25/167,Double Rare,TWM
Goupix,26/167,Common,TWM
Feunard,27/167,Common,TWM
Limagma,28/167,Common,TWM
Volcaropod-ex,29/167,Double Rare,TWM
Chartor,30/167,Common,TWM
Ouisticram,31/167,Common,TWM
Chimpenfeu,32/167,Common,TWM
Simiabraz,33/167,Rare,TWM
Darumarond,34/167,Common,TWM
Darumacho,35/167,Uncommon,TWM
Funécire,36/167,Common,TWM
Mélancolux,37/167,Common,TWM
Lugulabre,38/167,Rare,TWM
Yuyu,39/167,Uncommon,TWM
Ogerpon Masque du Fourneau-ex,40/167,Double Rare,TWM
Ptitard,41/167,Common,TWM
Têtarte,42/167,Common,TWM
Tartard,43/167,Uncommon,TWM
Poissirène,44/167,Common,TWM
Poissoroy,45/167,Common,TWM
Lippoutou,46/167,Common,TWM
Écrapince,47/167,Common,TWM
Colhomard,48/167,Common,TWM
Barpau,49/167,Common,TWM
Milobellus,50/167,Uncommon,TWM
Stalgamin,51/167,Common,TWM
Oniglali,52/167,Uncommon,TWM
Momartik,53/167,Rare,TWM
Givrali,54/167,Uncommon,TWM
Phione,55/167,Common,TWM
Grenousse,56/167,Common,TWM
Croâporal,57/167,Common,TWM
Nigosier,58/167,Uncommon,TWM
Dofin,59/167,Common,TWM
Superdofin,60/167,Uncommon,TWM
Superdofin-ex,61/167,Double Rare,TWM
Hotte-de-Fer,62/167,Uncommon,TWM
Serpente-Eau,63/167,Rare,TWM
Ogerpon Masque du Puits-ex,64/167,Double Rare,TWM
Électhor,65/167,Rare,TWM
Lixy,66/167,Common,TWM
Luxio,67/167,Common,TWM
Luxray-ex,68/167,Double Rare,TWM
Emolga,69/167,Common,TWM
Galvaran,70/167,Common,TWM
Iguolta,71/167,Common,TWM
Morpeko,72/167,Uncommon,TWM
Têtampoule,73/167,Common,TWM
Ampibidou,74/167,Uncommon,TWM
Zapétrel,75/167,Common,TWM
Fulgulairo,76/167,Uncommon,TWM
Épine-de-Fer-ex,77/167,Double Rare,TWM
Mélofée,78/167,Common,TWM
Mélodelfe,79/167,Uncommon,TWM
Abra,80/167,Common,TWM
Kadabra,81/167,Common,TWM
Alakazam,82/167,Rare,TWM
Girafarig,83/167,Common,TWM
Farigiraf,84/167,Uncommon,TWM
Éoko,85/167,Common,TWM
Flabébé,86/167,Common,TWM
Floette,87/167,Common,TWM
Florges,88/167,Uncommon,TWM
Sucroquin,89/167,Common,TWM
Cupcanaille,90/167,Uncommon,TWM
Bacabouh,91/167,Common,TWM
Trépassable,92/167,Common,TWM
Amovénus,93/167,Rare,TWM
Hurle-Queue-ex,94/167,Double Rare,TWM
Fortusimia,95/167,Rare,TWM
Favianos,96/167,Rare,TWM
Sabelette,97/167,Common,TWM
Sablaireau,98/167,Uncommon,TWM
Caninos de Hisui,99/167,Common,TWM
Arcanin de Hisui,100/167,Rare,TWM
Tarinor,101/167,Common,TWM
Tarinorme,102/167,Uncommon,TWM
Charpenti,103/167,Common,TWM
Ouvrifier,104/167,Common,TWM
Bétochef,105/167,Uncommon,TWM
Amphinobi-ex,106/167,Double Rare,TWM
Brutalibré,107/167,Common,TWM
Germéclat,108/167,Common,TWM
Floréclat,109/167,Uncommon,TWM
Dinglu,110/167,Rare,TWM
Félicanis,111/167,Rare,TWM
Ogerpon Masque de la Pierre-ex,112/167,Double Rare,TWM
Medhyèna,113/167,Common,TWM
Grahyèna,114/167,Uncommon,TWM
Venipatte,115/167,Common,TWM
Scobolide,116/167,Common,TWM
Brutapode,117/167,Uncommon,TWM
Fongus-Furie,118/167,Uncommon,TWM
Airmure,119/167,Common,TWM
Galekid,120/167,Common,TWM
Galegon,121/167,Common,TWM
Galeking,122/167,Uncommon,TWM
Heatran,123/167,Rare,TWM
Vrombi,124/167,Common,TWM
Vrombotor,125/167,Uncommon,TWM
Verpom,126/167,Common,TWM
Pomdramour,127/167,Uncommon,TWM
Fantyrm,128/167,Common,TWM
Dispareptil,129/167,Common,TWM
Lanssorien-ex,130/167,Double Rare,TWM
Nigirigon,131/167,Uncommon,TWM
Canarticho,132/167,Common,TWM
Leveinard,133/167,Common,TWM
Leuphorie-ex,134/167,Double Rare,TWM
Évoli,135/167,Common,TWM
Ronflex,136/167,Uncommon,TWM
Capumain,137/167,Common,TWM
Capidextre,138/167,Uncommon,TWM
Couaneton,139/167,Common,TWM
Lakmécygne,140/167,Uncommon,TWM
Ursaking Lune Vermeille-ex,141/167,Double Rare,TWM
Flûte d'Accompagnement,142/167,Uncommon,TWM
Kit Attrape-Insecte,143/167,Uncommon,TWM
Intendant,144/167,Common,TWM
Roseille,145/167,Uncommon,TWM
Centre Culturel,146/167,Uncommon,TWM
Cuisinier,147/167,Uncommon,TWM
Maillet Amélioré,148/167,Uncommon,TWM
Lieu de la Fête,149/167,Uncommon,TWM
Ventilateur de Poche,150/167,Uncommon,TWM
Hassa,151/167,Uncommon,TWM
Hyper Arôme,152/167,ACE SPEC Rare,TWM
Tour de Brouillage,153/167,Uncommon,TWM
Kassis,154/167,Uncommon,TWM
Soutien de Néphie,155/167,Uncommon,TWM
Love Ball,156/167,Uncommon,TWM
Lucio,157/167,Uncommon,TWM
Casque Chance,158/167,Uncommon,TWM
Masque de Monstre,159/167,Uncommon,TWM
Lithia,160/167,Uncommon,TWM
Mora,161/167,Uncommon,TWM
Rappel Cyclone,162/167,ACE SPEC Rare,TWM
Boîte à Secrets,163/167,ACE SPEC Rare,TWM
Orthèse de Survie,164/167,ACE SPEC Rare,TWM
Tampon Injuste,165/167,ACE SPEC Rare,TWM
Énergie Boomerang,166/167,Uncommon,TWM
Énergie Héritage,167/167,ACE SPEC Rare,TWM
Scarabrute,168/167,Illustration Rare,TWM
Héliatronc,169/167,Illustration Rare,TWM
Pomdramour,170/167,Illustration Rare,TWM
Poltchageist,171/167,Illustration Rare,TWM
Chartor,172/167,Illustration Rare,TWM
Simiabraz,173/167,Illustration Rare,TWM
Momartik,174/167,Illustration Rare,TWM
Phione,175/167,Illustration Rare,TWM
Nigosier,176/167,Illustration Rare,TWM
Iguolta,177/167,Illustration Rare,TWM
Zapétrel,178/167,Illustration Rare,TWM
Éoko,179/167,Illustration Rare,TWM
Amovénus,180/167,Illustration Rare,TWM
Caninos de Hisui,181/167,Illustration Rare,TWM
Tarinorme,182/167,Illustration Rare,TWM
Charpenti,183/167,Illustration Rare,TWM
Galegon,184/167,Illustration Rare,TWM
Verpom,185/167,Illustration Rare,TWM
Nigirigon,186/167,Illustration Rare,TWM
Leveinard,187/167,Illustration Rare,TWM
Évoli,188/167,Illustration Rare,TWM
Théffroyable-ex,189/167,Ultra Rare,TWM
Ogerpon Masque Turquoise-ex,190/167,Ultra Rare,TWM
Volcaropod-ex,191/167,Ultra Rare,TWM
Ogerpon Masque du Fourneau-ex,192/167,Ultra Rare,TWM
Superdofin-ex,193/167,Ultra Rare,TWM
Ogerpon Masque du Puits-ex,194/167,Ultra Rare,TWM
Luxray-ex,195/167,Ultra Rare,TWM
Épine-de-Fer-ex,196/167,Ultra Rare,TWM
Hurle-Queue-ex,197/167,Ultra Rare,TWM
Amphinobi-ex,198/167,Ultra Rare,TWM
Ogerpon Masque de la Pierre-ex,199/167,Ultra Rare,TWM
Lanssorien-ex,200/167,Ultra Rare,TWM
Leuphorie-ex,201/167,Ultra Rare,TWM
Ursaking Lune Vermeille-ex,202/167,Ultra Rare,TWM
Intendant,203/167,Ultra Rare,TWM
Roseille,204/167,Ultra Rare,TWM
Hassa,205/167,Ultra Rare,TWM
Kassis,206/167,Ultra Rare,TWM
Soutien de Néphie,207/167,Ultra Rare,TWM
Lucio,208/167,Ultra Rare,TWM
Lithia,209/167,Ultra Rare,TWM
Théffroyable-ex,210/167,Special Illustration Rare,TWM
Ogerpon Masque Turquoise-ex,211/167,Special Illustration Rare,TWM
Ogerpon Masque du Fourneau-ex,212/167,Special Illustration Rare,TWM
Ogerpon Masque du Puits-ex,213/167,Special Illustration Rare,TWM
Amphinobi-ex,214/167,Special Illustration Rare,TWM
Ogerpon Masque de la Pierre-ex,215/167,Special Illustration Rare,TWM
Ursaking Lune Vermeille-ex,216/167,Special Illustration Rare,TWM
Roseille,217/167,Special Illustration Rare,TWM
Kassis,218/167,Special Illustration Rare,TWM
Soutien de Néphie,219/167,Special Illustration Rare,TWM
Lithia,220/167,Special Illustration Rare,TWM
Ogerpon Masque Turquoise-ex,221/167,Hyper Rare,TWM
Ursaking Lune Vermeille-ex,222/167,Hyper Rare,TWM
Poffin Copain-Copain,223/167,Hyper Rare,TWM
Maillet Amélioré,224/167,Hyper Rare,TWM
Planche de Sauvetage,225/167,Hyper Rare,TWM
Énergie Lumineuse,226/167,Hyper Rare,TWM
Larveyette,1/86,Common,WHT
Couverdure,2/86,Common,WHT
Manternel,3/86,Uncommon,WHT
Doudouvet,4/86,Common,WHT
Farfaduvet-ex,5/86,Double Rare,WHT
Vivaldaim,6/86,Common,WHT
Haydaim,7/86,Uncommon,WHT
Escargaume,8/86,Common,WHT
Limaspeed,9/86,Uncommon,WHT
Viridium,10/86,Rare,WHT
Gruikui,11/86,Common,WHT
Grotichon,12/86,Common,WHT
Roitiflam,13/86,Rare,WHT
Flamajou,14/86,Common,WHT
Flamoutan,15/86,Uncommon,WHT
Funécire,16/86,Common,WHT
Mélancolux,17/86,Common,WHT
Lugulabre,18/86,Rare,WHT
Aflamanoir,19/86,Uncommon,WHT
Reshiram-ex,20/86,Double Rare,WHT
Moustillon,21/86,Common,WHT
Mateloutre,22/86,Common,WHT
Clamiral,23/86,Rare,WHT
Bargantua,24/86,Common,WHT
Couaneton,25/86,Common,WHT
Lakmécygne,26/86,Uncommon,WHT
Sorbébé,27/86,Common,WHT
Sorboul,28/86,Common,WHT
Sorbouboul,29/86,Uncommon,WHT
Keldeo-ex,30/86,Double Rare,WHT
Zébibron,31/86,Common,WHT
Zéblitz,32/86,Uncommon,WHT
Statitik,33/86,Common,WHT
Mygavolt,34/86,Uncommon,WHT
Limonde,35/86,Uncommon,WHT
Chovsourir,36/86,Common,WHT
Rhinolove,37/86,Uncommon,WHT
Cryptéro,38/86,Uncommon,WHT
Tutafeh,39/86,Common,WHT
Tutankafer,40/86,Rare,WHT
Scrutella,41/86,Common,WHT
Mesmérella,42/86,Common,WHT
Sidérella,43/86,Rare,WHT
Viskuse,44/86,Common,WHT
Moyade-ex,45/86,Double Rare,WHT
Nodulithe,46/86,Common,WHT
Géolithe,47/86,Common,WHT
Gigalithe,48/86,Uncommon,WHT
Karaclée,49/86,Uncommon,WHT
Arkéapti,50/86,Uncommon,WHT
Aéroptéryx,51/86,Rare,WHT
Kungfouine,52/86,Common,WHT
Shaofouine,53/86,Uncommon,WHT
Terrakium,54/86,Rare,WHT
Chacripan,55/86,Common,WHT
Léopardus,56/86,Uncommon,WHT
Baggiguane,57/86,Common,WHT
Baggaïd,58/86,Uncommon,WHT
Miamiasme,59/86,Common,WHT
Miasmax,60/86,Uncommon,WHT
Zorua,61/86,Common,WHT
Zoroark,62/86,Rare,WHT
Vostourno,63/86,Common,WHT
Vaututrice,64/86,Uncommon,WHT
Solochi,65/86,Common,WHT
Diamat,66/86,Common,WHT
Trioxhydre-ex,67/86,Double Rare,WHT
Grindur,68/86,Common,WHT
Noacier,69/86,Uncommon,WHT
Fermite,70/86,Uncommon,WHT
Drakkarmin,71/86,Uncommon,WHT
Ratentif,72/86,Common,WHT
Miradar,73/86,Uncommon,WHT
Ponchiot,74/86,Common,WHT
Ponchien,75/86,Common,WHT
Mastouffe,76/86,Uncommon,WHT
Frison-ex,77/86,Double Rare,WHT
Boréas,78/86,Rare,WHT
Fossile Plume Ancien,79/86,Common,WHT
Bracelet Vaillant,80/86,Uncommon,WHT
Tcheren,81/86,Uncommon,WHT
Récupération d'Énergie,82/86,Uncommon,WHT
Clown,83/86,Uncommon,WHT
Ludvina,84/86,Uncommon,WHT
Arrache-Outil,85/86,Uncommon,WHT
Énergie Amorce,86/86,Uncommon,WHT
Larveyette,87/86,Illustration Rare,WHT
Couverdure,88/86,Illustration Rare,WHT
Manternel,89/86,Illustration Rare,WHT
Doudouvet,90/86,Illustration Rare,WHT
Vivaldaim,91/86,Illustration Rare,WHT
Haydaim,92/86,Illustration Rare,WHT
Escargaume,93/86,Illustration Rare,WHT
Limaspeed,94/86,Illustration Rare,WHT
Viridium,95/86,Illustration Rare,WHT
Gruikui,96/86,Illustration Rare,WHT
Grotichon,97/86,Illustration Rare,WHT
Roitiflam,98/86,Illustration Rare,WHT
Flamajou,99/86,Illustration Rare,WHT
Flamoutan,100/86,Illustration Rare,WHT
Funécire,101/86,Illustration Rare,WHT
Mélancolux,102/86,Illustration Rare,WHT
Lugulabre,103/86,Illustration Rare,WHT
Aflamanoir,104/86,Illustration Rare,WHT
Moustillon,105/86,Illustration Rare,WHT
Mateloutre,106/86,Illustration Rare,WHT
Clamiral,107/86,Illustration Rare,WHT
Bargantua,108/86,Illustration Rare,WHT
Couaneton,109/86,Illustration Rare,WHT
Lakmécygne,110/86,Illustration Rare,WHT
Sorbébé,111/86,Illustration Rare,WHT
Sorboul,112/86,Illustration Rare,WHT
Sorbouboul,113/86,Illustration Rare,WHT
Zébibron,114/86,Illustration Rare,WHT
Zéblitz,115/86,Illustration Rare,WHT
Statitik,116/86,Illustration Rare,WHT
Mygavolt,117/86,Illustration Rare,WHT
Limonde,118/86,Illustration Rare,WHT
Chovsourir,119/86,Illustration Rare,WHT
Rhinolove,120/86,Illustration Rare,WHT
Cryptéro,121/86,Illustration Rare,WHT
Tutafeh,122/86,Illustration Rare,WHT
Tutankafer,123/86,Illustration Rare,WHT
Scrutella,124/86,Illustration Rare,WHT
Mesmérella,125/86,Illustration Rare,WHT
Viskuse,126/86,Illustration Rare,WHT
Nodulithe,127/86,Illustration Rare,WHT
Géolithe,128/86,Illustration Rare,WHT
Gigalithe,129/86,Illustration Rare,WHT
Karaclée,130/86,Illustration Rare,WHT
Arkéapti,131/86,Uncommon,WHT
Aéroptéryx,132/86,Illustration Rare,WHT
Kungfouine,133/86,Illustration Rare,WHT
Shaofouine,134/86,Illustration Rare,WHT
Terrakium,135/86,Illustration Rare,WHT
Chacripan,136/86,Illustration Rare,WHT
Léopardus,137/86,Illustration Rare,WHT
Baggiguane,138/86,Illustration Rare,WHT
Baggaïd,139/86,Illustration Rare,WHT
Miamiasme,140/86,Illustration Rare,WHT
Miasmax,141/86,Illustration Rare,WHT
Zorua,142/86,Illustration Rare,WHT
Zoroark,143/86,Illustration Rare,WHT
Vostourno,144/86,Illustration Rare,WHT
Vaututrice,145/86,Illustration Rare,WHT
Solochi,146/86,Illustration Rare,WHT
Diamat,147/86,Illustration Rare,WHT
Grindur,148/86,Illustration Rare,WHT
Noacier,149/86,Illustration Rare,WHT
Fermite,150/86,Illustration Rare,WHT
Drakkarmin,151/86,Illustration Rare,WHT
Ratentif,152/86,Illustration Rare,WHT
Miradar,153/86,Illustration Rare,WHT
Ponchiot,154/86,Illustration Rare,WHT
Ponchien,155/86,Illustration Rare,WHT
Mastouffe,156/86,Illustration Rare,WHT
Farfaduvet-ex,157/86,Ultra Rare,WHT
Reshiram-ex,158/86,Ultra Rare,WHT
Keldeo-ex,159/86,Ultra Rare,WHT
Moyade-ex,160/86,Ultra Rare,WHT
Trioxhydre-ex,161/86,Ultra Rare,WHT
Frison-ex,162/86,Ultra Rare,WHT
Clown,163/86,Ultra Rare,WHT
Ludvina,164/86,Ultra Rare,WHT
Farfaduvet-ex,165/86,Special Illustration Rare,WHT
Reshiram-ex,166/86,Special Illustration Rare,WHT
Keldeo-ex,167/86,Special Illustration Rare,WHT
Moyade-ex,168/86,Special Illustration Rare,WHT
Trioxhydre-ex,169/86,Special Illustration Rare,WHT
Frison-ex,170/86,Special Illustration Rare,WHT
Ludvina,171/86,Special Illustration Rare,WHT
Victini,172/86,Rare,WHT
Reshiram-ex,173/86,Black White Rare,WHT
Chenipan,1/147,Common,BUS
Chrysacier,2/147,Uncommon,BUS
Papilusion,3/147,Rare,BUS
Mystherbe,4/147,Common,BUS
Ortide,5/147,Uncommon,BUS
Rafflesia,6/147,Rare Holo,BUS
Saquedeneu,7/147,Common,BUS
Bouldeneu,8/147,Rare,BUS
Coxy,9/147,Common,BUS
Coxyclaque,10/147,Rare,BUS
Scarhino,11/147,Rare,BUS
Feuillajou,12/147,Common,BUS
Feuiloutan,13/147,Uncommon,BUS
Araqua,14/147,Common,BUS
Tarenbulle,15/147,Rare,BUS
Sovkipou,16/147,Common,BUS
Sarmuraï GX,17/147,Rare Holo GX,BUS
Salamèche,18/147,Common,BUS
Salamèche,18a/147,Common,BUS
Reptincel,19/147,Uncommon,BUS
Dracaufeu GX,20/147,Rare Holo GX,BUS
Ho-Oh GX,21/147,Rare Holo GX,BUS
Flamajou,22/147,Common,BUS
Flamoutan,23/147,Uncommon,BUS
Aflamanoir,24/147,Uncommon,BUS
Malamandre GX,25/147,Rare Holo GX,BUS
Boumata,26/147,Rare,BUS
Goupix d’Alola,27/147,Common,BUS
Feunard d’Alola,28/147,Rare,BUS
Hypotrempe,29/147,Common,BUS
Hypocéan,30/147,Uncommon,BUS
Hyporoi,31/147,Rare Holo,BUS
Magicarpe,32/147,Common,BUS
Léviator,33/147,Rare Holo,BUS
Marill,34/147,Common,BUS
Azumarill,35/147,Rare,BUS
Flotajou,36/147,Common,BUS
Flotoutan,37/147,Uncommon,BUS
Denticrisse,38/147,Rare,BUS
Tokopisco GX,39/147,Rare Holo GX,BUS
Tapu Fini-GX,39a/147,Rare Holo GX,BUS
Pikachu,40/147,Common,BUS
Raichu,41/147,Rare Holo,BUS
Élektek,42/147,Uncommon,BUS
Élekable,43/147,Rare,BUS
Anchwatt,44/147,Common,BUS
Lampéroie,45/147,Uncommon,BUS
Ohmassacre,46/147,Rare,BUS
Togedemaru,47/147,Common,BUS
Roigada,48/147,Rare,BUS
Qulbutoké,49/147,Uncommon,BUS
Séviper,50/147,Uncommon,BUS
Skelénox,51/147,Common,BUS
Téraclope,52/147,Uncommon,BUS
Noctunoir,53/147,Rare Holo,BUS
Cradopaud,54/147,Common,BUS
Coatox,55/147,Rare,BUS
Venipatte,56/147,Common,BUS
Scobolide,57/147,Uncommon,BUS
Brutapode,58/147,Rare,BUS
Psystigri,59/147,Common,BUS
Mistigrix,60/147,Rare,BUS
Bacabouh,61/147,Common,BUS
Trépassable,62/147,Rare Holo,BUS
Necrozma GX,63/147,Rare Holo GX,BUS
Mackogneur GX,64/147,Rare Holo GX,BUS
Rhinocorne,65/147,Common,BUS
Rhinoféros,66/147,Uncommon,BUS
Rhinastoc,67/147,Rare Holo,BUS
Séléroc,68/147,Uncommon,BUS
Solaroc,69/147,Uncommon,BUS
Riolu,70/147,Common,BUS
Lucario,71/147,Rare Holo,BUS
Karaclée,72/147,Common,BUS
Crabagarre,73/147,Common,BUS
Crabominable,74/147,Rare,BUS
Lougaroc,75/147,Rare Holo,BUS
Lougaroc,76/147,Rare,BUS
Tiboudet,77/147,Common,BUS
Bourrinos,78/147,Rare,BUS
Quartermac,79/147,Rare,BUS
Marshadow GX,80/147,Rare Holo GX,BUS
Rattata d’Alola,81/147,Common,BUS
Rattatac d’Alola,82/147,Rare,BUS
Tadmorv d’Alola,83/147,Common,BUS
Grotadmorv d’Alola GX,84/147,Rare Holo GX,BUS
Farfuret,85/147,Common,BUS
Dimoret,86/147,Rare,BUS
Darkrai,87/147,Rare Holo,BUS
Darkrai GX,88/147,Rare Holo GX,BUS
Darkrai-GX,88a/147,Rare Holo GX,BUS
Sepiatop,89/147,Common,BUS
Sepiatroce,90/147,Rare,BUS
Tarsal,91/147,Common,BUS
Kirlia,92/147,Uncommon,BUS
Kirlia,92a/147,Uncommon,BUS
Gardevoir GX,93/147,Rare Holo GX,BUS
Diancie,94/147,Rare Holo,BUS
Bombydou,95/147,Common,BUS
Rubombelle,96/147,Uncommon,BUS
Spododo,97/147,Common,BUS
Lampignon,98/147,Rare,BUS
Bruyverne GX,99/147,Rare Holo GX,BUS
Zygarde,100/147,Rare Holo,BUS
Miaouss,101/147,Common,BUS
Persian,102/147,Rare,BUS
Porygon,103/147,Common,BUS
Porygon2,104/147,Uncommon,BUS
Porygon-Z,105/147,Rare Holo,BUS
Porygon-Z,105a/147,Rare Holo,BUS
Hoothoot,106/147,Common,BUS
Noarfang,107/147,Uncommon,BUS
Frison,108/147,Uncommon,BUS
Sonistrelle,109/147,Common,BUS
Nounourson,110/147,Common,BUS
Chelours,111/147,Rare,BUS
Margie,112/147,Uncommon,BUS
Acerola,112a/147,Uncommon,BUS
Haltères de Culturisme,113/147,Uncommon,BUS
Corde Sortie,114/147,Uncommon,BUS
Guzma,115/147,Uncommon,BUS
Guzma,115a/147,Uncommon,BUS
Kiawe,116/147,Uncommon,BUS
Kiawe,116a/147,Uncommon,BUS
Néphie,117/147,Uncommon,BUS
Mont Lanakila,118/147,Uncommon,BUS
Alyxia,119/147,Uncommon,BUS
Apocyne,120/147,Uncommon,BUS
Kokohio,121/147,Uncommon,BUS
Motisma-Dex – Mode Poké Scope,122/147,Uncommon,BUS
Chrys,123/147,Uncommon,BUS
Super Rappel,124/147,Uncommon,BUS
Spray Tourmenteur,125/147,Uncommon,BUS
Vulné-Assurance,126/147,Uncommon,BUS
Vicky,127/147,Uncommon,BUS
Relais Optimiste,128/147,Uncommon,BUS
Sarmuraï GX,129/147,Rare Ultra,BUS
Tokotoro GX,130/147,Rare Ultra,BUS
Ho-Oh GX,131/147,Rare Ultra,BUS
Malamandre GX,132/147,Rare Ultra,BUS
Tokopisco GX,133/147,Rare Ultra,BUS
Necrozma GX,134/147,Rare Ultra,BUS
Mackogneur GX,135/147,Rare Ultra,BUS
Lougaroc GX,136/147,Rare Ultra,BUS
Marshadow GX,137/147,Rare Ultra,BUS
Grotadmorv d’Alola GX,138/147,Rare Ultra,BUS
Darkrai GX,139/147,Rare Ultra,BUS
Gardevoir GX,140/147,Rare Ultra,BUS
Bruyverne GX,141/147,Rare Ultra,BUS
Margie,142/147,Rare Ultra,BUS
Guzma,143/147,Rare Ultra,BUS
Kiawe,144/147,Rare Ultra,BUS
Apocyne,145/147,Rare Ultra,BUS
Chrys,146/147,Rare Ultra,BUS
Vicky,147/147,Rare Ultra,BUS
Sarmuraï GX,148/147,Rare Rainbow,BUS
Tokotoro GX,149/147,Rare Rainbow,BUS
Dracaufeu GX,150/147,Rare Rainbow,BUS
Malamandre GX,151/147,Rare Rainbow,BUS
Tokopisco GX,152/147,Rare Rainbow,BUS
Necrozma GX,153/147,Rare Rainbow,BUS
Mackogneur GX,154/147,Rare Rainbow,BUS
Lougaroc GX,155/147,Rare Rainbow,BUS
Marshadow GX,156/147,Rare Rainbow,BUS
Grotadmorv d’Alola GX,157/147,Rare Rainbow,BUS
Darkrai GX,158/147,Rare Rainbow,BUS
Gardevoir GX,159/147,Rare Rainbow,BUS
Bruyverne GX,160/147,Rare Rainbow,BUS
Haltères de Culturisme,161/147,Rare Secret,BUS
Bandeau Choix,162/147,Rare Secret,BUS
Corde Sortie,163/147,Rare Secret,BUS
Échange Multiple,164/147,Rare Secret,BUS
Civière,165/147,Rare Secret,BUS
Super Rappel,166/147,Rare Secret,BUS
Énergie Feu,167/147,Rare Secret,BUS
Énergie Obscurité,168/147,Rare Secret,BUS
Énergie Fée,169/147,Rare Secret,BUS
Chétiflor,1/168,Common,CES
Boustiflor,2/168,Uncommon,CES
Empiflor,3/168,Rare Holo,CES
Insécateur,4/168,Uncommon,CES
Mimigal,5/168,Common,CES
Migalos,6/168,Rare Holo,CES
Arcko,7/168,Common,CES
Arcko,8/168,Common,CES
Massko,9/168,Uncommon,CES
Jungko,10/168,Rare,CES
Jungko,10a/168,Rare Holo,CES
Grainipiot,11/168,Common,CES
Grainipiot,12/168,Common,CES
Pifeuil,13/168,Uncommon,CES
Tengalice GX,14/168,Rare Holo GX,CES
Arakdo,15/168,Common,CES
Maskadra,16/168,Uncommon,CES
Muciole,17/168,Uncommon,CES
Lumivole,18/168,Uncommon,CES
Cacnea,19/168,Common,CES
Cacturne,20/168,Uncommon,CES
Tropius,21/168,Uncommon,CES
Sinistrail,22/168,Rare,CES
Limagma,23/168,Common,CES
Volcaropod,24/168,Rare,CES
Poussifeu,25/168,Common,CES
Poussifeu,26/168,Common,CES
Galifeu,27/168,Uncommon,CES
Braségali GX,28/168,Rare Holo GX,CES
Chartor,29/168,Uncommon,CES
Plumeline,30/168,Uncommon,CES
Artikodin GX,31/168,Rare Holo GX,CES
Gobou,32/168,Common,CES
Gobou,33/168,Common,CES
Flobio,34/168,Uncommon,CES
Laggron,35/168,Rare,CES
Nénupiot,36/168,Common,CES
Lombre,37/168,Uncommon,CES
Ludicolo,38/168,Rare Holo,CES
Wailmer,39/168,Common,CES
Wailord,40/168,Rare,CES
Coquiperl,41/168,Common,CES
Serpang,42/168,Uncommon,CES
Rosabyss,43/168,Uncommon,CES
Lovdisc,44/168,Common,CES
Regice,45/168,Rare,CES
Kyogre,46/168,Rare Holo,CES
Voltorbe,47/168,Common,CES
Électrode GX,48/168,Rare Holo GX,CES
Loupio,49/168,Common,CES
Lanturn,50/168,Uncommon,CES
Dynavolt,51/168,Common,CES
Élecsprint,52/168,Rare,CES
Posipi,53/168,Uncommon,CES
Négapi,54/168,Uncommon,CES
Plumeline,55/168,Uncommon,CES
M. Mime GX,56/168,Rare Holo GX,CES
Gloupti,57/168,Common,CES
Avaltout,58/168,Uncommon,CES
Spoink,59/168,Common,CES
Groret,60/168,Rare,CES
Séléroc,61/168,Rare Holo,CES
Solaroc,62/168,Uncommon,CES
Polichombr,63/168,Common,CES
Polichombr,64/168,Common,CES
Branette,65/168,Rare,CES
Branette GX,66/168,Rare Holo GX,CES
Deoxys,67/168,Rare Holo,CES
Deoxys,68/168,Rare,CES
Deoxys,69/168,Rare,CES
Lunala,70/168,Rare Holo,CES
Onix,71/168,Common,CES
Phanpy,72/168,Common,CES
Donphan,73/168,Uncommon,CES
Embrylex,74/168,Common,CES
Ymphect,75/168,Uncommon,CES
Méditikka,76/168,Common,CES
Charmina,77/168,Rare,CES
Balbuto,78/168,Common,CES
Kaorine,79/168,Rare,CES
Regirock,80/168,Rare,CES
Groudon,81/168,Rare Holo,CES
Trépassable GX,82/168,Rare Holo GX,CES
Météno,83/168,Uncommon,CES
Rattata d’Alola,84/168,Common,CES
Rattatac d’Alola GX,85/168,Rare Holo GX,CES
Farfuret,86/168,Common,CES
Tyranocif,87/168,Rare Holo,CES
Ténéfix,88/168,Uncommon,CES
Steelix,89/168,Rare Holo,CES
Cizayox GX,90/168,Rare Holo GX,CES
Mysdibule,91/168,Uncommon,CES
Terhal,92/168,Common,CES
Terhal,93/168,Common,CES
Métang,94/168,Uncommon,CES
Métalosse,95/168,Rare Holo,CES
Registeel,96/168,Rare,CES
Jirachi ◇,97/168,Rare Prism Star,CES
Heatran,98/168,Rare Holo,CES
Solgaleo,99/168,Rare Holo,CES
Bamboiselle,100/168,Rare Holo,CES
Katagami,101/168,Rare,CES
Ama-Ama GX,102/168,Rare Holo GX,CES
Draby,103/168,Common,CES
Draby,104/168,Common,CES
Drackhaus,105/168,Uncommon,CES
Drattak,106/168,Rare Holo,CES
Latias ◇,107/168,Rare Prism Star,CES
Latios ◇,108/168,Rare Prism Star,CES
Rayquaza GX,109/168,Rare Holo GX,CES
Insolourdo,110/168,Uncommon,CES
Goélise,111/168,Common,CES
Bekipan,112/168,Uncommon,CES
Parecool,113/168,Common,CES
Vigoroth,114/168,Uncommon,CES
Monaflèmit,115/168,Rare Holo,CES
Chuchmur,116/168,Common,CES
Chuchmur,117/168,Common,CES
Ramboum,118/168,Uncommon,CES
Brouhabam,119/168,Rare,CES
Skitty,120/168,Common,CES
Delcatty,121/168,Rare Holo,CES
Kecleon,122/168,Uncommon,CES
Vélo Cross,123/168,Uncommon,CES
Acro Bike,123a/168,Uncommon,CES
Artisan de Noigrumes,124/168,Uncommon,CES
Ultra Ball,125/168,Uncommon,CES
Entretien de Léo,126/168,Uncommon,CES
Copieuse,127/168,Uncommon,CES
Recyclage d’Énergie,128/168,Uncommon,CES
Échange d’Énergie,129/168,Uncommon,CES
Pêcheur,130/168,Uncommon,CES
Copain Ball,131/168,Uncommon,CES
Tili,132/168,Uncommon,CES
Montagnard,133/168,Uncommon,CES
Ceinture Agitée,134/168,Uncommon,CES
Potion de la Dernière Chance,135/168,Uncommon,CES
Herbe Sauveuse,136/168,Uncommon,CES
Atalante,137/168,Uncommon,CES
Appât Ball,138/168,Uncommon,CES
Royal Mask,139/168,Uncommon,CES
PokéNav,140/168,Uncommon,CES
Pinceau Arc-en-Ciel,141/168,Uncommon,CES
Super Bonbon,142/168,Uncommon,CES
Chapelle des Châtiments,143/168,Uncommon,CES
Pilier Céleste,144/168,Uncommon,CES
Résolution de Pierre,145/168,Rare Holo,CES
Super Rappel,146/168,Uncommon,CES
Échange,147/168,Uncommon,CES
Lévy et Tatia,148/168,Uncommon,CES
Tate & Liza,148a/168,Uncommon,CES
Journaliste Télé,149/168,Uncommon,CES
Expédition Souterraine,150/168,Uncommon,CES
Énergie Multicolore,151/168,Uncommon,CES
Tengalice GX,152/168,Rare Ultra,CES
Braségali GX,153/168,Rare Ultra,CES
Artikodin GX,154/168,Rare Ultra,CES
Électrode GX,155/168,Rare Ultra,CES
M. Mime GX,156/168,Rare Ultra,CES
Branette GX,157/168,Rare Ultra,CES
Cizayox GX,158/168,Rare Ultra,CES
Ama-Ama GX,159/168,Rare Ultra,CES
Rayquaza GX,160/168,Rare Ultra,CES
Artisan de Noigrumes,161/168,Rare Ultra,CES
Entretien de Léo,162/168,Rare Ultra,CES
Copieuse,163/168,Rare Ultra,CES
Atalante,164/168,Rare Ultra,CES
Résolution de Pierre,165/168,Rare Ultra,CES
Lévy et Tatia,166/168,Rare Ultra,CES
Journaliste Télé,167/168,Rare Ultra,CES
Expédition Souterraine,168/168,Rare Ultra,CES
Tengalice GX,169/168,Rare Rainbow,CES
Braségali GX,170/168,Rare Rainbow,CES
Artikodin GX,171/168,Rare Rainbow,CES
Électrode GX,172/168,Rare Rainbow,CES
M. Mime GX,173/168,Rare Rainbow,CES
Branette GX,174/168,Rare Rainbow,CES
Cizayox GX,175/168,Rare Rainbow,CES
Ama-Ama GX,176/168,Rare Rainbow,CES
Rayquaza GX,177/168,Rare Rainbow,CES
Rayquaza-GX,177a/168,Rare Ultra,CES
Vélo Cross,178/168,Rare Secret,CES
Ceinture Agitée,179/168,Rare Secret,CES
Herbe Sauveuse,180/168,Rare Secret,CES
PokéNav,181/168,Rare Secret,CES
Pinceau Arc-en-Ciel,182/168,Rare Secret,CES
Énergie Multicolore,183/168,Rare Secret,CES
Florizarre et Vipélierre GX,1/236,Rare Holo GX,CEC
Mystherbe,2/236,Common,CEC
Ortide,3/236,Uncommon,CEC
Rafflesia GX,4/236,Rare Holo GX,CEC
Saquedeneu,5/236,Common,CEC
Bouldeneu,6/236,Uncommon,CEC
Tournegrin,7/236,Common,CEC
Héliatronc,8/236,Rare,CEC
Scarhino,9/236,Uncommon,CEC
Lilia,10/236,Uncommon,CEC
Vacilys,11/236,Rare,CEC
Tropius,12/236,Uncommon,CEC
Crikzik,13/236,Common,CEC
Mélokrik,14/236,Uncommon,CEC
Vivaldaim,15/236,Common,CEC
Haydaim,16/236,Rare Holo,CEC
Brindibou,17/236,Common,CEC
Brindibou,18/236,Common,CEC
Efflèche,19/236,Uncommon,CEC
Archéduc,20/236,Rare Holo,CEC
Mouscoto,21/236,Rare Holo,CEC
Dracaufeu et Roussil GX,22/236,Rare Holo GX,CEC
Ponyta,23/236,Common,CEC
Galopa,24/236,Uncommon,CEC
Pyroli,25/236,Uncommon,CEC
Limagma,26/236,Common,CEC
Volcaropod,27/236,Rare,CEC
Entei,28/236,Rare,CEC
Chartor,29/236,Uncommon,CEC
Victini,30/236,Rare Holo,CEC
Gruikui,31/236,Common,CEC
Grotichon,32/236,Uncommon,CEC
Roitiflam,33/236,Rare,CEC
Pyronille,34/236,Uncommon,CEC
Pyrax GX,35/236,Rare Holo GX,CEC
Hélionceau,36/236,Common,CEC
Némélios,37/236,Uncommon,CEC
Tortank et Tiplouf GX,38/236,Rare Holo GX,CEC
Goupix d’Alola,39/236,Common,CEC
Psykokwak,40/236,Common,CEC
Akwakwak,41/236,Uncommon,CEC
Aquali,42/236,Uncommon,CEC
Farfuret,43/236,Common,CEC
Dimoret,44/236,Rare,CEC
Wailmer,45/236,Common,CEC
Wailord,46/236,Rare,CEC
Stalgamin,47/236,Common,CEC
Oniglali,48/236,Rare,CEC
Obalie,49/236,Common,CEC
Obalie,50/236,Common,CEC
Phogleur,51/236,Uncommon,CEC
Kaimorse,52/236,Rare,CEC
Kyogre,53/236,Rare,CEC
Tiplouf,54/236,Common,CEC
Prinplouf,55/236,Uncommon,CEC
Pingoléon,56/236,Rare,CEC
Phione,57/236,Rare,CEC
Tritonde,58/236,Common,CEC
Couaneton,59/236,Common,CEC
Lakmécygne,60/236,Rare,CEC
Kyurem Noir,61/236,Rare Holo,CEC
Froussardine,62/236,Rare Holo,CEC
Froussardine GX,63/236,Rare Holo GX,CEC
Araqua,64/236,Common,CEC
Tarenbulle,65/236,Uncommon,CEC
Pikachu,66/236,Common,CEC
Raichu,67/236,Rare,CEC
Magnéti,68/236,Common,CEC
Magnéton,69/236,Rare Holo,CEC
Voltali,70/236,Uncommon,CEC
Loupio,71/236,Common,CEC
Lanturn,72/236,Rare,CEC
Togedemaru,73/236,Uncommon,CEC
Togedemaru,74/236,Common,CEC
Solgaleo et Lunala GX,75/236,Rare Holo GX,CEC
Smogo,76/236,Common,CEC
Smogogo,77/236,Rare,CEC
Natu,78/236,Common,CEC
Xatu,79/236,Rare,CEC
Tarsal,80/236,Common,CEC
Kirlia,81/236,Uncommon,CEC
Gallame,82/236,Rare Holo,CEC
Skelénox,83/236,Common,CEC
Téraclope,84/236,Uncommon,CEC
Noctunoir,85/236,Rare Holo,CEC
Motisma,86/236,Uncommon,CEC
Chovsourir,87/236,Common,CEC
Rhinolove,88/236,Rare,CEC
Gringolem,89/236,Common,CEC
Golemastoc,90/236,Rare,CEC
Venalgue,91/236,Common,CEC
Kravarech,92/236,Rare,CEC
Brocélôme,93/236,Common,CEC
Desséliande,94/236,Rare,CEC
Plumeline GX,95/236,Rare Holo GX,CEC
Mimiqui,96/236,Uncommon,CEC
Mimiqui,97/236,Rare,CEC
Sinistrail,98/236,Uncommon,CEC
Cosmog,99/236,Common,CEC
Cosmog,100/236,Common,CEC
Cosmovum,101/236,Uncommon,CEC
Lunala,102/236,Rare Holo,CEC
Marshadow,103/236,Rare,CEC
Pierroteknik,104/236,Rare Holo,CEC
Onix,105/236,Common,CEC
Tarinor,106/236,Common,CEC
Kraknoix,107/236,Common,CEC
Kraknoix,108/236,Common,CEC
Vibraninf,109/236,Uncommon,CEC
Libégon GX,110/236,Rare Holo GX,CEC
Anorith,111/236,Uncommon,CEC
Armaldo,112/236,Rare,CEC
Groudon,113/236,Rare,CEC
Rototaupe,114/236,Common,CEC
Minotaupe,115/236,Rare Holo,CEC
Batracné,116/236,Common,CEC
Crapustule,117/236,Rare,CEC
Judokrak,118/236,Uncommon,CEC
Pandespiègle,119/236,Common,CEC
Pandarbare,120/236,Uncommon,CEC
Crabagarre,121/236,Common,CEC
Crabominable,122/236,Rare,CEC
Rocabot,123/236,Common,CEC
Lougaroc,124/236,Rare Holo,CEC
Quartermac,125/236,Common,CEC
Bacabouh,126/236,Common,CEC
Trépassable,127/236,Rare,CEC
Miaouss d’Alola,128/236,Common,CEC
Persian d’Alola GX,129/236,Rare Holo GX,CEC
Tadmorv d’Alola,130/236,Common,CEC
Grotadmorv d’Alola,131/236,Rare,CEC
Carvanha,132/236,Common,CEC
Absol,133/236,Uncommon,CEC
Scalpion,134/236,Common,CEC
Scalproie,135/236,Uncommon,CEC
Engloutyran,136/236,Rare Holo,CEC
Sabelette d’Alola,137/236,Common,CEC
Sablaireau d’Alola,138/236,Rare,CEC
Steelix,139/236,Rare Holo,CEC
Mysdibule,140/236,Uncommon,CEC
Tarinorme,141/236,Uncommon,CEC
Solgaleo,142/236,Rare Holo,CEC
"Togepi, Mélo et Toudoudou GX",143/236,Rare Holo GX,CEC
"Togepi, Mélo et Toudoudou GX",143a/236,Rare Ultra,CEC
Mélofée,144/236,Uncommon,CEC
Feunard d’Alola,145/236,Rare Holo,CEC
Azurill,146/236,Common,CEC
Doudouvet,147/236,Common,CEC
Farfaduvet,148/236,Rare,CEC
Flabébé,149/236,Common,CEC
Flabébé,150/236,Common,CEC
Floette,151/236,Uncommon,CEC
Florges,152/236,Rare Holo,CEC
Sucroquin,153/236,Common,CEC
Cupcanaille,154/236,Rare,CEC
Nymphali,155/236,Rare,CEC
"Arceus, Dialga et Palkia GX",156/236,Rare Holo GX,CEC
Reshiram et Zekrom GX,157/236,Rare Holo GX,CEC
Mandrillon et Engloutyran GX,158/236,Rare Holo GX,CEC
Draïeul,159/236,Rare,CEC
Bébécaille,160/236,Common,CEC
Bébécaille,161/236,Common,CEC
Écaïd,162/236,Uncommon,CEC
Ékaïser,163/236,Rare Holo,CEC
Ultra-Necrozma,164/236,Rare Holo,CEC
Méga-Lockpin et Rondoudou GX,165/236,Rare Holo GX,CEC
Évoli,166/236,Common,CEC
Évoli,167/236,Common,CEC
Toudoudou,168/236,Uncommon,CEC
Capumain,169/236,Common,CEC
Capidextre,170/236,Uncommon,CEC
Teddiursa,171/236,Common,CEC
Ursaring,172/236,Rare,CEC
Mangriff,173/236,Uncommon,CEC
Ponchiot,174/236,Common,CEC
Ponchien,175/236,Uncommon,CEC
Mastouffe,176/236,Rare Holo,CEC
Furaiglon,177/236,Common,CEC
Gueriaigle,178/236,Rare,CEC
Galvaran,179/236,Common,CEC
Iguolta,180/236,Rare,CEC
Nounourson,181/236,Common,CEC
Chelours,182/236,Rare,CEC
Type:0,183/236,Uncommon,CEC
Silvallié GX,184/236,Rare Holo GX,CEC
Chimérite,185/236,Uncommon,CEC
Jujube et Zhuman,186/236,Uncommon,CEC
Houle Chaotique,187/236,Uncommon,CEC
Bardane,188/236,Uncommon,CEC
Cynthia et Percila,189/236,Uncommon,CEC
Dracozélite : Dracogriffe,190/236,Uncommon,CEC
Erika,191/236,Uncommon,CEC
Attrape-Suprême,192/236,Uncommon,CEC
Guzma et Pectorius,193/236,Uncommon,CEC
Amulette du Tour des Îles,194/236,Uncommon,CEC
Canne à Pêche de Néphie,195/236,Uncommon,CEC
Pleine Puissance de Lilie,196/236,Uncommon,CEC
Poké Poupée de Lilie,197/236,Uncommon,CEC
Barbara et Néphie,198/236,Uncommon,CEC
Ondine et Olga,199/236,Uncommon,CEC
Résolution de N,200/236,Uncommon,CEC
Installation du Professeur Chen,201/236,Uncommon,CEC
Red et Blue,202/236,Uncommon,CEC
Roller Skateuse,203/236,Uncommon,CEC
Écho,204/236,Rare Holo,CEC
Strykna,205/236,Uncommon,CEC
Appel aux Escouades,206/236,Uncommon,CEC
Fossile Inconnu,207/236,Uncommon,CEC
Clément,208/236,Uncommon,CEC
Énergie de Pioche,209/236,Uncommon,CEC
Florizarre et Vipélierre GX,210/236,Rare Ultra,CEC
Rafflesia GX,211/236,Rare Ultra,CEC
Dracaufeu et Roussil GX,212/236,Rare Ultra,CEC
Pyrax GX,213/236,Rare Ultra,CEC
Tortank et Tiplouf GX,214/236,Rare Ultra,CEC
Tortank et Tiplouf GX,215/236,Rare Ultra,CEC
Solgaleo et Lunala GX,216/236,Rare Ultra,CEC
Plumeline GX,217/236,Rare Ultra,CEC
Libégon GX,218/236,Rare Ultra,CEC
Persian d’Alola GX,219/236,Rare Ultra,CEC
"Arceus, Dialga et Palkia GX",220/236,Rare Ultra,CEC
"Arceus, Dialga et Palkia GX",221/236,Rare Ultra,CEC
Reshiram et Zekrom GX,222/236,Rare Ultra,CEC
Mandrillon et Engloutyran GX,223/236,Rare Ultra,CEC
Mandrillon et Engloutyran GX,224/236,Rare Ultra,CEC
Méga-Lockpin et Rondoudou GX,225/236,Rare Ultra,CEC
Méga-Lockpin et Rondoudou GX,226/236,Rare Ultra,CEC
Silvallié GX,227/236,Rare Ultra,CEC
Cynthia et Percila,228/236,Rare Ultra,CEC
Guzma et Pectorius,229/236,Rare Ultra,CEC
Pleine Puissance de Lilie,230/236,Rare Ultra,CEC
Barbara et Néphie,231/236,Rare Ultra,CEC
Résolution de N,232/236,Rare Ultra,CEC
Installation du Professeur Chen,233/236,Rare Ultra,CEC
Red et Blue,234/236,Rare Ultra,CEC
Roller Skateuse,235/236,Rare Ultra,CEC
Écho,236/236,Rare Ultra,CEC
Chartor,237/236,Rare Secret,CEC
Dimoret,238/236,Rare Secret,CEC
Tiplouf,239/236,Rare Secret,CEC
Froussardine,240/236,Rare Secret,CEC
Pikachu,241/236,Rare Secret,CEC
Magnéti,242/236,Rare Secret,CEC
Smogo,243/236,Rare Secret,CEC
Gallame,244/236,Rare Secret,CEC
Mimiqui,245/236,Rare Secret,CEC
Minotaupe,246/236,Rare Secret,CEC
Steelix,247/236,Rare Secret,CEC
Mastouffe,248/236,Rare Secret,CEC
Florizarre et Vipélierre GX,249/236,Rare Rainbow,CEC
Rafflesia GX,250/236,Rare Rainbow,CEC
Dracaufeu et Roussil GX,251/236,Rare Rainbow,CEC
Pyrax GX,252/236,Rare Rainbow,CEC
Tortank et Tiplouf GX,253/236,Rare Rainbow,CEC
Solgaleo et Lunala GX,254/236,Rare Rainbow,CEC
Plumeline GX,255/236,Rare Rainbow,CEC
Libégon GX,256/236,Rare Rainbow,CEC
Persian d’Alola GX,257/236,Rare Rainbow,CEC
"Arceus, Dialga et Palkia GX",258/236,Rare Rainbow,CEC
Reshiram et Zekrom GX,259/236,Rare Rainbow,CEC
Mandrillon et Engloutyran GX,260/236,Rare Rainbow,CEC
Méga-Lockpin et Rondoudou GX,261/236,Rare Rainbow,CEC
Silvallié GX,262/236,Rare Rainbow,CEC
Âtre Géant,263/236,Rare Secret,CEC
Attrape-Suprême,264/236,Rare Secret,CEC
Amulette du Tour des Îles,265/236,Rare Secret,CEC
Canne à Pêche de Néphie,266/236,Rare Secret,CEC
Poké Poupée de Lilie,267/236,Rare Secret,CEC
Dojo des Arts Martiaux,268/236,Rare Secret,CEC
Centrale d’Énergie,269/236,Rare Secret,CEC
Appel aux Escouades,270/236,Rare Secret,CEC
Énergie de Pioche,271/236,Rare Secret,CEC
Aspicot,1/111,Common,CIN
Coconfort,2/111,Uncommon,CIN
Dardargnan,3/111,Rare,CIN
Noeunoeuf,4/111,Common,CIN
Cacnea,5/111,Common,CIN
Cacturne,6/111,Rare,CIN
Carabing,7/111,Common,CIN
Escargaume,8/111,Common,CIN
Limaspeed,9/111,Uncommon,CIN
Cabriolaine,10/111,Common,CIN
Chevroum,11/111,Rare Holo,CIN
Ossatueur d’Alola,12/111,Rare Holo,CIN
Chamallot,13/111,Common,CIN
Camérupt,14/111,Rare,CIN
Stari,15/111,Common,CIN
Staross,16/111,Rare,CIN
Magicarpe,17/111,Common,CIN
Léviator GX,18/111,Rare Holo GX,CIN
Marcacrin,19/111,Common,CIN
Cochignon,20/111,Uncommon,CIN
Mammochon,21/111,Rare,CIN
Rémoraid,22/111,Common,CIN
Octillery,23/111,Rare,CIN
Écrapince,24/111,Common,CIN
Colhomard,25/111,Rare,CIN
Barpau,26/111,Common,CIN
Milobellus,27/111,Rare Holo,CIN
Regice,28/111,Rare Holo,CIN
Sancoki,29/111,Common,CIN
Pikachu,30/111,Common,CIN
Raichu d’Alola,31/111,Rare Holo,CIN
Racaillou d’Alola,32/111,Common,CIN
Gravalanch d’Alola,33/111,Uncommon,CIN
Grolem d’Alola GX,34/111,Rare Holo GX,CIN
Emolga,35/111,Uncommon,CIN
Fantominus,36/111,Common,CIN
Spectrum,37/111,Uncommon,CIN
Ectoplasma,38/111,Rare Holo,CIN
Feuforêve,39/111,Common,CIN
Magirêve,40/111,Rare,CIN
Spoink,41/111,Common,CIN
Groret,42/111,Uncommon,CIN
Éoko,43/111,Common,CIN
Pitrouille,44/111,Common,CIN
Banshitrouye,45/111,Rare,CIN
Tritox,46/111,Common,CIN
Malamandre,47/111,Rare Holo,CIN
Gouroutan,48/111,Rare,CIN
Zéroïd GX,49/111,Rare Holo GX,CIN
Férosinge,50/111,Common,CIN
Colossinge,51/111,Rare,CIN
Osselait,52/111,Common,CIN
Regirock,53/111,Rare,CIN
Tritosor,54/111,Uncommon,CIN
Nounourson,55/111,Common,CIN
Chelours,56/111,Rare Holo,CIN
Mouscoto GX,57/111,Rare Holo GX,CIN
Malosse,58/111,Common,CIN
Démolosse,59/111,Rare,CIN
Solochi,60/111,Common,CIN
Diamat,61/111,Uncommon,CIN
Trioxhydre,62/111,Rare,CIN
Engloutyran GX,63/111,Rare Holo GX,CIN
Engloutyran-GX,63a/111,Rare Holo GX,CIN
Mysdibule,64/111,Uncommon,CIN
Galekid,65/111,Common,CIN
Galegon,66/111,Uncommon,CIN
Galeking,67/111,Rare Holo,CIN
Registeel,68/111,Rare,CIN
Lançargot,69/111,Rare,CIN
Katagami GX,70/111,Rare Holo GX,CIN
Rondoudou,71/111,Common,CIN
Grodoudou,72/111,Rare,CIN
Xerneas,73/111,Rare Holo,CIN
Noadkoko d’Alola GX,74/111,Rare Holo GX,CIN
Bébécaille,75/111,Common,CIN
Écaïd,76/111,Uncommon,CIN
Ékaïser,77/111,Rare,CIN
Écrémeuh,78/111,Uncommon,CIN
Tylton,79/111,Common,CIN
Altaria,80/111,Rare,CIN
Étourmi,81/111,Common,CIN
Étourvol,82/111,Uncommon,CIN
Étouraptor,83/111,Rare,CIN
Regigigas,84/111,Rare Holo,CIN
Regigigas,84a/111,Rare Holo,CIN
Chinchidou,85/111,Common,CIN
Pashmilla,86/111,Uncommon,CIN
Sapereau,87/111,Common,CIN
Excavarenne,88/111,Uncommon,CIN
Type:0,89/111,Rare Holo,CIN
Silvallié GX,90/111,Rare Holo GX,CIN
Attrape-Riposte,91/111,Uncommon,CIN
Poche de Course,92/111,Uncommon,CIN
Terrain Dévoré,93/111,Uncommon,CIN
ROM Combat,94/111,Uncommon,CIN
Gladio,95/111,Uncommon,CIN
Elsa-Mina,96/111,Uncommon,CIN
Coup d’Œil au Carton Rouge,97/111,Uncommon,CIN
ROM Psy,98/111,Uncommon,CIN
Océan du Néant,99/111,Uncommon,CIN
Énergie Riposte,100/111,Uncommon,CIN
Léviator GX,101/111,Rare Ultra,CIN
Grolem d’Alola GX,102/111,Rare Ultra,CIN
Zéroïd GX,103/111,Rare Ultra,CIN
Mouscoto GX,104/111,Rare Ultra,CIN
Engloutyran GX,105/111,Rare Ultra,CIN
Katagami GX,106/111,Rare Ultra,CIN
Noadkoko d’Alola GX,107/111,Rare Ultra,CIN
Silvallié GX,108/111,Rare Ultra,CIN
Gladio,109/111,Rare Ultra,CIN
Elsa-Mina,110/111,Rare Ultra,CIN
Alyxia,111/111,Rare Ultra,CIN
Léviator GX,112/111,Rare Rainbow,CIN
Grolem d’Alola GX,113/111,Rare Rainbow,CIN
Zéroïd GX,114/111,Rare Rainbow,CIN
Mouscoto GX,115/111,Rare Rainbow,CIN
Engloutyran GX,116/111,Rare Rainbow,CIN
Katagami GX,117/111,Rare Rainbow,CIN
Noadkoko d’Alola GX,118/111,Rare Rainbow,CIN
Silvallié GX,119/111,Rare Rainbow,CIN
Attrape-Riposte,120/111,Rare Secret,CIN
Relais Optimiste,121/111,Rare Secret,CIN
Énergie Riposte,122/111,Rare Secret,CIN
Énergie de Distorsion,123/111,Rare Secret,CIN
Énergie Eau,124/111,Rare Secret,CIN
Bulbizarre,1/18,Common,DET
Ludicolo,2/18,Rare,DET
Spododo,3/18,Common,DET
Salamèche,4/18,Common,DET
Dracaufeu,5/18,Rare Ultra,DET
Arcanin,6/18,Rare,DET
Psykokwak,7/18,Common,DET
Magicarpe,8/18,Common,DET
Amphinobi,9/18,Rare Ultra,DET
Détective Pikachu,10/18,Rare,DET
M. Mime,11/18,Rare,DET
Mewtwo,12/18,Rare Ultra,DET
Mackogneur,13/18,Rare,DET
Rondoudou,14/18,Common,DET
Snubbull,15/18,Common,DET
Excelangue,16/18,Common,DET
Métamorph,17/18,Rare Ultra,DET
Monaflèmit,18/18,Rare,DET
Salamèche,1/70,Common,DRM
Reptincel,2/70,Uncommon,DRM
Dracaufeu,3/70,Rare Holo,DRM
Poussifeu,4/70,Common,DRM
Galifeu,5/70,Uncommon,DRM
Braségali,6/70,Rare Holo,DRM
Victini ◇,7/70,Rare Prism Star,DRM
Darumarond,8/70,Common,DRM
Darumacho,9/70,Uncommon,DRM
Aflamanoir,10/70,Uncommon,DRM
Reshiram GX,11/70,Rare Holo GX,DRM
Flamiaou,12/70,Common,DRM
Tritox,13/70,Common,DRM
Malamandre,14/70,Uncommon,DRM
Hypotrempe,15/70,Common,DRM
Hypotrempe,16/70,Common,DRM
Hypocéan,17/70,Uncommon,DRM
Hyporoi GX,18/70,Rare Holo GX,DRM
Magicarpe,19/70,Common,DRM
Léviator,20/70,Rare Holo,DRM
Lokhlass,21/70,Uncommon,DRM
Kaiminus,22/70,Common,DRM
Crocrodil,23/70,Uncommon,DRM
Aligatueur,24/70,Rare Holo,DRM
Axoloto,25/70,Common,DRM
Maraiste,26/70,Uncommon,DRM
Corayon,27/70,Common,DRM
Barpau,28/70,Common,DRM
Milobellus,29/70,Uncommon,DRM
Phione,30/70,Uncommon,DRM
Froussardine,31/70,Common,DRM
Kraknoix,32/70,Common,DRM
Trioxhydre,33/70,Rare Holo,DRM
Minidraco,34/70,Common,DRM
Minidraco,35/70,Common,DRM
Draco,36/70,Uncommon,DRM
Dracolosse GX,37/70,Rare Holo GX,DRM
Vibraninf,38/70,Common,DRM
Libégon,39/70,Uncommon,DRM
Altaria,40/70,Rare Holo,DRM
Altaria,40a/70,Rare Holo,DRM
Altaria GX,41/70,Rare Holo GX,DRM
Draby,42/70,Common,DRM
Drackhaus,43/70,Uncommon,DRM
Drattak GX,44/70,Rare Holo GX,DRM
Drakkarmin,45/70,Uncommon,DRM
Zekrom,46/70,Rare Holo,DRM
Kyurem,47/70,Rare Holo,DRM
Kyurem Blanc GX,48/70,Rare Holo GX,DRM
Zygarde,49/70,Uncommon,DRM
Boumata,50/70,Uncommon,DRM
Draïeul,51/70,Uncommon,DRM
Bébécaille,52/70,Common,DRM
Écaïd,53/70,Common,DRM
Ékaïser,54/70,Rare Holo,DRM
Kangourex,55/70,Common,DRM
Tylton,56/70,Common,DRM
Tylton,57/70,Common,DRM
Dernière Chance d’Auguste,58/70,Rare Holo,DRM
Serre de Dragon,59/70,Uncommon,DRM
Silex Ardent,60/70,Uncommon,DRM
Fiery Flint,60a/70,Uncommon,DRM
Peter ◇,61/70,Rare Prism Star,DRM
Bouée d’Échange,62/70,Uncommon,DRM
Parc Volcanique,63/70,Uncommon,DRM
Amaryllis,64/70,Uncommon,DRM
Reshiram GX,65/70,Rare Ultra,DRM
Hyporoi GX,66/70,Rare Ultra,DRM
Dracolosse GX,67/70,Rare Ultra,DRM
Altaria GX,68/70,Rare Ultra,DRM
Dernière Chance d’Auguste,69/70,Rare Ultra,DRM
Amaryllis,70/70,Rare Ultra,DRM
Reshiram GX,71/70,Rare Rainbow,DRM
Altaria GX,72/70,Rare Rainbow,DRM
Drattak GX,73/70,Rare Rainbow,DRM
Kyurem Blanc GX,74/70,Rare Rainbow,DRM
Serre de Dragon,75/70,Rare Secret,DRM
Silex Ardent,76/70,Rare Secret,DRM
Bouée d’Échange,77/70,Rare Secret,DRM
Ultra-Necrozma GX,78/70,Rare Secret,DRM
Noeunoeuf,1/131,Common,FLI
Noadkoko d’Alola,2/131,Rare,FLI
Noadkoko d’Alola,2a/131,Rare,FLI
Blizzi,3/131,Common,FLI
Blizzaroi,4/131,Rare,FLI
Lépidonille,5/131,Common,FLI
Lépidonille,6/131,Common,FLI
Pérégrain,7/131,Uncommon,FLI
Prismillon,8/131,Rare,FLI
Cabriolaine,9/131,Common,FLI
Chevroum,10/131,Uncommon,FLI
Cancrelove,11/131,Rare Holo,FLI
Ossatueur d’Alola,12/131,Rare,FLI
Heatran,13/131,Rare,FLI
Feunnec,14/131,Common,FLI
Feunnec,15/131,Common,FLI
Roussil,16/131,Uncommon,FLI
Goupelin,17/131,Rare Holo,FLI
Hélionceau,18/131,Common,FLI
Némélios,19/131,Rare Holo,FLI
Palkia GX,20/131,Rare Holo GX,FLI
Grenousse,21/131,Common,FLI
Grenousse,22/131,Common,FLI
Croâporal,23/131,Uncommon,FLI
Amphinobi GX,24/131,Rare Holo GX,FLI
Flingouste,25/131,Common,FLI
Gamblast,26/131,Rare,FLI
Amagara,27/131,Uncommon,FLI
Dragmara,28/131,Rare Holo,FLI
Grelaçon,29/131,Common,FLI
Séracrawl,30/131,Rare,FLI
Volcanion ◇,31/131,Rare Prism Star,FLI
Araqua,32/131,Common,FLI
Tarenbulle,33/131,Uncommon,FLI
Magnéti,34/131,Common,FLI
Magnéton,35/131,Uncommon,FLI
Magnézone,36/131,Rare,FLI
Galvaran,37/131,Common,FLI
Iguolta,38/131,Uncommon,FLI
Câblifère,39/131,Rare,FLI
Motisma,40/131,Rare,FLI
Créhelf,41/131,Uncommon,FLI
Créfollet,42/131,Uncommon,FLI
Créfadet,43/131,Uncommon,FLI
Psystigri,44/131,Common,FLI
Mistigrix,45/131,Rare,FLI
Monorpale,46/131,Common,FLI
Monorpale,47/131,Common,FLI
Dimoclès,48/131,Uncommon,FLI
Exagide,49/131,Rare,FLI
Sepiatop,50/131,Common,FLI
Sepiatroce,51/131,Rare,FLI
Venalgue,52/131,Common,FLI
Kravarech,53/131,Rare,FLI
Hoopa,54/131,Uncommon,FLI
Vémini,55/131,Uncommon,FLI
Mandrillon GX,56/131,Rare Holo GX,FLI
Osselait,57/131,Common,FLI
Torterra,58/131,Rare,FLI
Simiabraz,59/131,Rare Holo,FLI
Griknot,60/131,Common,FLI
Carmache,61/131,Uncommon,FLI
Carchacrok,62/131,Rare Holo,FLI
Cradopaud,63/131,Common,FLI
Coatox,64/131,Rare,FLI
Pandespiègle,65/131,Common,FLI
Opermine,66/131,Common,FLI
Golgopathe,67/131,Rare,FLI
Ptyranidur,68/131,Uncommon,FLI
Rexillius,69/131,Rare Holo,FLI
Brutalibré,70/131,Uncommon,FLI
Zygarde,71/131,Uncommon,FLI
Zygarde,72/131,Rare,FLI
Zygarde GX,73/131,Rare Holo GX,FLI
Diancie ◇,74/131,Rare Prism Star,FLI
Rocabot,75/131,Common,FLI
Lougaroc,76/131,Rare,FLI
Mouscoto,77/131,Rare,FLI
Pandarbare,78/131,Rare,FLI
Yveltal GX,79/131,Rare Holo GX,FLI
Engloutyran,80/131,Rare Holo,FLI
Pingoléon,81/131,Rare Holo,FLI
Dialga GX,82/131,Rare Holo GX,FLI
Flabébé,83/131,Common,FLI
Flabébé,84/131,Common,FLI
Floette,85/131,Uncommon,FLI
Florges,86/131,Rare,FLI
Nymphali,87/131,Rare,FLI
Dedenne,88/131,Uncommon,FLI
Trousselin,89/131,Uncommon,FLI
Xerneas GX,90/131,Rare Holo GX,FLI
Mucuscule,91/131,Common,FLI
Mucuscule,92/131,Common,FLI
Colimucus,93/131,Uncommon,FLI
Muplodocus,94/131,Rare Holo,FLI
Ultra-Necrozma GX,95/131,Rare Holo GX,FLI
Arceus ◇,96/131,Rare Prism Star,FLI
Sapereau,97/131,Common,FLI
Excavarenne,98/131,Uncommon,FLI
Couafarel,99/131,Common,FLI
Sonistrelle,100/131,Common,FLI
Bruyverne,101/131,Rare,FLI
Cercle Chimérique,102/131,Rare,FLI
Beast Ring,102a/131,Rare,FLI
Clem,103/131,Uncommon,FLI
Lovis le Teigneux,104/131,Uncommon,FLI
Dianthéa,105/131,Rare Holo,FLI
Énéporteur,106/131,Uncommon,FLI
Carte d’Excavation de Fossiles,107/131,Uncommon,FLI
Juge,108/131,Uncommon,FLI
Mademoiselle,109/131,Uncommon,FLI
Lysandre ◇,110/131,Rare Prism Star,FLI
Labos Lysandre,111/131,Uncommon,FLI
Poêle Métal,112/131,Uncommon,FLI
Metal Frying Pan,112a/131,Uncommon,FLI
Trésor Mystérieux,113/131,Uncommon,FLI
Mysterious Treasure,113a/131,Uncommon,FLI
Ultra-Commando,114/131,Uncommon,FLI
Ultra-Dimension,115/131,Uncommon,FLI
Fossile Inconnu,116/131,Uncommon,FLI
Énergie Chimère ◇,117/131,Rare Prism Star,FLI
Énergie Unitaire FightingDarknessFairy,118/131,Uncommon,FLI
Palkia GX,119/131,Rare Ultra,FLI
Amphinobi GX,120/131,Rare Ultra,FLI
Mandrillon GX,121/131,Rare Ultra,FLI
Lucario GX,122/131,Rare Ultra,FLI
Zygarde GX,123/131,Rare Ultra,FLI
Yveltal GX,124/131,Rare Ultra,FLI
Dialga GX,125/131,Rare Ultra,FLI
Xerneas GX,126/131,Rare Ultra,FLI
Ultra-Necrozma GX,127/131,Rare Ultra,FLI
Clem,128/131,Rare Ultra,FLI
Lovis le Teigneux,129/131,Rare Ultra,FLI
Dianthéa,130/131,Rare Ultra,FLI
Ultra-Commando,131/131,Rare Ultra,FLI
Palkia GX,132/131,Rare Rainbow,FLI
Amphinobi GX,133/131,Rare Rainbow,FLI
Mandrillon GX,134/131,Rare Rainbow,FLI
Lucario GX,135/131,Rare Rainbow,FLI
Zygarde GX,136/131,Rare Rainbow,FLI
Yveltal GX,137/131,Rare Rainbow,FLI
Dialga GX,138/131,Rare Rainbow,FLI
Xerneas GX,139/131,Rare Rainbow,FLI
Ultra-Necrozma GX,140/131,Rare Rainbow,FLI
Cercle Chimérique,141/131,Rare Secret,FLI
Énéporteur,142/131,Rare Secret,FLI
Recycleur d’Énergie,143/131,Rare Secret,FLI
Poêle Métal,144/131,Rare Secret,FLI
Trésor Mystérieux,145/131,Rare Secret,FLI
Énergie Unitaire FightingDarknessFairy,146/131,Rare Secret,FLI
Chétiflor,1/145,Common,GRI
Boustiflor,2/145,Uncommon,GRI
Empiflor,3/145,Rare,GRI
Chlorobule,4/145,Common,GRI
Fragilady,5/145,Rare,GRI
Brocélôme,6/145,Common,GRI
Desséliande,7/145,Rare,GRI
Sovkipou,8/145,Common,GRI
Sarmuraï,9/145,Rare Holo,GRI
Victini,10/145,Rare Holo,GRI
Funécire,11/145,Common,GRI
Mélancolux,12/145,Uncommon,GRI
Lugulabre,13/145,Rare Holo,GRI
Plumeline,14/145,Rare,GRI
Tritox,15/145,Common,GRI
Malamandre,16/145,Rare,GRI
Boumata,17/145,Rare,GRI
Boumata GX,18/145,Rare Holo GX,GRI
Sabelette d’Alola,19/145,Common,GRI
Sabelette d’Alola,19a/145,Common,GRI
Sablaireau d’Alola,20/145,Rare,GRI
Goupix d’Alola,21/145,Common,GRI
Goupix d’Alola,21a/145,Common,GRI
Feunard d’Alola GX,22/145,Rare Holo GX,GRI
Tentacool,23/145,Common,GRI
Tentacruel,24/145,Uncommon,GRI
Tarpaud,25/145,Rare Holo,GRI
Cadoizo,26/145,Common,GRI
Carvanha,27/145,Common,GRI
Sharpedo,28/145,Rare,GRI
Wailmer,29/145,Common,GRI
Wailord,30/145,Rare,GRI
Stalgamin,31/145,Common,GRI
Oniglali,32/145,Uncommon,GRI
Sorbébé,33/145,Common,GRI
Sorboul,34/145,Uncommon,GRI
Sorbouboul,35/145,Rare,GRI
Mamanbo,36/145,Uncommon,GRI
Froussardine,37/145,Common,GRI
Froussardine GX,38/145,Rare Holo GX,GRI
Vorastérie,39/145,Uncommon,GRI
Racaillou d’Alola,40/145,Common,GRI
Gravalanch d’Alola,41/145,Uncommon,GRI
Grolem d’Alola,42/145,Rare Holo,GRI
Galvaran,43/145,Common,GRI
Iguolta,44/145,Rare,GRI
Lucanon GX,45/145,Rare Holo GX,GRI
Plumeline,46/145,Rare,GRI
Tokorico GX,47/145,Rare Holo GX,GRI
Ramoloss,48/145,Common,GRI
Flagadoss,49/145,Uncommon,GRI
Miamiasme,50/145,Common,GRI
Miasmax,51/145,Rare,GRI
Miasmax,51a/145,Rare,GRI
Scrutella,52/145,Common,GRI
Mesmérella,53/145,Uncommon,GRI
Sidérella,54/145,Rare,GRI
Plumeline,55/145,Rare,GRI
Plumeline,56/145,Rare,GRI
Prédastérie GX,57/145,Rare Holo GX,GRI
Mimiqui,58/145,Rare Holo,GRI
Sinistrail,59/145,Rare Holo,GRI
Tokopiyon GX,60/145,Rare Holo GX,GRI
Tapu Lele-GX,60a/145,Rare Holo GX,GRI
Lunala,61/145,Rare,GRI
Machoc,62/145,Common,GRI
Machoc,63/145,Common,GRI
Machopeur,64/145,Uncommon,GRI
Mackogneur,65/145,Rare Holo,GRI
Simularbre,66/145,Uncommon,GRI
Scorplane,67/145,Common,GRI
Scorvol,68/145,Uncommon,GRI
Tarinor,69/145,Common,GRI
Barloche,70/145,Common,GRI
Barbicha,71/145,Rare,GRI
Pandespiègle,72/145,Common,GRI
Rocabot,73/145,Common,GRI
Lougaroc GX,74/145,Rare Holo GX,GRI
Tiboudet,75/145,Common,GRI
Bourrinos,76/145,Rare Holo,GRI
Météno,77/145,Rare Holo,GRI
Cornèbre,78/145,Common,GRI
Corboss,79/145,Rare,GRI
Ténéfix,80/145,Uncommon,GRI
Absol,81/145,Rare Holo,GRI
Pandarbare,82/145,Rare,GRI
Terhal,83/145,Common,GRI
Métang,84/145,Uncommon,GRI
Métalosse GX,85/145,Rare Holo GX,GRI
Tarinorme,86/145,Rare,GRI
Solgaleo,87/145,Rare,GRI
Mélofée,88/145,Common,GRI
Mélodelfe,89/145,Uncommon,GRI
Doudouvet,90/145,Common,GRI
Farfaduvet,91/145,Uncommon,GRI
Nymphali GX,92/145,Rare Holo GX,GRI
Sylveon-GX,92a/145,Rare Holo GX,GRI
Guérilande,93/145,Rare Holo,GRI
Mucuscule,94/145,Common,GRI
Colimucus,95/145,Uncommon,GRI
Muplodocus,96/145,Rare Holo,GRI
Draïeul,97/145,Rare Holo,GRI
Bébécaille,98/145,Common,GRI
Écaïd,99/145,Uncommon,GRI
Ékaïser GX,100/145,Rare Holo GX,GRI
Leveinard,101/145,Common,GRI
Leuphorie,102/145,Rare Holo,GRI
Nirondelle,103/145,Common,GRI
Hélédelle,104/145,Rare,GRI
Morphéo,105/145,Common,GRI
Rayquaza,106/145,Rare,GRI
Ratentif,107/145,Common,GRI
Miradar,108/145,Uncommon,GRI
Passerouge,109/145,Common,GRI
Braisillon,110/145,Uncommon,GRI
Flambusard,111/145,Rare,GRI
Nounourson,112/145,Common,GRI
Chelours,113/145,Uncommon,GRI
Dodoala,114/145,Uncommon,GRI
Draïeul GX,115/145,Rare Holo GX,GRI
Réserve Naturelle du Paradis Æther,116/145,Uncommon,GRI
Autel de la Lune,117/145,Uncommon,GRI
Autel du Soleil,118/145,Uncommon,GRI
Fortifiant Aquatique,119/145,Uncommon,GRI
Colline Clapotis,120/145,Uncommon,GRI
Bandeau Choix,121/145,Uncommon,GRI
Bandeau Choix,121a/145,Uncommon,GRI
Loterie d’Énergie,122/145,Uncommon,GRI
Recycleur d’Énergie,123/145,Uncommon,GRI
Maillet Amélioré,124/145,Uncommon,GRI
Enhanced Hammer,124a/145,Uncommon,GRI
Nettoyage de Terrain,125/145,Uncommon,GRI
Field Blower,125a/145,Uncommon,GRI
Pectorius,126/145,Uncommon,GRI
Barbara,127/145,Uncommon,GRI
Potion Max,128/145,Uncommon,GRI
Max Potion,128a/145,Uncommon,GRI
Échange Multiple,129/145,Uncommon,GRI
Civière,130/145,Uncommon,GRI
Civière,130a/145,Uncommon,GRI
Boumata GX,131/145,Rare Ultra,GRI
Feunard d’Alola GX,132/145,Rare Ultra,GRI
Froussardine GX,133/145,Rare Ultra,GRI
Lucanon GX,134/145,Rare Ultra,GRI
Tokorico GX,135/145,Rare Ultra,GRI
Prédastérie GX,136/145,Rare Ultra,GRI
Tokopiyon GX,137/145,Rare Ultra,GRI
Lougaroc GX,138/145,Rare Ultra,GRI
Métalosse GX,139/145,Rare Ultra,GRI
Nymphali GX,140/145,Rare Ultra,GRI
Ékaïser GX,141/145,Rare Ultra,GRI
Draïeul GX,142/145,Rare Ultra,GRI
Pectorius,143/145,Rare Ultra,GRI
Tili,144/145,Rare Ultra,GRI
Barbara,145/145,Rare Ultra,GRI
Archéduc GX,146/145,Rare Rainbow,GRI
Félinferno GX,147/145,Rare Rainbow,GRI
Boumata GX,148/145,Rare Rainbow,GRI
Oratoria GX,149/145,Rare Rainbow,GRI
Feunard d’Alola GX,150/145,Rare Rainbow,GRI
Froussardine GX,151/145,Rare Rainbow,GRI
Lucanon GX,152/145,Rare Rainbow,GRI
Tokorico GX,153/145,Rare Rainbow,GRI
Prédastérie GX,154/145,Rare Rainbow,GRI
Tokopiyon GX,155/145,Rare Rainbow,GRI
Lougaroc GX,156/145,Rare Rainbow,GRI
Métalosse GX,157/145,Rare Rainbow,GRI
Metagross-GX,157a/145,Rare Ultra,GRI
Nymphali GX,158/145,Rare Rainbow,GRI
Ékaïser GX,159/145,Rare Rainbow,GRI
Draïeul GX,160/145,Rare Rainbow,GRI
Fortifiant Aquatique,161/145,Rare Secret,GRI
Maillet Amélioré,162/145,Rare Secret,GRI
Nettoyage de Terrain,163/145,Rare Secret,GRI
Potion Max,164/145,Rare Secret,GRI
Super Bonbon,165/145,Rare Secret,GRI
Double Énergie Incolore,166/145,Rare Secret,GRI
Énergie Plante,167/145,Rare Secret,GRI
Énergie Électrique,168/145,Rare Secret,GRI
Énergie Combat,169/145,Rare Secret,GRI
Insécateur,SV1/94,Rare Shiny,HIFSV
Brindibou,SV2/94,Rare Shiny,HIFSV
Efflèche,SV3/94,Rare Shiny,HIFSV
Sovkipou,SV4/94,Rare Shiny,HIFSV
Cancrelove,SV5/94,Rare Shiny,HIFSV
Salamèche,SV6/94,Rare Shiny,HIFSV
Reptincel,SV7/94,Rare Shiny,HIFSV
Goupix d’Alola,SV8/94,Rare Shiny,HIFSV
Axoloto,SV9/94,Rare Shiny,HIFSV
Maraiste,SV10/94,Rare Shiny,HIFSV
Grenousse,SV11/94,Rare Shiny,HIFSV
Croâporal,SV12/94,Rare Shiny,HIFSV
Voltorbe,SV13/94,Rare Shiny,HIFSV
Câblifère,SV14/94,Rare Shiny,HIFSV
Séviper,SV15/94,Rare Shiny,HIFSV
Polichombr,SV16/94,Rare Shiny,HIFSV
Sepiatop,SV17/94,Rare Shiny,HIFSV
Sepiatroce,SV18/94,Rare Shiny,HIFSV
Vémini,SV19/94,Rare Shiny,HIFSV
Simularbre,SV20/94,Rare Shiny,HIFSV
Riolu,SV21/94,Rare Shiny,HIFSV
Lucario,SV22/94,Rare Shiny,HIFSV
Rocabot,SV23/94,Rare Shiny,HIFSV
Mouscoto,SV24/94,Rare Shiny,HIFSV
Zorua,SV25/94,Rare Shiny,HIFSV
Engloutyran,SV26/94,Rare Shiny,HIFSV
Magnéti,SV27/94,Rare Shiny,HIFSV
Magnéton,SV28/94,Rare Shiny,HIFSV
Magnézone,SV29/94,Rare Shiny,HIFSV
Terhal,SV30/94,Rare Shiny,HIFSV
Métang,SV31/94,Rare Shiny,HIFSV
Bamboiselle,SV32/94,Rare Shiny,HIFSV
Katagami,SV33/94,Rare Shiny,HIFSV
Tarsal,SV34/94,Rare Shiny,HIFSV
Kirlia,SV35/94,Rare Shiny,HIFSV
Diancie,SV36/94,Rare Shiny,HIFSV
Altaria,SV37/94,Rare Shiny,HIFSV
Griknot,SV38/94,Rare Shiny,HIFSV
Carmache,SV39/94,Rare Shiny,HIFSV
Carchacrok,SV40/94,Rare Shiny,HIFSV
Évoli,SV41/94,Rare Shiny,HIFSV
Tylton,SV42/94,Rare Shiny,HIFSV
Sonistrelle,SV43/94,Rare Shiny,HIFSV
Gouroutan,SV44/94,Rare Shiny,HIFSV
Type:0,SV45/94,Rare Shiny,HIFSV
Phyllali-GX,SV46/94,Rare Shiny GX,HIFSV
Archéduc-GX,SV47/94,Rare Shiny GX,HIFSV
Sarmuraï-GX,SV48/94,Rare Shiny GX,HIFSV
Dracaufeu-GX,SV49/94,Rare Shiny GX,HIFSV
Ho-Oh-GX,SV50/94,Rare Shiny GX,HIFSV
Reshiram-GX,SV51/94,Rare Shiny GX,HIFSV
Boumata-GX,SV52/94,Rare Shiny GX,HIFSV
Feunard d’Alola-GX,SV53/94,Rare Shiny GX,HIFSV
Artikodin-GX,SV54/94,Rare Shiny GX,HIFSV
Givrali-GX,SV55/94,Rare Shiny GX,HIFSV
Amphinobi-GX,SV56/94,Rare Shiny GX,HIFSV
Électrode-GX,SV57/94,Rare Shiny GX,HIFSV
Câblifère-GX,SV58/94,Rare Shiny GX,HIFSV
Mewtwo-GX,SV59/94,Rare Shiny GX,HIFSV
Mentali-GX,SV60/94,Rare Shiny GX,HIFSV
Branette-GX,SV61/94,Rare Shiny GX,HIFSV
Zéroïd-GX,SV62/94,Rare Shiny GX,HIFSV
Mandrillon-GX,SV63/94,Rare Shiny GX,HIFSV
Lucario-GX,SV64/94,Rare Shiny GX,HIFSV
Zygarde-GX,SV65/94,Rare Shiny GX,HIFSV
Lougaroc-GX,SV66/94,Rare Shiny GX,HIFSV
Lougaroc-GX,SV67/94,Rare Shiny GX,HIFSV
Mouscoto-GX,SV68/94,Rare Shiny GX,HIFSV
Noctali-GX,SV69/94,Rare Shiny GX,HIFSV
Darkrai-GX,SV70/94,Rare Shiny GX,HIFSV
Engloutyran-GX,SV71/94,Rare Shiny GX,HIFSV
Cizayox-GX,SV72/94,Rare Shiny GX,HIFSV
Katagami-GX,SV73/94,Rare Shiny GX,HIFSV
Ama-Ama-GX,SV74/94,Rare Shiny GX,HIFSV
Gardevoir-GX,SV75/94,Rare Shiny GX,HIFSV
Nymphali-GX,SV76/94,Rare Shiny GX,HIFSV
Altaria-GX,SV77/94,Rare Shiny GX,HIFSV
Bruyverne-GX,SV78/94,Rare Shiny GX,HIFSV
Silvallié-GX,SV79/94,Rare Shiny GX,HIFSV
Draïeul-GX,SV80/94,Rare Shiny GX,HIFSV
Employés de la Fondation Æther,SV81/94,Rare Ultra,HIFSV
Cynthia,SV82/94,Rare Ultra,HIFSV
Pêcheur,SV83/94,Rare Ultra,HIFSV
Guzma,SV84/94,Rare Ultra,HIFSV
Montagnard,SV85/94,Rare Ultra,HIFSV
Mademoiselle,SV86/94,Rare Ultra,HIFSV
Réserve Naturelle du Paradis Æther,SV87/94,Rare Secret,HIFSV
Colline Clapotis,SV88/94,Rare Secret,HIFSV
Mont Couronné,SV89/94,Rare Secret,HIFSV
Chapelle des Châtiments,SV90/94,Rare Secret,HIFSV
Tokotoro-GX,SV91/94,Rare Secret,HIFSV
Tokopisco-GX,SV92/94,Rare Secret,HIFSV
Tokorico-GX,SV93/94,Rare Secret,HIFSV
Tokopiyon-GX,SV94/94,Rare Secret,HIFSV
Chenipan,1/68,Common,HIF
Chrysacier,2/68,Uncommon,HIF
Papilusion,3/68,Rare,HIF
Paras,4/68,Common,HIF
Insécateur,5/68,Uncommon,HIF
Scarabrute-GX,6/68,Rare Holo GX,HIF
Salamèche,7/68,Common,HIF
Reptincel,8/68,Uncommon,HIF
Dracaufeu-GX,9/68,Rare Holo GX,HIF
Magmar,10/68,Uncommon,HIF
Psykokwak,11/68,Common,HIF
Ramoloss,12/68,Common,HIF
Stari,13/68,Common,HIF
Staross-GX,14/68,Rare Holo GX,HIF
Magicarpe,15/68,Common,HIF
Léviator-GX,16/68,Rare Holo GX,HIF
Lokhlass,17/68,Rare,HIF
Aquali,18/68,Rare Holo,HIF
Pikachu,19/68,Common,HIF
Raichu-GX,20/68,Rare Holo GX,HIF
Voltorbe,21/68,Common,HIF
Électrode,22/68,Rare,HIF
Voltali,23/68,Rare,HIF
Électhor,24/68,Rare Holo,HIF
Abo,25/68,Common,HIF
Abo,26/68,Common,HIF
Arbok,27/68,Rare,HIF
Smogo,28/68,Common,HIF
Smogogo,29/68,Rare,HIF
Lippoutou,30/68,Uncommon,HIF
Mewtwo-GX,31/68,Rare Holo GX,HIF
Mew,32/68,Rare,HIF
Racaillou,33/68,Common,HIF
Gravalanch,34/68,Uncommon,HIF
Grolem,35/68,Rare,HIF
Onix-GX,36/68,Rare Holo GX,HIF
Osselait,37/68,Common,HIF
Mélofée,38/68,Common,HIF
Mélofée,39/68,Common,HIF
Mélodelfe,40/68,Rare,HIF
Rondoudou,41/68,Common,HIF
Grodoudou-GX,42/68,Rare Holo GX,HIF
M. Mime,43/68,Rare,HIF
"Sulfura, Électhor et Artikodin-GX",44/68,Rare Holo GX,HIF
Canarticho,45/68,Uncommon,HIF
Leveinard,46/68,Uncommon,HIF
Kangourex,47/68,Rare,HIF
Évoli,48/68,Rare Holo,HIF
Évoli,49/68,Common,HIF
Ronflex,50/68,Rare,HIF
Analyse de Léo,51/68,Rare,HIF
Dernière Chance d’Auguste,52/68,Rare,HIF
Vaillance de Pierre,53/68,Uncommon,HIF
Arène d’Argenta de Pierre,54/68,Uncommon,HIF
Entraînement de Pierre,55/68,Rare Holo,HIF
Hospitalité d’Erika,56/68,Rare,HIF
Exil de Giovanni,57/68,Uncommon,HIF
Jessie et James,58/68,Rare Holo,HIF
Piège de Koga,59/68,Uncommon,HIF
Stratégie de Major Bob,60/68,Uncommon,HIF
Arène d’Azuria d’Ondine,61/68,Uncommon,HIF
Détermination d’Ondine,62/68,Uncommon,HIF
Maîtrise Aquatique d’Ondine,63/68,Rare Holo,HIF
Dame du Centre Pokémon,64/68,Uncommon,HIF
Suggestion de Morgane,65/68,Uncommon,HIF
"Sulfura, Électhor et Artikodin-GX",66/68,Rare Ultra,HIF
Exil de Giovanni,67/68,Rare Ultra,HIF
Jessie et James,68/68,Rare Ultra,HIF
"Sulfura, Électhor et Artikodin-GX",69/68,Rare Rainbow,HIF
Saquedeneu,1/214,Common,LOT
Bouldeneu,2/214,Rare,LOT
Insécateur,3/214,Common,LOT
Scarabrute,4/214,Uncommon,LOT
Germignon,5/214,Common,LOT
Germignon,6/214,Common,LOT
Macronium,7/214,Uncommon,LOT
Méganium,8/214,Rare Holo,LOT
Mimigal,9/214,Common,LOT
Migalos,10/214,Uncommon,LOT
Granivol,11/214,Common,LOT
Granivol,12/214,Common,LOT
Floravol,13/214,Uncommon,LOT
Cotovol,14/214,Rare Holo,LOT
Pomdepik,15/214,Common,LOT
Caratroc,16/214,Uncommon,LOT
Caratroc GX,17/214,Rare Holo GX,LOT
Scarhino,18/214,Uncommon,LOT
Celebi ◇,19/214,Rare Prism Star,LOT
Arcko,20/214,Common,LOT
Massko,21/214,Uncommon,LOT
Jungko GX,22/214,Rare Holo GX,LOT
Chenipotte,23/214,Common,LOT
Chenipotte,24/214,Common,LOT
Armulys,25/214,Uncommon,LOT
Charmillon,26/214,Rare,LOT
Blindalys,27/214,Uncommon,LOT
Papinox,28/214,Rare,LOT
Ningale,29/214,Common,LOT
Ninjask,30/214,Uncommon,LOT
Apitrini,31/214,Common,LOT
Apireine,32/214,Uncommon,LOT
Shaymin,33/214,Rare Holo,LOT
Viridium GX,34/214,Rare Holo GX,LOT
Cabriolaine,35/214,Common,LOT
Chevroum,36/214,Uncommon,LOT
Tokotoro,37/214,Rare Holo,LOT
Sulfura,38/214,Rare,LOT
Héricendre,39/214,Common,LOT
Héricendre,40/214,Common,LOT
Feurisson,41/214,Uncommon,LOT
Typhlosion,42/214,Rare Holo,LOT
Limagma,43/214,Common,LOT
Volcaropod GX,44/214,Rare Holo GX,LOT
Malosse,45/214,Common,LOT
Démolosse,46/214,Rare,LOT
Entei,47/214,Rare,LOT
Heatran,48/214,Rare Holo,LOT
Victini,49/214,Rare,LOT
Hélionceau,50/214,Common,LOT
Némélios,51/214,Rare,LOT
Pierroteknik GX,52/214,Rare Holo GX,LOT
Goupix d’Alola,53/214,Common,LOT
Ramoloss,54/214,Common,LOT
Roigada,55/214,Rare,LOT
Lokhlass,56/214,Rare,LOT
Cadoizo,57/214,Uncommon,LOT
Démanta,58/214,Uncommon,LOT
Suicune,59/214,Rare Holo,LOT
Suicune GX,60/214,Rare Holo GX,LOT
Polarhume,61/214,Common,LOT
Polagriffe,62/214,Rare,LOT
Kyurem Blanc,63/214,Rare Holo,LOT
Otaquin,64/214,Common,LOT
Otaquin,65/214,Common,LOT
Otarlette,66/214,Uncommon,LOT
Oratoria,67/214,Rare,LOT
Vorastérie,68/214,Common,LOT
Prédastérie,69/214,Rare,LOT
Denticrisse,70/214,Common,LOT
Élektek,71/214,Uncommon,LOT
Élekable,72/214,Rare,LOT
Loupio,73/214,Common,LOT
Lanturn,74/214,Rare,LOT
Wattouat,75/214,Common,LOT
Wattouat,76/214,Common,LOT
Lainergie,77/214,Uncommon,LOT
Pharamp,78/214,Rare Holo,LOT
Raikou,79/214,Rare,LOT
Pachirisu,80/214,Common,LOT
Zébibron,81/214,Common,LOT
Zéblitz,82/214,Rare,LOT
Limonde,83/214,Common,LOT
Dedenne,84/214,Common,LOT
Tokorico,85/214,Rare Holo,LOT
Zeraora GX,86/214,Rare Holo GX,LOT
Natu,87/214,Common,LOT
Xatu,88/214,Uncommon,LOT
Mentali,89/214,Rare,LOT
Zarbi,90/214,Rare,LOT
Zarbi,91/214,Rare,LOT
Zarbi,92/214,Rare,LOT
Qulbutoké,93/214,Rare,LOT
Girafarig,94/214,Uncommon,LOT
Munja,95/214,Rare,LOT
Ténéfix,96/214,Uncommon,LOT
Giratina,97/214,Rare Holo,LOT
Cryptéro GX,98/214,Rare Holo GX,LOT
Tutafeh,99/214,Common,LOT
Tutankafer,100/214,Rare,LOT
Funécire,101/214,Common,LOT
Mélancolux,102/214,Uncommon,LOT
Lugulabre,103/214,Rare Holo,LOT
Meloetta,104/214,Rare,LOT
Vorastérie,105/214,Common,LOT
Zéroïd,106/214,Rare Holo,LOT
Vémini,107/214,Common,LOT
Mandrillon,108/214,Rare Holo,LOT
Onix,109/214,Common,LOT
Simularbre,110/214,Uncommon,LOT
Phanpy,111/214,Common,LOT
Donphan,112/214,Rare,LOT
Kapoera,113/214,Uncommon,LOT
Embrylex,114/214,Common,LOT
Embrylex,115/214,Common,LOT
Ymphect,116/214,Uncommon,LOT
Strassie,117/214,Common,LOT
Miaouss d’Alola,118/214,Common,LOT
Persian d’Alola,119/214,Rare,LOT
Noctali,120/214,Rare,LOT
Tyranocif GX,121/214,Rare Holo GX,LOT
Taupiqueur d’Alola,122/214,Common,LOT
Triopikeur d’Alola,123/214,Uncommon,LOT
Foretress,124/214,Rare,LOT
Steelix,125/214,Rare,LOT
Cizayox,126/214,Rare Holo,LOT
Dialga,127/214,Rare Holo,LOT
Fermite,128/214,Common,LOT
Cobaltium,129/214,Rare Holo,LOT
Genesect GX,130/214,Rare Holo GX,LOT
Magearna,131/214,Uncommon,LOT
Feunard d’Alola GX,132/214,Rare Holo GX,LOT
Rondoudou,133/214,Common,LOT
Grodoudou,134/214,Rare,LOT
Marill,135/214,Common,LOT
Azumarill,136/214,Rare,LOT
Snubbull,137/214,Common,LOT
Granbull,138/214,Rare,LOT
Tarsal,139/214,Common,LOT
Kirlia,140/214,Uncommon,LOT
Gardevoir,141/214,Rare Holo,LOT
Dedenne,142/214,Uncommon,LOT
Strassie,143/214,Uncommon,LOT
Xerneas ◇,144/214,Rare Prism Star,LOT
Bombydou,145/214,Common,LOT
Rubombelle,146/214,Rare,LOT
Spododo,147/214,Common,LOT
Lampignon,148/214,Uncommon,LOT
Mimiqui GX,149/214,Rare Holo GX,LOT
Tokopiyon,150/214,Rare Holo,LOT
Tokopisco,151/214,Rare Holo,LOT
Leveinard,152/214,Common,LOT
Leuphorie,153/214,Rare Holo,LOT
Métamorph ◇,154/214,Rare Prism Star,LOT
Évoli,155/214,Common,LOT
Cerfrousse,156/214,Uncommon,LOT
Queulorior,157/214,Rare,LOT
Écrémeuh,158/214,Rare,LOT
Lugia GX,159/214,Rare Holo GX,LOT
Ho-Oh,160/214,Rare,LOT
Kecleon,161/214,Uncommon,LOT
Kecleon,162/214,Uncommon,LOT
Picassaut,163/214,Common,LOT
Picassaut,164/214,Common,LOT
Piclairon,165/214,Uncommon,LOT
Bazoucan,166/214,Rare,LOT
Sac Aventure,167/214,Uncommon,LOT
Employés de la Fondation Æther,168/214,Uncommon,LOT
Casque Choix,169/214,Uncommon,LOT
Rattrape-Riposte,170/214,Uncommon,LOT
Attrape-Perso,171/214,Uncommon,LOT
Électropuissance,172/214,Uncommon,LOT
Electropower,172a/214,Uncommon,LOT
Saubohne,173/214,Uncommon,LOT
Amulette Féerique Grass,174/214,Uncommon,LOT
Amulette Féerique Psychic,175/214,Uncommon,LOT
Amulette Féerique Fighting,176/214,Uncommon,LOT
Amulette Féerique Dragon,177/214,Uncommon,LOT
Usine Thermique ◇,178/214,Rare Prism Star,LOT
Kahili,179/214,Uncommon,LOT
Forêt Vitale ◇,180/214,Rare Prism Star,LOT
Mixeur Perdu,181/214,Uncommon,LOT
Elsa-Mina ◇,182/214,Rare Prism Star,LOT
Oléa,183/214,Uncommon,LOT
Mélange d’Herbes,184/214,Uncommon,LOT
Lait Meumeu,185/214,Uncommon,LOT
Mortimer,186/214,Uncommon,LOT
Filet Ball,187/214,Uncommon,LOT
Net Ball,187a/214,Uncommon,LOT
Cours du Professeur Orme,188/214,Uncommon,LOT
Professor Elm's Lecture,188a/214,Uncommon,LOT
Vacancière,189/214,Uncommon,LOT
Vacancière,189a/214,Uncommon,LOT
Rune Sort,190/214,Uncommon,LOT
Mont Tonnerre ◇,191/214,Rare Prism Star,LOT
Marteau Attends Voir,192/214,Uncommon,LOT
Blanche,193/214,Uncommon,LOT
Énergie Mémoire,194/214,Uncommon,LOT
Caratroc GX,195/214,Rare Ultra,LOT
Jungko GX,196/214,Rare Ultra,LOT
Viridium GX,197/214,Rare Ultra,LOT
Volcaropod GX,198/214,Rare Ultra,LOT
Pierroteknik GX,199/214,Rare Ultra,LOT
Suicune GX,200/214,Rare Ultra,LOT
Zeraora GX,201/214,Rare Ultra,LOT
Cryptéro GX,202/214,Rare Ultra,LOT
Tyranocif GX,203/214,Rare Ultra,LOT
Genesect GX,204/214,Rare Ultra,LOT
Feunard d’Alola GX,205/214,Rare Ultra,LOT
Mimiqui GX,206/214,Rare Ultra,LOT
Lugia GX,207/214,Rare Ultra,LOT
Saubohne,208/214,Rare Ultra,LOT
Juge,209/214,Rare Ultra,LOT
Kahili,210/214,Rare Ultra,LOT
Oléa,211/214,Rare Ultra,LOT
Mortimer,212/214,Rare Ultra,LOT
Cours du Professeur Orme,213/214,Rare Ultra,LOT
Blanche,214/214,Rare Ultra,LOT
Caratroc GX,215/214,Rare Rainbow,LOT
Jungko GX,216/214,Rare Rainbow,LOT
Viridium GX,217/214,Rare Rainbow,LOT
Volcaropod GX,218/214,Rare Rainbow,LOT
Pierroteknik GX,219/214,Rare Rainbow,LOT
Suicune GX,220/214,Rare Rainbow,LOT
Zeraora GX,221/214,Rare Rainbow,LOT
Cryptéro GX,222/214,Rare Rainbow,LOT
Tyranocif GX,223/214,Rare Rainbow,LOT
Genesect GX,224/214,Rare Rainbow,LOT
Feunard d’Alola GX,225/214,Rare Rainbow,LOT
Mimiqui GX,226/214,Rare Rainbow,LOT
Lugia GX,227/214,Rare Rainbow,LOT
Sac Aventure,228/214,Rare Secret,LOT
Casque Choix,229/214,Rare Secret,LOT
Rattrape-Riposte,230/214,Rare Secret,LOT
Attrape-Perso,231/214,Rare Secret,LOT
Électropuissance,232/214,Rare Secret,LOT
Mixeur Perdu,233/214,Rare Secret,LOT
Filet Ball,234/214,Rare Secret,LOT
Rune Sort,235/214,Rare Secret,LOT
Marteau Attends Voir,236/214,Rare Secret,LOT
Bulbizarre,1/73,Common,SLG
Herbizarre,2/73,Common,SLG
Florizarre,3/73,Uncommon,SLG
Balignon,4/73,Common,SLG
Chapignon,5/73,Common,SLG
Vortente,6/73,Uncommon,SLG
Shaymin,7/73,Rare Holo,SLG
Viridium,8/73,Rare Holo,SLG
Genesect Brillant,9/73,Rare Shining,SLG
Entei GX,10/73,Rare Holo GX,SLG
Entei-GX,10a/73,Rare Holo GX,SLG
Chartor,11/73,Common,SLG
Pyronille,12/73,Common,SLG
Pyrax,13/73,Uncommon,SLG
Reshiram,14/73,Rare Holo,SLG
Flamiaou,15/73,Common,SLG
Matoufeu,16/73,Common,SLG
Félinferno,17/73,Uncommon,SLG
Kaiminus,18/73,Common,SLG
Crocrodil,19/73,Common,SLG
Aligatueur,20/73,Uncommon,SLG
Qwilfish,21/73,Common,SLG
Mustébouée,22/73,Common,SLG
Mustéflott,23/73,Uncommon,SLG
Palkia,24/73,Rare Holo,SLG
Manaphy,25/73,Rare Holo,SLG
Keldeo,26/73,Rare Holo,SLG
Volcanion Brillant,27/73,Rare Shining,SLG
Pikachu,28/73,Common,SLG
Raichu GX,29/73,Rare Holo GX,SLG
Voltorbe,30/73,Common,SLG
Électrode,31/73,Uncommon,SLG
Raikou,32/73,Rare Holo,SLG
Posipi,33/73,Common,SLG
Négapi,34/73,Common,SLG
Zekrom,35/73,Rare Holo,SLG
Abo,36/73,Common,SLG
Arbok,37/73,Uncommon,SLG
Lippoutou,38/73,Common,SLG
Mewtwo GX,39/73,Rare Holo GX,SLG
Mew Brillant,40/73,Rare Shining,SLG
Latios,41/73,Rare Holo,SLG
Jirachi Brillant,42/73,Rare Shining,SLG
Gringolem,43/73,Common,SLG
Golemastoc,44/73,Uncommon,SLG
Marshadow,45/73,Rare Holo,SLG
Limonde,46/73,Common,SLG
Spiritomb,47/73,Uncommon,SLG
Chacripan,48/73,Common,SLG
Léopardus,49/73,Uncommon,SLG
Baggiguane,50/73,Common,SLG
Baggaïd,51/73,Uncommon,SLG
Zorua,52/73,Common,SLG
Zoroark GX,53/73,Rare Holo GX,SLG
Yveltal,54/73,Rare Holo,SLG
Hoopa,55/73,Rare Holo,SLG
Rayquaza Brillant,56/73,Rare Shining,SLG
Arceus Brillant,57/73,Rare Shining,SLG
Déplace Dégâts,58/73,Uncommon,SLG
Récupération d’Énergie,59/73,Uncommon,SLG
Super Ball,60/73,Uncommon,SLG
Tili,61/73,Uncommon,SLG
Lilie,62/73,Uncommon,SLG
Éleveuse de Pokémon,63/73,Uncommon,SLG
Attrape-Pokémon,64/73,Uncommon,SLG
Chrys,65/73,Uncommon,SLG
Super Rappel,66/73,Uncommon,SLG
Échange,67/73,Uncommon,SLG
Hyper Ball,68/73,Uncommon,SLG
Hyper Ball,68a/73,Uncommon,SLG
Double Énergie Incolore,69/73,Uncommon,SLG
Énergie de Distorsion,70/73,Uncommon,SLG
Entei GX,71/73,Rare Ultra,SLG
Mewtwo GX,72/73,Rare Ultra,SLG
Éleveuse de Pokémon,73/73,Rare Ultra,SLG
Entei GX,74/73,Rare Rainbow,SLG
Raichu GX,75/73,Rare Rainbow,SLG
Mewtwo GX,76/73,Rare Rainbow,SLG
Zoroark GX,77/73,Rare Rainbow,SLG
Zoroark-GX,77a/73,Rare Ultra,SLG
Mewtwo GX,78/73,Rare Secret,SLG
Brindibou,SM01/248,Promo,SMP
Flamiaou,SM02/248,Promo,SMP
Otaquin,SM03/248,Promo,SMP
Pikachu,SM04/248,Promo,SMP
Ronflex GX,SM05/248,Promo,SMP
Rocabot,SM06/248,Promo,SMP
Picassaut,SM07/248,Promo,SMP
Flamiaou,SM08/248,Promo,SMP
Togedemaru,SM09/248,Promo,SMP
Lampignon,SM10/248,Promo,SMP
Denticrisse,SM11/248,Promo,SMP
Quartermac,SM12/248,Promo,SMP
Gouroutan,SM13/248,Promo,SMP
Lougaroc GX,SM14/248,Promo,SMP
Zygarde,SM15/248,Promo,SMP
Solgaleo GX,SM16/248,Promo,SMP
Lunala GX,SM17/248,Promo,SMP
Sablaireau d’Alola,SM18/248,Promo,SMP
Plumeline,SM19/248,Promo,SMP
Bourrinos,SM20/248,Promo,SMP
Draïeul,SM21/248,Promo,SMP
Brindibou,SM22/248,Promo,SMP
Flamiaou,SM23/248,Promo,SMP
Otaquin,SM24/248,Promo,SMP
Floramantis,SM25/248,Promo,SMP
Sucreine,SM26/248,Promo,SMP
Boumata,SM27/248,Promo,SMP
Lucanon,SM28/248,Promo,SMP
Mimiqui,SM29/248,Promo,SMP
Tokorico,SM30/248,Promo,SMP
Tapu Koko,SM30a/248,Promo,SMP
Tokorico,SM31/248,Promo,SMP
Tokotoro GX,SM32/248,Promo,SMP
Tokorico GX,SM33/248,Promo,SMP
Chelours GX,SM34/248,Promo,SMP
Mentali GX,SM35/248,Promo,SMP
Noctali GX,SM36/248,Promo,SMP
Archéduc GX,SM37/248,Promo,SMP
Félinferno GX,SM38/248,Promo,SMP
Oratoria GX,SM39/248,Promo,SMP
Bébécaille,SM40/248,Promo,SMP
Dodoala,SM41/248,Promo,SMP
Cosmog,SM42/248,Promo,SMP
Miaouss d’Alola,SM43/248,Promo,SMP
Togedemaru,SM44/248,Promo,SMP
Tokopiyon,SM45/248,Promo,SMP
Séviper,SM46/248,Promo,SMP
Crabominable,SM47/248,Promo,SMP
Zygarde,SM48/248,Promo,SMP
Chelours,SM49/248,Promo,SMP
Tokorico GX,SM50/248,Promo,SMP
Miaouss d’Alola,SM51/248,Promo,SMP
Sarmuraï,SM52/248,Promo,SMP
Sinistrail,SM53/248,Promo,SMP
Lucario,SM54/248,Promo,SMP
Archéduc,SM55/248,Promo,SMP
Sucreine GX,SM56/248,Promo,SMP
Ho-Oh GX,SM57/248,Promo,SMP
Necrozma GX,SM58/248,Promo,SMP
Marshadow GX,SM59/248,Promo,SMP
Dracaufeu GX,SM60/248,Promo,SMP
Tokotoro,SM61/248,Promo,SMP
Sarmuraï GX,SM62/248,Promo,SMP
Malamandre GX,SM63/248,Promo,SMP
Silvallié,SM64/248,Promo,SMP
Raichu d’Alola,SM65/248,Promo,SMP
Cancrelove GX,SM66/248,Promo,SMP
Bamboiselle GX,SM67/248,Promo,SMP
Câblifère GX,SM68/248,Promo,SMP
Mouscoto GX,SM69/248,Promo,SMP
Ho-Oh Brillant,SM70/248,Promo,SMP
Ékaïser GX,SM71/248,Promo,SMP
Raichu d’Alola,SM72/248,Promo,SMP
Malamandre,SM73/248,Promo,SMP
Regirock,SM74/248,Promo,SMP
Registeel,SM75/248,Promo,SMP
Pikachu,SM76/248,Promo,SMP
Mewtwo,SM77/248,Promo,SMP
Festival des Champions,SM78/248,Promo,SMP
Celebi Brillant,SM79/248,Promo,SMP
Ho-Oh GX,SM80/248,Promo,SMP
Pikachu,SM81/248,Promo,SMP
Lugia Brillant,SM82/248,Promo,SMP
Zorua,SM83/248,Promo,SMP
Zoroark GX,SM84/248,Promo,SMP
Marshadow,SM85/248,Promo,SMP
Pikachu,SM86/248,Promo,SMP
Latias,SM87/248,Promo,SMP
Latios,SM88/248,Promo,SMP
Zoroark,SM89/248,Promo,SMP
Raichu GX,SM90/248,Promo,SMP
Silvallié GX,SM91/248,Promo,SMP
Tokopisco,SM92/248,Promo,SMP
Marshadow,SM93/248,Promo,SMP
Motisma Lavage,SM94/248,Promo,SMP
Lucario,SM95/248,Promo,SMP
Heatran,SM96/248,Promo,SMP
Argouste,SM97/248,Promo,SMP
Pikachu,SM98/248,Promo,SMP
Mimiqui,SM99/248,Promo,SMP
Lucario GX,SM100/248,Promo,SMP
Necrozma Ailes de l’Aurore GX,SM101/248,Promo,SMP
Necrozma Crinière du Couchant GX,SM102/248,Promo,SMP
Lunala GX,SM103/248,Promo,SMP
Lunala-GX,SM103a/248,Promo,SMP
Solgaleo GX,SM104/248,Promo,SMP
Solgaleo-GX,SM104a/248,Promo,SMP
Lougaroc,SM105/248,Promo,SMP
Necrozma Ailes de l’Aurore,SM106/248,Promo,SMP
Necrozma Crinière du Couchant,SM107/248,Promo,SMP
Pikachu de Sacha,SM108/248,Promo,SMP
Pikachu de Sacha,SM109/248,Promo,SMP
Pikachu de Sacha,SM110/248,Promo,SMP
Pikachu de Sacha,SM111/248,Promo,SMP
Pikachu de Sacha,SM112/248,Promo,SMP
Pikachu de Sacha,SM113/248,Promo,SMP
Pikachu de Sacha,SM114/248,Promo,SMP
Cancrelove,SM115/248,Promo,SMP
Câblifère,SM116/248,Promo,SMP
Sepiatroce,SM117/248,Promo,SMP
Lougaroc,SM118/248,Promo,SMP
Noeunoeuf,SM119/248,Promo,SMP
Rocabot,SM120/248,Promo,SMP
Raikou GX,SM121/248,Promo,SMP
Zygarde GX,SM122/248,Promo,SMP
Necrozma Ailes de l’Aurore,SM123/248,Promo,SMP
Necrozma Crinière du Couchant,SM124/248,Promo,SMP
Mandrillon GX,SM125/248,Promo,SMP
Ultra-Necrozma GX,SM126/248,Promo,SMP
Sablaireau d’Alola,SM127/248,Promo,SMP
Feunard d’Alola,SM128/248,Promo,SMP
Kyogre,SM129/248,Promo,SMP
Élecsprint,SM130/248,Promo,SMP
Bamboiselle,SM131/248,Promo,SMP
Delcatty,SM132/248,Promo,SMP
Fulguris GX,SM133/248,Promo,SMP
Boréas GX,SM134/248,Promo,SMP
Latias,SM135/248,Promo,SMP
Latios,SM136/248,Promo,SMP
Reshiram GX,SM137/248,Promo,SMP
Zekrom GX,SM138/248,Promo,SMP
Drattak GX,SM139/248,Promo,SMP
Drattak,SM140/248,Promo,SMP
Kyurem Blanc GX,SM141/248,Promo,SMP
Kyurem,SM142/248,Promo,SMP
Sulfura,SM143/248,Promo,SMP
Artikodin,SM144/248,Promo,SMP
Électhor,SM145/248,Promo,SMP
Phyllali GX,SM146/248,Promo,SMP
Givrali GX,SM147/248,Promo,SMP
Festival des Champions,SM148/248,Promo,SMP
Suicune,SM149/248,Promo,SMP
Raikou,SM150/248,Promo,SMP
Giratina,SM151/248,Promo,SMP
Tokopiyon,SM152/248,Promo,SMP
Brindibou,SM153/248,Promo,SMP
Tritox,SM154/248,Promo,SMP
Hyporoi GX,SM155/248,Promo,SMP
Dracolosse GX,SM156/248,Promo,SMP
Pikachu,SM157/248,Promo,SMP
Dracaufeu,SM158/248,Promo,SMP
Électhor,SM159/248,Promo,SMP
Nidoqueen,SM160/248,Promo,SMP
Jirachi,SM161/248,Promo,SMP
Pikachu,SM162/248,Promo,SMP
Mimiqui,SM163/248,Promo,SMP
Deoxys,SM164/248,Promo,SMP
Ultra-Necrozma,SM165/248,Promo,SMP
Magicarpe et Wailord GX,SM166/248,Promo,SMP
Celebi et Florizarre GX,SM167/248,Promo,SMP
Pikachu et Zekrom GX,SM168/248,Promo,SMP
Évoli et Ronflex GX,SM169/248,Promo,SMP
Détective Pikachu,SM170/248,Promo,SMP
Pyroli GX,SM171/248,Promo,SMP
Aquali GX,SM172/248,Promo,SMP
Voltali GX,SM173/248,Promo,SMP
Évoli GX,SM174/248,Promo,SMP
Évoli GX,SM175/248,Promo,SMP
Évoli GX,SM176/248,Promo,SMP
Meltan,SM177/248,Promo,SMP
Melmetal GX,SM178/248,Promo,SMP
Volcanion,SM179/248,Promo,SMP
Ama-Ama,SM180/248,Promo,SMP
Melmetal,SM181/248,Promo,SMP
Persian,SM182/248,Promo,SMP
Pikachu,SM183/248,Promo,SMP
Évoli,SM184/248,Promo,SMP
Typhlosion,SM185/248,Promo,SMP
Pyroli,SM186/248,Promo,SMP
Ossatueur d’Alola GX,SM187/248,Promo,SMP
Kangourex GX,SM188/248,Promo,SMP
Tortank GX,SM189/248,Promo,SMP
Détective Pikachu,SM190/248,Promo,SMP
Mewtwo et Mew GX,SM191/248,Promo,SMP
Lucario et Melmetal GX,SM192/248,Promo,SMP
Carchacrok et Giratina GX,SM193/248,Promo,SMP
Détective Pikachu,SM194/248,Promo,SMP
Dracaufeu GX,SM195/248,Promo,SMP
Mewtwo GX,SM196/248,Promo,SMP
Amphinobi GX,SM197/248,Promo,SMP
Bulbizarre,SM198/248,Promo,SMP
Psykokwak,SM199/248,Promo,SMP
Snubbull,SM200/248,Promo,SMP
Reshiram et Dracaufeu GX,SM201/248,Promo,SMP
Gaulet,SM202/248,Promo,SMP
Tokopisco,SM203/248,Promo,SMP
Necrozma,SM204/248,Promo,SMP
Terrakium,SM205/248,Promo,SMP
Pikachu,SM206/248,Promo,SMP
Simularbre,SM207/248,Promo,SMP
Lucanon,SM208/248,Promo,SMP
Ama-Ama,SM209/248,Promo,SMP
"Sulfura, Électhor et Artikodin GX",SM210/248,Promo,SMP
Dracaufeu GX,SM211/248,Promo,SMP
Léviator GX,SM212/248,Promo,SMP
Raichu GX,SM213/248,Promo,SMP
Mewtwo,SM214/248,Promo,SMP
Mew,SM215/248,Promo,SMP
Porygon-Z GX,SM216/248,Promo,SMP
Desséliande et Noctunoir GX,SM217/248,Promo,SMP
Mouscoto,SM218/248,Promo,SMP
Entei,SM219/248,Promo,SMP
Phione,SM220/248,Promo,SMP
Pierroteknik,SM221/248,Promo,SMP
Magirêve,SM222/248,Promo,SMP
Terrakium,SM223/248,Promo,SMP
Celebi,SM224/248,Promo,SMP
Victini,SM225/248,Promo,SMP
Dracaufeu,SM226/248,Promo,SMP
Pikachu,SM227/248,Promo,SMP
Armored Mewtwo,SM228/248,Promo,SMP
Florizarre et Vipélierre GX,SM229/248,Promo,SMP
Dracaufeu et Roussil GX,SM230/248,Promo,SMP
Festival des Champions,SM231/248,Promo,SMP
Pikachu GX,SM232/248,Promo,SMP
Évoli GX,SM233/248,Promo,SMP
Pikachu,SM234/248,Promo,SMP
Évoli,SM235/248,Promo,SMP
Sablaireau d’Alola GX,SM236/248,Promo,SMP
Phyllali,SM237/248,Promo,SMP
Givrali,SM238/248,Promo,SMP
Mégapagos GX,SM239/248,Promo,SMP
Mentali et Deoxys GX,SM240/248,Promo,SMP
Noctali et Darkrai GX,SM241/248,Promo,SMP
Évoli GX,SM242/248,Promo,SMP
Regigigas,SM243/248,Promo,SMP
Capumain,SM244/248,Promo,SMP
Magirêve,SM245/248,Promo,SMP
Morgane et Zhu,SM246/248,Promo,SMP
Reshiram et Dracaufeu GX,SM247/248,Promo,SMP
Pikachu et Zekrom GX,SM248/248,Promo,SMP
Chenipan,1/149,Common,SUM
Chrysacier,2/149,Uncommon,SUM
Papilusion,3/149,Rare,SUM
Paras,4/149,Common,SUM
Parasect,5/149,Rare,SUM
Scarabrute,6/149,Uncommon,SUM
Arakdo,7/149,Common,SUM
Maskadra,8/149,Rare,SUM
Brindibou,9/149,Common,SUM
Efflèche,10/149,Uncommon,SUM
Archéduc,11/149,Rare,SUM
Archéduc GX,12/149,Rare Holo GX,SUM
Larvibule,13/149,Common,SUM
Mimantis,14/149,Common,SUM
Floramantis GX,15/149,Rare Holo GX,SUM
Spododo,16/149,Common,SUM
Lampignon,17/149,Rare Holo,SUM
Croquine,18/149,Common,SUM
Candine,19/149,Uncommon,SUM
Sucreine,20/149,Rare Holo,SUM
Caninos,21/149,Common,SUM
Arcanin,22/149,Rare Holo,SUM
Chartor,23/149,Common,SUM
Flamiaou,24/149,Common,SUM
Matoufeu,25/149,Uncommon,SUM
Félinferno,26/149,Rare,SUM
Félinferno GX,27/149,Rare Holo GX,SUM
Psykokwak,28/149,Common,SUM
Akwakwak,29/149,Rare,SUM
Ptitard,30/149,Common,SUM
Têtarte,31/149,Uncommon,SUM
Tartard,32/149,Rare Holo,SUM
Kokiyas,33/149,Common,SUM
Crustabri,34/149,Rare,SUM
Lokhlass GX,35/149,Rare Holo GX,SUM
Corayon,36/149,Uncommon,SUM
Goélise,37/149,Common,SUM
Bekipan,38/149,Uncommon,SUM
Otaquin,39/149,Common,SUM
Otarlette,40/149,Uncommon,SUM
Oratoria,41/149,Rare,SUM
Oratoria GX,42/149,Rare Holo GX,SUM
Crabominable,43/149,Rare,SUM
Froussardine,44/149,Uncommon,SUM
Araqua,45/149,Common,SUM
Tarenbulle,46/149,Uncommon,SUM
Concombaffe,47/149,Uncommon,SUM
Denticrisse,48/149,Rare,SUM
Loupio,49/149,Common,SUM
Lanturn,50/149,Rare,SUM
Chrysapile,51/149,Uncommon,SUM
Lucanon,52/149,Rare Holo,SUM
Togedemaru,53/149,Common,SUM
Nosferapti,54/149,Common,SUM
Nosferalto,55/149,Uncommon,SUM
Nostenfer,56/149,Rare Holo,SUM
Tadmorv d’Alola,57/149,Common,SUM
Grotadmorv d’Alola,58/149,Rare Holo,SUM
Soporifik,59/149,Common,SUM
Hypnomade,60/149,Uncommon,SUM
Mentali GX,61/149,Rare Holo GX,SUM
Vorastérie,62/149,Common,SUM
Prédastérie,63/149,Rare Holo,SUM
Cosmog,64/149,Common,SUM
Cosmovum,65/149,Rare,SUM
Lunala GX,66/149,Rare Holo GX,SUM
Makuhita,67/149,Common,SUM
Hariyama,68/149,Rare,SUM
Nodulithe,69/149,Common,SUM
Géolithe,70/149,Uncommon,SUM
Gigalithe,71/149,Rare Holo,SUM
Crabagarre,72/149,Common,SUM
Quartermac,73/149,Uncommon,SUM
Bacabouh,74/149,Common,SUM
Trépassable,75/149,Rare,SUM
Rattata d’Alola,76/149,Common,SUM
Rattatac d’Alola,77/149,Uncommon,SUM
Miaouss d’Alola,78/149,Common,SUM
Persian d’Alola,79/149,Uncommon,SUM
Noctali GX,80/149,Rare Holo GX,SUM
Carvanha,81/149,Common,SUM
Sharpedo,82/149,Rare Holo,SUM
Mascaïman,83/149,Common,SUM
Escroco,84/149,Uncommon,SUM
Crocorible,85/149,Rare Holo,SUM
Taupiqueur d’Alola,86/149,Common,SUM
Triopikeur d’Alola,87/149,Rare Holo,SUM
Airmure,88/149,Common,SUM
Solgaleo GX,89/149,Rare Holo GX,SUM
Snubbull,90/149,Common,SUM
Granbull,91/149,Uncommon,SUM
Bombydou,92/149,Common,SUM
Rubombelle,93/149,Rare Holo,SUM
Minidraco,94/149,Common,SUM
Draco,95/149,Uncommon,SUM
Dracolosse,96/149,Rare Holo,SUM
Piafabec,97/149,Common,SUM
Rapasdepic,98/149,Common,SUM
Kangourex,99/149,Rare Holo,SUM
Tauros GX,100/149,Rare Holo GX,SUM
Évoli,101/149,Common,SUM
Évoli,101a/149,Common,SUM
Spinda,102/149,Uncommon,SUM
Ponchiot,103/149,Common,SUM
Ponchien,104/149,Uncommon,SUM
Mastouffe,105/149,Rare,SUM
Picassaut,106/149,Common,SUM
Piclairon,107/149,Uncommon,SUM
Bazoucan,108/149,Rare,SUM
Manglouton,109/149,Common,SUM
Argouste GX,110/149,Rare Holo GX,SUM
Nounourson,111/149,Common,SUM
Chelours,112/149,Rare,SUM
Gouroutan,113/149,Rare Holo,SUM
Malasada Maxi,114/149,Uncommon,SUM
Maillet Écrasant,115/149,Uncommon,SUM
Récupération d’Énergie,116/149,Uncommon,SUM
Échange d’Énergie,117/149,Uncommon,SUM
Multi Exp,118/149,Uncommon,SUM
Super Ball,119/149,Uncommon,SUM
Tili,120/149,Uncommon,SUM
Althéo,121/149,Uncommon,SUM
Lilie,122/149,Uncommon,SUM
Faiblo Ball,123/149,Uncommon,SUM
Pic Venin,124/149,Uncommon,SUM
Poké Ball,125/149,Uncommon,SUM
Attrape-Pokémon,126/149,Uncommon,SUM
Potion,127/149,Uncommon,SUM
Prof. Euphorbe,128/149,Uncommon,SUM
Super Bonbon,129/149,Uncommon,SUM
Repousse,130/149,Uncommon,SUM
Motisma-Dex,131/149,Uncommon,SUM
Échange,132/149,Uncommon,SUM
Sbire de la Team Skull,133/149,Uncommon,SUM
Chrono Ball,134/149,Uncommon,SUM
Hyper Ball,135/149,Uncommon,SUM
Double Énergie Incolore,136/149,Uncommon,SUM
Énergie Multicolore,137/149,Uncommon,SUM
Floramantis GX,138/149,Rare Ultra,SUM
Lokhlass GX,139/149,Rare Ultra,SUM
Mentali GX,140/149,Rare Ultra,SUM
Lunala GX,141/149,Rare Ultra,SUM
Noctali GX,142/149,Rare Ultra,SUM
Solgaleo GX,143/149,Rare Ultra,SUM
Tauros GX,144/149,Rare Ultra,SUM
Argouste GX,145/149,Rare Ultra,SUM
Althéo,146/149,Rare Ultra,SUM
Lilie,147/149,Rare Ultra,SUM
Prof. Euphorbe,148/149,Rare Ultra,SUM
Sbire de la Team Skull,149/149,Rare Ultra,SUM
Floramantis GX,150/149,Rare Rainbow,SUM
Lokhlass GX,151/149,Rare Rainbow,SUM
Mentali GX,152/149,Rare Rainbow,SUM
Lunala GX,153/149,Rare Rainbow,SUM
Noctali GX,154/149,Rare Rainbow,SUM
Solgaleo GX,155/149,Rare Rainbow,SUM
Tauros GX,156/149,Rare Rainbow,SUM
Argouste GX,157/149,Rare Rainbow,SUM
Faiblo Ball,158/149,Rare Secret,SUM
Motisma-Dex,159/149,Rare Secret,SUM
Échange,160/149,Rare Secret,SUM
Hyper Ball,161/149,Rare Secret,SUM
Énergie Psy,162/149,Rare Secret,SUM
Énergie Métal,163/149,Rare Secret,SUM
Grass Energy,164/149,Common,SUM
Fire Energy,165/149,Common,SUM
Water Energy,166/149,Common,SUM
Lightning Energy,167/149,Common,SUM
Psychic Energy,168/149,Common,SUM
Fighting Energy,169/149,Common,SUM
Darkness Energy,170/149,Common,SUM
Metal Energy,171/149,Common,SUM
Fairy Energy,172/149,Common,SUM
Celebi et Florizarre GX,1/181,Rare Holo GX,TEU
Aspicot,2/181,Common,TEU
Aspicot,3/181,Common,TEU
Coconfort,4/181,Uncommon,TEU
Dardargnan,5/181,Rare,TEU
Paras,6/181,Common,TEU
Parasect,7/181,Rare,TEU
Noeunoeuf,8/181,Common,TEU
Scarabrute,9/181,Rare,TEU
Shaymin ◇,10/181,Rare Prism Star,TEU
Salamèche,11/181,Common,TEU
Salamèche,12/181,Common,TEU
Reptincel,13/181,Uncommon,TEU
Dracaufeu,14/181,Rare,TEU
Goupix,15/181,Common,TEU
Feunard,16/181,Rare,TEU
Ponyta,17/181,Common,TEU
Galopa,18/181,Uncommon,TEU
Sulfura,19/181,Rare Holo,TEU
Flamiaou,20/181,Common,TEU
Matoufeu,21/181,Uncommon,TEU
Carapuce,22/181,Common,TEU
Carapuce,23/181,Common,TEU
Carabaffe,24/181,Uncommon,TEU
Tortank,25/181,Rare,TEU
Psykokwak,26/181,Common,TEU
Akwakwak,27/181,Uncommon,TEU
Stari,28/181,Common,TEU
Magicarpe,29/181,Common,TEU
Léviator,30/181,Rare Holo,TEU
Lokhlass,31/181,Rare,TEU
Artikodin,32/181,Rare Holo,TEU
Pikachu et Zekrom GX,33/181,Rare Holo GX,TEU
Racaillou d’Alola,34/181,Common,TEU
Racaillou d’Alola,35/181,Common,TEU
Gravalanch d’Alola,36/181,Uncommon,TEU
Grolem d’Alola,37/181,Rare,TEU
Voltorbe,38/181,Common,TEU
Électrode,39/181,Rare Holo,TEU
Électhor,40/181,Rare Holo,TEU
Wattouat,41/181,Common,TEU
Lainergie,42/181,Uncommon,TEU
Pharamp GX,43/181,Rare Holo GX,TEU
Zébibron,44/181,Common,TEU
Zéblitz,45/181,Rare,TEU
Emolga,46/181,Common,TEU
Statitik,47/181,Common,TEU
Mygavolt,48/181,Rare,TEU
Galvaran,49/181,Common,TEU
Iguolta,50/181,Uncommon,TEU
Tokorico ◇,51/181,Rare Prism Star,TEU
Zeraora,52/181,Rare Holo,TEU
Ectoplasma et Mimiqui GX,53/181,Rare Holo GX,TEU
Nidoran♀,54/181,Common,TEU
Nidorina,55/181,Uncommon,TEU
Nidoqueen,56/181,Rare,TEU
Nidoran♂,57/181,Common,TEU
Nidorino,58/181,Uncommon,TEU
Nidoking,59/181,Rare,TEU
Tentacool,60/181,Common,TEU
Tentacruel,61/181,Uncommon,TEU
Tadmorv,62/181,Common,TEU
Grotadmorv,63/181,Rare,TEU
Ossatueur d’Alola,64/181,Rare,TEU
Staross,65/181,Rare,TEU
M. Mime,66/181,Rare,TEU
M. Mime GX,67/181,Rare Holo GX,TEU
Lippoutou,68/181,Uncommon,TEU
Cosmog,69/181,Common,TEU
Cosmovum,70/181,Uncommon,TEU
Férosinge,71/181,Common,TEU
Colossinge,72/181,Rare,TEU
Kicklee,73/181,Uncommon,TEU
Tygnon,74/181,Uncommon,TEU
Amonita,75/181,Uncommon,TEU
Amonistar,76/181,Rare Holo,TEU
Kabuto,77/181,Uncommon,TEU
Kabutops,78/181,Rare,TEU
Embrylex,79/181,Common,TEU
Ymphect,80/181,Uncommon,TEU
Pandespiègle,81/181,Common,TEU
Lougaroc GX,82/181,Rare Holo GX,TEU
Tadmorv d’Alola,83/181,Common,TEU
Grotadmorv d’Alola,84/181,Rare,TEU
Tyranocif,85/181,Rare Holo,TEU
Medhyèna,86/181,Common,TEU
Grahyèna,87/181,Rare,TEU
Absol,88/181,Rare Holo,TEU
Spiritomb,89/181,Uncommon,TEU
Zorua,90/181,Common,TEU
Zoroark,91/181,Rare Holo,TEU
Vostourno,92/181,Common,TEU
Vaututrice,93/181,Rare,TEU
Pandarbare,94/181,Rare,TEU
Yveltal,95/181,Rare Holo,TEU
Hoopa GX,96/181,Rare Holo GX,TEU
Félinferno GX,97/181,Rare Holo GX,TEU
Airmure,98/181,Rare,TEU
Jirachi,99/181,Rare Holo,TEU
Archéomire,100/181,Common,TEU
Archéodong,101/181,Rare,TEU
Grindur,102/181,Common,TEU
Noacier,103/181,Rare,TEU
Scalpion,104/181,Common,TEU
Scalproie,105/181,Rare,TEU
Cobaltium GX,106/181,Rare Holo GX,TEU
Monorpale,107/181,Common,TEU
Dimoclès,108/181,Uncommon,TEU
Exagide,109/181,Rare Holo,TEU
Trousselin,110/181,Common,TEU
Feunard d’Alola,111/181,Rare Holo,TEU
Mimiqui,112/181,Rare,TEU
Latias et Latios GX,113/181,Rare Holo GX,TEU
Noadkoko d’Alola,114/181,Rare,TEU
Noadkoko d’Alola,115/181,Rare,TEU
Minidraco,116/181,Common,TEU
Minidraco,117/181,Common,TEU
Draco,118/181,Uncommon,TEU
Dracolosse,119/181,Rare Holo,TEU
Évoli et Ronflex GX,120/181,Rare Holo GX,TEU
Roucool,121/181,Common,TEU
Roucool,122/181,Common,TEU
Roucoups,123/181,Common,TEU
Roucarnage,124/181,Rare,TEU
Miaouss,125/181,Common,TEU
Persian,126/181,Uncommon,TEU
Canarticho,127/181,Uncommon,TEU
Kangourex,128/181,Uncommon,TEU
Tauros,129/181,Uncommon,TEU
Ptéra,130/181,Rare,TEU
Lugia,131/181,Rare Holo,TEU
Mangriff,132/181,Rare Holo,TEU
Analyse de Léo,133/181,Rare Holo,TEU
Marché Noir ◇,134/181,Rare Prism Star,TEU
Vaillance de Pierre,135/181,Uncommon,TEU
Protection Musclée,136/181,Uncommon,TEU
Méridia,137/181,Uncommon,TEU
Perceuse Dangereuse,138/181,Uncommon,TEU
Électrochargeur,139/181,Uncommon,TEU
Hospitalité d’Erika,140/181,Rare Holo,TEU
Vesper,141/181,Uncommon,TEU
Amulette Féerique UC,142/181,Uncommon,TEU
ROM Plante,143/181,Uncommon,TEU
Chammal et Chamsin,144/181,Uncommon,TEU
Jasmine,145/181,Uncommon,TEU
Sifflet de Juge,146/181,Uncommon,TEU
Lavanville,147/181,Uncommon,TEU
Masque Métal,148/181,Uncommon,TEU
Aurore,149/181,Uncommon,TEU
Danh,150/181,Uncommon,TEU
Nix,151/181,Uncommon,TEU
Communication Pokémon,152/181,Uncommon,TEU
Pokémon Communication,152a/181,Uncommon,TEU
Pokémon Communication,152b/181,Uncommon,TEU
Adresse de Retour,153/181,Uncommon,TEU
Suggestion de Morgane,154/181,Uncommon,TEU
Fossile Inconnu,155/181,Uncommon,TEU
Forêt de Jade,156/181,Uncommon,TEU
ROM Eau,157/181,Uncommon,TEU
Labyrinthe Miracle ◇,158/181,Rare Prism Star,TEU
Celebi et Florizarre GX,159/181,Rare Ultra,TEU
Magicarpe et Wailord GX,160/181,Rare Ultra,TEU
Magicarpe et Wailord GX,161/181,Rare Ultra,TEU
Pikachu et Zekrom GX,162/181,Rare Ultra,TEU
Pharamp GX,163/181,Rare Ultra,TEU
Ectoplasma et Mimiqui GX,164/181,Rare Ultra,TEU
Ectoplasma et Mimiqui GX,165/181,Rare Ultra,TEU
Hoopa GX,166/181,Rare Ultra,TEU
Félinferno GX,167/181,Rare Ultra,TEU
Cobaltium GX,168/181,Rare Ultra,TEU
Latias et Latios GX,169/181,Rare Ultra,TEU
Latias et Latios GX,170/181,Rare Ultra,TEU
Évoli et Ronflex GX,171/181,Rare Ultra,TEU
Vaillance de Pierre,172/181,Rare Ultra,TEU
Méridia,173/181,Rare Ultra,TEU
Hospitalité d’Erika,174/181,Rare Ultra,TEU
Vesper,175/181,Rare Ultra,TEU
Chammal et Chamsin,176/181,Rare Ultra,TEU
Jasmine,177/181,Rare Ultra,TEU
Aurore,178/181,Rare Ultra,TEU
Danh,179/181,Rare Ultra,TEU
Nix,180/181,Rare Ultra,TEU
Suggestion de Morgane,181/181,Rare Ultra,TEU
Celebi et Florizarre GX,182/181,Rare Rainbow,TEU
Magicarpe et Wailord GX,183/181,Rare Rainbow,TEU
Pikachu et Zekrom GX,184/181,Rare Rainbow,TEU
Pharamp GX,185/181,Rare Rainbow,TEU
Ectoplasma et Mimiqui GX,186/181,Rare Rainbow,TEU
Hoopa GX,187/181,Rare Rainbow,TEU
Félinferno GX,188/181,Rare Rainbow,TEU
Cobaltium GX,189/181,Rare Rainbow,TEU
Latias et Latios GX,190/181,Rare Rainbow,TEU
Évoli et Ronflex GX,191/181,Rare Rainbow,TEU
Perceuse Dangereuse,192/181,Rare Secret,TEU
Électrochargeur,193/181,Rare Secret,TEU
Sifflet de Juge,194/181,Rare Secret,TEU
Masque Métal,195/181,Rare Secret,TEU
Communication Pokémon,196/181,Rare Secret,TEU
Noeunoeuf,1/156,Common,UPR
Yanma,2/156,Common,UPR
Yanmega,3/156,Uncommon,UPR
Rosélia,4/156,Common,UPR
Roserade,5/156,Rare,UPR
Tortipouss,6/156,Common,UPR
Tortipouss,7/156,Common,UPR
Boskara,8/156,Uncommon,UPR
Torterra,9/156,Rare Holo,UPR
Ceribou,10/156,Common,UPR
Ceriflor,11/156,Uncommon,UPR
Vortente,12/156,Common,UPR
Phyllali GX,13/156,Rare Holo GX,UPR
Motisma Tonte,14/156,Rare,UPR
Shaymin,15/156,Rare Holo,UPR
Araqua,16/156,Common,UPR
Tarenbulle,17/156,Rare,UPR
Magmar,18/156,Common,UPR
Maganon,19/156,Rare Holo,UPR
Ouisticram,20/156,Common,UPR
Ouisticram,21/156,Common,UPR
Chimpenfeu,22/156,Uncommon,UPR
Simiabraz,23/156,Rare Holo,UPR
Motisma Chaleur,24/156,Rare,UPR
Tritox,25/156,Common,UPR
Malamandre,26/156,Rare,UPR
Boumata,27/156,Uncommon,UPR
Sabelette d’Alola,28/156,Common,UPR
Sablaireau d’Alola,29/156,Rare,UPR
Goupix d’Alola,30/156,Common,UPR
Tiplouf,31/156,Common,UPR
Tiplouf,32/156,Common,UPR
Prinplouf,33/156,Uncommon,UPR
Pingoléon,34/156,Rare,UPR
Mustébouée,35/156,Common,UPR
Mustéflott,36/156,Uncommon,UPR
Blizzi,37/156,Common,UPR
Blizzaroi,38/156,Rare,UPR
Givrali GX,39/156,Rare Holo GX,UPR
Motisma Lavage,40/156,Rare,UPR
Motisma Froid,41/156,Rare,UPR
Manaphy,42/156,Uncommon,UPR
Élektek,43/156,Common,UPR
Élekable,44/156,Rare,UPR
Lixy,45/156,Common,UPR
Lixy,46/156,Common,UPR
Luxio,47/156,Uncommon,UPR
Luxray,48/156,Rare Holo,UPR
Pachirisu,49/156,Common,UPR
Motisma,50/156,Uncommon,UPR
Baudrive,51/156,Common,UPR
Grodrive,52/156,Uncommon,UPR
Spiritomb,53/156,Uncommon,UPR
Rapion,54/156,Common,UPR
Drascore,55/156,Rare,UPR
Cradopaud,56/156,Common,UPR
Coatox,57/156,Rare,UPR
Giratina ◇,58/156,Rare Prism Star,UPR
Cresselia,59/156,Rare Holo,UPR
Cosmog,60/156,Common,UPR
Cosmovum,61/156,Uncommon,UPR
Lunala ◇,62/156,Rare Prism Star,UPR
Necrozma Ailes de l’Aurore GX,63/156,Rare Holo GX,UPR
Kranidos,64/156,Uncommon,UPR
Charkos,65/156,Rare Holo,UPR
Riolu,66/156,Common,UPR
Lucario,67/156,Rare Holo,UPR
Hippopotas,68/156,Common,UPR
Hippodocus,69/156,Rare,UPR
Quartermac,70/156,Common,UPR
Cornèbre,71/156,Common,UPR
Corboss,72/156,Uncommon,UPR
Farfuret,73/156,Common,UPR
Dimoret,74/156,Rare Holo,UPR
Moufouette,75/156,Common,UPR
Moufflair,76/156,Uncommon,UPR
Darkrai ◇,77/156,Rare Prism Star,UPR
Taupiqueur d’Alola,78/156,Common,UPR
Triopikeur d’Alola,79/156,Uncommon,UPR
Magnéti,80/156,Common,UPR
Magnéti,81/156,Common,UPR
Magnéton,82/156,Uncommon,UPR
Magnézone,83/156,Rare Holo,UPR
Dinoclier,84/156,Uncommon,UPR
Bastiodon,85/156,Rare Holo,UPR
Archéomire,86/156,Common,UPR
Archéodong,87/156,Uncommon,UPR
Heatran,88/156,Rare Holo,UPR
Solgaleo ◇,89/156,Rare Prism Star,UPR
Necrozma Crinière du Couchant GX,90/156,Rare Holo GX,UPR
Magearna,91/156,Rare,UPR
Spododo,92/156,Common,UPR
Lampignon,93/156,Rare,UPR
Tokopiyon,94/156,Rare,UPR
Noadkoko d’Alola,95/156,Rare,UPR
Griknot,96/156,Common,UPR
Griknot,97/156,Common,UPR
Carmache,98/156,Uncommon,UPR
Carchacrok,99/156,Rare,UPR
Dialga GX,100/156,Rare Holo GX,UPR
Palkia GX,101/156,Rare Holo GX,UPR
Excelangue,102/156,Common,UPR
Coudlangue,103/156,Rare,UPR
Évoli,104/156,Common,UPR
Évoli,105/156,Common,UPR
Laporeille,106/156,Common,UPR
Lockpin,107/156,Uncommon,UPR
Chaglam,108/156,Common,UPR
Chaffreux,109/156,Uncommon,UPR
Motisma Hélice,110/156,Rare,UPR
Shaymin,111/156,Rare,UPR
Manglouton,112/156,Common,UPR
Argouste,113/156,Uncommon,UPR
Gouroutan,114/156,Uncommon,UPR
Type:0,115/156,Rare,UPR
Silvallié GX,116/156,Rare Holo GX,UPR
Draïeul,117/156,Rare Holo,UPR
Cristal Antique,118/156,Uncommon,UPR
Cynthia,119/156,Uncommon,UPR
Cynthia,119a/156,Uncommon,UPR
Hélio ◇,120/156,Rare Prism Star,UPR
ROM Électrik,121/156,Uncommon,UPR
Skateboard Évasion,122/156,Uncommon,UPR
Escape Board,122a/156,Uncommon,UPR
ROM Feu,123/156,Uncommon,UPR
Flo,124/156,Uncommon,UPR
Lilie,125/156,Uncommon,UPR
Lillie,125a/156,Uncommon,UPR
Beladonis,126/156,Uncommon,UPR
Sifflet de Beladonis,127/156,Uncommon,UPR
Mars,128/156,Uncommon,UPR
Trèfle Manquant,129/156,Uncommon,UPR
Mont Couronné,130/156,Uncommon,UPR
Terminal de Commande,131/156,Uncommon,UPR
Registre Ami,132/156,Uncommon,UPR
Fan Club Pokémon,133/156,Uncommon,UPR
Fossile Inconnu,134/156,Uncommon,UPR
Tanguy,135/156,Uncommon,UPR
Volkner,135a/156,Uncommon,UPR
Énergie Super Boost ◇,136/156,Rare Prism Star,UPR
Énergie Unitaire GrassFireWater,137/156,Uncommon,UPR
Énergie Unitaire LightningPsychicMetal,138/156,Uncommon,UPR
Phyllali GX,139/156,Rare Ultra,UPR
Cancrelove GX,140/156,Rare Ultra,UPR
Givrali GX,141/156,Rare Ultra,UPR
Câblifère GX,142/156,Rare Ultra,UPR
Necrozma Ailes de l’Aurore GX,143/156,Rare Ultra,UPR
Bamboiselle GX,144/156,Rare Ultra,UPR
Necrozma Crinière du Couchant GX,145/156,Rare Ultra,UPR
Dialga GX,146/156,Rare Ultra,UPR
Palkia GX,147/156,Rare Ultra,UPR
Cynthia,148/156,Rare Ultra,UPR
Flo,149/156,Rare Ultra,UPR
Néphie,150/156,Rare Ultra,UPR
Lilie,151/156,Rare Ultra,UPR
Beladonis,152/156,Rare Ultra,UPR
Elsa-Mina,153/156,Rare Ultra,UPR
Elsa-Mina,153a/156,Rare Ultra,UPR
Mars,154/156,Rare Ultra,UPR
Fan Club Pokémon,155/156,Rare Ultra,UPR
Tanguy,156/156,Rare Ultra,UPR
Phyllali GX,157/156,Rare Rainbow,UPR
Cancrelove GX,158/156,Rare Rainbow,UPR
Givrali GX,159/156,Rare Rainbow,UPR
Câblifère GX,160/156,Rare Rainbow,UPR
Necrozma Ailes de l’Aurore GX,161/156,Rare Rainbow,UPR
Bamboiselle GX,162/156,Rare Rainbow,UPR
Necrozma Crinière du Couchant GX,163/156,Rare Rainbow,UPR
Dialga GX,164/156,Rare Rainbow,UPR
Palkia GX,165/156,Rare Rainbow,UPR
Maillet Écrasant,166/156,Rare Secret,UPR
Skateboard Évasion,167/156,Rare Secret,UPR
Trèfle Manquant,168/156,Rare Secret,UPR
Coup d’Œil au Carton Rouge,169/156,Rare Secret,UPR
Énergie Unitaire GrassFireWater,170/156,Rare Secret,UPR
Énergie Unitaire LightningPsychicMetal,171/156,Rare Secret,UPR
Lunala GX,172/156,Rare Secret,UPR
Solgaleo GX,173/156,Rare Secret,UPR
Cancrelove et Mouscoto GX,1/214,Rare Holo GX,UNB
Chenipan,2/214,Common,UNB
Chrysacier,3/214,Uncommon,UNB
Papilusion,4/214,Rare,UNB
Mystherbe,5/214,Common,UNB
Mystherbe,6/214,Common,UNB
Ortide,7/214,Uncommon,UNB
Rafflesia,8/214,Rare Holo,UNB
Mimitoss,9/214,Common,UNB
Mimitoss,10/214,Common,UNB
Aéromite,11/214,Rare,UNB
Aéromite GX,12/214,Rare Holo GX,UNB
Chétiflor,13/214,Common,UNB
Boustiflor,14/214,Uncommon,UNB
Empiflor,15/214,Rare,UNB
Saquedeneu,16/214,Common,UNB
Bouldeneu,17/214,Rare,UNB
Larvibule,18/214,Common,UNB
Katagami,19/214,Rare Holo,UNB
Reshiram et Dracaufeu GX,20/214,Rare Holo GX,UNB
Caninos,21/214,Common,UNB
Arcanin,22/214,Rare Holo,UNB
Darumarond,23/214,Common,UNB
Darumacho,24/214,Rare,UNB
Volcanion,25/214,Rare Holo,UNB
Flamiaou,26/214,Common,UNB
Flamiaou,27/214,Common,UNB
Matoufeu,28/214,Uncommon,UNB
Félinferno,29/214,Rare,UNB
Tritox,30/214,Common,UNB
Malamandre,31/214,Rare,UNB
Pierroteknik,32/214,Rare,UNB
Carapuce,33/214,Common,UNB
Carabaffe,34/214,Uncommon,UNB
Tortank GX,35/214,Rare Holo GX,UNB
Ptitard,36/214,Common,UNB
Ptitard,37/214,Common,UNB
Têtarte,38/214,Uncommon,UNB
Tartard,39/214,Rare,UNB
Tentacool,40/214,Common,UNB
Tentacruel,41/214,Uncommon,UNB
Ramoloss,42/214,Common,UNB
Flagadoss,43/214,Rare Holo,UNB
Otaria,44/214,Common,UNB
Lamantine,45/214,Rare,UNB
Krabby,46/214,Common,UNB
Krabboss,47/214,Rare,UNB
Poissirène,48/214,Common,UNB
Poissoroy,49/214,Rare,UNB
Kyurem,50/214,Rare Holo,UNB
Grenousse,51/214,Common,UNB
Croâporal,52/214,Uncommon,UNB
Concombaffe,53/214,Uncommon,UNB
Pikachu,54/214,Common,UNB
Raichu,55/214,Rare,UNB
Limonde,56/214,Rare,UNB
Dedenne GX,57/214,Rare Holo GX,UNB
Chrysapile,58/214,Uncommon,UNB
Lucanon,59/214,Rare Holo,UNB
Zeraora,60/214,Rare,UNB
Grotadmorv et Grotadmorv d’Alola GX,61/214,Rare Holo GX,UNB
Abo,62/214,Common,UNB
Arbok,63/214,Rare,UNB
Nosferapti,64/214,Common,UNB
Nosferalto,65/214,Uncommon,UNB
Nostenfer,66/214,Rare Holo,UNB
Fantominus,67/214,Common,UNB
Fantominus,68/214,Common,UNB
Spectrum,69/214,Uncommon,UNB
Ectoplasma,70/214,Rare,UNB
Soporifik,71/214,Common,UNB
Hypnomade,72/214,Rare,UNB
Smogo,73/214,Common,UNB
Smogogo,74/214,Rare,UNB
Mewtwo,75/214,Rare,UNB
Mew,76/214,Rare Holo,UNB
Feuforêve,77/214,Common,UNB
Magirêve,78/214,Rare,UNB
Psystigri,79/214,Common,UNB
Mistigrix,80/214,Rare,UNB
Marshadow,81/214,Rare Holo,UNB
Marshadow et Mackogneur GX,82/214,Rare Holo GX,UNB
Sabelette,83/214,Common,UNB
Sablaireau,84/214,Rare,UNB
Taupiqueur,85/214,Common,UNB
Triopikeur,86/214,Rare,UNB
Racaillou,87/214,Common,UNB
Gravalanch,88/214,Uncommon,UNB
Grolem,89/214,Rare Holo,UNB
Osselait,90/214,Common,UNB
Ossatueur,91/214,Rare,UNB
Rhinocorne,92/214,Common,UNB
Rhinocorne,93/214,Common,UNB
Rhinoféros,94/214,Uncommon,UNB
Rhinastoc,95/214,Rare,UNB
Axoloto,96/214,Common,UNB
Maraiste,97/214,Rare,UNB
Scorplane,98/214,Common,UNB
Scorvol,99/214,Uncommon,UNB
Débugant,100/214,Uncommon,UNB
Kapoera,101/214,Uncommon,UNB
Riolu,102/214,Common,UNB
Démétéros,103/214,Rare Holo,UNB
Crabagarre,104/214,Common,UNB
Crabominable,105/214,Rare,UNB
Ama-Ama,106/214,Rare Holo,UNB
Amphinobi et Zoroark GX,107/214,Rare Holo GX,UNB
Cornèbre,108/214,Common,UNB
Corboss GX,109/214,Rare Holo GX,UNB
Carvanha,110/214,Common,UNB
Sharpedo,111/214,Rare,UNB
Spiritomb,112/214,Rare Holo,UNB
Mascaïman,113/214,Common,UNB
Mascaïman,114/214,Common,UNB
Escroco,115/214,Uncommon,UNB
Crocorible,116/214,Rare,UNB
Amphinobi,117/214,Rare Holo,UNB
Sepiatop,118/214,Common,UNB
Sepiatroce,119/214,Rare Holo,UNB
Lucario et Melmetal GX,120/214,Rare Holo GX,UNB
Taupiqueur d’Alola,121/214,Common,UNB
Triopikeur d’Alola,122/214,Rare,UNB
Galekid,123/214,Common,UNB
Galegon,124/214,Uncommon,UNB
Galeking,125/214,Rare,UNB
Lucario,126/214,Rare Holo,UNB
Genesect,127/214,Rare,UNB
Meltan,128/214,Common,UNB
Melmetal,129/214,Rare Holo,UNB
Gardevoir et Nymphali GX,130/214,Rare Holo GX,UNB
Mélo,131/214,Uncommon,UNB
Mélofée,132/214,Common,UNB
Mélodelfe,133/214,Rare,UNB
Rondoudou,134/214,Common,UNB
Grodoudou,135/214,Rare,UNB
Togepi,136/214,Common,UNB
Togetic,137/214,Uncommon,UNB
Togekiss,138/214,Rare Holo,UNB
Doudouvet,139/214,Common,UNB
Farfaduvet GX,140/214,Rare Holo GX,UNB
Fluvetin,141/214,Common,UNB
Cocotine,142/214,Rare,UNB
Rattata,143/214,Common,UNB
Rattatac,144/214,Uncommon,UNB
Piafabec,145/214,Common,UNB
Rapasdepic,146/214,Uncommon,UNB
Miaouss,147/214,Common,UNB
Persian,148/214,Rare,UNB
Persian GX,149/214,Rare Holo GX,UNB
Doduo,150/214,Common,UNB
Dodrio,151/214,Uncommon,UNB
Excelangue,152/214,Common,UNB
Coudlangue,153/214,Rare,UNB
Porygon,154/214,Common,UNB
Porygon,155/214,Common,UNB
Porygon2,156/214,Uncommon,UNB
Porygon-Z,157/214,Rare Holo,UNB
Ronflex,158/214,Rare Holo,UNB
Chaglam,159/214,Common,UNB
Chaffreux,160/214,Rare,UNB
Ptiravi,161/214,Uncommon,UNB
Pijako,162/214,Uncommon,UNB
Bamboiselle GX,163/214,Rare Holo GX,UNB
Appel aux Chimères,164/214,Uncommon,UNB
Pic Qui Pique,165/214,Uncommon,UNB
Spray Dés-Évoluant Z,166/214,Uncommon,UNB
Pierre Nuit,167/214,Uncommon,UNB
Île Poussière,168/214,Uncommon,UNB
Radar Électromagnétique,169/214,Uncommon,UNB
Spinner d’Énergie,170/214,Uncommon,UNB
Amulette Féerique Talent,171/214,Uncommon,UNB
Amulette Féerique Lightning,172/214,Uncommon,UNB
Cristal Feu,173/214,Uncommon,UNB
Exil de Giovanni,174/214,Uncommon,UNB
Exploration de Leaf,175/214,Uncommon,UNB
Jeannine,176/214,Uncommon,UNB
Piège de Koga,177/214,Uncommon,UNB
Stratégie de Major Bob,178/214,Uncommon,UNB
Dojo des Arts Martiaux,179/214,Uncommon,UNB
Barrière de Métal Renforcé,180/214,Uncommon,UNB
Molène,181/214,Uncommon,UNB
Pokématos 3.0,182/214,Uncommon,UNB
Pokégear 3.0,182a/214,Uncommon,UNB
Pokégear 3.0,182b/214,Uncommon,UNB
Centrale d’Énergie,183/214,Uncommon,UNB
Défi de Red,184/214,Rare Holo,UNB
Raphaël Chen,185/214,Uncommon,UNB
Capuche Furtive,186/214,Uncommon,UNB
Boîte Surprise,187/214,Uncommon,UNB
Kata-Sensei de l’Ultra-Forêt,188/214,Uncommon,UNB
Soudeuse,189/214,Uncommon,UNB
Welder,189a/214,Uncommon,UNB
Énergie Triple Accélération,190/214,Uncommon,UNB
Cancrelove et Mouscoto GX,191/214,Rare Ultra,UNB
Cancrelove et Mouscoto GX,192/214,Rare Ultra,UNB
Aéromite GX,193/214,Rare Ultra,UNB
Reshiram et Dracaufeu GX,194/214,Rare Ultra,UNB
Dedenne GX,195/214,Rare Ultra,UNB
Dedenne-GX,195a/214,Rare Ultra,UNB
Grotadmorv et Grotadmorv d’Alola GX,196/214,Rare Ultra,UNB
Grotadmorv et Grotadmorv d’Alola GX,197/214,Rare Ultra,UNB
Marshadow et Mackogneur GX,198/214,Rare Ultra,UNB
Marshadow et Mackogneur GX,199/214,Rare Ultra,UNB
Amphinobi et Zoroark GX,200/214,Rare Ultra,UNB
Amphinobi et Zoroark GX,201/214,Rare Ultra,UNB
Corboss GX,202/214,Rare Ultra,UNB
Lucario et Melmetal GX,203/214,Rare Ultra,UNB
Gardevoir et Nymphali GX,204/214,Rare Ultra,UNB
Gardevoir et Nymphali GX,205/214,Rare Ultra,UNB
Farfaduvet GX,206/214,Rare Ultra,UNB
Persian GX,207/214,Rare Ultra,UNB
Bamboiselle GX,208/214,Rare Ultra,UNB
Exploration de Leaf,209/214,Rare Ultra,UNB
Jeannine,210/214,Rare Ultra,UNB
Piège de Koga,211/214,Rare Ultra,UNB
Molène,212/214,Rare Ultra,UNB
Défi de Red,213/214,Rare Ultra,UNB
Soudeuse,214/214,Rare Ultra,UNB
Cancrelove et Mouscoto GX,215/214,Rare Rainbow,UNB
Aéromite GX,216/214,Rare Rainbow,UNB
Reshiram et Dracaufeu GX,217/214,Rare Rainbow,UNB
Tortank GX,218/214,Rare Rainbow,UNB
Dedenne GX,219/214,Rare Rainbow,UNB
Grotadmorv et Grotadmorv d’Alola GX,220/214,Rare Rainbow,UNB
Marshadow et Mackogneur GX,221/214,Rare Rainbow,UNB
Amphinobi et Zoroark GX,222/214,Rare Rainbow,UNB
Corboss GX,223/214,Rare Rainbow,UNB
Lucario et Melmetal GX,224/214,Rare Rainbow,UNB
Gardevoir et Nymphali GX,225/214,Rare Rainbow,UNB
Farfaduvet GX,226/214,Rare Rainbow,UNB
Persian GX,227/214,Rare Rainbow,UNB
Bamboiselle GX,228/214,Rare Rainbow,UNB
Appel aux Chimères,229/214,Rare Secret,UNB
Radar Électromagnétique,230/214,Rare Secret,UNB
Cristal Feu,231/214,Rare Secret,UNB
Barrière de Métal Renforcé,232/214,Rare Secret,UNB
Pokématos 3.0,233/214,Rare Secret,UNB
Énergie Triple Accélération,234/214,Rare Secret,UNB
Brindibou et Noadkoko d’Alola GX,1/236,Rare Holo GX,UNM
Yanma,2/236,Common,UNM
Yanmega,3/236,Uncommon,UNM
Celebi,4/236,Rare Holo,UNM
Balignon,5/236,Common,UNM
Larveyette,6/236,Common,UNM
Larveyette,7/236,Common,UNM
Couverdure,8/236,Uncommon,UNM
Manternel,9/236,Rare,UNM
Crabicoque,10/236,Common,UNM
Crabaraque,11/236,Rare,UNM
Carabing,12/236,Common,UNM
Trompignon,13/236,Common,UNM
Gaulet,14/236,Rare,UNM
Mimantis,15/236,Common,UNM
Floramantis,16/236,Uncommon,UNM
Croquine,17/236,Common,UNM
Candine,18/236,Uncommon,UNM
Sucreine,19/236,Rare Holo,UNM
Sinistrail,20/236,Uncommon,UNM
Magmar,21/236,Common,UNM
Maganon,22/236,Rare,UNM
Chamallot,23/236,Common,UNM
Camérupt,24/236,Rare,UNM
Heatran GX,25/236,Rare Holo GX,UNM
Victini,26/236,Rare Holo,UNM
Funécire,27/236,Common,UNM
Funécire,28/236,Common,UNM
Mélancolux,29/236,Uncommon,UNM
Lugulabre,30/236,Rare Holo,UNM
Braisillon,31/236,Common,UNM
Flambusard,32/236,Rare,UNM
Tritox,33/236,Common,UNM
Malamandre,34/236,Rare,UNM
Ramoloss et Psykokwak GX,35/236,Rare Holo GX,UNM
Lokhlass,36/236,Uncommon,UNM
Stalgamin,37/236,Common,UNM
Momartik,38/236,Rare Holo,UNM
Écayon,39/236,Common,UNM
Luminéon,40/236,Uncommon,UNM
Blizzi,41/236,Common,UNM
Blizzaroi,42/236,Rare,UNM
Bargantua,43/236,Uncommon,UNM
Carapagos,44/236,Uncommon,UNM
Mégapagos,45/236,Uncommon,UNM
Hexagel,46/236,Common,UNM
Keldeo GX,47/236,Rare Holo GX,UNM
Araqua,48/236,Common,UNM
Tarenbulle,49/236,Rare,UNM
Sovkipou,50/236,Common,UNM
Sarmuraï,51/236,Rare Holo,UNM
Concombaffe,52/236,Uncommon,UNM
Tokopisco,53/236,Rare,UNM
Raichu et Raichu d’Alola GX,54/236,Rare Holo GX,UNM
Pikachu,55/236,Common,UNM
Pikachu,56/236,Common,UNM
Raichu d’Alola,57/236,Rare Holo,UNM
Magnéti,58/236,Common,UNM
Magnéton,59/236,Uncommon,UNM
Magnézone,60/236,Rare Holo,UNM
Statitik,61/236,Common,UNM
Mygavolt,62/236,Rare,UNM
Anchwatt,63/236,Common,UNM
Anchwatt,64/236,Common,UNM
Lampéroie,65/236,Uncommon,UNM
Ohmassacre,66/236,Rare Holo,UNM
Limonde,67/236,Common,UNM
Fulguris,68/236,Uncommon,UNM
Tokorico,69/236,Rare Holo,UNM
Câblifère,70/236,Rare,UNM
Mewtwo et Mew GX,71/236,Rare Holo GX,UNM
Mentali et Deoxys GX,72/236,Rare Holo GX,UNM
Noeunoeuf,73/236,Common,UNM
Noadkoko,74/236,Rare,UNM
Ossatueur d’Alola,75/236,Rare,UNM
Lippoutou,76/236,Uncommon,UNM
Okéoké,77/236,Uncommon,UNM
Latios GX,78/236,Rare Holo GX,UNM
Jirachi GX,79/236,Rare Holo GX,UNM
Jirachi GX,79a/236,Rare Ultra,UNM
Baudrive,80/236,Common,UNM
Grodrive,81/236,Rare,UNM
Rapion,82/236,Common,UNM
Créhelf,83/236,Rare Holo,UNM
Créfollet,84/236,Uncommon,UNM
Créfadet,85/236,Uncommon,UNM
Giratina,86/236,Rare Holo,UNM
Cresselia,87/236,Uncommon,UNM
Munna,88/236,Common,UNM
Mushana,89/236,Uncommon,UNM
Lewsor,90/236,Uncommon,UNM
Neitram,91/236,Rare,UNM
Monorpale,92/236,Common,UNM
Monorpale,93/236,Common,UNM
Dimoclès,94/236,Uncommon,UNM
Exagide,95/236,Rare Holo,UNM
Vorastérie,96/236,Common,UNM
Prédastérie,97/236,Rare,UNM
Tritox,98/236,Common,UNM
Malamandre,99/236,Rare,UNM
Cosmog,100/236,Common,UNM
Necrozma,101/236,Rare,UNM
Vémini,102/236,Common,UNM
Onix,103/236,Common,UNM
Steelix,104/236,Rare,UNM
Osselait,105/236,Common,UNM
Ptéra GX,106/236,Rare Holo GX,UNM
Scarhino,107/236,Uncommon,UNM
Chapignon,108/236,Uncommon,UNM
Méditikka,109/236,Common,UNM
Charmina,110/236,Rare,UNM
Relicanth,111/236,Uncommon,UNM
Griknot,112/236,Common,UNM
Carmache,113/236,Uncommon,UNM
Carchacrok,114/236,Rare Holo,UNM
Riolu,115/236,Common,UNM
Riolu,116/236,Common,UNM
Lucario,117/236,Rare,UNM
Rototaupe,118/236,Common,UNM
Minotaupe,119/236,Rare,UNM
Arkéapti,120/236,Uncommon,UNM
Aéroptéryx,121/236,Rare,UNM
Terrakium,122/236,Rare Holo,UNM
Meloetta,123/236,Rare,UNM
Zygarde,124/236,Rare,UNM
Noctali et Darkrai GX,125/236,Rare Holo GX,UNM
Méga-Ténéfix et Tyranocif GX,126/236,Rare Holo GX,UNM
Tadmorv d’Alola,127/236,Common,UNM
Cornèbre,128/236,Common,UNM
Cornèbre,129/236,Common,UNM
Corboss,130/236,Rare,UNM
Farfuret,131/236,Common,UNM
Dimoret GX,132/236,Rare Holo GX,UNM
Ténéfix,133/236,Uncommon,UNM
Drascore,134/236,Rare,UNM
Chacripan,135/236,Common,UNM
Léopardus,136/236,Rare,UNM
Baggiguane,137/236,Common,UNM
Baggaïd,138/236,Rare,UNM
Yveltal,139/236,Rare Holo,UNM
Hoopa,140/236,Rare Holo,UNM
Mysdibule GX,141/236,Rare Holo GX,UNM
Lançargot,142/236,Rare,UNM
Doudouvet,143/236,Common,UNM
Farfaduvet,144/236,Rare,UNM
Dedenne,145/236,Uncommon,UNM
Carchacrok et Giratina GX,146/236,Rare Holo GX,UNM
Minidraco,147/236,Common,UNM
Minidraco,148/236,Common,UNM
Draco,149/236,Uncommon,UNM
Draco,150/236,Uncommon,UNM
Dracolosse,151/236,Rare,UNM
Dracolosse GX,152/236,Rare Holo GX,UNM
Latias,153/236,Rare,UNM
Coupenotte,154/236,Common,UNM
Incisache,155/236,Uncommon,UNM
Tranchodon,156/236,Rare Holo,UNM
Drakkarmin,157/236,Common,UNM
Sonistrelle,158/236,Common,UNM
Bruyverne,159/236,Rare,UNM
Mandrillon GX,160/236,Rare Holo GX,UNM
Excelangue,161/236,Common,UNM
Coudlangue,162/236,Rare,UNM
Kangourex,163/236,Rare Holo,UNM
Tauros,164/236,Uncommon,UNM
Hoothoot,165/236,Common,UNM
Noarfang,166/236,Uncommon,UNM
Parecool,167/236,Common,UNM
Parecool,168/236,Common,UNM
Vigoroth,169/236,Uncommon,UNM
Monaflèmit,170/236,Rare Holo,UNM
Keunotor,171/236,Common,UNM
Castorno,172/236,Uncommon,UNM
Goinfrex,173/236,Uncommon,UNM
Poichigeon,174/236,Common,UNM
Colombeau,175/236,Uncommon,UNM
Déflaisan,176/236,Rare,UNM
Nanméouïe,177/236,Uncommon,UNM
Boréas,178/236,Uncommon,UNM
Passerouge,179/236,Common,UNM
Manglouton,180/236,Common,UNM
Argouste,181/236,Rare,UNM
Gouroutan,182/236,Uncommon,UNM
Type:0,183/236,Uncommon,UNM
Silvallié,184/236,Rare Holo,UNM
Dodoala,185/236,Uncommon,UNM
Série de Quiz d’Auguste,186/236,Uncommon,UNM
Blizzarville,187/236,Uncommon,UNM
Tactiques de Blue,188/236,Uncommon,UNM
Scout,189/236,Uncommon,UNM
Exorciste,190/236,Uncommon,UNM
Mémoire Ball,191/236,Uncommon,UNM
Cherish Ball,191a/236,Uncommon,UNM
Dresseurs Coach,192/236,Uncommon,UNM
Sombreville,193/236,Uncommon,UNM
Cloche Sonnante,194/236,Uncommon,UNM
Aérozélite : Lame d’Air,195/236,Uncommon,UNM
Bombe Géante,196/236,Uncommon,UNM
Âtre Géant,197/236,Uncommon,UNM
Potion Géniale,198/236,Uncommon,UNM
Pieris,199/236,Uncommon,UNM
Paulie,200/236,Uncommon,UNM
Ceinture de Karaté,201/236,Uncommon,UNM
Faveur d’Ondine,202/236,Uncommon,UNM
Normazélite : Charge,203/236,Uncommon,UNM
Pokémaniac,204/236,Uncommon,UNM
Laboratoire Pokémon,205/236,Uncommon,UNM
Tampon de Réinitialisation,206/236,Uncommon,UNM
Reset Stamp,206a/236,Uncommon,UNM
Forêt Sommeillante,207/236,Uncommon,UNM
Navigateur de Stade,208/236,Uncommon,UNM
Échange d’Escouade,209/236,Uncommon,UNM
Fossile Inconnu,210/236,Uncommon,UNM
Planche Demi-Tour,211/236,Uncommon,UNM
Énergie Recyclée,212/236,Uncommon,UNM
Énergie Garde Faiblesse,213/236,Uncommon,UNM
Brindibou et Noadkoko d’Alola GX,214/236,Rare Ultra,UNM
Brindibou et Noadkoko d’Alola GX,215/236,Rare Ultra,UNM
Heatran GX,216/236,Rare Ultra,UNM
Ramoloss et Psykokwak GX,217/236,Rare Ultra,UNM
Ramoloss et Psykokwak GX,218/236,Rare Ultra,UNM
Keldeo GX,219/236,Rare Ultra,UNM
Raichu et Raichu d’Alola GX,220/236,Rare Ultra,UNM
Raichu et Raichu d’Alola GX,221/236,Rare Ultra,UNM
Mewtwo et Mew GX,222/236,Rare Ultra,UNM
Latios GX,223/236,Rare Ultra,UNM
Ptéra GX,224/236,Rare Ultra,UNM
Méga-Ténéfix et Tyranocif GX,225/236,Rare Ultra,UNM
Méga-Ténéfix et Tyranocif GX,226/236,Rare Ultra,UNM
Mysdibule GX,227/236,Rare Ultra,UNM
Carchacrok et Giratina GX,228/236,Rare Ultra,UNM
Dracolosse GX,229/236,Rare Ultra,UNM
Mandrillon GX,230/236,Rare Ultra,UNM
Tactiques de Blue,231/236,Rare Ultra,UNM
Exorciste,232/236,Rare Ultra,UNM
Dresseurs Coach,233/236,Rare Ultra,UNM
Pieris,234/236,Rare Ultra,UNM
Faveur d’Ondine,235/236,Rare Ultra,UNM
Pokémaniac,236/236,Rare Ultra,UNM
Brindibou et Noadkoko d’Alola GX,237/236,Rare Rainbow,UNM
Heatran GX,238/236,Rare Rainbow,UNM
Ramoloss et Psykokwak GX,239/236,Rare Rainbow,UNM
Keldeo GX,240/236,Rare Rainbow,UNM
Raichu et Raichu d’Alola GX,241/236,Rare Rainbow,UNM
Mewtwo et Mew GX,242/236,Rare Rainbow,UNM
Latios GX,243/236,Rare Rainbow,UNM
Ptéra GX,244/236,Rare Rainbow,UNM
Méga-Ténéfix et Tyranocif GX,245/236,Rare Rainbow,UNM
Mysdibule GX,246/236,Rare Rainbow,UNM
Carchacrok et Giratina GX,247/236,Rare Rainbow,UNM
Dracolosse GX,248/236,Rare Rainbow,UNM
Mandrillon GX,249/236,Rare Rainbow,UNM
Mémoire Ball,250/236,Rare Secret,UNM
Bombe Géante,251/236,Rare Secret,UNM
Ceinture de Karaté,252/236,Rare Secret,UNM
Tampon de Réinitialisation,253/236,Rare Secret,UNM
Échange d’Escouade,254/236,Rare Secret,UNM
Planche Demi-Tour,255/236,Rare Secret,UNM
Forêt de Jade,256/236,Rare Secret,UNM
Énergie Recyclée,257/236,Rare Secret,UNM
Énergie Garde Faiblesse,258/236,Rare Secret,UNM
Blizzaroi,TG01/30,Trainer Gallery Rare Holo,ASR
Pomdrapi,TG02/30,Trainer Gallery Rare Holo,ASR
Hyporoi,TG03/30,Trainer Gallery Rare Holo,ASR
Beldeneige,TG04/30,Trainer Gallery Rare Holo,ASR
Gardevoir,TG05/30,Trainer Gallery Rare Holo,ASR
Cerbyllin,TG06/30,Trainer Gallery Rare Holo,ASR
Hexadron,TG07/30,Trainer Gallery Rare Holo,ASR
Hachécateur,TG08/30,Trainer Gallery Rare Holo,ASR
Grahyèna,TG09/30,Trainer Gallery Rare Holo,ASR
Ixon de Galar,TG10/30,Trainer Gallery Rare Holo,ASR
Archéodong,TG11/30,Trainer Gallery Rare Holo,ASR
Hoothoot,TG12/30,Trainer Gallery Rare Holo,ASR
Staross V,TG13/30,Rare Holo V,ASR
Sylveroy Cavalier du Froid V,TG14/30,Rare Holo V,ASR
Sylveroy Cavalier du Froid VMAX,TG15/30,Rare Holo VMAX,ASR
Artikodin de Galar V,TG16/30,Rare Holo V,ASR
Sylveroy Cavalier d'Effroi V,TG17/30,Rare Holo V,ASR
Sylveroy Cavalier d'Effroi VMAX,TG18/30,Rare Holo VMAX,ASR
Électhor de Galar V,TG19/30,Rare Holo V,ASR
Sulfura de Galar V,TG20/30,Rare Holo V,ASR
Zacian V,TG21/30,Rare Holo V,ASR
Zamazenta V,TG22/30,Rare Holo V,ASR
Carchacrok V,TG23/30,Rare Holo V,ASR
Alistair,TG24/30,Rare Ultra,ASR
Faïza,TG25/30,Rare Ultra,ASR
Lona,TG26/30,Rare Ultra,ASR
Percy,TG27/30,Rare Ultra,ASR
Peterson,TG28/30,Rare Ultra,ASR
Sylveroy Cavalier du Froid VMAX,TG29/30,Rare Secret,ASR
Sylveroy Cavalier d'Effroi VMAX,TG30/30,Rare Secret,ASR
Dardargnan V,1/189,Rare Holo V,ASR
Voltorbe de Hisui,2/189,Common,ASR
Électrode de Hisui,3/189,Uncommon,ASR
Insécateur,4/189,Common,ASR
Insécateur,5/189,Common,ASR
Yanma,6/189,Common,ASR
Yanmega,7/189,Uncommon,ASR
Scarhino,8/189,Common,ASR
Crikzik,9/189,Common,ASR
Mélokrik,10/189,Uncommon,ASR
Apitrini,11/189,Common,ASR
Apireine,12/189,Rare,ASR
Phyllali,13/189,Rare,ASR
Shaymin,14/189,Rare,ASR
Chlorobule,15/189,Common,ASR
Fragilady de Hisui,16/189,Rare Holo,ASR
Fragilady de Hisui V,17/189,Rare Holo V,ASR
Fragilady de Hisui VSTAR,18/189,Rare Holo VSTAR,ASR
Brindibou,19/189,Common,ASR
Efflèche,20/189,Uncommon,ASR
Ponyta,21/189,Common,ASR
Galopa,22/189,Rare,ASR
Héricendre,23/189,Common,ASR
Feurisson,24/189,Uncommon,ASR
Heatran V,25/189,Rare Holo V,ASR
Heatran VMAX,26/189,Rare Holo VMAX,ASR
Heatran Radieux,27/189,Radiant Rare,ASR
Psykokwak,28/189,Common,ASR
Akwakwak,29/189,Uncommon,ASR
Staross V,30/189,Rare Holo V,ASR
Marcacrin,31/189,Common,ASR
Cochignon,32/189,Uncommon,ASR
Mammochon,33/189,Rare,ASR
Démanta,34/189,Common,ASR
Barloche,35/189,Common,ASR
Barbicha,36/189,Uncommon,ASR
Regice,37/189,Rare,ASR
Givrali,38/189,Rare,ASR
Palkia Originel V,39/189,Rare Holo V,ASR
Palkia Originel VSTAR,40/189,Rare Holo VSTAR,ASR
Moustillon,41/189,Common,ASR
Mateloutre,42/189,Uncommon,ASR
Bargantua de Hisui,43/189,Common,ASR
Paragruel de Hisui,44/189,Rare,ASR
Keldeo,45/189,Rare Holo,ASR
Amphinobi Radieux,46/189,Radiant Rare,ASR
Grelaçon,47/189,Common,ASR
Séracrawl de Hisui,48/189,Rare,ASR
M. Glaquette de Galar V,49/189,Rare Holo V,ASR
Luxray V,50/189,Rare Holo V,ASR
Regieleki,51/189,Rare,ASR
Typhlosion de Hisui,52/189,Rare Holo,ASR
Typhlosion de Hisui V,53/189,Rare Holo V,ASR
Typhlosion de Hisui VSTAR,54/189,Rare Holo VSTAR,ASR
Togepi,55/189,Common,ASR
Togetic,56/189,Uncommon,ASR
Togekiss,57/189,Rare Holo,ASR
Feuforêve,58/189,Common,ASR
Magirêve,59/189,Rare,ASR
Tarsal,60/189,Common,ASR
Kirlia,61/189,Uncommon,ASR
Gallame,62/189,Rare Holo,ASR
Baudrive,63/189,Common,ASR
Grodrive,64/189,Uncommon,ASR
Créhelf,65/189,Uncommon,ASR
Créfollet,66/189,Rare Holo,ASR
Créfadet,67/189,Uncommon,ASR
Diancie,68/189,Rare Holo,ASR
Cerbyllin,69/189,Rare Holo,ASR
Caninos de Hisui,70/189,Common,ASR
Arcanin de Hisui,71/189,Rare,ASR
Mackogneur V,72/189,Rare Holo V,ASR
Mackogneur VMAX,73/189,Rare Holo VMAX,ASR
Simularbre,74/189,Common,ASR
Regirock,75/189,Rare,ASR
Kranidos,76/189,Uncommon,ASR
Charkos,77/189,Rare Holo,ASR
Lucario V,78/189,Rare Holo V,ASR
Hippopotas,79/189,Common,ASR
Hippodocus,80/189,Uncommon,ASR
Brutalibré Radieux,81/189,Radiant Rare,ASR
Archéduc de Hisui,82/189,Rare Holo,ASR
Archéduc de Hisui V,83/189,Rare Holo V,ASR
Archéduc de Hisui VSTAR,84/189,Rare Holo VSTAR,ASR
Hachécateur,85/189,Rare,ASR
Hachécateur,86/189,Rare Holo,ASR
Hachécateur V,87/189,Rare Holo V,ASR
Qwilfish de Hisui,88/189,Common,ASR
Qwilfish de Hisui,89/189,Common,ASR
Qwilpik de Hisui,90/189,Uncommon,ASR
Qwilpik de Hisui,91/189,Rare,ASR
Farfuret de Hisui,92/189,Common,ASR
Farfurex de Hisui,93/189,Rare Holo,ASR
Farfurex de Hisui V,94/189,Rare Holo V,ASR
Medhyèna,95/189,Common,ASR
Grahyèna,96/189,Rare,ASR
Absol,97/189,Rare Holo,ASR
Darkrai V,98/189,Rare Holo V,ASR
Darkrai VSTAR,99/189,Rare Holo VSTAR,ASR
Clamiral de Hisui,100/189,Rare Holo,ASR
Clamiral de Hisui V,101/189,Rare Holo V,ASR
Clamiral de Hisui VSTAR,102/189,Rare Holo VSTAR,ASR
Goupilou,103/189,Common,ASR
Roublenard,104/189,Rare,ASR
Magnéti,105/189,Common,ASR
Magnéton,106/189,Uncommon,ASR
Magnézone,107/189,Rare Holo,ASR
Registeel,108/189,Rare,ASR
Dinoclier,109/189,Uncommon,ASR
Bastiodon,110/189,Rare Holo,ASR
Archéomire,111/189,Common,ASR
Archéodong,112/189,Uncommon,ASR
Dialga Originel V,113/189,Rare Holo V,ASR
Dialga Originel VSTAR,114/189,Rare Holo VSTAR,ASR
Scalpion,115/189,Common,ASR
Scalproie,116/189,Uncommon,ASR
Carchacrok V,117/189,Rare Holo V,ASR
Regidrago,118/189,Rare,ASR
Évoli,119/189,Common,ASR
Hoothoot,120/189,Common,ASR
Noarfang,121/189,Uncommon,ASR
Teddiursa,122/189,Common,ASR
Ursaring,123/189,Uncommon,ASR
Ursaking,124/189,Rare,ASR
Cerfrousse,125/189,Common,ASR
Écrémeuh,126/189,Rare Holo,ASR
Chaglam,127/189,Common,ASR
Chaffreux,128/189,Uncommon,ASR
Pijako,129/189,Common,ASR
Regigigas,130/189,Rare Holo,ASR
Furaiglon,131/189,Common,ASR
Gueriaigle de Hisui,132/189,Rare,ASR
Gouroutan V,133/189,Rare Holo V,ASR
Cerbyllin V,134/189,Rare Holo V,ASR
Adamantin,135/189,Rare Holo,ASR
Parfum Inhibiteur,136/189,Uncommon,ASR
Sica,137/189,Uncommon,ASR
Selena,138/189,Uncommon,ASR
Fortifiant Obscur,139/189,Uncommon,ASR
Loterie d'Énergie,140/189,Uncommon,ASR
Plume Ball,141/189,Uncommon,ASR
Marais Bouchebée,142/189,Uncommon,ASR
Vitalité de Flo,143/189,Uncommon,ASR
Lino,144/189,Uncommon,ASR
Piolet Courageux,145/189,Uncommon,ASR
Masse Ball de Hisui,146/189,Uncommon,ASR
Nacchara,147/189,Rare Holo,ASR
Rusti-Cité,148/189,Uncommon,ASR
Cormier,149/189,Uncommon,ASR
Roxanne,150/189,Uncommon,ASR
Curry Épicé aux Piments,151/189,Uncommon,ASR
Lunettes Super Efficaces,152/189,Uncommon,ASR
Miel,153/189,Uncommon,ASR
Chariot Échange,154/189,Uncommon,ASR
Temple de Sinnoh,155/189,Uncommon,ASR
Chaussures de Randonnée,156/189,Uncommon,ASR
Fossile Inconnu,157/189,Uncommon,ASR
Turbo Patience,158/189,Uncommon,ASR
Bélila,159/189,Uncommon,ASR
Dardargnan V,160/189,Rare Ultra,ASR
Dardargnan V,161/189,Rare Ultra,ASR
Fragilady de Hisui V,162/189,Rare Ultra,ASR
Fragilady de Hisui V,163/189,Rare Ultra,ASR
Viridium V,164/189,Rare Ultra,ASR
Heatran V,165/189,Rare Ultra,ASR
Staross V,166/189,Rare Ultra,ASR
Palkia Originel V,167/189,Rare Ultra,ASR
Luxray V,168/189,Rare Ultra,ASR
Typhlosion de Hisui V,169/189,Rare Ultra,ASR
Jirachi V,170/189,Rare Ultra,ASR
Mackogneur V,171/189,Rare Ultra,ASR
Mackogneur V,172/189,Rare Ultra,ASR
Archéduc de Hisui V,173/189,Rare Ultra,ASR
Farfurex de Hisui V,174/189,Rare Ultra,ASR
Farfurex de Hisui V,175/189,Rare Ultra,ASR
Clamiral de Hisui V,176/189,Rare Ultra,ASR
Dialga Originel V,177/189,Rare Ultra,ASR
Carchacrok V,178/189,Rare Ultra,ASR
Gouroutan V,179/189,Rare Ultra,ASR
Cerbyllin V,180/189,Rare Ultra,ASR
Adamantin,181/189,Rare Ultra,ASR
Sica,182/189,Rare Ultra,ASR
Selena,183/189,Rare Ultra,ASR
Vitalité de Flo,184/189,Rare Ultra,ASR
Lino,185/189,Rare Ultra,ASR
Nacchara,186/189,Rare Ultra,ASR
Cormier,187/189,Rare Ultra,ASR
Roxanne,188/189,Rare Ultra,ASR
Bélila,189/189,Rare Ultra,ASR
Fragilady de Hisui VSTAR,190/189,Rare Rainbow,ASR
Heatran VMAX,191/189,Rare Rainbow,ASR
Palkia Originel VSTAR,192/189,Rare Rainbow,ASR
Typhlosion de Hisui VSTAR,193/189,Rare Rainbow,ASR
Mackogneur VMAX,194/189,Rare Rainbow,ASR
Archéduc de Hisui VSTAR,195/189,Rare Rainbow,ASR
Hachécateur VSTAR,196/189,Rare Rainbow,ASR
Clamiral de Hisui VSTAR,197/189,Rare Rainbow,ASR
Dialga Originel VSTAR,198/189,Rare Rainbow,ASR
Adamantin,199/189,Rare Rainbow,ASR
Sica,200/189,Rare Rainbow,ASR
Selena,201/189,Rare Rainbow,ASR
Vitalité de Flo,202/189,Rare Rainbow,ASR
Lino,203/189,Rare Rainbow,ASR
Nacchara,204/189,Rare Rainbow,ASR
Cormier,205/189,Rare Rainbow,ASR
Roxanne,206/189,Rare Rainbow,ASR
Bélila,207/189,Rare Rainbow,ASR
Palkia Originel VSTAR,208/189,Rare Secret,ASR
Clamiral de Hisui VSTAR,209/189,Rare Secret,ASR
Dialga Originel VSTAR,210/189,Rare Secret,ASR
Ceinture Choix,211/189,Rare Secret,ASR
Rusti-Cité,212/189,Rare Secret,ASR
Sentier Blanche-Cime,213/189,Rare Secret,ASR
Temple de Sinnoh,214/189,Rare Secret,ASR
Chaussures de Randonnée,215/189,Rare Secret,ASR
Énergie Double Turbo,216/189,Rare Secret,ASR
Chétiflor,1/163,Common,BST
Boustiflor,2/163,Uncommon,BST
Empiflor,3/163,Rare,BST
Cacnea,4/163,Common,BST
Cacturne,5/163,Uncommon,BST
Mélokrik V,6/163,Rare Holo V,BST
Ceribou,7/163,Common,BST
Ceriflor,8/163,Rare Holo,BST
Vortente,9/163,Uncommon,BST
Fermite,10/163,Uncommon,BST
Lépidonille,11/163,Common,BST
Pérégrain,12/163,Uncommon,BST
Prismillon,13/163,Rare,BST
Mimantis,14/163,Common,BST
Floramantis,15/163,Rare,BST
Tokotoro,16/163,Rare Holo,BST
Larvadar,17/163,Common,BST
Pomdrapi V,18/163,Rare Holo V,BST
Pomdrapi VMAX,19/163,Rare Holo VMAX,BST
Entei,20/163,Rare Holo,BST
Victini V,21/163,Rare Holo V,BST
Victini VMAX,22/163,Rare Holo VMAX,BST
Gruikui,23/163,Common,BST
Grotichon,24/163,Uncommon,BST
Roitiflam,25/163,Rare Holo,BST
Aflamanoir,26/163,Uncommon,BST
Tritox,27/163,Common,BST
Malamandre,28/163,Rare,BST
Grillepattes,29/163,Common,BST
Scolocendre,30/163,Rare,BST
Hypotrempe,31/163,Common,BST
Hypocéan,32/163,Uncommon,BST
Hyporoi,33/163,Rare Holo,BST
M. Mime de Galar,34/163,Common,BST
M. Glaquette de Galar,35/163,Rare,BST
Rémoraid,36/163,Common,BST
Octillery,37/163,Rare Holo,BST
Écrapince,38/163,Common,BST
Colhomard,39/163,Uncommon,BST
Pingoléon V,40/163,Rare Holo V,BST
Viskuse,41/163,Common,BST
Moyade,42/163,Rare,BST
Denticrisse,43/163,Uncommon,BST
Élektek,44/163,Common,BST
Élekable,45/163,Rare,BST
Lixy,46/163,Common,BST
Luxio,47/163,Uncommon,BST
Luxray,48/163,Rare Holo,BST
Pachirisu,49/163,Common,BST
Tokorico V,50/163,Rare Holo V,BST
Tokorico VMAX,51/163,Rare Holo VMAX,BST
Voltoutou,52/163,Common,BST
Fulgudog,53/163,Rare,BST
Ramoloss de Galar,54/163,Common,BST
Spoink,55/163,Common,BST
Groret,56/163,Uncommon,BST
Balbuto,57/163,Common,BST
Kaorine,58/163,Rare,BST
Éoko,59/163,Common,BST
Psystigri,60/163,Common,BST
Mistigrix,61/163,Rare Holo,BST
Mimiqui V,62/163,Rare Holo V,BST
Necrozma V,63/163,Rare Holo V,BST
Coléodôme,64/163,Uncommon,BST
Astronelle,65/163,Rare Holo,BST
Férosinge,66/163,Common,BST
Colossinge,67/163,Rare,BST
Onix,68/163,Common,BST
Osselait,69/163,Common,BST
Ossatueur,70/163,Rare,BST
Scorplane,71/163,Common,BST
Scorvol,72/163,Uncommon,BST
Charpenti,73/163,Common,BST
Ouvrifier,74/163,Uncommon,BST
Bétochef,75/163,Rare,BST
Kungfouine,76/163,Common,BST
Shaofouine,77/163,Rare,BST
Charbi,78/163,Common,BST
Wagomine,79/163,Uncommon,BST
Monthracite,80/163,Rare Holo,BST
Dunaja,81/163,Common,BST
Dunaconda,82/163,Rare Holo,BST
Hexadron,83/163,Rare,BST
Dolman,84/163,Rare,BST
Shifours Poing Final V,85/163,Rare Holo V,BST
Shifours Poing Final VMAX,86/163,Rare Holo VMAX,BST
Shifours Mille Poings V,87/163,Rare Holo V,BST
Shifours Mille Poings VMAX,88/163,Rare Holo VMAX,BST
Nosferapti,89/163,Common,BST
Nosferalto,90/163,Uncommon,BST
Nostenfer,91/163,Rare Holo,BST
Flagadoss de Galar,92/163,Rare,BST
Cornèbre,93/163,Common,BST
Corboss,94/163,Uncommon,BST
Malosse,95/163,Common,BST
Démolosse,96/163,Rare Holo,BST
Tyranocif V,97/163,Rare Holo V,BST
Morpeko,98/163,Uncommon,BST
Steelix,99/163,Rare Holo,BST
Mysdibule,100/163,Common,BST
Archéomire,101/163,Common,BST
Archéodong,102/163,Rare Holo,BST
Scalpion,103/163,Common,BST
Scalproie,104/163,Uncommon,BST
Monorpale,105/163,Common,BST
Dimoclès,106/163,Uncommon,BST
Exagide,107/163,Rare Holo,BST
Exagide,108/163,Rare,BST
Corvaillus V,109/163,Rare Holo V,BST
Corvaillus VMAX,110/163,Rare Holo VMAX,BST
Piafabec,111/163,Common,BST
Rapasdepic,112/163,Uncommon,BST
Excelangue,113/163,Common,BST
Coudlangue,114/163,Rare,BST
Chaglam,115/163,Common,BST
Chaffreux,116/163,Uncommon,BST
Mastouffe V,117/163,Rare Holo V,BST
Frison,118/163,Uncommon,BST
Draïeul,119/163,Rare,BST
Wimessir,120/163,Uncommon,BST
Aldo,121/163,Uncommon,BST
Kit de Camping,122/163,Uncommon,BST
Sara,123/163,Uncommon,BST
Recycleur d'Énergie,124/163,Uncommon,BST
Corde Sortie,125/163,Uncommon,BST
Multi Exp,126/163,Uncommon,BST
Éventail Houleux,127/163,Uncommon,BST
Concentration de Cornélia,128/163,Uncommon,BST
Niveau Ball,129/163,Uncommon,BST
Spectra,130/163,Uncommon,BST
Rouleau Tourbillons Mille Poings,131/163,Uncommon,BST
Mustar Style Mille Poings,132/163,Uncommon,BST
Rouleau Acerbe Poing Final,133/163,Uncommon,BST
Mustar Style Poing Final,134/163,Uncommon,BST
Jean-Fleuret et Jean-Targe,135/163,Uncommon,BST
Bloqueur d'Outil,136/163,Uncommon,BST
Tour des Ténèbres,137/163,Uncommon,BST
Tour de l'Eau,138/163,Uncommon,BST
Urne de Vitalité,139/163,Uncommon,BST
Énergie Mille Poings,140/163,Uncommon,BST
Énergie Poing Final,141/163,Uncommon,BST
Mélokrik V,142/163,Rare Ultra,BST
Pomdrapi V,143/163,Rare Ultra,BST
Victini V,144/163,Rare Ultra,BST
Pingoléon V,145/163,Rare Ultra,BST
Pingoléon V,146/163,Rare Ultra,BST
Tokorico V,147/163,Rare Ultra,BST
Mimiqui V,148/163,Rare Ultra,BST
Necrozma V,149/163,Rare Ultra,BST
Shifours Poing Final V,150/163,Rare Ultra,BST
Shifours Poing Final V,151/163,Rare Ultra,BST
Shifours Mille Poings V,152/163,Rare Ultra,BST
Shifours Mille Poings V,153/163,Rare Ultra,BST
Tyranocif V,154/163,Rare Ultra,BST
Tyranocif V,155/163,Rare Ultra,BST
Corvaillus V,156/163,Rare Ultra,BST
Mastouffe V,157/163,Rare Ultra,BST
Aldo,158/163,Rare Ultra,BST
Sara,159/163,Rare Ultra,BST
Concentration de Cornélia,160/163,Rare Ultra,BST
Spectra,161/163,Rare Ultra,BST
Mustar Style Mille Poings,162/163,Rare Ultra,BST
Mustar Style Poing Final,163/163,Rare Ultra,BST
Pomdrapi VMAX,164/163,Rare Rainbow,BST
Victini VMAX,165/163,Rare Rainbow,BST
Tokorico VMAX,166/163,Rare Rainbow,BST
Shifours Poing Final VMAX,167/163,Rare Rainbow,BST
Shifours Poing Final VMAX,168/163,Rare Rainbow,BST
Shifours Mille Poings VMAX,169/163,Rare Rainbow,BST
Shifours Mille Poings VMAX,170/163,Rare Rainbow,BST
Corvaillus VMAX,171/163,Rare Rainbow,BST
Aldo,172/163,Rare Rainbow,BST
Sara,173/163,Rare Rainbow,BST
Concentration de Cornélia,174/163,Rare Rainbow,BST
Spectra,175/163,Rare Rainbow,BST
Mustar Style Mille Poings,176/163,Rare Rainbow,BST
Mustar Style Poing Final,177/163,Rare Rainbow,BST
Octillery,178/163,Rare Secret,BST
Démolosse,179/163,Rare Secret,BST
Multi Exp,180/163,Rare Secret,BST
Niveau Ball,181/163,Rare Secret,BST
Énergie Mille Poings,182/163,Rare Secret,BST
Énergie Poing Final,183/163,Rare Secret,BST
Pyroli,TG01/30,Trainer Gallery Rare Holo,BRS
Aquali,TG02/30,Trainer Gallery Rare Holo,BRS
Octillery,TG03/30,Trainer Gallery Rare Holo,BRS
Voltali,TG04/30,Trainer Gallery Rare Holo,BRS
Zekrom,TG05/30,Trainer Gallery Rare Holo,BRS
Noctunoir,TG06/30,Trainer Gallery Rare Holo,BRS
Dedenne,TG07/30,Trainer Gallery Rare Holo,BRS
Charmilly,TG08/30,Trainer Gallery Rare Holo,BRS
Migalos,TG09/30,Trainer Gallery Rare Holo,BRS
Démolosse,TG10/30,Trainer Gallery Rare Holo,BRS
Évoli,TG11/30,Trainer Gallery Rare Holo,BRS
Gouroutan,TG12/30,Trainer Gallery Rare Holo,BRS
Fulgudog V,TG13/30,Rare Holo V,BRS
Nymphali V,TG14/30,Rare Holo V,BRS
Nymphali VMAX,TG15/30,Rare Holo VMAX,BRS
Mimiqui V,TG16/30,Rare Holo V,BRS
Mimiqui VMAX,TG17/30,Rare Holo VMAX,BRS
Shifours Poing Final V,TG18/30,Rare Holo V,BRS
Shifours Poing Final VMAX,TG19/30,Rare Holo VMAX,BRS
Shifours Mille Poings V,TG20/30,Rare Holo V,BRS
Shifours Mille Poings VMAX,TG21/30,Rare Holo VMAX,BRS
Noctali V,TG22/30,Rare Holo V,BRS
Noctali VMAX,TG23/30,Rare Holo VMAX,BRS
Prémonition de Margie,TG24/30,Rare Ultra,BRS
Barista,TG25/30,Rare Ultra,BRS
Gloria,TG26/30,Rare Ultra,BRS
Mustar Style Mille Poings,TG27/30,Rare Ultra,BRS
Mustar Style Poing Final,TG28/30,Rare Ultra,BRS
Shifours Poing Final VMAX,TG29/30,Rare Secret,BRS
Shifours Mille Poings VMAX,TG30/30,Rare Secret,BRS
Noeunoeuf,1/172,Common,BRS
Noadkoko,2/172,Uncommon,BRS
Balignon,3/172,Common,BRS
Chapignon,4/172,Rare,BRS
Tropius,5/172,Uncommon,BRS
Tortipouss,6/172,Common,BRS
Boskara,7/172,Uncommon,BRS
Torterra,8/172,Rare Holo,BRS
Cheniti,9/172,Common,BRS
Cheniselle,10/172,Rare,BRS
Papilord,11/172,Rare,BRS
Ceribou,12/172,Common,BRS
Shaymin V,13/172,Rare Holo V,BRS
Shaymin VSTAR,14/172,Rare Holo VSTAR,BRS
Carabing,15/172,Common,BRS
Zarude V,16/172,Rare Holo V,BRS
Dracaufeu V,17/172,Rare Holo V,BRS
Dracaufeu VSTAR,18/172,Rare Holo VSTAR,BRS
Magmar,19/172,Common,BRS
Maganon,20/172,Rare,BRS
Sulfura,21/172,Rare Holo,BRS
Entei V,22/172,Rare Holo V,BRS
Chartor,23/172,Uncommon,BRS
Ouisticram,24/172,Common,BRS
Chimpenfeu,25/172,Uncommon,BRS
Simiabraz,26/172,Rare Holo,BRS
Flamoutan V,27/172,Rare Holo V,BRS
Krabboss V,28/172,Rare Holo V,BRS
Krabboss VMAX,29/172,Rare Holo VMAX,BRS
Stari,30/172,Common,BRS
Lokhlass,31/172,Rare,BRS
Écrapince,32/172,Common,BRS
Colhomard,33/172,Uncommon,BRS
Stalgamin,34/172,Common,BRS
Tiplouf,35/172,Common,BRS
Prinplouf,36/172,Uncommon,BRS
Pingoléon,37/172,Rare Holo,BRS
Mustébouée,38/172,Common,BRS
Mustéflott,39/172,Uncommon,BRS
Luminéon V,40/172,Rare Holo V,BRS
Manaphy,41/172,Rare,BRS
Polarhume,42/172,Common,BRS
Polagriffe,43/172,Uncommon,BRS
Bekaglaçon,44/172,Rare,BRS
Raichu V,45/172,Rare Holo V,BRS
Élektek,46/172,Common,BRS
Élekable,47/172,Rare,BRS
Raikou V,48/172,Rare Holo V,BRS
Lixy,49/172,Common,BRS
Luxio,50/172,Uncommon,BRS
Luxray,51/172,Rare,BRS
Pachirisu,52/172,Uncommon,BRS
Mélofée,53/172,Common,BRS
Mélodelfe,54/172,Rare,BRS
Staross,55/172,Uncommon,BRS
Mewtwo,56/172,Rare,BRS
Granbull V,57/172,Rare Holo V,BRS
Balbuto,58/172,Common,BRS
Kaorine,59/172,Uncommon,BRS
Skelénox,60/172,Common,BRS
Téraclope,61/172,Uncommon,BRS
Noctunoir,62/172,Rare Holo,BRS
Éoko,63/172,Common,BRS
Farfaduvet V,64/172,Rare Holo V,BRS
Farfaduvet VSTAR,65/172,Rare Holo VSTAR,BRS
Cryptéro,66/172,Uncommon,BRS
Dedenne,67/172,Common,BRS
Mimiqui V,68/172,Rare Holo V,BRS
Mimiqui VMAX,69/172,Rare Holo VMAX,BRS
Crèmy,70/172,Common,BRS
Charmilly,71/172,Rare,BRS
Kapoera,72/172,Uncommon,BRS
Tarinor,73/172,Common,BRS
Kraknoix,74/172,Common,BRS
Vibraninf,75/172,Uncommon,BRS
Libégon,76/172,Rare,BRS
Cheniselle,77/172,Rare,BRS
Riolu,78/172,Common,BRS
Lucario,79/172,Rare Holo,BRS
Judokrak,80/172,Common,BRS
Karaclée,81/172,Common,BRS
Gringolem,82/172,Common,BRS
Golemastoc,83/172,Rare,BRS
Tadmorv,84/172,Common,BRS
Grotadmorv,85/172,Rare,BRS
Farfuret,86/172,Common,BRS
Dimoret,87/172,Uncommon,BRS
Corboss V,88/172,Rare Holo V,BRS
Spiritomb,89/172,Common,BRS
Chacripan,90/172,Common,BRS
Léopardus,91/172,Rare,BRS
Grimalin,92/172,Common,BRS
Fourbelin,93/172,Uncommon,BRS
Angoliath,94/172,Rare,BRS
Morpeko V,95/172,Rare Holo V,BRS
Galeking V,96/172,Rare Holo V,BRS
Galeking VMAX,97/172,Rare Holo VMAX,BRS
Cheniselle,98/172,Rare,BRS
Tarinorme,99/172,Uncommon,BRS
Heatran,100/172,Rare,BRS
Lançargot,101/172,Rare,BRS
Tic,102/172,Common,BRS
Clic,103/172,Uncommon,BRS
Cliticlic,104/172,Rare,BRS
Zamazenta V,105/172,Rare Holo V,BRS
Libégon V,106/172,Rare Holo V,BRS
Griknot,107/172,Common,BRS
Carmache,108/172,Uncommon,BRS
Carchacrok,109/172,Rare Holo,BRS
Coupenotte,110/172,Common,BRS
Incisache,111/172,Uncommon,BRS
Tranchodon,112/172,Rare,BRS
Drakkarmin,113/172,Rare,BRS
Hydragon V,114/172,Rare Holo V,BRS
Canarticho,115/172,Common,BRS
Morphéo,116/172,Common,BRS
Étourmi,117/172,Common,BRS
Étourvol,118/172,Uncommon,BRS
Étouraptor,119/172,Rare,BRS
Keunotor,120/172,Common,BRS
Castorno,121/172,Rare Holo,BRS
Arceus V,122/172,Rare Holo V,BRS
Arceus VSTAR,123/172,Rare Holo VSTAR,BRS
Chinchidou,124/172,Common,BRS
Pashmilla,125/172,Uncommon,BRS
Boréas,126/172,Rare,BRS
Brutalibré,127/172,Common,BRS
Draïeul V,128/172,Rare Holo V,BRS
Prémonition de Margie,129/172,Uncommon,BRS
René,130/172,Uncommon,BRS
Assurance Échec,131/172,Uncommon,BRS
Ordres du Boss,132/172,Rare Holo,BRS
Barista,133/172,Uncommon,BRS
Attention de Tcheren,134/172,Uncommon,BRS
Ceinture Choix,135/172,Uncommon,BRS
Gants Purifiants,136/172,Uncommon,BRS
Stade en Ruines,137/172,Uncommon,BRS
Ambition de Cynthia,138/172,Uncommon,BRS
Pack d'Eaux Fraîches,139/172,Uncommon,BRS
Amis de Galar,140/172,Uncommon,BRS
Gloria,141/172,Uncommon,BRS
Gants de Chasse,142/172,Uncommon,BRS
Saltimbanque,143/172,Uncommon,BRS
Bassin de Magma,144/172,Uncommon,BRS
Fierté de Rosemary,145/172,Uncommon,BRS
Casque Marmite,146/172,Uncommon,BRS
Recherches Professorales,147/172,Rare Holo,BRS
Sauvegarde de Rose,148/172,Uncommon,BRS
Encouragement de la Team Yell,149/172,Uncommon,BRS
Hyper Ball,150/172,Uncommon,BRS
Énergie Double Turbo,151/172,Uncommon,BRS
Shaymin V,152/172,Rare Ultra,BRS
Dracaufeu V,153/172,Rare Ultra,BRS
Dracaufeu V,154/172,Rare Ultra,BRS
Luminéon V,155/172,Rare Ultra,BRS
Luminéon V,156/172,Rare Ultra,BRS
Pikachu V,157/172,Rare Ultra,BRS
Raichu V,158/172,Rare Ultra,BRS
Granbull V,159/172,Rare Ultra,BRS
Farfaduvet V,160/172,Rare Ultra,BRS
Corboss V,161/172,Rare Ultra,BRS
Corboss V,162/172,Rare Ultra,BRS
Zamazenta V,163/172,Rare Ultra,BRS
Libégon V,164/172,Rare Ultra,BRS
Arceus V,165/172,Rare Ultra,BRS
Arceus V,166/172,Rare Ultra,BRS
René,167/172,Rare Ultra,BRS
Attention de Tcheren,168/172,Rare Ultra,BRS
Ambition de Cynthia,169/172,Rare Ultra,BRS
Saltimbanque,170/172,Rare Ultra,BRS
Fierté de Rosemary,171/172,Rare Ultra,BRS
Sauvegarde de Rose,172/172,Rare Ultra,BRS
Shaymin VSTAR,173/172,Rare Rainbow,BRS
Dracaufeu VSTAR,174/172,Rare Rainbow,BRS
Farfaduvet VSTAR,175/172,Rare Rainbow,BRS
Arceus VSTAR,176/172,Rare Rainbow,BRS
Attention de Tcheren,177/172,Rare Rainbow,BRS
Ambition de Cynthia,178/172,Rare Rainbow,BRS
Saltimbanque,179/172,Rare Rainbow,BRS
Sauvegarde de Rose,180/172,Rare Rainbow,BRS
Artikodin de Galar V,181/172,Rare Secret,BRS
Électhor de Galar V,182/172,Rare Secret,BRS
Sulfura de Galar V,183/172,Rare Secret,BRS
Arceus VSTAR,184/172,Rare Secret,BRS
Bassin de Magma,185/172,Rare Secret,BRS
Hyper Ball,186/172,Rare Secret,BRS
Tortank,2/25,Classic Collection,CELCC
Dracaufeu,4/25,Classic Collection,CELCC
Florizarre,15/25,Classic Collection,CELCC
Et voila les Team Rocket !,15/25,Classic Collection,CELCC
Électhor de Rocket,15/25,Classic Collection,CELCC
Kaorine,15/25,Classic Collection,CELCC
Faux Professeur Chen,73/25,Classic Collection,CELCC
Léviator obscur,8/25,Classic Collection,CELCC
Pikachu de ________,24/25,Classic Collection,CELCC
Mélo,20/25,Classic Collection,CELCC
Magicarpe Brillant,66/25,Classic Collection,CELCC
Groudon de Team Magma,9/25,Classic Collection,CELCC
Admin Rocket,86/25,Classic Collection,CELCC
Mew ex,88/25,Classic Collection,CELCC
Gardevoir ex δ,93/25,Classic Collection,CELCC
Noctali ☆,17/25,Classic Collection,CELCC
Luxray GL NIV.X,109/25,Classic Collection,CELCC
Carchacrok C NIV.X,145/25,Classic Collection,CELCC
Donphan,107/25,Classic Collection,CELCC
Reshiram,113/25,Classic Collection,CELCC
Zekrom,114/25,Classic Collection,CELCC
Mewtwo-EX,54/25,Classic Collection,CELCC
Xerneas-EX,97/25,Classic Collection,CELCC
M-Rayquaza-EX,76/25,Classic Collection,CELCC
Tokopiyon-GX,60/25,Classic Collection,CELCC
Ho-Oh,1/25,Rare,CEL
Reshiram,2/25,Rare,CEL
Kyogre,3/25,Rare,CEL
Palkia,4/25,Rare,CEL
Pikachu,5/25,Rare Holo,CEL
Pikachu Volant V,6/25,Rare Holo V,CEL
Pikachu Volant VMAX,7/25,Rare Holo VMAX,CEL
Pikachu Surfeur V,8/25,Rare Holo V,CEL
Pikachu Surfeur VMAX,9/25,Rare Holo VMAX,CEL
Zekrom,10/25,Rare,CEL
Mew,11/25,Rare Holo,CEL
Xerneas,12/25,Rare,CEL
Cosmog,13/25,Rare,CEL
Cosmovum,14/25,Rare,CEL
Lunala,15/25,Rare Holo,CEL
Zacian V,16/25,Rare Holo V,CEL
Groudon,17/25,Rare,CEL
Zamazenta V,18/25,Rare Holo V,CEL
Yveltal,19/25,Rare,CEL
Dialga,20/25,Rare,CEL
Solgaleo,21/25,Rare Holo,CEL
Lugia,22/25,Rare,CEL
Recherches Professorales (Professeur Chen),23/25,Rare Holo,CEL
Recherches Professorales (Professeur Chen),24/25,Rare Ultra,CEL
Mew,25/25,Rare Holo,CEL
Florizarre V,1/73,Rare Holo V,CPA
Aspicot,2/73,Common,CPA
Coconfort,3/73,Common,CPA
Dardargnan,4/73,Uncommon,CPA
Blancoton V,5/73,Rare Holo V,CPA
Goupix,6/73,Common,CPA
Victini,7/73,Uncommon,CPA
Félinferno V,8/73,Rare Holo V,CPA
Grillepattes,9/73,Common,CPA
Scolocendre,10/73,Rare Holo,CPA
Carvanha,11/73,Common,CPA
Sharpedo,12/73,Uncommon,CPA
Wailord V,13/73,Rare Holo V,CPA
Torgamord V,14/73,Rare Holo V,CPA
Torgamord VMAX,15/73,Rare Holo VMAX,CPA
Gardevoir V,16/73,Rare Holo V,CPA
Gardevoir VMAX,17/73,Rare Holo VMAX,CPA
Bibichut,18/73,Common,CPA
Chapotus,19/73,Uncommon,CPA
Sorcilence,20/73,Rare Holo,CPA
Corayôme de Galar V,21/73,Rare Holo V,CPA
Charmilly V,22/73,Rare Holo V,CPA
Charmilly VMAX,23/73,Rare Holo VMAX,CPA
Machoc,24/73,Common,CPA
Machopeur,25/73,Uncommon,CPA
Mackogneur,26/73,Rare Holo,CPA
Lucario V,27/73,Rare Holo V,CPA
Zygarde,28/73,Rare Holo,CPA
Rocabot,29/73,Common,CPA
Lougaroc,30/73,Rare Holo,CPA
Charbi,31/73,Common,CPA
Krakos V,32/73,Rare Holo V,CPA
Abo,33/73,Common,CPA
Arbok,34/73,Uncommon,CPA
Zigzaton de Galar,35/73,Common,CPA
Linéon de Galar,36/73,Common,CPA
Ixon de Galar,37/73,Rare Holo,CPA
Absol,38/73,Uncommon,CPA
Chacripan,39/73,Common,CPA
Léopardus,40/73,Uncommon,CPA
Baggiguane,41/73,Common,CPA
Baggaïd,42/73,Rare Holo,CPA
Miamiasme,43/73,Common,CPA
Sepiatop,44/73,Common,CPA
Sepiatroce,45/73,Uncommon,CPA
Goupilou,46/73,Common,CPA
Duralugon V,47/73,Rare Holo V,CPA
Tylton,48/73,Common,CPA
Altaria,49/73,Rare Holo,CPA
Travis,50/73,Uncommon,CPA
Total Soin,51/73,Uncommon,CPA
Super Ball,52/73,Uncommon,CPA
Nabil,53/73,Uncommon,CPA
Hyper Potion,54/73,Uncommon,CPA
Kabu,55/73,Uncommon,CPA
Rosemary,56/73,Rare Holo,CPA
Percy,57/73,Uncommon,CPA
Peterson,58/73,Uncommon,CPA
Poké Ball,59/73,Common,CPA
Dame du Centre Pokémon,60/73,Uncommon,CPA
Potion,61/73,Common,CPA
Recherches Professorales (Professeure Magnolia),62/73,Rare Holo,CPA
Moticyclette,63/73,Uncommon,CPA
Motismart,64/73,Uncommon,CPA
Sonya,65/73,Uncommon,CPA
Conserve Douteuse,66/73,Uncommon,CPA
Sbire de la Team Yell,67/73,Uncommon,CPA
Stade de Greenbury,68/73,Uncommon,CPA
Torgamord V,69/73,Rare Ultra,CPA
Gardevoir V,70/73,Rare Ultra,CPA
Corayôme de Galar V,71/73,Rare Ultra,CPA
Krakos V,72/73,Rare Ultra,CPA
Nabil,73/73,Rare Ultra,CPA
Dracaufeu VMAX,74/73,Rare Rainbow,CPA
Torgamord VMAX,75/73,Rare Rainbow,CPA
Gardevoir VMAX,76/73,Rare Rainbow,CPA
Kabu,77/73,Rare Rainbow,CPA
Peterson,78/73,Rare Rainbow,CPA
Dracaufeu V,79/73,Rare Secret,CPA
Conserve Douteuse,80/73,Rare Secret,CPA
Aspicot,1/198,Common,CRE
Coconfort,2/198,Uncommon,CRE
Dardargnan,3/198,Rare Holo,CRE
Coxy,4/198,Common,CRE
Coxyclaque,5/198,Uncommon,CRE
Scarhino,6/198,Common,CRE
Celebi V,7/198,Rare Holo V,CRE
Celebi VMAX,8/198,Rare Holo VMAX,CRE
Blizzi,9/198,Common,CRE
Blizzaroi,10/198,Rare,CRE
Vivaldaim,11/198,Common,CRE
Haydaim,12/198,Rare,CRE
Croquine,13/198,Common,CRE
Candine,14/198,Uncommon,CRE
Sucreine,15/198,Rare,CRE
Ouistempo,16/198,Common,CRE
Badabouin,17/198,Uncommon,CRE
Gorythmic,18/198,Rare Holo,CRE
Zarude,19/198,Rare Holo,CRE
Braségali V,20/198,Rare Holo V,CRE
Braségali VMAX,21/198,Rare Holo VMAX,CRE
Morphéo Forme Solaire,22/198,Common,CRE
Pyronille,23/198,Common,CRE
Pyrax,24/198,Rare,CRE
Volcanion V,25/198,Rare Holo V,CRE
Flambino,26/198,Common,CRE
Lapyro,27/198,Uncommon,CRE
Pyrobut,28/198,Rare Holo,CRE
Lokhlass,29/198,Common,CRE
Farfuret,30/198,Common,CRE
Dimoret,31/198,Rare Holo,CRE
Cadoizo,32/198,Common,CRE
Morphéo Forme Eau de Pluie,33/198,Common,CRE
Morphéo Forme Blizzard,34/198,Common,CRE
Stalgamin,35/198,Common,CRE
Momartik,36/198,Rare Holo,CRE
Obalie,37/198,Common,CRE
Phogleur,38/198,Uncommon,CRE
Kaimorse,39/198,Rare,CRE
Tokopisco,40/198,Rare Holo,CRE
Larméléon,41/198,Common,CRE
Arrozard,42/198,Uncommon,CRE
Lézargus,43/198,Rare Holo,CRE
Shifours Mille Poings,44/198,Rare Holo,CRE
Sylveroy Cavalier du Froid V,45/198,Rare Holo V,CRE
Sylveroy Cavalier du Froid VMAX,46/198,Rare Holo VMAX,CRE
Wattouat,47/198,Common,CRE
Lainergie,48/198,Uncommon,CRE
Pharamp,49/198,Rare,CRE
Zébibron,50/198,Common,CRE
Zéblitz,51/198,Rare,CRE
Fulguris,52/198,Rare Holo,CRE
Zeraora V,53/198,Rare Holo V,CRE
Ramoloss de Galar,54/198,Common,CRE
Fantominus,55/198,Common,CRE
Spectrum,56/198,Uncommon,CRE
Ectoplasma,57/198,Rare Holo,CRE
Artikodin de Galar V,58/198,Rare Holo V,CRE
Tarsal,59/198,Common,CRE
Kirlia,60/198,Uncommon,CRE
Gardevoir,61/198,Rare Holo,CRE
Polichombr,62/198,Common,CRE
Branette,63/198,Rare,CRE
Cresselia,64/198,Rare Holo,CRE
Gringolem,65/198,Common,CRE
Golemastoc,66/198,Rare,CRE
Sucroquin,67/198,Common,CRE
Cupcanaille,68/198,Rare,CRE
Sepiatop,69/198,Common,CRE
Sepiatroce,70/198,Rare,CRE
Bibichut,71/198,Common,CRE
Chapotus,72/198,Uncommon,CRE
Sorcilence,73/198,Rare Holo,CRE
Sylveroy Cavalier d'Effroi V,74/198,Rare Holo V,CRE
Sylveroy Cavalier d'Effroi VMAX,75/198,Rare Holo VMAX,CRE
Taupiqueur,76/198,Common,CRE
Triopikeur,77/198,Rare,CRE
Canarticho de Galar,78/198,Common,CRE
Palarticho de Galar,79/198,Rare,CRE
Électhor de Galar V,80/198,Rare Holo V,CRE
Gallame,81/198,Rare,CRE
Tutafeh de Galar,82/198,Common,CRE
Tutétékri de Galar,83/198,Rare Holo,CRE
Crabagarre,84/198,Common,CRE
Crabominable,85/198,Uncommon,CRE
Rocabot,86/198,Common,CRE
Lougaroc,87/198,Rare Holo,CRE
Quartermac,88/198,Rare,CRE
Dunaconda V,89/198,Rare Holo V,CRE
Dunaconda VMAX,90/198,Rare Holo VMAX,CRE
Poulpaf,91/198,Common,CRE
Krakos,92/198,Rare Holo,CRE
Wushours,93/198,Common,CRE
Smogo,94/198,Common,CRE
Smogogo,95/198,Rare,CRE
Smogogo de Galar,96/198,Rare,CRE
Sulfura de Galar V,97/198,Rare Holo V,CRE
Roigada de Galar,98/198,Rare Holo,CRE
Roigada de Galar V,99/198,Rare Holo V,CRE
Roigada de Galar VMAX,100/198,Rare Holo VMAX,CRE
Qwilfish,101/198,Common,CRE
Séviper,102/198,Rare,CRE
Spiritomb,103/198,Rare,CRE
Léopardus V,104/198,Rare Holo V,CRE
Venipatte,105/198,Common,CRE
Scobolide,106/198,Uncommon,CRE
Brutapode,107/198,Rare,CRE
Shifours Poing Final,108/198,Rare Holo,CRE
Galekid,109/198,Common,CRE
Galegon,110/198,Uncommon,CRE
Galeking,111/198,Rare,CRE
Métalosse V,112/198,Rare Holo V,CRE
Métalosse VMAX,113/198,Rare Holo VMAX,CRE
Cobaltium,114/198,Rare Holo,CRE
Tauros,115/198,Rare Holo,CRE
Porygon,116/198,Common,CRE
Porygon2,117/198,Uncommon,CRE
Porygon-Z,118/198,Rare Holo,CRE
Leuphorie V,119/198,Rare Holo V,CRE
Mangriff,120/198,Rare,CRE
Morphéo,121/198,Common,CRE
Kecleon,122/198,Rare,CRE
Shaymin,123/198,Rare Holo,CRE
Boréas V,124/198,Rare Holo V,CRE
Boréas VMAX,125/198,Rare Holo VMAX,CRE
Couafarel,126/198,Common,CRE
Rongourmand,127/198,Common,CRE
Rongrigou,128/198,Rare Holo,CRE
Agatha,129/198,Uncommon,CRE
Saturnin,130/198,Uncommon,CRE
Bastien,131/198,Uncommon,CRE
Percila,132/198,Uncommon,CRE
Gants Dévastateurs,133/198,Uncommon,CRE
Docteure,134/198,Uncommon,CRE
Butte du Dynarbre,135/198,Uncommon,CRE
Corne Résonnante,136/198,Uncommon,CRE
Uniforme de Survie,137/198,Uncommon,CRE
Gants Ignifuges,138/198,Uncommon,CRE
Adriane,139/198,Uncommon,CRE
Boule de Cristal Brume,140/198,Uncommon,CRE
Plastron de Galar,141/198,Uncommon,CRE
Apia,142/198,Uncommon,CRE
Gants Justiciers,143/198,Uncommon,CRE
Conviction de Marion,144/198,Uncommon,CRE
Sophora,145/198,Uncommon,CRE
Lona,146/198,Uncommon,CRE
Cimetière Ancien,147/198,Uncommon,CRE
Sentier Blanche-Cime,148/198,Uncommon,CRE
Pivonia,149/198,Uncommon,CRE
Dhilan,150/198,Uncommon,CRE
Rouleau Céleste Mille Poings,151/198,Uncommon,CRE
Casque Costaud,152/198,Uncommon,CRE
Narcisse,153/198,Uncommon,CRE
Rouleau Perçant Poing Final,154/198,Uncommon,CRE
Gants Désherbants,155/198,Uncommon,CRE
Lanterne Accueillante,156/198,Uncommon,CRE
Énergie Impact,157/198,Uncommon,CRE
Énergie Chance,158/198,Uncommon,CRE
Énergie Spirale,159/198,Uncommon,CRE
Celebi V,160/198,Rare Ultra,CRE
Braségali V,161/198,Rare Ultra,CRE
Volcanion V,162/198,Rare Ultra,CRE
Sylveroy Cavalier du Froid V,163/198,Rare Ultra,CRE
Sylveroy Cavalier du Froid V,164/198,Rare Ultra,CRE
Zeraora V,165/198,Rare Ultra,CRE
Zeraora V,166/198,Rare Ultra,CRE
Galopa de Galar V,167/198,Rare Ultra,CRE
Galopa de Galar V,168/198,Rare Ultra,CRE
Artikodin de Galar V,169/198,Rare Ultra,CRE
Artikodin de Galar V,170/198,Rare Ultra,CRE
Sylveroy Cavalier d'Effroi V,171/198,Rare Ultra,CRE
Sylveroy Cavalier d'Effroi V,172/198,Rare Ultra,CRE
Électhor de Galar V,173/198,Rare Ultra,CRE
Électhor de Galar V,174/198,Rare Ultra,CRE
Dunaconda V,175/198,Rare Ultra,CRE
Sulfura de Galar V,176/198,Rare Ultra,CRE
Sulfura de Galar V,177/198,Rare Ultra,CRE
Roigada de Galar V,178/198,Rare Ultra,CRE
Roigada de Galar V,179/198,Rare Ultra,CRE
Léopardus V,180/198,Rare Ultra,CRE
Métalosse V,181/198,Rare Ultra,CRE
Leuphorie V,182/198,Rare Ultra,CRE
Leuphorie V,183/198,Rare Ultra,CRE
Boréas V,184/198,Rare Ultra,CRE
Boréas V,185/198,Rare Ultra,CRE
Agatha,186/198,Rare Ultra,CRE
Saturnin,187/198,Rare Ultra,CRE
Bastien,188/198,Rare Ultra,CRE
Percila,189/198,Rare Ultra,CRE
Docteure,190/198,Rare Ultra,CRE
Adriane,191/198,Rare Ultra,CRE
Apia,192/198,Rare Ultra,CRE
Conviction de Marion,193/198,Rare Ultra,CRE
Sophora,194/198,Rare Ultra,CRE
Lona,195/198,Rare Ultra,CRE
Pivonia,196/198,Rare Ultra,CRE
Dhilan,197/198,Rare Ultra,CRE
Narcisse,198/198,Rare Ultra,CRE
Celebi VMAX,199/198,Rare Rainbow,CRE
Braségali VMAX,200/198,Rare Rainbow,CRE
Braségali VMAX,201/198,Rare Rainbow,CRE
Sylveroy Cavalier du Froid VMAX,202/198,Rare Rainbow,CRE
Sylveroy Cavalier du Froid VMAX,203/198,Rare Rainbow,CRE
Sylveroy Cavalier d'Effroi VMAX,204/198,Rare Rainbow,CRE
Sylveroy Cavalier d'Effroi VMAX,205/198,Rare Rainbow,CRE
Dunaconda VMAX,206/198,Rare Rainbow,CRE
Roigada de Galar VMAX,207/198,Rare Rainbow,CRE
Métalosse VMAX,208/198,Rare Rainbow,CRE
Boréas VMAX,209/198,Rare Rainbow,CRE
Agatha,210/198,Rare Rainbow,CRE
Saturnin,211/198,Rare Rainbow,CRE
Bastien,212/198,Rare Rainbow,CRE
Percila,213/198,Rare Rainbow,CRE
Docteure,214/198,Rare Rainbow,CRE
Adriane,215/198,Rare Rainbow,CRE
Conviction de Marion,216/198,Rare Rainbow,CRE
Sophora,217/198,Rare Rainbow,CRE
Lona,218/198,Rare Rainbow,CRE
Pivonia,219/198,Rare Rainbow,CRE
Dhilan,220/198,Rare Rainbow,CRE
Narcisse,221/198,Rare Rainbow,CRE
Électrode,222/198,Rare Secret,CRE
Archéodong,223/198,Rare Secret,CRE
Ronflex,224/198,Rare Secret,CRE
Corne Résonnante,225/198,Rare Secret,CRE
Éventail Houleux,226/198,Rare Secret,CRE
Boule de Cristal Brume,227/198,Rare Secret,CRE
Casque Costaud,228/198,Rare Secret,CRE
Urne de Vitalité,229/198,Rare Secret,CRE
Lanterne Accueillante,230/198,Rare Secret,CRE
Énergie Eau,231/198,Rare Secret,CRE
Énergie Psy,232/198,Rare Secret,CRE
Énergie Combat,233/198,Rare Secret,CRE
Voltorbe de Hisui,GG01/70,Trainer Gallery Rare Holo,CRZ
Mélokrik,GG02/70,Trainer Gallery Rare Holo,CRZ
Maganon,GG03/70,Trainer Gallery Rare Holo,CRZ
Plumeline,GG04/70,Trainer Gallery Rare Holo,CRZ
Lokhlass,GG05/70,Trainer Gallery Rare Holo,CRZ
Manaphy,GG06/70,Trainer Gallery Rare Holo,CRZ
Keldeo,GG07/70,Trainer Gallery Rare Holo,CRZ
Élekable,GG08/70,Trainer Gallery Rare Holo,CRZ
Salarsen,GG09/70,Trainer Gallery Rare Holo,CRZ
Mew,GG10/70,Trainer Gallery Rare Holo,CRZ
Séléroc,GG11/70,Trainer Gallery Rare Holo,CRZ
Deoxys,GG12/70,Trainer Gallery Rare Holo,CRZ
Diancie,GG13/70,Trainer Gallery Rare Holo,CRZ
Guérilande,GG14/70,Trainer Gallery Rare Holo,CRZ
Solaroc,GG15/70,Trainer Gallery Rare Holo,CRZ
Absol,GG16/70,Trainer Gallery Rare Holo,CRZ
Roublenard,GG17/70,Trainer Gallery Rare Holo,CRZ
Magnézone,GG18/70,Trainer Gallery Rare Holo,CRZ
Altaria,GG19/70,Trainer Gallery Rare Holo,CRZ
Latias,GG20/70,Trainer Gallery Rare Holo,CRZ
Muplodocus de Hisui,GG21/70,Trainer Gallery Rare Holo,CRZ
Métamorph,GG22/70,Trainer Gallery Rare Holo,CRZ
Insolourdo,GG23/70,Trainer Gallery Rare Holo,CRZ
Écrémeuh,GG24/70,Trainer Gallery Rare Holo,CRZ
Castorno,GG25/70,Trainer Gallery Rare Holo,CRZ
Riolu,GG26/70,Trainer Gallery Rare Holo,CRZ
Tylton,GG27/70,Trainer Gallery Rare Holo,CRZ
Skelénox,GG28/70,Trainer Gallery Rare Holo,CRZ
Keunotor,GG29/70,Trainer Gallery Rare Holo,CRZ
Pikachu,GG30/70,Trainer Gallery Rare Holo,CRZ
Tortipouss,GG31/70,Trainer Gallery Rare Holo,CRZ
Paras,GG32/70,Trainer Gallery Rare Holo,CRZ
Medhyèna,GG33/70,Trainer Gallery Rare Holo,CRZ
Wattouat,GG34/70,Trainer Gallery Rare Holo,CRZ
Phyllali VSTAR,GG35/70,Rare Holo VSTAR,CRZ
Entei V,GG36/70,Rare Holo V,CRZ
Flamoutan VSTAR,GG37/70,Rare Holo VSTAR,CRZ
Suicune V,GG38/70,Rare Holo V,CRZ
Luminéon V,GG39/70,Rare Holo V,CRZ
Givrali VSTAR,GG40/70,Rare Holo VSTAR,CRZ
Raikou V,GG41/70,Rare Holo V,CRZ
Zeraora VMAX,GG42/70,Rare Holo VMAX,CRZ
Zeraora VSTAR,GG43/70,Rare Holo VSTAR,CRZ
Mewtwo VSTAR,GG44/70,Rare Holo VSTAR,CRZ
Deoxys VMAX,GG45/70,Rare Holo VMAX,CRZ
Deoxys VSTAR,GG46/70,Rare Holo VSTAR,CRZ
Sorcilence VMAX,GG47/70,Rare Holo VMAX,CRZ
Zacian V,GG48/70,Rare Holo V,CRZ
Drascore V,GG49/70,Rare Holo V,CRZ
Darkrai VSTAR,GG50/70,Rare Holo VSTAR,CRZ
Clamiral de Hisui V,GG51/70,Rare Holo V,CRZ
Clamiral de Hisui VSTAR,GG52/70,Rare Holo VSTAR,CRZ
Hoopa V,GG53/70,Rare Holo V,CRZ
Zamazenta V,GG54/70,Rare Holo V,CRZ
Regigigas VSTAR,GG55/70,Rare Holo VSTAR,CRZ
Zoroark de Hisui VSTAR,GG56/70,Rare Holo VSTAR,CRZ
Adamantin,GG57/70,Rare Ultra,CRZ
Attention de Tcheren,GG58/70,Rare Ultra,CRZ
Expérience de Nikolaï,GG59/70,Rare Ultra,CRZ
Ambition de Cynthia,GG60/70,Rare Ultra,CRZ
Vitalité de Flo,GG61/70,Rare Ultra,CRZ
Lino,GG62/70,Rare Ultra,CRZ
Nacchara,GG63/70,Rare Ultra,CRZ
Lona,GG64/70,Rare Ultra,CRZ
Roy,GG65/70,Rare Ultra,CRZ
Roxanne,GG66/70,Rare Ultra,CRZ
Palkia Originel VSTAR,GG67/70,Rare Secret,CRZ
Dialga Originel VSTAR,GG68/70,Rare Secret,CRZ
Giratina VSTAR,GG69/70,Rare Secret,CRZ
Arceus VSTAR,GG70/70,Rare Secret,CRZ
Mystherbe,1/159,Common,CRZ
Ortide,2/159,Uncommon,CRZ
Joliflor,3/159,Rare,CRZ
Saquedeneu,4/159,Common,CRZ
Bouldeneu,5/159,Rare,CRZ
Insécateur,6/159,Common,CRZ
Tournegrin,7/159,Common,CRZ
Yanma,8/159,Common,CRZ
Yanmega,9/159,Rare,CRZ
Crikzik,10/159,Common,CRZ
Ceribou,11/159,Common,CRZ
Vortente,12/159,Uncommon,CRZ
Phyllali V,13/159,Rare Holo V,CRZ
Phyllali VSTAR,14/159,Rare Holo VSTAR,CRZ
Larvibule,15/159,Common,CRZ
Zarude,16/159,Rare Holo,CRZ
Sylveroy,17/159,Rare Holo,CRZ
Dracaufeu V,18/159,Rare Holo V,CRZ
Dracaufeu VSTAR,19/159,Rare Holo VSTAR,CRZ
Dracaufeu Radieux,20/159,Radiant Rare,CRZ
Entei,21/159,Rare Holo,CRZ
Flamoutan V,22/159,Rare Holo V,CRZ
Flamoutan VSTAR,23/159,Rare Holo VSTAR,CRZ
Pyronille,24/159,Common,CRZ
Pyrax,25/159,Rare,CRZ
Volcanion,26/159,Rare Holo,CRZ
Tritox,27/159,Common,CRZ
Malamandre,28/159,Uncommon,CRZ
Otaria,29/159,Common,CRZ
M. Mime de Galar,30/159,Common,CRZ
Wailmer,31/159,Common,CRZ
Wailord,32/159,Rare,CRZ
Écrapince,33/159,Common,CRZ
Stalgamin,34/159,Common,CRZ
Lovdisc,35/159,Common,CRZ
Kyogre,36/159,Rare Holo,CRZ
Kyogre V,37/159,Rare Holo V,CRZ
Givrali V,38/159,Rare Holo V,CRZ
Lixy,39/159,Common,CRZ
Lixy,40/159,Common,CRZ
Luxio,41/159,Uncommon,CRZ
Luxio,42/159,Uncommon,CRZ
Luxray,43/159,Rare,CRZ
Luxray,44/159,Rare,CRZ
Motisma V,45/159,Rare Holo V,CRZ
Motisma VSTAR,46/159,Rare Holo VSTAR,CRZ
Emolga,47/159,Common,CRZ
Lampéroie,48/159,Uncommon,CRZ
Galvaran,49/159,Common,CRZ
Iguolta,50/159,Rare,CRZ
Chrysapile Radieux,51/159,Radiant Rare,CRZ
Zeraora,52/159,Rare,CRZ
Zeraora V,53/159,Rare Holo V,CRZ
Zeraora VMAX,54/159,Rare Holo VMAX,CRZ
Zeraora VSTAR,55/159,Rare Holo VSTAR,CRZ
Wattapik,56/159,Uncommon,CRZ
Noeunoeuf,57/159,Common,CRZ
Noadkoko,58/159,Rare,CRZ
Mewtwo,59/159,Rare Holo,CRZ
Mew V,60/159,Rare Holo V,CRZ
Girafarig,61/159,Uncommon,CRZ
Séléroc,62/159,Uncommon,CRZ
Téraclope,63/159,Uncommon,CRZ
Tokopiyon,64/159,Rare Holo,CRZ
Sorcilence V,65/159,Rare Holo V,CRZ
Sorcilence VMAX,66/159,Rare Holo VMAX,CRZ
Amovénus,67/159,Rare,CRZ
Gravalanch,68/159,Uncommon,CRZ
Solaroc,69/159,Uncommon,CRZ
Balbuto,70/159,Common,CRZ
Riolu,71/159,Common,CRZ
Pandespiègle,72/159,Common,CRZ
Rocabot,73/159,Common,CRZ
Lougaroc,74/159,Rare,CRZ
Smogo,75/159,Common,CRZ
Absol,76/159,Rare Holo,CRZ
Chacripan,77/159,Common,CRZ
Léopardus,78/159,Rare,CRZ
Escroco,79/159,Uncommon,CRZ
Pandarbare,80/159,Rare,CRZ
Venalgue,81/159,Common,CRZ
Kravarech,82/159,Rare,CRZ
Hoopa,83/159,Rare Holo,CRZ
Miaouss de Galar,84/159,Common,CRZ
Berserkatt de Galar,85/159,Rare,CRZ
Cizayox,86/159,Rare,CRZ
Galekid,87/159,Common,CRZ
Galegon,88/159,Uncommon,CRZ
Galeking,89/159,Rare Holo,CRZ
Métang,90/159,Uncommon,CRZ
Scalpion,91/159,Common,CRZ
Scalpion,92/159,Common,CRZ
Scalproie,93/159,Uncommon,CRZ
Zacian,94/159,Rare Holo,CRZ
Zacian V,95/159,Rare Holo V,CRZ
Zacian VSTAR,96/159,Rare Holo VSTAR,CRZ
Zamazenta,97/159,Rare Holo,CRZ
Zamazenta V,98/159,Rare Holo V,CRZ
Zamazenta VSTAR,99/159,Rare Holo VSTAR,CRZ
Rayquaza V,100/159,Rare Holo V,CRZ
Rayquaza VMAX,101/159,Rare Holo VMAX,CRZ
Rayquaza VMAX,102/159,Rare Holo VMAX,CRZ
Duralugon V,103/159,Rare Holo V,CRZ
Duralugon VMAX,104/159,Rare Holo VMAX,CRZ
Éthernatos Radieux,105/159,Radiant Rare,CRZ
Tauros,106/159,Rare,CRZ
Métamorph,107/159,Rare Holo,CRZ
Évoli V,108/159,Rare Holo V,CRZ
Ronflex,109/159,Rare,CRZ
Étourmi,110/159,Common,CRZ
Keunotor,111/159,Common,CRZ
Pijako,112/159,Common,CRZ
Regigigas V,113/159,Rare Holo V,CRZ
Regigigas VSTAR,114/159,Rare Holo VSTAR,CRZ
Shaymin,115/159,Uncommon,CRZ
Mastouffe V,116/159,Rare Holo V,CRZ
Manglouton,117/159,Common,CRZ
Argouste,118/159,Rare,CRZ
Gouroutan,119/159,Rare,CRZ
Rongrigou V,120/159,Rare Holo V,CRZ
Moumouton,121/159,Common,CRZ
Moumouflon,122/159,Rare,CRZ
Faïza,123/159,Rare Holo,CRZ
Travis,124/159,Rare Holo,CRZ
Maillet Écrasant,125/159,Uncommon,CRZ
Trou Brothers,126/159,Uncommon,CRZ
Récupération d'Énergie,127/159,Common,CRZ
Recherche d'Énergie,128/159,Common,CRZ
Échange d'Énergie,129/159,Uncommon,CRZ
Amis de Hisui,130/159,Uncommon,CRZ
Amis de Sinnoh,131/159,Uncommon,CRZ
Super Ball,132/159,Uncommon,CRZ
Nabil,133/159,Rare Holo,CRZ
Tarak,134/159,Rare Holo,CRZ
Aspirateur Perdu,135/159,Uncommon,CRZ
Donna,136/159,Rare Holo,CRZ
Poké Ball,137/159,Common,CRZ
Attrape-Pokémon,138/159,Uncommon,CRZ
Potion,139/159,Common,CRZ
Roy,140/159,Rare Holo,CRZ
Super Bonbon,141/159,Uncommon,CRZ
Valise de Secours,142/159,Uncommon,CRZ
Pierre Scellée Céleste,143/159,Rare Holo,CRZ
Échange,144/159,Common,CRZ
Chaussures de Randonnée,145/159,Uncommon,CRZ
Hyper Ball,146/159,Uncommon,CRZ
Éclat d'Inezia,147/159,Rare Ultra,CRZ
Amis de Hisui,148/159,Rare Ultra,CRZ
Amis de Sinnoh,149/159,Rare Ultra,CRZ
Recherches Professorales,150/159,Rare Ultra,CRZ
Percupio,151/159,Rare Ultra,CRZ
Énergie Plante,152/159,Rare Ultra,CRZ
Énergie Feu,153/159,Rare Ultra,CRZ
Énergie Eau,154/159,Rare Ultra,CRZ
Énergie Électrique,155/159,Rare Ultra,CRZ
Énergie Psy,156/159,Rare Ultra,CRZ
Énergie Combat,157/159,Rare Ultra,CRZ
Énergie Obscurité,158/159,Rare Ultra,CRZ
Énergie Métal,159/159,Rare Ultra,CRZ
Pikachu,160/159,Rare Secret,CRZ
Papilusion V,1/189,Rare Holo V,DAA
Papilusion VMAX,2/189,Rare Holo VMAX,DAA
Paras,3/189,Common,DAA
Parasect,4/189,Uncommon,DAA
Vortente,5/189,Uncommon,DAA
Feuillajou,6/189,Common,DAA
Feuiloutan,7/189,Uncommon,DAA
Carabing,8/189,Common,DAA
Escargaume,9/189,Common,DAA
Limaspeed,10/189,Rare,DAA
Brindibou,11/189,Common,DAA
Efflèche,12/189,Uncommon,DAA
Archéduc,13/189,Rare Holo,DAA
Croquine,14/189,Common,DAA
Candine,15/189,Uncommon,DAA
Sucreine,16/189,Rare,DAA
Sovkipou,17/189,Common,DAA
Sarmuraï,18/189,Rare Holo,DAA
Dracaufeu V,19/189,Rare Holo V,DAA
Dracaufeu VMAX,20/189,Rare Holo VMAX,DAA
Démolosse V,21/189,Rare Holo V,DAA
Poussifeu,22/189,Common,DAA
Galifeu,23/189,Uncommon,DAA
Braségali,24/189,Rare Holo,DAA
Heatran,25/189,Rare Holo,DAA
Flamajou,26/189,Common,DAA
Flamoutan,27/189,Uncommon,DAA
Darumacho de Galar,28/189,Rare,DAA
Pyronille,29/189,Common,DAA
Pyrax,30/189,Rare,DAA
Braisillon,31/189,Uncommon,DAA
Flambusard,32/189,Rare,DAA
Scolocendre V,33/189,Rare Holo V,DAA
Scolocendre VMAX,34/189,Rare Holo VMAX,DAA
M. Mime de Galar,35/189,Common,DAA
M. Glaquette de Galar,36/189,Rare,DAA
Suicune,37/189,Rare Holo,DAA
Barpau,38/189,Common,DAA
Milobellus,39/189,Rare Holo,DAA
Relicanth,40/189,Uncommon,DAA
Flotajou,41/189,Common,DAA
Flotoutan,42/189,Uncommon,DAA
Darumarond de Galar,43/189,Common,DAA
Darumacho de Galar,44/189,Rare,DAA
Sorbébé,45/189,Common,DAA
Sorboul,46/189,Uncommon,DAA
Sorbouboul,47/189,Rare,DAA
Polarhume,48/189,Common,DAA
Polagriffe,49/189,Rare,DAA
Froussardine,50/189,Common,DAA
Vorastérie,51/189,Common,DAA
Prédastérie,52/189,Uncommon,DAA
Hydragon,53/189,Rare Holo,DAA
Hydragla,54/189,Rare,DAA
Wattouat,55/189,Common,DAA
Lainergie,56/189,Uncommon,DAA
Pharamp,57/189,Rare,DAA
Dynavolt,58/189,Common,DAA
Élecsprint,59/189,Rare,DAA
Lucanon V,60/189,Rare Holo V,DAA
Tokorico,61/189,Rare Holo,DAA
Toxizap,62/189,Common,DAA
Salarsen,63/189,Rare Holo,DAA
Wattapik,64/189,Rare Holo,DAA
Galvagon,65/189,Rare,DAA
Galvagla,66/189,Rare Holo,DAA
Rondoudou,67/189,Common,DAA
Grodoudou,68/189,Rare,DAA
Mew V,69/189,Rare Holo V,DAA
Snubbull,70/189,Common,DAA
Granbull,71/189,Rare,DAA
Séléroc,72/189,Uncommon,DAA
Scrutella,73/189,Common,DAA
Mesmérella,74/189,Uncommon,DAA
Sidérella,75/189,Rare,DAA
Gringolem,76/189,Common,DAA
Golemastoc,77/189,Rare,DAA
Dedenne,78/189,Uncommon,DAA
Spododo,79/189,Common,DAA
Lampignon,80/189,Uncommon,DAA
Mimiqui,81/189,Rare,DAA
Théffroi,82/189,Common,DAA
Polthégeist,83/189,Uncommon,DAA
Taupiqueur,84/189,Common,DAA
Triopikeur,85/189,Uncommon,DAA
Embrylex,86/189,Common,DAA
Ymphect,87/189,Uncommon,DAA
Tyranocif,88/189,Rare Holo,DAA
Kraknoix,89/189,Common,DAA
Vibraninf,90/189,Uncommon,DAA
Libégon,91/189,Rare,DAA
Solaroc,92/189,Uncommon,DAA
Hippopotas,93/189,Common,DAA
Hippodocus,94/189,Rare,DAA
Rhinastoc V,95/189,Rare Holo V,DAA
Excavarenne,96/189,Rare,DAA
Quartermac,97/189,Common,DAA
Palarticho de Galar,98/189,Rare,DAA
Flagadoss de Galar V,99/189,Rare Holo V,DAA
Tadmorv,100/189,Common,DAA
Grotadmorv,101/189,Rare,DAA
Mimigal,102/189,Common,DAA
Migalos,103/189,Uncommon,DAA
Nostenfer V,104/189,Rare Holo V,DAA
Darkrai,105/189,Rare Holo,DAA
Chacripan,106/189,Common,DAA
Léopardus,107/189,Rare,DAA
Solochi,108/189,Common,DAA
Diamat,109/189,Uncommon,DAA
Trioxhydre,110/189,Rare,DAA
Hoopa,111/189,Rare Holo,DAA
Goupilou,112/189,Common,DAA
Roublenard,113/189,Rare,DAA
Angoliath V,114/189,Rare Holo V,DAA
Angoliath VMAX,115/189,Rare Holo VMAX,DAA
Éthernatos V,116/189,Rare Holo V,DAA
Éthernatos VMAX,117/189,Rare Holo VMAX,DAA
Cizayox V,118/189,Rare Holo V,DAA
Cizayox VMAX,119/189,Rare Holo VMAX,DAA
Airmure,120/189,Common,DAA
Galekid,121/189,Common,DAA
Galegon,122/189,Uncommon,DAA
Galeking,123/189,Rare Holo,DAA
Lançargot,124/189,Rare,DAA
Tic,125/189,Common,DAA
Clic,126/189,Uncommon,DAA
Cliticlic,127/189,Rare,DAA
Limonde de Galar V,128/189,Rare Holo V,DAA
Meltan,129/189,Common,DAA
Melmetal,130/189,Rare,DAA
Charibari,131/189,Common,DAA
Pachyradjah,132/189,Rare Holo,DAA
Kangourex,133/189,Rare Holo,DAA
Tauros,134/189,Common,DAA
Fouinette,135/189,Common,DAA
Fouinar,136/189,Uncommon,DAA
Insolourdo,137/189,Common,DAA
Teddiursa,138/189,Common,DAA
Ursaring,139/189,Uncommon,DAA
Lugia,140/189,Rare,DAA
Skitty,141/189,Common,DAA
Delcatty,142/189,Rare,DAA
Drattak V,143/189,Rare Holo V,DAA
Drattak VMAX,144/189,Rare Holo VMAX,DAA
Étourmi,145/189,Common,DAA
Étourvol,146/189,Uncommon,DAA
Étouraptor,147/189,Rare,DAA
Couaneton,148/189,Common,DAA
Lakmécygne,149/189,Rare,DAA
Sapereau,150/189,Common,DAA
Passerouge,151/189,Common,DAA
Rongourmand,152/189,Common,DAA
Rongrigou,153/189,Rare,DAA
Minisange,154/189,Common,DAA
Bleuseille,155/189,Uncommon,DAA
Corvaillus,156/189,Rare Holo,DAA
Ombrelle Géante,157/189,Uncommon,DAA
Volutes de Fumée,158/189,Uncommon,DAA
Ornithologue,159/189,Uncommon,DAA
Cape d'Endurance,160/189,Uncommon,DAA
Cloche Familière,161/189,Uncommon,DAA
Forêt de Lumirinth,162/189,Uncommon,DAA
Kabu,163/189,Uncommon,DAA
Vieux PC,164/189,Uncommon,DAA
Peterson,165/189,Uncommon,DAA
Soins de l'Éleveur de Pokémon,166/189,Uncommon,DAA
Fossile Rare,167/189,Uncommon,DAA
Shehroz,168/189,Uncommon,DAA
Shehroz Tower,169/189,Uncommon,DAA
Smashings,170/189,Uncommon,DAA
Gants d'Épreuve,171/189,Uncommon,DAA
Fortifiant Turbo,172/189,Uncommon,DAA
Clairon de la Team Yell,173/189,Uncommon,DAA
Énergie Fire Chaleur,174/189,Uncommon,DAA
Énergie Darkness Repaire,175/189,Uncommon,DAA
Énergie Colorless Puissance,176/189,Uncommon,DAA
Papilusion V,177/189,Rare Ultra,DAA
Démolosse V,178/189,Rare Ultra,DAA
Scolocendre V,179/189,Rare Ultra,DAA
Lucanon V,180/189,Rare Ultra,DAA
Rhinastoc V,181/189,Rare Ultra,DAA
Nostenfer V,182/189,Rare Ultra,DAA
Cizayox V,183/189,Rare Ultra,DAA
Limonde de Galar V,184/189,Rare Ultra,DAA
Drattak V,185/189,Rare Ultra,DAA
Kabu,186/189,Rare Ultra,DAA
Peterson,187/189,Rare Ultra,DAA
Soins de l'Éleveur de Pokémon,188/189,Rare Ultra,DAA
Shehroz,189/189,Rare Ultra,DAA
Papilusion VMAX,190/189,Rare Rainbow,DAA
Scolocendre VMAX,191/189,Rare Rainbow,DAA
Éthernatos VMAX,192/189,Rare Rainbow,DAA
Cizayox VMAX,193/189,Rare Rainbow,DAA
Drattak VMAX,194/189,Rare Rainbow,DAA
Soins de l'Éleveur de Pokémon,195/189,Rare Rainbow,DAA
Shehroz,196/189,Rare Rainbow,DAA
Gorythmic,197/189,Rare Secret,DAA
Monthracite,198/189,Rare Secret,DAA
Ombrelle Géante,199/189,Rare Secret,DAA
Fortifiant Turbo,200/189,Rare Secret,DAA
Énergie Capture,201/189,Rare Secret,DAA
Scarabrute,1/203,Rare,EVS
Granivol,2/203,Common,EVS
Floravol,3/203,Uncommon,EVS
Cotovol,4/203,Rare Holo,EVS
Grainipiot,5/203,Common,EVS
Tropius,6/203,Rare,EVS
Phyllali V,7/203,Rare Holo V,EVS
Phyllali VMAX,8/203,Rare Holo VMAX,EVS
Chlorobule,9/203,Common,EVS
Fragilady,10/203,Rare,EVS
Crabicoque,11/203,Common,EVS
Crabaraque,12/203,Uncommon,EVS
Desséliande V,13/203,Rare Holo V,EVS
Desséliande VMAX,14/203,Rare Holo VMAX,EVS
Tournicoton,15/203,Common,EVS
Blancoton,16/203,Rare Holo,EVS
Verpom,17/203,Common,EVS
Pyroli VMAX,18/203,Rare Holo VMAX,EVS
Entei,19/203,Rare Holo,EVS
Victini,20/203,Rare Holo,EVS
Pyrax V,21/203,Rare Holo V,EVS
Hélionceau,22/203,Common,EVS
Némélios,23/203,Uncommon,EVS
Psykokwak,24/203,Common,EVS
Akwakwak,25/203,Uncommon,EVS
Tentacool,26/203,Common,EVS
Tentacruel,27/203,Uncommon,EVS
Léviator V,28/203,Rare Holo V,EVS
Léviator VMAX,29/203,Rare Holo VMAX,EVS
Aquali VMAX,30/203,Rare Holo VMAX,EVS
Suicune V,31/203,Rare Holo V,EVS
Nénupiot,32/203,Common,EVS
Lombre,33/203,Uncommon,EVS
Ludicolo,34/203,Rare Holo,EVS
Carvanha,35/203,Common,EVS
Sharpedo,36/203,Rare,EVS
Barpau,37/203,Common,EVS
Milobellus,38/203,Rare,EVS
Lovdisc,39/203,Common,EVS
Givrali V,40/203,Rare Holo V,EVS
Givrali VMAX,41/203,Rare Holo VMAX,EVS
Tritonde,42/203,Common,EVS
Hexagel,43/203,Common,EVS
Grelaçon,44/203,Common,EVS
Séracrawl,45/203,Uncommon,EVS
Froussardine,46/203,Rare,EVS
Bekaglaçon,47/203,Uncommon,EVS
Hydragla V,48/203,Rare Holo V,EVS
Pikachu,49/203,Common,EVS
Raichu,50/203,Rare Holo,EVS
Voltali VMAX,51/203,Rare Holo VMAX,EVS
Loupio,52/203,Common,EVS
Lanturn,53/203,Uncommon,EVS
Wattouat,54/203,Common,EVS
Lainergie,55/203,Uncommon,EVS
Pharamp,56/203,Rare,EVS
Emolga,57/203,Common,EVS
Galvagon V,58/203,Rare Holo V,EVS
Galvagon VMAX,59/203,Rare Holo VMAX,EVS
Regieleki,60/203,Rare Holo,EVS
Soporifik,61/203,Common,EVS
Hypnomade,62/203,Uncommon,EVS
Artikodin de Galar,63/203,Rare Holo,EVS
Mentali V,64/203,Rare Holo V,EVS
Mentali VMAX,65/203,Rare Holo VMAX,EVS
Qulbutoké,66/203,Common,EVS
Ténéfix,67/203,Common,EVS
Chovsourir,68/203,Common,EVS
Rhinolove,69/203,Uncommon,EVS
Golemastoc V,70/203,Rare Holo V,EVS
Flabébé,71/203,Common,EVS
Floette,72/203,Uncommon,EVS
Florges,73/203,Rare Holo,EVS
Nymphali V,74/203,Rare Holo V,EVS
Nymphali VMAX,75/203,Rare Holo VMAX,EVS
Pitrouille,76/203,Common,EVS
Banshitrouye,77/203,Rare,EVS
Bombydou,78/203,Common,EVS
Rubombelle,79/203,Uncommon,EVS
Marshadow,80/203,Rare Holo,EVS
Tygnon,81/203,Common,EVS
Électhor de Galar,82/203,Rare Holo,EVS
Charmina V,83/203,Rare Holo V,EVS
Hippopotas,84/203,Common,EVS
Hippodocus,85/203,Uncommon,EVS
Nodulithe,86/203,Common,EVS
Géolithe,87/203,Uncommon,EVS
Gigalithe,88/203,Rare,EVS
Batracné,89/203,Uncommon,EVS
Crapustule,90/203,Rare,EVS
Lougaroc V,91/203,Rare Holo V,EVS
Lougaroc VMAX,92/203,Rare Holo VMAX,EVS
Sulfura de Galar,93/203,Rare Holo,EVS
Noctali V,94/203,Rare Holo V,EVS
Noctali VMAX,95/203,Rare Holo VMAX,EVS
Pifeuil,96/203,Uncommon,EVS
Tengalice,97/203,Rare,EVS
Baggiguane,98/203,Common,EVS
Baggaïd,99/203,Uncommon,EVS
Miasmax V,100/203,Rare Holo V,EVS
Miasmax VMAX,101/203,Rare Holo VMAX,EVS
Zorua,102/203,Common,EVS
Zoroark,103/203,Rare Holo,EVS
Goupilou,104/203,Common,EVS
Roublenard,105/203,Rare,EVS
Altaria,106/203,Rare,EVS
Draby,107/203,Common,EVS
Drackhaus,108/203,Uncommon,EVS
Drattak,109/203,Rare Holo,EVS
Rayquaza V,110/203,Rare Holo V,EVS
Rayquaza VMAX,111/203,Rare Holo VMAX,EVS
Dialga,112/203,Rare Holo,EVS
Solochi,113/203,Common,EVS
Diamat,114/203,Uncommon,EVS
Trioxhydre,115/203,Rare Holo,EVS
Kyurem,116/203,Rare Holo,EVS
Bruyverne V,117/203,Rare Holo V,EVS
Zygarde,118/203,Rare Holo,EVS
Draïeul,119/203,Rare,EVS
Pomdrapi,120/203,Rare,EVS
Dratatin,121/203,Rare,EVS
Duralugon V,122/203,Rare Holo V,EVS
Duralugon VMAX,123/203,Rare Holo VMAX,EVS
Regidrago,124/203,Rare Holo,EVS
Évoli,125/203,Common,EVS
Teddiursa,126/203,Common,EVS
Ursaring,127/203,Uncommon,EVS
Queulorior,128/203,Rare,EVS
Parecool,129/203,Common,EVS
Vigoroth,130/203,Uncommon,EVS
Monaflèmit,131/203,Rare Holo,EVS
Tylton,132/203,Common,EVS
Ponchiot,133/203,Common,EVS
Ponchien,134/203,Uncommon,EVS
Mastouffe,135/203,Rare,EVS
Furaiglon,136/203,Common,EVS
Gueriaigle,137/203,Uncommon,EVS
Passerouge,138/203,Common,EVS
Braisillon,139/203,Uncommon,EVS
Flambusard,140/203,Rare,EVS
Aromathérapeute,141/203,Uncommon,EVS
Mélange Multivitaminé,142/203,Uncommon,EVS
Copieuse,143/203,Uncommon,EVS
Caverne de Cristal,144/203,Uncommon,EVS
Gants Excavateurs,145/203,Uncommon,EVS
Rêve Ball,146/203,Uncommon,EVS
Badge Élémentaire,147/203,Uncommon,EVS
Casque Intégral,148/203,Uncommon,EVS
Chaz,149/203,Uncommon,EVS
Glace Chanceuse,150/203,Uncommon,EVS
Badge Lune et Soleil,151/203,Uncommon,EVS
Roy,152/203,Uncommon,EVS
Rouleau du Dragon Volant Mille Poings,153/203,Uncommon,EVS
Valise de Secours,154/203,Uncommon,EVS
Badge Ruban,155/203,Uncommon,EVS
Gants de Caoutchouc,156/203,Uncommon,EVS
Galerie Marchande,157/203,Uncommon,EVS
Rouleau du Dragon à Crocs Poing Final,158/203,Uncommon,EVS
Badge Feuille Neige,159/203,Uncommon,EVS
Masque Spirituel,160/203,Uncommon,EVS
Montagnes Orageuses,161/203,Uncommon,EVS
Gobelets d'Échange,162/203,Uncommon,EVS
Jouet Attrapeur,163/203,Uncommon,EVS
Résolution d'Amaryllis,164/203,Uncommon,EVS
Énergie Trésor,165/203,Uncommon,EVS
Phyllali V,166/203,Rare Ultra,EVS
Phyllali V,167/203,Rare Ultra,EVS
Desséliande V,168/203,Rare Ultra,EVS
Pyroli V,169/203,Rare Ultra,EVS
Pyrax V,170/203,Rare Ultra,EVS
Léviator V,171/203,Rare Ultra,EVS
Aquali V,172/203,Rare Ultra,EVS
Suicune V,173/203,Rare Ultra,EVS
Givrali V,174/203,Rare Ultra,EVS
Givrali V,175/203,Rare Ultra,EVS
Hydragla V,176/203,Rare Ultra,EVS
Voltali V,177/203,Rare Ultra,EVS
Galvagon V,178/203,Rare Ultra,EVS
Mentali V,179/203,Rare Ultra,EVS
Mentali V,180/203,Rare Ultra,EVS
Golemastoc V,181/203,Rare Ultra,EVS
Golemastoc V,182/203,Rare Ultra,EVS
Nymphali V,183/203,Rare Ultra,EVS
Nymphali V,184/203,Rare Ultra,EVS
Charmina V,185/203,Rare Ultra,EVS
Charmina V,186/203,Rare Ultra,EVS
Lougaroc V,187/203,Rare Ultra,EVS
Noctali V,188/203,Rare Ultra,EVS
Noctali V,189/203,Rare Ultra,EVS
Miasmax V,190/203,Rare Ultra,EVS
Dracolosse V,191/203,Rare Ultra,EVS
Dracolosse V,192/203,Rare Ultra,EVS
Rayquaza V,193/203,Rare Ultra,EVS
Rayquaza V,194/203,Rare Ultra,EVS
Bruyverne V,195/203,Rare Ultra,EVS
Bruyverne V,196/203,Rare Ultra,EVS
Duralugon V,197/203,Rare Ultra,EVS
Duralugon V,198/203,Rare Ultra,EVS
Aromathérapeute,199/203,Rare Ultra,EVS
Copieuse,200/203,Rare Ultra,EVS
Chaz,201/203,Rare Ultra,EVS
Roy,202/203,Rare Ultra,EVS
Résolution d'Amaryllis,203/203,Rare Ultra,EVS
Phyllali VMAX,204/203,Rare Rainbow,EVS
Phyllali VMAX,205/203,Rare Rainbow,EVS
Desséliande VMAX,206/203,Rare Rainbow,EVS
Léviator VMAX,207/203,Rare Rainbow,EVS
Givrali VMAX,208/203,Rare Rainbow,EVS
Givrali VMAX,209/203,Rare Rainbow,EVS
Galvagon VMAX,210/203,Rare Rainbow,EVS
Nymphali VMAX,211/203,Rare Rainbow,EVS
Nymphali VMAX,212/203,Rare Rainbow,EVS
Lougaroc VMAX,213/203,Rare Rainbow,EVS
Noctali VMAX,214/203,Rare Rainbow,EVS
Noctali VMAX,215/203,Rare Rainbow,EVS
Miasmax VMAX,216/203,Rare Rainbow,EVS
Rayquaza VMAX,217/203,Rare Rainbow,EVS
Rayquaza VMAX,218/203,Rare Rainbow,EVS
Duralugon VMAX,219/203,Rare Rainbow,EVS
Duralugon VMAX,220/203,Rare Rainbow,EVS
Aromathérapeute,221/203,Rare Rainbow,EVS
Copieuse,222/203,Rare Rainbow,EVS
Chaz,223/203,Rare Rainbow,EVS
Roy,224/203,Rare Rainbow,EVS
Résolution d'Amaryllis,225/203,Rare Rainbow,EVS
Momartik,226/203,Rare Secret,EVS
Lézargus,227/203,Rare Secret,EVS
Cresselia,228/203,Rare Secret,EVS
Mélange Multivitaminé,229/203,Rare Secret,EVS
Caverne de Cristal,230/203,Rare Secret,EVS
Casque Intégral,231/203,Rare Secret,EVS
Montagnes Orageuses,232/203,Rare Secret,EVS
Jouet Attrapeur,233/203,Rare Secret,EVS
Stade de Greenbury,234/203,Rare Secret,EVS
Énergie Electrik,235/203,Rare Secret,EVS
Énergie Obscurité,236/203,Rare Secret,EVS
Énergie Métal,237/203,Rare Secret,EVS
Chenipan,1/264,Common,FST
Chrysacier,2/264,Uncommon,FST
Papilusion,3/264,Rare Holo,FST
Balignon,4/264,Common,FST
Chapignon,5/264,Uncommon,FST
Chapignon V,6/264,Rare Holo V,FST
Feuillajou,7/264,Common,FST
Feuiloutan,8/264,Uncommon,FST
Larveyette,9/264,Common,FST
Couverdure,10/264,Uncommon,FST
Manternel,11/264,Rare,FST
Maracachi,12/264,Rare,FST
Escargaume,13/264,Common,FST
Limaspeed,14/264,Rare,FST
Viridium,15/264,Rare,FST
Brocélôme,16/264,Common,FST
Desséliande,17/264,Uncommon,FST
Larvibule,18/264,Common,FST
Araqua,19/264,Common,FST
Tarenbulle,20/264,Rare,FST
Sucreine V,21/264,Rare Holo V,FST
Gorythmic V,22/264,Rare Holo V,FST
Gorythmic VMAX,23/264,Rare Holo VMAX,FST
Tournicoton,24/264,Common,FST
Blancoton,25/264,Uncommon,FST
Dratatin V,26/264,Rare Holo V,FST
Zarude,27/264,Uncommon,FST
Goupix,28/264,Common,FST
Goupix,29/264,Common,FST
Feunard,30/264,Uncommon,FST
Feunard,31/264,Uncommon,FST
Caninos,32/264,Common,FST
Arcanin,33/264,Rare,FST
Limagma,34/264,Common,FST
Volcaropod,35/264,Uncommon,FST
Victini,36/264,Uncommon,FST
Flamajou,37/264,Common,FST
Flamoutan,38/264,Uncommon,FST
Lugulabre V,39/264,Rare Holo V,FST
Lugulabre VMAX,40/264,Rare Holo VMAX,FST
Aflamanoir,41/264,Uncommon,FST
Plumeline,42/264,Rare,FST
Pyrobut V,43/264,Rare Holo V,FST
Pyrobut V,44/264,Rare Holo V,FST
Pyrobut VMAX,45/264,Rare Holo VMAX,FST
Grillepattes,46/264,Common,FST
Grillepattes,47/264,Common,FST
Scolocendre,48/264,Rare,FST
Scolocendre,49/264,Uncommon,FST
Kokiyas,50/264,Common,FST
Crustabri,51/264,Rare,FST
Stari,52/264,Common,FST
Staross,53/264,Rare Holo,FST
Lokhlass,54/264,Uncommon,FST
Kaiminus,55/264,Common,FST
Crocrodil,56/264,Uncommon,FST
Aligatueur,57/264,Rare Holo,FST
Marill,58/264,Common,FST
Azumarill,59/264,Rare,FST
Qwilfish,60/264,Common,FST
Démanta,61/264,Common,FST
Gobou,62/264,Common,FST
Flobio,63/264,Uncommon,FST
Laggron,64/264,Rare Holo,FST
Coquiperl,65/264,Common,FST
Serpang,66/264,Rare,FST
Rosabyss,67/264,Rare,FST
Flotajou,68/264,Common,FST
Flotoutan,69/264,Uncommon,FST
Bargantua,70/264,Common,FST
Darumarond de Galar,71/264,Common,FST
Darumacho de Galar,72/264,Uncommon,FST
Amphinobi V,73/264,Rare Holo V,FST
Flingouste,74/264,Common,FST
Gamblast,75/264,Uncommon,FST
Crabominable V,76/264,Rare Holo V,FST
Concombaffe,77/264,Uncommon,FST
Lézargus V,78/264,Rare Holo V,FST
Lézargus VMAX,79/264,Rare Holo VMAX,FST
Khélocrok,80/264,Common,FST
Torgamord,81/264,Uncommon,FST
Embrochet,82/264,Common,FST
Hastacuda,83/264,Uncommon,FST
Frissonille,84/264,Common,FST
Beldeneige,85/264,Uncommon,FST
Pikachu V,86/264,Rare Holo V,FST
Voltorbe,87/264,Common,FST
Électrode,88/264,Rare,FST
Posipi,89/264,Common,FST
Négapi,90/264,Common,FST
Lixy,91/264,Common,FST
Luxio,92/264,Uncommon,FST
Luxray,93/264,Rare,FST
Motisma,94/264,Common,FST
Anchwatt,95/264,Common,FST
Lampéroie,96/264,Uncommon,FST
Ohmassacre,97/264,Rare,FST
Galvaran,98/264,Common,FST
Iguolta,99/264,Uncommon,FST
Chrysapile,100/264,Uncommon,FST
Lucanon,101/264,Rare,FST
Zeraora,102/264,Rare,FST
Fulgudog V,103/264,Rare Holo V,FST
Fulgudog VMAX,104/264,Rare Holo VMAX,FST
Toxizap,105/264,Common,FST
Toxizap,106/264,Common,FST
Salarsen,107/264,Rare Holo,FST
Salarsen,108/264,Rare Holo,FST
Morpeko,109/264,Common,FST
Rondoudou,110/264,Common,FST
Grodoudou,111/264,Uncommon,FST
Lippoutou,112/264,Common,FST
Mew V,113/264,Rare Holo V,FST
Mew VMAX,114/264,Rare Holo VMAX,FST
Snubbull,115/264,Common,FST
Granbull,116/264,Rare,FST
Corayon de Galar,117/264,Common,FST
Corayôme de Galar,118/264,Rare,FST
Mysdibule,119/264,Common,FST
Deoxys,120/264,Rare Holo,FST
Munna,121/264,Common,FST
Mushana,122/264,Uncommon,FST
Cryptéro,123/264,Common,FST
Meloetta,124/264,Rare,FST
Bacabouh,125/264,Common,FST
Trépassable,126/264,Rare,FST
Wimessir,127/264,Common,FST
Fantyrm,128/264,Common,FST
Dispareptil,129/264,Uncommon,FST
Lanssorien,130/264,Rare Holo,FST
Sabelette,131/264,Common,FST
Sablaireau,132/264,Uncommon,FST
Férosinge,133/264,Common,FST
Colossinge,134/264,Uncommon,FST
Racaillou,135/264,Common,FST
Gravalanch,136/264,Uncommon,FST
Grolem,137/264,Rare,FST
Onix,138/264,Common,FST
Steelix,139/264,Rare Holo,FST
Scorplane,140/264,Common,FST
Scorvol,141/264,Uncommon,FST
Makuhita,142/264,Common,FST
Hariyama,143/264,Uncommon,FST
Balbuto,144/264,Common,FST
Kaorine,145/264,Rare,FST
Lucario V,146/264,Rare Holo V,FST
Rototaupe,147/264,Common,FST
Démétéros,148/264,Rare Holo,FST
Pandespiègle,149/264,Common,FST
Nounourson,150/264,Common,FST
Chelours,151/264,Uncommon,FST
Poulpaf,152/264,Common,FST
Krakos,153/264,Uncommon,FST
Hexadron,154/264,Uncommon,FST
Hexadron,155/264,Common,FST
Ectoplasma V,156/264,Rare Holo V,FST
Ectoplasma VMAX,157/264,Rare Holo VMAX,FST
Tyranocif V,158/264,Rare Holo V,FST
Zigzaton de Galar,159/264,Common,FST
Linéon de Galar,160/264,Uncommon,FST
Ixon de Galar,161/264,Rare Holo,FST
Carvanha,162/264,Common,FST
Sharpedo,163/264,Uncommon,FST
Absol,164/264,Rare,FST
Cradopaud,165/264,Common,FST
Coatox,166/264,Rare,FST
Darkrai,167/264,Uncommon,FST
Miamiasme,168/264,Common,FST
Miasmax,169/264,Uncommon,FST
Zorua,170/264,Common,FST
Zoroark,171/264,Uncommon,FST
Vostourno,172/264,Common,FST
Vaututrice,173/264,Uncommon,FST
Pandarbare,174/264,Uncommon,FST
Yveltal,175/264,Rare,FST
Grimalin,176/264,Common,FST
Fourbelin,177/264,Uncommon,FST
Angoliath,178/264,Rare Holo,FST
Morpeko,179/264,Common,FST
Miaouss de Galar,180/264,Common,FST
Berserkatt de Galar,181/264,Uncommon,FST
Airmure,182/264,Common,FST
Minotaupe,183/264,Uncommon,FST
Fermite,184/264,Common,FST
Genesect V,185/264,Rare Holo V,FST
Trousselin,186/264,Common,FST
Togedemaru,187/264,Uncommon,FST
Meltan,188/264,Common,FST
Melmetal,189/264,Rare Holo,FST
Corvaillus,190/264,Rare,FST
Charibari,191/264,Common,FST
Pachyradjah,192/264,Uncommon,FST
Latias,193/264,Rare,FST
Latios,194/264,Rare,FST
Mucuscule,195/264,Common,FST
Colimucus,196/264,Uncommon,FST
Muplodocus,197/264,Rare,FST
Boumata,198/264,Uncommon,FST
Miaouss,199/264,Common,FST
Persian,200/264,Uncommon,FST
Dodrio V,201/264,Rare Holo V,FST
Leveinard,202/264,Common,FST
Leuphorie,203/264,Rare,FST
Kangourex,204/264,Rare,FST
Évoli,205/264,Common,FST
Ronflex,206/264,Common,FST
Insolourdo,207/264,Uncommon,FST
Cerfrousse,208/264,Uncommon,FST
Queulorior,209/264,Common,FST
Skitty,210/264,Common,FST
Delcatty,211/264,Uncommon,FST
Laporeille,212/264,Common,FST
Lockpin,213/264,Uncommon,FST
Sapereau,214/264,Common,FST
Excavarenne,215/264,Uncommon,FST
Brutalibré,216/264,Uncommon,FST
Rongrigou V,217/264,Rare Holo V,FST
Rongrigou VMAX,218/264,Rare Holo VMAX,FST
Minisange,219/264,Common,FST
Bleuseille,220/264,Uncommon,FST
Moumouton,221/264,Common,FST
Moumouton,222/264,Common,FST
Moumouflon,223/264,Uncommon,FST
Découverte de l'Aventurière,224/264,Uncommon,FST
Passe de Combat VIP,225/264,Uncommon,FST
Scout,226/264,Uncommon,FST
"Armando, Rachid et Noa",227/264,Uncommon,FST
Cuisinier,228/264,Uncommon,FST
NigoMix 3000,229/264,Uncommon,FST
Échange Croisé,230/264,Uncommon,FST
Récepteur Croisé,231/264,Uncommon,FST
Danseuse,232/264,Uncommon,FST
Éclat d'Inezia,233/264,Uncommon,FST
Grelot d'Adieu,234/264,Uncommon,FST
Juge,235/264,Uncommon,FST
Pastille Puissance,236/264,Uncommon,FST
Rapide Ball,237/264,Uncommon,FST
Écolier,238/264,Uncommon,FST
Écolière,239/264,Uncommon,FST
Sannah,240/264,Uncommon,FST
Damien,241/264,Uncommon,FST
Skatepark,242/264,Uncommon,FST
Gants Spongieux,243/264,Uncommon,FST
Énergie Poing de Fusion,244/264,Uncommon,FST
Celebi V,245/264,Rare Ultra,FST
Sucreine V,246/264,Rare Ultra,FST
Lugulabre V,247/264,Rare Ultra,FST
Crabominable V,248/264,Rare Ultra,FST
Fulgudog V,249/264,Rare Ultra,FST
Mew V,250/264,Rare Ultra,FST
Mew V,251/264,Rare Ultra,FST
Dunaconda V,252/264,Rare Ultra,FST
Hoopa V,253/264,Rare Ultra,FST
Genesect V,254/264,Rare Ultra,FST
Genesect V,255/264,Rare Ultra,FST
Rongrigou V,256/264,Rare Ultra,FST
Rongrigou V,257/264,Rare Ultra,FST
"Armando, Rachid et Noa",258/264,Rare Ultra,FST
Danseuse,259/264,Rare Ultra,FST
Éclat d'Inezia,260/264,Rare Ultra,FST
Écolier,261/264,Rare Ultra,FST
Écolière,262/264,Rare Ultra,FST
Sannah,263/264,Rare Ultra,FST
Damien,264/264,Rare Ultra,FST
Lugulabre VMAX,265/264,Rare Rainbow,FST
Lézargus VMAX,266/264,Rare Rainbow,FST
Fulgudog VMAX,267/264,Rare Rainbow,FST
Mew VMAX,268/264,Rare Rainbow,FST
Mew VMAX,269/264,Rare Rainbow,FST
Mentali VMAX,270/264,Rare Rainbow,FST
Ectoplasma VMAX,271/264,Rare Rainbow,FST
Rongrigou VMAX,272/264,Rare Rainbow,FST
"Armando, Rachid et Noa",273/264,Rare Rainbow,FST
Danseuse,274/264,Rare Rainbow,FST
Éclat d'Inezia,275/264,Rare Rainbow,FST
Écolier,276/264,Rare Rainbow,FST
Écolière,277/264,Rare Rainbow,FST
Sannah,278/264,Rare Rainbow,FST
Damien,279/264,Rare Rainbow,FST
Lainergie,280/264,Rare Secret,FST
Pastille Puissance,281/264,Rare Secret,FST
Court d'Entraînement,282/264,Rare Secret,FST
Énergie Plante,283/264,Rare Secret,FST
Énergie Feu,284/264,Rare Secret,FST
Bulbizarre,1/78,Common,PGO
Herbizarre,2/78,Uncommon,PGO
Florizarre,3/78,Rare Holo,PGO
Florizarre Radieux,4/78,Radiant Rare,PGO
Noadkoko d'Alola V,5/78,Rare Holo V,PGO
Mimigal,6/78,Common,PGO
Migalos,7/78,Uncommon,PGO
Salamèche,8/78,Common,PGO
Reptincel,9/78,Uncommon,PGO
Dracaufeu,10/78,Rare Holo,PGO
Dracaufeu Radieux,11/78,Radiant Rare,PGO
Sulfura,12/78,Rare Holo,PGO
Chamallot,13/78,Common,PGO
Camérupt,14/78,Uncommon,PGO
Carapuce,15/78,Common,PGO
Carabaffe,16/78,Uncommon,PGO
Tortank,17/78,Rare Holo,PGO
Tortank Radieux,18/78,Radiant Rare,PGO
Ramoloss,19/78,Common,PGO
Flagadoss,20/78,Uncommon,PGO
Magicarpe,21/78,Common,PGO
Léviator,22/78,Rare Holo,PGO
Lokhlass,23/78,Rare Holo,PGO
Artikodin,24/78,Rare Holo,PGO
Sovkipou,25/78,Common,PGO
Sarmuraï,26/78,Rare Holo,PGO
Pikachu,27/78,Common,PGO
Pikachu,28/78,Rare Holo,PGO
Électhor,29/78,Rare Holo,PGO
Mewtwo V,30/78,Rare Holo V,PGO
Mewtwo VSTAR,31/78,Rare Holo VSTAR,PGO
Natu,32/78,Common,PGO
Xatu,33/78,Uncommon,PGO
Séléroc,34/78,Uncommon,PGO
Nymphali,35/78,Rare Holo,PGO
Onix,36/78,Common,PGO
Embrylex,37/78,Common,PGO
Ymphect,38/78,Uncommon,PGO
Solaroc,39/78,Uncommon,PGO
Bétochef V,40/78,Rare Holo V,PGO
Rattata d'Alola,41/78,Common,PGO
Rattatac d'Alola,42/78,Common,PGO
Tyranocif,43/78,Rare Holo,PGO
Steelix,44/78,Uncommon,PGO
Meltan,45/78,Common,PGO
Melmetal,46/78,Rare Holo,PGO
Melmetal V,47/78,Rare Holo V,PGO
Melmetal VMAX,48/78,Rare Holo VMAX,PGO
Dracolosse V,49/78,Rare Holo V,PGO
Dracolosse VSTAR,50/78,Rare Holo VSTAR,PGO
Leveinard,51/78,Uncommon,PGO
Leuphorie,52/78,Rare Holo,PGO
Métamorph,53/78,Rare Holo,PGO
Évoli,54/78,Common,PGO
Ronflex,55/78,Rare Holo,PGO
Capumain,56/78,Common,PGO
Capidextre,57/78,Common,PGO
Monaflèmit V,58/78,Rare Holo V,PGO
Keunotor,59/78,Common,PGO
Castorno,60/78,Common,PGO
Poichigeon,61/78,Common,PGO
Colombeau,62/78,Common,PGO
Déflaisan,63/78,Uncommon,PGO
Capitaine d'équipe Blanche,64/78,Uncommon,PGO
Capitaine d'équipe Candela,65/78,Uncommon,PGO
Incubateur d'Œufs,66/78,Uncommon,PGO
Module Leurre,67/78,Uncommon,PGO
PokéStop,68/78,Uncommon,PGO
Super Bonbon,69/78,Uncommon,PGO
Capitaine d'équipe Spark,70/78,Uncommon,PGO
Noadkoko d'Alola V,71/78,Rare Ultra,PGO
Mewtwo V,72/78,Rare Ultra,PGO
Bétochef V,73/78,Rare Ultra,PGO
Bétochef V,74/78,Rare Ultra,PGO
Melmetal V,75/78,Rare Ultra,PGO
Dracolosse V,76/78,Rare Ultra,PGO
Monaflèmit V,77/78,Rare Ultra,PGO
Recherches Professorales,78/78,Rare Ultra,PGO
Mewtwo VSTAR,79/78,Rare Rainbow,PGO
Melmetal VMAX,80/78,Rare Rainbow,PGO
Dracolosse VSTAR,81/78,Rare Rainbow,PGO
Capitaine d'équipe Blanche,82/78,Rare Rainbow,PGO
Capitaine d'équipe Candela,83/78,Rare Rainbow,PGO
Recherches Professorales,84/78,Rare Rainbow,PGO
Capitaine d'équipe Spark,85/78,Rare Rainbow,PGO
Mewtwo VSTAR,86/78,Rare Secret,PGO
Incubateur d'Œufs,87/78,Rare Secret,PGO
Module Leurre,88/78,Rare Secret,PGO
Parasect,TG01/30,Trainer Gallery Rare Holo,LOR
Roserade,TG02/30,Trainer Gallery Rare Holo,LOR
Dracaufeu,TG03/30,Trainer Gallery Rare Holo,LOR
Lugulabre,TG04/30,Trainer Gallery Rare Holo,LOR
Pikachu,TG05/30,Trainer Gallery Rare Holo,LOR
Ectoplasma,TG06/30,Trainer Gallery Rare Holo,LOR
Branette,TG07/30,Trainer Gallery Rare Holo,LOR
Arcanin de Hisui,TG08/30,Trainer Gallery Rare Holo,LOR
Spiritomb,TG09/30,Trainer Gallery Rare Holo,LOR
Ronflex,TG10/30,Trainer Gallery Rare Holo,LOR
Morphéo,TG11/30,Trainer Gallery Rare Holo,LOR
Astronelle V,TG12/30,Rare Holo V,LOR
Astronelle VMAX,TG13/30,Rare Holo VMAX,LOR
Scolocendre V,TG14/30,Rare Holo V,LOR
Scolocendre VMAX,TG15/30,Rare Holo VMAX,LOR
Pikachu V,TG16/30,Rare Holo V,LOR
Pikachu VMAX,TG17/30,Rare Holo VMAX,LOR
Amovénus V,TG18/30,Rare Holo V,LOR
Gallame V,TG19/30,Rare Holo V,LOR
Nostenfer V,TG20/30,Rare Holo V,LOR
Éthernatos V,TG21/30,Rare Holo V,LOR
Éthernatos VMAX,TG22/30,Rare Holo VMAX,LOR
Découverte de l'Aventurière,TG23/30,Rare Ultra,LOR
Ordres du Boss,TG24/30,Rare Ultra,LOR
Cuisinier,TG25/30,Rare Ultra,LOR
Kabu,TG26/30,Rare Ultra,LOR
Donna,TG27/30,Rare Ultra,LOR
Sally,TG28/30,Rare Ultra,LOR
Pikachu VMAX,TG29/30,Rare Secret,LOR
Mew VMAX,TG30/30,Rare Secret,LOR
Mystherbe,1/196,Common,LOR
Ortide,2/196,Uncommon,LOR
Rafflesia,3/196,Rare Holo,LOR
Paras,4/196,Common,LOR
Parasect,5/196,Rare,LOR
Chenipotte,6/196,Common,LOR
Armulys,7/196,Uncommon,LOR
Charmillon,8/196,Rare Holo,LOR
Blindalys,9/196,Uncommon,LOR
Papinox,10/196,Rare,LOR
Grainipiot,11/196,Common,LOR
Pifeuil,12/196,Uncommon,LOR
Tengalice,13/196,Rare Holo,LOR
Rosélia,14/196,Common,LOR
Roserade,15/196,Uncommon,LOR
Brocélôme,16/196,Common,LOR
Desséliande,17/196,Rare Holo,LOR
Larvadar,18/196,Common,LOR
Coléodôme,19/196,Uncommon,LOR
Astronelle,20/196,Rare Holo,LOR
Limagma,21/196,Common,LOR
Volcaropod,22/196,Rare,LOR
Chartor,23/196,Uncommon,LOR
Funécire,24/196,Common,LOR
Mélancolux,25/196,Uncommon,LOR
Lugulabre,26/196,Rare Holo,LOR
Goupelin V,27/196,Rare Holo V,LOR
Hélionceau,28/196,Common,LOR
Némélios,29/196,Rare Holo,LOR
Ptitard,30/196,Common,LOR
Têtarte,31/196,Uncommon,LOR
Tarpaud,32/196,Rare,LOR
Otaria,33/196,Common,LOR
Lamantine,34/196,Rare,LOR
Hypotrempe,35/196,Common,LOR
Hypocéan,36/196,Uncommon,LOR
Hyporoi,37/196,Rare Holo,LOR
Lovdisc,38/196,Common,LOR
Sancoki,39/196,Common,LOR
Écayon,40/196,Common,LOR
Luminéon,41/196,Uncommon,LOR
Blizzi,42/196,Common,LOR
Blizzaroi,43/196,Uncommon,LOR
Bargantua de Hisui,44/196,Common,LOR
Paragruel de Hisui,45/196,Rare Holo,LOR
Couaneton,46/196,Common,LOR
Lakmécygne,47/196,Uncommon,LOR
Kyurem V,48/196,Rare Holo V,LOR
Kyurem VMAX,49/196,Rare Holo VMAX,LOR
Nigosier,50/196,Rare,LOR
Blizzeval,51/196,Rare Holo,LOR
Pikachu,52/196,Common,LOR
Raichu,53/196,Rare,LOR
Dynavolt,54/196,Common,LOR
Élecsprint,55/196,Rare,LOR
Magnézone V,56/196,Rare Holo V,LOR
Magnézone VSTAR,57/196,Rare Holo VSTAR,LOR
Motisma V,58/196,Rare Holo V,LOR
Anchwatt,59/196,Common,LOR
Lampéroie,60/196,Uncommon,LOR
Ohmassacre,61/196,Rare,LOR
Mélofée,62/196,Common,LOR
Mélodelfe,63/196,Rare,LOR
Fantominus,64/196,Common,LOR
Spectrum,65/196,Uncommon,LOR
Ectoplasma,66/196,Rare Holo,LOR
M. Mime,67/196,Rare,LOR
Lippoutou,68/196,Common,LOR
Gardevoir Radieux,69/196,Radiant Rare,LOR
Ténéfix,70/196,Rare Holo,LOR
Mysdibule,71/196,Common,LOR
Polichombr,72/196,Common,LOR
Branette,73/196,Rare,LOR
Cresselia,74/196,Rare Holo,LOR
Zorua de Hisui,75/196,Common,LOR
Zoroark de Hisui,76/196,Rare Holo,LOR
Sepiatop,77/196,Common,LOR
Sepiatroce,78/196,Rare,LOR
Guérilande,79/196,Rare,LOR
Mimiqui,80/196,Rare,LOR
Spectreval,81/196,Rare Holo,LOR
Amovénus V,82/196,Rare Holo V,LOR
Caninos de Hisui,83/196,Common,LOR
Arcanin de Hisui,84/196,Rare Holo,LOR
Tartard,85/196,Rare,LOR
Machoc,86/196,Common,LOR
Machopeur,87/196,Uncommon,LOR
Mackogneur,88/196,Rare Holo,LOR
Rhinocorne,89/196,Common,LOR
Rhinoféros,90/196,Uncommon,LOR
Rhinastoc,91/196,Rare,LOR
Ptéra V,92/196,Rare Holo V,LOR
Ptéra VSTAR,93/196,Rare Holo VSTAR,LOR
Simularbre,94/196,Common,LOR
Scorplane,95/196,Common,LOR
Scorvol,96/196,Rare,LOR
Makuhita,97/196,Common,LOR
Hariyama,98/196,Uncommon,LOR
Méditikka,99/196,Common,LOR
Charmina,100/196,Uncommon,LOR
Relicanth,101/196,Uncommon,LOR
Tritosor,102/196,Uncommon,LOR
Kungfouine,103/196,Common,LOR
Shaofouine,104/196,Uncommon,LOR
Démétéros,105/196,Rare,LOR
Opermine,106/196,Common,LOR
Golgopathe,107/196,Rare Holo,LOR
Strassie,108/196,Uncommon,LOR
Rocabot,109/196,Common,LOR
Hexadron,110/196,Common,LOR
Dolman,111/196,Rare,LOR
Mimigal,112/196,Common,LOR
Migalos,113/196,Rare,LOR
Cornèbre,114/196,Common,LOR
Corboss,115/196,Rare,LOR
Séviper,116/196,Uncommon,LOR
Spiritomb,117/196,Rare,LOR
Drascore V,118/196,Rare Holo V,LOR
Drascore VSTAR,119/196,Rare Holo VSTAR,LOR
Darkrai,120/196,Rare Holo,LOR
Sepiatop,121/196,Common,LOR
Hoopa,122/196,Rare,LOR
Farfurex de Hisui Radieux,123/196,Radiant Rare,LOR
Steelix Radieux,124/196,Radiant Rare,LOR
Archéomire,125/196,Common,LOR
Archéodong,126/196,Uncommon,LOR
Limonde de Galar,127/196,Uncommon,LOR
Magearna,128/196,Rare,LOR
Berserkatt de Galar V,129/196,Rare Holo V,LOR
Giratina V,130/196,Rare Holo V,LOR
Giratina VSTAR,131/196,Rare Holo VSTAR,LOR
Mucuscule,132/196,Common,LOR
Colimucus de Hisui,133/196,Uncommon,LOR
Muplodocus de Hisui,134/196,Rare Holo,LOR
Muplodocus de Hisui V,135/196,Rare Holo V,LOR
Muplodocus de Hisui VSTAR,136/196,Rare Holo VSTAR,LOR
Roucarnage V,137/196,Rare Holo V,LOR
Excelangue,138/196,Common,LOR
Coudlangue,139/196,Uncommon,LOR
Porygon,140/196,Common,LOR
Porygon2,141/196,Uncommon,LOR
Porygon-Z,142/196,Rare,LOR
Ronflex,143/196,Rare Holo,LOR
Capumain,144/196,Common,LOR
Capidextre,145/196,Uncommon,LOR
Zoroark de Hisui V,146/196,Rare Holo V,LOR
Zoroark de Hisui VSTAR,147/196,Rare Holo VSTAR,LOR
Frison,148/196,Rare,LOR
Dodoala,149/196,Uncommon,LOR
Rongourmand,150/196,Common,LOR
Rongrigou,151/196,Rare,LOR
Smarceus,152/196,Uncommon,LOR
Marcia,153/196,Uncommon,LOR
Boîte à Désastre,154/196,Uncommon,LOR
Expérience de Nikolaï,155/196,Uncommon,LOR
Pompe à Dégâts,156/196,Uncommon,LOR
Kiméra,157/196,Uncommon,LOR
Graham,158/196,Uncommon,LOR
Mademoiselle,159/196,Uncommon,LOR
Lac Savoir,160/196,Uncommon,LOR
Ville Perdue,161/196,Uncommon,LOR
Aspirateur Perdu,162/196,Uncommon,LOR
Portail Mirage,163/196,Uncommon,LOR
Les Détroussœurs,164/196,Uncommon,LOR
Masque de Panique,165/196,Uncommon,LOR
Armand,166/196,Uncommon,LOR
Cardus,167/196,Uncommon,LOR
Caisse à Outils,168/196,Uncommon,LOR
Percupio,169/196,Rare Holo,LOR
Bras à Remontoir,170/196,Uncommon,LOR
Énergie Cadeau,171/196,Uncommon,LOR
Électrode de Hisui V,172/196,Rare Ultra,LOR
Goupelin V,173/196,Rare Ultra,LOR
Kyurem V,174/196,Rare Ultra,LOR
Magnézone V,175/196,Rare Ultra,LOR
Motisma V,176/196,Rare Ultra,LOR
Motisma V,177/196,Rare Ultra,LOR
Amovénus V,178/196,Rare Ultra,LOR
Ptéra V,179/196,Rare Ultra,LOR
Ptéra V,180/196,Rare Ultra,LOR
Gallame V,181/196,Rare Ultra,LOR
Drascore V,182/196,Rare Ultra,LOR
Berserkatt de Galar V,183/196,Rare Ultra,LOR
Berserkatt de Galar V,184/196,Rare Ultra,LOR
Giratina V,185/196,Rare Ultra,LOR
Giratina V,186/196,Rare Ultra,LOR
Muplodocus de Hisui V,187/196,Rare Ultra,LOR
Roucarnage V,188/196,Rare Ultra,LOR
Marcia,189/196,Rare Ultra,LOR
Expérience de Nikolaï,190/196,Rare Ultra,LOR
Kiméra,191/196,Rare Ultra,LOR
Graham,192/196,Rare Ultra,LOR
Mademoiselle,193/196,Rare Ultra,LOR
Les Détroussœurs,194/196,Rare Ultra,LOR
Cardus,195/196,Rare Ultra,LOR
Percupio,196/196,Rare Ultra,LOR
Kyurem VMAX,197/196,Rare Rainbow,LOR
Magnézone VSTAR,198/196,Rare Rainbow,LOR
Ptéra VSTAR,199/196,Rare Rainbow,LOR
Drascore VSTAR,200/196,Rare Rainbow,LOR
Giratina VSTAR,201/196,Rare Rainbow,LOR
Muplodocus de Hisui VSTAR,202/196,Rare Rainbow,LOR
Zoroark de Hisui VSTAR,203/196,Rare Rainbow,LOR
Marcia,204/196,Rare Rainbow,LOR
Expérience de Nikolaï,205/196,Rare Rainbow,LOR
Kiméra,206/196,Rare Rainbow,LOR
Graham,207/196,Rare Rainbow,LOR
Mademoiselle,208/196,Rare Rainbow,LOR
Les Détroussœurs,209/196,Rare Rainbow,LOR
Cardus,210/196,Rare Rainbow,LOR
Percupio,211/196,Rare Rainbow,LOR
Giratina VSTAR,212/196,Rare Secret,LOR
Zoroark de Hisui VSTAR,213/196,Rare Secret,LOR
Boîte à Désastre,214/196,Rare Secret,LOR
Stade en Ruines,215/196,Rare Secret,LOR
Fortifiant Obscur,216/196,Rare Secret,LOR
Aspirateur Perdu,217/196,Rare Secret,LOR
Chenipan,1/192,Common,RCL
Chrysacier,2/192,Uncommon,RCL
Papilusion,3/192,Rare,RCL
Insécateur,4/192,Common,RCL
Caratroc,5/192,Uncommon,RCL
Scarhino,6/192,Uncommon,RCL
Nénupiot,7/192,Common,RCL
Lombre,8/192,Uncommon,RCL
Ludicolo,9/192,Rare,RCL
Arakdo,10/192,Common,RCL
Maskadra,11/192,Uncommon,RCL
Blizzi,12/192,Common,RCL
Blizzaroi,13/192,Rare,RCL
Brocélôme,14/192,Common,RCL
Desséliande,15/192,Rare,RCL
Larvibule,16/192,Common,RCL
Gorythmic V,17/192,Rare Holo V,RCL
Gorythmic VMAX,18/192,Rare Holo VMAX,RCL
Blancoton V,19/192,Rare Holo V,RCL
Verpom,20/192,Common,RCL
Verpom,21/192,Common,RCL
Pomdrapi,22/192,Rare Holo,RCL
Dratatin,23/192,Rare Holo,RCL
Goupix,24/192,Common,RCL
Feunard,25/192,Rare,RCL
Feunard V,26/192,Rare Holo V,RCL
Caninos,27/192,Common,RCL
Arcanin,28/192,Rare,RCL
Magmar,29/192,Common,RCL
Maganon,30/192,Rare,RCL
Funécire,31/192,Common,RCL
Mélancolux,32/192,Uncommon,RCL
Lugulabre,33/192,Rare Holo,RCL
Aflamanoir,34/192,Uncommon,RCL
Pyrobut V,35/192,Rare Holo V,RCL
Pyrobut VMAX,36/192,Rare Holo VMAX,RCL
M. Mime de Galar,37/192,Common,RCL
M. Glaquette de Galar,38/192,Rare,RCL
Magicarpe,39/192,Common,RCL
Léviator,40/192,Rare Holo,RCL
Goélise,41/192,Common,RCL
Bekipan,42/192,Uncommon,RCL
Milobellus V,43/192,Rare Holo V,RCL
Tritonde,44/192,Common,RCL
Batracné,45/192,Uncommon,RCL
Crapustule,46/192,Rare,RCL
Darumarond de Galar,47/192,Common,RCL
Darumacho de Galar,48/192,Rare,RCL
Lézargus V,49/192,Rare Holo V,RCL
Lézargus VMAX,50/192,Rare Holo VMAX,RCL
Nigosier,51/192,Rare,RCL
Embrochet,52/192,Common,RCL
Hastacuda,53/192,Rare,RCL
Bekaglaçon,54/192,Rare Holo,RCL
Bekaglaçon V,55/192,Rare Holo V,RCL
Voltorbe,56/192,Common,RCL
Électrode,57/192,Uncommon,RCL
Élektek,58/192,Common,RCL
Élekable,59/192,Rare,RCL
Lixy,60/192,Common,RCL
Luxio,61/192,Uncommon,RCL
Luxray,62/192,Rare Holo,RCL
Galvaran,63/192,Common,RCL
Iguolta,64/192,Uncommon,RCL
Chrysapile,65/192,Uncommon,RCL
Lucanon,66/192,Rare Holo,RCL
Fulgudog V,67/192,Rare Holo V,RCL
Toxizap,68/192,Common,RCL
Salarsen,69/192,Rare,RCL
Salarsen V,70/192,Rare Holo V,RCL
Salarsen VMAX,71/192,Rare Holo VMAX,RCL
Wattapik V,72/192,Rare Holo V,RCL
Morpeko,73/192,Uncommon,RCL
Mélofée,74/192,Common,RCL
Mélodelfe,75/192,Rare Holo,RCL
Natu,76/192,Common,RCL
Xatu,77/192,Uncommon,RCL
Corayon de Galar,78/192,Common,RCL
Corayôme de Galar,79/192,Rare Holo,RCL
Cryptéro,80/192,Rare,RCL
Bacabouh,81/192,Common,RCL
Trépassable,82/192,Uncommon,RCL
Bibichut,83/192,Common,RCL
Chapotus,84/192,Uncommon,RCL
Sorcilence,85/192,Rare Holo,RCL
Crèmy,86/192,Common,RCL
Charmilly,87/192,Rare,RCL
Wimessir,88/192,Uncommon,RCL
Fantyrm,89/192,Common,RCL
Dispareptil,90/192,Uncommon,RCL
Lanssorien,91/192,Rare Holo,RCL
Lanssorien V,92/192,Rare Holo V,RCL
Lanssorien VMAX,93/192,Rare Holo VMAX,RCL
Canarticho de Galar,94/192,Common,RCL
Palarticho de Galar,95/192,Rare Holo,RCL
Tarinor,96/192,Common,RCL
Méditikka,97/192,Common,RCL
Charmina,98/192,Uncommon,RCL
Barloche,99/192,Common,RCL
Barbicha,100/192,Rare,RCL
Tutafeh de Galar,101/192,Common,RCL
Tutétékri de Galar,102/192,Rare,RCL
Opermine,103/192,Common,RCL
Golgopathe,104/192,Rare,RCL
Charbi,105/192,Common,RCL
Wagomine,106/192,Uncommon,RCL
Monthracite,107/192,Rare Holo,RCL
Dunaconda V,108/192,Rare Holo V,RCL
Hexadron,109/192,Uncommon,RCL
Hexadron V,110/192,Rare Holo V,RCL
Dolman,111/192,Rare Holo,RCL
Smogo,112/192,Common,RCL
Smogogo de Galar,113/192,Rare Holo,RCL
Moufouette,114/192,Common,RCL
Moufflair,115/192,Uncommon,RCL
Spiritomb,116/192,Rare,RCL
Miamiasme,117/192,Common,RCL
Miasmax,118/192,Rare,RCL
Vostourno,119/192,Common,RCL
Vaututrice,120/192,Rare,RCL
Sepiatroce V,121/192,Rare Holo V,RCL
Sepiatroce VMAX,122/192,Rare Holo VMAX,RCL
Grimalin,123/192,Common,RCL
Fourbelin,124/192,Uncommon,RCL
Angoliath,125/192,Rare Holo,RCL
Miaouss de Galar,126/192,Common,RCL
Berserkatt de Galar,127/192,Rare,RCL
Cizayox,128/192,Rare,RCL
Archéomire,129/192,Common,RCL
Archéodong,130/192,Uncommon,RCL
Tarinorme,131/192,Rare,RCL
Fermite,132/192,Uncommon,RCL
Monorpale,133/192,Common,RCL
Dimoclès,134/192,Uncommon,RCL
Exagide,135/192,Rare,RCL
Pachyradjah V,136/192,Rare Holo V,RCL
Pachyradjah VMAX,137/192,Rare Holo VMAX,RCL
Duralugon,138/192,Rare Holo,RCL
Zacian,139/192,Rare,RCL
Zamazenta,140/192,Rare,RCL
Ronflex,141/192,Rare,RCL
Pijako,142/192,Uncommon,RCL
Poichigeon,143/192,Common,RCL
Colombeau,144/192,Uncommon,RCL
Déflaisan,145/192,Rare,RCL
Sapereau,146/192,Common,RCL
Excavarenne,147/192,Rare,RCL
Brutalibré,148/192,Uncommon,RCL
Nounourson,149/192,Common,RCL
Chelours,150/192,Uncommon,RCL
Rongourmand,151/192,Common,RCL
Rongrigou,152/192,Rare,RCL
Moumouflon V,153/192,Rare Holo V,RCL
Ordres du Boss (Giovanni),154/192,Rare Holo,RCL
Bandana Brûlant,155/192,Uncommon,RCL
Grand Seau,156/192,Uncommon,RCL
Pelle Maudite,157/192,Uncommon,RCL
Guido,158/192,Uncommon,RCL
Total Soin,159/192,Uncommon,RCL
Mine de Galar,160/192,Uncommon,RCL
Percy,161/192,Uncommon,RCL
Pépite,162/192,Uncommon,RCL
Liv,163/192,Uncommon,RCL
Poké Ball,164/192,Uncommon,RCL
Épuisette de Rappel,165/192,Uncommon,RCL
Carolina,166/192,Uncommon,RCL
Sonya,167/192,Uncommon,RCL
Arrache-Outil,168/192,Uncommon,RCL
Court d'Entraînement,169/192,Uncommon,RCL
Stade de Greenbury,170/192,Uncommon,RCL
Énergie Capture,171/192,Uncommon,RCL
Énergie Psychic Frayeur,172/192,Uncommon,RCL
Énergie Lightning Vélocité,173/192,Uncommon,RCL
Énergie Jumelée,174/192,Uncommon,RCL
Gorythmic V,175/192,Rare Ultra,RCL
Blancoton V,176/192,Rare Ultra,RCL
Feunard V,177/192,Rare Ultra,RCL
Pyrobut V,178/192,Rare Ultra,RCL
Milobellus V,179/192,Rare Ultra,RCL
Lézargus V,180/192,Rare Ultra,RCL
Fulgudog V,181/192,Rare Ultra,RCL
Salarsen V,182/192,Rare Ultra,RCL
Lanssorien V,183/192,Rare Ultra,RCL
Dunaconda V,184/192,Rare Ultra,RCL
Hexadron V,185/192,Rare Ultra,RCL
Sepiatroce V,186/192,Rare Ultra,RCL
Pachyradjah V,187/192,Rare Ultra,RCL
Moumouflon V,188/192,Rare Ultra,RCL
Ordres du Boss (Giovanni),189/192,Rare Ultra,RCL
Percy,190/192,Rare Ultra,RCL
Liv,191/192,Rare Ultra,RCL
Sonya,192/192,Rare Ultra,RCL
Gorythmic VMAX,193/192,Rare Rainbow,RCL
Pyrobut VMAX,194/192,Rare Rainbow,RCL
Lézargus VMAX,195/192,Rare Rainbow,RCL
Salarsen VMAX,196/192,Rare Rainbow,RCL
Lanssorien VMAX,197/192,Rare Rainbow,RCL
Sepiatroce VMAX,198/192,Rare Rainbow,RCL
Pachyradjah VMAX,199/192,Rare Rainbow,RCL
Ordres du Boss (Giovanni),200/192,Rare Rainbow,RCL
Percy,201/192,Rare Rainbow,RCL
Liv,202/192,Rare Rainbow,RCL
Sonya,203/192,Rare Rainbow,RCL
Beldeneige,204/192,Rare Secret,RCL
Berserkatt de Galar,205/192,Rare Secret,RCL
Grande Amulette,206/192,Rare Secret,RCL
Épuisette de Rappel,207/192,Rare Secret,RCL
Arrache-Outil,208/192,Rare Secret,RCL
Énergie Jumelée,209/192,Rare Secret,RCL
Brindibou,SV001/122,Rare Shiny,SHFSV
Efflèche,SV002/122,Rare Shiny,SHFSV
Archéduc,SV003/122,Rare Shiny,SHFSV
Ouistempo,SV004/122,Rare Shiny,SHFSV
Badabouin,SV005/122,Rare Shiny,SHFSV
Gorythmic,SV006/122,Rare Shiny,SHFSV
Larvadar,SV007/122,Rare Shiny,SHFSV
Coléodôme,SV008/122,Rare Shiny,SHFSV
Astronelle,SV009/122,Rare Shiny,SHFSV
Tournicoton,SV010/122,Rare Shiny,SHFSV
Blancoton,SV011/122,Rare Shiny,SHFSV
Verpom,SV012/122,Rare Shiny,SHFSV
Pomdrapi,SV013/122,Rare Shiny,SHFSV
Dratatin,SV014/122,Rare Shiny,SHFSV
Flambino,SV015/122,Rare Shiny,SHFSV
Lapyro,SV016/122,Rare Shiny,SHFSV
Pyrobut,SV017/122,Rare Shiny,SHFSV
Grillepattes,SV018/122,Rare Shiny,SHFSV
Scolocendre,SV019/122,Rare Shiny,SHFSV
M. Mime de Galar,SV020/122,Rare Shiny,SHFSV
M. Glaquette de Galar,SV021/122,Rare Shiny,SHFSV
Suicune,SV022/122,Rare Shiny,SHFSV
Darumarond de Galar,SV023/122,Rare Shiny,SHFSV
Darumacho de Galar,SV024/122,Rare Shiny,SHFSV
Larméléon,SV025/122,Rare Shiny,SHFSV
Arrozard,SV026/122,Rare Shiny,SHFSV
Lézargus,SV027/122,Rare Shiny,SHFSV
Khélocrok,SV028/122,Rare Shiny,SHFSV
Torgamord,SV029/122,Rare Shiny,SHFSV
Nigosier,SV030/122,Rare Shiny,SHFSV
Embrochet,SV031/122,Rare Shiny,SHFSV
Hastacuda,SV032/122,Rare Shiny,SHFSV
Frissonille,SV033/122,Rare Shiny,SHFSV
Beldeneige,SV034/122,Rare Shiny,SHFSV
Bekaglaçon,SV035/122,Rare Shiny,SHFSV
Hydragon,SV036/122,Rare Shiny,SHFSV
Hydragla,SV037/122,Rare Shiny,SHFSV
Motisma,SV038/122,Rare Shiny,SHFSV
Voltoutou,SV039/122,Rare Shiny,SHFSV
Fulgudog,SV040/122,Rare Shiny,SHFSV
Toxizap,SV041/122,Rare Shiny,SHFSV
Salarsen,SV042/122,Rare Shiny,SHFSV
Wattapik,SV043/122,Rare Shiny,SHFSV
Morpeko,SV044/122,Rare Shiny,SHFSV
Galvagon,SV045/122,Rare Shiny,SHFSV
Galvagla,SV046/122,Rare Shiny,SHFSV
Ponyta de Galar,SV047/122,Rare Shiny,SHFSV
Galopa de Galar,SV048/122,Rare Shiny,SHFSV
Corayon de Galar,SV049/122,Rare Shiny,SHFSV
Corayôme de Galar,SV050/122,Rare Shiny,SHFSV
Dedenne,SV051/122,Rare Shiny,SHFSV
Théffroi,SV052/122,Rare Shiny,SHFSV
Polthégeist,SV053/122,Rare Shiny,SHFSV
Bibichut,SV054/122,Rare Shiny,SHFSV
Chapotus,SV055/122,Rare Shiny,SHFSV
Sorcilence,SV056/122,Rare Shiny,SHFSV
Crèmy,SV057/122,Rare Shiny,SHFSV
Charmilly,SV058/122,Rare Shiny,SHFSV
Wimessir,SV059/122,Rare Shiny,SHFSV
Fantyrm,SV060/122,Rare Shiny,SHFSV
Dispareptil,SV061/122,Rare Shiny,SHFSV
Lanssorien,SV062/122,Rare Shiny,SHFSV
Canarticho de Galar,SV063/122,Rare Shiny,SHFSV
Palarticho de Galar,SV064/122,Rare Shiny,SHFSV
Tutafeh de Galar,SV065/122,Rare Shiny,SHFSV
Tutétékri de Galar,SV066/122,Rare Shiny,SHFSV
Charbi,SV067/122,Rare Shiny,SHFSV
Wagomine,SV068/122,Rare Shiny,SHFSV
Monthracite,SV069/122,Rare Shiny,SHFSV
Dunaja,SV070/122,Rare Shiny,SHFSV
Dunaconda,SV071/122,Rare Shiny,SHFSV
Poulpaf,SV072/122,Rare Shiny,SHFSV
Krakos,SV073/122,Rare Shiny,SHFSV
Hexadron,SV074/122,Rare Shiny,SHFSV
Dolman,SV075/122,Rare Shiny,SHFSV
Smogo,SV076/122,Rare Shiny,SHFSV
Smogogo de Galar,SV077/122,Rare Shiny,SHFSV
Zigzaton de Galar,SV078/122,Rare Shiny,SHFSV
Linéon de Galar,SV079/122,Rare Shiny,SHFSV
Ixon de Galar,SV080/122,Rare Shiny,SHFSV
Goupilou,SV081/122,Rare Shiny,SHFSV
Roublenard,SV082/122,Rare Shiny,SHFSV
Grimalin,SV083/122,Rare Shiny,SHFSV
Fourbelin,SV084/122,Rare Shiny,SHFSV
Angoliath,SV085/122,Rare Shiny,SHFSV
Miaouss de Galar,SV086/122,Rare Shiny,SHFSV
Berserkatt de Galar,SV087/122,Rare Shiny,SHFSV
Limonde de Galar,SV088/122,Rare Shiny,SHFSV
Corvaillus,SV089/122,Rare Shiny,SHFSV
Charibari,SV090/122,Rare Shiny,SHFSV
Pachyradjah,SV091/122,Rare Shiny,SHFSV
Duralugon,SV092/122,Rare Shiny,SHFSV
Chinchidou,SV093/122,Rare Shiny,SHFSV
Pashmilla,SV094/122,Rare Shiny,SHFSV
Couaneton,SV095/122,Rare Shiny,SHFSV
Lakmécygne,SV096/122,Rare Shiny,SHFSV
Sapereau,SV097/122,Rare Shiny,SHFSV
Gouroutan,SV098/122,Rare Shiny,SHFSV
Rongourmand,SV099/122,Rare Shiny,SHFSV
Rongrigou,SV100/122,Rare Shiny,SHFSV
Minisange,SV101/122,Rare Shiny,SHFSV
Bleuseille,SV102/122,Rare Shiny,SHFSV
Moumouton,SV103/122,Rare Shiny,SHFSV
Moumouflon,SV104/122,Rare Shiny,SHFSV
Gorythmic V,SV105/122,Rare Holo V,SHFSV
Gorythmic VMAX,SV106/122,Rare Holo VMAX,SHFSV
Dracaufeu VMAX,SV107/122,Rare Holo VMAX,SHFSV
Scolocendre V,SV108/122,Rare Holo V,SHFSV
Scolocendre VMAX,SV109/122,Rare Holo VMAX,SHFSV
Lokhlass V,SV110/122,Rare Holo V,SHFSV
Lokhlass VMAX,SV111/122,Rare Holo VMAX,SHFSV
Salarsen V,SV112/122,Rare Holo V,SHFSV
Salarsen VMAX,SV113/122,Rare Holo VMAX,SHFSV
Wimessir V,SV114/122,Rare Holo V,SHFSV
Hexadron V,SV115/122,Rare Holo V,SHFSV
Angoliath V,SV116/122,Rare Holo V,SHFSV
Angoliath VMAX,SV117/122,Rare Holo VMAX,SHFSV
Métamorph V,SV118/122,Rare Holo V,SHFSV
Métamorph VMAX,SV119/122,Rare Holo VMAX,SHFSV
Moumouflon V,SV120/122,Rare Holo V,SHFSV
Éthernatos V,SV121/122,Rare Secret,SHFSV
Éthernatos VMAX,SV122/122,Rare Secret,SHFSV
Yanma,1/72,Common,SHF
Yanmega,2/72,Rare,SHF
Celebi,3/72,Rare,SHF
Cacnea,4/72,Common,SHF
Tropius,5/72,Uncommon,SHF
Brindibou,6/72,Common,SHF
Efflèche,7/72,Uncommon,SHF
Archéduc,8/72,Rare Holo,SHF
Sinistrail V,9/72,Rare Holo V,SHF
Sinistrail VMAX,10/72,Rare Holo VMAX,SHF
Ouistempo,11/72,Common,SHF
Badabouin,12/72,Uncommon,SHF
Gorythmic,13/72,Rare Holo,SHF
Tournicoton,14/72,Common,SHF
Blancoton,15/72,Uncommon,SHF
Zarude,16/72,Rare,SHF
Reshiram,17/72,Amazing Rare,SHF
Pyrobut V,18/72,Rare Holo V,SHF
Pyrobut VMAX,19/72,Rare Holo VMAX,SHF
Hypotrempe,20/72,Common,SHF
Kyogre,21/72,Amazing Rare,SHF
Mustébouée,22/72,Common,SHF
Mustéflott,23/72,Uncommon,SHF
Manaphy,24/72,Rare,SHF
Volcanion,25/72,Rare,SHF
Khélocrok,26/72,Common,SHF
Torgamord,27/72,Rare,SHF
Nigosier,28/72,Uncommon,SHF
Frissonille,29/72,Common,SHF
Beldeneige,30/72,Rare Holo,SHF
Lixy,31/72,Common,SHF
Luxio,32/72,Uncommon,SHF
Luxray,33/72,Rare Holo,SHF
Motisma,34/72,Uncommon,SHF
Morpeko,35/72,Common,SHF
Morpeko,36/72,Common,SHF
Morpeko V,37/72,Rare Holo V,SHF
Morpeko VMAX,38/72,Rare Holo VMAX,SHF
Wimessir V,39/72,Rare Holo V,SHF
Kraknoix,40/72,Common,SHF
Smogo,41/72,Common,SHF
Smogogo de Galar,42/72,Rare Holo,SHF
Mimigal,43/72,Common,SHF
Nostenfer V,44/72,Rare Holo V,SHF
Nostenfer VMAX,45/72,Rare Holo VMAX,SHF
Yveltal,46/72,Amazing Rare,SHF
Goupilou,47/72,Common,SHF
Roublenard,48/72,Rare Holo,SHF
Charibari,49/72,Common,SHF
Métamorph V,50/72,Rare Holo V,SHF
Métamorph VMAX,51/72,Rare Holo VMAX,SHF
Évoli,52/72,Common,SHF
Rongrigou V,53/72,Rare Holo V,SHF
Nigosier V,54/72,Rare Holo V,SHF
Nigosier VMAX,55/72,Rare Holo VMAX,SHF
Wimessir,56/72,Rare Holo,SHF
Ball Masqué,57/72,Uncommon,SHF
Ordres du Boss (Lysandre),58/72,Rare,SHF
Dresseurs d'Arène,59/72,Uncommon,SHF
Recherches Professorales (Professeure Keteleeria),60/72,Rare,SHF
Bouclier Rouillé,61/72,Uncommon,SHF
Épée Rouillée,62/72,Uncommon,SHF
Bannière de la Team Yell,63/72,Uncommon,SHF
Charmilly V,64/72,Rare Ultra,SHF
Ball Masqué,65/72,Rare Ultra,SHF
Ornithologue,66/72,Rare Ultra,SHF
Alba Minçalor,67/72,Rare Ultra,SHF
Dresseurs d'Arène,68/72,Rare Ultra,SHF
Peterson,69/72,Rare Ultra,SHF
Poké Enfant,70/72,Rare Ultra,SHF
Shehroz,71/72,Rare Ultra,SHF
Carolina,72/72,Rare Ultra,SHF
Charmilly VMAX,73/72,Rare Rainbow,SHF
Roussil,TG01/30,Trainer Gallery Rare Holo,SIT
Milobellus,TG02/30,Trainer Gallery Rare Holo,SIT
Lainergie,TG03/30,Trainer Gallery Rare Holo,SIT
Lippoutou,TG04/30,Trainer Gallery Rare Holo,SIT
Gardevoir,TG05/30,Trainer Gallery Rare Holo,SIT
Sepiatroce,TG06/30,Trainer Gallery Rare Holo,SIT
Rocabot,TG07/30,Trainer Gallery Rare Holo,SIT
Quartermac,TG08/30,Trainer Gallery Rare Holo,SIT
Drakkarmin,TG09/30,Trainer Gallery Rare Holo,SIT
Queulorior,TG10/30,Trainer Gallery Rare Holo,SIT
Altaria,TG11/30,Trainer Gallery Rare Holo,SIT
Mélokrik V,TG12/30,Rare Holo V,SIT
Majaspic V,TG13/30,Rare Holo V,SIT
Braségali V,TG14/30,Rare Holo V,SIT
Braségali VMAX,TG15/30,Rare Holo VMAX,SIT
Zeraora V,TG16/30,Rare Holo V,SIT
Mysdibule V,TG17/30,Rare Holo V,SIT
Corvaillus V,TG18/30,Rare Holo V,SIT
Corvaillus VMAX,TG19/30,Rare Holo VMAX,SIT
Rayquaza VMAX,TG20/30,Rare Holo VMAX,SIT
Duralugon VMAX,TG21/30,Rare Holo VMAX,SIT
Leuphorie V,TG22/30,Rare Holo V,SIT
Amis de Galar,TG23/30,Rare Ultra,SIT
Chaz,TG24/30,Rare Ultra,SIT
Juge,TG25/30,Rare Ultra,SIT
Professeure Pimprenelle,TG26/30,Rare Ultra,SIT
Roy,TG27/30,Rare Ultra,SIT
Jean-Fleuret et Jean-Targe,TG28/30,Rare Ultra,SIT
Rayquaza VMAX,TG29/30,Rare Secret,SIT
Duralugon VMAX,TG30/30,Rare Secret,SIT
Mimitoss,1/195,Common,SIT
Aéromite,2/195,Uncommon,SIT
Mimigal,3/195,Common,SIT
Migalos,4/195,Rare Holo,SIT
Tournegrin,5/195,Common,SIT
Héliatronc,6/195,Uncommon,SIT
Majaspic V,7/195,Rare Holo V,SIT
Majaspic VSTAR,8/195,Rare Holo VSTAR,SIT
Chlorobule,9/195,Common,SIT
Fragilady de Hisui,10/195,Rare,SIT
Trompignon,11/195,Common,SIT
Gaulet,12/195,Rare,SIT
Fermite,13/195,Common,SIT
Viridium,14/195,Rare,SIT
Blindépique V,15/195,Rare Holo V,SIT
Sucreine Radieux,16/195,Radiant Rare,SIT
Goupix,17/195,Common,SIT
Feunard,18/195,Uncommon,SIT
Caninos,19/195,Common,SIT
Arcanin,20/195,Rare,SIT
Ponyta,21/195,Common,SIT
Galopa,22/195,Rare Holo,SIT
Victini,23/195,Rare,SIT
Reshiram V,24/195,Rare Holo V,SIT
Feunnec,25/195,Common,SIT
Roussil,26/195,Uncommon,SIT
Goupelin,27/195,Rare,SIT
Braisillon,28/195,Uncommon,SIT
Flambusard,29/195,Rare,SIT
Flamiaou,30/195,Common,SIT
Matoufeu,31/195,Uncommon,SIT
Félinferno,32/195,Rare,SIT
Goupix d'Alola V,33/195,Rare Holo V,SIT
Goupix d'Alola VSTAR,34/195,Rare Holo VSTAR,SIT
Amonistar V,35/195,Rare Holo V,SIT
Artikodin,36/195,Rare Holo,SIT
Wailmer,37/195,Common,SIT
Wailord,38/195,Uncommon,SIT
Barpau,39/195,Common,SIT
Milobellus,40/195,Rare,SIT
Stalgamin,41/195,Common,SIT
Oniglali,42/195,Uncommon,SIT
Momartik,43/195,Rare,SIT
Relicanth,44/195,Common,SIT
Phione,45/195,Rare,SIT
Keldeo,46/195,Rare,SIT
Araqua,47/195,Common,SIT
Tarenbulle,48/195,Uncommon,SIT
Pikachu,49/195,Common,SIT
Raichu,50/195,Uncommon,SIT
Loupio,51/195,Common,SIT
Lanturn,52/195,Uncommon,SIT
Motisma,53/195,Common,SIT
Emolga,54/195,Common,SIT
Limonde,55/195,Common,SIT
Zeraora,56/195,Rare,SIT
Regieleki V,57/195,Rare Holo V,SIT
Regieleki VMAX,58/195,Rare Holo VMAX,SIT
Alakazam Radieux,59/195,Radiant Rare,SIT
Soporifik,60/195,Common,SIT
Hypnomade,61/195,Uncommon,SIT
Lippoutou,62/195,Uncommon,SIT
Feuforêve,63/195,Common,SIT
Magirêve,64/195,Rare,SIT
Zarbi V,65/195,Rare Holo V,SIT
Zarbi VSTAR,66/195,Rare Holo VSTAR,SIT
Tarsal,67/195,Common,SIT
Kirlia,68/195,Uncommon,SIT
Gardevoir,69/195,Rare,SIT
Mysdibule V,70/195,Rare Holo V,SIT
Mysdibule VSTAR,71/195,Rare Holo VSTAR,SIT
Méditikka,72/195,Common,SIT
Charmina,73/195,Rare Holo,SIT
Éoko,74/195,Common,SIT
Cryptéro,75/195,Uncommon,SIT
Nucléos,76/195,Common,SIT
Méios,77/195,Uncommon,SIT
Symbios,78/195,Rare Holo,SIT
Lewsor,79/195,Common,SIT
Neitram,80/195,Uncommon,SIT
Psystigri,81/195,Common,SIT
Mistigrix,82/195,Uncommon,SIT
Sucroquin,83/195,Common,SIT
Cupcanaille,84/195,Uncommon,SIT
Dedenne,85/195,Uncommon,SIT
Wimessir,86/195,Common,SIT
Fantyrm,87/195,Common,SIT
Dispareptil,88/195,Uncommon,SIT
Lanssorien,89/195,Rare Holo,SIT
Arcanin de Hisui V,90/195,Rare Holo V,SIT
Phanpy,91/195,Common,SIT
Donphan,92/195,Uncommon,SIT
Balbuto,93/195,Common,SIT
Kaorine,94/195,Uncommon,SIT
Anorith,95/195,Uncommon,SIT
Armaldo,96/195,Rare,SIT
Terrakium,97/195,Rare Holo,SIT
Brutalibré,98/195,Common,SIT
Bacabouh,99/195,Common,SIT
Trépassable,100/195,Uncommon,SIT
Dolman,101/195,Uncommon,SIT
Ursaking V,102/195,Rare Holo V,SIT
Nosferapti,103/195,Common,SIT
Nosferalto,104/195,Uncommon,SIT
Nostenfer,105/195,Rare Holo,SIT
Cornèbre,106/195,Common,SIT
Corboss,107/195,Uncommon,SIT
Moufflair V,108/195,Rare Holo V,SIT
Cradopaud,109/195,Common,SIT
Coatox,110/195,Uncommon,SIT
Mascaïman,111/195,Common,SIT
Escroco,112/195,Uncommon,SIT
Crocorible,113/195,Rare Holo,SIT
Vorastérie,114/195,Common,SIT
Prédastérie,115/195,Uncommon,SIT
Morpeko,116/195,Uncommon,SIT
Terhal,117/195,Common,SIT
Métang,118/195,Uncommon,SIT
Métalosse,119/195,Rare Holo,SIT
Jirachi Radieux,120/195,Radiant Rare,SIT
Grindur,121/195,Common,SIT
Noacier,122/195,Uncommon,SIT
Tic,123/195,Common,SIT
Clic,124/195,Uncommon,SIT
Cliticlic,125/195,Rare,SIT
Cobaltium,126/195,Rare,SIT
Togedemaru,127/195,Common,SIT
Magearna V,128/195,Rare Holo V,SIT
Minidraco,129/195,Common,SIT
Draco,130/195,Uncommon,SIT
Dracolosse,131/195,Rare Holo,SIT
Sonistrelle,132/195,Common,SIT
Bruyverne,133/195,Rare,SIT
Zygarde,134/195,Rare,SIT
Regidrago V,135/195,Rare Holo V,SIT
Regidrago VSTAR,136/195,Rare Holo VSTAR,SIT
Queulorior,137/195,Common,SIT
Lugia V,138/195,Rare Holo V,SIT
Lugia VSTAR,139/195,Rare Holo VSTAR,SIT
Ho-Oh V,140/195,Rare Holo V,SIT
Spinda,141/195,Common,SIT
Tylton,142/195,Common,SIT
Altaria,143/195,Uncommon,SIT
Laporeille,144/195,Common,SIT
Lockpin,145/195,Uncommon,SIT
Arkéapti,146/195,Uncommon,SIT
Aéroptéryx,147/195,Rare Holo,SIT
Furaiglon,148/195,Common,SIT
Gueriaigle de Hisui,149/195,Rare,SIT
Passerouge,150/195,Common,SIT
Bayar,151/195,Uncommon,SIT
Gladys,152/195,Uncommon,SIT
Arôme Captivant,153/195,Uncommon,SIT
Pierre Scellée Terrestre,154/195,Rare Holo,SIT
Gelée de Secours,155/195,Uncommon,SIT
Pierre Scellée Sylvestre,156/195,Rare Holo,SIT
Fille en Kimono,157/195,Uncommon,SIT
Dresseurs d'Arène,158/195,Uncommon,SIT
Peter,159/195,Uncommon,SIT
Poncho de Camouflage Feuillu,160/195,Uncommon,SIT
Autel Primordial,161/195,Uncommon,SIT
Professeur Lavande,162/195,Uncommon,SIT
Quad Roc,163/195,Uncommon,SIT
Serena,164/195,Uncommon,SIT
Fossile Inconnu,165/195,Uncommon,SIT
Marc,166/195,Uncommon,SIT
Ouvrière,167/195,Uncommon,SIT
Énergie Régénérante,168/195,Uncommon,SIT
Énergie Garde V,169/195,Uncommon,SIT
Majaspic V,170/195,Rare Ultra,SIT
Blindépique V,171/195,Rare Ultra,SIT
Reshiram V,172/195,Rare Ultra,SIT
Goupix d'Alola V,173/195,Rare Ultra,SIT
Amonistar V,174/195,Rare Ultra,SIT
Regieleki V,175/195,Rare Ultra,SIT
Zarbi V,176/195,Rare Ultra,SIT
Zarbi V,177/195,Rare Ultra,SIT
Mysdibule V,178/195,Rare Ultra,SIT
Arcanin de Hisui V,179/195,Rare Ultra,SIT
Moufflair V,180/195,Rare Ultra,SIT
Moufflair V,181/195,Rare Ultra,SIT
Magearna V,182/195,Rare Ultra,SIT
Regidrago V,183/195,Rare Ultra,SIT
Regidrago V,184/195,Rare Ultra,SIT
Lugia V,185/195,Rare Ultra,SIT
Lugia V,186/195,Rare Ultra,SIT
Ho-Oh V,187/195,Rare Ultra,SIT
Bayar,188/195,Rare Ultra,SIT
Gladys,189/195,Rare Ultra,SIT
Fille en Kimono,190/195,Rare Ultra,SIT
Dresseurs d'Arène,191/195,Rare Ultra,SIT
Peter,192/195,Rare Ultra,SIT
Serena,193/195,Rare Ultra,SIT
Marc,194/195,Rare Ultra,SIT
Ouvrière,195/195,Rare Ultra,SIT
Majaspic VSTAR,196/195,Rare Rainbow,SIT
Goupix d'Alola VSTAR,197/195,Rare Rainbow,SIT
Regieleki VMAX,198/195,Rare Rainbow,SIT
Zarbi VSTAR,199/195,Rare Rainbow,SIT
Mysdibule VSTAR,200/195,Rare Rainbow,SIT
Regidrago VSTAR,201/195,Rare Rainbow,SIT
Lugia VSTAR,202/195,Rare Rainbow,SIT
Bayar,203/195,Rare Rainbow,SIT
Gladys,204/195,Rare Rainbow,SIT
Fille en Kimono,205/195,Rare Rainbow,SIT
Peter,206/195,Rare Rainbow,SIT
Serena,207/195,Rare Rainbow,SIT
Marc,208/195,Rare Rainbow,SIT
Ouvrière,209/195,Rare Rainbow,SIT
Majaspic VSTAR,210/195,Rare Secret,SIT
Lugia VSTAR,211/195,Rare Secret,SIT
Échange d'Énergie,212/195,Rare Secret,SIT
Marais Bouchebée,213/195,Rare Secret,SIT
Poncho de Camouflage Feuillu,214/195,Rare Secret,SIT
Énergie Garde V,215/195,Rare Secret,SIT
Celebi V,1/202,Rare Holo V,SSH
Rosélia,2/202,Common,SSH
Rosélia,3/202,Common,SSH
Roserade,4/202,Rare,SSH
Doudouvet,5/202,Common,SSH
Farfaduvet,6/202,Rare,SSH
Maracachi,7/202,Common,SSH
Fermite,8/202,Rare,SSH
Sinistrail V,9/202,Rare Holo V,SSH
Ouistempo,10/202,Common,SSH
Ouistempo,11/202,Common,SSH
Badabouin,12/202,Uncommon,SSH
Badabouin,13/202,Uncommon,SSH
Gorythmic,14/202,Rare Holo,SSH
Gorythmic,15/202,Rare,SSH
Larvadar,16/202,Common,SSH
Larvadar,17/202,Common,SSH
Coléodôme,18/202,Uncommon,SSH
Astronelle,19/202,Rare,SSH
Tournicoton,20/202,Common,SSH
Blancoton,21/202,Uncommon,SSH
Goupix,22/202,Common,SSH
Feunard,23/202,Rare,SSH
Chartor V,24/202,Rare Holo V,SSH
Victini V,25/202,Rare Holo V,SSH
Aflamanoir,26/202,Uncommon,SSH
Tritox,27/202,Common,SSH
Malamandre,28/202,Uncommon,SSH
Boumata,29/202,Rare,SSH
Flambino,30/202,Common,SSH
Flambino,31/202,Common,SSH
Lapyro,32/202,Uncommon,SSH
Lapyro,33/202,Uncommon,SSH
Pyrobut,34/202,Rare Holo,SSH
Pyrobut,35/202,Rare Holo,SSH
Pyrobut,36/202,Rare,SSH
Grillepattes,37/202,Common,SSH
Grillepattes,38/202,Common,SSH
Scolocendre,39/202,Rare,SSH
Kokiyas,40/202,Common,SSH
Crustabri,41/202,Rare,SSH
Krabby,42/202,Common,SSH
Krabby,43/202,Common,SSH
Krabboss,44/202,Uncommon,SSH
Poissirène,45/202,Common,SSH
Poissirène,46/202,Common,SSH
Poissoroy,47/202,Uncommon,SSH
Lokhlass,48/202,Rare,SSH
Lokhlass V,49/202,Rare Holo V,SSH
Lokhlass VMAX,50/202,Rare Holo VMAX,SSH
Qwilfish,51/202,Uncommon,SSH
Démanta,52/202,Uncommon,SSH
Keldeo V,53/202,Rare Holo V,SSH
Larméléon,54/202,Common,SSH
Larméléon,55/202,Common,SSH
Arrozard,56/202,Uncommon,SSH
Arrozard,57/202,Uncommon,SSH
Lézargus,58/202,Rare Holo,SSH
Lézargus,59/202,Rare,SSH
Khélocrok,60/202,Common,SSH
Torgamord,61/202,Rare,SSH
Nigosier,62/202,Rare,SSH
Frissonille,63/202,Common,SSH
Beldeneige,64/202,Rare Holo,SSH
Pikachu,65/202,Common,SSH
Raichu,66/202,Rare,SSH
Loupio,67/202,Common,SSH
Loupio,68/202,Common,SSH
Lanturn,69/202,Rare,SSH
Statitik,70/202,Common,SSH
Mygavolt,71/202,Uncommon,SSH
Tokorico V,72/202,Rare Holo V,SSH
Voltoutou,73/202,Common,SSH
Voltoutou,74/202,Common,SSH
Fulgudog,75/202,Rare Holo,SSH
Fulgudog,76/202,Rare Holo,SSH
Wattapik,77/202,Common,SSH
Morpeko,78/202,Rare,SSH
Morpeko V,79/202,Rare Holo V,SSH
Morpeko VMAX,80/202,Rare Holo VMAX,SSH
Ponyta de Galar,81/202,Common,SSH
Galopa de Galar,82/202,Rare,SSH
Fantominus,83/202,Common,SSH
Spectrum,84/202,Uncommon,SSH
Ectoplasma,85/202,Rare Holo,SSH
Qulbutoké V,86/202,Rare Holo V,SSH
Munna,87/202,Common,SSH
Mushana,88/202,Rare,SSH
Théffroi,89/202,Common,SSH
Polthégeist,90/202,Rare,SSH
Wimessir V,91/202,Rare Holo V,SSH
Taupiqueur,92/202,Common,SSH
Triopikeur,93/202,Uncommon,SSH
Kicklee,94/202,Uncommon,SSH
Tygnon,95/202,Uncommon,SSH
Rhinocorne,96/202,Common,SSH
Rhinocorne,97/202,Common,SSH
Rhinoféros,98/202,Uncommon,SSH
Rhinastoc,99/202,Rare Holo,SSH
Simularbre,100/202,Uncommon,SSH
Balbuto,101/202,Common,SSH
Balbuto,102/202,Common,SSH
Kaorine,103/202,Rare,SSH
Regirock V,104/202,Rare Holo V,SSH
Tiboudet,105/202,Common,SSH
Bourrinos,106/202,Rare,SSH
Dunaja,107/202,Common,SSH
Dunaja,108/202,Common,SSH
Dunaconda,109/202,Rare,SSH
Dunaconda,110/202,Rare Holo,SSH
Poulpaf,111/202,Common,SSH
Poulpaf,112/202,Common,SSH
Krakos,113/202,Rare,SSH
Dolman,114/202,Rare,SSH
Dolman V,115/202,Rare Holo V,SSH
Dolman VMAX,116/202,Rare Holo VMAX,SSH
Zigzaton de Galar,117/202,Common,SSH
Linéon de Galar,118/202,Uncommon,SSH
Ixon de Galar,119/202,Rare Holo,SSH
Ténéfix V,120/202,Rare Holo V,SSH
Rapion,121/202,Common,SSH
Drascore,122/202,Rare,SSH
Cradopaud,123/202,Common,SSH
Coatox,124/202,Rare Holo,SSH
Goupilou,125/202,Common,SSH
Roublenard,126/202,Rare,SSH
Miaouss de Galar,127/202,Common,SSH
Berserkatt de Galar,128/202,Rare Holo,SSH
Mysdibule,129/202,Common,SSH
Grindur,130/202,Common,SSH
Noacier,131/202,Uncommon,SSH
Limonde de Galar,132/202,Uncommon,SSH
Scalpion,133/202,Common,SSH
Scalproie,134/202,Uncommon,SSH
Corvaillus,135/202,Rare,SSH
Charibari,136/202,Common,SSH
Pachyradjah,137/202,Rare Holo,SSH
Zacian V,138/202,Rare Holo V,SSH
Zamazenta V,139/202,Rare Holo V,SSH
Ronflex,140/202,Rare,SSH
Ronflex V,141/202,Rare Holo V,SSH
Ronflex VMAX,142/202,Rare Holo VMAX,SSH
Hoothoot,143/202,Common,SSH
Noarfang,144/202,Rare,SSH
Chinchidou,145/202,Common,SSH
Chinchidou,146/202,Common,SSH
Pashmilla,147/202,Rare,SSH
Gouroutan,148/202,Rare Holo,SSH
Draïeul,149/202,Rare,SSH
Minisange,150/202,Common,SSH
Bleuseille,151/202,Uncommon,SSH
Moumouton,152/202,Common,SSH
Moumouton,153/202,Common,SSH
Moumouflon,154/202,Uncommon,SSH
Nigosier V,155/202,Rare Holo V,SSH
Ballon,156/202,Uncommon,SSH
Travis,157/202,Uncommon,SSH
Grande Amulette,158/202,Uncommon,SSH
Maillet Écrasant,159/202,Uncommon,SSH
Récupération d'Énergie,160/202,Uncommon,SSH
Recherche d'Énergie,161/202,Uncommon,SSH
Échange d'Énergie,162/202,Uncommon,SSH
Encens d'Évolution,163/202,Uncommon,SSH
Super Ball,164/202,Uncommon,SSH
Nabil,165/202,Uncommon,SSH
Hyper Potion,166/202,Uncommon,SSH
Œuf Chance,167/202,Uncommon,SSH
Baie Prine,168/202,Uncommon,SSH
Rosemary,169/202,Rare Holo,SSH
Écusson Métal,170/202,Uncommon,SSH
Canne Ordinaire,171/202,Uncommon,SSH
Registre Ami,172/202,Uncommon,SSH
Poké Enfant,173/202,Uncommon,SSH
Pokématos 3.0,174/202,Uncommon,SSH
Attrape-Pokémon,175/202,Uncommon,SSH
Dame du Centre Pokémon,176/202,Uncommon,SSH
Potion,177/202,Uncommon,SSH
Recherches Professorales (Professeure Magnolia),178/202,Rare Holo,SSH
Rapide Ball,179/202,Uncommon,SSH
Super Bonbon,180/202,Uncommon,SSH
Moticyclette,181/202,Uncommon,SSH
Baie Sitrus,182/202,Uncommon,SSH
Échange,183/202,Uncommon,SSH
Sbire de la Team Yell,184/202,Uncommon,SSH
Bandeau Vitalité,185/202,Uncommon,SSH
Énergie Boréale,186/202,Uncommon,SSH
Sinistrail V,187/202,Rare Ultra,SSH
Chartor V,188/202,Rare Ultra,SSH
Lokhlass V,189/202,Rare Ultra,SSH
Morpeko V,190/202,Rare Ultra,SSH
Qulbutoké V,191/202,Rare Ultra,SSH
Wimessir V,192/202,Rare Ultra,SSH
Dolman V,193/202,Rare Ultra,SSH
Ténéfix V,194/202,Rare Ultra,SSH
Zacian V,195/202,Rare Ultra,SSH
Zamazenta V,196/202,Rare Ultra,SSH
Ronflex V,197/202,Rare Ultra,SSH
Nigosier V,198/202,Rare Ultra,SSH
Travis,199/202,Rare Ultra,SSH
Rosemary,200/202,Rare Ultra,SSH
Recherches Professorales (Professeure Magnolia),201/202,Rare Ultra,SSH
Sbire de la Team Yell,202/202,Rare Ultra,SSH
Lokhlass VMAX,203/202,Rare Rainbow,SSH
Morpeko VMAX,204/202,Rare Rainbow,SSH
Dolman VMAX,205/202,Rare Rainbow,SSH
Ronflex VMAX,206/202,Rare Rainbow,SSH
Travis,207/202,Rare Rainbow,SSH
Rosemary,208/202,Rare Rainbow,SSH
Recherches Professorales (Professeure Magnolia),209/202,Rare Rainbow,SSH
Sbire de la Team Yell,210/202,Rare Rainbow,SSH
Zacian V,211/202,Rare Secret,SSH
Zamazenta V,212/202,Rare Secret,SSH
Ballon,213/202,Rare Secret,SSH
Écusson Métal,214/202,Rare Secret,SSH
Canne Ordinaire,215/202,Rare Secret,SSH
Rapide Ball,216/202,Rare Secret,SSH
Ouistempo,SWSH001/307,Promo,SWSHP
Flambino,SWSH002/307,Promo,SWSHP
Larméléon,SWSH003/307,Promo,SWSHP
Miaouss V,SWSH004/307,Promo,SWSHP
Miaouss VMAX,SWSH005/307,Promo,SWSHP
Gorythmic,SWSH006/307,Promo,SWSHP
Beldeneige,SWSH007/307,Promo,SWSHP
Berserkatt de Galar,SWSH008/307,Promo,SWSHP
Pashmilla,SWSH009/307,Promo,SWSHP
Tournicoton,SWSH010/307,Promo,SWSHP
Moumouton,SWSH011/307,Promo,SWSHP
Morpeko,SWSH012/307,Promo,SWSHP
Ponyta de Galar,SWSH013/307,Promo,SWSHP
Gorythmic V,SWSH014/307,Promo,SWSHP
Pyrobut V,SWSH015/307,Promo,SWSHP
Lézargus V,SWSH016/307,Promo,SWSHP
Salarsen V,SWSH017/307,Promo,SWSHP
Zacian V,SWSH018/307,Promo,SWSHP
Zamazenta V,SWSH019/307,Promo,SWSHP
Pikachu,SWSH020/307,Promo,SWSHP
Polthégeist V,SWSH021/307,Promo,SWSHP
Pomdrapi,SWSH022/307,Promo,SWSHP
Luxray,SWSH023/307,Promo,SWSHP
Monthracite,SWSH024/307,Promo,SWSHP
Miasmax,SWSH025/307,Promo,SWSHP
Démanta,SWSH026/307,Promo,SWSHP
Noarfang,SWSH027/307,Promo,SWSHP
Duralugon,SWSH028/307,Promo,SWSHP
Rayquaza,SWSH029/307,Promo,SWSHP
Pachyradjah V,SWSH030/307,Promo,SWSHP
Morpeko,SWSH031/307,Promo,SWSHP
Ronflex,SWSH032/307,Promo,SWSHP
Zacian,SWSH033/307,Promo,SWSHP
Zamazenta,SWSH034/307,Promo,SWSHP
Archéduc,SWSH035/307,Promo,SWSHP
Galvagla,SWSH036/307,Promo,SWSHP
Trioxhydre,SWSH037/307,Promo,SWSHP
Kangourex,SWSH038/307,Promo,SWSHP
Pikachu,SWSH039/307,Promo,SWSHP
Bibichut,SWSH040/307,Promo,SWSHP
Pyroli,SWSH041/307,Promo,SWSHP
Évoli,SWSH042/307,Promo,SWSHP
Palarticho de Galar V,SWSH043/307,Promo,SWSHP
Éthernatos V,SWSH044/307,Promo,SWSHP
Éthernatos VMAX,SWSH045/307,Promo,SWSHP
Blancoton,SWSH046/307,Promo,SWSHP
Torgamord,SWSH047/307,Promo,SWSHP
Scolocendre,SWSH048/307,Promo,SWSHP
Moumouflon V,SWSH049/307,Promo,SWSHP
Dracaufeu V,SWSH050/307,Promo,SWSHP
Lokhlass,SWSH051/307,Promo,SWSHP
Ectoplasma,SWSH052/307,Promo,SWSHP
Mackogneur,SWSH053/307,Promo,SWSHP
Monthracite,SWSH054/307,Promo,SWSHP
Sorcilence V,SWSH055/307,Promo,SWSHP
Morpeko V,SWSH056/307,Promo,SWSHP
Angoliath V,SWSH057/307,Promo,SWSHP
Charmilly,SWSH058/307,Promo,SWSHP
Ixon de Galar,SWSH059/307,Promo,SWSHP
Duralugon,SWSH060/307,Promo,SWSHP
Pikachu V,SWSH061/307,Promo,SWSHP
Pikachu VMAX,SWSH062/307,Promo,SWSHP
Pikachu V,SWSH063/307,Promo,SWSHP
Éthernatos V,SWSH064/307,Promo,SWSHP
Évoli V,SWSH065/307,Promo,SWSHP
Dracaufeu,SWSH066/307,Promo,SWSHP
Donphan,SWSH067/307,Promo,SWSHP
Ronflex,SWSH068/307,Promo,SWSHP
Lugia,SWSH069/307,Promo,SWSHP
Ouistempo,SWSH070/307,Promo,SWSHP
Flambino,SWSH071/307,Promo,SWSHP
Aquali,SWSH072/307,Promo,SWSHP
Larméléon,SWSH073/307,Promo,SWSHP
Special Delivery Pikachu,SWSH074/307,Promo,SWSHP
Special Delivery Charizard,SWSH075/307,Promo,SWSHP
Zacian V,SWSH076/307,Promo,SWSHP
Zamazenta V,SWSH077/307,Promo,SWSHP
Astronelle V,SWSH078/307,Promo,SWSHP
M. Glaquette de Galar,SWSH079/307,Promo,SWSHP
Dedenne,SWSH080/307,Promo,SWSHP
Polthégeist,SWSH081/307,Promo,SWSHP
Sapereau,SWSH082/307,Promo,SWSHP
Alakazam V,SWSH083/307,Promo,SWSHP
Blancoton V,SWSH084/307,Promo,SWSHP
Fulgudog V,SWSH085/307,Promo,SWSHP
Nigosier V,SWSH086/307,Promo,SWSHP
Évoli VMAX,SWSH087/307,Promo,SWSHP
Ceriflor,SWSH088/307,Promo,SWSHP
Octillery,SWSH089/307,Promo,SWSHP
Démolosse,SWSH090/307,Promo,SWSHP
Archéodong,SWSH091/307,Promo,SWSHP
Salamèche,SWSH092/307,Promo,SWSHP
Embrochet,SWSH093/307,Promo,SWSHP
Voltali,SWSH094/307,Promo,SWSHP
Évoli,SWSH095/307,Promo,SWSHP
Lanssorien V,SWSH096/307,Promo,SWSHP
Lanssorien VMAX,SWSH097/307,Promo,SWSHP
Nostenfer V,SWSH098/307,Promo,SWSHP
Nostenfer VMAX,SWSH099/307,Promo,SWSHP
Florizarre V,SWSH100/307,Promo,SWSHP
Tortank V,SWSH101/307,Promo,SWSHP
Florizarre VMAX,SWSH102/307,Promo,SWSHP
Tortank VMAX,SWSH103/307,Promo,SWSHP
Victini V,SWSH104/307,Promo,SWSHP
Gardevoir V,SWSH105/307,Promo,SWSHP
Shifours Poing Final V,SWSH106/307,Promo,SWSHP
Shifours Mille Poings V,SWSH107/307,Promo,SWSHP
Pingoléon V,SWSH108/307,Promo,SWSHP
Tyranocif V,SWSH109/307,Promo,SWSHP
Nostenfer V,SWSH110/307,Promo,SWSHP
Galopa de Galar V,SWSH111/307,Promo,SWSHP
Pyrobut,SWSH112/307,Promo,SWSHP
Lézargus,SWSH113/307,Promo,SWSHP
Cresselia,SWSH114/307,Promo,SWSHP
Quartermac,SWSH115/307,Promo,SWSHP
Morpeko,SWSH116/307,Promo,SWSHP
Phanpy,SWSH117/307,Promo,SWSHP
Évoli,SWSH118/307,Promo,SWSHP
Ronflex,SWSH119/307,Promo,SWSHP
Rosemary,SWSH120/307,Promo,SWSHP
Rosemary,SWSH121/307,Promo,SWSHP
Lainergie,SWSH122/307,Promo,SWSHP
Artikodin de Galar,SWSH123/307,Promo,SWSHP
Électhor de Galar,SWSH124/307,Promo,SWSHP
Sulfura de Galar,SWSH125/307,Promo,SWSHP
Ramoloss de Galar,SWSH126/307,Promo,SWSHP
Évoli,SWSH127/307,Promo,SWSHP
Bekaglaçon,SWSH128/307,Promo,SWSHP
Noctali,SWSH129/307,Promo,SWSHP
Sylveroy Cavalier du Froid V,SWSH130/307,Promo,SWSHP
Sylveroy Cavalier d'Effroi V,SWSH131/307,Promo,SWSHP
Lanssorien,SWSH132/307,Promo,SWSHP
Dracaufeu V de Peter,SWSH133/307,Promo,SWSHP
Nymphali obscur V,SWSH134/307,Promo,SWSHP
Zacian,SWSH135/307,Promo,SWSHP
Mimiqui,SWSH136/307,Promo,SWSHP
Salarsen lumineux,SWSH137/307,Promo,SWSHP
Trioxhydre C,SWSH138/307,Promo,SWSHP
Pikachu V-UNION,SWSH139/307,Promo,SWSHP
Pikachu V-UNION,SWSH140/307,Promo,SWSHP
Pikachu V-UNION,SWSH141/307,Promo,SWSHP
Pikachu V-UNION,SWSH142/307,Promo,SWSHP
Pikachu V,SWSH143/307,Promo,SWSHP
Amphinobi ☆,SWSH144/307,Promo,SWSHP
Pikachu V,SWSH145/307,Promo,SWSHP
Poké Ball,SWSH146/307,Promo,SWSHP
Rayquaza V,SWSH147/307,Promo,SWSHP
Bruyverne V,SWSH148/307,Promo,SWSHP
Pyroli V,SWSH149/307,Promo,SWSHP
Aquali V,SWSH150/307,Promo,SWSHP
Voltali V,SWSH151/307,Promo,SWSHP
Recherches Professorales,SWSH152/307,Promo,SWSHP
Pikachu,SWSH153/307,Promo,SWSHP
Dracolosse V,SWSH154/307,Promo,SWSHP
Amphinobi V-UNION,SWSH155/307,Promo,SWSHP
Amphinobi V-UNION,SWSH156/307,Promo,SWSHP
Amphinobi V-UNION,SWSH157/307,Promo,SWSHP
Amphinobi V-UNION,SWSH158/307,Promo,SWSHP
Mewtwo V-UNION,SWSH159/307,Promo,SWSHP
Mewtwo V-UNION,SWSH160/307,Promo,SWSHP
Mewtwo V-UNION,SWSH161/307,Promo,SWSHP
Mewtwo V-UNION,SWSH162/307,Promo,SWSHP
Zacian V-UNION,SWSH163/307,Promo,SWSHP
Zacian V-UNION,SWSH164/307,Promo,SWSHP
Zacian V-UNION,SWSH165/307,Promo,SWSHP
Zacian V-UNION,SWSH166/307,Promo,SWSHP
Professeure Pimprenelle,SWSH167/307,Promo,SWSHP
Plumeline,SWSH168/307,Promo,SWSHP
Concombaffe,SWSH169/307,Promo,SWSHP
Deoxys,SWSH170/307,Promo,SWSHP
Latias,SWSH171/307,Promo,SWSHP
Gruikui,SWSH172/307,Promo,SWSHP
Zébibron,SWSH173/307,Promo,SWSHP
Mentali,SWSH174/307,Promo,SWSHP
Évoli,SWSH175/307,Promo,SWSHP
Hoopa V,SWSH176/307,Promo,SWSHP
Special Delivery Bidoof,SWSH177/307,Promo,SWSHP
Recherches Professorales,SWSH178/307,Promo,SWSHP
Pyroli V,SWSH179/307,Promo,SWSHP
Pyroli VMAX,SWSH180/307,Promo,SWSHP
Aquali V,SWSH181/307,Promo,SWSHP
Aquali VMAX,SWSH182/307,Promo,SWSHP
Voltali V,SWSH183/307,Promo,SWSHP
Voltali VMAX,SWSH184/307,Promo,SWSHP
Sulfura,SWSH185/307,Promo,SWSHP
Lucario,SWSH186/307,Promo,SWSHP
Léopardus,SWSH187/307,Promo,SWSHP
Castorno,SWSH188/307,Promo,SWSHP
Pomdrapi,SWSH189/307,Promo,SWSHP
Évoli,SWSH190/307,Promo,SWSHP
Phyllali,SWSH191/307,Promo,SWSHP
Givrali,SWSH192/307,Promo,SWSHP
Ixon de Galar,SWSH193/307,Promo,SWSHP
Phyllali V,SWSH194/307,Promo,SWSHP
Phyllali VSTAR,SWSH195/307,Promo,SWSHP
Givrali V,SWSH196/307,Promo,SWSHP
Givrali VSTAR,SWSH197/307,Promo,SWSHP
Pikachu V,SWSH198/307,Promo,SWSHP
Lougaroc V,SWSH199/307,Promo,SWSHP
Corvaillus V,SWSH200/307,Promo,SWSHP
Mentali V,SWSH201/307,Promo,SWSHP
Nymphali V,SWSH202/307,Promo,SWSHP
Noctali V,SWSH203/307,Promo,SWSHP
Arceus V,SWSH204/307,Promo,SWSHP
Paragruel de Hisui,SWSH205/307,Promo,SWSHP
Cerbyllin,SWSH206/307,Promo,SWSHP
Clamiral de Hisui,SWSH207/307,Promo,SWSHP
Magnézone,SWSH208/307,Promo,SWSHP
Toxizap,SWSH209/307,Promo,SWSHP
Plumeline,SWSH210/307,Promo,SWSHP
Nymphali,SWSH211/307,Promo,SWSHP
Évoli,SWSH212/307,Promo,SWSHP
Lucario V,SWSH213/307,Promo,SWSHP
Lucario VSTAR,SWSH214/307,Promo,SWSHP
Morpeko V-UNION,SWSH215/307,Promo,SWSHP
Morpeko V-UNION,SWSH216/307,Promo,SWSHP
Morpeko V-UNION,SWSH217/307,Promo,SWSHP
Morpeko V-UNION,SWSH218/307,Promo,SWSHP
Fulgudog V,SWSH219/307,Promo,SWSHP
Brindibou,SWSH220/307,Promo,SWSHP
Héricendre,SWSH221/307,Promo,SWSHP
Moustillon,SWSH222/307,Promo,SWSHP
Mewtwo V,SWSH223/307,Promo,SWSHP
Melmetal V,SWSH224/307,Promo,SWSHP
Noadkoko d'Alola V,SWSH225/307,Promo,SWSHP
Capitaine d'équipe Spark,SWSH226/307,Promo,SWSHP
Capitaine d'équipe Blanche,SWSH227/307,Promo,SWSHP
Capitaine d'équipe Candela,SWSH228/307,Promo,SWSHP
Mewtwo V,SWSH229/307,Promo,SWSHP
Évoli Radieux,SWSH230/307,Promo,SWSHP
Bulbizarre,SWSH231/307,Promo,SWSHP
Salamèche,SWSH232/307,Promo,SWSHP
Carapuce,SWSH233/307,Promo,SWSHP
Pikachu,SWSH234/307,Promo,SWSHP
Dracolosse V,SWSH235/307,Promo,SWSHP
Dracolosse VSTAR,SWSH236/307,Promo,SWSHP
Typhlosion de Hisui V,SWSH237/307,Promo,SWSHP
Archéduc de Hisui V,SWSH238/307,Promo,SWSHP
Clamiral de Hisui V,SWSH239/307,Promo,SWSHP
Écayon,SWSH240/307,Promo,SWSHP
Ectoplasma,SWSH241/307,Promo,SWSHP
Guérilande,SWSH242/307,Promo,SWSHP
Mackogneur,SWSH243/307,Promo,SWSHP
Flambino,SWSH244/307,Promo,SWSHP
Cradopaud,SWSH245/307,Promo,SWSHP
Dimoret,SWSH246/307,Promo,SWSHP
Regigigas,SWSH247/307,Promo,SWSHP
Hachécateur V,SWSH248/307,Promo,SWSHP
Hachécateur VSTAR,SWSH249/307,Promo,SWSHP
Luminéon V,SWSH250/307,Promo,SWSHP
Ordres du Boss,SWSH251/307,Promo,SWSHP
Simiabraz V,SWSH252/307,Promo,SWSHP
Palkia Originel V,SWSH253/307,Promo,SWSHP
Palkia Originel VSTAR,SWSH254/307,Promo,SWSHP
Dialga Originel V,SWSH255/307,Promo,SWSHP
Dialga Originel VSTAR,SWSH256/307,Promo,SWSHP
Motisma V,SWSH257/307,Promo,SWSHP
Gallame V,SWSH258/307,Promo,SWSHP
Giratina V,SWSH259/307,Promo,SWSHP
Dracaufeu V,SWSH260/307,Promo,SWSHP
Dracaufeu VMAX,SWSH261/307,Promo,SWSHP
Dracaufeu VSTAR,SWSH262/307,Promo,SWSHP
Zeraora V,SWSH263/307,Promo,SWSHP
Zeraora VMAX,SWSH264/307,Promo,SWSHP
Zeraora VSTAR,SWSH265/307,Promo,SWSHP
Deoxys V,SWSH266/307,Promo,SWSHP
Deoxys VMAX,SWSH267/307,Promo,SWSHP
Deoxys VSTAR,SWSH268/307,Promo,SWSHP
Héliatronc,SWSH269/307,Promo,SWSHP
Galopa,SWSH270/307,Promo,SWSHP
Kirlia,SWSH271/307,Promo,SWSHP
Aéroptéryx,SWSH272/307,Promo,SWSHP
Bargantua de Hisui,SWSH273/307,Promo,SWSHP
Kranidos,SWSH274/307,Promo,SWSHP
Manaphy,SWSH275/307,Promo,SWSHP
Togetic,SWSH276/307,Promo,SWSHP
Gorythmic,SWSH277/307,Promo,SWSHP
Pyrobut,SWSH278/307,Promo,SWSHP
Lézargus,SWSH279/307,Promo,SWSHP
Regieleki V,SWSH280/307,Promo,SWSHP
Regidrago V,SWSH281/307,Promo,SWSHP
Artikodin de Galar,SWSH282/307,Promo,SWSHP
Électhor de Galar,SWSH283/307,Promo,SWSHP
Sulfura de Galar,SWSH284/307,Promo,SWSHP
Pikachu V,SWSH285/307,Promo,SWSHP
Pikachu VMAX,SWSH286/307,Promo,SWSHP
Morpeko V-UNION,SWSH287/307,Promo,SWSHP
Morpeko V-UNION,SWSH288/307,Promo,SWSHP
Morpeko V-UNION,SWSH289/307,Promo,SWSHP
Morpeko V-UNION,SWSH290/307,Promo,SWSHP
Lucario VSTAR,SWSH291/307,Promo,SWSHP
Zacian V,SWSH292/307,Promo,SWSHP
Zamazenta V,SWSH293/307,Promo,SWSHP
Électrode de Hisui V,SWSH294/307,Promo,SWSHP
Viridium V,SWSH295/307,Promo,SWSHP
Festival des Champions,SWSH296/307,Promo,SWSHP
Zoroark de Hisui V,SWSH297/307,Promo,SWSHP
Zoroark de Hisui VSTAR,SWSH298/307,Promo,SWSHP
Sophora,SWSH302/307,Promo,SWSHP
Bulbasaur,SWSH303/307,Promo,SWSHP
Arcanine,SWSH304/307,Promo,SWSHP
Greninja,SWSH305/307,Promo,SWSHP
Arceus V,SWSH306/307,Promo,SWSHP
Arceus VSTAR,SWSH307/307,Promo,SWSHP
Aspicot,1/185,Common,VIV
Coconfort,2/185,Uncommon,VIV
Dardargnan,3/185,Rare,VIV
Noeunoeuf,4/185,Common,VIV
Noadkoko,5/185,Rare,VIV
Yanma,6/185,Common,VIV
Yanmega,7/185,Rare,VIV
Pomdepik,8/185,Common,VIV
Celebi,9/185,Amazing Rare,VIV
Grainipiot,10/185,Common,VIV
Pifeuil,11/185,Uncommon,VIV
Tengalice,12/185,Rare,VIV
Ningale,13/185,Common,VIV
Ninjask,14/185,Rare,VIV
Shaymin,15/185,Rare Holo,VIV
Genesect,16/185,Rare Holo,VIV
Cabriolaine,17/185,Common,VIV
Chevroum,18/185,Uncommon,VIV
Sinistrail,19/185,Uncommon,VIV
Astronelle V,20/185,Rare Holo V,VIV
Astronelle VMAX,21/185,Rare Holo VMAX,VIV
Zarude V,22/185,Rare Holo V,VIV
Salamèche,23/185,Common,VIV
Reptincel,24/185,Uncommon,VIV
Dracaufeu,25/185,Rare,VIV
Pyroli,26/185,Rare,VIV
Limagma,27/185,Common,VIV
Volcaropod,28/185,Uncommon,VIV
Flambusard V,29/185,Rare Holo V,VIV
Aquali,30/185,Rare,VIV
Wailmer,31/185,Common,VIV
Wailord,32/185,Rare Holo,VIV
Moustillon,33/185,Common,VIV
Mateloutre,34/185,Uncommon,VIV
Clamiral,35/185,Rare,VIV
Darumacho de Galar V,36/185,Rare Holo V,VIV
Darumacho de Galar VMAX,37/185,Rare Holo VMAX,VIV
Khélocrok,38/185,Common,VIV
Torgamord,39/185,Rare,VIV
Nigosier,40/185,Uncommon,VIV
Embrochet,41/185,Common,VIV
Hastacuda,42/185,Rare,VIV
Pikachu V,43/185,Rare Holo V,VIV
Pikachu VMAX,44/185,Rare Holo VMAX,VIV
Voltorbe,45/185,Common,VIV
Électrode,46/185,Rare Holo,VIV
Voltali,47/185,Rare,VIV
Électhor,48/185,Rare Holo,VIV
Pharamp V,49/185,Rare Holo V,VIV
Raikou,50/185,Amazing Rare,VIV
Dynavolt,51/185,Common,VIV
Élecsprint,52/185,Rare,VIV
Zébibron,53/185,Common,VIV
Zéblitz,54/185,Uncommon,VIV
Statitik,55/185,Common,VIV
Mygavolt,56/185,Uncommon,VIV
Anchwatt,57/185,Common,VIV
Lampéroie,58/185,Uncommon,VIV
Ohmassacre,59/185,Rare,VIV
Zekrom,60/185,Rare Holo,VIV
Zeraora,61/185,Rare Holo,VIV
Wattapik,62/185,Uncommon,VIV
Mélofée,63/185,Common,VIV
Mélodelfe,64/185,Rare,VIV
Girafarig,65/185,Uncommon,VIV
Munja,66/185,Rare,VIV
Polichombr,67/185,Common,VIV
Branette,68/185,Rare,VIV
Skelénox,69/185,Common,VIV
Téraclope,70/185,Uncommon,VIV
Noctunoir,71/185,Rare Holo,VIV
Éoko,72/185,Common,VIV
Chovsourir,73/185,Common,VIV
Rhinolove,74/185,Uncommon,VIV
Doudouvet,75/185,Common,VIV
Farfaduvet,76/185,Rare,VIV
Dedenne,77/185,Common,VIV
Xerneas,78/185,Rare Holo,VIV
Diancie,79/185,Rare Holo,VIV
Crèmy,80/185,Common,VIV
Charmilly,81/185,Rare,VIV
Zacian,82/185,Amazing Rare,VIV
Axoloto,83/185,Common,VIV
Maraiste,84/185,Rare,VIV
Caratroc,85/185,Uncommon,VIV
Phanpy,86/185,Common,VIV
Donphan,87/185,Rare,VIV
Kapoera,88/185,Uncommon,VIV
Regirock,89/185,Rare Holo,VIV
Riolu,90/185,Common,VIV
Rototaupe,91/185,Common,VIV
Terrakium,92/185,Rare,VIV
Zygarde,93/185,Rare Holo,VIV
Rocabot,94/185,Common,VIV
Lougaroc,95/185,Rare,VIV
Tiboudet,96/185,Common,VIV
Bourrinos,97/185,Rare,VIV
Monthracite V,98/185,Rare Holo V,VIV
Monthracite VMAX,99/185,Rare Holo VMAX,VIV
Poulpaf,100/185,Common,VIV
Krakos,101/185,Rare,VIV
Zamazenta,102/185,Amazing Rare,VIV
Medhyèna,103/185,Common,VIV
Grahyèna,104/185,Uncommon,VIV
Ténéfix,105/185,Uncommon,VIV
Drascore V,106/185,Rare Holo V,VIV
Mascaïman,107/185,Common,VIV
Escroco,108/185,Uncommon,VIV
Crocorible,109/185,Rare,VIV
Miamiasme,110/185,Common,VIV
Miasmax,111/185,Rare,VIV
Miaouss de Galar,112/185,Common,VIV
Berserkatt de Galar,113/185,Rare,VIV
Foretress,114/185,Rare,VIV
Steelix V,115/185,Rare Holo V,VIV
Terhal,116/185,Common,VIV
Métang,117/185,Uncommon,VIV
Métalosse,118/185,Rare,VIV
Jirachi,119/185,Amazing Rare,VIV
Lucario,120/185,Rare,VIV
Dialga,121/185,Rare Holo,VIV
Minotaupe,122/185,Uncommon,VIV
Grindur,123/185,Common,VIV
Noacier,124/185,Uncommon,VIV
Limonde de Galar,125/185,Uncommon,VIV
Exagide V,126/185,Rare Holo V,VIV
Exagide VMAX,127/185,Rare Holo VMAX,VIV
Magearna,128/185,Rare Holo,VIV
Duralugon,129/185,Rare Holo,VIV
Évoli,130/185,Common,VIV
Ronflex,131/185,Rare Holo,VIV
Lugia,132/185,Rare Holo,VIV
Nirondelle,133/185,Common,VIV
Hélédelle,134/185,Uncommon,VIV
Chuchmur,135/185,Common,VIV
Ramboum,136/185,Uncommon,VIV
Brouhabam,137/185,Rare,VIV
Rayquaza,138/185,Amazing Rare,VIV
Pijako,139/185,Common,VIV
Togekiss V,140/185,Rare Holo V,VIV
Togekiss VMAX,141/185,Rare Holo VMAX,VIV
Boréas,142/185,Rare Holo,VIV
Picassaut,143/185,Common,VIV
Piclairon,144/185,Uncommon,VIV
Bazoucan,145/185,Rare,VIV
Alistair,146/185,Uncommon,VIV
Faïza,147/185,Uncommon,VIV
Canon,148/185,Uncommon,VIV
Alba Minçalor,149/185,Uncommon,VIV
Thermes de Ludester,150/185,Uncommon,VIV
Motisma Drone,151/185,Uncommon,VIV
Médaille du Héros,152/185,Uncommon,VIV
Employés de la Ligue,153/185,Uncommon,VIV
Tarak,154/185,Rare Holo,VIV
Capsule Mémoire,155/185,Uncommon,VIV
Fromage Meumeu,156/185,Uncommon,VIV
Donna,157/185,Uncommon,VIV
Sally,158/185,Uncommon,VIV
Casque Brut,159/185,Uncommon,VIV
Viseur Téléscopique,160/185,Uncommon,VIV
Stade de Winscor,161/185,Uncommon,VIV
Énergie Grass Arôme,162/185,Uncommon,VIV
Énergie Metal Revêtement,163/185,Uncommon,VIV
Énergie Fighting Pierre,164/185,Uncommon,VIV
Énergie Water Lavage,165/185,Uncommon,VIV
Astronelle V,166/185,Rare Ultra,VIV
Zarude V,167/185,Rare Ultra,VIV
Flambusard V,168/185,Rare Ultra,VIV
Darumacho de Galar V,169/185,Rare Ultra,VIV
Pikachu V,170/185,Rare Ultra,VIV
Pharamp V,171/185,Rare Ultra,VIV
Alakazam V,172/185,Rare Ultra,VIV
Monthracite V,173/185,Rare Ultra,VIV
Palarticho de Galar V,174/185,Rare Ultra,VIV
Drascore V,175/185,Rare Ultra,VIV
Steelix V,176/185,Rare Ultra,VIV
Exagide V,177/185,Rare Ultra,VIV
Togekiss V,178/185,Rare Ultra,VIV
Alistair,179/185,Rare Ultra,VIV
Faïza,180/185,Rare Ultra,VIV
Canon,181/185,Rare Ultra,VIV
Tarak,182/185,Rare Ultra,VIV
Donna,183/185,Rare Ultra,VIV
Sally,184/185,Rare Ultra,VIV
Dame du Centre Pokémon,185/185,Rare Ultra,VIV
Astronelle VMAX,186/185,Rare Rainbow,VIV
Darumacho de Galar VMAX,187/185,Rare Rainbow,VIV
Pikachu VMAX,188/185,Rare Rainbow,VIV
Monthracite VMAX,189/185,Rare Rainbow,VIV
Exagide VMAX,190/185,Rare Rainbow,VIV
Togekiss VMAX,191/185,Rare Rainbow,VIV
Alistair,192/185,Rare Rainbow,VIV
Faïza,193/185,Rare Rainbow,VIV
Canon,194/185,Rare Rainbow,VIV
Tarak,195/185,Rare Rainbow,VIV
Donna,196/185,Rare Rainbow,VIV
Sally,197/185,Rare Rainbow,VIV
Ixon de Galar,198/185,Rare Secret,VIV
Gouroutan,199/185,Rare Secret,VIV
Cape d'Endurance,200/185,Rare Secret,VIV
Médaille du Héros,201/185,Rare Secret,VIV
Capsule Mémoire,202/185,Rare Secret,VIV
Viseur Téléscopique,203/185,Rare Secret,VIV
Mystherbe,1/98,Common,AOR
Ortide,2/98,Uncommon,AOR
Rafflesia,3/98,Rare,AOR
Joliflor,4/98,Uncommon,AOR
Mimigal,5/98,Common,AOR
Migalos,6/98,Uncommon,AOR
Jungko EX,7/98,Rare Holo EX,AOR
M-Jungko EX,8/98,Rare Holo EX,AOR
Apitrini,9/98,Common,AOR
Apireine,10/98,Uncommon,AOR
Apireine,11/98,Rare,AOR
Viridium,12/98,Rare Holo,AOR
Pyroli,13/98,Uncommon,AOR
Entei,14/98,Rare,AOR
Entei,15/98,Rare Holo,AOR
Pyronille,16/98,Common,AOR
Pyrax,17/98,Rare Holo,AOR
Pyrax,18/98,Rare,AOR
Magicarpe,19/98,Common,AOR
Léviator,20/98,Rare,AOR
Léviator,21/98,Rare Holo,AOR
Aquali,22/98,Uncommon,AOR
Relicanth,23/98,Common,AOR
Regice,24/98,Rare,AOR
Kyurem EX,25/98,Rare Holo EX,AOR
Voltali,26/98,Rare Holo,AOR
Pharamp EX,27/98,Rare Holo EX,AOR
M-Pharamp EX,28/98,Rare Holo EX,AOR
Motisma,29/98,Uncommon,AOR
Zarbi,30/98,Common,AOR
Balbuto,31/98,Common,AOR
Balbuto,32/98,Common,AOR
Kaorine,33/98,Rare,AOR
Gringolem,34/98,Common,AOR
Golemastoc,35/98,Rare,AOR
Hoopa EX,36/98,Rare Holo EX,AOR
Mackogneur EX,37/98,Rare Holo EX,AOR
Axoloto,38/98,Common,AOR
Maraiste,39/98,Common,AOR
Regirock,40/98,Rare,AOR
Golemastoc,41/98,Common,AOR
Tyranocif EX,42/98,Rare Holo EX,AOR
M-Tyranocif EX,43/98,Rare Holo EX,AOR
Ténéfix,44/98,Uncommon,AOR
Sepiatop,45/98,Common,AOR
Sepiatroce,46/98,Common,AOR
Terhal,47/98,Common,AOR
Métang,48/98,Uncommon,AOR
Métalosse,49/98,Rare,AOR
Métalosse,50/98,Rare,AOR
Registeel,51/98,Rare,AOR
Tarsal,52/98,Common,AOR
Kirlia,53/98,Uncommon,AOR
Gardevoir,54/98,Rare Holo,AOR
Doudouvet,55/98,Common,AOR
Farfaduvet,56/98,Uncommon,AOR
Giratina EX,57/98,Rare Holo EX,AOR
Mucuscule,58/98,Common,AOR
Colimucus,59/98,Uncommon,AOR
Muplodocus,60/98,Rare Holo,AOR
Miaouss,61/98,Common,AOR
Persian,62/98,Common,AOR
Évoli,63/98,Common,AOR
Porygon,64/98,Common,AOR
Porygon2,65/98,Uncommon,AOR
Porygon-Z,66/98,Rare,AOR
Porygon-Z,67/98,Rare Holo,AOR
Lugia EX,68/98,Rare Holo EX,AOR
Top Dresseur,69/98,Uncommon,AOR
Lien Spirituel Pharamp,70/98,Uncommon,AOR
Bras Écologique,71/98,Uncommon,AOR
Recycleur d'Énergie,72/98,Uncommon,AOR
Ville Abandonnée,73/98,Uncommon,AOR
Forêt de Plantes Géantes,74/98,Uncommon,AOR
Mystimaniac,75/98,Uncommon,AOR
Mystimaniac,75a/98,Rare Ultra,AOR
Niveau Ball,76/98,Uncommon,AOR
Casque Chance,77/98,Uncommon,AOR
Lysandre,78/98,Uncommon,AOR
Rouleau à Peinture,79/98,Uncommon,AOR
Lien Spirituel Jungko,80/98,Uncommon,AOR
Lien Spirituel Tyranocif,81/98,Uncommon,AOR
Énergie Danger,82/98,Uncommon,AOR
Énergie Flash,83/98,Uncommon,AOR
Jungko EX,84/98,Rare Ultra,AOR
M-Jungko EX,85/98,Rare Ultra,AOR
Kyurem EX,86/98,Rare Ultra,AOR
Pharamp EX,87/98,Rare Ultra,AOR
M-Pharamp EX,88/98,Rare Ultra,AOR
Hoopa EX,89/98,Rare Ultra,AOR
Mackogneur EX,90/98,Rare Ultra,AOR
Tyranocif EX,91/98,Rare Ultra,AOR
M-Tyranocif EX,92/98,Rare Ultra,AOR
Giratina EX,93/98,Rare Ultra,AOR
Lugia EX,94/98,Rare Ultra,AOR
Pierre,95/98,Rare Ultra,AOR
PrimoKyogre EX,96/98,Rare Secret,AOR
Primo-Groudon EX,97/98,Rare Secret,AOR
M-Rayquaza EX,98/98,Rare Secret,AOR
Récupération d'Énergie,99/98,Rare Secret,AOR
Courrier du Dresseur,100/98,Rare Secret,AOR
Germignon,1/122,Common,BKP
Macronium,2/122,Uncommon,BKP
Méganium,3/122,Rare Holo,BKP
Grainipiot,4/122,Common,BKP
Crikzik,5/122,Common,BKP
Mélokrik,6/122,Uncommon,BKP
Chlorobule,7/122,Common,BKP
Fragilady,8/122,Rare,BKP
Fermite,9/122,Uncommon,BKP
Caninos,10/122,Common,BKP
Arcanin,11/122,Uncommon,BKP
Chamallot,12/122,Common,BKP
Camérupt,13/122,Rare,BKP
Roitiflam EX,14/122,Rare Holo EX,BKP
Aflamanoir,15/122,Uncommon,BKP
Psykokwak,16/122,Common,BKP
Akwakwak,17/122,Rare,BKP
Akwakwak TURBO,18/122,Rare BREAK,BKP
Ramoloss,19/122,Common,BKP
Flagadoss,20/122,Uncommon,BKP
Roigada,21/122,Rare Holo,BKP
Kokiyas,22/122,Common,BKP
Kokiyas,23/122,Common,BKP
Crustabri,24/122,Uncommon,BKP
Stari,25/122,Common,BKP
Léviator EX,26/122,Rare Holo EX,BKP
M-Léviator EX,27/122,Rare Holo EX,BKP
Lokhlass,28/122,Uncommon,BKP
Corayon,29/122,Common,BKP
Suicune,30/122,Rare Holo,BKP
Palkia EX,31/122,Rare Holo EX,BKP
Manaphy EX,32/122,Rare Holo EX,BKP
Tritonde,33/122,Common,BKP
Batracné,34/122,Uncommon,BKP
Crapustule,35/122,Rare,BKP
Couaneton,36/122,Common,BKP
Lakmécygne,37/122,Uncommon,BKP
Grenousse,38/122,Common,BKP
Croâporal,39/122,Uncommon,BKP
Amphinobi,40/122,Rare,BKP
Amphinobi TURBO,41/122,Rare BREAK,BKP
Élektek,42/122,Common,BKP
Élekable,43/122,Uncommon,BKP
Lixy,44/122,Common,BKP
Luxio,45/122,Uncommon,BKP
Luxray,46/122,Rare,BKP
Luxray TURBO,47/122,Rare BREAK,BKP
Zébibron,48/122,Common,BKP
Zéblitz,49/122,Rare,BKP
Soporifik,50/122,Common,BKP
Hypnomade,51/122,Rare,BKP
Mentali EX,52/122,Rare Holo EX,BKP
Rapion,53/122,Common,BKP
Drascore,54/122,Rare,BKP
Cryptéro,55/122,Uncommon,BKP
Miamiasme,56/122,Common,BKP
Miasmax,57/122,Rare Holo,BKP
Psystigri,58/122,Common,BKP
Mistigrix,59/122,Rare,BKP
Monorpale,60/122,Common,BKP
Dimoclès,61/122,Uncommon,BKP
Exagide,62/122,Rare Holo,BKP
Venalgue,63/122,Common,BKP
Brocélôme,64/122,Common,BKP
Desséliande,65/122,Rare,BKP
Desséliande TURBO,66/122,Rare BREAK,BKP
Simularbre,67/122,Uncommon,BKP
Griknot,68/122,Common,BKP
Carmache,69/122,Uncommon,BKP
Carchacrok,70/122,Rare Holo,BKP
Pandespiègle,71/122,Common,BKP
Pifeuil,72/122,Uncommon,BKP
Tengalice,73/122,Rare,BKP
Darkrai EX,74/122,Rare Holo EX,BKP
Pandarbare,75/122,Rare,BKP
Cizayox EX,76/122,Rare Holo EX,BKP
M-Cizayox EX,77/122,Rare Holo EX,BKP
Mysdibule,78/122,Uncommon,BKP
Grindur,79/122,Common,BKP
Noacier,80/122,Rare,BKP
Mélofée,81/122,Common,BKP
Mélodelfe,82/122,Rare,BKP
Togekiss EX,83/122,Rare Holo EX,BKP
Fluvetin,84/122,Common,BKP
Cocotine,85/122,Uncommon,BKP
Kravarech,86/122,Rare Holo,BKP
Rattata,87/122,Common,BKP
Rattatac,88/122,Rare,BKP
Rattatac TURBO,89/122,Rare BREAK,BKP
Insolourdo,90/122,Uncommon,BKP
Cerfrousse,91/122,Uncommon,BKP
Ho-Oh EX,92/122,Rare Holo EX,BKP
Chaglam,93/122,Common,BKP
Chaffreux,94/122,Uncommon,BKP
Couafarel,95/122,Common,BKP
Célébration Nocturne,96/122,Uncommon,BKP
Ballon Explosif,97/122,Uncommon,BKP
Terreur,98/122,Uncommon,BKP
Terreur,98a/122,Uncommon,BKP
Terreur,98b/122,Rare Ultra,BKP
Ceinture Furie Combative,99/122,Uncommon,BKP
Super Ball,100/122,Uncommon,BKP
Lien Spirituel Léviator,101/122,Uncommon,BKP
Max Élixir,102/122,Uncommon,BKP
Potion Max,103/122,Uncommon,BKP
Détermination d'Ondine,104/122,Uncommon,BKP
Attrape-Pokémon,105/122,Uncommon,BKP
Potion,106/122,Uncommon,BKP
Professeur Platane,107/122,Uncommon,BKP
Professeur Platane,107a/122,Uncommon,BKP
Troisième Œil du Kinésiste,108/122,Uncommon,BKP
Énigme du Temps,109/122,Uncommon,BKP
Vallée Inverse,110/122,Uncommon,BKP
Lien Spirituel Cizayox,111/122,Uncommon,BKP
Tierno,112/122,Uncommon,BKP
Énergie Éclaboussure,113/122,Uncommon,BKP
Léviator EX,114/122,Rare Ultra,BKP
M-Léviator EX,115/122,Rare Ultra,BKP
Manaphy EX,116/122,Rare Ultra,BKP
Mentali EX,117/122,Rare Ultra,BKP
Darkrai EX,118/122,Rare Ultra,BKP
Cizayox EX,119/122,Rare Ultra,BKP
M-Cizayox EX,120/122,Rare Ultra,BKP
Ho-Oh EX,121/122,Rare Ultra,BKP
Carolina,122/122,Rare Ultra,BKP
Léviator EX,123/122,Rare Secret,BKP
Paras,1/162,Common,BKT
Parasect,2/162,Rare,BKT
Scarabrute,3/162,Uncommon,BKT
Cacnea,4/162,Common,BKT
Feuillajou,5/162,Common,BKT
Feuiloutan,6/162,Rare,BKT
Marisson,7/162,Common,BKT
Marisson,8/162,Common,BKT
Marisson,9/162,Common,BKT
Boguérisse,10/162,Uncommon,BKT
Blindépique,11/162,Rare Holo,BKT
Blindépique TURBO,12/162,Rare BREAK,BKT
Lépidonille,13/162,Common,BKT
Pérégrain,14/162,Uncommon,BKT
Prismillon,15/162,Rare Holo,BKT
Cabriolaine,16/162,Common,BKT
Chevroum,17/162,Uncommon,BKT
Héricendre,18/162,Common,BKT
Feurisson,19/162,Uncommon,BKT
Typhlosion,20/162,Rare Holo,BKT
Démolosse EX,21/162,Rare Holo EX,BKT
M-Démolosse EX,22/162,Rare Holo EX,BKT
Flamajou,23/162,Common,BKT
Flamoutan,24/162,Rare,BKT
Feunnec,25/162,Common,BKT
Roussil,26/162,Uncommon,BKT
Poissirène,27/162,Common,BKT
Poissoroy,28/162,Uncommon,BKT
Stari,29/162,Common,BKT
Staross,30/162,Uncommon,BKT
Rémoraid,31/162,Common,BKT
Rémoraid,32/162,Common,BKT
Octillery,33/162,Rare Holo,BKT
Oniglali EX,34/162,Rare Holo EX,BKT
M-Oniglali EX,35/162,Rare Holo EX,BKT
Tiplouf,36/162,Common,BKT
Prinplouf,37/162,Uncommon,BKT
Pingoléon,38/162,Rare Holo,BKT
Blizzi,39/162,Common,BKT
Blizzaroi,40/162,Rare,BKT
Flotajou,41/162,Common,BKT
Flotoutan,42/162,Rare,BKT
Sorbébé,43/162,Common,BKT
Sorboul,44/162,Uncommon,BKT
Sorbouboul,45/162,Rare,BKT
Grenousse,46/162,Common,BKT
Croâporal,47/162,Uncommon,BKT
Pikachu,48/162,Common,BKT
Raichu,49/162,Rare,BKT
Raichu TURBO,50/162,Rare BREAK,BKT
Magnéti,51/162,Common,BKT
Magnéti,52/162,Common,BKT
Magnéton,53/162,Uncommon,BKT
Magnézone,54/162,Rare Holo,BKT
Raikou,55/162,Rare Holo,BKT
Limonde,56/162,Uncommon,BKT
Dedenne,57/162,Uncommon,BKT
Fantominus,58/162,Common,BKT
Spectrum,59/162,Uncommon,BKT
Ectoplasma,60/162,Rare Holo,BKT
Mewtwo EX,61/162,Rare Holo EX,BKT
Mewtwo EX,62/162,Rare Holo EX,BKT
M-Mewtwo EX,63/162,Rare Holo EX,BKT
M-Mewtwo EX,64/162,Rare Holo EX,BKT
Feuforêve,65/162,Common,BKT
Magirêve,66/162,Rare Holo,BKT
Qulbutoké,67/162,Uncommon,BKT
Tarsal,68/162,Common,BKT
Kirlia,69/162,Uncommon,BKT
Cresselia,70/162,Rare,BKT
Chovsourir,71/162,Common,BKT
Rhinolove,72/162,Uncommon,BKT
Lewsor,73/162,Common,BKT
Neitram,74/162,Uncommon,BKT
Sabelette,75/162,Common,BKT
Sablaireau,76/162,Uncommon,BKT
Osselait,77/162,Common,BKT
Ossatueur,78/162,Rare,BKT
Ossatueur TURBO,79/162,Rare BREAK,BKT
Marcacrin,80/162,Common,BKT
Cochignon,81/162,Uncommon,BKT
Mammochon,82/162,Rare Holo,BKT
Hippopotas,83/162,Common,BKT
Gallame,84/162,Rare Holo,BKT
Meloetta,85/162,Rare Holo,BKT
Pandespiègle,86/162,Common,BKT
Brutalibré,87/162,Rare,BKT
Cacturne,88/162,Uncommon,BKT
Zorua,89/162,Common,BKT
Zorua,90/162,Common,BKT
Zoroark,91/162,Rare Holo,BKT
Zoroark TURBO,92/162,Rare BREAK,BKT
Sepiatop,93/162,Common,BKT
Yveltal,94/162,Rare Holo,BKT
Archéomire,95/162,Common,BKT
Archéodong,96/162,Rare,BKT
M. Mime,97/162,Rare,BKT
Snubbull,98/162,Common,BKT
Granbull,99/162,Uncommon,BKT
Tarsal,100/162,Common,BKT
Flabébé,101/162,Common,BKT
Floette,102/162,Uncommon,BKT
Florges,103/162,Rare,BKT
Florges TURBO,104/162,Rare BREAK,BKT
Fluvetin,105/162,Common,BKT
Cocotine,106/162,Rare,BKT
Xerneas,107/162,Rare Holo,BKT
Coupenotte,108/162,Common,BKT
Coupenotte,109/162,Common,BKT
Incisache,110/162,Uncommon,BKT
Tranchodon,111/162,Rare Holo,BKT
Bruyverne,112/162,Rare,BKT
Bruyverne TURBO,113/162,Rare BREAK,BKT
Miaouss,114/162,Common,BKT
Doduo,115/162,Common,BKT
Doduo,116/162,Common,BKT
Dodrio,117/162,Rare,BKT
Ronflex,118/162,Uncommon,BKT
Hoothoot,119/162,Common,BKT
Noarfang,120/162,Rare,BKT
Teddiursa,121/162,Common,BKT
Ursaring,122/162,Uncommon,BKT
Queulorior,123/162,Rare,BKT
Tylton,124/162,Common,BKT
Étourmi,125/162,Common,BKT
Étourvol,126/162,Uncommon,BKT
Étouraptor,127/162,Rare,BKT
Pijako,128/162,Rare,BKT
Furaiglon,129/162,Common,BKT
Gueriaigle,130/162,Rare,BKT
Sonistrelle,131/162,Common,BKT
Sonistrelle,132/162,Common,BKT
Veste de Combat,133/162,Uncommon,BKT
Juliette,134/162,Uncommon,BKT
Rescousse Copain-Copain,135/162,Uncommon,BKT
Pêcheur,136/162,Uncommon,BKT
Pierrallégée,137/162,Uncommon,BKT
Combine de Giovanni,138/162,Uncommon,BKT
Lien Spirituel Oniglali,139/162,Uncommon,BKT
Masse Ball,140/162,Uncommon,BKT
Bottes Lourdes,141/162,Uncommon,BKT
Lien Spirituel Démolosse,142/162,Uncommon,BKT
Juge,143/162,Uncommon,BKT
Lien Spirituel Mewtwo,144/162,Uncommon,BKT
Cité Parallèle,145/162,Uncommon,BKT
Lettre du Professeur,146/162,Uncommon,BKT
Lettre du Professeur,146a/162,Uncommon,BKT
Billet Réservé,147/162,Uncommon,BKT
Carolina,148/162,Uncommon,BKT
Méga Canne,149/162,Uncommon,BKT
Carte,150/162,Uncommon,BKT
Énergie Combustion,151/162,Uncommon,BKT
Énergie Multicolore,152/162,Uncommon,BKT
Démolosse EX,153/162,Rare Ultra,BKT
M-Démolosse EX,154/162,Rare Ultra,BKT
Oniglali EX,155/162,Rare Ultra,BKT
M-Oniglali EX,156/162,Rare Ultra,BKT
Mewtwo EX,157/162,Rare Ultra,BKT
Mewtwo EX,158/162,Rare Ultra,BKT
M-Mewtwo EX,159/162,Rare Ultra,BKT
M-Mewtwo EX,160/162,Rare Ultra,BKT
Juliette,161/162,Rare Ultra,BKT
Combine de Giovanni,162/162,Rare Ultra,BKT
Mewtwo EX,163/162,Rare Secret,BKT
Mewtwo EX,164/162,Rare Secret,BKT
Chamallot de la Team Magma,1/34,Common,DCR
Camérupt de la Team Magma,2/34,Rare Holo,DCR
Obalie de la Team Aqua,3/34,Common,DCR
Phogleur de la Team Aqua,4/34,Common,DCR
Kaimorse de la Team Aqua,5/34,Rare Holo,DCR
Kyogre-EX de la Team Aqua,6/34,Rare Ultra,DCR
Tadmorv de la Team Aqua,7/34,Common,DCR
Grotadmorv de la Team Aqua,8/34,Rare Holo,DCR
Séviper de la Team Aqua,9/34,Common,DCR
Balbuto de la Team Magma,10/34,Common,DCR
Kaorine de la Team Magma,11/34,Rare Holo,DCR
Galekid de la Team Magma,12/34,Common,DCR
Galegon de la Team Magma,13/34,Common,DCR
Galeking de la Team Magma,14/34,Rare Holo,DCR
Groudon-EX de la Team Magma,15/34,Rare Ultra,DCR
Medhyèna de la Team Aqua,16/34,Common,DCR
Medhyèna de la Team Magma,17/34,Common,DCR
Grahyèna de la Team Aqua,18/34,Common,DCR
Grahyèna de la Team Magma,19/34,Common,DCR
Carvanha de la Team Aqua,20/34,Common,DCR
Sharpedo de la Team Aqua,21/34,Rare Holo,DCR
Mangriff de la Team Magma,22/34,Common,DCR
Diffuseur Aqua,23/34,Uncommon,DCR
Pointeur Magma,24/34,Uncommon,DCR
Admin Team Aqua,25/34,Uncommon,DCR
Sbire de la Team Aqua,26/34,Uncommon,DCR
Super Ball de la Team Aqua,27/34,Uncommon,DCR
Base Secrète de la Team Aqua,28/34,Uncommon,DCR
Admin Team Magma,29/34,Uncommon,DCR
Sbire de la Team Magma,30/34,Uncommon,DCR
Super Ball de la Team Magma,31/34,Uncommon,DCR
Base Secrète de la Team Magma,32/34,Uncommon,DCR
Double Énergie Aqua,33/34,Uncommon,DCR
Double Énergie Magma,34/34,Uncommon,DCR
Florizarre EX,1/108,Rare Holo EX,EVO
M-Florizarre EX,2/108,Rare Holo EX,EVO
Chenipan,3/108,Common,EVO
Chrysacier,4/108,Uncommon,EVO
Aspicot,5/108,Common,EVO
Coconfort,6/108,Uncommon,EVO
Dardargnan,7/108,Rare,EVO
Saquedeneu,8/108,Common,EVO
Salamèche,9/108,Common,EVO
Reptincel,10/108,Uncommon,EVO
Dracaufeu,11/108,Rare Holo,EVO
Dracaufeu EX,12/108,Rare Holo EX,EVO
M-Dracaufeu EX,13/108,Rare Holo EX,EVO
Goupix,14/108,Common,EVO
Feunard,15/108,Rare Holo,EVO
Feunard TURBO,16/108,Rare BREAK,EVO
Caninos,17/108,Common,EVO
Arcanin,18/108,Rare,EVO
Ponyta,19/108,Common,EVO
Magmar,20/108,Uncommon,EVO
Tortank EX,21/108,Rare Holo EX,EVO
M-Tortank EX,22/108,Rare Holo EX,EVO
Ptitard,23/108,Common,EVO
Têtarte,24/108,Uncommon,EVO
Tartard,25/108,Rare Holo,EVO
Flagadoss EX,26/108,Rare Holo EX,EVO
M-Flagadoss EX,27/108,Rare Holo EX,EVO
Otaria,28/108,Common,EVO
Lamantine,29/108,Rare,EVO
Stari,30/108,Common,EVO
Staross,31/108,Rare,EVO
Staross TURBO,32/108,Rare BREAK,EVO
Magicarpe,33/108,Common,EVO
Léviator,34/108,Rare Holo,EVO
Pikachu,35/108,Common,EVO
Raichu,36/108,Rare Holo,EVO
Magnéti,37/108,Common,EVO
Magnéton,38/108,Rare Holo,EVO
Voltorbe,39/108,Common,EVO
Électrode,40/108,Rare,EVO
Élektek,41/108,Common,EVO
Électhor,42/108,Rare Holo,EVO
Nidoran♂,43/108,Common,EVO
Nidorino,44/108,Uncommon,EVO
Nidoking,45/108,Rare Holo,EVO
Nidoking TURBO,46/108,Rare BREAK,EVO
Fantominus,47/108,Common,EVO
Spectrum,48/108,Uncommon,EVO
Soporifik,49/108,Common,EVO
Smogo,50/108,Uncommon,EVO
Mewtwo,51/108,Rare,EVO
Mewtwo EX,52/108,Rare Holo EX,EVO
Mew,53/108,Rare Holo,EVO
Sabelette,54/108,Common,EVO
Taupiqueur,55/108,Common,EVO
Triopikeur,56/108,Rare,EVO
Machoc,57/108,Common,EVO
Machopeur,58/108,Uncommon,EVO
Mackogneur,59/108,Rare Holo,EVO
Mackogneur TURBO,60/108,Rare BREAK,EVO
Onix,61/108,Common,EVO
Tygnon,62/108,Rare Holo,EVO
Mélofée,63/108,Rare Holo,EVO
Roucarnage EX,64/108,Rare Holo EX,EVO
M-Roucarnage EX,65/108,Rare Holo EX,EVO
Rattata,66/108,Common,EVO
Rattatac,67/108,Rare,EVO
Canarticho,68/108,Rare,EVO
Doduo,69/108,Common,EVO
Leveinard,70/108,Rare Holo,EVO
Porygon,71/108,Uncommon,EVO
Dracolosse EX,72/108,Rare Holo EX,EVO
Lien Spirituel Tortank,73/108,Uncommon,EVO
Vaillance de Pierre,74/108,Uncommon,EVO
Lien Spirituel Dracaufeu,75/108,Uncommon,EVO
Spray Dés-Évoluant,76/108,Uncommon,EVO
Récupération d'Énergie,77/108,Uncommon,EVO
Total Soin,78/108,Uncommon,EVO
Entretien,79/108,Uncommon,EVO
Détermination d'Ondine,80/108,Uncommon,EVO
Lien Spirituel Roucarnage,81/108,Uncommon,EVO
Pokédex,82/108,Uncommon,EVO
Potion,83/108,Uncommon,EVO
Indice du Prof. Chen,84/108,Uncommon,EVO
Rappel,85/108,Uncommon,EVO
Lien Spirituel Flagadoss,86/108,Uncommon,EVO
Super Potion,87/108,Uncommon,EVO
Échange,88/108,Uncommon,EVO
Lien Spirituel Florizarre,89/108,Uncommon,EVO
Double Énergie Incolore,90/108,Uncommon,EVO
Énergie Plante,91/108,Common,EVO
Énergie Feu,92/108,Common,EVO
Énergie Eau,93/108,Common,EVO
Énergie Electrik,94/108,Common,EVO
Énergie Psy,95/108,Common,EVO
Énergie Combat,96/108,Common,EVO
Énergie Obscurité,97/108,Common,EVO
Énergie Métal,98/108,Common,EVO
Énergie Fée,99/108,Common,EVO
M-Florizarre EX,100/108,Rare Ultra,EVO
M-Dracaufeu EX,101/108,Rare Ultra,EVO
M-Tortank EX,102/108,Rare Ultra,EVO
Mewtwo EX,103/108,Rare Ultra,EVO
Roucarnage EX,104/108,Rare Ultra,EVO
M-Roucarnage EX,105/108,Rare Ultra,EVO
Dracolosse EX,106/108,Rare Ultra,EVO
Vaillance de Pierre,107/108,Rare Ultra,EVO
Détermination d'Ondine,108/108,Rare Ultra,EVO
ナッシー[Noadkoko],109/108,Rare Secret,EVO
Pikachu Volant,110/108,Rare Secret,EVO
Pikachu Surfeur,111/108,Rare Secret,EVO
Doduo d'Imakuni?,112/108,Rare Secret,EVO
Et voilà la Team Rocket !,113/108,Rare Secret,EVO
Caratroc,1/124,Uncommon,FCO
Cheniti,2/124,Common,FCO
Cheniselle,3/124,Uncommon,FCO
Papilord,4/124,Rare,FCO
Vipélierre,5/124,Common,FCO
Lianaja,6/124,Uncommon,FCO
Majaspic,7/124,Rare,FCO
Vivaldaim,8/124,Common,FCO
Sulfura,9/124,Rare,FCO
Feunnec,10/124,Common,FCO
Feunnec,11/124,Common,FCO
Roussil,12/124,Uncommon,FCO
Goupelin,13/124,Rare Holo,FCO
Goupelin TURBO,14/124,Rare BREAK,FCO
Otaria,15/124,Common,FCO
Lamantine,16/124,Uncommon,FCO
Amonita,17/124,Uncommon,FCO
Amonistar,18/124,Rare,FCO
Amonistar TURBO,19/124,Rare BREAK,FCO
Givrali EX,20/124,Rare Holo EX,FCO
Kyurem Blanc,21/124,Rare Holo,FCO
Opermine,22/124,Common,FCO
Golgopathe,23/124,Rare,FCO
Motisma,24/124,Rare,FCO
Alakazam EX,25/124,Rare Holo EX,FCO
M-Alakazam EX,26/124,Rare Holo EX,FCO
Smogo,27/124,Common,FCO
Smogogo,28/124,Uncommon,FCO
Mew,29/124,Rare Holo,FCO
Spoink,30/124,Common,FCO
Groret,31/124,Rare,FCO
Scrutella,32/124,Common,FCO
Nucléos,33/124,Common,FCO
Méios,34/124,Uncommon,FCO
Symbios,35/124,Rare,FCO
Taupiqueur,36/124,Common,FCO
Ossatueur,37/124,Rare,FCO
Kabuto,38/124,Uncommon,FCO
Kabutops,39/124,Rare,FCO
Embrylex,40/124,Common,FCO
Embrylex,41/124,Common,FCO
Ymphect,42/124,Uncommon,FCO
Regirock EX,43/124,Rare Holo EX,FCO
Regirock EX,43a/124,Rare Ultra,FCO
Cheniselle,44/124,Uncommon,FCO
Riolu,45/124,Common,FCO
Riolu,46/124,Common,FCO
Lucario,47/124,Rare,FCO
Brutalibré,48/124,Uncommon,FCO
Strassie,49/124,Rare,FCO
Strassie,50/124,Common,FCO
Strassie TURBO,51/124,Rare BREAK,FCO
Zygarde,52/124,Uncommon,FCO
Zygarde,53/124,Rare,FCO
Zygarde EX,54/124,Rare Holo EX,FCO
Zygarde EX,54a/124,Rare Ultra,FCO
Noctali EX,55/124,Rare Holo EX,FCO
Tyranocif,56/124,Rare Holo,FCO
Vostourno,57/124,Common,FCO
Vaututrice,58/124,Rare,FCO
Cheniselle,59/124,Uncommon,FCO
Archéomire,60/124,Common,FCO
Archéodong,61/124,Rare,FCO
Archéodong TURBO,62/124,Rare BREAK,FCO
Lucario,63/124,Rare Holo,FCO
Genesect EX,64/124,Rare Holo EX,FCO
Rondoudou,65/124,Common,FCO
Grodoudou,66/124,Uncommon,FCO
M. Mime,67/124,Rare,FCO
Snubbull,68/124,Common,FCO
M-Altaria EX,69/124,Rare Holo EX,FCO
Doudouvet,70/124,Common,FCO
Farfaduvet,71/124,Uncommon,FCO
Diancie EX,72/124,Rare Holo EX,FCO
Hyporoi EX,73/124,Rare Holo EX,FCO
Miaouss,74/124,Common,FCO
Kangourex,75/124,Uncommon,FCO
Ptéra,76/124,Rare,FCO
Ronflex,77/124,Rare,FCO
Lugia,78/124,Rare,FCO
Lugia TURBO,79/124,Rare BREAK,FCO
Chuchmur,80/124,Common,FCO
Ramboum,81/124,Uncommon,FCO
Brouhabam,82/124,Rare,FCO
Altaria EX,83/124,Rare Holo EX,FCO
Nanméouïe EX,84/124,Rare Holo EX,FCO
M-Nanméouïe EX,85/124,Rare Holo EX,FCO
Chinchidou,86/124,Common,FCO
Chinchidou,87/124,Common,FCO
Pashmilla,88/124,Uncommon,FCO
Pashmilla,89/124,Uncommon,FCO
Lien Spirituel Alakazam,90/124,Uncommon,FCO
Lien Spirituel Altaria,91/124,Uncommon,FCO
Lien Spirituel Nanméouïe,92/124,Uncommon,FCO
Cuiller Déformée,93/124,Uncommon,FCO
Tour du Chaos,94/124,Uncommon,FCO
Spray Dés-Évoluant,95/124,Uncommon,FCO
Fossile Dôme Kabuto,96/124,Uncommon,FCO
Sacoche d'Énergie,97/124,Uncommon,FCO
Réinitialisation d'Énergie,98/124,Uncommon,FCO
Pastilles Féériques,99/124,Uncommon,FCO
Jardin des Fées,100/124,Uncommon,FCO
Kit d'Excavation de Fossiles,101/124,Uncommon,FCO
Fossile Nautile Amonita,102/124,Uncommon,FCO
Spécialité de Fillette,103/124,Uncommon,FCO
Attrape Méga,104/124,Uncommon,FCO
N,105/124,Uncommon,FCO
N,105a/124,Rare Ultra,FCO
Vieil Ambre Ptéra,106/124,Uncommon,FCO
Fan Club Pokémon,107/124,Uncommon,FCO
Puissante Mémoire,108/124,Uncommon,FCO
Récepteur Aléatoire,109/124,Uncommon,FCO
Terre Brûlée,110/124,Uncommon,FCO
Sannah,111/124,Uncommon,FCO
Sannah,111a/124,Rare Ultra,FCO
Méfaits de la Team Rocket,112/124,Uncommon,FCO
Hyper Ball,113/124,Uncommon,FCO
Double Énergie Incolore,114/124,Uncommon,FCO
Énergie Renforcée,115/124,Uncommon,FCO
Givrali EX,116/124,Rare Ultra,FCO
Alakazam EX,117/124,Rare Ultra,FCO
M-Alakazam EX,118/124,Rare Ultra,FCO
Noctali EX,119/124,Rare Ultra,FCO
Genesect EX,120/124,Rare Ultra,FCO
M-Altaria EX,121/124,Rare Ultra,FCO
Hyporoi EX,122/124,Rare Ultra,FCO
Altaria EX,123/124,Rare Ultra,FCO
Méfaits de la Team Rocket,124/124,Rare Ultra,FCO
Alakazam EX,125/124,Rare Secret,FCO
Chenipan,1/106,Common,FLF
Chrysacier,2/106,Uncommon,FLF
Papilusion,3/106,Rare,FLF
Pomdepik,4/106,Common,FLF
Grainipiot,5/106,Common,FLF
Pifeuil,6/106,Uncommon,FLF
Tengalice,7/106,Rare Holo,FLF
Rosélia,8/106,Common,FLF
Roserade,9/106,Uncommon,FLF
Maracachi,10/106,Uncommon,FLF
Dracaufeu EX,11/106,Rare Holo EX,FLF
Dracaufeu EX,12/106,Rare Holo EX,FLF
M-Dracaufeu EX,13/106,Rare Holo EX,FLF
Ponyta,14/106,Common,FLF
Galopa,15/106,Uncommon,FLF
Chartor,16/106,Uncommon,FLF
Braisillon,17/106,Uncommon,FLF
Hélionceau,18/106,Common,FLF
Hélionceau,19/106,Common,FLF
Némélios,20/106,Rare Holo,FLF
Qwilfish,21/106,Rare,FLF
Barpau,22/106,Common,FLF
Milobellus,23/106,Rare Holo,FLF
Obalie,24/106,Common,FLF
Phogleur,25/106,Uncommon,FLF
Kaimorse,26/106,Rare,FLF
Lovdisc,27/106,Uncommon,FLF
Mustébouée,28/106,Common,FLF
Mustéflott,29/106,Rare,FLF
Grelaçon,30/106,Common,FLF
Séracrawl,31/106,Uncommon,FLF
Lixy,32/106,Common,FLF
Luxio,33/106,Uncommon,FLF
Luxray,34/106,Rare,FLF
Magnézone EX,35/106,Rare Holo EX,FLF
Galvaran,36/106,Common,FLF
Iguolta,37/106,Rare,FLF
Skelénox,38/106,Common,FLF
Téraclope,39/106,Uncommon,FLF
Noctunoir,40/106,Rare Holo,FLF
Coatox EX,41/106,Rare Holo EX,FLF
Psystigri,42/106,Common,FLF
Mistigrix,43/106,Rare,FLF
Venalgue,44/106,Common,FLF
Racaillou,45/106,Common,FLF
Gravalanch,46/106,Uncommon,FLF
Grolem,47/106,Rare,FLF
Opermine,48/106,Common,FLF
Golgopathe,49/106,Rare,FLF
Farfuret,50/106,Uncommon,FLF
Farfuret,51/106,Common,FLF
Dimoret,52/106,Rare,FLF
Moufouette,53/106,Common,FLF
Moufouette,54/106,Common,FLF
Moufflair,55/106,Rare,FLF
Mascaïman,56/106,Common,FLF
Escroco,57/106,Uncommon,FLF
Baggiguane,58/106,Common,FLF
Baggaïd,59/106,Rare,FLF
Foretress,60/106,Rare,FLF
Fermite,61/106,Rare,FLF
Flabébé,62/106,Common,FLF
Flabébé,63/106,Common,FLF
Floette,64/106,Rare,FLF
Floette,65/106,Uncommon,FLF
Florges,66/106,Rare Holo,FLF
Fluvetin,67/106,Common,FLF
Strassie,68/106,Rare Holo,FLF
M-Dracaufeu EX,69/106,Rare Holo EX,FLF
Drakkarmin,70/106,Rare Holo,FLF
Kravarech,71/106,Rare,FLF
Mucuscule,72/106,Common,FLF
Colimucus,73/106,Uncommon,FLF
Muplodocus,74/106,Rare Holo,FLF
Roucool,75/106,Common,FLF
Roucoups,76/106,Uncommon,FLF
Roucarnage,77/106,Rare,FLF
Kangourex EX,78/106,Rare Holo EX,FLF
M-Kangourex EX,79/106,Rare Holo EX,FLF
Ronflex,80/106,Rare,FLF
Fouinette,81/106,Common,FLF
Fouinar,82/106,Rare,FLF
Écrémeuh,83/106,Uncommon,FLF
Laporeille,84/106,Common,FLF
Lockpin,85/106,Rare,FLF
Passerouge,86/106,Common,FLF
Couafarel,87/106,Uncommon,FLF
Forgeron,88/106,Uncommon,FLF
Forgeron,88a/106,Rare Ultra,FLF
Flambeau Incandescent,89/106,Uncommon,FLF
Lysandre,90/106,Uncommon,FLF
Tempête Magnétique,91/106,Uncommon,FLF
Registre Ami,92/106,Uncommon,FLF
Dame du Centre Pokémon,93/106,Uncommon,FLF
Fan Club Pokémon,94/106,Uncommon,FLF
Cube Protecteur,95/106,Uncommon,FLF
Cendre Sacrée,96/106,Uncommon,FLF
Mégaphone Surprise,97/106,Uncommon,FLF
Pelle Rusée,98/106,Uncommon,FLF
Hyper Ball,99/106,Uncommon,FLF
Dracaufeu EX,100/106,Rare Ultra,FLF
Magnézone EX,101/106,Rare Ultra,FLF
Coatox EX,102/106,Rare Ultra,FLF
Kangourex EX,103/106,Rare Ultra,FLF
Lysandre,104/106,Rare Ultra,FLF
Dame du Centre Pokémon,105/106,Rare Ultra,FLF
Fan Club Pokémon,106/106,Rare Ultra,FLF
M-Dracaufeu EX,107/106,Rare Secret,FLF
M-Dracaufeu EX,108/106,Rare Secret,FLF
M-Kangourex EX,109/106,Rare Secret,FLF
Chétiflor,1/111,Common,FFI
Boustiflor,2/111,Uncommon,FFI
Empiflor,3/111,Rare Holo,FFI
Scarhino EX,4/111,Rare Holo EX,FFI
M-Scarhino EX,5/111,Rare Holo EX,FFI
Balignon,6/111,Common,FFI
Phyllali,7/111,Rare,FFI
Escargaume,8/111,Common,FFI
Limaspeed,9/111,Uncommon,FFI
Magmar,10/111,Common,FFI
Maganon,11/111,Rare,FFI
Poussifeu,12/111,Common,FFI
Galifeu,13/111,Uncommon,FFI
Braségali,14/111,Rare Holo,FFI
Ptitard,15/111,Common,FFI
Têtarte,16/111,Uncommon,FFI
Tartard,17/111,Rare Holo,FFI
Tarpaud,18/111,Rare,FFI
Givrali,19/111,Rare,FFI
Crapustule EX,20/111,Rare Holo EX,FFI
Polarhume,21/111,Common,FFI
Polagriffe,22/111,Rare,FFI
Flingouste,23/111,Common,FFI
Gamblast,24/111,Rare Holo,FFI
Amagara,25/111,Uncommon,FFI
Dragmara,26/111,Rare,FFI
Pikachu,27/111,Common,FFI
Raichu,28/111,Uncommon,FFI
Élektek,29/111,Common,FFI
Élekable,30/111,Rare,FFI
Posipi,31/111,Common,FFI
Négapi,32/111,Common,FFI
Fulguris,33/111,Rare,FFI
Dedenne,34/111,Uncommon,FFI
Soporifik,35/111,Common,FFI
Hypnomade,36/111,Rare,FFI
Lippoutou,37/111,Rare,FFI
Rapion,38/111,Common,FFI
Scrutella,39/111,Common,FFI
Mesmérella,40/111,Uncommon,FFI
Sidérella,41/111,Rare,FFI
Gringolem,42/111,Common,FFI
Golemastoc,43/111,Rare,FFI
Machoc,44/111,Common,FFI
Machopeur,45/111,Uncommon,FFI
Mackogneur,46/111,Rare Holo,FFI
Kicklee,47/111,Uncommon,FFI
Tygnon,48/111,Uncommon,FFI
Kapoera,49/111,Uncommon,FFI
Chapignon,50/111,Rare,FFI
Makuhita,51/111,Common,FFI
Hariyama,52/111,Rare,FFI
Kraknoix,53/111,Common,FFI
Lucario EX,54/111,Rare Holo EX,FFI
M-Lucario EX,55/111,Rare Holo EX,FFI
M-Lucario EX,55a/111,Rare Ultra,FFI
Kungfouine,56/111,Common,FFI
Shaofouine,57/111,Uncommon,FFI
Démétéros,58/111,Rare Holo,FFI
Pandespiègle,59/111,Uncommon,FFI
Pandespiègle,60/111,Common,FFI
Ptyranidur,61/111,Uncommon,FFI
Rexillius,62/111,Rare,FFI
Brutalibré,63/111,Rare Holo,FFI
Brutalibré EX,64/111,Rare Holo EX,FFI
Drascore,65/111,Rare,FFI
Baggiguane,66/111,Common,FFI
Baggaïd,67/111,Uncommon,FFI
Pandarbare,68/111,Rare,FFI
Mélofée,69/111,Common,FFI
Mélofée,70/111,Common,FFI
Mélodelfe,71/111,Uncommon,FFI
Nymphali,72/111,Rare,FFI
Trousselin,73/111,Uncommon,FFI
Dracolosse EX,74/111,Rare Holo EX,FFI
Vibraninf,75/111,Uncommon,FFI
Libégon,76/111,Rare,FFI
Bruyverne,77/111,Rare Holo,FFI
Excelangue,78/111,Common,FFI
Coudlangue,79/111,Uncommon,FFI
Évoli,80/111,Common,FFI
Parecool,81/111,Common,FFI
Vigoroth,82/111,Uncommon,FFI
Monaflèmit,83/111,Rare Holo,FFI
Ratentif,84/111,Common,FFI
Miradar,85/111,Uncommon,FFI
Boréas,86/111,Rare,FFI
Sonistrelle,87/111,Common,FFI
Journaliste des Combats,88/111,Uncommon,FFI
Échange d'Énergie,89/111,Uncommon,FFI
Stade des Combats,90/111,Uncommon,FFI
Ceinture Force,91/111,Uncommon,FFI
Chercheur de Fossiles,92/111,Uncommon,FFI
Total Soin,93/111,Uncommon,FFI
Fossile Mâchoire,94/111,Uncommon,FFI
Cornélia,95/111,Uncommon,FFI
Entretien,96/111,Uncommon,FFI
Ring en Montagne,97/111,Uncommon,FFI
Fossile Nageoire,98/111,Uncommon,FFI
Peignoir Scintillant,99/111,Uncommon,FFI
Super Rappel,100/111,Uncommon,FFI
Collecte d'Outils,101/111,Uncommon,FFI
Centre d'Entraînement,102/111,Uncommon,FFI
Phyto-Énergie,103/111,Uncommon,FFI
Énergie Renforcée,104/111,Uncommon,FFI
Scarhino EX,105/111,Rare Ultra,FFI
Crapustule EX,106/111,Rare Ultra,FFI
Lucario EX,107/111,Rare Ultra,FFI
Dracolosse EX,108/111,Rare Ultra,FFI
Journaliste des Combats,109/111,Rare Ultra,FFI
Chercheur de Fossiles,110/111,Rare Ultra,FFI
Cornélia,111/111,Rare Ultra,FFI
M-Scarhino EX,112/111,Rare Secret,FFI
M-Lucario EX,113/111,Rare Secret,FFI
Florizarre-EX,1/83,Rare Holo EX,GEN
M-Florizarre-EX,2/83,Rare Holo EX,GEN
Chenipan,3/83,Common,GEN
Chrysacier,4/83,Uncommon,GEN
Papilusion,5/83,Rare Holo,GEN
Paras,6/83,Common,GEN
Parasect,7/83,Rare,GEN
Saquedeneu,8/83,Common,GEN
Scarabrute,9/83,Rare,GEN
Phyllali-EX,10/83,Rare Holo EX,GEN
Dracaufeu-EX,11/83,Rare Holo EX,GEN
M-Dracaufeu-EX,12/83,Rare Holo EX,GEN
Feunard-EX,13/83,Rare Holo EX,GEN
Ponyta,14/83,Common,GEN
Galopa,15/83,Rare,GEN
Magmar,16/83,Common,GEN
Tortank-EX,17/83,Rare Holo EX,GEN
M-Tortank-EX,18/83,Rare Holo EX,GEN
Kokiyas,19/83,Common,GEN
Crustabri,20/83,Uncommon,GEN
Krabby,21/83,Common,GEN
Magicarpe,22/83,Common,GEN
Léviator,23/83,Rare,GEN
Aquali-EX,24/83,Rare Holo EX,GEN
Artikodin,25/83,Rare Holo,GEN
Pikachu,26/83,Common,GEN
Raichu,27/83,Rare Holo,GEN
Voltali-EX,28/83,Rare Holo EX,GEN
Voltali-EX,28a/83,Rare Ultra,GEN
Électhor,29/83,Rare Holo,GEN
Nosferapti,30/83,Common,GEN
Nosferalto,31/83,Uncommon,GEN
Ramoloss,32/83,Common,GEN
Fantominus,33/83,Common,GEN
Spectrum,34/83,Uncommon,GEN
Ectoplasma,35/83,Rare Holo,GEN
Lippoutou,36/83,Rare,GEN
Mistigrix-EX,37/83,Rare Holo EX,GEN
Taupiqueur,38/83,Common,GEN
Triopikeur,39/83,Rare,GEN
Machoc,40/83,Common,GEN
Machopeur,41/83,Uncommon,GEN
Mackogneur,42/83,Rare Holo,GEN
Racaillou,43/83,Common,GEN
Gravalanch,44/83,Uncommon,GEN
Grolem,45/83,Rare Holo,GEN
Grolem-EX,46/83,Rare Holo EX,GEN
Kicklee,47/83,Rare,GEN
Tygnon,48/83,Rare,GEN
Rhinocorne,49/83,Common,GEN
Mélofée,50/83,Common,GEN
Mélodelfe,51/83,Uncommon,GEN
M. Mime,52/83,Uncommon,GEN
Miaouss,53/83,Common,GEN
Persian,54/83,Uncommon,GEN
Doduo,55/83,Common,GEN
Dodrio,56/83,Rare,GEN
Tauros,57/83,Rare,GEN
Ronflex,58/83,Rare,GEN
Lem,59/83,Uncommon,GEN
Maillet Écrasant,60/83,Uncommon,GEN
Échange d'Énergie,61/83,Uncommon,GEN
Évolusoda,62/83,Uncommon,GEN
Imakuni ?,63/83,Uncommon,GEN
Entretien,64/83,Uncommon,GEN
Rappel Max,65/83,Uncommon,GEN
Astera,66/83,Uncommon,GEN
Poké Ball,67/83,Uncommon,GEN
Dame du Centre Pokémon,68/83,Uncommon,GEN
Fan Club Pokémon,69/83,Uncommon,GEN
Revitalisation,70/83,Uncommon,GEN
Carton Rouge,71/83,Uncommon,GEN
Sannah,72/83,Uncommon,GEN
Sbire de la Team Flare,73/83,Uncommon,GEN
Sbire de la Team Flare,73a/83,Rare Ultra,GEN
Double Énergie Incolore,74/83,Uncommon,GEN
Énergie Grass de base,75/83,Common,GEN
Énergie Fire de base,76/83,Common,GEN
Énergie Water de base,77/83,Common,GEN
Énergie Lightning de base,78/83,Common,GEN
Énergie Psychic de base,79/83,Common,GEN
Énergie Fighting de base,80/83,Common,GEN
Énergie Darkness de base,81/83,Common,GEN
Énergie Metal de base,82/83,Common,GEN
Énergie Fairy de base,83/83,Common,GEN
Germignon,RC1/83,Common,GEN
Balignon,RC2/83,Common,GEN
Salamèche,RC3/83,Common,GEN
Reptincel,RC4/83,Common,GEN
Dracaufeu,RC5/83,Uncommon,GEN
Pyroli-EX,RC6/83,Rare Holo EX,GEN
Stalgamin,RC7/83,Common,GEN
Momartik,RC8/83,Uncommon,GEN
Raichu,RC9/83,Common,GEN
Dedenne,RC10/83,Uncommon,GEN
Qulbutoké,RC11/83,Common,GEN
Gloupti,RC12/83,Common,GEN
Jirachi,RC13/83,Uncommon,GEN
Psystigri,RC14/83,Common,GEN
Mistigrix,RC15/83,Uncommon,GEN
Yveltal,RC16/83,Uncommon,GEN
Flabébé,RC17/83,Common,GEN
Floette,RC18/83,Uncommon,GEN
Sucroquin,RC19/83,Uncommon,GEN
Cupcanaille,RC20/83,Uncommon,GEN
Nymphali-EX,RC21/83,Rare Holo EX,GEN
Diancie,RC22/83,Uncommon,GEN
Tylton,RC23/83,Common,GEN
Altaria,RC24/83,Uncommon,GEN
Passerouge,RC25/83,Common,GEN
Couronne Florale,RC26/83,Common,GEN
Timmy,RC27/83,Uncommon,GEN
Pyroli-EX,RC28/83,Rare Ultra,GEN
Pikachu,RC29/83,Rare Ultra,GEN
Gardevoir-EX,RC30/83,Rare Ultra,GEN
M-Gardevoir-EX,RC31/83,Rare Ultra,GEN
Nymphali-EX,RC32/83,Rare Ultra,GEN
Aspicot,1/39,,KSS
Feuillajou,2/39,,KSS
Marisson,3/39,,KSS
Boguérisse,4/39,,KSS
Blindépique,5/39,,KSS
Limagma,6/39,,KSS
Flamajou,7/39,,KSS
Feunnec,8/39,,KSS
Roussil,9/39,,KSS
Goupelin,10/39,,KSS
Flotajou,11/39,,KSS
Grenousse,12/39,,KSS
Croâporal,13/39,,KSS
Amphinobi,14/39,,KSS
Flingouste,15/39,,KSS
Medhyèna,16/39,,KSS
Grahyèna,17/39,,KSS
Sepiatop,18/39,,KSS
Scalpion,19/39,,KSS
Scalproie,20/39,,KSS
Monorpale,21/39,,KSS
Snubbull,22/39,,KSS
Granbull,23/39,,KSS
Sucroquin,24/39,,KSS
Canarticho,25/39,,KSS
Ronflex,26/39,,KSS
Écrémeuh,27/39,,KSS
Skitty,28/39,,KSS
Keunotor,29/39,,KSS
Sapereau,30/39,,KSS
Passerouge,31/39,,KSS
Couafarel,32/39,,KSS
Couafarel,33/39,,KSS
Maillet Écrasant,34/39,,KSS
Poké Ball,35/39,,KSS
Attrape-Pokémon,36/39,,KSS
Potion,37/39,,KSS
Échange,38/39,,KSS
Tierno,39/39,,KSS
Mimitoss,1/119,Common,PHF
Aéromite,2/119,Rare,PHF
Yanma,3/119,Common,PHF
Yanmega,4/119,Rare,PHF
Larveyette,5/119,Common,PHF
Couverdure,6/119,Uncommon,PHF
Manternel,7/119,Rare,PHF
Carabing,8/119,Common,PHF
Braisillon,9/119,Uncommon,PHF
Flambusard,10/119,Rare,PHF
Hélionceau,11/119,Common,PHF
Némélios,12/119,Rare Holo,PHF
Krabby,13/119,Common,PHF
Krabboss,14/119,Uncommon,PHF
Kaiminus,15/119,Common,PHF
Crocrodil,16/119,Uncommon,PHF
Aligatueur,17/119,Rare Holo,PHF
Écayon,18/119,Common,PHF
Luminéon,19/119,Uncommon,PHF
Viskuse,20/119,Common,PHF
Moyade,21/119,Rare,PHF
Mamanbo,22/119,Common,PHF
Élecsprint EX,23/119,Rare Holo EX,PHF
M-Élecsprint EX,24/119,Rare Holo EX,PHF
M-Élecsprint EX,24a/119,Rare Ultra,PHF
Pachirisu,25/119,Rare,PHF
Statitik,26/119,Common,PHF
Mygavolt,27/119,Rare,PHF
Galvaran,28/119,Common,PHF
Galvaran,29/119,Common,PHF
Iguolta,30/119,Rare Holo,PHF
Nosferapti,31/119,Common,PHF
Nosferalto,32/119,Uncommon,PHF
Nostenfer,33/119,Rare,PHF
Ectoplasma EX,34/119,Rare Holo EX,PHF
M-Ectoplasma EX,35/119,Rare Holo EX,PHF
Qulbutoké,36/119,Uncommon,PHF
Gloupti,37/119,Common,PHF
Avaltout,38/119,Rare,PHF
Munna,39/119,Common,PHF
Mushana,40/119,Rare,PHF
Funécire,41/119,Common,PHF
Mélancolux,42/119,Uncommon,PHF
Lugulabre,43/119,Rare Holo,PHF
Pitrouille,44/119,Common,PHF
Banshitrouye,45/119,Rare Holo,PHF
Scorplane,46/119,Common,PHF
Scorvol,47/119,Rare,PHF
Nodulithe,48/119,Common,PHF
Géolithe,49/119,Uncommon,PHF
Gigalithe,50/119,Rare Holo,PHF
Cornèbre,51/119,Common,PHF
Corboss,52/119,Rare,PHF
Medhyèna,53/119,Common,PHF
Grahyèna,54/119,Rare,PHF
Spiritomb,55/119,Rare,PHF
Chacripan,56/119,Common,PHF
Léopardus,57/119,Uncommon,PHF
Sepiatroce EX,58/119,Rare Holo EX,PHF
Airmure,59/119,Common,PHF
Archéomire,60/119,Common,PHF
Archéodong,61/119,Rare,PHF
Dialga EX,62/119,Rare Holo EX,PHF
Heatran,63/119,Rare Holo,PHF
Lançargot,64/119,Rare,PHF
Exagide EX,65/119,Rare Holo EX,PHF
Exagide EX,65a/119,Rare Ultra,PHF
Trousselin,66/119,Uncommon,PHF
Florges EX,67/119,Rare Holo EX,PHF
Sucroquin,68/119,Common,PHF
Cupcanaille,69/119,Rare Holo,PHF
Dedenne,70/119,Common,PHF
Diancie,71/119,Rare Holo,PHF
Solochi,72/119,Common,PHF
Diamat,73/119,Uncommon,PHF
Trioxhydre,74/119,Rare Holo,PHF
Mucuscule,75/119,Common,PHF
Colimucus,76/119,Uncommon,PHF
Muplodocus,77/119,Rare Holo,PHF
Piafabec,78/119,Common,PHF
Rapasdepic,79/119,Uncommon,PHF
Leveinard,80/119,Common,PHF
Leuphorie,81/119,Rare,PHF
Girafarig,82/119,Uncommon,PHF
Chuchmur,83/119,Common,PHF
Ramboum,84/119,Uncommon,PHF
Brouhabam,85/119,Rare,PHF
Regigigas,86/119,Rare Holo,PHF
Sapereau,87/119,Common,PHF
Excavarenne,88/119,Rare,PHF
Passerouge,89/119,Common,PHF
Couafarel,90/119,Uncommon,PHF
A.Z.,91/119,Uncommon,PHF
Réducteur de Combat Matos Team Flare,92/119,Uncommon,PHF
Vallée Dimensionnelle,93/119,Uncommon,PHF
Maillet Amélioré,94/119,Uncommon,PHF
Lien Spirituel Ectoplasma,95/119,Uncommon,PHF
Scrute Main,96/119,Uncommon,PHF
Casque Assourdissant Hypermatos Team Flare,97/119,Rare Holo,PHF
Filet Entravant Hypermatos Team Flare,98/119,Rare Holo,PHF
Atout de Lysandre,99/119,Uncommon,PHF
Lien Spirituel Élecsprint,100/119,Uncommon,PHF
Professeur Platane,101/119,Uncommon,PHF
Leurre Matos Team Flare,102/119,Uncommon,PHF
Rollers,103/119,Uncommon,PHF
Sannah,104/119,Uncommon,PHF
Bunker d'Acier,105/119,Uncommon,PHF
Sifflet de Rappel Matos Team Flare,106/119,Uncommon,PHF
Tierno,107/119,Uncommon,PHF
Pièce Faussée,108/119,Uncommon,PHF
Cherche VS,109/119,Uncommon,PHF
Xanthin,110/119,Uncommon,PHF
Double Énergie Incolore,111/119,Uncommon,PHF
Énergie Mystère,112/119,Uncommon,PHF
Élecsprint EX,113/119,Rare Ultra,PHF
Ectoplasma EX,114/119,Rare Ultra,PHF
Sepiatroce EX,115/119,Rare Ultra,PHF
Florges EX,116/119,Rare Ultra,PHF
A.Z.,117/119,Rare Ultra,PHF
Atout de Lysandre,118/119,Rare Ultra,PHF
Xanthin,119/119,Rare Ultra,PHF
M-Élecsprint EX,120/119,Rare Secret,PHF
M-Ectoplasma EX,121/119,Rare Secret,PHF
Dialga EX,122/119,Rare Secret,PHF
Aspicot,1/160,Common,PRC
Coconfort,2/160,Uncommon,PRC
Dardargnan,3/160,Rare,PRC
Saquedeneu,4/160,Common,PRC
Bouldeneu,5/160,Rare,PRC
Arcko,6/160,Common,PRC
Massko,7/160,Uncommon,PRC
Jungko,8/160,Rare,PRC
Jungko,9/160,Rare Holo,PRC
Nénupiot,10/160,Common,PRC
Lombre,11/160,Uncommon,PRC
Ludicolo,12/160,Rare Holo,PRC
Arakdo,13/160,Common,PRC
Maskadra,14/160,Uncommon,PRC
Balignon,15/160,Common,PRC
Chapignon,16/160,Rare,PRC
Muciole,17/160,Common,PRC
Lumivole,18/160,Common,PRC
Desséliande EX,19/160,Rare Holo EX,PRC
Goupix,20/160,Common,PRC
Feunard,21/160,Rare,PRC
Limagma,22/160,Common,PRC
Volcaropod,23/160,Uncommon,PRC
Volcaropod,24/160,Rare,PRC
Poussifeu,25/160,Common,PRC
Poussifeu,26/160,Uncommon,PRC
Galifeu,27/160,Uncommon,PRC
Braségali,28/160,Rare Holo,PRC
Camérupt EX,29/160,Rare Holo EX,PRC
Hypotrempe,30/160,Common,PRC
Hypocéan,31/160,Uncommon,PRC
Stari,32/160,Common,PRC
Gobou,33/160,Common,PRC
Flobio,34/160,Uncommon,PRC
Laggron,35/160,Rare,PRC
Laggron,36/160,Rare Holo,PRC
Ludicolo,37/160,Rare,PRC
Wailord EX,38/160,Rare Holo EX,PRC
Barloche,39/160,Common,PRC
Barbicha,40/160,Uncommon,PRC
Barbicha,41/160,Rare,PRC
Écrapince,42/160,Common,PRC
Barpau,43/160,Common,PRC
Milobellus,44/160,Rare Holo,PRC
Obalie,45/160,Common,PRC
Obalie,46/160,Common,PRC
Phogleur,47/160,Uncommon,PRC
Kaimorse,48/160,Rare,PRC
Coquiperl,49/160,Common,PRC
Serpang,50/160,Rare Holo,PRC
Rosabyss,51/160,Uncommon,PRC
Rosabyss,52/160,Rare,PRC
Kyogre,53/160,Rare,PRC
Kyogre EX,54/160,Rare Holo EX,PRC
PrimoKyogre EX,55/160,Rare Holo EX,PRC
Manaphy,56/160,Rare Holo,PRC
Loupio,57/160,Common,PRC
Lanturn,58/160,Uncommon,PRC
Dynavolt,59/160,Common,PRC
Dynavolt,60/160,Uncommon,PRC
Élecsprint,61/160,Rare Holo,PRC
Anchwatt,62/160,Common,PRC
Lampéroie,63/160,Uncommon,PRC
Lampéroie,64/160,Rare,PRC
Ohmassacre,65/160,Rare Holo,PRC
Nidoran♀,66/160,Common,PRC
Nidorina,67/160,Uncommon,PRC
Nidoqueen,68/160,Uncommon,PRC
Nidoqueen,69/160,Rare,PRC
Tentacool,70/160,Common,PRC
Tentacool,71/160,Uncommon,PRC
Tentacruel,72/160,Rare,PRC
Staross,73/160,Rare,PRC
Rhinocorne,74/160,Common,PRC
Rhinoféros,75/160,Uncommon,PRC
Rhinastoc,76/160,Rare,PRC
Rhinastoc,77/160,Rare Holo,PRC
Tarinor,78/160,Common,PRC
Méditikka,79/160,Common,PRC
Charmina,80/160,Rare Holo,PRC
Charmina,81/160,Rare,PRC
Kraknoix,82/160,Common,PRC
Solaroc,83/160,Common,PRC
Groudon,84/160,Rare,PRC
Groudon EX,85/160,Rare Holo EX,PRC
Primo-Groudon EX,86/160,Rare Holo EX,PRC
Hippopotas,87/160,Common,PRC
Hippodocus,88/160,Rare Holo,PRC
Rototaupe,89/160,Common,PRC
Excavarenne,90/160,Rare,PRC
Sharpedo EX,91/160,Rare Holo EX,PRC
Colhomard,92/160,Rare Holo,PRC
Galeking EX,93/160,Rare Holo EX,PRC
M-Galeking EX,94/160,Rare Holo EX,PRC
Tarinorme,95/160,Rare,PRC
Minotaupe,96/160,Rare,PRC
Minotaupe,97/160,Rare Holo,PRC
Monorpale,98/160,Common,PRC
Dimoclès,99/160,Uncommon,PRC
Exagide,100/160,Rare Holo,PRC
M. Mime,101/160,Uncommon,PRC
Marill,102/160,Common,PRC
Azumarill,103/160,Rare,PRC
Azumarill,104/160,Rare Holo,PRC
Gardevoir EX,105/160,Rare Holo EX,PRC
M-Gardevoir EX,106/160,Rare Holo EX,PRC
Hyporoi,107/160,Rare,PRC
Hyporoi,108/160,Rare Holo,PRC
Vibraninf,109/160,Uncommon,PRC
Libégon,110/160,Rare Holo,PRC
Zigzaton,111/160,Common,PRC
Linéon,112/160,Uncommon,PRC
Skitty,113/160,Common,PRC
Delcatty,114/160,Rare,PRC
Spinda,115/160,Common,PRC
Keunotor,116/160,Common,PRC
Keunotor,117/160,Uncommon,PRC
Castorno,118/160,Uncommon,PRC
Frison,119/160,Uncommon,PRC
Sapereau,120/160,Common,PRC
Sapereau,121/160,Uncommon,PRC
Vélo Cross,122/160,Uncommon,PRC
Lien Spirituel Galeking,123/160,Uncommon,PRC
Dernier Recours d'Arthur,124/160,Uncommon,PRC
Scuba Ball,125/160,Uncommon,PRC
Récupération d'Énergie,126/160,Uncommon,PRC
Corde Sortie,127/160,Uncommon,PRC
Multi Exp,128/160,Uncommon,PRC
Pack d'Eaux Fraîches,129/160,Uncommon,PRC
Lien Spirituel Gardevoir,130/160,Uncommon,PRC
Lien Spirituel Groudon,131/160,Uncommon,PRC
Lien Spirituel Kyogre,132/160,Uncommon,PRC
Ruse de Max,133/160,Uncommon,PRC
Observations du Professeur Seko,134/160,Uncommon,PRC
Super Bonbon,135/160,Uncommon,PRC
Bis Ball,136/160,Uncommon,PRC
Mer Agitée,137/160,Uncommon,PRC
Terre Brûlée,138/160,Uncommon,PRC
Sanctuaire des Souvenirs,139/160,Uncommon,PRC
Labo Silence,140/160,Uncommon,PRC
Senior et Junior,141/160,Uncommon,PRC
Vulné-Assurance,142/160,Uncommon,PRC
Énergie Bouclier,143/160,Uncommon,PRC
Énergie Merveille,144/160,Uncommon,PRC
Desséliande EX,145/160,Rare Ultra,PRC
Camérupt EX,146/160,Rare Ultra,PRC
Wailord EX,147/160,Rare Ultra,PRC
Kyogre EX,148/160,Rare Ultra,PRC
PrimoKyogre EX,149/160,Rare Ultra,PRC
Groudon EX,150/160,Rare Ultra,PRC
Primo-Groudon EX,151/160,Rare Ultra,PRC
Sharpedo EX,152/160,Rare Ultra,PRC
Galeking EX,153/160,Rare Ultra,PRC
M-Galeking EX,154/160,Rare Ultra,PRC
Gardevoir EX,155/160,Rare Ultra,PRC
M-Gardevoir EX,156/160,Rare Ultra,PRC
Dernier Recours d'Arthur,157/160,Rare Ultra,PRC
Ruse de Max,158/160,Rare Ultra,PRC
Observations du Professeur Seko,159/160,Rare Ultra,PRC
Senior et Junior,160/160,Rare Ultra,PRC
Scuba Ball,161/160,Rare Secret,PRC
Maillet Amélioré,162/160,Rare Secret,PRC
Échange,163/160,Rare Secret,PRC
VulnéAssurance,164/160,Rare Secret,PRC
Noeunoeuf,1/108,Common,ROS
Noadkoko,2/108,Uncommon,ROS
Chenipotte,3/108,Common,ROS
Armulys,4/108,Uncommon,ROS
Charmillon,5/108,Rare Holo,ROS
Blindalys,6/108,Common,ROS
Papinox,7/108,Uncommon,ROS
Papinox,8/108,Rare,ROS
Ningale,9/108,Common,ROS
Ninjask,10/108,Uncommon,ROS
Munja,11/108,Rare,ROS
Tropius,12/108,Uncommon,ROS
Victini,13/108,Rare,ROS
Braisillon,14/108,Uncommon,ROS
Flambusard,15/108,Rare,ROS
Artikodin,16/108,Rare,ROS
Artikodin,17/108,Rare,ROS
Goélise,18/108,Common,ROS
Bekipan,19/108,Uncommon,ROS
Pikachu,20/108,Common,ROS
Voltorbe,21/108,Common,ROS
Électrode,22/108,Uncommon,ROS
Électhor,23/108,Rare,ROS
Dynavolt,24/108,Common,ROS
Élecsprint,25/108,Uncommon,ROS
Fulguris EX,26/108,Rare Holo EX,ROS
Natu,27/108,Common,ROS
Natu,28/108,Common,ROS
Xatu,29/108,Rare,ROS
Polichombr,30/108,Common,ROS
Branette,31/108,Rare,ROS
Branette,32/108,Rare,ROS
Deoxys,33/108,Rare Holo,ROS
Gallame EX,34/108,Rare Holo EX,ROS
M-Gallame EX,35/108,Rare Holo EX,ROS
Scorplane,36/108,Common,ROS
Scorvol,37/108,Uncommon,ROS
Opermine,38/108,Common,ROS
Brutalibré,39/108,Common,ROS
Absol,40/108,Rare Holo,ROS
Sepiatop,41/108,Common,ROS
Jirachi,42/108,Rare Holo,ROS
Togepi,43/108,Common,ROS
Togetic,44/108,Uncommon,ROS
Togekiss,45/108,Rare,ROS
Togekiss,46/108,Rare Holo,ROS
Strassie,47/108,Rare,ROS
Trousselin,48/108,Rare,ROS
Minidraco,49/108,Common,ROS
Draco,50/108,Uncommon,ROS
Dracolosse,51/108,Rare,ROS
Dracolosse,52/108,Rare Holo,ROS
Altaria,53/108,Uncommon,ROS
Draby,54/108,Common,ROS
Draby,55/108,Common,ROS
Drackhaus,56/108,Uncommon,ROS
Drattak,57/108,Rare Holo,ROS
Latios EX,58/108,Rare Holo EX,ROS
M-Latios EX,59/108,Rare Holo EX,ROS
Rayquaza EX,60/108,Rare Holo EX,ROS
M-Rayquaza EX,61/108,Rare Holo EX,ROS
Trioxhydre EX,62/108,Rare Holo EX,ROS
Reshiram,63/108,Rare Holo,ROS
Zekrom,64/108,Rare Holo,ROS
Piafabec,65/108,Common,ROS
Rapasdepic,66/108,Uncommon,ROS
Miaouss,67/108,Common,ROS
Insolourdo,68/108,Common,ROS
Airmure,69/108,Rare,ROS
Nirondelle,70/108,Common,ROS
Hélédelle,71/108,Rare,ROS
Hélédelle,72/108,Rare Holo,ROS
Tylton,73/108,Common,ROS
Altaria,74/108,Rare,ROS
Rayquaza EX,75/108,Rare Holo EX,ROS
M-Rayquaza EX,76/108,Rare Holo EX,ROS
Shaymin EX,77/108,Rare Holo EX,ROS
Shaymin EX,77a/108,Rare Ultra,ROS
Poichigeon,78/108,Common,ROS
Colombeau,79/108,Uncommon,ROS
Déflaisan,80/108,Uncommon,ROS
Déflaisan,81/108,Rare,ROS
Passerouge,82/108,Common,ROS
Lien Spirituel Gallame,83/108,Uncommon,ROS
Foulard Apaisant,84/108,Uncommon,ROS
Lien Spirituel Latios,85/108,Uncommon,ROS
Méga-Turbo,86/108,Uncommon,ROS
Lien Spirituel Rayquaza,87/108,Uncommon,ROS
Rappel,88/108,Uncommon,ROS
Zone Aérienne,89/108,Uncommon,ROS
Pierre,90/108,Uncommon,ROS
Échange,91/108,Uncommon,ROS
Courrier du Dresseur,92/108,Uncommon,ROS
Courrier du Dresseur,92a/108,Uncommon,ROS
Hyper Ball,93/108,Uncommon,ROS
Timmy,94/108,Uncommon,ROS
Loupe,95/108,Uncommon,ROS
Alizée,96/108,Uncommon,ROS
Double Énergie Dragon,97/108,Uncommon,ROS
Fulguris EX,98/108,Rare Ultra,ROS
Gallame EX,99/108,Rare Ultra,ROS
M-Gallame EX,100/108,Rare Ultra,ROS
Latios EX,101/108,Rare Ultra,ROS
M-Latios EX,102/108,Rare Ultra,ROS
Trioxhydre EX,103/108,Rare Ultra,ROS
Rayquaza EX,104/108,Rare Ultra,ROS
M-Rayquaza EX,105/108,Rare Ultra,ROS
Shaymin EX,106/108,Rare Ultra,ROS
Timmy,107/108,Rare Ultra,ROS
Alizée,108/108,Rare Ultra,ROS
Échange d'Énergie,109/108,Rare Secret,ROS
Cherche VS,110/108,Rare Secret,ROS
Saquedeneu,1/114,Common,STS
Bouldeneu,2/114,Uncommon,STS
Granivol,3/114,Common,STS
Floravol,4/114,Uncommon,STS
Cotovol,5/114,Rare,STS
Yanma,6/114,Common,STS
Yanmega,7/114,Rare,STS
Yanmega TURBO,8/114,Rare BREAK,STS
Grainipiot,9/114,Common,STS
Pifeuil,10/114,Uncommon,STS
Tengalice,11/114,Rare Holo,STS
Trompignon,12/114,Common,STS
Gaulet,13/114,Rare,STS
Pyronille,14/114,Common,STS
Pyrax,15/114,Rare,STS
Ponyta,16/114,Common,STS
Galopa,17/114,Uncommon,STS
Ouisticram,18/114,Common,STS
Chimpenfeu,19/114,Uncommon,STS
Simiabraz,20/114,Rare Holo,STS
Flambusard TURBO,21/114,Rare BREAK,STS
Hélionceau,22/114,Common,STS
Némélios,23/114,Rare,STS
Némélios TURBO,24/114,Rare BREAK,STS
Volcanion,25/114,Rare,STS
Volcanion EX,26/114,Rare Holo EX,STS
Démanta,27/114,Common,STS
Sancoki,28/114,Common,STS
Tritosor,29/114,Rare,STS
Moustillon,30/114,Common,STS
Mateloutre,31/114,Uncommon,STS
Clamiral,32/114,Rare,STS
Flingouste,33/114,Common,STS
Gamblast,34/114,Rare,STS
Gamblast TURBO,35/114,Rare BREAK,STS
Grelaçon,36/114,Common,STS
Séracrawl,37/114,Rare,STS
Wattouat,38/114,Common,STS
Lainergie,39/114,Uncommon,STS
Pharamp,40/114,Rare Holo,STS
Statitik,41/114,Common,STS
Mygavolt,42/114,Rare,STS
Nidoran♂,43/114,Common,STS
Nidorino,44/114,Uncommon,STS
Nidoking,45/114,Rare,STS
Baudrive,46/114,Common,STS
Grodrive,47/114,Uncommon,STS
Funécire,48/114,Common,STS
Mélancolux,49/114,Uncommon,STS
Lugulabre,50/114,Rare Holo,STS
Hoopa,51/114,Rare,STS
Férosinge,52/114,Common,STS
Colossinge,53/114,Rare,STS
Tarinor,54/114,Common,STS
Tarinorme,55/114,Rare,STS
Anorith,56/114,Uncommon,STS
Armaldo,57/114,Rare,STS
Cradopaud,58/114,Common,STS
Coatox,59/114,Rare,STS
Farfuret,60/114,Common,STS
Dimoret,61/114,Rare,STS
Spiritomb,62/114,Rare,STS
Scalpion,63/114,Common,STS
Scalproie,64/114,Rare Holo,STS
Yveltal,65/114,Rare Holo,STS
Yveltal TURBO,66/114,Rare BREAK,STS
Steelix EX,67/114,Rare Holo EX,STS
M-Steelix EX,68/114,Rare Holo EX,STS
Dinoclier,69/114,Uncommon,STS
Bastiodon,70/114,Rare,STS
Tic,71/114,Common,STS
Clic,72/114,Uncommon,STS
Cliticlic,73/114,Rare Holo,STS
Cobaltium,74/114,Rare,STS
Magearna EX,75/114,Rare Holo EX,STS
Marill,76/114,Common,STS
Azumarill,77/114,Uncommon,STS
Gardevoir EX,78/114,Rare Holo EX,STS
M-Gardevoir EX,79/114,Rare Holo EX,STS
Trousselin,80/114,Uncommon,STS
Xerneas,81/114,Rare Holo,STS
Xerneas TURBO,82/114,Rare BREAK,STS
Drakkarmin,83/114,Rare,STS
Solochi,84/114,Common,STS
Diamat,85/114,Uncommon,STS
Trioxhydre,86/114,Rare Holo,STS
Trioxhydre TURBO,87/114,Rare BREAK,STS
Miaouss,88/114,Common,STS
Persian,89/114,Uncommon,STS
Capumain,90/114,Common,STS
Capidextre,91/114,Uncommon,STS
Furaiglon,92/114,Common,STS
Gueriaigle,93/114,Uncommon,STS
Passerouge,94/114,Common,STS
Braisillon,95/114,Uncommon,STS
Flambusard,96/114,Rare,STS
Brutalibré,97/114,Uncommon,STS
Fossile Armure Dinoclier,98/114,Uncommon,STS
Pofiterole Envoûtante,99/114,Uncommon,STS
Fossile Griffe Anorith,100/114,Uncommon,STS
Lien Spirituel Gardevoir,101/114,Uncommon,STS
Dés Avides,102/114,Uncommon,STS
Ninja Amateur,103/114,Uncommon,STS
Pokémon Ranger,104/114,Uncommon,STS
Recharge Spéciale,105/114,Uncommon,STS
Lien Spirituel Steelix,106/114,Uncommon,STS
Volcanion EX,107/114,Rare Ultra,STS
Steelix EX,108/114,Rare Ultra,STS
M-Steelix EX,109/114,Rare Ultra,STS
Magearna EX,110/114,Rare Ultra,STS
Gardevoir EX,111/114,Rare Ultra,STS
M-Gardevoir EX,112/114,Rare Ultra,STS
Pokémon Ranger,113/114,Rare Ultra,STS
Professeur Platane,114/114,Rare Ultra,STS
Volcanion EX,115/114,Rare Secret,STS
Gardevoir EX,116/114,Rare Secret,STS
Marisson,XY01/211,Promo,XYP
Feunnec,XY02/211,Promo,XYP
Grenousse,XY03/211,Promo,XYP
Nymphali,XY04/211,Promo,XYP
Xerneas,XY05/211,Promo,XYP
Yveltal,XY06/211,Promo,XYP
Xerneas EX,XY07/211,Promo,XYP
Yveltal EX,XY08/211,Promo,XYP
Carchacrok EX,XY09/211,Promo,XYP
Kravarech,XY10/211,Promo,XYP
Cabriolaine,XY11/211,Promo,XYP
Monorpale,XY12/211,Promo,XYP
Mackogneur,XY13/211,Promo,XYP
Desséliande,XY14/211,Promo,XYP
Cupcanaille,XY15/211,Promo,XYP
Chevroum,XY16/211,Promo,XYP
Dracaufeu EX,XY17/211,Promo,XYP
Blindépique EX,XY18/211,Promo,XYP
Goupelin EX,XY19/211,Promo,XYP
Amphinobi EX,XY20/211,Promo,XYP
Archéodong,XY21/211,Promo,XYP
Darkrai,XY22/211,Promo,XYP
Tengalice,XY23/211,Promo,XYP
Amphinobi,XY24/211,Promo,XYP
Crocorible EX,XY25/211,Promo,XYP
Némélios,XY26/211,Promo,XYP
Festival des Champions,XY27/211,Promo,XYP
Florizarre EX,XY28/211,Promo,XYP
Dracaufeu EX,XY29/211,Promo,XYP
Tortank EX,XY30/211,Promo,XYP
Xerneas,XY31/211,Promo,XYP
Yveltal,XY32/211,Promo,XYP
Trovato,XY33/211,Promo,XYP
Métalosse EX,XY34/211,Promo,XYP
M Métalosse EX,XY35/211,Promo,XYP
Arcko,XY36/211,Promo,XYP
Poussifeu,XY37/211,Promo,XYP
Gobou,XY38/211,Promo,XYP
Hyporoi,XY39/211,Promo,XYP
Métamorph,XY40/211,Promo,XYP
Kyogre EX,XY41/211,Promo,XYP
Groudon EX,XY42/211,Promo,XYP
Diancie EX,XY43/211,Promo,XYP
M Diancie EX,XY44/211,Promo,XYP
Gallame EX,XY45/211,Promo,XYP
Altaria,XY46/211,Promo,XYP
Iguolta,XY47/211,Promo,XYP
Mistigrix,XY48/211,Promo,XYP
Regirock,XY49/211,Promo,XYP
Pandarbare,XY50/211,Promo,XYP
Kyogre,XY51/211,Promo,XYP
Groudon,XY52/211,Promo,XYP
Jungko EX,XY53/211,Promo,XYP
Braségali EX,XY54/211,Promo,XYP
Laggron EX,XY55/211,Promo,XYP
Leuphorie,XY56/211,Promo,XYP
Rapasdepic,XY57/211,Promo,XYP
Sepiatroce,XY58/211,Promo,XYP
Drattak,XY59/211,Promo,XYP
Léviator,XY60/211,Promo,XYP
Libégon EX,XY61/211,Promo,XYP
Absol EX,XY62/211,Promo,XYP
M Absol EX,XY63/211,Promo,XYP
Rayquaza,XY64/211,Promo,XYP
Latios,XY65/211,Promo,XYP
Rayquaza EX,XY66/211,Promo,XYP
Jirachi,XY67/211,Promo,XYP
Jirachi,XY67a/211,Promo,XYP
Blindépique,XY68/211,Promo,XYP
Rayquaza EX,XY69/211,Promo,XYP
Rexillius EX,XY70/211,Promo,XYP
Hoopa EX,XY71/211,Promo,XYP
Latios EX,XY72/211,Promo,XYP
Rayquaza EX,XY73/211,Promo,XYP
Reshiram,XY74/211,Promo,XYP
Palkia,XY75/211,Promo,XYP
Zekrom,XY76/211,Promo,XYP
Dialga,XY77/211,Promo,XYP
Latias,XY78/211,Promo,XYP
Latios,XY79/211,Promo,XYP
Kyurem Noir,XY80/211,Promo,XYP
Kyurem Blanc,XY81/211,Promo,XYP
Regigigas,XY82/211,Promo,XYP
Arceus,XY83/211,Promo,XYP
Pikachu EX,XY84/211,Promo,XYP
Hoopa EX,XY85/211,Promo,XYP
M Braségali EX,XY86/211,Promo,XYP
M Laggron EX,XY87/211,Promo,XYP
Marisson,XY88/211,Promo,XYP
Pikachu,XY89/211,Promo,XYP
Hoopa,XY90/211,Promo,XYP
Festival des Champions,XY91/211,Promo,XYP
Ténéfix,XY92/211,Promo,XYP
Celebi,XY93/211,Promo,XYP
Desséliande,XY94/211,Promo,XYP
Pikachu,XY95/211,Promo,XYP
Noctali,XY96/211,Promo,XYP
Ptéra EX,XY97/211,Promo,XYP
M Ptéra EX,XY98/211,Promo,XYP
Lien Spirituel Ptéra,XY99/211,Promo,XYP
Mewtwo,XY100/211,Promo,XYP
Mewtwo,XY101/211,Promo,XYP
Dragmara EX,XY102/211,Promo,XYP
Mysdibule EX,XY103/211,Promo,XYP
M Mysdibule EX,XY104/211,Promo,XYP
Lien Spirituel Mysdibule,XY105/211,Promo,XYP
Léviator EX,XY106/211,Promo,XYP
Mewtwo EX,XY107/211,Promo,XYP
Mackogneur EX,XY108/211,Promo,XYP
Léviator,XY109/211,Promo,XYP
Mew,XY110/211,Promo,XYP
Celebi,XY111/211,Promo,XYP
Jirachi,XY112/211,Promo,XYP
Manaphy,XY113/211,Promo,XYP
Darkrai,XY114/211,Promo,XYP
Shaymin,XY115/211,Promo,XYP
Arceus,XY116/211,Promo,XYP
Victini,XY117/211,Promo,XYP
Keldeo,XY118/211,Promo,XYP
Genesect,XY119/211,Promo,XYP
Meloetta,XY120/211,Promo,XYP
Dracaufeu EX,XY121/211,Promo,XYP
Tortank EX,XY122/211,Promo,XYP
Florizarre EX,XY123/211,Promo,XYP
Pikachu EX,XY124/211,Promo,XYP
Mewtwo-EX,XY125/211,Promo,XYP
Mew-EX,XY126/211,Promo,XYP
Sulfura,XY127/211,Promo,XYP
Kyurem Blanc,XY128/211,Promo,XYP
Zygarde,XY129/211,Promo,XYP
Tyranocif,XY130/211,Promo,XYP
Flamajou,XY131/211,Promo,XYP
Fantominus,XY132/211,Promo,XYP
Sachanobi EX,XY133/211,Promo,XYP
Pingoléon TURBO,XY134/211,Promo,XYP
Neitram TURBO,XY135/211,Promo,XYP
Noarfang TURBO,XY136/211,Promo,XYP
Prismillon,XY137/211,Promo,XYP
Grenousse,XY138/211,Promo,XYP
Floette,XY139/211,Promo,XYP
Lucario,XY140/211,Promo,XYP
Rayquaza,XY141/211,Promo,XYP
Créfadet,XY142/211,Promo,XYP
Magicarpe,XY143/211,Promo,XYP
Yanmega,XY144/211,Promo,XYP
Volcanion,XY145/211,Promo,XYP
Gamblast,XY146/211,Promo,XYP
Hoopa,XY147/211,Promo,XYP
Shaymin-EX,XY148/211,Promo,XYP
Xerneas EX,XY149/211,Promo,XYP
Yveltal EX,XY150/211,Promo,XYP
Yveltal-EX,XY150a/211,Promo,XYP
Zygarde EX,XY151/211,Promo,XYP
Zygarde,XY152/211,Promo,XYP
Ho-Oh,XY153/211,Promo,XYP
Ho-Oh TURBO,XY154/211,Promo,XYP
Qulbutoké TURBO,XY155/211,Promo,XYP
Lugia,XY156/211,Promo,XYP
Dardargnan-EX,XY157/211,Promo,XYP
M-Dardargnan-EX,XY158/211,Promo,XYP
Lien Spirituel Dardargnan,XY159/211,Promo,XYP
Kyurem Noir,XY160/211,Promo,XYP
Roussil,XY161/211,Promo,XYP
Amphinobi,XY162/211,Promo,XYP
Smogogo,XY163/211,Promo,XYP
Volcanion,XY164/211,Promo,XYP
Magearna,XY165/211,Promo,XYP
M-Ectoplasma-EX,XY166/211,Promo,XYP
Carchacrok-EX,XY167/211,Promo,XYP
M-Carchacrok-EX,XY168/211,Promo,XYP
Lien Spirituel Carchacrok,XY169/211,Promo,XYP
Drattak-EX,XY170/211,Promo,XYP
M-Drattak-EX,XY171/211,Promo,XYP
Lien Spirituel Drattak,XY172/211,Promo,XYP
Volcanion-EX,XY173/211,Promo,XYP
Pikachu-EX,XY174/211,Promo,XYP
Magearna-EX,XY175/211,Promo,XYP
Festival des Champions,XY176/211,Promo,XYP
Marion,XY177/211,Promo,XYP
Marion,XY177a/211,Promo,XYP
Absol,XY178/211,Promo,XYP
Ronflex,XY179/211,Promo,XYP
Arcanin TURBO,XY180/211,Promo,XYP
Nostenfer TURBO,XY181/211,Promo,XYP
Vaututrice TURBO,XY182/211,Promo,XYP
Mewtwo-EX,XY183/211,Promo,XYP
Giratina,XY184/211,Promo,XYP
Volcanion,XY185/211,Promo,XYP
Magearna,XY186/211,Promo,XYP
Celebi,XY187/211,Promo,XYP
Shaymin,XY188/211,Promo,XYP
Victini,XY189/211,Promo,XYP
Manaphy,XY190/211,Promo,XYP
Keldeo,XY191/211,Promo,XYP
Mew,XY192/211,Promo,XYP
Meloetta,XY193/211,Promo,XYP
Darkrai,XY194/211,Promo,XYP
Jirachi,XY195/211,Promo,XYP
Genesect,XY196/211,Promo,XYP
Arceus,XY197/211,Promo,XYP
M-Camérupt-EX,XY198/211,Promo,XYP
M-Camérupt-EX,XY198a/211,Promo,XYP
Lien Spirituel Camérupt,XY199/211,Promo,XYP
M-Sharpedo-EX,XY200/211,Promo,XYP
M-Sharpedo-EX,XY200a/211,Promo,XYP
Lien Spirituel Sharpedo,XY201/211,Promo,XYP
Pikachu,XY202/211,Promo,XYP
Badge,XY203/211,Promo,XYP
Badge,XY204/211,Promo,XYP
Badge,XY205/211,Promo,XYP
Badge,XY206/211,Promo,XYP
Badge,XY207/211,Promo,XYP
Badge,XY208/211,Promo,XYP
Badge,XY209/211,Promo,XYP
Badge,XY210/211,Promo,XYP
Lien Spirituel Lucario,XY211/211,Promo,XYP
Florizarre EX,1/146,Rare Holo EX,XY
M Florizarre EX,2/146,Rare Holo EX,XY
Aspicot,3/146,Common,XY
Coconfort,4/146,Uncommon,XY
Dardargnan,5/146,Rare,XY
Coxy,6/146,Common,XY
Coxyclaque,7/146,Uncommon,XY
Muciole,8/146,Uncommon,XY
Lumivole,9/146,Uncommon,XY
Feuillajou,10/146,Common,XY
Feuiloutan,11/146,Rare,XY
Marisson,12/146,Common,XY
Boguérisse,13/146,Uncommon,XY
Blindépique,14/146,Rare Holo,XY
Lépidonille,15/146,Common,XY
Pérégrain,16/146,Uncommon,XY
Prismillon,17/146,Rare Holo,XY
Cabriolaine,18/146,Common,XY
Chevroum,19/146,Rare Holo,XY
Limagma,20/146,Common,XY
Volcaropod,21/146,Rare,XY
Flamajou,22/146,Common,XY
Flamoutan,23/146,Rare,XY
Feunnec,24/146,Common,XY
Roussil,25/146,Uncommon,XY
Goupelin,26/146,Rare Holo,XY
Braisillon,27/146,Uncommon,XY
Flambusard,28/146,Rare Holo,XY
Tortank EX,29/146,Rare Holo EX,XY
M Tortank EX,30/146,Rare Holo EX,XY
Kokiyas,31/146,Common,XY
Crustabri,32/146,Rare,XY
Stari,33/146,Common,XY
Staross,34/146,Rare,XY
Lokhlass,35/146,Rare Holo,XY
Corayon,36/146,Uncommon,XY
Flotajou,37/146,Common,XY
Flotoutan,38/146,Rare,XY
Grenousse,39/146,Common,XY
Croâporal,40/146,Uncommon,XY
Amphinobi,41/146,Rare Holo,XY
Pikachu,42/146,Common,XY
Raichu,43/146,Rare Holo,XY
Voltorbe,44/146,Common,XY
Électrode,45/146,Uncommon,XY
Emolga EX,46/146,Rare Holo EX,XY
Abo,47/146,Common,XY
Arbok,48/146,Rare,XY
Spoink,49/146,Common,XY
Groret,50/146,Rare,XY
Venipatte,51/146,Common,XY
Scobolide,52/146,Uncommon,XY
Brutapode,53/146,Rare,XY
Brocélôme,54/146,Common,XY
Desséliande,55/146,Rare Holo,XY
Pitrouille,56/146,Common,XY
Banshitrouye,57/146,Rare Holo,XY
Taupiqueur,58/146,Common,XY
Triopikeur,59/146,Rare,XY
Rhinocorne,60/146,Common,XY
Rhinoféros,61/146,Rare,XY
Rhinastoc,62/146,Rare Holo,XY
Séléroc,63/146,Uncommon,XY
Solaroc,64/146,Uncommon,XY
Charpenti,65/146,Common,XY
Ouvrifier,66/146,Uncommon,XY
Bétochef,67/146,Rare,XY
Ténéfix,68/146,Uncommon,XY
Mascaïman,69/146,Common,XY
Escroco,70/146,Uncommon,XY
Crocorible,71/146,Rare,XY
Zorua,72/146,Common,XY
Zoroark,73/146,Rare Holo,XY
Sepiatop,74/146,Uncommon,XY
Sepiatop,75/146,Common,XY
Sepiatroce,76/146,Rare,XY
Sepiatroce,77/146,Rare,XY
Yveltal,78/146,Rare,XY
Yveltal EX,79/146,Rare Holo EX,XY
Airmure EX,80/146,Rare Holo EX,XY
Scalpion,81/146,Common,XY
Scalproie,82/146,Rare,XY
Monorpale,83/146,Common,XY
Dimoclès,84/146,Uncommon,XY
Exagide,85/146,Rare,XY
Exagide,86/146,Rare Holo,XY
Rondoudou,87/146,Common,XY
Rondoudou,88/146,Common,XY
Grodoudou,89/146,Rare,XY
Grodoudou,90/146,Rare,XY
M. Mime,91/146,Uncommon,XY
Fluvetin,92/146,Common,XY
Cocotine,93/146,Rare Holo,XY
Sucroquin,94/146,Common,XY
Cupcanaille,95/146,Rare Holo,XY
Xerneas,96/146,Rare,XY
Xerneas EX,97/146,Rare Holo EX,XY
Doduo,98/146,Common,XY
Dodrio,99/146,Uncommon,XY
Tauros,100/146,Rare,XY
Insolourdo,101/146,Uncommon,XY
Nirondelle,102/146,Common,XY
Hélédelle,103/146,Rare,XY
Skitty,104/146,Common,XY
Delcatty,105/146,Uncommon,XY
Keunotor,106/146,Common,XY
Castorno,107/146,Rare,XY
Ponchiot,108/146,Common,XY
Ponchien,109/146,Uncommon,XY
Mastouffe,110/146,Rare,XY
Sapereau,111/146,Common,XY
Excavarenne,112/146,Uncommon,XY
Passerouge,113/146,Common,XY
Couafarel,114/146,Rare Holo,XY
Olivier,115/146,Uncommon,XY
Évolusoda,116/146,Uncommon,XY
Jardin des Fées,117/146,Uncommon,XY
Super Ball,118/146,Uncommon,XY
Grigri Protecteur,119/146,Uncommon,XY
Rappel Max,120/146,Uncommon,XY
Bandeau Muscle,121/146,Uncommon,XY
Professeur Platane,122/146,Uncommon,XY
Lettre du Professeur,123/146,Uncommon,XY
Carton Rouge,124/146,Uncommon,XY
Rollers,125/146,Uncommon,XY
Cercle des Ombres,126/146,Uncommon,XY
Sannah,127/146,Uncommon,XY
Super Potion,128/146,Uncommon,XY
Sbire de la Team Flare,129/146,Uncommon,XY
Double Énergie Incolore,130/146,Uncommon,XY
Énergie Multicolore,131/146,Uncommon,XY
Énergie Plante,132/146,Common,XY
Énergie Feu,133/146,Common,XY
Énergie Eau,134/146,Common,XY
Énergie Electrik,135/146,Common,XY
Énergie Psy,136/146,Common,XY
Énergie Combat,137/146,Common,XY
Énergie Obscurité,138/146,Common,XY
Énergie Métal,139/146,Common,XY
Énergie Fée,140/146,Common,XY
Florizarre EX,141/146,Rare Ultra,XY
Tortank EX,142/146,Rare Ultra,XY
Emolga EX,143/146,Rare Ultra,XY
Yveltal EX,144/146,Rare Ultra,XY
Airmure EX,145/146,Rare Ultra,XY
Xerneas EX,146/146,Rare Ultra,XY
