Name,Number,Rarity,setId
Alakazam,1/130,Rare Holo,B2
Blastoise,2/130,Rare Holo,B2
Chansey,3/130,Rare Holo,B2
Charizard,4/130,Rare Holo,B2
Clefable,5/130,Rare Holo,B2
Clefairy,6/130,Rare Holo,B2
Gyarados,7/130,Rare Holo,B2
Hitmonchan,8/130,Rare Holo,B2
Magneton,9/130,Rare Holo,B2
Mewtwo,10/130,Rare Holo,B2
Nidoking,11/130,Rare Holo,B2
Nidoqueen,12/130,Rare Holo,B2
Ninetales,13/130,Rare Holo,B2
Pidgeot,14/130,Rare Holo,B2
Poliwrath,15/130,Rare Holo,B2
Raichu,16/130,Rare Holo,B2
Scyther,17/130,Rare Holo,B2
Venusaur,18/130,Rare Holo,B2
Wigglytuff,19/130,Rare Holo,B2
Zapdos,20/130,Rare Holo,B2
Beedrill,21/130,Rare,B2
Dragonair,22/130,Rare,B2
Dugtrio,23/130,Rare,B2
Electabuzz,24/130,Rare,B2
Electrode,25/130,Rare,B2
Kangaskhan,26/130,Rare,B2
Mr. Mime,27/130,Rare,B2
Pidgeotto,28/130,Rare,B2
Pinsir,29/130,Rare,B2
Snorlax,30/130,Rare,B2
Venomoth,31/130,Rare,B2
Victreebel,32/130,Rare,B2
Arcanine,33/130,Uncommon,B2
Butterfree,34/130,Uncommon,B2
Charmeleon,35/130,Uncommon,B2
Dewgong,36/130,Uncommon,B2
Dodrio,37/130,Uncommon,B2
Dratini,38/130,Uncommon,B2
Exeggutor,39/130,Uncommon,B2
Farfetch'd,40/130,Uncommon,B2
Fearow,41/130,Uncommon,B2
Growlithe,42/130,Uncommon,B2
Haunter,43/130,Uncommon,B2
Ivysaur,44/130,Uncommon,B2
Jynx,45/130,Uncommon,B2
Kadabra,46/130,Uncommon,B2
Kakuna,47/130,Uncommon,B2
Lickitung,48/130,Uncommon,B2
Machoke,49/130,Uncommon,B2
Magikarp,50/130,Uncommon,B2
Magmar,51/130,Uncommon,B2
Marowak,52/130,Uncommon,B2
Nidorina,53/130,Uncommon,B2
Nidorino,54/130,Uncommon,B2
Parasect,55/130,Uncommon,B2
Persian,56/130,Uncommon,B2
Poliwhirl,57/130,Uncommon,B2
Raticate,58/130,Uncommon,B2
Rhydon,59/130,Uncommon,B2
Seaking,60/130,Uncommon,B2
Seel,61/130,Uncommon,B2
Tauros,62/130,Uncommon,B2
Wartortle,63/130,Uncommon,B2
Weepinbell,64/130,Uncommon,B2
Abra,65/130,Common,B2
Bellsprout,66/130,Common,B2
Bulbasaur,67/130,Common,B2
Caterpie,68/130,Common,B2
Charmander,69/130,Common,B2
Cubone,70/130,Common,B2
Diglett,71/130,Common,B2
Doduo,72/130,Common,B2
Drowzee,73/130,Common,B2
Exeggcute,74/130,Common,B2
Gastly,75/130,Common,B2
Goldeen,76/130,Common,B2
Jigglypuff,77/130,Common,B2
Machop,78/130,Common,B2
Magnemite,79/130,Common,B2
Meowth,80/130,Common,B2
Metapod,81/130,Common,B2
Nidoran ♀,82/130,Common,B2
Nidoran ♂,83/130,Common,B2
Onix,84/130,Common,B2
Paras,85/130,Common,B2
Pidgey,86/130,Common,B2
Pikachu,87/130,Common,B2
Poliwag,88/130,Common,B2
Rattata,89/130,Common,B2
Rhyhorn,90/130,Common,B2
Sandshrew,91/130,Common,B2
Spearow,92/130,Common,B2
Squirtle,93/130,Common,B2
Starmie,94/130,Common,B2
Staryu,95/130,Common,B2
Tangela,96/130,Common,B2
Venonat,97/130,Common,B2
Voltorb,98/130,Common,B2
Vulpix,99/130,Common,B2
Weedle,100/130,Common,B2
Computer Search,101/130,Rare,B2
Imposter Professor Oak,102/130,Rare,B2
Item Finder,103/130,Rare,B2
Lass,104/130,Rare,B2
Pokémon Breeder,105/130,Rare,B2
Pokémon Trader,106/130,Rare,B2
Scoop Up,107/130,Rare,B2
Super Energy Removal,108/130,Rare,B2
Defender,109/130,Uncommon,B2
Energy Retrieval,110/130,Uncommon,B2
Full Heal,111/130,Uncommon,B2
Maintenance,112/130,Uncommon,B2
PlusPower,113/130,Uncommon,B2
Pokémon Center,114/130,Uncommon,B2
Pokédex,115/130,Uncommon,B2
Professor Oak,116/130,Uncommon,B2
Super Potion,117/130,Uncommon,B2
Bill,118/130,Common,B2
Energy Removal,119/130,Common,B2
Gust of Wind,120/130,Common,B2
Poké Ball,121/130,Common,B2
Potion,122/130,Common,B2
Switch,123/130,Common,B2
Double Colorless Energy,124/130,Uncommon,B2
Fighting Energy,125/130,,B2
Fire Energy,126/130,,B2
Grass Energy,127/130,,B2
Lightning Energy,128/130,,B2
Psychic Energy,129/130,,B2
Water Energy,130/130,,B2
Alakazam,1/102,Rare Holo,BS
Blastoise,2/102,Rare Holo,BS
Chansey,3/102,Rare Holo,BS
Charizard,4/102,Rare Holo,BS
Clefairy,5/102,Rare Holo,BS
Gyarados,6/102,Rare Holo,BS
Hitmonchan,7/102,Rare Holo,BS
Machamp,8/102,Rare Holo,BS
Magneton,9/102,Rare Holo,BS
Mewtwo,10/102,Rare Holo,BS
Nidoking,11/102,Rare Holo,BS
Ninetales,12/102,Rare Holo,BS
Poliwrath,13/102,Rare Holo,BS
Raichu,14/102,Rare Holo,BS
Venusaur,15/102,Rare Holo,BS
Zapdos,16/102,Rare Holo,BS
Beedrill,17/102,Rare,BS
Dragonair,18/102,Rare,BS
Dugtrio,19/102,Rare,BS
Electabuzz,20/102,Rare,BS
Electrode,21/102,Rare,BS
Pidgeotto,22/102,Rare,BS
Arcanine,23/102,Uncommon,BS
Charmeleon,24/102,Uncommon,BS
Dewgong,25/102,Uncommon,BS
Dratini,26/102,Uncommon,BS
Farfetch'd,27/102,Uncommon,BS
Growlithe,28/102,Uncommon,BS
Haunter,29/102,Uncommon,BS
Ivysaur,30/102,Uncommon,BS
Jynx,31/102,Uncommon,BS
Kadabra,32/102,Uncommon,BS
Kakuna,33/102,Uncommon,BS
Machoke,34/102,Uncommon,BS
Magikarp,35/102,Uncommon,BS
Magmar,36/102,Uncommon,BS
Nidorino,37/102,Uncommon,BS
Poliwhirl,38/102,Uncommon,BS
Porygon,39/102,Uncommon,BS
Raticate,40/102,Uncommon,BS
Seel,41/102,Uncommon,BS
Wartortle,42/102,Uncommon,BS
Abra,43/102,Common,BS
Bulbasaur,44/102,Common,BS
Caterpie,45/102,Common,BS
Charmander,46/102,Common,BS
Diglett,47/102,Common,BS
Doduo,48/102,Common,BS
Drowzee,49/102,Common,BS
Gastly,50/102,Common,BS
Koffing,51/102,Common,BS
Machop,52/102,Common,BS
Magnemite,53/102,Common,BS
Metapod,54/102,Common,BS
Nidoran ♂,55/102,Common,BS
Onix,56/102,Common,BS
Pidgey,57/102,Common,BS
Pikachu,58/102,Common,BS
Poliwag,59/102,Common,BS
Ponyta,60/102,Common,BS
Rattata,61/102,Common,BS
Sandshrew,62/102,Common,BS
Squirtle,63/102,Common,BS
Starmie,64/102,Common,BS
Staryu,65/102,Common,BS
Tangela,66/102,Common,BS
Voltorb,67/102,Common,BS
Vulpix,68/102,Common,BS
Weedle,69/102,Common,BS
Clefairy Doll,70/102,Rare,BS
Computer Search,71/102,Rare,BS
Devolution Spray,72/102,Rare,BS
Impostor Professor Oak,73/102,Rare,BS
Item Finder,74/102,Rare,BS
Lass,75/102,Rare,BS
Pokémon Breeder,76/102,Rare,BS
Pokémon Trader,77/102,Rare,BS
Scoop Up,78/102,Rare,BS
Super Energy Removal,79/102,Rare,BS
Defender,80/102,Uncommon,BS
Energy Retrieval,81/102,Uncommon,BS
Full Heal,82/102,Uncommon,BS
Maintenance,83/102,Uncommon,BS
PlusPower,84/102,Uncommon,BS
Pokémon Center,85/102,Uncommon,BS
Pokémon Flute,86/102,Uncommon,BS
Pokédex,87/102,Uncommon,BS
Professor Oak,88/102,Uncommon,BS
Revive,89/102,Uncommon,BS
Super Potion,90/102,Uncommon,BS
Bill,91/102,Common,BS
Energy Removal,92/102,Common,BS
Gust of Wind,93/102,Common,BS
Potion,94/102,Common,BS
Switch,95/102,Common,BS
Double Colorless Energy,96/102,Uncommon,BS
Fighting Energy,97/102,,BS
Fire Energy,98/102,,BS
Grass Energy,99/102,,BS
Lightning Energy,100/102,,BS
Psychic Energy,101/102,,BS
Water Energy,102/102,,BS
Aerodactyl,1/62,Rare Holo,FO
Articuno,2/62,Rare Holo,FO
Ditto,3/62,Rare Holo,FO
Dragonite,4/62,Rare Holo,FO
Gengar,5/62,Rare Holo,FO
Haunter,6/62,Rare Holo,FO
Hitmonlee,7/62,Rare Holo,FO
Hypno,8/62,Rare Holo,FO
Kabutops,9/62,Rare Holo,FO
Lapras,10/62,Rare Holo,FO
Magneton,11/62,Rare Holo,FO
Moltres,12/62,Rare Holo,FO
Muk,13/62,Rare Holo,FO
Raichu,14/62,Rare Holo,FO
Zapdos,15/62,Rare Holo,FO
Aerodactyl,16/62,Rare,FO
Articuno,17/62,Rare,FO
Ditto,18/62,Rare,FO
Dragonite,19/62,Rare,FO
Gengar,20/62,Rare,FO
Haunter,21/62,Rare,FO
Hitmonlee,22/62,Rare,FO
Hypno,23/62,Rare,FO
Kabutops,24/62,Rare,FO
Lapras,25/62,Rare,FO
Magneton,26/62,Rare,FO
Moltres,27/62,Rare,FO
Muk,28/62,Rare,FO
Raichu,29/62,Rare,FO
Zapdos,30/62,Rare,FO
Arbok,31/62,Uncommon,FO
Cloyster,32/62,Uncommon,FO
Gastly,33/62,Uncommon,FO
Golbat,34/62,Uncommon,FO
Golduck,35/62,Uncommon,FO
Golem,36/62,Uncommon,FO
Graveler,37/62,Uncommon,FO
Kingler,38/62,Uncommon,FO
Magmar,39/62,Uncommon,FO
Omastar,40/62,Uncommon,FO
Sandslash,41/62,Uncommon,FO
Seadra,42/62,Uncommon,FO
Slowbro,43/62,Uncommon,FO
Tentacruel,44/62,Uncommon,FO
Weezing,45/62,Uncommon,FO
Ekans,46/62,Common,FO
Geodude,47/62,Common,FO
Grimer,48/62,Common,FO
Horsea,49/62,Common,FO
Kabuto,50/62,Common,FO
Krabby,51/62,Common,FO
Omanyte,52/62,Common,FO
Psyduck,53/62,Common,FO
Shellder,54/62,Common,FO
Slowpoke,55/62,Common,FO
Tentacool,56/62,Common,FO
Zubat,57/62,Common,FO
Mr. Fuji,58/62,Uncommon,FO
Energy Search,59/62,Common,FO
Gambler,60/62,Common,FO
Recycle,61/62,Common,FO
Mysterious Fossil,62/62,Common,FO
Clefable,1/64,Rare Holo,JU
Electrode,2/64,Rare Holo,JU
Flareon,3/64,Rare Holo,JU
Jolteon,4/64,Rare Holo,JU
Kangaskhan,5/64,Rare Holo,JU
Mr. Mime,6/64,Rare Holo,JU
Nidoqueen,7/64,Rare Holo,JU
Pidgeot,8/64,Rare Holo,JU
Pinsir,9/64,Rare Holo,JU
Scyther,10/64,Rare Holo,JU
Snorlax,11/64,Rare Holo,JU
Vaporeon,12/64,Rare Holo,JU
Venomoth,13/64,Rare Holo,JU
Victreebel,14/64,Rare Holo,JU
Vileplume,15/64,Rare Holo,JU
Wigglytuff,16/64,Rare Holo,JU
Clefable,17/64,Rare,JU
Electrode,18/64,Rare,JU
Flareon,19/64,Rare,JU
Jolteon,20/64,Rare,JU
Kangaskhan,21/64,Rare,JU
Mr. Mime,22/64,Rare,JU
Nidoqueen,23/64,Rare,JU
Pidgeot,24/64,Rare,JU
Pinsir,25/64,Rare,JU
Scyther,26/64,Rare,JU
Snorlax,27/64,Rare,JU
Vaporeon,28/64,Rare,JU
Venomoth,29/64,Rare,JU
Victreebel,30/64,Rare,JU
Vileplume,31/64,Rare,JU
Wigglytuff,32/64,Rare,JU
Butterfree,33/64,Uncommon,JU
Dodrio,34/64,Uncommon,JU
Exeggutor,35/64,Uncommon,JU
Fearow,36/64,Uncommon,JU
Gloom,37/64,Uncommon,JU
Lickitung,38/64,Uncommon,JU
Marowak,39/64,Uncommon,JU
Nidorina,40/64,Uncommon,JU
Parasect,41/64,Uncommon,JU
Persian,42/64,Uncommon,JU
Primeape,43/64,Uncommon,JU
Rapidash,44/64,Uncommon,JU
Rhydon,45/64,Uncommon,JU
Seaking,46/64,Uncommon,JU
Tauros,47/64,Uncommon,JU
Weepinbell,48/64,Uncommon,JU
Bellsprout,49/64,Common,JU
Cubone,50/64,Common,JU
Eevee,51/64,Common,JU
Exeggcute,52/64,Common,JU
Goldeen,53/64,Common,JU
Jigglypuff,54/64,Common,JU
Mankey,55/64,Common,JU
Meowth,56/64,Common,JU
Nidoran ♀,57/64,Common,JU
Oddish,58/64,Common,JU
Paras,59/64,Common,JU
Pikachu,60/64,Common,JU
Rhyhorn,61/64,Common,JU
Spearow,62/64,Common,JU
Venonat,63/64,Common,JU
Poké Ball,64/64,Common,JU
Dark Alakazam,1/82,Rare Holo,RO
Dark Arbok,2/82,Rare Holo,RO
Dark Blastoise,3/82,Rare Holo,RO
Dark Charizard,4/82,Rare Holo,RO
Dark Dragonite,5/82,Rare Holo,RO
Dark Dugtrio,6/82,Rare Holo,RO
Dark Golbat,7/82,Rare Holo,RO
Dark Gyarados,8/82,Rare Holo,RO
Dark Hypno,9/82,Rare Holo,RO
Dark Machamp,10/82,Rare Holo,RO
Dark Magneton,11/82,Rare Holo,RO
Dark Slowbro,12/82,Rare Holo,RO
Dark Vileplume,13/82,Rare Holo,RO
Dark Weezing,14/82,Rare Holo,RO
Here Comes Team Rocket!,15/82,Rare Holo,RO
Rocket's Sneak Attack,16/82,Rare Holo,RO
Rainbow Energy,17/82,Rare Holo,RO
Dark Alakazam,18/82,Rare,RO
Dark Arbok,19/82,Rare,RO
Dark Blastoise,20/82,Rare,RO
Dark Charizard,21/82,Rare,RO
Dark Dragonite,22/82,Rare,RO
Dark Dugtrio,23/82,Rare,RO
Dark Golbat,24/82,Rare,RO
Dark Gyarados,25/82,Rare,RO
Dark Hypno,26/82,Rare,RO
Dark Machamp,27/82,Rare,RO
Dark Magneton,28/82,Rare,RO
Dark Slowbro,29/82,Rare,RO
Dark Vileplume,30/82,Rare,RO
Dark Weezing,31/82,Rare,RO
Dark Charmeleon,32/82,Uncommon,RO
Dark Dragonair,33/82,Uncommon,RO
Dark Electrode,34/82,Uncommon,RO
Dark Flareon,35/82,Uncommon,RO
Dark Gloom,36/82,Uncommon,RO
Dark Golduck,37/82,Uncommon,RO
Dark Jolteon,38/82,Uncommon,RO
Dark Kadabra,39/82,Uncommon,RO
Dark Machoke,40/82,Uncommon,RO
Dark Muk,41/82,Uncommon,RO
Dark Persian,42/82,Uncommon,RO
Dark Primeape,43/82,Uncommon,RO
Dark Rapidash,44/82,Uncommon,RO
Dark Vaporeon,45/82,Uncommon,RO
Dark Wartortle,46/82,Uncommon,RO
Magikarp,47/82,Uncommon,RO
Porygon,48/82,Uncommon,RO
Abra,49/82,Common,RO
Charmander,50/82,Common,RO
Dark Raticate,51/82,Common,RO
Diglett,52/82,Common,RO
Dratini,53/82,Common,RO
Drowzee,54/82,Common,RO
Eevee,55/82,Common,RO
Ekans,56/82,Common,RO
Grimer,57/82,Common,RO
Koffing,58/82,Common,RO
Machop,59/82,Common,RO
Magnemite,60/82,Common,RO
Mankey,61/82,Common,RO
Meowth,62/82,Common,RO
Oddish,63/82,Common,RO
Ponyta,64/82,Common,RO
Psyduck,65/82,Common,RO
Rattata,66/82,Common,RO
Slowpoke,67/82,Common,RO
Squirtle,68/82,Common,RO
Voltorb,69/82,Common,RO
Zubat,70/82,Common,RO
Here Comes Team Rocket!,71/82,Rare,RO
Rocket's Sneak Attack,72/82,Rare,RO
The Boss's Way,73/82,Uncommon,RO
Challenge!,74/82,Uncommon,RO
Digger,75/82,Uncommon,RO
Imposter Oak's Revenge,76/82,Uncommon,RO
Nightly Garbage Run,77/82,Uncommon,RO
Goop Gas Attack,78/82,Common,RO
Sleep!,79/82,Common,RO
Rainbow Energy,80/82,Rare,RO
Full Heal Energy,81/82,Uncommon,RO
Potion Energy,82/82,Uncommon,RO
Dark Raichu,83/82,Rare Secret,RO
Pikachu,1/53,Promo,WBP
Electabuzz,2/53,Promo,WBP
Mewtwo,3/53,Promo,WBP
Pikachu,4/53,Promo,WBP
Dragonite,5/53,Promo,WBP
Arcanine,6/53,Promo,WBP
Jigglypuff,7/53,Promo,WBP
Mew,8/53,Promo,WBP
Mew,9/53,Promo,WBP
Meowth,10/53,Promo,WBP
Eevee,11/53,Promo,WBP
Mewtwo,12/53,Promo,WBP
Venusaur,13/53,Promo,WBP
Mewtwo,14/53,Promo,WBP
Cool Porygon,15/53,Promo,WBP
Computer Error,16/53,Promo,WBP
Dark Persian,17/53,Promo,WBP
Team Rocket's Meowth,18/53,Promo,WBP
Sabrina's Abra,19/53,Promo,WBP
Psyduck,20/53,Promo,WBP
Moltres,21/53,Promo,WBP
Articuno,22/53,Promo,WBP
Zapdos,23/53,Promo,WBP
_____'s Pikachu,24/53,Promo,WBP
Flying Pikachu,25/53,Promo,WBP
Pikachu,26/53,Promo,WBP
Pikachu,27/53,Promo,WBP
Surfing Pikachu,28/53,Promo,WBP
Marill,29/53,Promo,WBP
Togepi,30/53,Promo,WBP
Cleffa,31/53,Promo,WBP
Smeargle,32/53,Promo,WBP
Scizor,33/53,Promo,WBP
Entei,34/53,Promo,WBP
Pichu,35/53,Promo,WBP
Igglybuff,36/53,Promo,WBP
Hitmontop,37/53,Promo,WBP
Unown [J],38/53,Promo,WBP
Misdreavus,39/53,Promo,WBP
Pokémon Center,40/53,Promo,WBP
Lucky Stadium,41/53,Promo,WBP
Pokémon Tower,42/53,Promo,WBP
Machamp,43/53,Promo,WBP
Magmar,44/53,Promo,WBP
Scyther,45/53,Promo,WBP
Electabuzz,46/53,Promo,WBP
Mew,47/53,Promo,WBP
Articuno,48/53,Promo,WBP
Snorlax,49/53,Promo,WBP
Celebi,50/53,Promo,WBP
Rapidash,51/53,Promo,WBP
Ho-oh,52/53,Promo,WBP
Suicune,53/53,Promo,WBP
Snivy,1/114,Common,BLW
Snivy,2/114,Common,BLW
Servine,3/114,Uncommon,BLW
Servine,4/114,Uncommon,BLW
Serperior,5/114,Rare Holo,BLW
Serperior,6/114,Rare Holo,BLW
Pansage,7/114,Common,BLW
Simisage,8/114,Uncommon,BLW
Petilil,9/114,Common,BLW
Lilligant,10/114,Rare,BLW
Maractus,11/114,Uncommon,BLW
Maractus,12/114,Rare,BLW
Deerling,13/114,Common,BLW
Sawsbuck,14/114,Rare,BLW
Tepig,15/114,Common,BLW
Tepig,16/114,Common,BLW
Pignite,17/114,Uncommon,BLW
Pignite,18/114,Uncommon,BLW
Emboar,19/114,Rare Holo,BLW
Emboar,20/114,Rare Holo,BLW
Pansear,21/114,Common,BLW
Simisear,22/114,Uncommon,BLW
Darumaka,23/114,Common,BLW
Darumaka,24/114,Uncommon,BLW
Darmanitan,25/114,Rare,BLW
Reshiram,26/114,Rare Holo,BLW
Oshawott,27/114,Common,BLW
Oshawott,28/114,Common,BLW
Dewott,29/114,Uncommon,BLW
Dewott,30/114,Uncommon,BLW
Samurott,31/114,Rare Holo,BLW
Samurott,32/114,Rare Holo,BLW
Panpour,33/114,Common,BLW
Simipour,34/114,Uncommon,BLW
Basculin,35/114,Uncommon,BLW
Ducklett,36/114,Common,BLW
Swanna,37/114,Rare,BLW
Alomomola,38/114,Uncommon,BLW
Alomomola,39/114,Rare,BLW
Blitzle,40/114,Common,BLW
Blitzle,41/114,Common,BLW
Zebstrika,42/114,Uncommon,BLW
Zebstrika,43/114,Rare,BLW
Joltik,44/114,Common,BLW
Joltik,45/114,Common,BLW
Galvantula,46/114,Rare,BLW
Zekrom,47/114,Rare Holo,BLW
Munna,48/114,Uncommon,BLW
Musharna,49/114,Rare,BLW
Woobat,50/114,Common,BLW
Swoobat,51/114,Uncommon,BLW
Venipede,52/114,Common,BLW
Whirlipede,53/114,Uncommon,BLW
Scolipede,54/114,Rare,BLW
Solosis,55/114,Common,BLW
Duosion,56/114,Uncommon,BLW
Reuniclus,57/114,Rare Holo,BLW
Timburr,58/114,Common,BLW
Timburr,59/114,Common,BLW
Gurdurr,60/114,Uncommon,BLW
Throh,61/114,Rare,BLW
Sawk,62/114,Rare,BLW
Sandile,63/114,Common,BLW
Krokorok,64/114,Uncommon,BLW
Krookodile,65/114,Rare Holo,BLW
Purrloin,66/114,Common,BLW
Liepard,67/114,Rare,BLW
Scraggy,68/114,Common,BLW
Scrafty,69/114,Rare,BLW
Zorua,70/114,Common,BLW
Zoroark,71/114,Rare Holo,BLW
Vullaby,72/114,Uncommon,BLW
Mandibuzz,73/114,Rare,BLW
Klink,74/114,Common,BLW
Klang,75/114,Uncommon,BLW
Klinklang,76/114,Rare Holo,BLW
Patrat,77/114,Common,BLW
Patrat,78/114,Common,BLW
Watchog,79/114,Uncommon,BLW
Lillipup,80/114,Common,BLW
Lillipup,81/114,Common,BLW
Herdier,82/114,Uncommon,BLW
Stoutland,83/114,Rare,BLW
Pidove,84/114,Common,BLW
Tranquill,85/114,Uncommon,BLW
Unfezant,86/114,Rare,BLW
Audino,87/114,Uncommon,BLW
Minccino,88/114,Common,BLW
Cinccino,89/114,Rare,BLW
Bouffalant,90/114,Uncommon,BLW
Bouffalant,91/114,Rare,BLW
Recuperação de Energia,92/114,Uncommon,BLW
Busca de Energia,93/114,Common,BLW
Substituição de Energia,94/114,Uncommon,BLW
Água Fresca,95/114,Uncommon,BLW
PlusPower,96/114,Uncommon,BLW
Poké Ball,97/114,Uncommon,BLW
Pokédex,98/114,Uncommon,BLW
Comunicação Pokémon,99/114,Uncommon,BLW
Poção,100/114,Common,BLW
Professor Juniper,101/114,Uncommon,BLW
Reviver,102/114,Uncommon,BLW
Super Colherada,103/114,Uncommon,BLW
Substituição,104/114,Common,BLW
Energia de Grama,105/114,Common,BLW
Energia de Fogo,106/114,Common,BLW
Energia de Água,107/114,Common,BLW
Energia de Raios,108/114,Common,BLW
Energia Psíquica,109/114,Common,BLW
Energia de Luta,110/114,Common,BLW
Energia Noturna,111/114,Common,BLW
Energia de Metal,112/114,Common,BLW
Reshiram,113/114,Rare Ultra,BLW
Zekrom,114/114,Rare Ultra,BLW
Pikachu,115/114,Rare Secret,BLW
Oddish,1/149,Common,BCR
Gloom,2/149,Uncommon,BCR
Vileplume,3/149,Rare Holo,BCR
Bellossom,4/149,Rare,BCR
Tangela,5/149,Common,BCR
Tangrowth,6/149,Rare Holo,BCR
Scyther,7/149,Common,BCR
Heracross,8/149,Uncommon,BCR
Celebi-EX,9/149,Rare Holo EX,BCR
Shaymin,10/149,Rare,BCR
Snivy,11/149,Common,BCR
Servine,12/149,Uncommon,BCR
Serperior,13/149,Rare Holo,BCR
Cottonee,14/149,Common,BCR
Whimsicott,15/149,Rare,BCR
Petilil,16/149,Uncommon,BCR
Lilligant,17/149,Rare,BCR
Charmander,18/149,Common,BCR
Charmeleon,19/149,Uncommon,BCR
Charizard,20/149,Rare Holo,BCR
Numel,21/149,Common,BCR
Camerupt,22/149,Rare,BCR
Victini,23/149,Rare,BCR
Tepig,24/149,Common,BCR
Pignite,25/149,Uncommon,BCR
Emboar,26/149,Rare Holo,BCR
Darumaka,27/149,Common,BCR
Darmanitan,28/149,Uncommon,BCR
Squirtle,29/149,Common,BCR
Wartortle,30/149,Uncommon,BCR
Blastoise,31/149,Rare Holo,BCR
Psyduck,32/149,Common,BCR
Psyduck,33/149,Common,BCR
Golduck,34/149,Uncommon,BCR
Golduck,35/149,Rare,BCR
Marill,36/149,Common,BCR
Azumarill,37/149,Uncommon,BCR
Delibird,38/149,Uncommon,BCR
Oshawott,39/149,Common,BCR
Dewott,40/149,Uncommon,BCR
Samurott,41/149,Rare Holo,BCR
Ducklett,42/149,Common,BCR
Swanna,43/149,Uncommon,BCR
Frillish,44/149,Common,BCR
Jellicent,45/149,Rare,BCR
Cryogonal,46/149,Uncommon,BCR
Keldeo,47/149,Rare Holo,BCR
Keldeo,48/149,Rare,BCR
Keldeo-EX,49/149,Rare Holo EX,BCR
Pikachu,50/149,Common,BCR
Voltorb,51/149,Common,BCR
Electrode,52/149,Uncommon,BCR
Electabuzz,53/149,Common,BCR
Electivire,54/149,Rare Holo,BCR
Chinchou,55/149,Common,BCR
Blitzle,56/149,Common,BCR
Zebstrika,57/149,Rare Holo,BCR
Wobbuffet,58/149,Uncommon,BCR
Spoink,59/149,Common,BCR
Grumpig,60/149,Rare,BCR
Duskull,61/149,Common,BCR
Dusclops,62/149,Uncommon,BCR
Dusknoir,63/149,Rare Holo,BCR
Croagunk,64/149,Common,BCR
Croagunk,65/149,Uncommon,BCR
Toxicroak,66/149,Rare,BCR
Cresselia-EX,67/149,Rare Holo EX,BCR
Munna,68/149,Uncommon,BCR
Musharna,69/149,Rare,BCR
Woobat,70/149,Common,BCR
Swoobat,71/149,Rare,BCR
Venipede,72/149,Common,BCR
Whirlipede,73/149,Uncommon,BCR
Scolipede,74/149,Rare Holo,BCR
Gothita,75/149,Common,BCR
Gothorita,76/149,Uncommon,BCR
Meloetta,77/149,Rare Holo,BCR
Sandshrew,78/149,Common,BCR
Sandslash,79/149,Uncommon,BCR
Gligar,80/149,Common,BCR
Gliscor,81/149,Rare Holo,BCR
Makuhita,82/149,Common,BCR
Trapinch,83/149,Common,BCR
Dwebble,84/149,Common,BCR
Crustle,85/149,Rare Holo,BCR
Mienfoo,86/149,Common,BCR
Mienfoo,87/149,Uncommon,BCR
Mienshao,88/149,Uncommon,BCR
Landorus-EX,89/149,Rare Holo EX,BCR
Purrloin,90/149,Common,BCR
Liepard,91/149,Rare Holo,BCR
Vullaby,92/149,Common,BCR
Mandibuzz,93/149,Uncommon,BCR
Scizor,94/149,Rare Holo,BCR
Skarmory,95/149,Uncommon,BCR
Skarmory,96/149,Uncommon,BCR
Klink,97/149,Uncommon,BCR
Vibrava,98/149,Uncommon,BCR
Flygon,99/149,Rare Holo,BCR
Kyurem Preto,100/149,Rare,BCR
Kyurem Preto-EX,101/149,Rare Holo EX,BCR
Kyurem Branco,102/149,Rare,BCR
Kyurem Branco-EX,103/149,Rare Holo EX,BCR
Rattata,104/149,Common,BCR
Raticate,105/149,Uncommon,BCR
Meowth,106/149,Common,BCR
Farfetch’d,107/149,Uncommon,BCR
Ditto,108/149,Rare Holo,BCR
Snorlax,109/149,Uncommon,BCR
Togepi,110/149,Common,BCR
Dunsparce,111/149,Common,BCR
Taillow,112/149,Common,BCR
Skitty,113/149,Common,BCR
Delcatty,114/149,Uncommon,BCR
Spinda,115/149,Common,BCR
Buneary,116/149,Common,BCR
Lopunny,117/149,Uncommon,BCR
Patrat,118/149,Common,BCR
Watchog,119/149,Uncommon,BCR
Lillipup,120/149,Common,BCR
Herdier,121/149,Uncommon,BCR
Stoutland,122/149,Rare Holo,BCR
Pidove,123/149,Common,BCR
Tranquill,124/149,Uncommon,BCR
Unfezant,125/149,Rare,BCR
Audino,126/149,Rare,BCR
Ginásio da Cidade de Aspertia,127/149,Uncommon,BCR
Busca de Energia,128/149,Common,BCR
Grande Bola,129/149,Uncommon,BCR
Hugh,130/149,Uncommon,BCR
Poké Ball,131/149,Common,BCR
Poção,132/149,Common,BCR
Capacete de Pedra,133/149,Uncommon,BCR
Skyla,134/149,Uncommon,BCR
Substituição,135/149,Common,BCR
Mapa da Cidade,136/149,Uncommon,BCR
Pesquisa no Computador,137/149,Rare ACE,BCR
Gume de Cristal,138/149,Rare ACE,BCR
Parede de Cristal,139/149,Rare ACE,BCR
Poção de Ouro,140/149,Rare ACE,BCR
Celebi-EX,141/149,Rare Ultra,BCR
Keldeo-EX,142/149,Rare Ultra,BCR
Cresselia-EX,143/149,Rare Ultra,BCR
Landorus-EX,144/149,Rare Ultra,BCR
Kyurem Preto-EX,145/149,Rare Ultra,BCR
Kyurem Branco-EX,146/149,Rare Ultra,BCR
Bianca,147/149,Rare Ultra,BCR
Cheren,148/149,Rare Ultra,BCR
Skyla,149/149,Rare Ultra,BCR
Golurk,150/149,Rare Secret,BCR
Terrakion,151/149,Rare Secret,BCR
Altaria,152/149,Rare Secret,BCR
Capacete de Pedra,153/149,Rare Secret,BCR
Snivy,BW01/101,Promo,BWP
Tepig,BW02/101,Promo,BWP
Oshawott,BW03/101,Promo,BWP
Reshiram,BW004/101,Promo,BWP
Zekrom,BW005/101,Promo,BWP
Snivy,BW06/101,Promo,BWP
Tepig,BW07/101,Promo,BWP
Oshawott,BW08/101,Promo,BWP
Zoroark,BW09/101,Promo,BWP
Axew,BW10/101,Promo,BWP
Pansage,BW11/101,Promo,BWP
Zorua,BW12/101,Promo,BWP
Minccino,BW13/101,Promo,BWP
Pansage,BW14/101,Promo,BWP
Pidove,BW15/101,Promo,BWP
Axew,BW16/101,Promo,BWP
Ducklett,BW17/101,Promo,BWP
Darumaka,BW18/101,Promo,BWP
Zoroark,BW19/101,Promo,BWP
Serperior,BW20/101,Promo,BWP
Emboar,BW21/101,Promo,BWP
Samurott,BW22/101,Promo,BWP
Reshiram,BW23/101,Promo,BWP
Zekrom,BW24/101,Promo,BWP
Scraggy,BW25/101,Promo,BWP
Axew,BW26/101,Promo,BWP
Litwick,BW27/101,Promo,BWP
Tropical Beach,BW28/101,Promo,BWP
Victory Cup,BW29/101,Promo,BWP
Victory Cup,BW30/101,Promo,BWP
Victory Cup,BW31/101,Promo,BWP
Victini,BW32/101,Promo,BWP
Riolu,BW33/101,Promo,BWP
Luxio,BW34/101,Promo,BWP
Meowth,BW35/101,Promo,BWP
Reshiram-EX,BW36/101,Promo,BWP
Kyurem-EX,BW37/101,Promo,BWP
Zekrom-EX,BW38/101,Promo,BWP
Battle City,BW39/101,Promo,BWP
Volcarona,BW40/101,Promo,BWP
Thundurus,BW41/101,Promo,BWP
Tornadus,BW42/101,Promo,BWP
Landorus,BW43/101,Promo,BWP
Kyurem,BW44/101,Promo,BWP
Mewtwo-EX,BW45/101,Promo,BWP
Darkrai-EX,BW46/101,Promo,BWP
Rayquaza-EX,BW47/101,Promo,BWP
Altaria,BW48/101,Promo,BWP
Lilligant,BW49/101,Promo,BWP
Tropical Beach,BW50/101,Promo,BWP
Crobat,BW51/101,Promo,BWP
Lillipup,BW52/101,Promo,BWP
Flygon,BW53/101,Promo,BWP
Pikachu,BW54/101,Promo,BWP
Elgyem,BW55/101,Promo,BWP
Empoleon,BW56/101,Promo,BWP
Haxorus,BW57/101,Promo,BWP
Black Kyurem,BW58/101,Promo,BWP
White Kyurem,BW59/101,Promo,BWP
Keldeo,BW60/101,Promo,BWP
Keldeo-EX,BW61/101,Promo,BWP
Black Kyurem-EX,BW62/101,Promo,BWP
White Kyurem-EX,BW63/101,Promo,BWP
Drifblim,BW64/101,Promo,BWP
Jigglypuff,BW65/101,Promo,BWP
Ninetales,BW66/101,Promo,BWP
Ampharos,BW67/101,Promo,BWP
Meloetta,BW68/101,Promo,BWP
Meloetta,BW69/101,Promo,BWP
Virizion,BW70/101,Promo,BWP
Terrakion,BW71/101,Promo,BWP
Cobalion,BW72/101,Promo,BWP
Darkrai,BW73/101,Promo,BWP
Giratina,BW74/101,Promo,BWP
Metagross,BW75/101,Promo,BWP
Electrode,BW76/101,Promo,BWP
Pikachu,BW77/101,Promo,BWP
Raichu,BW78/101,Promo,BWP
Landorus,BW79/101,Promo,BWP
Druddigon,BW80/101,Promo,BWP
Thundurus-EX,BW81/101,Promo,BWP
Deoxys-EX,BW82/101,Promo,BWP
Lugia-EX,BW83/101,Promo,BWP
Porygon-Z,BW84/101,Promo,BWP
Lucario,BW85/101,Promo,BWP
Genesect,BW86/101,Promo,BWP
Leafeon,BW87/101,Promo,BWP
Flareon,BW88/101,Promo,BWP
Vaporeon,BW89/101,Promo,BWP
Glaceon,BW90/101,Promo,BWP
Jolteon,BW91/101,Promo,BWP
Espeon,BW92/101,Promo,BWP
Umbreon,BW93/101,Promo,BWP
Eevee,BW94/101,Promo,BWP
Champions Festival,BW95/101,Promo,BWP
Tornadus-EX,BW96/101,Promo,BWP
Eevee,BW97/101,Promo,BWP
Mew,BW98/101,Promo,BWP
Genesect,BW99/101,Promo,BWP
N,BW100/101,Promo,BWP
Genesect,BW101/101,Promo,BWP
Bulbasaur,1/108,Common,DEX
Ivysaur,2/108,Uncommon,DEX
Venusaur,3/108,Rare Holo,DEX
Scyther,4/108,Uncommon,DEX
Carnivine,5/108,Rare,DEX
Leafeon,6/108,Rare,DEX
Dwebble,7/108,Common,DEX
Crustle,8/108,Uncommon,DEX
Karrablast,9/108,Common,DEX
Shelmet,10/108,Common,DEX
Accelgor,11/108,Rare,DEX
Flareon,12/108,Uncommon,DEX
Entei-EX,13/108,Rare Holo EX,DEX
Torchic,14/108,Common,DEX
Torchic,15/108,Common,DEX
Combusken,16/108,Uncommon,DEX
Blaziken,17/108,Rare Holo,DEX
Torkoal,18/108,Uncommon,DEX
Heatmor,19/108,Rare,DEX
Larvesta,20/108,Common,DEX
Larvesta,21/108,Common,DEX
Volcarona,22/108,Rare Holo,DEX
Slowpoke,23/108,Common,DEX
Slowbro,24/108,Uncommon,DEX
Vaporeon,25/108,Uncommon,DEX
Kyogre-EX,26/108,Rare Holo EX,DEX
Piplup,27/108,Common,DEX
Prinplup,28/108,Uncommon,DEX
Empoleon,29/108,Rare Holo,DEX
Glaceon,30/108,Rare,DEX
Tympole,31/108,Common,DEX
Palpitoad,32/108,Uncommon,DEX
Vanillite,33/108,Common,DEX
Vanillish,34/108,Uncommon,DEX
Ducklett,35/108,Common,DEX
Swanna,36/108,Rare,DEX
Jolteon,37/108,Uncommon,DEX
Raikou-EX,38/108,Rare Holo EX,DEX
Plusle,39/108,Common,DEX
Minun,40/108,Common,DEX
Joltik,41/108,Common,DEX
Joltik,42/108,Common,DEX
Galvantula,43/108,Rare,DEX
Tynamo,44/108,Common,DEX
Tynamo,45/108,Common,DEX
Eelektrik,46/108,Uncommon,DEX
Eelektross,47/108,Rare Holo,DEX
Espeon,48/108,Rare,DEX
Slowking,49/108,Rare,DEX
Woobat,50/108,Common,DEX
Yamask,51/108,Uncommon,DEX
Cofagrigus,52/108,Rare,DEX
Aerodactyl,53/108,Rare,DEX
Groudon-EX,54/108,Rare Holo EX,DEX
Drilbur,55/108,Common,DEX
Excadrill,56/108,Rare,DEX
Excadrill,57/108,Rare,DEX
Timburr,58/108,Common,DEX
Gurdurr,59/108,Uncommon,DEX
Umbreon,60/108,Uncommon,DEX
Umbreon,61/108,Uncommon,DEX
Sableye,62/108,Uncommon,DEX
Darkrai-EX,63/108,Rare Holo EX,DEX
Sandile,64/108,Common,DEX
Krokorok,65/108,Uncommon,DEX
Krookodile,66/108,Rare Holo,DEX
Scraggy,67/108,Common,DEX
Scrafty,68/108,Rare,DEX
Zorua,69/108,Common,DEX
Zorua,70/108,Common,DEX
Zoroark,71/108,Rare,DEX
Bisharp,72/108,Rare,DEX
Vullaby,73/108,Uncommon,DEX
Escavalier,74/108,Rare,DEX
Klink,75/108,Common,DEX
Klang,76/108,Uncommon,DEX
Klinklang,77/108,Rare Holo,DEX
Pawniard,78/108,Common,DEX
Bisharp,79/108,Rare,DEX
Chansey,80/108,Common,DEX
Chansey,81/108,Common,DEX
Blissey,82/108,Rare Holo,DEX
Eevee,83/108,Common,DEX
Eevee,84/108,Common,DEX
Chatot,85/108,Uncommon,DEX
Lillipup,86/108,Common,DEX
Herdier,87/108,Uncommon,DEX
Stoutland,88/108,Rare,DEX
Haxorus,89/108,Rare Holo,DEX
Tornadus-EX,90/108,Rare Holo EX,DEX
Cheren,91/108,Uncommon,DEX
Garra da Escuridão,92/108,Uncommon,DEX
Fragmento Sombrio,93/108,Uncommon,DEX
Martelo Avançado,94/108,Uncommon,DEX
Arruaceiros Jim & Cas,95/108,Uncommon,DEX
N,96/108,Uncommon,DEX
Âmbar Velho de Aerodactyl,97/108,Uncommon,DEX
Professora Juniper,98/108,Uncommon,DEX
Receptor Aleatório,99/108,Uncommon,DEX
Doce Raro,100/108,Uncommon,DEX
Montanha Trançada,101/108,Uncommon,DEX
Ultra Bola,102/108,Uncommon,DEX
Entei-EX,103/108,Rare Ultra,DEX
Kyogre-EX,104/108,Rare Ultra,DEX
Raikou-EX,105/108,Rare Ultra,DEX
Groudon-EX,106/108,Rare Ultra,DEX
Darkrai-EX,107/108,Rare Ultra,DEX
Tornadus-EX,108/108,Rare Ultra,DEX
Gardevoir,109/108,Rare Secret,DEX
Archeops,110/108,Rare Secret,DEX
Pegador de Pokémon,111/108,Rare Secret,DEX
Dratini,1/20,Rare Holo,DRV
Dratini,2/20,Rare Holo,DRV
Dragonair,3/20,Rare Holo,DRV
Dragonair,4/20,Rare Holo,DRV
Dragonite,5/20,Rare Holo,DRV
Bagon,6/20,Rare Holo,DRV
Shelgon,7/20,Rare Holo,DRV
Salamence,8/20,Rare Holo,DRV
Latias,9/20,Rare Holo,DRV
Latios,10/20,Rare Holo,DRV
Rayquaza,11/20,Rare Holo,DRV
Axew,12/20,Rare Holo,DRV
Axew,13/20,Rare Holo,DRV
Fraxure,14/20,Rare Holo,DRV
Fraxure,15/20,Rare Holo,DRV
Haxorus,16/20,Rare Holo,DRV
Druddigon,17/20,Rare Holo,DRV
Exp. Share,18/20,,DRV
First Ticket,19/20,,DRV
Super Rod,20/20,Rare Holo,DRV
Kyurem,21/20,,DRV
Hoppip,1/124,Common,DRX
Skiploom,2/124,Uncommon,DRX
Jumpluff,3/124,Rare,DRX
Yanma,4/124,Common,DRX
Yanmega,5/124,Rare,DRX
Wurmple,6/124,Common,DRX
Silcoon,7/124,Uncommon,DRX
Beautifly,8/124,Rare,DRX
Cascoon,9/124,Uncommon,DRX
Nincada,10/124,Common,DRX
Ninjask,11/124,Uncommon,DRX
Roselia,12/124,Uncommon,DRX
Roselia,13/124,Common,DRX
Roserade,14/124,Uncommon,DRX
Roserade,15/124,Rare,DRX
Maractus,16/124,Uncommon,DRX
Foongus,17/124,Common,DRX
Vulpix,18/124,Common,DRX
Ninetales,19/124,Rare Holo,DRX
Magmar,20/124,Common,DRX
Magmortar,21/124,Rare,DRX
Ho-Oh-EX,22/124,Rare Holo EX,DRX
Magikarp,23/124,Common,DRX
Gyarados,24/124,Rare,DRX
Wailmer,25/124,Uncommon,DRX
Wailord,26/124,Rare Holo,DRX
Feebas,27/124,Common,DRX
Milotic,28/124,Rare Holo,DRX
Spheal,29/124,Common,DRX
Sealeo,30/124,Uncommon,DRX
Walrein,31/124,Rare,DRX
Buizel,32/124,Common,DRX
Floatzel,33/124,Uncommon,DRX
Tympole,34/124,Common,DRX
Palpitoad,35/124,Uncommon,DRX
Seismitoad,36/124,Rare,DRX
Alomomola,37/124,Rare,DRX
Mareep,38/124,Common,DRX
Flaaffy,39/124,Uncommon,DRX
Ampharos,40/124,Rare Holo,DRX
Electrike,41/124,Common,DRX
Electrike,42/124,Common,DRX
Manectric,43/124,Rare,DRX
Manectric,44/124,Rare,DRX
Emolga,45/124,Uncommon,DRX
Mew-EX,46/124,Rare Holo EX,DRX
Dustox,47/124,Rare,DRX
Shedinja,48/124,Rare,DRX
Drifloon,49/124,Common,DRX
Drifloon,50/124,Common,DRX
Drifblim,51/124,Rare,DRX
Sigilyph,52/124,Rare Holo,DRX
Trubbish,53/124,Common,DRX
Garbodor,54/124,Rare Holo,DRX
Gothita,55/124,Common,DRX
Gothorita,56/124,Uncommon,DRX
Gothitelle,57/124,Rare,DRX
Golett,58/124,Common,DRX
Golurk,59/124,Rare Holo,DRX
Cubone,60/124,Common,DRX
Marowak,61/124,Rare,DRX
Nosepass,62/124,Common,DRX
Baltoy,63/124,Common,DRX
Claydol,64/124,Rare,DRX
Roggenrola,65/124,Common,DRX
Boldore,66/124,Uncommon,DRX
Gigalith,67/124,Rare Holo,DRX
Throh,68/124,Uncommon,DRX
Sawk,69/124,Uncommon,DRX
Stunfisk,70/124,Uncommon,DRX
Terrakion-EX,71/124,Rare Holo EX,DRX
Murkrow,72/124,Common,DRX
Honchkrow,73/124,Rare,DRX
Houndour,74/124,Common,DRX
Houndoom,75/124,Rare,DRX
Stunky,76/124,Common,DRX
Skuntank,77/124,Uncommon,DRX
Aron,78/124,Common,DRX
Lairon,79/124,Uncommon,DRX
Aggron,80/124,Rare Holo,DRX
Registeel-EX,81/124,Rare Holo EX,DRX
Probopass,82/124,Rare,DRX
Durant,83/124,Uncommon,DRX
Altaria,84/124,Rare Holo,DRX
Rayquaza-EX,85/124,Rare Holo EX,DRX
Gible,86/124,Common,DRX
Gible,87/124,Common,DRX
Gabite,88/124,Uncommon,DRX
Gabite,89/124,Uncommon,DRX
Garchomp,90/124,Rare Holo,DRX
Garchomp,91/124,Rare,DRX
Giratina-EX,92/124,Rare Holo EX,DRX
Deino,93/124,Common,DRX
Deino,94/124,Common,DRX
Zweilous,95/124,Uncommon,DRX
Zweilous,96/124,Uncommon,DRX
Hydreigon,97/124,Rare Holo,DRX
Hydreigon,98/124,Rare,DRX
Aipom,99/124,Common,DRX
Ambipom,100/124,Rare,DRX
Slakoth,101/124,Common,DRX
Vigoroth,102/124,Uncommon,DRX
Slaking,103/124,Rare Holo,DRX
Swablu,104/124,Uncommon,DRX
Swablu,105/124,Common,DRX
Bidoof,106/124,Common,DRX
Bibarel,107/124,Uncommon,DRX
Audino,108/124,Uncommon,DRX
Minccino,109/124,Common,DRX
Bouffalant,110/124,Uncommon,DRX
Rufflet,111/124,Common,DRX
Braviary,112/124,Rare,DRX
Spray da Involução,113/124,Uncommon,DRX
Capa Gigante,114/124,Uncommon,DRX
Cachecol de Resgate,115/124,Uncommon,DRX
Sucateador de Ferramentas,116/124,Uncommon,DRX
Energia de Fusão Grass Fire Psychic Darkness,117/124,Uncommon,DRX
Energia de Fusão Water Lightning Fighting Metal,118/124,Uncommon,DRX
Ho-Oh-EX,119/124,Rare Ultra,DRX
Mew-EX,120/124,Rare Ultra,DRX
Terrakion-EX,121/124,Rare Ultra,DRX
Registeel-EX,122/124,Rare Ultra,DRX
Rayquaza-EX,123/124,Rare Ultra,DRX
Giratina-EX,124/124,Rare Ultra,DRX
Serperior,125/124,Rare Secret,DRX
Reuniclus,126/124,Rare Secret,DRX
Krookodile,127/124,Rare Secret,DRX
Rayquaza,128/124,Rare Secret,DRX
Pansage,1/98,Common,EPO
Simisage,2/98,Rare,EPO
Sewaddle,3/98,Common,EPO
Sewaddle,4/98,Common,EPO
Swadloon,5/98,Uncommon,EPO
Swadloon,6/98,Uncommon,EPO
Leavanny,7/98,Rare,EPO
Leavanny,8/98,Rare,EPO
Cottonee,9/98,Common,EPO
Cottonee,10/98,Common,EPO
Whimsicott,11/98,Uncommon,EPO
Whimsicott,12/98,Rare,EPO
Petilil,13/98,Common,EPO
Lilligant,14/98,Uncommon,EPO
Deerling,15/98,Common,EPO
Sawsbuck,16/98,Rare,EPO
Virizion,17/98,Rare Holo,EPO
Pansear,18/98,Common,EPO
Simisear,19/98,Rare,EPO
Darumaka,20/98,Common,EPO
Darmanitan,21/98,Rare,EPO
Panpour,22/98,Common,EPO
Simipour,23/98,Rare,EPO
Basculin,24/98,Common,EPO
Basculin,25/98,Uncommon,EPO
Ducklett,26/98,Common,EPO
Swanna,27/98,Rare,EPO
Cubchoo,28/98,Common,EPO
Cubchoo,29/98,Common,EPO
Beartic,30/98,Rare Holo,EPO
Beartic,31/98,Rare,EPO
Emolga,32/98,Common,EPO
Joltik,33/98,Common,EPO
Galvantula,34/98,Uncommon,EPO
Thundurus,35/98,Rare Holo,EPO
Woobat,36/98,Common,EPO
Swoobat,37/98,Rare,EPO
Venipede,38/98,Common,EPO
Whirlipede,39/98,Uncommon,EPO
Scolipede,40/98,Rare,EPO
Sigilyph,41/98,Uncommon,EPO
Sigilyph,42/98,Uncommon,EPO
Gothita,43/98,Common,EPO
Gothita,44/98,Common,EPO
Gothorita,45/98,Uncommon,EPO
Gothorita,46/98,Uncommon,EPO
Gothitelle,47/98,Rare Holo,EPO
Gothitelle,48/98,Rare,EPO
Roggenrola,49/98,Common,EPO
Roggenrola,50/98,Common,EPO
Boldore,51/98,Uncommon,EPO
Boldore,52/98,Uncommon,EPO
Gigalith,53/98,Rare,EPO
Drilbur,54/98,Uncommon,EPO
Drilbur,55/98,Common,EPO
Excadrill,56/98,Rare Holo,EPO
Excadrill,57/98,Rare,EPO
Throh,58/98,Uncommon,EPO
Sawk,59/98,Uncommon,EPO
Sandile,60/98,Common,EPO
Krokorok,61/98,Uncommon,EPO
Krookodile,62/98,Rare,EPO
Terrakion,63/98,Rare Holo,EPO
Purrloin,64/98,Common,EPO
Liepard,65/98,Rare,EPO
Zorua,66/98,Uncommon,EPO
Zoroark,67/98,Rare Holo,EPO
Vullaby,68/98,Common,EPO
Mandibuzz,69/98,Rare,EPO
Ferroseed,70/98,Common,EPO
Ferroseed,71/98,Common,EPO
Ferrothorn,72/98,Rare,EPO
Ferrothorn,73/98,Uncommon,EPO
Klink,74/98,Common,EPO
Klang,75/98,Uncommon,EPO
Klinklang,76/98,Rare,EPO
Cobalion,77/98,Rare Holo,EPO
Patrat,78/98,Common,EPO
Watchog,79/98,Uncommon,EPO
Pidove,80/98,Common,EPO
Tranquill,81/98,Uncommon,EPO
Unfezant,82/98,Rare,EPO
Audino,83/98,Uncommon,EPO
Minccino,84/98,Common,EPO
Cinccino,85/98,Uncommon,EPO
Rufflet,86/98,Common,EPO
Rufflet,87/98,Common,EPO
Braviary,88/98,Rare Holo,EPO
Tornadus,89/98,Rare Holo,EPO
Bianca,90/98,Uncommon,EPO
Cheren,91/98,Uncommon,EPO
Martelo Esmagador,92/98,Uncommon,EPO
Grande Bola,93/98,Uncommon,EPO
Poção Máxima,94/98,Uncommon,EPO
Pegador de Pokémon,95/98,Uncommon,EPO
Reciclagem,96/98,Uncommon,EPO
Thundurus,97/98,Rare Ultra,EPO
Tornadus,98/98,Rare Ultra,EPO
Tangela,1/113,Common,LTR
Tangrowth,2/113,Rare,LTR
Shuckle,3/113,Uncommon,LTR
Cherubi,4/113,Uncommon,LTR
Carnivine,5/113,Uncommon,LTR
Snivy,6/113,Common,LTR
Servine,7/113,Uncommon,LTR
Serperior,8/113,Rare Holo,LTR
Sewaddle,9/113,Common,LTR
Sewaddle,10/113,Common,LTR
Swadloon,11/113,Uncommon,LTR
Leavanny,12/113,Rare Holo,LTR
Dwebble,13/113,Common,LTR
Crustle,14/113,Uncommon,LTR
Virizion,15/113,Rare Holo,LTR
Genesect,16/113,Rare Holo,LTR
Charmander,17/113,Common,LTR
Charmeleon,18/113,Uncommon,LTR
Charizard,19/113,Rare Holo,LTR
Vulpix,20/113,Common,LTR
Ninetales,21/113,Rare,LTR
Moltres,22/113,Rare Holo,LTR
Victini,23/113,Rare Holo,LTR
Victini-EX,24/113,Rare Holo EX,LTR
Tepig,25/113,Common,LTR
Pignite,26/113,Uncommon,LTR
Emboar,27/113,Rare Holo,LTR
Reshiram,28/113,Rare Holo,LTR
Reshiram-EX,29/113,Rare Holo EX,LTR
Magikarp,30/113,Common,LTR
Gyarados,31/113,Rare,LTR
Articuno,32/113,Rare Holo,LTR
Piplup,33/113,Common,LTR
Prinplup,34/113,Uncommon,LTR
Empoleon,35/113,Rare,LTR
Phione,36/113,Rare,LTR
Oshawott,37/113,Common,LTR
Dewott,38/113,Uncommon,LTR
Samurott,39/113,Rare Holo,LTR
Tympole,40/113,Common,LTR
Palpitoad,41/113,Uncommon,LTR
Seismitoad,42/113,Rare,LTR
Kyurem,43/113,Rare Holo,LTR
Kyurem-EX,44/113,Rare Holo EX,LTR
Keldeo-EX,45/113,Rare Holo EX,LTR
Zapdos,46/113,Rare Holo,LTR
Plusle,47/113,Uncommon,LTR
Minun,48/113,Uncommon,LTR
Emolga,49/113,Uncommon,LTR
Thundurus,50/113,Rare Holo,LTR
Zekrom,51/113,Rare Holo,LTR
Zekrom-EX,52/113,Rare Holo EX,LTR
Mewtwo,53/113,Rare Holo,LTR
Mewtwo-EX,54/113,Rare Holo EX,LTR
Natu,55/113,Common,LTR
Xatu,56/113,Rare,LTR
Misdreavus,57/113,Common,LTR
Mismagius,58/113,Rare,LTR
Ralts,59/113,Common,LTR
Kirlia,60/113,Uncommon,LTR
Sableye,61/113,Uncommon,LTR
Croagunk,62/113,Common,LTR
Toxicroak,63/113,Rare,LTR
Woobat,64/113,Common,LTR
Swoobat,65/113,Uncommon,LTR
Sigilyph,66/113,Rare Holo,LTR
Trubbish,67/113,Common,LTR
Garbodor,68/113,Rare Holo,LTR
Gothita,69/113,Common,LTR
Gothita,70/113,Common,LTR
Gothorita,71/113,Uncommon,LTR
Gothitelle,72/113,Rare Holo,LTR
Solosis,73/113,Common,LTR
Solosis,74/113,Common,LTR
Duosion,75/113,Uncommon,LTR
Reuniclus,76/113,Rare,LTR
Chandelure-EX,77/113,Rare Holo EX,LTR
Meloetta,78/113,Rare Holo,LTR
Riolu,79/113,Uncommon,LTR
Lucario,80/113,Rare Holo,LTR
Gallade,81/113,Rare,LTR
Excadrill-EX,82/113,Rare Holo EX,LTR
Stunfisk,83/113,Uncommon,LTR
Terrakion,84/113,Rare Holo,LTR
Landorus,85/113,Rare Holo,LTR
Meloetta,86/113,Rare,LTR
Spiritomb,87/113,Uncommon,LTR
Darkrai-EX,88/113,Rare Holo EX,LTR
Zorua,89/113,Common,LTR
Zoroark,90/113,Rare Holo,LTR
Cobalion,91/113,Rare Holo,LTR
Altaria,92/113,Uncommon,LTR
Rayquaza,93/113,Rare Holo,LTR
Gible,94/113,Common,LTR
Gabite,95/113,Uncommon,LTR
Garchomp,96/113,Rare Holo,LTR
Deino,97/113,Common,LTR
Zweilous,98/113,Uncommon,LTR
Hydreigon,99/113,Rare Holo,LTR
Black Kyurem-EX,100/113,Rare Holo EX,LTR
White Kyurem-EX,101/113,Rare Holo EX,LTR
Lugia-EX,102/113,Rare Holo EX,LTR
Swablu,103/113,Common,LTR
Minccino,104/113,Common,LTR
Cinccino,105/113,Rare Holo,LTR
Druddigon,106/113,Uncommon,LTR
Bouffalant,107/113,Uncommon,LTR
Tornadus,108/113,Rare Holo,LTR
Bianca,109/113,Uncommon,LTR
Cedric Juniper,110/113,Uncommon,LTR
Crushing Hammer,111/113,Uncommon,LTR
Energy Switch,112/113,Uncommon,LTR
Double Colorless Energy,113/113,Uncommon,LTR
Reshiram,114/113,Rare Secret,LTR
Zekrom,115/113,Rare Secret,LTR
Snivy,RC1/113,Common,LTR
Servine,RC2/113,Common,LTR
Serperior,RC3/113,Uncommon,LTR
Growlithe,RC4/113,Uncommon,LTR
Torchic,RC5/113,Common,LTR
Piplup,RC6/113,Uncommon,LTR
Pikachu,RC7/113,Uncommon,LTR
Ralts,RC8/113,Common,LTR
Kirlia,RC9/113,Common,LTR
Gardevoir,RC10/113,Uncommon,LTR
Meloetta-EX,RC11/113,Rare,LTR
Stunfisk,RC12/113,Uncommon,LTR
Purrloin,RC13/113,Uncommon,LTR
Eevee,RC14/113,Uncommon,LTR
Teddiursa,RC15/113,Common,LTR
Ursaring,RC16/113,Common,LTR
Audino,RC17/113,Common,LTR
Minccino,RC18/113,Common,LTR
Cinccino,RC19/113,Uncommon,LTR
Elesa,RC20/113,Common,LTR
Shaymin-EX,RC21/113,Rare Ultra,LTR
Reshiram,RC22/113,Rare Ultra,LTR
Emolga,RC23/113,Rare Ultra,LTR
Mew-EX,RC24/113,Rare Ultra,LTR
Meloetta-EX,RC25/113,Rare Ultra,LTR
Pinsir,1/99,Rare,NXD
Seedot,2/99,Common,NXD
Kricketot,3/99,Common,NXD
Kricketune,4/99,Uncommon,NXD
Shaymin-EX,5/99,Rare Holo EX,NXD
Pansage,6/99,Common,NXD
Simisage,7/99,Rare,NXD
Foongus,8/99,Common,NXD
Amoonguss,9/99,Rare,NXD
Growlithe,10/99,Common,NXD
Growlithe,11/99,Common,NXD
Arcanine,12/99,Rare,NXD
Arcanine,13/99,Uncommon,NXD
Moltres,14/99,Rare Holo,NXD
Pansear,15/99,Common,NXD
Simisear,16/99,Rare,NXD
Darumaka,17/99,Common,NXD
Litwick,18/99,Common,NXD
Lampent,19/99,Uncommon,NXD
Chandelure,20/99,Rare Holo,NXD
Reshiram,21/99,Rare,NXD
Reshiram-EX,22/99,Rare Holo EX,NXD
Staryu,23/99,Common,NXD
Starmie,24/99,Uncommon,NXD
Lapras,25/99,Rare,NXD
Lapras,26/99,Uncommon,NXD
Articuno,27/99,Rare Holo,NXD
Panpour,28/99,Common,NXD
Simipour,29/99,Rare,NXD
Basculin,30/99,Uncommon,NXD
Vanillite,31/99,Common,NXD
Vanillish,32/99,Uncommon,NXD
Vanilluxe,33/99,Rare Holo,NXD
Frillish,34/99,Uncommon,NXD
Jellicent,35/99,Rare,NXD
Cubchoo,36/99,Common,NXD
Beartic,37/99,Rare,NXD
Kyurem-EX,38/99,Rare Holo EX,NXD
Pikachu,39/99,Common,NXD
Raichu,40/99,Uncommon,NXD
Zapdos,41/99,Rare Holo,NXD
Shinx,42/99,Common,NXD
Shinx,43/99,Common,NXD
Luxio,44/99,Uncommon,NXD
Luxio,45/99,Uncommon,NXD
Luxray,46/99,Rare Holo,NXD
Blitzle,47/99,Common,NXD
Zebstrika,48/99,Rare,NXD
Emolga,49/99,Uncommon,NXD
Zekrom,50/99,Rare,NXD
Zekrom-EX,51/99,Rare Holo EX,NXD
Grimer,52/99,Common,NXD
Muk,53/99,Rare,NXD
Mewtwo-EX,54/99,Rare Holo EX,NXD
Ralts,55/99,Common,NXD
Kirlia,56/99,Uncommon,NXD
Gardevoir,57/99,Rare Holo,NXD
Munna,58/99,Common,NXD
Musharna,59/99,Rare,NXD
Darmanitan,60/99,Rare,NXD
Elgyem,61/99,Common,NXD
Beheeyem,62/99,Rare,NXD
Riolu,63/99,Common,NXD
Lucario,64/99,Rare Holo,NXD
Hippopotas,65/99,Common,NXD
Hippowdon,66/99,Uncommon,NXD
Mienfoo,67/99,Common,NXD
Mienshao,68/99,Uncommon,NXD
Sneasel,69/99,Common,NXD
Weavile,70/99,Rare,NXD
Nuzleaf,71/99,Uncommon,NXD
Shiftry,72/99,Rare,NXD
Scraggy,73/99,Uncommon,NXD
Scrafty,74/99,Rare Holo,NXD
Bronzor,75/99,Common,NXD
Bronzong,76/99,Rare,NXD
Ferroseed,77/99,Common,NXD
Jigglypuff,78/99,Uncommon,NXD
Wigglytuff,79/99,Rare,NXD
Meowth,80/99,Common,NXD
Persian,81/99,Rare,NXD
Regigigas-EX,82/99,Rare Holo EX,NXD
Pidove,83/99,Common,NXD
Minccino,84/99,Uncommon,NXD
Cinccino,85/99,Rare Holo,NXD
Cilan,86/99,Uncommon,NXD
Compart. Exp.,87/99,Uncommon,NXD
Bola Pesada,88/99,Uncommon,NXD
Bola de Nível,89/99,Uncommon,NXD
Centro de Pokémon,90/99,Uncommon,NXD
Ponte Flecha Celeste,91/99,Uncommon,NXD
Energia Incolor Dupla,92/99,Uncommon,NXD
Energia de Prisma,93/99,Uncommon,NXD
Shaymin-EX,94/99,Rare Ultra,NXD
Reshiram-EX,95/99,Rare Ultra,NXD
Kyurem-EX,96/99,Rare Ultra,NXD
Zekrom-EX,97/99,Rare Ultra,NXD
Mewtwo-EX,98/99,Rare Ultra,NXD
Regigigas-EX,99/99,Rare Ultra,NXD
Emboar,100/99,Rare Secret,NXD
Chandelure,101/99,Rare Secret,NXD
Zoroark,102/99,Rare Secret,NXD
Hydreigon,103/99,Rare Secret,NXD
Sewaddle,1/101,Common,NVI
Swadloon,2/101,Uncommon,NVI
Leavanny,3/101,Rare Holo,NVI
Petilil,4/101,Common,NVI
Lilligant,5/101,Rare,NVI
Dwebble,6/101,Common,NVI
Crustle,7/101,Uncommon,NVI
Karrablast,8/101,Common,NVI
Foongus,9/101,Common,NVI
Amoonguss,10/101,Uncommon,NVI
Shelmet,11/101,Common,NVI
Accelgor,12/101,Rare,NVI
Virizion,13/101,Rare Holo,NVI
Victini,14/101,Rare Holo,NVI
Victini,15/101,Rare Holo,NVI
Pansear,16/101,Common,NVI
Simisear,17/101,Uncommon,NVI
Heatmor,18/101,Uncommon,NVI
Larvesta,19/101,Common,NVI
Larvesta,20/101,Common,NVI
Volcarona,21/101,Rare,NVI
Tympole,22/101,Common,NVI
Palpitoad,23/101,Uncommon,NVI
Seismitoad,24/101,Rare,NVI
Tirtouga,25/101,Uncommon,NVI
Carracosta,26/101,Rare,NVI
Vanillite,27/101,Common,NVI
Vanillish,28/101,Uncommon,NVI
Vanilluxe,29/101,Rare,NVI
Frillish,30/101,Common,NVI
Jellicent,31/101,Rare,NVI
Cryogonal,32/101,Uncommon,NVI
Cryogonal,33/101,Rare,NVI
Kyurem,34/101,Rare Holo,NVI
Blitzle,35/101,Common,NVI
Zebstrika,36/101,Rare,NVI
Emolga,37/101,Uncommon,NVI
Tynamo,38/101,Common,NVI
Tynamo,39/101,Common,NVI
Eelektrik,40/101,Uncommon,NVI
Eelektross,41/101,Rare Holo,NVI
Stunfisk,42/101,Common,NVI
Victini,43/101,Rare,NVI
Yamask,44/101,Common,NVI
Yamask,45/101,Common,NVI
Cofagrigus,46/101,Rare,NVI
Cofagrigus,47/101,Rare,NVI
Trubbish,48/101,Common,NVI
Garbodor,49/101,Uncommon,NVI
Solosis,50/101,Common,NVI
Duosion,51/101,Uncommon,NVI
Reuniclus,52/101,Rare,NVI
Reuniclus,53/101,Rare,NVI
Elgyem,54/101,Common,NVI
Elgyem,55/101,Common,NVI
Beheeyem,56/101,Rare,NVI
Litwick,57/101,Common,NVI
Litwick,58/101,Common,NVI
Lampent,59/101,Uncommon,NVI
Chandelure,60/101,Rare,NVI
Gigalith,61/101,Rare,NVI
Timburr,62/101,Common,NVI
Gurdurr,63/101,Uncommon,NVI
Conkeldurr,64/101,Rare Holo,NVI
Conkeldurr,65/101,Rare,NVI
Archen,66/101,Uncommon,NVI
Archeops,67/101,Rare,NVI
Stunfisk,68/101,Uncommon,NVI
Mienfoo,69/101,Common,NVI
Mienshao,70/101,Uncommon,NVI
Golett,71/101,Common,NVI
Golurk,72/101,Rare,NVI
Terrakion,73/101,Rare Holo,NVI
Landorus,74/101,Rare Holo,NVI
Pawniard,75/101,Common,NVI
Bisharp,76/101,Uncommon,NVI
Deino,77/101,Common,NVI
Zweilous,78/101,Uncommon,NVI
Hydreigon,79/101,Rare Holo,NVI
Escavalier,80/101,Rare,NVI
Pawniard,81/101,Common,NVI
Bisharp,82/101,Rare Holo,NVI
Durant,83/101,Uncommon,NVI
Cobalion,84/101,Rare Holo,NVI
Audino,85/101,Uncommon,NVI
Axew,86/101,Common,NVI
Fraxure,87/101,Uncommon,NVI
Haxorus,88/101,Rare Holo,NVI
Druddigon,89/101,Rare,NVI
Fóssil Casca,90/101,Uncommon,NVI
Eviolite,91/101,Uncommon,NVI
N,92/101,Uncommon,NVI
Fóssil Pluma,93/101,Uncommon,NVI
Capacete de Pedra,94/101,Uncommon,NVI
Super Bastão,95/101,Uncommon,NVI
Tranceptor X,96/101,Uncommon,NVI
Virizion,97/101,Rare Ultra,NVI
Victini,98/101,Rare Ultra,NVI
Terrakion,99/101,Rare Ultra,NVI
Cobalion,100/101,Rare Ultra,NVI
N,101/101,Rare Ultra,NVI
Meowth,102/101,Rare Secret,NVI
Surskit,1/101,Common,PLB
Masquerain,2/101,Rare,PLB
Lileep,3/101,Uncommon,PLB
Cradily,4/101,Rare,PLB
Tropius,5/101,Uncommon,PLB
Karrablast,6/101,Common,PLB
Shelmet,7/101,Common,PLB
Accelgor,8/101,Rare,PLB
Virizion-EX,9/101,Rare Holo EX,PLB
Genesect,10/101,Rare,PLB
Genesect-EX,11/101,Rare Holo EX,PLB
Larvesta,12/101,Common,PLB
Volcarona,13/101,Rare,PLB
Squirtle,14/101,Common,PLB
Wartortle,15/101,Uncommon,PLB
Blastoise,16/101,Rare Holo,PLB
Lapras,17/101,Common,PLB
Remoraid,18/101,Common,PLB
Octillery,19/101,Uncommon,PLB
Suicune,20/101,Rare,PLB
Snorunt,21/101,Common,PLB
Glalie,22/101,Uncommon,PLB
Froslass,23/101,Rare,PLB
Relicanth,24/101,Uncommon,PLB
Snover,25/101,Common,PLB
Abomasnow,26/101,Uncommon,PLB
Tirtouga,27/101,Uncommon,PLB
Carracosta,28/101,Rare,PLB
Ducklett,29/101,Common,PLB
Kyurem-EX,30/101,Rare Holo EX,PLB
Tynamo,31/101,Common,PLB
Eelektrik,32/101,Uncommon,PLB
Eelektross,33/101,Rare Holo,PLB
Drifloon,34/101,Common,PLB
Drifblim,35/101,Rare,PLB
Uxie,36/101,Rare,PLB
Mesprit,37/101,Rare Holo,PLB
Azelf,38/101,Rare,PLB
Munna,39/101,Common,PLB
Musharna,40/101,Uncommon,PLB
Sigilyph,41/101,Rare Holo,PLB
Solosis,42/101,Common,PLB
Duosion,43/101,Uncommon,PLB
Reuniclus,44/101,Rare,PLB
Golett,45/101,Common,PLB
Golurk,46/101,Rare Holo,PLB
Machop,47/101,Common,PLB
Machoke,48/101,Uncommon,PLB
Machamp,49/101,Rare Holo,PLB
Machamp,50/101,Rare,PLB
Throh,51/101,Common,PLB
Sawk,52/101,Common,PLB
Archen,53/101,Uncommon,PLB
Archeops,54/101,Rare Holo,PLB
Houndour,55/101,Common,PLB
Houndoom,56/101,Rare Holo,PLB
Aron,57/101,Common,PLB
Lairon,58/101,Uncommon,PLB
Aggron,59/101,Rare,PLB
Jirachi-EX,60/101,Rare Holo EX,PLB
Escavalier,61/101,Rare,PLB
Bagon,62/101,Common,PLB
Shelgon,63/101,Uncommon,PLB
Salamence,64/101,Rare Holo,PLB
Dialga-EX,65/101,Rare Holo EX,PLB
Palkia-EX,66/101,Rare Holo EX,PLB
Axew,67/101,Common,PLB
Fraxure,68/101,Uncommon,PLB
Haxorus,69/101,Rare Holo,PLB
Druddigon,70/101,Common,PLB
Kangaskhan,71/101,Common,PLB
Porygon,72/101,Common,PLB
Porygon2,73/101,Uncommon,PLB
Porygon-Z,74/101,Rare Holo,PLB
Teddiursa,75/101,Common,PLB
Ursaring,76/101,Uncommon,PLB
Chatot,77/101,Uncommon,PLB
Caitlin,78/101,Uncommon,PLB
Fóssil Casca,79/101,Uncommon,PLB
Recuperação de Energia,80/101,Uncommon,PLB
Iris,81/101,Uncommon,PLB
Fóssil Pluma,82/101,Uncommon,PLB
Pegador de Pokémon,83/101,Uncommon,PLB
Professora Juniper,84/101,Uncommon,PLB
Doce Raro,85/101,Uncommon,PLB
Gatilho Reverso,86/101,Uncommon,PLB
Fóssil Raiz Lileep,87/101,Uncommon,PLB
Bracelete de Prata,88/101,Uncommon,PLB
Espelho de Prata,89/101,Uncommon,PLB
Ultra Bola,90/101,Uncommon,PLB
Energia de Plasma,91/101,Uncommon,PLB
Booster G,92/101,Rare ACE,PLB
Alvo G,93/101,Rare ACE,PLB
Bola Mestra,94/101,Rare ACE,PLB
Recolhida Ciclone,95/101,Rare ACE,PLB
Virizion-EX,96/101,Rare Ultra,PLB
Genesect-EX,97/101,Rare Ultra,PLB
Jirachi-EX,98/101,Rare Ultra,PLB
Dialga-EX,99/101,Rare Ultra,PLB
Palkia-EX,100/101,Rare Ultra,PLB
Iris,101/101,Rare Ultra,PLB
Exeggcute,102/101,Rare Secret,PLB
Virizion,103/101,Rare Secret,PLB
Dusknoir,104/101,Rare Secret,PLB
Doce Raro,105/101,Rare Secret,PLB
Weedle,1/116,Common,PLF
Kakuna,2/116,Uncommon,PLF
Beedrill,3/116,Rare,PLF
Exeggcute,4/116,Uncommon,PLF
Exeggutor,5/116,Rare,PLF
Treecko,6/116,Common,PLF
Grovyle,7/116,Uncommon,PLF
Sceptile,8/116,Rare Holo,PLF
Cacnea,9/116,Common,PLF
Cacturne,10/116,Rare,PLF
Leafeon,11/116,Rare,PLF
Flareon,12/116,Uncommon,PLF
Heatran-EX,13/116,Rare Holo EX,PLF
Litwick,14/116,Common,PLF
Lampent,15/116,Uncommon,PLF
Chandelure,16/116,Rare Holo,PLF
Reshiram,17/116,Rare Holo,PLF
Horsea,18/116,Common,PLF
Seadra,19/116,Uncommon,PLF
Vaporeon,20/116,Uncommon,PLF
Wooper,21/116,Common,PLF
Quagsire,22/116,Rare,PLF
Glaceon,23/116,Rare,PLF
Tympole,24/116,Common,PLF
Palpitoad,25/116,Uncommon,PLF
Seismitoad,26/116,Rare,PLF
Vanillite,27/116,Common,PLF
Vanillish,28/116,Uncommon,PLF
Vanilluxe,29/116,Rare,PLF
Cryogonal,30/116,Uncommon,PLF
Kyurem,31/116,Rare Holo,PLF
Voltorb,32/116,Common,PLF
Electrode,33/116,Rare Holo,PLF
Jolteon,34/116,Uncommon,PLF
Chinchou,35/116,Common,PLF
Lanturn,36/116,Uncommon,PLF
Pachirisu,37/116,Common,PLF
Thundurus-EX,38/116,Rare Holo EX,PLF
Zekrom,39/116,Rare Holo,PLF
Nidoran♀,40/116,Common,PLF
Nidorina,41/116,Uncommon,PLF
Nidoqueen,42/116,Rare,PLF
Nidoran♂,43/116,Common,PLF
Nidorino,44/116,Uncommon,PLF
Grimer,45/116,Common,PLF
Muk,46/116,Rare,PLF
Mr. Mime,47/116,Rare,PLF
Espeon,48/116,Uncommon,PLF
Sableye,49/116,Rare,PLF
Beldum,50/116,Common,PLF
Metang,51/116,Uncommon,PLF
Metagross,52/116,Rare Holo,PLF
Deoxys-EX,53/116,Rare Holo EX,PLF
Yamask,54/116,Common,PLF
Yamask,55/116,Common,PLF
Cofagrigus,56/116,Rare Holo,PLF
Cofagrigus,57/116,Rare,PLF
Nidoking,58/116,Rare,PLF
Mankey,59/116,Common,PLF
Primeape,60/116,Common,PLF
Onix,61/116,Uncommon,PLF
Makuhita,62/116,Common,PLF
Hariyama,63/116,Rare,PLF
Umbreon,64/116,Rare Holo,PLF
Sneasel,65/116,Common,PLF
Weavile,66/116,Rare,PLF
Absol,67/116,Rare Holo,PLF
Sandile,68/116,Common,PLF
Krokorok,69/116,Uncommon,PLF
Krookodile,70/116,Rare,PLF
Pawniard,71/116,Common,PLF
Pawniard,72/116,Common,PLF
Bisharp,73/116,Rare,PLF
Bisharp,74/116,Uncommon,PLF
Deino,75/116,Common,PLF
Deino,76/116,Common,PLF
Zweilous,77/116,Uncommon,PLF
Hydreigon,78/116,Rare Holo,PLF
Steelix,79/116,Rare,PLF
Mawile,80/116,Uncommon,PLF
Dratini,81/116,Common,PLF
Dragonair,82/116,Uncommon,PLF
Dragonite,83/116,Rare Holo,PLF
Kingdra,84/116,Rare Holo,PLF
Latias-EX,85/116,Rare Holo EX,PLF
Latios-EX,86/116,Rare Holo EX,PLF
Rattata,87/116,Common,PLF
Raticate,88/116,Rare,PLF
Eevee,89/116,Common,PLF
Eevee,90/116,Common,PLF
Hoothoot,91/116,Common,PLF
Noctowl,92/116,Uncommon,PLF
Miltank,93/116,Uncommon,PLF
Kecleon,94/116,Rare,PLF
Starly,95/116,Common,PLF
Staravia,96/116,Uncommon,PLF
Staraptor,97/116,Rare,PLF
Tornadus-EX,98/116,Rare Holo EX,PLF
Pedra Flutuante,99/116,Uncommon,PLF
Cidade Congelada,100/116,Uncommon,PLF
Ghetsis,101/116,Rare Holo,PLF
Tríade das Sombras,102/116,Uncommon,PLF
Recuperação de Energia Superior,103/116,Uncommon,PLF
Insígnia da Equipe Plasma,104/116,Uncommon,PLF
Bola da Equipe Plasma,105/116,Uncommon,PLF
Energia de Plasma,106/116,Uncommon,PLF
Orvalho da Vida,107/116,Rare ACE,PLF
Protetor de Pedras,108/116,Rare ACE,PLF
Heatran-EX,109/116,Rare Ultra,PLF
Thundurus-EX,110/116,Rare Ultra,PLF
Deoxys-EX,111/116,Rare Ultra,PLF
Latias-EX,112/116,Rare Ultra,PLF
Latios-EX,113/116,Rare Ultra,PLF
Tornadus-EX,114/116,Rare Ultra,PLF
Ghetsis,115/116,Rare Ultra,PLF
Professora Juniper,116/116,Rare Ultra,PLF
Empoleon,117/116,Rare Secret,PLF
Sigilyph,118/116,Rare Secret,PLF
Garbodor,119/116,Rare Secret,PLF
Garchomp,120/116,Rare Secret,PLF
Poção Máxima,121/116,Rare Secret,PLF
Ultra Bola,122/116,Rare Secret,PLF
Turtwig,1/135,Common,PLS
Grotle,2/135,Uncommon,PLS
Torterra,3/135,Rare,PLS
Combee,4/135,Common,PLS
Vespiquen,5/135,Rare,PLS
Cherubi,6/135,Common,PLS
Cherrim,7/135,Rare,PLS
Sewaddle,8/135,Common,PLS
Swadloon,9/135,Uncommon,PLS
Leavanny,10/135,Rare,PLS
Maractus,11/135,Uncommon,PLS
Foongus,12/135,Common,PLS
Amoonguss,13/135,Uncommon,PLS
Moltres-EX,14/135,Rare Holo EX,PLS
Chimchar,15/135,Common,PLS
Monferno,16/135,Uncommon,PLS
Infernape,17/135,Rare Holo,PLS
Victini-EX,18/135,Rare Holo EX,PLS
Pansear,19/135,Common,PLS
Simisear,20/135,Uncommon,PLS
Litwick,21/135,Common,PLS
Lampent,22/135,Uncommon,PLS
Heatmor,23/135,Uncommon,PLS
Squirtle,24/135,Common,PLS
Articuno-EX,25/135,Rare Holo EX,PLS
Swinub,26/135,Common,PLS
Piloswine,27/135,Uncommon,PLS
Mamoswine,28/135,Rare,PLS
Lotad,29/135,Common,PLS
Lombre,30/135,Uncommon,PLS
Ludicolo,31/135,Rare,PLS
Carvanha,32/135,Common,PLS
Sharpedo,33/135,Rare,PLS
Manaphy,34/135,Rare Holo,PLS
Vanillite,35/135,Common,PLS
Vanillish,36/135,Uncommon,PLS
Vanilluxe,37/135,Rare,PLS
Frillish,38/135,Common,PLS
Jellicent,39/135,Rare,PLS
Cubchoo,40/135,Common,PLS
Beartic,41/135,Rare,PLS
Magnemite,42/135,Common,PLS
Magnemite,43/135,Common,PLS
Magneton,44/135,Uncommon,PLS
Magneton,45/135,Uncommon,PLS
Magnezone,46/135,Rare Holo,PLS
Magnezone,47/135,Rare,PLS
Zapdos-EX,48/135,Rare Holo EX,PLS
Rotom,49/135,Uncommon,PLS
Joltik,50/135,Common,PLS
Galvantula,51/135,Uncommon,PLS
Zubat,52/135,Common,PLS
Zubat,53/135,Common,PLS
Golbat,54/135,Uncommon,PLS
Crobat,55/135,Rare Holo,PLS
Koffing,56/135,Common,PLS
Koffing,57/135,Uncommon,PLS
Weezing,58/135,Rare Holo,PLS
Ralts,59/135,Common,PLS
Kirlia,60/135,Uncommon,PLS
Gallade,61/135,Rare Holo,PLS
Giratina,62/135,Rare,PLS
Trubbish,63/135,Uncommon,PLS
Trubbish,64/135,Common,PLS
Trubbish,65/135,Common,PLS
Garbodor,66/135,Rare Holo,PLS
Garbodor,67/135,Rare,PLS
Elgyem,68/135,Common,PLS
Elgyem,69/135,Uncommon,PLS
Beheeyem,70/135,Rare,PLS
Phanpy,71/135,Common,PLS
Donphan,72/135,Uncommon,PLS
Lunatone,73/135,Uncommon,PLS
Solrock,74/135,Uncommon,PLS
Riolu,75/135,Common,PLS
Riolu,76/135,Common,PLS
Lucario,77/135,Uncommon,PLS
Lucario,78/135,Rare Holo,PLS
Timburr,79/135,Common,PLS
Gurdurr,80/135,Uncommon,PLS
Conkeldurr,81/135,Rare,PLS
Purrloin,82/135,Common,PLS
Purrloin,83/135,Common,PLS
Liepard,84/135,Rare,PLS
Scraggy,85/135,Common,PLS
Scrafty,86/135,Rare,PLS
Skarmory,87/135,Rare,PLS
Klink,88/135,Common,PLS
Klang,89/135,Uncommon,PLS
Klinklang,90/135,Rare Holo,PLS
Durant,91/135,Uncommon,PLS
Durant,92/135,Uncommon,PLS
Cobalion-EX,93/135,Rare Holo EX,PLS
Druddigon,94/135,Rare,PLS
Kyurem Preto-EX,95/135,Rare Holo EX,PLS
Kyurem Branco-EX,96/135,Rare Holo EX,PLS
Clefairy,97/135,Common,PLS
Clefable,98/135,Rare,PLS
Doduo,99/135,Common,PLS
Dodrio,100/135,Rare,PLS
Snorlax,101/135,Rare,PLS
Togepi,102/135,Common,PLS
Togetic,103/135,Uncommon,PLS
Togekiss,104/135,Rare Holo,PLS
Whismur,105/135,Common,PLS
Loudred,106/135,Uncommon,PLS
Exploud,107/135,Rare,PLS
Lugia-EX,108/135,Rare Holo EX,PLS
Skitty,109/135,Common,PLS
Patrat,110/135,Common,PLS
Patrat,111/135,Common,PLS
Watchog,112/135,Uncommon,PLS
Watchog,113/135,Rare,PLS
Bouffalant,114/135,Rare,PLS
Rufflet,115/135,Common,PLS
Braviary,116/135,Rare,PLS
Bicicleta,117/135,Uncommon,PLS
Colress,118/135,Uncommon,PLS
Máquina Colress,119/135,Uncommon,PLS
Corda de Fuga,120/135,Uncommon,PLS
Éter,121/135,Uncommon,PLS
Eviolite,122/135,Uncommon,PLS
Laser Hipnotóxico,123/135,Uncommon,PLS
Fragata de Plasma,124/135,Uncommon,PLS
Grunhido da Equipe Plasma,125/135,Uncommon,PLS
Ginásio da Cidade de Virbank,126/135,Uncommon,PLS
Energia de Plasma,127/135,Uncommon,PLS
Máquina de Prospecção,128/135,Rare ACE,PLS
Chave de Embaralhamento,129/135,Rare ACE,PLS
Peça da Vitória,130/135,Rare ACE,PLS
Victini-EX,131/135,Rare Ultra,PLS
Articuno-EX,132/135,Rare Ultra,PLS
Cobalion-EX,133/135,Rare Ultra,PLS
Lugia-EX,134/135,Rare Ultra,PLS
Colress,135/135,Rare Ultra,PLS
Charizard,136/135,Rare Secret,PLS
Blastoise,137/135,Rare Secret,PLS
Receptor Aleatório,138/135,Rare Secret,PLS
Dialga,1/130,Rare Holo,DP
Dusknoir,2/130,Rare Holo,DP
Electivire,3/130,Rare Holo,DP
Empoleon,4/130,Rare Holo,DP
Infernape,5/130,Rare Holo,DP
Lucario,6/130,Rare Holo,DP
Luxray,7/130,Rare Holo,DP
Magnezone,8/130,Rare Holo,DP
Manaphy,9/130,Rare Holo,DP
Mismagius,10/130,Rare Holo,DP
Palkia,11/130,Rare Holo,DP
Rhyperior,12/130,Rare Holo,DP
Roserade,13/130,Rare Holo,DP
Shiftry,14/130,Rare Holo,DP
Skuntank,15/130,Rare Holo,DP
Staraptor,16/130,Rare Holo,DP
Torterra,17/130,Rare Holo,DP
Azumarill,18/130,Rare,DP
Beautifly,19/130,Rare,DP
Bibarel,20/130,Rare,DP
Carnivine,21/130,Rare,DP
Clefable,22/130,Rare,DP
Drapion,23/130,Rare,DP
Drifblim,24/130,Rare,DP
Dustox,25/130,Rare,DP
Floatzel,26/130,Rare,DP
Gengar,27/130,Rare,DP
Heracross,28/130,Rare,DP
Hippowdon,29/130,Rare,DP
Lopunny,30/130,Rare,DP
Machamp,31/130,Rare,DP
Medicham,32/130,Rare,DP
Munchlax,33/130,Rare,DP
Noctowl,34/130,Rare,DP
Pachirisu,35/130,Rare,DP
Purugly,36/130,Rare,DP
Snorlax,37/130,Rare,DP
Steelix,38/130,Rare,DP
Vespiquen,39/130,Rare,DP
Weavile,40/130,Rare,DP
Wobbuffet,41/130,Rare,DP
Wynaut,42/130,Rare,DP
Budew,43/130,Uncommon,DP
Cascoon,44/130,Uncommon,DP
Cherrim,45/130,Uncommon,DP
Drifloon,46/130,Uncommon,DP
Dusclops,47/130,Uncommon,DP
Elekid,48/130,Uncommon,DP
Grotle,49/130,Uncommon,DP
Haunter,50/130,Uncommon,DP
Hippopotas,51/130,Uncommon,DP
Luxio,52/130,Uncommon,DP
Machoke,53/130,Uncommon,DP
Magneton,54/130,Uncommon,DP
Mantyke,55/130,Uncommon,DP
Monferno,56/130,Uncommon,DP
Nuzleaf,57/130,Uncommon,DP
Prinplup,58/130,Uncommon,DP
Rapidash,59/130,Uncommon,DP
Rhydon,60/130,Uncommon,DP
Riolu,61/130,Uncommon,DP
Seaking,62/130,Uncommon,DP
Silcoon,63/130,Uncommon,DP
Staravia,64/130,Uncommon,DP
Unown [A],65/130,Uncommon,DP
Unown [B],66/130,Uncommon,DP
Unown [C],67/130,Uncommon,DP
Unown [D],68/130,Uncommon,DP
Azurill,69/130,Common,DP
Bidoof,70/130,Common,DP
Bonsly,71/130,Common,DP
Buizel,72/130,Common,DP
Buneary,73/130,Common,DP
Chatot,74/130,Common,DP
Cherubi,75/130,Common,DP
Chimchar,76/130,Common,DP
Clefairy,77/130,Common,DP
Cleffa,78/130,Common,DP
Combee,79/130,Common,DP
Duskull,80/130,Common,DP
Electabuzz,81/130,Common,DP
Gastly,82/130,Common,DP
Glameow,83/130,Common,DP
Goldeen,84/130,Common,DP
Hoothoot,85/130,Common,DP
Machop,86/130,Common,DP
Magnemite,87/130,Common,DP
Marill,88/130,Common,DP
Meditite,89/130,Common,DP
Mime Jr.,90/130,Common,DP
Misdreavus,91/130,Common,DP
Onix,92/130,Common,DP
Piplup,93/130,Common,DP
Ponyta,94/130,Common,DP
Rhyhorn,95/130,Common,DP
Roselia,96/130,Common,DP
Seedot,97/130,Common,DP
Shinx,98/130,Common,DP
Skorupi,99/130,Common,DP
Sneasel,100/130,Common,DP
Starly,101/130,Common,DP
Stunky,102/130,Common,DP
Turtwig,103/130,Common,DP
Wurmple,104/130,Common,DP
Double Full Heal,105/130,Uncommon,DP
Energy Restore,106/130,Uncommon,DP
Energy Switch,107/130,Uncommon,DP
Night Pokémon Center,108/130,Uncommon,DP
PlusPower,109/130,Uncommon,DP
Poké Ball,110/130,Uncommon,DP
Pokédex HANDY910is,111/130,Uncommon,DP
Professor Rowan,112/130,Uncommon,DP
Rival,113/130,Uncommon,DP
Speed Stadium,114/130,Uncommon,DP
Super Scoop Up,115/130,Uncommon,DP
Warp Point,116/130,Uncommon,DP
Energy Search,117/130,Common,DP
Potion,118/130,Common,DP
Switch,119/130,Common,DP
Empoleon LV.X,120/130,Rare Holo LV.X,DP
Infernape LV.X,121/130,Rare Holo LV.X,DP
Torterra LV.X,122/130,Rare Holo LV.X,DP
Grass Energy,123/130,Common,DP
Fire Energy,124/130,Common,DP
Water Energy,125/130,Common,DP
Lightning Energy,126/130,Common,DP
Psychic Energy,127/130,Common,DP
Fighting Energy,128/130,Common,DP
Darkness Energy,129/130,Common,DP
Metal Energy,130/130,Common,DP
Turtwig,DP01/56,Promo,DPP
Chimchar,DP02/56,Promo,DPP
Piplup,DP03/56,Promo,DPP
Pachirisu,DP04/56,Promo,DPP
Tropical Wind,DP05/56,Promo,DPP
Buneary,DP06/56,Promo,DPP
Cranidos,DP07/56,Promo,DPP
Shieldon,DP08/56,Promo,DPP
Torterra LV.X,DP09/56,Promo,DPP
Infernape LV.X,DP10/56,Promo,DPP
Empoleon LV.X,DP11/56,Promo,DPP
Lucario LV.X,DP12/56,Promo,DPP
Buizel,DP13/56,Promo,DPP
Chatot,DP14/56,Promo,DPP
Shinx,DP15/56,Promo,DPP
Pikachu,DP16/56,Promo,DPP
Dialga LV.X,DP17/56,Promo,DPP
Palkia LV.X,DP18/56,Promo,DPP
Darkrai LV.X,DP19/56,Promo,DPP
Magmortar,DP20/56,Promo,DPP
Raichu,DP21/56,Promo,DPP
Mime Jr.,DP22/56,Promo,DPP
Glameow,DP23/56,Promo,DPP
Darkrai,DP24/56,Promo,DPP
Tropical Wind,DP25/56,Promo,DPP
Dialga,DP26/56,Promo,DPP
Palkia,DP27/56,Promo,DPP
Mewtwo LV.X,DP28/56,Promo,DPP
Rhyperior LV.X,DP29/56,Promo,DPP
Regigigas LV.X,DP30/56,Promo,DPP
Heatran LV.X,DP31/56,Promo,DPP
Magnezone,DP32/56,Promo,DPP
Dusknoir,DP33/56,Promo,DPP
Drifblim,DP34/56,Promo,DPP
Porygon-Z,DP35/56,Promo,DPP
Gliscor,DP36/56,Promo,DPP
Dialga LV.X,DP37/56,Promo,DPP
Giratina LV.X,DP38/56,Promo,DPP
Shaymin LV.X,DP39/56,Promo,DPP
Regigigas,DP40/56,Promo,DPP
Toxicroak G,DP41/56,Promo,DPP
Carnivine G,DP42/56,Promo,DPP
Probopass G,DP43/56,Promo,DPP
Magnezone,DP44/56,Promo,DPP
Charizard G LV.X,DP45/56,Promo,DPP
Garchomp C LV.X,DP46/56,Promo,DPP
Rayquaza C LV.X,DP47/56,Promo,DPP
Tropical Wind,DP48/56,Promo,DPP
Dialga,DP49/56,Promo,DPP
Arceus,DP50/56,Promo,DPP
Cresselia,DP51/56,Promo,DPP
Darkrai,DP52/56,Promo,DPP
Arceus LV.X,DP53/56,Promo,DPP
Beginning Door,DP54/56,Promo,DPP
Ultimate Zone,DP55/56,Promo,DPP
Arceus LV.X,DP56/56,Promo,DPP
Blaziken,1/106,Rare Holo,GE
Cresselia,2/106,Rare Holo,GE
Darkrai,3/106,Rare Holo,GE
Darkrai,4/106,Rare Holo,GE
Pachirisu,5/106,Rare Holo,GE
Porygon-Z,6/106,Rare Holo,GE
Rotom,7/106,Rare Holo,GE
Sceptile,8/106,Rare Holo,GE
Swampert,9/106,Rare Holo,GE
Tangrowth,10/106,Rare Holo,GE
Togekiss,11/106,Rare Holo,GE
Altaria,12/106,Rare,GE
Beedrill,13/106,Rare,GE
Butterfree,14/106,Rare,GE
Claydol,15/106,Rare,GE
Dialga,16/106,Rare,GE
Exploud,17/106,Rare,GE
Houndoom,18/106,Rare,GE
Hypno,19/106,Rare,GE
Kingler,20/106,Rare,GE
Lapras,21/106,Rare,GE
Latias,22/106,Rare,GE
Latios,23/106,Rare,GE
Mawile,24/106,Rare,GE
Milotic,25/106,Rare,GE
Palkia,26/106,Rare,GE
Primeape,27/106,Rare,GE
Slowking,28/106,Rare,GE
Unown [H],29/106,Rare,GE
Wailord,30/106,Rare,GE
Weezing,31/106,Rare,GE
Wigglytuff,32/106,Rare,GE
Arbok,33/106,Uncommon,GE
Cacturne,34/106,Uncommon,GE
Combusken,35/106,Uncommon,GE
Delibird,36/106,Uncommon,GE
Floatzel,37/106,Uncommon,GE
Gorebyss,38/106,Uncommon,GE
Granbull,39/106,Uncommon,GE
Grovyle,40/106,Common,GE
Hariyama,41/106,Uncommon,GE
Huntail,42/106,Uncommon,GE
Linoone,43/106,Uncommon,GE
Loudred,44/106,Uncommon,GE
Magcargo,45/106,Uncommon,GE
Marshtomp,46/106,Uncommon,GE
Metapod,47/106,Uncommon,GE
Pelipper,48/106,Uncommon,GE
Porygon2,49/106,Uncommon,GE
Purugly,50/106,Uncommon,GE
Relicanth,51/106,Uncommon,GE
Seviper,52/106,Uncommon,GE
Skarmory,53/106,Uncommon,GE
Slowbro,54/106,Uncommon,GE
Togetic,55/106,Uncommon,GE
Unown [F],56/106,Uncommon,GE
Unown [G],57/106,Uncommon,GE
Wailmer,58/106,Uncommon,GE
Zangoose,59/106,Uncommon,GE
Baltoy,60/106,Common,GE
Buizel,61/106,Common,GE
Cacnea,62/106,Common,GE
Caterpie,63/106,Common,GE
Clamperl,64/106,Common,GE
Drowzee,65/106,Common,GE
Ekans,66/106,Common,GE
Feebas,67/106,Common,GE
Glameow,68/106,Common,GE
Houndour,69/106,Common,GE
Igglybuff,70/106,Common,GE
Illumise,71/106,Common,GE
Jigglypuff,72/106,Common,GE
Kakuna,73/106,Common,GE
Koffing,74/106,Common,GE
Krabby,75/106,Common,GE
Lunatone,76/106,Common,GE
Luvdisc,77/106,Common,GE
Makuhita,78/106,Common,GE
Mankey,79/106,Common,GE
Mudkip,80/106,Common,GE
Porygon,81/106,Common,GE
Slowpoke,82/106,Common,GE
Slugma,83/106,Common,GE
Snubbull,84/106,Common,GE
Solrock,85/106,Common,GE
Swablu,86/106,Common,GE
Tangela,87/106,Common,GE
Togepi,88/106,Common,GE
Torchic,89/106,Common,GE
Treecko,90/106,Common,GE
Unown [L],91/106,Common,GE
Volbeat,92/106,Common,GE
Weedle,93/106,Common,GE
Whismur,94/106,Common,GE
Wingull,95/106,Common,GE
Zigzagoon,96/106,Common,GE
Amulet Coin,97/106,Uncommon,GE
Felicity's Drawing,98/106,Uncommon,GE
Leftovers,99/106,Uncommon,GE
Moonlight Stadium,100/106,Uncommon,GE
Premier Ball,101/106,Uncommon,GE
Rare Candy,102/106,Uncommon,GE
Cresselia LV.X,103/106,Rare Holo LV.X,GE
Darkrai LV.X,104/106,Rare Holo LV.X,GE
Dialga LV.X,105/106,Rare Holo LV.X,GE
Palkia LV.X,106/106,Rare Holo LV.X,GE
Deoxys Normal Forme,1/146,Rare Holo,LA
Dragonite,2/146,Rare Holo,LA
Froslass,3/146,Rare Holo,LA
Giratina,4/146,Rare Holo,LA
Gliscor,5/146,Rare Holo,LA
Heatran,6/146,Rare Holo,LA
Kingdra,7/146,Rare Holo,LA
Luxray,8/146,Rare Holo,LA
Mamoswine,9/146,Rare Holo,LA
Metagross,10/146,Rare Holo,LA
Mewtwo,11/146,Rare Holo,LA
Politoed,12/146,Rare Holo,LA
Probopass,13/146,Rare Holo,LA
Rayquaza,14/146,Rare Holo,LA
Regigigas,15/146,Rare Holo,LA
Spiritomb,16/146,Rare Holo,LA
Yanmega,17/146,Rare Holo,LA
Armaldo,18/146,Rare,LA
Azelf,19/146,Rare,LA
Bellossom,20/146,Rare,LA
Cradily,21/146,Rare,LA
Crawdaunt,22/146,Rare,LA
Delcatty,23/146,Rare,LA
Deoxys Attack Forme,24/146,Rare,LA
Deoxys Defense Forme,25/146,Rare,LA
Deoxys Speed Forme,26/146,Rare,LA
Ditto,27/146,Rare,LA
Forretress,28/146,Rare,LA
Groudon,29/146,Rare,LA
Heatran,30/146,Rare,LA
Jirachi,31/146,Rare,LA
Kyogre,32/146,Rare,LA
Lopunny,33/146,Rare,LA
Mesprit,34/146,Rare,LA
Poliwrath,35/146,Rare,LA
Regice,36/146,Rare,LA
Regigigas,37/146,Rare,LA
Regirock,38/146,Rare,LA
Registeel,39/146,Rare,LA
Shedinja,40/146,Rare,LA
Torkoal,41/146,Rare,LA
Unown [!],42/146,Rare,LA
Uxie,43/146,Rare,LA
Victreebel,44/146,Rare,LA
Vileplume,45/146,Rare,LA
Anorith,46/146,Uncommon,LA
Camerupt,47/146,Uncommon,LA
Castform,48/146,Uncommon,LA
Castform Rain Form,49/146,Uncommon,LA
Castform Snow-Cloud Form,50/146,Uncommon,LA
Castform Sunny Form,51/146,Uncommon,LA
Dragonair,52/146,Uncommon,LA
Drifblim,53/146,Uncommon,LA
Exeggutor,54/146,Uncommon,LA
Gliscor,55/146,Uncommon,LA
Grumpig,56/146,Uncommon,LA
Houndoom,57/146,Uncommon,LA
Lanturn,58/146,Uncommon,LA
Lanturn,59/146,Uncommon,LA
Ledian,60/146,Uncommon,LA
Lucario,61/146,Uncommon,LA
Luxio,62/146,Uncommon,LA
Marowak,63/146,Uncommon,LA
Metang,64/146,Uncommon,LA
Metang,65/146,Uncommon,LA
Mightyena,66/146,Uncommon,LA
Ninjask,67/146,Uncommon,LA
Persian,68/146,Uncommon,LA
Piloswine,69/146,Uncommon,LA
Seadra,70/146,Uncommon,LA
Starmie,71/146,Uncommon,LA
Swalot,72/146,Uncommon,LA
Swellow,73/146,Uncommon,LA
Tauros,74/146,Uncommon,LA
Tentacruel,75/146,Uncommon,LA
Unown [J],76/146,Uncommon,LA
Unown [R],77/146,Uncommon,LA
Unown [U],78/146,Uncommon,LA
Unown [V],79/146,Uncommon,LA
Unown [W],80/146,Uncommon,LA
Unown [Y],81/146,Uncommon,LA
Unown [?],82/146,Uncommon,LA
Beldum,83/146,Common,LA
Beldum,84/146,Common,LA
Bellsprout,85/146,Common,LA
Buneary,86/146,Common,LA
Chinchou,87/146,Common,LA
Chinchou,88/146,Common,LA
Corphish,89/146,Common,LA
Cubone,90/146,Common,LA
Dratini,91/146,Common,LA
Drifloon,92/146,Common,LA
Exeggcute,93/146,Common,LA
Gligar,94/146,Common,LA
Gligar,95/146,Common,LA
Gloom,96/146,Common,LA
Gloom,97/146,Common,LA
Gulpin,98/146,Common,LA
Hitmonchan,99/146,Common,LA
Hitmonlee,100/146,Common,LA
Hitmontop,101/146,Common,LA
Horsea,102/146,Common,LA
Houndour,103/146,Common,LA
Ledyba,104/146,Common,LA
Lileep,105/146,Common,LA
Meowth,106/146,Common,LA
Misdreavus,107/146,Common,LA
Nincada,108/146,Common,LA
Nosepass,109/146,Common,LA
Numel,110/146,Common,LA
Oddish,111/146,Common,LA
Oddish,112/146,Common,LA
Pineco,113/146,Common,LA
Poliwag,114/146,Common,LA
Poliwhirl,115/146,Common,LA
Poochyena,116/146,Common,LA
Riolu,117/146,Common,LA
Shinx,118/146,Common,LA
Skitty,119/146,Common,LA
Sneasel,120/146,Common,LA
Spoink,121/146,Common,LA
Staryu,122/146,Common,LA
Swinub,123/146,Common,LA
Taillow,124/146,Common,LA
Tentacool,125/146,Common,LA
Tyrogue,126/146,Common,LA
Weepinbell,127/146,Common,LA
Yanma,128/146,Common,LA
Bubble Coat,129/146,Uncommon,LA
Buck's Training,130/146,Uncommon,LA
Cynthia's Feelings,131/146,Uncommon,LA
Energy Pickup,132/146,Uncommon,LA
Poké Radar,133/146,Uncommon,LA
Snowpoint Temple,134/146,Uncommon,LA
Stark Mountain,135/146,Uncommon,LA
Technical Machine TS-1,136/146,Uncommon,LA
Technical Machine TS-2,137/146,Uncommon,LA
Claw Fossil,138/146,Common,LA
Root Fossil,139/146,Common,LA
Azelf LV.X,140/146,Rare Holo LV.X,LA
Gliscor LV.X,141/146,Rare Holo LV.X,LA
Magnezone LV.X,142/146,Rare Holo LV.X,LA
Mesprit LV.X,143/146,Rare Holo LV.X,LA
Mewtwo LV.X,144/146,Rare Holo LV.X,LA
Rhyperior LV.X,145/146,Rare Holo LV.X,LA
Uxie LV.X,146/146,Rare Holo LV.X,LA
Articuno,1/100,Rare Holo,MD
Cresselia,2/100,Rare Holo,MD
Darkrai,3/100,Rare Holo,MD
Dialga,4/100,Rare Holo,MD
Glaceon,5/100,Rare Holo,MD
Kabutops,6/100,Rare Holo,MD
Leafeon,7/100,Rare Holo,MD
Manaphy,8/100,Rare Holo,MD
Mewtwo,9/100,Rare Holo,MD
Moltres,10/100,Rare Holo,MD
Palkia,11/100,Rare Holo,MD
Phione,12/100,Rare Holo,MD
Rotom,13/100,Rare Holo,MD
Zapdos,14/100,Rare Holo,MD
Aerodactyl,15/100,Rare,MD
Bronzong,16/100,Rare,MD
Empoleon,17/100,Rare,MD
Espeon,18/100,Rare,MD
Flareon,19/100,Rare,MD
Glaceon,20/100,Rare,MD
Hippowdon,21/100,Rare,MD
Infernape,22/100,Rare,MD
Jolteon,23/100,Rare,MD
Leafeon,24/100,Rare,MD
Minun,25/100,Rare,MD
Omastar,26/100,Rare,MD
Phione,27/100,Rare,MD
Plusle,28/100,Rare,MD
Scizor,29/100,Rare,MD
Torterra,30/100,Rare,MD
Toxicroak,31/100,Rare,MD
Umbreon,32/100,Rare,MD
Unown [P],33/100,Rare,MD
Vaporeon,34/100,Rare,MD
Ambipom,35/100,Uncommon,MD
Fearow,36/100,Uncommon,MD
Grotle,37/100,Uncommon,MD
Kangaskhan,38/100,Uncommon,MD
Lickitung,39/100,Uncommon,MD
Manectric,40/100,Uncommon,MD
Monferno,41/100,Uncommon,MD
Mothim,42/100,Uncommon,MD
Pachirisu,43/100,Uncommon,MD
Prinplup,44/100,Uncommon,MD
Raichu,45/100,Uncommon,MD
Scyther,46/100,Uncommon,MD
Staravia,47/100,Uncommon,MD
Sudowoodo,48/100,Uncommon,MD
Unown [Q],49/100,Uncommon,MD
Aipom,50/100,Common,MD
Aipom,51/100,Common,MD
Bronzor,52/100,Common,MD
Buneary,53/100,Common,MD
Burmy Sandy Cloak,54/100,Common,MD
Chatot,55/100,Common,MD
Chimchar,56/100,Common,MD
Chimchar,57/100,Common,MD
Chingling,58/100,Common,MD
Combee,59/100,Common,MD
Croagunk,60/100,Common,MD
Drifloon,61/100,Common,MD
Eevee,62/100,Common,MD
Eevee,63/100,Common,MD
Electrike,64/100,Common,MD
Glameow,65/100,Common,MD
Hippopotas,66/100,Common,MD
Kabuto,67/100,Common,MD
Munchlax,68/100,Common,MD
Omanyte,69/100,Common,MD
Pikachu,70/100,Common,MD
Piplup,71/100,Common,MD
Piplup,72/100,Common,MD
Shellos East Sea,73/100,Common,MD
Spearow,74/100,Common,MD
Starly,75/100,Common,MD
Stunky,76/100,Common,MD
Turtwig,77/100,Common,MD
Turtwig,78/100,Common,MD
Dawn Stadium,79/100,Uncommon,MD
Dusk Ball,80/100,Uncommon,MD
Energy Restore,81/100,Uncommon,MD
Fossil Excavator,82/100,Uncommon,MD
Mom's Kindness,83/100,Uncommon,MD
Old Amber,84/100,Uncommon,MD
Poké Ball,85/100,Uncommon,MD
Quick Ball,86/100,Uncommon,MD
Super Scoop Up,87/100,Uncommon,MD
Warp Point,88/100,Uncommon,MD
Dome Fossil,89/100,Common,MD
Energy Search,90/100,Common,MD
Helix Fossil,91/100,Common,MD
Call Energy,92/100,Uncommon,MD
Darkness Energy,93/100,Uncommon,MD
Health Energy,94/100,Uncommon,MD
Metal Energy,95/100,Uncommon,MD
Recover Energy,96/100,Uncommon,MD
Garchomp LV.X,97/100,Rare Holo LV.X,MD
Glaceon LV.X,98/100,Rare Holo LV.X,MD
Leafeon LV.X,99/100,Rare Holo LV.X,MD
Porygon-Z LV.X,100/100,Rare Holo LV.X,MD
Aggron,1/123,Rare Holo,MT
Alakazam,2/123,Rare Holo,MT
Ambipom,3/123,Rare Holo,MT
Azelf,4/123,Rare Holo,MT
Blissey,5/123,Rare Holo,MT
Bronzong,6/123,Rare Holo,MT
Celebi,7/123,Rare Holo,MT
Feraligatr,8/123,Rare Holo,MT
Garchomp,9/123,Rare Holo,MT
Honchkrow,10/123,Rare Holo,MT
Lumineon,11/123,Rare Holo,MT
Magmortar,12/123,Rare Holo,MT
Meganium,13/123,Rare Holo,MT
Mesprit,14/123,Rare Holo,MT
Raichu,15/123,Rare Holo,MT
Typhlosion,16/123,Rare Holo,MT
Tyranitar,17/123,Rare Holo,MT
Uxie,18/123,Rare Holo,MT
Abomasnow,19/123,Rare,MT
Ariados,20/123,Rare,MT
Bastiodon,21/123,Rare,MT
Chimecho,22/123,Rare,MT
Crobat,23/123,Rare,MT
Exeggutor,24/123,Rare,MT
Glalie,25/123,Rare,MT
Gyarados,26/123,Rare,MT
Kricketune,27/123,Rare,MT
Manectric,28/123,Rare,MT
Mantine,29/123,Rare,MT
Mr. Mime,30/123,Rare,MT
Nidoqueen,31/123,Rare,MT
Ninetales,32/123,Rare,MT
Rampardos,33/123,Rare,MT
Slaking,34/123,Rare,MT
Sudowoodo,35/123,Rare,MT
Toxicroak,36/123,Rare,MT
Unown [I],37/123,Rare,MT
Ursaring,38/123,Rare,MT
Walrein,39/123,Rare,MT
Whiscash,40/123,Rare,MT
Bayleef,41/123,Uncommon,MT
Chingling,42/123,Uncommon,MT
Cranidos,43/123,Uncommon,MT
Croconaw,44/123,Uncommon,MT
Dewgong,45/123,Uncommon,MT
Dodrio,46/123,Uncommon,MT
Dunsparce,47/123,Uncommon,MT
Gabite,48/123,Uncommon,MT
Girafarig,49/123,Uncommon,MT
Golbat,50/123,Uncommon,MT
Graveler,51/123,Uncommon,MT
Happiny,52/123,Uncommon,MT
Lairon,53/123,Uncommon,MT
Magmar,54/123,Uncommon,MT
Masquerain,55/123,Uncommon,MT
Nidorina,56/123,Uncommon,MT
Octillery,57/123,Uncommon,MT
Parasect,58/123,Uncommon,MT
Pupitar,59/123,Uncommon,MT
Quilava,60/123,Uncommon,MT
Sandslash,61/123,Uncommon,MT
Sealeo,62/123,Uncommon,MT
Shieldon,63/123,Uncommon,MT
Tropius,64/123,Uncommon,MT
Unown [E],65/123,Uncommon,MT
Unown [M],66/123,Uncommon,MT
Unown [T],67/123,Uncommon,MT
Vigoroth,68/123,Uncommon,MT
Abra,69/123,Common,MT
Aipom,70/123,Common,MT
Aron,71/123,Common,MT
Barboach,72/123,Common,MT
Bidoof,73/123,Common,MT
Bronzor,74/123,Common,MT
Buizel,75/123,Common,MT
Chansey,76/123,Common,MT
Chikorita,77/123,Common,MT
Croagunk,78/123,Common,MT
Cyndaquil,79/123,Common,MT
Doduo,80/123,Common,MT
Electrike,81/123,Common,MT
Exeggcute,82/123,Common,MT
Finneon,83/123,Common,MT
Geodude,84/123,Common,MT
Gible,85/123,Common,MT
Kricketot,86/123,Common,MT
Larvitar,87/123,Common,MT
Magby,88/123,Common,MT
Magikarp,89/123,Common,MT
Murkrow,90/123,Common,MT
Nidoran ♀,91/123,Common,MT
Paras,92/123,Common,MT
Pichu,93/123,Common,MT
Pikachu,94/123,Common,MT
Remoraid,95/123,Common,MT
Sandshrew,96/123,Common,MT
Seel,97/123,Common,MT
Shinx,98/123,Common,MT
Slakoth,99/123,Common,MT
Snorunt,100/123,Common,MT
Snover,101/123,Common,MT
Spheal,102/123,Common,MT
Spinarak,103/123,Common,MT
Surskit,104/123,Common,MT
Teddiursa,105/123,Common,MT
Totodile,106/123,Common,MT
Vulpix,107/123,Common,MT
Zubat,108/123,Common,MT
Bebe's Search,109/123,Uncommon,MT
Dusk Ball,110/123,Uncommon,MT
Fossil Excavator,111/123,Uncommon,MT
Lake Boundary,112/123,Uncommon,MT
Night Maintenance,113/123,Uncommon,MT
Quick Ball,114/123,Uncommon,MT
Team Galactic's Wager,115/123,Uncommon,MT
Armor Fossil,116/123,Common,MT
Skull Fossil,117/123,Common,MT
Multi Energy,118/123,Rare,MT
Darkness Energy,119/123,Uncommon,MT
Metal Energy,120/123,Uncommon,MT
Electivire LV.X,121/123,Rare Holo LV.X,MT
Lucario LV.X,122/123,Rare Holo LV.X,MT
Magmortar LV.X,123/123,Rare Holo LV.X,MT
Time-Space Distortion,124/123,Rare Secret,MT
Ampharos,1/132,Rare Holo,SW
Blastoise,2/132,Rare Holo,SW
Charizard,3/132,Rare Holo,SW
Entei,4/132,Rare Holo,SW
Flygon,5/132,Rare Holo,SW
Gallade,6/132,Rare Holo,SW
Gardevoir,7/132,Rare Holo,SW
Gastrodon East Sea,8/132,Rare Holo,SW
Gastrodon West Sea,9/132,Rare Holo,SW
Ho-Oh,10/132,Rare Holo,SW
Jumpluff,11/132,Rare Holo,SW
Lickilicky,12/132,Rare Holo,SW
Ludicolo,13/132,Rare Holo,SW
Lugia,14/132,Rare Holo,SW
Mew,15/132,Rare Holo,SW
Raikou,16/132,Rare Holo,SW
Roserade,17/132,Rare Holo,SW
Salamence,18/132,Rare Holo,SW
Suicune,19/132,Rare Holo,SW
Venusaur,20/132,Rare Holo,SW
Absol,21/132,Rare,SW
Arcanine,22/132,Rare,SW
Banette,23/132,Rare,SW
Dugtrio,24/132,Rare,SW
Electivire,25/132,Rare,SW
Electrode,26/132,Rare,SW
Furret,27/132,Rare,SW
Golduck,28/132,Rare,SW
Golem,29/132,Rare,SW
Jynx,30/132,Rare,SW
Magmortar,31/132,Rare,SW
Minun,32/132,Rare,SW
Mothim,33/132,Rare,SW
Nidoking,34/132,Rare,SW
Pidgeot,35/132,Rare,SW
Plusle,36/132,Rare,SW
Sharpedo,37/132,Rare,SW
Sunflora,38/132,Rare,SW
Unown [S],39/132,Rare,SW
Weavile,40/132,Rare,SW
Wormadam Plant Cloak,41/132,Rare,SW
Wormadam Sandy Cloak,42/132,Rare,SW
Wormadam Trash Cloak,43/132,Rare,SW
Xatu,44/132,Rare,SW
Breloom,45/132,Uncommon,SW
Charmeleon,46/132,Uncommon,SW
Cloyster,47/132,Uncommon,SW
Donphan,48/132,Uncommon,SW
Farfetch'd,49/132,Uncommon,SW
Flaaffy,50/132,Uncommon,SW
Ivysaur,51/132,Uncommon,SW
Kecleon,52/132,Uncommon,SW
Kirlia,53/132,Uncommon,SW
Lombre,54/132,Uncommon,SW
Miltank,55/132,Uncommon,SW
Muk,56/132,Uncommon,SW
Nidorino,57/132,Uncommon,SW
Pidgeotto,58/132,Uncommon,SW
Pinsir,59/132,Uncommon,SW
Quagsire,60/132,Uncommon,SW
Raticate,61/132,Uncommon,SW
Roselia,62/132,Uncommon,SW
Sableye,63/132,Uncommon,SW
Shelgon,64/132,Uncommon,SW
Skiploom,65/132,Uncommon,SW
Smeargle,66/132,Uncommon,SW
Smoochum,67/132,Uncommon,SW
Unown [K],68/132,Uncommon,SW
Unown [N],69/132,Uncommon,SW
Unown [O],70/132,Uncommon,SW
Unown [X],71/132,Uncommon,SW
Unown [Z],72/132,Uncommon,SW
Venomoth,73/132,Uncommon,SW
Vibrava,74/132,Uncommon,SW
Wartortle,75/132,Uncommon,SW
Bagon,76/132,Common,SW
Bulbasaur,77/132,Common,SW
Burmy Plant Cloak,78/132,Common,SW
Burmy Sandy Cloak,79/132,Common,SW
Burmy Trash Cloak,80/132,Common,SW
Carvanha,81/132,Common,SW
Charmander,82/132,Common,SW
Clefairy,83/132,Common,SW
Corsola,84/132,Common,SW
Diglett,85/132,Common,SW
Duskull,86/132,Common,SW
Electabuzz,87/132,Common,SW
Grimer,88/132,Common,SW
Growlithe,89/132,Common,SW
Hoppip,90/132,Common,SW
Lickitung,91/132,Common,SW
Lotad,92/132,Common,SW
Magmar,93/132,Common,SW
Mareep,94/132,Common,SW
Murkrow,95/132,Common,SW
Natu,96/132,Common,SW
Nidoran ♂,97/132,Common,SW
Phanpy,98/132,Common,SW
Pidgey,99/132,Common,SW
Psyduck,100/132,Common,SW
Qwilfish,101/132,Common,SW
Ralts,102/132,Common,SW
Rattata,103/132,Common,SW
Sentret,104/132,Common,SW
Shellder,105/132,Common,SW
Shellos East Sea,106/132,Common,SW
Shellos West Sea,107/132,Common,SW
Shroomish,108/132,Common,SW
Shuckle,109/132,Common,SW
Shuppet,110/132,Common,SW
Spinda,111/132,Common,SW
Squirtle,112/132,Common,SW
Stantler,113/132,Common,SW
Sunkern,114/132,Common,SW
Trapinch,115/132,Common,SW
Venonat,116/132,Common,SW
Voltorb,117/132,Common,SW
Wooper,118/132,Common,SW
Bebe's Search,119/132,Uncommon,SW
Night Maintenance,120/132,Uncommon,SW
PlusPower,121/132,Uncommon,SW
Professor Oak's Visit,122/132,Uncommon,SW
Professor Rowan,123/132,Uncommon,SW
Rival,124/132,Uncommon,SW
Roseanne's Research,125/132,Uncommon,SW
Team Galactic's Mars,126/132,Uncommon,SW
Potion,127/132,Common,SW
Switch,128/132,Common,SW
Darkness Energy,129/132,Uncommon,SW
Metal Energy,130/132,Uncommon,SW
Gardevoir LV.X,131/132,Rare Holo LV.X,SW
Honchkrow LV.X,132/132,Rare Holo LV.X,SW
Dusknoir,1/100,Rare Holo,SF
Empoleon,2/100,Rare Holo,SF
Infernape,3/100,Rare Holo,SF
Lumineon,4/100,Rare Holo,SF
Magnezone,5/100,Rare Holo,SF
Magnezone,6/100,Rare Holo,SF
Mismagius,7/100,Rare Holo,SF
Raichu,8/100,Rare Holo,SF
Regigigas,9/100,Rare Holo,SF
Sceptile,10/100,Rare Holo,SF
Torterra,11/100,Rare Holo,SF
Abomasnow,12/100,Rare,SF
Bronzong,13/100,Rare,SF
Cherrim,14/100,Rare,SF
Drapion,15/100,Rare,SF
Drifblim,16/100,Rare,SF
Dusknoir,17/100,Rare,SF
Gengar,18/100,Rare,SF
Gyarados,19/100,Rare,SF
Machamp,20/100,Rare,SF
Mamoswine,21/100,Rare,SF
Rapidash,22/100,Rare,SF
Roserade,23/100,Rare,SF
Salamence,24/100,Rare,SF
Scizor,25/100,Rare,SF
Skuntank,26/100,Rare,SF
Staraptor,27/100,Rare,SF
Steelix,28/100,Rare,SF
Tangrowth,29/100,Rare,SF
Tyranitar,30/100,Rare,SF
Vespiquen,31/100,Rare,SF
Bibarel,32/100,Uncommon,SF
Budew,33/100,Uncommon,SF
Dusclops,34/100,Uncommon,SF
Dusclops,35/100,Uncommon,SF
Electrode,36/100,Uncommon,SF
Electrode,37/100,Uncommon,SF
Farfetch'd,38/100,Uncommon,SF
Grovyle,39/100,Uncommon,SF
Haunter,40/100,Uncommon,SF
Machoke,41/100,Uncommon,SF
Magneton,42/100,Uncommon,SF
Magneton,43/100,Uncommon,SF
Miltank,44/100,Uncommon,SF
Pichu,45/100,Uncommon,SF
Piloswine,46/100,Uncommon,SF
Pupitar,47/100,Uncommon,SF
Sableye,48/100,Uncommon,SF
Scyther,49/100,Uncommon,SF
Shelgon,50/100,Uncommon,SF
Skarmory,51/100,Uncommon,SF
Staravia,52/100,Uncommon,SF
Bagon,53/100,Common,SF
Bidoof,54/100,Common,SF
Bronzor,55/100,Common,SF
Cherubi,56/100,Common,SF
Combee,57/100,Common,SF
Drifloon,58/100,Common,SF
Duskull,59/100,Common,SF
Duskull,60/100,Common,SF
Finneon,61/100,Common,SF
Gastly,62/100,Common,SF
Larvitar,63/100,Common,SF
Machop,64/100,Common,SF
Magikarp,65/100,Common,SF
Magnemite,66/100,Common,SF
Magnemite,67/100,Common,SF
Misdreavus,68/100,Common,SF
Onix,69/100,Common,SF
Pikachu,70/100,Common,SF
Ponyta,71/100,Common,SF
Roselia,72/100,Common,SF
Skorupi,73/100,Common,SF
Snover,74/100,Common,SF
Starly,75/100,Common,SF
Stunky,76/100,Common,SF
Swinub,77/100,Common,SF
Tangela,78/100,Common,SF
Treecko,79/100,Common,SF
Voltorb,80/100,Common,SF
Voltorb,81/100,Common,SF
Conductive Quarry,82/100,Uncommon,SF
Energy Link,83/100,Uncommon,SF
Energy Switch,84/100,Uncommon,SF
Great Ball,85/100,Uncommon,SF
Luxury Ball,86/100,Uncommon,SF
Marley's Request,87/100,Uncommon,SF
Poké Blower +,88/100,Uncommon,SF
Poké Drawer +,89/100,Uncommon,SF
Poké Healer +,90/100,Uncommon,SF
Premier Ball,91/100,Uncommon,SF
Potion,92/100,Common,SF
Switch,93/100,Common,SF
Cyclone Energy,94/100,Uncommon,SF
Warp Energy,95/100,Uncommon,SF
Dusknoir LV.X,96/100,Rare Holo LV.X,SF
Heatran LV.X,97/100,Rare Holo LV.X,SF
Machamp LV.X,98/100,Rare Holo LV.X,SF
Raichu LV.X,99/100,Rare Holo LV.X,SF
Regigigas LV.X,100/100,Rare Holo LV.X,SF
Charmander,101/100,Rare Secret,SF
Charmeleon,102/100,Rare Secret,SF
Charizard,103/100,Rare Secret,SF
Drifloon,SH1/100,Rare,SF
Duskull,SH2/100,Rare,SF
Voltorb,SH3/100,Rare,SF
Ampharos,1/147,Rare,AQ
Arcanine,2/147,Rare,AQ
Ariados,3/147,Rare,AQ
Azumarill,4/147,Rare,AQ
Bellossom,5/147,Rare,AQ
Blissey,6/147,Rare,AQ
Donphan,7/147,Rare,AQ
Electrode,8/147,Rare,AQ
Elekid,9/147,Rare,AQ
Entei,10/147,Rare,AQ
Espeon,11/147,Rare,AQ
Exeggutor,12/147,Rare,AQ
Exeggutor,13/147,Rare,AQ
Houndoom,14/147,Rare,AQ
Houndoom,15/147,Rare,AQ
Hypno,16/147,Rare,AQ
Jumpluff,17/147,Rare,AQ
Jynx,18/147,Rare,AQ
Kingdra,19/147,Rare,AQ
Lanturn,20/147,Rare,AQ
Lanturn,21/147,Rare,AQ
Magneton,22/147,Rare,AQ
Muk,23/147,Rare,AQ
Nidoking,24/147,Rare,AQ
Ninetales,25/147,Rare,AQ
Octillery,26/147,Rare,AQ
Parasect,27/147,Rare,AQ
Porygon2,28/147,Rare,AQ
Primeape,29/147,Rare,AQ
Quagsire,30/147,Rare,AQ
Rapidash,31/147,Rare,AQ
Scizor,32/147,Rare,AQ
Slowbro,33/147,Rare,AQ
Slowking,34/147,Rare,AQ
Steelix,35/147,Rare,AQ
Sudowoodo,36/147,Rare,AQ
Suicune,37/147,Rare,AQ
Tentacruel,38/147,Rare,AQ
Togetic,39/147,Rare,AQ
Tyranitar,40/147,Rare,AQ
Umbreon,41/147,Rare,AQ
Victreebel,42/147,Rare,AQ
Vileplume,43/147,Rare,AQ
Zapdos,44/147,Rare,AQ
Bellsprout,45/147,Uncommon,AQ
Dodrio,46/147,Uncommon,AQ
Flaaffy,47/147,Uncommon,AQ
Furret,48/147,Uncommon,AQ
Gloom,49/147,Uncommon,AQ
Golduck,50/147,Uncommon,AQ
Growlithe,51/147,Uncommon,AQ
Magnemite,52/147,Uncommon,AQ
Marill,53/147,Uncommon,AQ
Marowak,54/147,Uncommon,AQ
Nidorino,55/147,Uncommon,AQ
Pupitar,56/147,Uncommon,AQ
Scyther,57/147,Uncommon,AQ
Seadra,58/147,Uncommon,AQ
Seaking,59/147,Uncommon,AQ
Skiploom,60/147,Uncommon,AQ
Smoochum,61/147,Uncommon,AQ
Spinarak,62/147,Uncommon,AQ
Tyrogue,63/147,Uncommon,AQ
Voltorb,64/147,Uncommon,AQ
Weepinbell,65/147,Uncommon,AQ
Wooper,66/147,Uncommon,AQ
Aipom,67/147,Common,AQ
Bellsprout,68/147,Common,AQ
Chansey,69/147,Common,AQ
Chinchou,70/147,Common,AQ
Chinchou,71/147,Common,AQ
Cubone,72/147,Common,AQ
Doduo,73/147,Common,AQ
Drowzee,74/147,Common,AQ
Eevee,75/147,Common,AQ
Exeggcute,76/147,Common,AQ
Exeggcute,77/147,Common,AQ
Goldeen,78/147,Common,AQ
Grimer,79/147,Common,AQ
Growlithe,80/147,Common,AQ
Hitmonchan,81/147,Common,AQ
Hitmontop,82/147,Common,AQ
Hoppip,83/147,Common,AQ
Horsea,84/147,Common,AQ
Horsea,85/147,Common,AQ
Houndour,86/147,Common,AQ
Houndour,87/147,Common,AQ
Kangaskhan,88/147,Common,AQ
Larvitar,89/147,Common,AQ
Lickitung,90/147,Common,AQ
Magnemite,91/147,Common,AQ
Mankey,92/147,Common,AQ
Mareep,93/147,Common,AQ
Miltank,94/147,Common,AQ
Mr. Mime,95/147,Common,AQ
Nidoran ♂,96/147,Common,AQ
Oddish,97/147,Common,AQ
Onix,98/147,Common,AQ
Paras,99/147,Common,AQ
Phanpy,100/147,Common,AQ
Pinsir,101/147,Common,AQ
Ponyta,102/147,Common,AQ
Porygon,103/147,Common,AQ
Psyduck,104/147,Common,AQ
Remoraid,105/147,Common,AQ
Scyther,106/147,Common,AQ
Sentret,107/147,Common,AQ
Slowpoke,108/147,Common,AQ
Smeargle,109/147,Common,AQ
Sneasel,110/147,Common,AQ
Spinarak,111/147,Common,AQ
Tangela,112/147,Common,AQ
Tentacool,113/147,Common,AQ
Togepi,114/147,Common,AQ
Voltorb,115/147,Common,AQ
Vulpix,116/147,Common,AQ
Wooper,117/147,Common,AQ
Apricorn Forest,118/147,Rare,AQ
Darkness Cube 01,119/147,Uncommon,AQ
Energy Switch,120/147,Uncommon,AQ
Fighting Cube 01,121/147,Uncommon,AQ
Fire Cube 01,122/147,Uncommon,AQ
Forest Guardian,123/147,Uncommon,AQ
Grass Cube 01,124/147,Uncommon,AQ
Healing Berry,125/147,Uncommon,AQ
Juggler,126/147,Uncommon,AQ
Lightning Cube 01,127/147,Uncommon,AQ
Memory Berry,128/147,Uncommon,AQ
Metal Cube 01,129/147,Uncommon,AQ
Pokémon Fan Club,130/147,Uncommon,AQ
Pokémon Park,131/147,Uncommon,AQ
Psychic Cube 01,132/147,Uncommon,AQ
Seer,133/147,Uncommon,AQ
Super Energy Removal 2,134/147,Uncommon,AQ
Time Shard,135/147,Uncommon,AQ
Town Volunteers,136/147,Uncommon,AQ
Traveling Salesman,137/147,Uncommon,AQ
Undersea Ruins,138/147,Uncommon,AQ
Power Plant,139/147,Uncommon,AQ
Water Cube 01,140/147,Uncommon,AQ
Weakness Guard,141/147,Uncommon,AQ
Darkness Energy,142/147,Rare,AQ
Metal Energy,143/147,Rare,AQ
Rainbow Energy,144/147,Rare,AQ
Boost Energy,145/147,Uncommon,AQ
Crystal Energy,146/147,Uncommon,AQ
Warp Energy,147/147,Uncommon,AQ
Kingdra,148/147,Rare Secret,AQ
Lugia,149/147,Rare Secret,AQ
Nidoking,150/147,Rare Secret,AQ
Ampharos,H1/147,Rare Holo,AQ
Arcanine,H2/147,Rare Holo,AQ
Ariados,H3/147,Rare Holo,AQ
Azumarill,H4/147,Rare Holo,AQ
Bellossom,H5/147,Rare Holo,AQ
Blissey,H6/147,Rare Holo,AQ
Electrode,H7/147,Rare Holo,AQ
Entei,H8/147,Rare Holo,AQ
Espeon,H9/147,Rare Holo,AQ
Exeggutor,H10/147,Rare Holo,AQ
Houndoom,H11/147,Rare Holo,AQ
Hypno,H12/147,Rare Holo,AQ
Jumpluff,H13/147,Rare Holo,AQ
Kingdra,H14/147,Rare Holo,AQ
Lanturn,H15/147,Rare Holo,AQ
Magneton,H16/147,Rare Holo,AQ
Muk,H17/147,Rare Holo,AQ
Nidoking,H18/147,Rare Holo,AQ
Ninetales,H19/147,Rare Holo,AQ
Octillery,H20/147,Rare Holo,AQ
Scizor,H21/147,Rare Holo,AQ
Slowking,H22/147,Rare Holo,AQ
Steelix,H23/147,Rare Holo,AQ
Sudowoodo,H24/147,Rare Holo,AQ
Suicune,H25/147,Rare Holo,AQ
Tentacruel,H26/147,Rare Holo,AQ
Togetic,H27/147,Rare Holo,AQ
Tyranitar,H28/147,Rare Holo,AQ
Umbreon,H29/147,Rare Holo,AQ
Victreebel,H30/147,Rare Holo,AQ
Vileplume,H31/147,Rare Holo,AQ
Zapdos,H32/147,Rare Holo,AQ
Alakazam,1/165,Rare Holo,EX
Ampharos,2/165,Rare Holo,EX
Arbok,3/165,Rare Holo,EX
Blastoise,4/165,Rare Holo,EX
Butterfree,5/165,Rare Holo,EX
Charizard,6/165,Rare Holo,EX
Clefable,7/165,Rare Holo,EX
Cloyster,8/165,Rare Holo,EX
Dragonite,9/165,Rare Holo,EX
Dugtrio,10/165,Rare Holo,EX
Fearow,11/165,Rare Holo,EX
Feraligatr,12/165,Rare Holo,EX
Gengar,13/165,Rare Holo,EX
Golem,14/165,Rare Holo,EX
Kingler,15/165,Rare Holo,EX
Machamp,16/165,Rare Holo,EX
Magby,17/165,Rare Holo,EX
Meganium,18/165,Rare Holo,EX
Mew,19/165,Rare Holo,EX
Mewtwo,20/165,Rare Holo,EX
Ninetales,21/165,Rare Holo,EX
Pichu,22/165,Rare Holo,EX
Pidgeot,23/165,Rare Holo,EX
Poliwrath,24/165,Rare Holo,EX
Raichu,25/165,Rare Holo,EX
Rapidash,26/165,Rare Holo,EX
Skarmory,27/165,Rare Holo,EX
Typhlosion,28/165,Rare Holo,EX
Tyranitar,29/165,Rare Holo,EX
Venusaur,30/165,Rare Holo,EX
Vileplume,31/165,Rare Holo,EX
Weezing,32/165,Rare Holo,EX
Alakazam,33/165,Rare,EX
Ampharos,34/165,Rare,EX
Arbok,35/165,Rare,EX
Blastoise,36/165,Rare,EX
Blastoise,37/165,Rare,EX
Butterfree,38/165,Rare,EX
Charizard,39/165,Rare,EX
Charizard,40/165,Rare,EX
Clefable,41/165,Rare,EX
Cloyster,42/165,Rare,EX
Dragonite,43/165,Rare,EX
Dugtrio,44/165,Rare,EX
Fearow,45/165,Rare,EX
Feraligatr,46/165,Rare,EX
Feraligatr,47/165,Rare,EX
Gengar,48/165,Rare,EX
Golem,49/165,Rare,EX
Kingler,50/165,Rare,EX
Machamp,51/165,Rare,EX
Magby,52/165,Rare,EX
Meganium,53/165,Rare,EX
Meganium,54/165,Rare,EX
Mew,55/165,Rare,EX
Mewtwo,56/165,Rare,EX
Ninetales,57/165,Rare,EX
Pichu,58/165,Rare,EX
Pidgeot,59/165,Rare,EX
Poliwrath,60/165,Rare,EX
Raichu,61/165,Rare,EX
Rapidash,62/165,Rare,EX
Skarmory,63/165,Rare,EX
Typhlosion,64/165,Rare,EX
Typhlosion,65/165,Rare,EX
Tyranitar,66/165,Rare,EX
Venusaur,67/165,Rare,EX
Venusaur,68/165,Rare,EX
Vileplume,69/165,Rare,EX
Weezing,70/165,Rare,EX
Bayleef,71/165,Uncommon,EX
Chansey,72/165,Uncommon,EX
Charmeleon,73/165,Uncommon,EX
Croconaw,74/165,Uncommon,EX
Dragonair,75/165,Uncommon,EX
Electabuzz,76/165,Uncommon,EX
Flaaffy,77/165,Uncommon,EX
Gloom,78/165,Uncommon,EX
Graveler,79/165,Uncommon,EX
Haunter,80/165,Uncommon,EX
Hitmonlee,81/165,Uncommon,EX
Ivysaur,82/165,Uncommon,EX
Jynx,83/165,Uncommon,EX
Kadabra,84/165,Uncommon,EX
Machoke,85/165,Uncommon,EX
Magmar,86/165,Uncommon,EX
Metapod,87/165,Uncommon,EX
Pidgeotto,88/165,Uncommon,EX
Poliwhirl,89/165,Uncommon,EX
Pupitar,90/165,Uncommon,EX
Quilava,91/165,Uncommon,EX
Wartortle,92/165,Uncommon,EX
Abra,93/165,Common,EX
Bulbasaur,94/165,Common,EX
Bulbasaur,95/165,Common,EX
Caterpie,96/165,Common,EX
Charmander,97/165,Common,EX
Charmander,98/165,Common,EX
Chikorita,99/165,Common,EX
Chikorita,100/165,Common,EX
Clefairy,101/165,Common,EX
Corsola,102/165,Common,EX
Cubone,103/165,Common,EX
Cyndaquil,104/165,Common,EX
Cyndaquil,105/165,Common,EX
Diglett,106/165,Common,EX
Dratini,107/165,Common,EX
Ekans,108/165,Common,EX
Gastly,109/165,Common,EX
Geodude,110/165,Common,EX
Goldeen,111/165,Common,EX
Hoppip,112/165,Common,EX
Houndour,113/165,Common,EX
Koffing,114/165,Common,EX
Krabby,115/165,Common,EX
Larvitar,116/165,Common,EX
Machop,117/165,Common,EX
Magikarp,118/165,Common,EX
Mareep,119/165,Common,EX
Marill,120/165,Common,EX
Meowth,121/165,Common,EX
Oddish,122/165,Common,EX
Pidgey,123/165,Common,EX
Pikachu,124/165,Common,EX
Poliwag,125/165,Common,EX
Ponyta,126/165,Common,EX
Qwilfish,127/165,Common,EX
Rattata,128/165,Common,EX
Shellder,129/165,Common,EX
Spearow,130/165,Common,EX
Squirtle,131/165,Common,EX
Squirtle,132/165,Common,EX
Tauros,133/165,Common,EX
Totodile,134/165,Common,EX
Totodile,135/165,Common,EX
Vulpix,136/165,Common,EX
Bill's Maintenance,137/165,Uncommon,EX
Copycat,138/165,Uncommon,EX
Dual Ball,139/165,Uncommon,EX
Energy Removal 2,140/165,Uncommon,EX
Energy Restore,141/165,Uncommon,EX
Mary's Impulse,142/165,Uncommon,EX
Master Ball,143/165,Uncommon,EX
Multi Technical Machine 01,144/165,Uncommon,EX
Pokémon Nurse,145/165,Uncommon,EX
Pokémon Reversal,146/165,Uncommon,EX
Power Charge,147/165,Uncommon,EX
Professor Elm's Training Method,148/165,Uncommon,EX
Professor Oak's Research,149/165,Uncommon,EX
Strength Charm,150/165,Uncommon,EX
Super Scoop Up,151/165,Uncommon,EX
Warp Point,152/165,Uncommon,EX
Energy Search,153/165,Common,EX
Full Heal,154/165,Common,EX
Moo-Moo Milk,155/165,Common,EX
Potion,156/165,Common,EX
Switch,157/165,Common,EX
Darkness Energy,158/165,Rare,EX
Metal Energy,159/165,Rare,EX
Fighting Energy,160/165,,EX
Fire Energy,161/165,,EX
Grass Energy,162/165,,EX
Lightning Energy,163/165,,EX
Psychic Energy,164/165,,EX
Water Energy,165/165,,EX
Aerodactyl,1/144,Rare,SK
Alakazam,2/144,Rare,SK
Arcanine,3/144,Rare,SK
Articuno,4/144,Rare,SK
Beedrill,5/144,Rare,SK
Crobat,6/144,Rare,SK
Dewgong,7/144,Rare,SK
Flareon,8/144,Rare,SK
Forretress,9/144,Rare,SK
Gengar,10/144,Rare,SK
Gyarados,11/144,Rare,SK
Houndoom,12/144,Rare,SK
Jolteon,13/144,Rare,SK
Kabutops,14/144,Rare,SK
Ledian,15/144,Rare,SK
Machamp,16/144,Rare,SK
Magcargo,17/144,Rare,SK
Magcargo,18/144,Rare,SK
Magneton,19/144,Rare,SK
Magneton,20/144,Rare,SK
Moltres,21/144,Rare,SK
Nidoqueen,22/144,Rare,SK
Omastar,23/144,Rare,SK
Piloswine,24/144,Rare,SK
Politoed,25/144,Rare,SK
Poliwrath,26/144,Rare,SK
Raichu,27/144,Rare,SK
Raikou,28/144,Rare,SK
Rhydon,29/144,Rare,SK
Starmie,30/144,Rare,SK
Steelix,31/144,Rare,SK
Umbreon,32/144,Rare,SK
Vaporeon,33/144,Rare,SK
Wigglytuff,34/144,Rare,SK
Xatu,35/144,Rare,SK
Electrode,36/144,Uncommon,SK
Kabuto,37/144,Uncommon,SK
Machoke,38/144,Uncommon,SK
Misdreavus,39/144,Uncommon,SK
Noctowl,40/144,Uncommon,SK
Omanyte,41/144,Uncommon,SK
Persian,42/144,Uncommon,SK
Piloswine,43/144,Uncommon,SK
Starmie,44/144,Uncommon,SK
Wobbuffet,45/144,Uncommon,SK
Abra,46/144,Common,SK
Buried Fossil,47/144,Common,SK
Cleffa,48/144,Common,SK
Delibird,49/144,Common,SK
Diglett,50/144,Common,SK
Ditto,51/144,Common,SK
Dugtrio,52/144,Common,SK
Dunsparce,53/144,Common,SK
Eevee,54/144,Common,SK
Farfetch'd,55/144,Common,SK
Forretress,56/144,Common,SK
Gastly,57/144,Common,SK
Girafarig,58/144,Common,SK
Gligar,59/144,Common,SK
Golbat,60/144,Common,SK
Granbull,61/144,Common,SK
Growlithe,62/144,Common,SK
Haunter,63/144,Common,SK
Heracross,64/144,Common,SK
Hoothoot,65/144,Common,SK
Houndour,66/144,Common,SK
Igglybuff,67/144,Common,SK
Jigglypuff,68/144,Common,SK
Kadabra,69/144,Common,SK
Kakuna,70/144,Common,SK
Lapras,71/144,Common,SK
Ledyba,72/144,Common,SK
Ledyba,73/144,Common,SK
Machop,74/144,Common,SK
Magikarp,75/144,Common,SK
Magnemite,76/144,Common,SK
Mantine,77/144,Common,SK
Meowth,78/144,Common,SK
Murkrow,79/144,Common,SK
Natu,80/144,Common,SK
Nidoran ♀,81/144,Common,SK
Nidoran ♀,82/144,Common,SK
Nidorina,83/144,Common,SK
Pikachu,84/144,Common,SK
Pineco,85/144,Common,SK
Pineco,86/144,Common,SK
Poliwag,87/144,Common,SK
Poliwhirl,88/144,Common,SK
Raticate,89/144,Common,SK
Rattata,90/144,Common,SK
Rhyhorn,91/144,Common,SK
Sandshrew,92/144,Common,SK
Sandslash,93/144,Common,SK
Seel,94/144,Common,SK
Seel,95/144,Common,SK
Shuckle,96/144,Common,SK
Skarmory,97/144,Common,SK
Slugma,98/144,Common,SK
Slugma,99/144,Common,SK
Snorlax,100/144,Common,SK
Snubbull,101/144,Common,SK
Stantler,102/144,Common,SK
Staryu,103/144,Common,SK
Staryu,104/144,Common,SK
Sunflora,105/144,Common,SK
Sunkern,106/144,Common,SK
Swinub,107/144,Common,SK
Swinub,108/144,Common,SK
Teddiursa,109/144,Common,SK
Ursaring,110/144,Common,SK
Venomoth,111/144,Common,SK
Venonat,112/144,Common,SK
Voltorb,113/144,Common,SK
Weedle,114/144,Common,SK
Weedle,115/144,Common,SK
Yanma,116/144,Common,SK
Zubat,117/144,Common,SK
Zubat,118/144,Common,SK
Ancient Ruins,119/144,Uncommon,SK
Relic Hunter,120/144,Uncommon,SK
Apricorn Maker,121/144,Uncommon,SK
Crystal Shard,122/144,Uncommon,SK
Desert Shaman,123/144,Uncommon,SK
Fast Ball,124/144,Uncommon,SK
Fisherman,125/144,Uncommon,SK
Friend Ball,126/144,Uncommon,SK
Hyper Potion,127/144,Uncommon,SK
Lure Ball,128/144,Uncommon,SK
Miracle Sphere α,129/144,Uncommon,SK
Miracle Sphere β,130/144,Uncommon,SK
Miracle Sphere γ,131/144,Uncommon,SK
Mirage Stadium,132/144,Uncommon,SK
Mystery Plate α,133/144,Uncommon,SK
Mystery Plate β,134/144,Uncommon,SK
Mystery Plate γ,135/144,Uncommon,SK
Mystery Plate δ,136/144,Uncommon,SK
Mystery Zone,137/144,Uncommon,SK
Oracle,138/144,Uncommon,SK
Star Piece,139/144,Uncommon,SK
Underground Expedition,140/144,Uncommon,SK
Underground Lake,141/144,Uncommon,SK
Bounce Energy,142/144,Uncommon,SK
Cyclone Energy,143/144,Uncommon,SK
Retro Energy,144/144,Uncommon,SK
Celebi,145/144,Rare Secret,SK
Charizard,146/144,Rare Secret,SK
Crobat,147/144,Rare Secret,SK
Golem,148/144,Rare Secret,SK
Ho-oh,149/144,Rare Secret,SK
Kabutops,150/144,Rare Secret,SK
Alakazam,H1/144,Rare Holo,SK
Arcanine,H2/144,Rare Holo,SK
Articuno,H3/144,Rare Holo,SK
Beedrill,H4/144,Rare Holo,SK
Crobat,H5/144,Rare Holo,SK
Dewgong,H6/144,Rare Holo,SK
Flareon,H7/144,Rare Holo,SK
Forretress,H8/144,Rare Holo,SK
Gengar,H9/144,Rare Holo,SK
Gyarados,H10/144,Rare Holo,SK
Houndoom,H11/144,Rare Holo,SK
Jolteon,H12/144,Rare Holo,SK
Kabutops,H13/144,Rare Holo,SK
Ledian,H14/144,Rare Holo,SK
Machamp,H15/144,Rare Holo,SK
Magcargo,H16/144,Rare Holo,SK
Magcargo,H17/144,Rare Holo,SK
Magneton,H18/144,Rare Holo,SK
Magneton,H19/144,Rare Holo,SK
Moltres,H20/144,Rare Holo,SK
Nidoqueen,H21/144,Rare Holo,SK
Piloswine,H22/144,Rare Holo,SK
Politoed,H23/144,Rare Holo,SK
Poliwrath,H24/144,Rare Holo,SK
Raichu,H25/144,Rare Holo,SK
Raikou,H26/144,Rare Holo,SK
Rhydon,H27/144,Rare Holo,SK
Starmie,H28/144,Rare Holo,SK
Steelix,H29/144,Rare Holo,SK
Umbreon,H30/144,Rare Holo,SK
Vaporeon,H31/144,Rare Holo,SK
Xatu,H32/144,Rare Holo,SK
Banette,1/100,Rare Holo,CG
Blastoise δ,2/100,Rare Holo,CG
Camerupt,3/100,Rare Holo,CG
Charizard δ,4/100,Rare Holo,CG
Dugtrio,5/100,Rare Holo,CG
Ludicolo δ,6/100,Rare Holo,CG
Luvdisc,7/100,Rare Holo,CG
Manectric,8/100,Rare Holo,CG
Mawile,9/100,Rare Holo,CG
Sableye,10/100,Rare Holo,CG
Swalot,11/100,Rare Holo,CG
Tauros,12/100,Rare Holo,CG
Wigglytuff,13/100,Rare Holo,CG
Blastoise,14/100,Rare,CG
Cacturne δ,15/100,Rare,CG
Combusken,16/100,Rare,CG
Dusclops,17/100,Rare,CG
Fearow δ,18/100,Rare,CG
Grovyle δ,19/100,Rare,CG
Grumpig,20/100,Rare,CG
Igglybuff,21/100,Rare,CG
Kingler δ,22/100,Rare,CG
Loudred,23/100,Rare,CG
Marshtomp,24/100,Rare,CG
Medicham,25/100,Rare,CG
Pelipper δ,26/100,Rare,CG
Swampert,27/100,Rare,CG
Venusaur,28/100,Rare,CG
Charmeleon,29/100,Uncommon,CG
Charmeleon δ,30/100,Uncommon,CG
Combusken,31/100,Uncommon,CG
Grovyle,32/100,Uncommon,CG
Gulpin,33/100,Uncommon,CG
Ivysaur,34/100,Uncommon,CG
Ivysaur,35/100,Uncommon,CG
Lairon,36/100,Uncommon,CG
Lombre,37/100,Uncommon,CG
Marshtomp,38/100,Uncommon,CG
Nuzleaf,39/100,Uncommon,CG
Shuppet,40/100,Uncommon,CG
Skitty,41/100,Uncommon,CG
Wartortle,42/100,Uncommon,CG
Wartortle,43/100,Uncommon,CG
Aron,44/100,Common,CG
Bulbasaur,45/100,Common,CG
Bulbasaur,46/100,Common,CG
Cacnea,47/100,Common,CG
Charmander,48/100,Common,CG
Charmander δ,49/100,Common,CG
Diglett,50/100,Common,CG
Duskull,51/100,Common,CG
Electrike,52/100,Common,CG
Jigglypuff,53/100,Common,CG
Krabby,54/100,Common,CG
Lotad,55/100,Common,CG
Meditite,56/100,Common,CG
Mudkip,57/100,Common,CG
Mudkip,58/100,Common,CG
Numel,59/100,Common,CG
Seedot,60/100,Common,CG
Spearow,61/100,Common,CG
Spoink,62/100,Common,CG
Squirtle,63/100,Common,CG
Squirtle,64/100,Common,CG
Torchic,65/100,Common,CG
Torchic,66/100,Common,CG
Treecko,67/100,Common,CG
Treecko δ,68/100,Common,CG
Whismur,69/100,Common,CG
Wingull,70/100,Common,CG
Bill's Maintenance,71/100,Uncommon,CG
Castaway,72/100,Uncommon,CG
Celio's Network,73/100,Uncommon,CG
Cessation Crystal,74/100,Uncommon,CG
Crystal Beach,75/100,Uncommon,CG
Crystal Shard,76/100,Uncommon,CG
Double Full Heal,77/100,Uncommon,CG
Dual Ball,78/100,Uncommon,CG
Holon Circle,79/100,Uncommon,CG
Memory Berry,80/100,Uncommon,CG
Mysterious Shard,81/100,Uncommon,CG
Poké Ball,82/100,Uncommon,CG
PokéNav,83/100,Uncommon,CG
Warp Point,84/100,Uncommon,CG
Windstorm,85/100,Uncommon,CG
Energy Search,86/100,Common,CG
Potion,87/100,Common,CG
Double Rainbow Energy,88/100,Rare,CG
Aggron ex,89/100,Rare Holo EX,CG
Blaziken ex,90/100,Rare Holo EX,CG
Delcatty ex,91/100,Rare Holo EX,CG
Exploud ex,92/100,Rare Holo EX,CG
Groudon ex,93/100,Rare Holo EX,CG
Jirachi ex,94/100,Rare Holo EX,CG
Kyogre ex,95/100,Rare Holo EX,CG
Sceptile ex δ,96/100,Rare Holo EX,CG
Shiftry ex,97/100,Rare Holo EX,CG
Swampert ex,98/100,Rare Holo EX,CG
Alakazam ★,99/100,Rare Holo Star,CG
Celebi ★,100/100,Rare Holo Star,CG
Beedrill δ,1/113,Rare Holo,DS
Crobat δ,2/113,Rare Holo,DS
Dragonite δ,3/113,Rare Holo,DS
Espeon δ,4/113,Rare Holo,DS
Flareon δ,5/113,Rare Holo,DS
Gardevoir δ,6/113,Rare Holo,DS
Jolteon δ,7/113,Rare Holo,DS
Latias δ,8/113,Rare Holo,DS
Latios δ,9/113,Rare Holo,DS
Marowak δ,10/113,Rare Holo,DS
Metagross δ,11/113,Rare Holo,DS
Mewtwo δ,12/113,Rare Holo,DS
Rayquaza δ,13/113,Rare Holo,DS
Salamence δ,14/113,Rare Holo,DS
Starmie δ,15/113,Rare Holo,DS
Tyranitar δ,16/113,Rare Holo,DS
Umbreon δ,17/113,Rare Holo,DS
Vaporeon δ,18/113,Rare Holo,DS
Azumarill δ,19/113,Rare,DS
Azurill,20/113,Rare,DS
Holon's Electrode,21/113,Rare,DS
Holon's Magneton,22/113,Rare,DS
Hypno,23/113,Rare,DS
Mightyena δ,24/113,Rare,DS
Porygon2,25/113,Rare,DS
Rain Castform,26/113,Rare,DS
Sandslash δ,27/113,Rare,DS
Slowking,28/113,Rare,DS
Snow-cloud Castform,29/113,Rare,DS
Starmie δ,30/113,Rare,DS
Sunny Castform,31/113,Rare,DS
Swellow,32/113,Rare,DS
Weezing,33/113,Rare,DS
Castform,34/113,Uncommon,DS
Ditto,35/113,Uncommon,DS
Ditto,36/113,Uncommon,DS
Ditto,37/113,Uncommon,DS
Ditto,38/113,Uncommon,DS
Ditto,39/113,Uncommon,DS
Ditto,40/113,Uncommon,DS
Dragonair δ,41/113,Uncommon,DS
Dragonair δ,42/113,Uncommon,DS
Golbat,43/113,Uncommon,DS
Hariyama,44/113,Uncommon,DS
Illumise,45/113,Uncommon,DS
Kakuna,46/113,Uncommon,DS
Kirlia,47/113,Uncommon,DS
Magneton,48/113,Uncommon,DS
Metang δ,49/113,Uncommon,DS
Persian,50/113,Uncommon,DS
Pupitar δ,51/113,Uncommon,DS
Rapidash,52/113,Uncommon,DS
Shelgon δ,53/113,Uncommon,DS
Shelgon δ,54/113,Uncommon,DS
Skarmory,55/113,Uncommon,DS
Volbeat,56/113,Uncommon,DS
Bagon δ,57/113,Common,DS
Bagon δ,58/113,Common,DS
Beldum δ,59/113,Common,DS
Cubone,60/113,Common,DS
Ditto,61/113,Common,DS
Ditto,62/113,Common,DS
Ditto,63/113,Common,DS
Ditto,64/113,Common,DS
Dratini δ,65/113,Common,DS
Dratini δ,66/113,Common,DS
Drowzee,67/113,Common,DS
Eevee δ,68/113,Common,DS
Eevee,69/113,Common,DS
Holon's Magnemite,70/113,Common,DS
Holon's Voltorb,71/113,Common,DS
Koffing,72/113,Common,DS
Larvitar δ,73/113,Common,DS
Magnemite,74/113,Common,DS
Makuhita,75/113,Common,DS
Marill,76/113,Common,DS
Meowth,77/113,Common,DS
Ponyta,78/113,Common,DS
Poochyena,79/113,Common,DS
Porygon,80/113,Common,DS
Ralts,81/113,Common,DS
Sandshrew,82/113,Common,DS
Slowpoke,83/113,Common,DS
Staryu,84/113,Common,DS
Staryu,85/113,Common,DS
Taillow,86/113,Common,DS
Weedle,87/113,Common,DS
Zubat,88/113,Common,DS
Dual Ball,89/113,Uncommon,DS
Great Ball,90/113,Uncommon,DS
Holon Farmer,91/113,Uncommon,DS
Holon Lass,92/113,Uncommon,DS
Holon Mentor,93/113,Uncommon,DS
Holon Research Tower,94/113,Uncommon,DS
Holon Researcher,95/113,Uncommon,DS
Holon Ruins,96/113,Uncommon,DS
Holon Scientist,97/113,Uncommon,DS
Holon Transceiver,98/113,Uncommon,DS
Master Ball,99/113,Uncommon,DS
Super Scoop Up,100/113,Uncommon,DS
Potion,101/113,Common,DS
Switch,102/113,Common,DS
Darkness Energy,103/113,Rare,DS
Holon Energy FF,104/113,Rare,DS
Holon Energy GL,105/113,Rare,DS
Holon Energy WP,106/113,Rare,DS
Metal Energy,107/113,Rare,DS
Flareon ex,108/113,Rare Holo EX,DS
Jolteon ex,109/113,Rare Holo EX,DS
Vaporeon ex,110/113,Rare Holo EX,DS
Groudon ★,111/113,Rare Holo Star,DS
Kyogre ★,112/113,Rare Holo Star,DS
Metagross ★,113/113,Rare Holo Star,DS
Azumarill,114/113,Rare Secret,DS
Altaria,1/107,Rare Holo,DX
Beautifly,2/107,Rare Holo,DX
Breloom,3/107,Rare Holo,DX
Camerupt,4/107,Rare Holo,DX
Claydol,5/107,Rare Holo,DX
Crawdaunt,6/107,Rare Holo,DX
Dusclops,7/107,Rare Holo,DX
Gyarados,8/107,Rare Holo,DX
Jirachi,9/107,Rare Holo,DX
Ludicolo,10/107,Rare Holo,DX
Metagross,11/107,Rare Holo,DX
Mightyena,12/107,Rare Holo,DX
Ninjask,13/107,Rare Holo,DX
Shedinja,14/107,Rare Holo,DX
Slaking,15/107,Rare Holo,DX
Deoxys,16/107,Rare,DX
Deoxys,17/107,Rare,DX
Deoxys,18/107,Rare,DX
Ludicolo,19/107,Rare,DX
Magcargo,20/107,Rare,DX
Pelipper,21/107,Rare,DX
Rayquaza,22/107,Rare,DX
Sableye,23/107,Rare,DX
Seaking,24/107,Rare,DX
Shiftry,25/107,Rare,DX
Skarmory,26/107,Rare,DX
Tropius,27/107,Rare,DX
Whiscash,28/107,Rare,DX
Xatu,29/107,Rare,DX
Donphan,30/107,Uncommon,DX
Golbat,31/107,Uncommon,DX
Grumpig,32/107,Uncommon,DX
Lombre,33/107,Uncommon,DX
Lombre,34/107,Uncommon,DX
Lotad,35/107,Uncommon,DX
Lunatone,36/107,Uncommon,DX
Magcargo,37/107,Uncommon,DX
Manectric,38/107,Uncommon,DX
Masquerain,39/107,Uncommon,DX
Metang,40/107,Uncommon,DX
Minun,41/107,Uncommon,DX
Nosepass,42/107,Uncommon,DX
Nuzleaf,43/107,Uncommon,DX
Plusle,44/107,Uncommon,DX
Shelgon,45/107,Uncommon,DX
Silcoon,46/107,Uncommon,DX
Solrock,47/107,Uncommon,DX
Starmie,48/107,Uncommon,DX
Swellow,49/107,Uncommon,DX
Vigoroth,50/107,Uncommon,DX
Weezing,51/107,Uncommon,DX
Bagon,52/107,Common,DX
Baltoy,53/107,Common,DX
Barboach,54/107,Common,DX
Beldum,55/107,Common,DX
Carvanha,56/107,Common,DX
Corphish,57/107,Common,DX
Duskull,58/107,Common,DX
Electrike,59/107,Common,DX
Electrike,60/107,Common,DX
Goldeen,61/107,Common,DX
Koffing,62/107,Common,DX
Lotad,63/107,Common,DX
Magikarp,64/107,Common,DX
Makuhita,65/107,Common,DX
Natu,66/107,Common,DX
Nincada,67/107,Common,DX
Numel,68/107,Common,DX
Phanpy,69/107,Common,DX
Poochyena,70/107,Common,DX
Seedot,71/107,Common,DX
Shroomish,72/107,Common,DX
Slakoth,73/107,Common,DX
Slugma,74/107,Common,DX
Slugma,75/107,Common,DX
Spoink,76/107,Common,DX
Staryu,77/107,Common,DX
Surskit,78/107,Common,DX
Swablu,79/107,Common,DX
Taillow,80/107,Common,DX
Wingull,81/107,Common,DX
Wurmple,82/107,Common,DX
Zubat,83/107,Common,DX
Balloon Berry,84/107,Uncommon,DX
Crystal Shard,85/107,Uncommon,DX
Energy Charge,86/107,Uncommon,DX
Lady Outing,87/107,Uncommon,DX
Master Ball,88/107,Uncommon,DX
Meteor Falls,89/107,Uncommon,DX
Professor Cozmo's Discovery,90/107,Uncommon,DX
Space Center,91/107,Uncommon,DX
Strength Charm,92/107,Uncommon,DX
Boost Energy,93/107,Uncommon,DX
Heal Energy,94/107,Uncommon,DX
Scramble Energy,95/107,Uncommon,DX
Crobat ex,96/107,Rare Holo EX,DX
Deoxys ex,97/107,Rare Holo EX,DX
Deoxys ex,98/107,Rare Holo EX,DX
Deoxys ex,99/107,Rare Holo EX,DX
Hariyama ex,100/107,Rare Holo EX,DX
Manectric ex,101/107,Rare Holo EX,DX
Rayquaza ex,102/107,Rare Holo EX,DX
Salamence ex,103/107,Rare Holo EX,DX
Sharpedo ex,104/107,Rare Holo EX,DX
Latias ★,105/107,Rare Holo Star,DX
Latios ★,106/107,Rare Holo Star,DX
Rayquaza ★,107/107,Rare Holo Star,DX
Rocket's Raikou ex,108/107,Rare Secret,DX
Ampharos δ,1/101,Rare Holo,DF
Feraligatr δ,2/101,Rare Holo,DF
Heracross δ,3/101,Rare Holo,DF
Meganium δ,4/101,Rare Holo,DF
Milotic δ,5/101,Rare Holo,DF
Nidoking δ,6/101,Rare Holo,DF
Nidoqueen δ,7/101,Rare Holo,DF
Ninetales δ,8/101,Rare Holo,DF
Pinsir δ,9/101,Rare Holo,DF
Snorlax δ,10/101,Rare Holo,DF
Togetic δ,11/101,Rare Holo,DF
Typhlosion δ,12/101,Rare Holo,DF
Arbok δ,13/101,Rare,DF
Cloyster δ,14/101,Rare,DF
Dewgong δ,15/101,Rare,DF
Gligar δ,16/101,Rare,DF
Jynx δ,17/101,Rare,DF
Ledian δ,18/101,Rare,DF
Lickitung δ,19/101,Rare,DF
Mantine δ,20/101,Rare,DF
Quagsire δ,21/101,Rare,DF
Seadra δ,22/101,Rare,DF
Tropius δ,23/101,Rare,DF
Vibrava δ,24/101,Rare,DF
Xatu δ,25/101,Rare,DF
Bayleef δ,26/101,Uncommon,DF
Croconaw δ,27/101,Uncommon,DF
Dragonair δ,28/101,Uncommon,DF
Electabuzz δ,29/101,Uncommon,DF
Flaaffy δ,30/101,Uncommon,DF
Horsea δ,31/101,Uncommon,DF
Kirlia,32/101,Uncommon,DF
Kirlia δ,33/101,Uncommon,DF
Nidorina δ,34/101,Uncommon,DF
Nidorino δ,35/101,Uncommon,DF
Quilava δ,36/101,Uncommon,DF
Seadra δ,37/101,Uncommon,DF
Shelgon δ,38/101,Uncommon,DF
Smeargle δ,39/101,Uncommon,DF
Swellow δ,40/101,Uncommon,DF
Togepi δ,41/101,Uncommon,DF
Vibrava δ,42/101,Uncommon,DF
Bagon δ,43/101,Common,DF
Chikorita δ,44/101,Common,DF
Cyndaquil δ,45/101,Common,DF
Dratini δ,46/101,Common,DF
Ekans δ,47/101,Common,DF
Elekid δ,48/101,Common,DF
Feebas δ,49/101,Common,DF
Horsea δ,50/101,Common,DF
Larvitar,51/101,Common,DF
Larvitar δ,52/101,Common,DF
Ledyba δ,53/101,Common,DF
Mareep δ,54/101,Common,DF
Natu δ,55/101,Common,DF
Nidoran ♀ δ,56/101,Common,DF
Nidoran ♂ δ,57/101,Common,DF
Pupitar,58/101,Common,DF
Pupitar δ,59/101,Common,DF
Ralts,60/101,Common,DF
Ralts δ,61/101,Common,DF
Seel δ,62/101,Common,DF
Shellder δ,63/101,Common,DF
Smoochum δ,64/101,Common,DF
Swablu δ,65/101,Common,DF
Taillow δ,66/101,Common,DF
Totodile δ,67/101,Common,DF
Trapinch δ,68/101,Common,DF
Trapinch δ,69/101,Common,DF
Vulpix δ,70/101,Common,DF
Wooper δ,71/101,Common,DF
Buffer Piece,72/101,Uncommon,DF
Copycat,73/101,Uncommon,DF
Holon Legacy,74/101,Uncommon,DF
Holon Mentor,75/101,Uncommon,DF
Island Hermit,76/101,Uncommon,DF
Mr. Stone's Project,77/101,Uncommon,DF
Old Rod,78/101,Uncommon,DF
Professor Elm's Training Method,79/101,Uncommon,DF
Professor Oak's Research,80/101,Uncommon,DF
Strength Charm,81/101,Uncommon,DF
TV Reporter,82/101,Uncommon,DF
Switch,83/101,Common,DF
Holon Energy FF,84/101,Rare,DF
Holon Energy GL,85/101,Rare,DF
Holon Energy WP,86/101,Rare,DF
Boost Energy,87/101,Uncommon,DF
δ Rainbow Energy,88/101,Uncommon,DF
Scramble Energy,89/101,Uncommon,DF
Altaria ex δ,90/101,Rare Holo EX,DF
Dragonite ex δ,91/101,Rare Holo EX,DF
Flygon ex δ,92/101,Rare Holo EX,DF
Gardevoir ex δ,93/101,Rare Holo EX,DF
Kingdra ex δ,94/101,Rare Holo EX,DF
Latias ex δ,95/101,Rare Holo EX,DF
Latios ex δ,96/101,Rare Holo EX,DF
Rayquaza ex δ,97/101,Rare Holo EX,DF
Salamence ex δ,98/101,Rare Holo EX,DF
Tyranitar ex δ,99/101,Rare Holo EX,DF
Charizard ★ δ,100/101,Rare Holo Star,DF
Mew ★ δ,101/101,Rare Holo Star,DF
Absol,1/97,Rare Holo,DR
Altaria,2/97,Rare Holo,DR
Crawdaunt,3/97,Rare Holo,DR
Flygon,4/97,Rare Holo,DR
Golem,5/97,Rare Holo,DR
Grumpig,6/97,Rare Holo,DR
Minun,7/97,Rare Holo,DR
Plusle,8/97,Rare Holo,DR
Roselia,9/97,Rare Holo,DR
Salamence,10/97,Rare Holo,DR
Shedinja,11/97,Rare Holo,DR
Torkoal,12/97,Rare Holo,DR
Crawdaunt,13/97,Rare,DR
Dragonair,14/97,Rare,DR
Flygon,15/97,Rare,DR
Girafarig,16/97,Rare,DR
Magneton,17/97,Rare,DR
Ninjask,18/97,Rare,DR
Salamence,19/97,Rare,DR
Shelgon,20/97,Rare,DR
Skarmory,21/97,Rare,DR
Vibrava,22/97,Rare,DR
Bagon,23/97,Uncommon,DR
Camerupt,24/97,Uncommon,DR
Combusken,25/97,Uncommon,DR
Dratini,26/97,Uncommon,DR
Flaaffy,27/97,Uncommon,DR
Forretress,28/97,Uncommon,DR
Graveler,29/97,Uncommon,DR
Graveler,30/97,Uncommon,DR
Grovyle,31/97,Uncommon,DR
Gyarados,32/97,Uncommon,DR
Horsea,33/97,Uncommon,DR
Houndoom,34/97,Uncommon,DR
Magneton,35/97,Uncommon,DR
Marshtomp,36/97,Uncommon,DR
Meditite,37/97,Uncommon,DR
Ninjask,38/97,Uncommon,DR
Seadra,39/97,Uncommon,DR
Seadra,40/97,Uncommon,DR
Shelgon,41/97,Uncommon,DR
Shelgon,42/97,Uncommon,DR
Shuppet,43/97,Uncommon,DR
Snorunt,44/97,Uncommon,DR
Swellow,45/97,Uncommon,DR
Vibrava,46/97,Uncommon,DR
Vibrava,47/97,Uncommon,DR
Whiscash,48/97,Uncommon,DR
Bagon,49/97,Common,DR
Bagon,50/97,Common,DR
Barboach,51/97,Common,DR
Corphish,52/97,Common,DR
Corphish,53/97,Common,DR
Corphish,54/97,Common,DR
Geodude,55/97,Common,DR
Geodude,56/97,Common,DR
Grimer,57/97,Common,DR
Horsea,58/97,Common,DR
Houndour,59/97,Common,DR
Magikarp,60/97,Common,DR
Magnemite,61/97,Common,DR
Magnemite,62/97,Common,DR
Magnemite,63/97,Common,DR
Mareep,64/97,Common,DR
Mudkip,65/97,Common,DR
Nincada,66/97,Common,DR
Nincada,67/97,Common,DR
Nincada,68/97,Common,DR
Numel,69/97,Common,DR
Numel,70/97,Common,DR
Pineco,71/97,Common,DR
Slugma,72/97,Common,DR
Spoink,73/97,Common,DR
Spoink,74/97,Common,DR
Swablu,75/97,Common,DR
Taillow,76/97,Common,DR
Torchic,77/97,Common,DR
Trapinch,78/97,Common,DR
Trapinch,79/97,Common,DR
Treecko,80/97,Common,DR
Wurmple,81/97,Common,DR
Balloon Berry,82/97,Uncommon,DR
Buffer Piece,83/97,Uncommon,DR
Energy Recycle System,84/97,Uncommon,DR
High Pressure System,85/97,Uncommon,DR
Low Pressure System,86/97,Uncommon,DR
Mr. Briney's Compassion,87/97,Uncommon,DR
TV Reporter,88/97,Uncommon,DR
Ampharos ex,89/97,Rare Holo EX,DR
Dragonite ex,90/97,Rare Holo EX,DR
Golem ex,91/97,Rare Holo EX,DR
Kingdra ex,92/97,Rare Holo EX,DR
Latias ex,93/97,Rare Holo EX,DR
Latios ex,94/97,Rare Holo EX,DR
Magcargo ex,95/97,Rare Holo EX,DR
Muk ex,96/97,Rare Holo EX,DR
Rayquaza ex,97/97,Rare Holo EX,DR
Charmander,98/97,Rare Secret,DR
Charmeleon,99/97,Rare Secret,DR
Charizard,100/97,Rare Secret,DR
Blaziken,1/106,Rare Holo,EM
Deoxys,2/106,Rare Holo,EM
Exploud,3/106,Rare Holo,EM
Gardevoir,4/106,Rare Holo,EM
Groudon,5/106,Rare Holo,EM
Kyogre,6/106,Rare Holo,EM
Manectric,7/106,Rare Holo,EM
Milotic,8/106,Rare Holo,EM
Rayquaza,9/106,Rare Holo,EM
Sceptile,10/106,Rare Holo,EM
Swampert,11/106,Rare Holo,EM
Chimecho,12/106,Rare,EM
Glalie,13/106,Rare,EM
Groudon,14/106,Rare,EM
Kyogre,15/106,Rare,EM
Manectric,16/106,Rare,EM
Nosepass,17/106,Rare,EM
Relicanth,18/106,Rare,EM
Rhydon,19/106,Rare,EM
Seviper,20/106,Rare,EM
Zangoose,21/106,Rare,EM
Breloom,22/106,Uncommon,EM
Camerupt,23/106,Uncommon,EM
Claydol,24/106,Uncommon,EM
Combusken,25/106,Uncommon,EM
Dodrio,26/106,Uncommon,EM
Electrode,27/106,Uncommon,EM
Grovyle,28/106,Uncommon,EM
Grumpig,29/106,Uncommon,EM
Grumpig,30/106,Uncommon,EM
Hariyama,31/106,Uncommon,EM
Illumise,32/106,Uncommon,EM
Kirlia,33/106,Uncommon,EM
Linoone,34/106,Uncommon,EM
Loudred,35/106,Uncommon,EM
Marshtomp,36/106,Uncommon,EM
Minun,37/106,Uncommon,EM
Ninetales,38/106,Uncommon,EM
Plusle,39/106,Uncommon,EM
Swalot,40/106,Uncommon,EM
Swellow,41/106,Uncommon,EM
Volbeat,42/106,Uncommon,EM
Baltoy,43/106,Common,EM
Cacnea,44/106,Common,EM
Doduo,45/106,Common,EM
Duskull,46/106,Common,EM
Electrike,47/106,Common,EM
Electrike,48/106,Common,EM
Feebas,49/106,Common,EM
Feebas,50/106,Common,EM
Gulpin,51/106,Common,EM
Larvitar,52/106,Common,EM
Luvdisc,53/106,Common,EM
Makuhita,54/106,Common,EM
Meditite,55/106,Common,EM
Mudkip,56/106,Common,EM
Numel,57/106,Common,EM
Numel,58/106,Common,EM
Pichu,59/106,Common,EM
Pikachu,60/106,Common,EM
Ralts,61/106,Common,EM
Rhyhorn,62/106,Common,EM
Shroomish,63/106,Common,EM
Snorunt,64/106,Common,EM
Spoink,65/106,Common,EM
Spoink,66/106,Common,EM
Swablu,67/106,Common,EM
Taillow,68/106,Common,EM
Torchic,69/106,Common,EM
Treecko,70/106,Common,EM
Voltorb,71/106,Common,EM
Vulpix,72/106,Common,EM
Whismur,73/106,Common,EM
Zigzagoon,74/106,Common,EM
Battle Frontier,75/106,Uncommon,EM
Double Full Heal,76/106,Uncommon,EM
Lanette's Net Search,77/106,Uncommon,EM
Lum Berry,78/106,Uncommon,EM
Mr. Stone's Project,79/106,Uncommon,EM
Oran Berry,80/106,Uncommon,EM
PokéNav,81/106,Uncommon,EM
Professor Birch,82/106,Uncommon,EM
Rare Candy,83/106,Uncommon,EM
Scott,84/106,Uncommon,EM
Wally's Training,85/106,Uncommon,EM
Darkness Energy,86/106,Rare,EM
Double Rainbow Energy,87/106,Rare,EM
Metal Energy,88/106,Rare,EM
Multi Energy,89/106,Rare,EM
Altaria ex,90/106,Rare Holo EX,EM
Cacturne ex,91/106,Rare Holo EX,EM
Camerupt ex,92/106,Rare Holo EX,EM
Deoxys ex,93/106,Rare Holo EX,EM
Dusclops ex,94/106,Rare Holo EX,EM
Medicham ex,95/106,Rare Holo EX,EM
Milotic ex,96/106,Rare Holo EX,EM
Raichu ex,97/106,Rare Holo EX,EM
Regice ex,98/106,Rare Holo EX,EM
Regirock ex,99/106,Rare Holo EX,EM
Registeel ex,100/106,Rare Holo EX,EM
Grass Energy,101/106,Rare Holo,EM
Fire Energy,102/106,Rare Holo,EM
Water Energy,103/106,Rare Holo,EM
Lightning Energy,104/106,Rare Holo,EM
Psychic Energy,105/106,Rare Holo,EM
Fighting Energy,106/106,Rare Holo,EM
Farfetch'd,107/106,Rare Secret,EM
Arcanine,1/12,,TK2M
Charmander,2/12,,TK2M
Charmeleon,3/12,Uncommon,TK2M
Growlithe,4/12,,TK2M
Mareep,5/12,,TK2M
Minun,6/12,,TK2M
Vulpix,7/12,,TK2M
Celio's Network,8/12,,TK2M
Energy Search,9/12,,TK2M
Potion,10/12,,TK2M
Fire Energy,11/12,,TK2M
Lightning Energy,12/12,,TK2M
Beldum,1/12,,TK2P
Electrike,2/12,,TK2P
Grumpig,3/12,,TK2P
Meowth,4/12,,TK2P
Metang,5/12,,TK2P
Plusle,6/12,,TK2P
Spoink,7/12,,TK2P
Energy Search,8/12,,TK2P
Potion,9/12,,TK2P
Professor Cozmo's Discovery,10/12,,TK2P
Lightning Energy,11/12,,TK2P
Psychic Energy,12/12,,TK2P
Bagon,1/10,,TK1A
Combusken,2/10,,TK1A
Delcatty,3/10,,TK1A
Latias,4/10,,TK1A
Numel,5/10,,TK1A
Skitty,6/10,,TK1A
Torchic,7/10,,TK1A
Potion,8/10,,TK1A
Energy Search,9/10,,TK1A
Fire Energy,10/10,,TK1A
Electrike,1/10,,TK1O
Latios,2/10,,TK1O
Linoone,3/10,,TK1O
Magnemite,4/10,,TK1O
Magneton,5/10,,TK1O
Pikachu,6/10,,TK1O
Zigzagoon,7/10,,TK1O
Potion,8/10,,TK1O
Energy Search,9/10,,TK1O
Lightning Energy,10/10,,TK1O
Beedrill,1/112,Rare Holo,RG
Butterfree,2/112,Rare Holo,RG
Dewgong,3/112,Rare Holo,RG
Ditto,4/112,Rare Holo,RG
Exeggutor,5/112,Rare Holo,RG
Kangaskhan,6/112,Rare Holo,RG
Marowak,7/112,Rare Holo,RG
Nidoking,8/112,Rare Holo,RG
Nidoqueen,9/112,Rare Holo,RG
Pidgeot,10/112,Rare Holo,RG
Poliwrath,11/112,Rare Holo,RG
Raichu,12/112,Rare Holo,RG
Rapidash,13/112,Rare Holo,RG
Slowbro,14/112,Rare Holo,RG
Snorlax,15/112,Rare Holo,RG
Tauros,16/112,Rare Holo,RG
Victreebel,17/112,Rare Holo,RG
Arcanine,18/112,Rare,RG
Chansey,19/112,Rare,RG
Cloyster,20/112,Rare,RG
Dodrio,21/112,Rare,RG
Dugtrio,22/112,Rare,RG
Farfetch'd,23/112,Rare,RG
Fearow,24/112,Rare,RG
Hypno,25/112,Rare,RG
Kingler,26/112,Rare,RG
Magneton,27/112,Rare,RG
Primeape,28/112,Rare,RG
Scyther,29/112,Rare,RG
Tangela,30/112,Rare,RG
Charmeleon,31/112,Uncommon,RG
Drowzee,32/112,Uncommon,RG
Exeggcute,33/112,Uncommon,RG
Haunter,34/112,Uncommon,RG
Ivysaur,35/112,Uncommon,RG
Kakuna,36/112,Uncommon,RG
Lickitung,37/112,Uncommon,RG
Mankey,38/112,Uncommon,RG
Metapod,39/112,Uncommon,RG
Nidorina,40/112,Uncommon,RG
Nidorino,41/112,Uncommon,RG
Onix,42/112,Uncommon,RG
Parasect,43/112,Uncommon,RG
Persian,44/112,Uncommon,RG
Pidgeotto,45/112,Uncommon,RG
Poliwhirl,46/112,Uncommon,RG
Porygon,47/112,Uncommon,RG
Raticate,48/112,Uncommon,RG
Venomoth,49/112,Uncommon,RG
Wartortle,50/112,Uncommon,RG
Weepinbell,51/112,Uncommon,RG
Wigglytuff,52/112,Uncommon,RG
Bellsprout,53/112,Common,RG
Bulbasaur,54/112,Common,RG
Bulbasaur,55/112,Common,RG
Caterpie,56/112,Common,RG
Charmander,57/112,Common,RG
Charmander,58/112,Common,RG
Clefairy,59/112,Common,RG
Cubone,60/112,Common,RG
Diglett,61/112,Common,RG
Doduo,62/112,Common,RG
Gastly,63/112,Common,RG
Growlithe,64/112,Common,RG
Jigglypuff,65/112,Common,RG
Krabby,66/112,Common,RG
Magikarp,67/112,Common,RG
Magnemite,68/112,Common,RG
Meowth,69/112,Common,RG
Nidoran ♀,70/112,Common,RG
Nidoran ♂,71/112,Common,RG
Paras,72/112,Common,RG
Pidgey,73/112,Common,RG
Pikachu,74/112,Common,RG
Poliwag,75/112,Common,RG
Ponyta,76/112,Common,RG
Rattata,77/112,Common,RG
Seel,78/112,Common,RG
Shellder,79/112,Common,RG
Slowpoke,80/112,Common,RG
Spearow,81/112,Common,RG
Squirtle,82/112,Common,RG
Squirtle,83/112,Common,RG
Venonat,84/112,Common,RG
Voltorb,85/112,Common,RG
Weedle,86/112,Common,RG
Bill's Maintenance,87/112,Uncommon,RG
Celio's Network,88/112,Uncommon,RG
Energy Removal 2,89/112,Uncommon,RG
Energy Switch,90/112,Uncommon,RG
EXP.ALL,91/112,Uncommon,RG
Great Ball,92/112,Uncommon,RG
Life Herb,93/112,Uncommon,RG
Mt. Moon,94/112,Uncommon,RG
Poké Ball,95/112,Uncommon,RG
PokéDex HANDY909,96/112,Uncommon,RG
Pokémon Reversal,97/112,Uncommon,RG
Prof. Oak's Research,98/112,Uncommon,RG
Super Scoop Up,99/112,Uncommon,RG
VS Seeker,100/112,Uncommon,RG
Potion,101/112,Common,RG
Switch,102/112,Common,RG
Multi Energy,103/112,Rare,RG
Blastoise ex,104/112,Rare Holo EX,RG
Charizard ex,105/112,Rare Holo EX,RG
Clefable ex,106/112,Rare Holo EX,RG
Electrode ex,107/112,Rare Holo EX,RG
Gengar ex,108/112,Rare Holo EX,RG
Gyarados ex,109/112,Rare Holo EX,RG
Mr. Mime ex,110/112,Rare Holo EX,RG
Mr. Mime ex,111/112,Rare Holo EX,RG
Venusaur ex,112/112,Rare Holo EX,RG
Charmander,113/112,Rare Secret,RG
Articuno ex,114/112,Rare Secret,RG
Moltres ex,115/112,Rare Secret,RG
Zapdos ex,116/112,Rare Secret,RG
Banette,1/101,Rare Holo,HL
Claydol,2/101,Rare Holo,HL
Crobat,3/101,Rare Holo,HL
Dark Celebi,4/101,Rare Holo,HL
Electrode,5/101,Rare Holo,HL
Exploud,6/101,Rare Holo,HL
Heracross,7/101,Rare Holo,HL
Jirachi,8/101,Rare Holo,HL
Machamp,9/101,Rare Holo,HL
Medicham,10/101,Rare Holo,HL
Metagross,11/101,Rare Holo,HL
Milotic,12/101,Rare Holo,HL
Pinsir,13/101,Rare Holo,HL
Shiftry,14/101,Rare Holo,HL
Walrein,15/101,Rare Holo,HL
Bellossom,16/101,Rare,HL
Chimecho,17/101,Rare,HL
Gorebyss,18/101,Rare,HL
Huntail,19/101,Rare,HL
Masquerain,20/101,Rare,HL
Metang,21/101,Rare,HL
Ninetales,22/101,Rare,HL
Rain Castform,23/101,Rare,HL
Relicanth,24/101,Rare,HL
Snow-cloud Castform,25/101,Rare,HL
Sunny Castform,26/101,Rare,HL
Tropius,27/101,Rare,HL
Beldum,28/101,Uncommon,HL
Beldum,29/101,Uncommon,HL
Castform,30/101,Uncommon,HL
Claydol,31/101,Uncommon,HL
Corsola,32/101,Uncommon,HL
Dodrio,33/101,Uncommon,HL
Glalie,34/101,Uncommon,HL
Gloom,35/101,Uncommon,HL
Golbat,36/101,Uncommon,HL
Igglybuff,37/101,Uncommon,HL
Lanturn,38/101,Uncommon,HL
Loudred,39/101,Uncommon,HL
Luvdisc,40/101,Uncommon,HL
Machoke,41/101,Uncommon,HL
Medicham,42/101,Uncommon,HL
Metang,43/101,Uncommon,HL
Metang,44/101,Uncommon,HL
Nuzleaf,45/101,Uncommon,HL
Rhydon,46/101,Uncommon,HL
Sealeo,47/101,Uncommon,HL
Spinda,48/101,Uncommon,HL
Starmie,49/101,Uncommon,HL
Swalot,50/101,Uncommon,HL
Tentacruel,51/101,Uncommon,HL
Baltoy,52/101,Common,HL
Baltoy,53/101,Common,HL
Beldum,54/101,Common,HL
Chikorita,55/101,Common,HL
Chinchou,56/101,Common,HL
Chinchou,57/101,Common,HL
Clamperl,58/101,Common,HL
Cyndaquil,59/101,Common,HL
Doduo,60/101,Common,HL
Feebas,61/101,Common,HL
Gulpin,62/101,Common,HL
Jigglypuff,63/101,Common,HL
Machop,64/101,Common,HL
Meditite,65/101,Common,HL
Meditite,66/101,Common,HL
Minun,67/101,Common,HL
Oddish,68/101,Common,HL
Plusle,69/101,Common,HL
Rhyhorn,70/101,Common,HL
Seedot,71/101,Common,HL
Shuppet,72/101,Common,HL
Snorunt,73/101,Common,HL
Spheal,74/101,Common,HL
Staryu,75/101,Common,HL
Surskit,76/101,Common,HL
Tentacool,77/101,Common,HL
Togepi,78/101,Common,HL
Totodile,79/101,Common,HL
Voltorb,80/101,Common,HL
Vulpix,81/101,Common,HL
Whismur,82/101,Common,HL
Zubat,83/101,Common,HL
Ancient Technical Machine [Ice],84/101,Uncommon,HL
Ancient Technical Machine [Rock],85/101,Uncommon,HL
Ancient Technical Machine [Steel],86/101,Uncommon,HL
Ancient Tomb,87/101,Uncommon,HL
Desert Ruins,88/101,Uncommon,HL
Island Cave,89/101,Uncommon,HL
Life Herb,90/101,Uncommon,HL
Magnetic Storm,91/101,Uncommon,HL
Steven's Advice,92/101,Uncommon,HL
Groudon ex,93/101,Rare Holo EX,HL
Kyogre ex,94/101,Rare Holo EX,HL
Metagross ex,95/101,Rare Holo EX,HL
Ninetales ex,96/101,Rare Holo EX,HL
Regice ex,97/101,Rare Holo EX,HL
Regirock ex,98/101,Rare Holo EX,HL
Registeel ex,99/101,Rare Holo EX,HL
Vileplume ex,100/101,Rare Holo EX,HL
Wigglytuff ex,101/101,Rare Holo EX,HL
Groudon,102/101,Rare Secret,HL
Armaldo δ,1/110,Rare Holo,HP
Cradily δ,2/110,Rare Holo,HP
Deoxys δ,3/110,Rare Holo,HP
Deoxys δ,4/110,Rare Holo,HP
Deoxys δ,5/110,Rare Holo,HP
Deoxys δ,6/110,Rare Holo,HP
Flygon δ,7/110,Rare Holo,HP
Gyarados δ,8/110,Rare Holo,HP
Kabutops δ,9/110,Rare Holo,HP
Kingdra δ,10/110,Rare Holo,HP
Latias δ,11/110,Rare Holo,HP
Latios δ,12/110,Rare Holo,HP
Omastar δ,13/110,Rare Holo,HP
Pidgeot δ,14/110,Rare Holo,HP
Raichu δ,15/110,Rare Holo,HP
Rayquaza δ,16/110,Rare Holo,HP
Vileplume δ,17/110,Rare Holo,HP
Absol,18/110,Rare,HP
Bellossom δ,19/110,Rare,HP
Blaziken,20/110,Rare,HP
Latias δ,21/110,Rare,HP
Latios δ,22/110,Rare,HP
Mawile,23/110,Rare,HP
Mewtwo δ,24/110,Rare,HP
Nosepass,25/110,Rare,HP
Rayquaza δ,26/110,Rare,HP
Regice,27/110,Rare,HP
Regirock,28/110,Rare,HP
Registeel,29/110,Rare,HP
Relicanth,30/110,Rare,HP
Sableye,31/110,Rare,HP
Seviper,32/110,Rare,HP
Torkoal,33/110,Rare,HP
Zangoose,34/110,Rare,HP
Aerodactyl δ,35/110,Uncommon,HP
Camerupt,36/110,Uncommon,HP
Chimecho δ,37/110,Uncommon,HP
Claydol,38/110,Uncommon,HP
Combusken,39/110,Uncommon,HP
Donphan,40/110,Uncommon,HP
Exeggutor δ,41/110,Uncommon,HP
Gloom δ,42/110,Uncommon,HP
Golduck δ,43/110,Uncommon,HP
Holon's Castform,44/110,Uncommon,HP
Lairon,45/110,Uncommon,HP
Manectric,46/110,Uncommon,HP
Masquerain,47/110,Uncommon,HP
Persian δ,48/110,Uncommon,HP
Pidgeotto δ,49/110,Uncommon,HP
Primeape δ,50/110,Uncommon,HP
Raichu,51/110,Uncommon,HP
Seadra δ,52/110,Uncommon,HP
Sharpedo δ,53/110,Uncommon,HP
Vibrava δ,54/110,Uncommon,HP
Whiscash,55/110,Uncommon,HP
Wobbuffet,56/110,Uncommon,HP
Anorith δ,57/110,Common,HP
Aron,58/110,Common,HP
Baltoy,59/110,Common,HP
Barboach,60/110,Common,HP
Carvanha δ,61/110,Common,HP
Corphish,62/110,Common,HP
Corphish,63/110,Common,HP
Electrike,64/110,Common,HP
Exeggcute δ,65/110,Common,HP
Horsea δ,66/110,Common,HP
Kabuto δ,67/110,Common,HP
Lileep δ,68/110,Common,HP
Magikarp δ,69/110,Common,HP
Mankey δ,70/110,Common,HP
Meowth δ,71/110,Common,HP
Numel,72/110,Common,HP
Oddish δ,73/110,Common,HP
Omanyte δ,74/110,Common,HP
Phanpy,75/110,Common,HP
Pichu δ,76/110,Common,HP
Pidgey δ,77/110,Common,HP
Pikachu,78/110,Common,HP
Pikachu δ,79/110,Common,HP
Poochyena,80/110,Common,HP
Psyduck δ,81/110,Common,HP
Surskit,82/110,Common,HP
Torchic,83/110,Common,HP
Trapinch δ,84/110,Common,HP
Holon Adventurer,85/110,Uncommon,HP
Holon Fossil,86/110,Uncommon,HP
Holon Lake,87/110,Uncommon,HP
Mr. Stone's Project,88/110,Uncommon,HP
Professor Cozmo's Discovery,89/110,Uncommon,HP
Rare Candy,90/110,Uncommon,HP
Claw Fossil,91/110,Common,HP
Mysterious Fossil,92/110,Common,HP
Root Fossil,93/110,Common,HP
Darkness Energy,94/110,Rare,HP
Metal Energy,95/110,Rare,HP
Multi Energy,96/110,Rare,HP
Dark Metal Energy,97/110,Uncommon,HP
δ Rainbow Energy,98/110,Uncommon,HP
Crawdaunt ex,99/110,Rare Holo EX,HP
Mew ex,100/110,Rare Holo EX,HP
Mightyena ex,101/110,Rare Holo EX,HP
Gyarados ★ δ,102/110,Rare Holo Star,HP
Mewtwo ★,103/110,Rare Holo Star,HP
Pikachu ★,104/110,Rare Holo Star,HP
Grass Energy,105/110,Rare Holo,HP
Fire Energy,106/110,Rare Holo,HP
Water Energy,107/110,Rare Holo,HP
Lightning Energy,108/110,Rare Holo,HP
Psychic Energy,109/110,Rare Holo,HP
Fighting Energy,110/110,Rare Holo,HP
Mew,111/110,Rare Secret,HP
Aerodactyl,1/92,Rare Holo,LM
Aggron,2/92,Rare Holo,LM
Cradily,3/92,Rare Holo,LM
Delcatty,4/92,Rare Holo,LM
Gengar,5/92,Rare Holo,LM
Golem,6/92,Rare Holo,LM
Kabutops,7/92,Rare Holo,LM
Lapras,8/92,Rare Holo,LM
Machamp,9/92,Rare Holo,LM
Mew,10/92,Rare Holo,LM
Muk,11/92,Rare Holo,LM
Shiftry,12/92,Rare Holo,LM
Victreebel,13/92,Rare Holo,LM
Wailord,14/92,Rare Holo,LM
Absol,15/92,Rare,LM
Girafarig,16/92,Rare,LM
Gorebyss,17/92,Rare,LM
Huntail,18/92,Rare,LM
Lanturn,19/92,Rare,LM
Lunatone,20/92,Rare,LM
Magmar,21/92,Rare,LM
Magneton,22/92,Rare,LM
Omastar,23/92,Rare,LM
Pinsir,24/92,Rare,LM
Solrock,25/92,Rare,LM
Spinda,26/92,Rare,LM
Torkoal,27/92,Rare,LM
Wobbuffet,28/92,Rare,LM
Anorith,29/92,Uncommon,LM
Cascoon,30/92,Uncommon,LM
Dunsparce,31/92,Uncommon,LM
Electrode,32/92,Uncommon,LM
Furret,33/92,Uncommon,LM
Graveler,34/92,Uncommon,LM
Haunter,35/92,Uncommon,LM
Kabuto,36/92,Uncommon,LM
Kecleon,37/92,Uncommon,LM
Lairon,38/92,Uncommon,LM
Machoke,39/92,Uncommon,LM
Misdreavus,40/92,Uncommon,LM
Nuzleaf,41/92,Uncommon,LM
Roselia,42/92,Uncommon,LM
Sealeo,43/92,Uncommon,LM
Tangela,44/92,Uncommon,LM
Tentacruel,45/92,Uncommon,LM
Vibrava,46/92,Uncommon,LM
Weepinbell,47/92,Uncommon,LM
Aron,48/92,Common,LM
Bellsprout,49/92,Common,LM
Chinchou,50/92,Common,LM
Clamperl,51/92,Common,LM
Gastly,52/92,Common,LM
Geodude,53/92,Common,LM
Grimer,54/92,Common,LM
Growlithe,55/92,Common,LM
Lileep,56/92,Common,LM
Machop,57/92,Common,LM
Magby,58/92,Common,LM
Magnemite,59/92,Common,LM
Omanyte,60/92,Common,LM
Seedot,61/92,Common,LM
Sentret,62/92,Common,LM
Shuppet,63/92,Common,LM
Skitty,64/92,Common,LM
Spheal,65/92,Common,LM
Tentacool,66/92,Common,LM
Trapinch,67/92,Common,LM
Voltorb,68/92,Common,LM
Wailmer,69/92,Common,LM
Wurmple,70/92,Common,LM
Wynaut,71/92,Common,LM
Cursed Stone,72/92,Uncommon,LM
Fieldworker,73/92,Uncommon,LM
Full Flame,74/92,Uncommon,LM
Giant Stump,75/92,Uncommon,LM
Power Tree,76/92,Uncommon,LM
Strange Cave,77/92,Uncommon,LM
Claw Fossil,78/92,Common,LM
Mysterious Fossil,79/92,Common,LM
Root Fossil,80/92,Common,LM
Rainbow Energy,81/92,Rare,LM
React Energy,82/92,Uncommon,LM
Arcanine ex,83/92,Rare Holo EX,LM
Armaldo ex,84/92,Rare Holo EX,LM
Banette ex,85/92,Rare Holo EX,LM
Dustox ex,86/92,Rare Holo EX,LM
Flygon ex,87/92,Rare Holo EX,LM
Mew ex,88/92,Rare Holo EX,LM
Walrein ex,89/92,Rare Holo EX,LM
Regice ★,90/92,Rare Holo Star,LM
Regirock ★,91/92,Rare Holo Star,LM
Registeel ★,92/92,Rare Holo Star,LM
Pikachu δ,93/92,Rare Secret,LM
Aggron,1/108,Rare Holo,PK
Altaria,2/108,Rare Holo,PK
Armaldo,3/108,Rare Holo,PK
Banette,4/108,Rare Holo,PK
Blaziken,5/108,Rare Holo,PK
Charizard,6/108,Rare Holo,PK
Cradily,7/108,Rare Holo,PK
Delcatty,8/108,Rare Holo,PK
Gardevoir,9/108,Rare Holo,PK
Kabutops,10/108,Rare Holo,PK
Machamp,11/108,Rare Holo,PK
Raichu,12/108,Rare Holo,PK
Slaking,13/108,Rare Holo,PK
Dusclops,14/108,Rare,PK
Lanturn,15/108,Rare,PK
Magneton,16/108,Rare,PK
Mawile,17/108,Rare,PK
Mightyena,18/108,Rare,PK
Ninetales,19/108,Rare,PK
Omastar,20/108,Rare,PK
Pichu,21/108,Rare,PK
Sableye,22/108,Rare,PK
Seviper,23/108,Rare,PK
Wobbuffet,24/108,Rare,PK
Zangoose,25/108,Rare,PK
Anorith,26/108,Uncommon,PK
Cacturne,27/108,Uncommon,PK
Charmeleon,28/108,Uncommon,PK
Combusken,29/108,Uncommon,PK
Glalie,30/108,Uncommon,PK
Kirlia,31/108,Uncommon,PK
Lairon,32/108,Uncommon,PK
Machoke,33/108,Uncommon,PK
Medicham,34/108,Uncommon,PK
Metang,35/108,Uncommon,PK
Nuzleaf,36/108,Uncommon,PK
Sealeo,37/108,Uncommon,PK
Sharpedo,38/108,Uncommon,PK
Shelgon,39/108,Uncommon,PK
Vibrava,40/108,Uncommon,PK
Vigoroth,41/108,Uncommon,PK
Aron,42/108,Common,PK
Bagon,43/108,Common,PK
Baltoy,44/108,Common,PK
Beldum,45/108,Common,PK
Cacnea,46/108,Common,PK
Carvanha,47/108,Common,PK
Charmander,48/108,Common,PK
Chinchou,49/108,Common,PK
Duskull,50/108,Common,PK
Kabuto,51/108,Common,PK
Lileep,52/108,Common,PK
Machop,53/108,Common,PK
Magnemite,54/108,Common,PK
Meditite,55/108,Common,PK
Omanyte,56/108,Common,PK
Pikachu,57/108,Common,PK
Poochyena,58/108,Common,PK
Ralts,59/108,Common,PK
Seedot,60/108,Common,PK
Shuppet,61/108,Common,PK
Skitty,62/108,Common,PK
Slakoth,63/108,Common,PK
Snorunt,64/108,Common,PK
Spheal,65/108,Common,PK
Swablu,66/108,Common,PK
Torchic,67/108,Common,PK
Trapinch,68/108,Common,PK
Vulpix,69/108,Common,PK
Wynaut,70/108,Common,PK
Battle Frontier,71/108,Uncommon,PK
Drake's Stadium,72/108,Uncommon,PK
Energy Recycle System,73/108,Uncommon,PK
Energy Removal 2,74/108,Uncommon,PK
Energy Switch,75/108,Uncommon,PK
Glacia's Stadium,76/108,Uncommon,PK
Great Ball,77/108,Uncommon,PK
Master Ball,78/108,Uncommon,PK
Phoebe's Stadium,79/108,Uncommon,PK
Professor Birch,80/108,Uncommon,PK
Scott,81/108,Uncommon,PK
Sidney's Stadium,82/108,Uncommon,PK
Steven's Advice,83/108,Uncommon,PK
Claw Fossil,84/108,Common,PK
Mysterious Fossil,85/108,Common,PK
Root Fossil,86/108,Common,PK
Darkness Energy,87/108,Rare,PK
Metal Energy,88/108,Rare,PK
Multi Energy,89/108,Rare,PK
Cyclone Energy,90/108,Uncommon,PK
Warp Energy,91/108,Uncommon,PK
Absol ex,92/108,Rare Holo EX,PK
Claydol ex,93/108,Rare Holo EX,PK
Flygon ex,94/108,Rare Holo EX,PK
Metagross ex,95/108,Rare Holo EX,PK
Salamence ex,96/108,Rare Holo EX,PK
Shiftry ex,97/108,Rare Holo EX,PK
Skarmory ex,98/108,Rare Holo EX,PK
Walrein ex,99/108,Rare Holo EX,PK
Flareon ★,100/108,Rare Holo Star,PK
Jolteon ★,101/108,Rare Holo Star,PK
Vaporeon ★,102/108,Rare Holo Star,PK
Grass Energy,103/108,Rare Holo,PK
Fire Energy,104/108,Rare Holo,PK
Water Energy,105/108,Rare Holo,PK
Lightning Energy,106/108,Rare Holo,PK
Psychic Energy,107/108,Rare Holo,PK
Fighting Energy,108/108,Rare Holo,PK
Aggron,1/109,Rare Holo,RS
Beautifly,2/109,Rare Holo,RS
Blaziken,3/109,Rare Holo,RS
Camerupt,4/109,Rare Holo,RS
Delcatty,5/109,Rare Holo,RS
Dustox,6/109,Rare Holo,RS
Gardevoir,7/109,Rare Holo,RS
Hariyama,8/109,Rare Holo,RS
Manectric,9/109,Rare Holo,RS
Mightyena,10/109,Rare Holo,RS
Sceptile,11/109,Rare Holo,RS
Slaking,12/109,Rare Holo,RS
Swampert,13/109,Rare Holo,RS
Wailord,14/109,Rare Holo,RS
Blaziken,15/109,Rare,RS
Breloom,16/109,Rare,RS
Donphan,17/109,Rare,RS
Nosepass,18/109,Rare,RS
Pelipper,19/109,Rare,RS
Sceptile,20/109,Rare,RS
Seaking,21/109,Rare,RS
Sharpedo,22/109,Rare,RS
Swampert,23/109,Rare,RS
Weezing,24/109,Rare,RS
Aron,25/109,Uncommon,RS
Cascoon,26/109,Uncommon,RS
Combusken,27/109,Uncommon,RS
Combusken,28/109,Uncommon,RS
Delcatty,29/109,Uncommon,RS
Electrike,30/109,Uncommon,RS
Grovyle,31/109,Uncommon,RS
Grovyle,32/109,Uncommon,RS
Hariyama,33/109,Uncommon,RS
Kirlia,34/109,Uncommon,RS
Kirlia,35/109,Uncommon,RS
Lairon,36/109,Uncommon,RS
Lairon,37/109,Uncommon,RS
Linoone,38/109,Uncommon,RS
Manectric,39/109,Uncommon,RS
Marshtomp,40/109,Uncommon,RS
Marshtomp,41/109,Uncommon,RS
Mightyena,42/109,Uncommon,RS
Silcoon,43/109,Uncommon,RS
Skitty,44/109,Uncommon,RS
Slakoth,45/109,Uncommon,RS
Swellow,46/109,Uncommon,RS
Vigoroth,47/109,Uncommon,RS
Wailmer,48/109,Uncommon,RS
Aron,49/109,Common,RS
Aron,50/109,Common,RS
Carvanha,51/109,Common,RS
Electrike,52/109,Common,RS
Electrike,53/109,Common,RS
Koffing,54/109,Common,RS
Goldeen,55/109,Common,RS
Makuhita,56/109,Common,RS
Makuhita,57/109,Common,RS
Makuhita,58/109,Common,RS
Mudkip,59/109,Common,RS
Mudkip,60/109,Common,RS
Numel,61/109,Common,RS
Phanpy,62/109,Common,RS
Poochyena,63/109,Common,RS
Poochyena,64/109,Common,RS
Poochyena,65/109,Common,RS
Ralts,66/109,Common,RS
Ralts,67/109,Common,RS
Ralts,68/109,Common,RS
Shroomish,69/109,Common,RS
Skitty,70/109,Common,RS
Skitty,71/109,Common,RS
Taillow,72/109,Common,RS
Torchic,73/109,Common,RS
Torchic,74/109,Common,RS
Treecko,75/109,Common,RS
Treecko,76/109,Common,RS
Wingull,77/109,Common,RS
Wurmple,78/109,Common,RS
Zigzagoon,79/109,Common,RS
Energy Removal 2,80/109,Uncommon,RS
Energy Restore,81/109,Uncommon,RS
Energy Switch,82/109,Uncommon,RS
Lady Outing,83/109,Uncommon,RS
Lum Berry,84/109,Uncommon,RS
Oran Berry,85/109,Uncommon,RS
Poké Ball,86/109,Uncommon,RS
Pokémon Reversal,87/109,Uncommon,RS
PokéNav,88/109,Uncommon,RS
Professor Birch,89/109,Uncommon,RS
Energy Search,90/109,Common,RS
Potion,91/109,Common,RS
Switch,92/109,Common,RS
Darkness Energy,93/109,Rare,RS
Metal Energy,94/109,Rare,RS
Rainbow Energy,95/109,Rare,RS
Chansey ex,96/109,Rare Holo EX,RS
Electabuzz ex,97/109,Rare Holo EX,RS
Hitmonchan ex,98/109,Rare Holo EX,RS
Lapras ex,99/109,Rare Holo EX,RS
Magmar ex,100/109,Rare Holo EX,RS
Mewtwo ex,101/109,Rare Holo EX,RS
Scyther ex,102/109,Rare Holo EX,RS
Sneasel ex,103/109,Rare Holo EX,RS
Grass Energy,104/109,Common,RS
Fighting Energy,105/109,Common,RS
Water Energy,106/109,Common,RS
Psychic Energy,107/109,Common,RS
Fire Energy,108/109,Common,RS
Lightning Energy,109/109,Common,RS
Armaldo,1/100,Rare Holo,SS
Cacturne,2/100,Rare Holo,SS
Cradily,3/100,Rare Holo,SS
Dusclops,4/100,Rare Holo,SS
Flareon,5/100,Rare Holo,SS
Jolteon,6/100,Rare Holo,SS
Ludicolo,7/100,Rare Holo,SS
Lunatone,8/100,Rare Holo,SS
Mawile,9/100,Rare Holo,SS
Sableye,10/100,Rare Holo,SS
Seviper,11/100,Rare Holo,SS
Shiftry,12/100,Rare Holo,SS
Solrock,13/100,Rare Holo,SS
Zangoose,14/100,Rare Holo,SS
Arcanine,15/100,Rare,SS
Espeon,16/100,Rare,SS
Golduck,17/100,Rare,SS
Kecleon,18/100,Rare,SS
Omastar,19/100,Rare,SS
Pichu,20/100,Rare,SS
Sandslash,21/100,Rare,SS
Shiftry,22/100,Rare,SS
Steelix,23/100,Rare,SS
Umbreon,24/100,Rare,SS
Vaporeon,25/100,Rare,SS
Wobbuffet,26/100,Rare,SS
Anorith,27/100,Uncommon,SS
Anorith,28/100,Uncommon,SS
Arbok,29/100,Uncommon,SS
Azumarill,30/100,Uncommon,SS
Azurill,31/100,Uncommon,SS
Baltoy,32/100,Uncommon,SS
Breloom,33/100,Uncommon,SS
Delcatty,34/100,Uncommon,SS
Electabuzz,35/100,Uncommon,SS
Elekid,36/100,Uncommon,SS
Fearow,37/100,Uncommon,SS
Illumise,38/100,Uncommon,SS
Kabuto,39/100,Uncommon,SS
Kirlia,40/100,Uncommon,SS
Lairon,41/100,Uncommon,SS
Lileep,42/100,Uncommon,SS
Lileep,43/100,Uncommon,SS
Linoone,44/100,Uncommon,SS
Lombre,45/100,Uncommon,SS
Lombre,46/100,Uncommon,SS
Murkrow,47/100,Uncommon,SS
Nuzleaf,48/100,Uncommon,SS
Nuzleaf,49/100,Uncommon,SS
Pelipper,50/100,Uncommon,SS
Quilava,51/100,Uncommon,SS
Vigoroth,52/100,Uncommon,SS
Volbeat,53/100,Uncommon,SS
Wynaut,54/100,Uncommon,SS
Xatu,55/100,Uncommon,SS
Aron,56/100,Common,SS
Cacnea,57/100,Common,SS
Cacnea,58/100,Common,SS
Cyndaquil,59/100,Common,SS
Dunsparce,60/100,Common,SS
Duskull,61/100,Common,SS
Duskull,62/100,Common,SS
Eevee,63/100,Common,SS
Ekans,64/100,Common,SS
Growlithe,65/100,Common,SS
Lotad,66/100,Common,SS
Lotad,67/100,Common,SS
Marill,68/100,Common,SS
Natu,69/100,Common,SS
Omanyte,70/100,Common,SS
Onix,71/100,Common,SS
Pikachu,72/100,Common,SS
Psyduck,73/100,Common,SS
Ralts,74/100,Common,SS
Sandshrew,75/100,Common,SS
Seedot,76/100,Common,SS
Seedot,77/100,Common,SS
Shroomish,78/100,Common,SS
Skitty,79/100,Common,SS
Slakoth,80/100,Common,SS
Spearow,81/100,Common,SS
Trapinch,82/100,Common,SS
Wailmer,83/100,Common,SS
Wingull,84/100,Common,SS
Zigzagoon,85/100,Common,SS
Double Full Heal,86/100,Uncommon,SS
Lanette's Net Search,87/100,Uncommon,SS
Rare Candy,88/100,Uncommon,SS
Wally's Training,89/100,Uncommon,SS
Claw Fossil,90/100,Common,SS
Mysterious Fossil,91/100,Common,SS
Root Fossil,92/100,Common,SS
Multi Energy,93/100,Rare,SS
Aerodactyl ex,94/100,Rare Holo EX,SS
Aggron ex,95/100,Rare Holo EX,SS
Gardevoir ex,96/100,Rare Holo EX,SS
Kabutops ex,97/100,Rare Holo EX,SS
Raichu ex,98/100,Rare Holo EX,SS
Typhlosion ex,99/100,Rare Holo EX,SS
Wailord ex,100/100,Rare Holo EX,SS
Team Aqua's Cacturne,1/95,Rare Holo,MA
Team Aqua's Crawdaunt,2/95,Rare Holo,MA
Team Aqua's Kyogre,3/95,Rare Holo,MA
Team Aqua's Manectric,4/95,Rare Holo,MA
Team Aqua's Sharpedo,5/95,Rare Holo,MA
Team Aqua's Walrein,6/95,Rare Holo,MA
Team Magma's Aggron,7/95,Rare Holo,MA
Team Magma's Claydol,8/95,Rare Holo,MA
Team Magma's Groudon,9/95,Rare Holo,MA
Team Magma's Houndoom,10/95,Rare Holo,MA
Team Magma's Rhydon,11/95,Rare Holo,MA
Team Magma's Torkoal,12/95,Rare Holo,MA
Raichu,13/95,Rare,MA
Team Aqua's Crawdaunt,14/95,Rare,MA
Team Aqua's Mightyena,15/95,Rare,MA
Team Aqua's Sealeo,16/95,Rare,MA
Team Aqua's Seviper,17/95,Rare,MA
Team Aqua's Sharpedo,18/95,Rare,MA
Team Magma's Camerupt,19/95,Rare,MA
Team Magma's Lairon,20/95,Rare,MA
Team Magma's Mightyena,21/95,Rare,MA
Team Magma's Rhydon,22/95,Rare,MA
Team Magma's Zangoose,23/95,Rare,MA
Team Aqua's Cacnea,24/95,Uncommon,MA
Team Aqua's Carvanha,25/95,Uncommon,MA
Team Aqua's Corphish,26/95,Uncommon,MA
Team Aqua's Electrike,27/95,Uncommon,MA
Team Aqua's Lanturn,28/95,Uncommon,MA
Team Aqua's Manectric,29/95,Uncommon,MA
Team Aqua's Mightyena,30/95,Uncommon,MA
Team Aqua's Sealeo,31/95,Uncommon,MA
Team Magma's Baltoy,32/95,Uncommon,MA
Team Magma's Claydol,33/95,Uncommon,MA
Team Magma's Houndoom,34/95,Uncommon,MA
Team Magma's Houndour,35/95,Uncommon,MA
Team Magma's Lairon,36/95,Uncommon,MA
Team Magma's Mightyena,37/95,Uncommon,MA
Team Magma's Rhyhorn,38/95,Uncommon,MA
Bulbasaur,39/95,Common,MA
Cubone,40/95,Common,MA
Jigglypuff,41/95,Common,MA
Meowth,42/95,Common,MA
Pikachu,43/95,Common,MA
Psyduck,44/95,Common,MA
Slowpoke,45/95,Common,MA
Squirtle,46/95,Common,MA
Team Aqua's Carvanha,47/95,Common,MA
Team Aqua's Carvanha,48/95,Common,MA
Team Aqua's Chinchou,49/95,Common,MA
Team Aqua's Corphish,50/95,Common,MA
Team Aqua's Corphish,51/95,Common,MA
Team Aqua's Electrike,52/95,Common,MA
Team Aqua's Electrike,53/95,Common,MA
Team Aqua's Poochyena,54/95,Common,MA
Team Aqua's Poochyena,55/95,Common,MA
Team Aqua's Spheal,56/95,Common,MA
Team Aqua's Spheal,57/95,Common,MA
Team Magma's Aron,58/95,Common,MA
Team Magma's Aron,59/95,Common,MA
Team Magma's Baltoy,60/95,Common,MA
Team Magma's Baltoy,61/95,Common,MA
Team Magma's Houndour,62/95,Common,MA
Team Magma's Houndour,63/95,Common,MA
Team Magma's Numel,64/95,Common,MA
Team Magma's Poochyena,65/95,Common,MA
Team Magma's Poochyena,66/95,Common,MA
Team Magma's Rhyhorn,67/95,Common,MA
Team Magma's Rhyhorn,68/95,Common,MA
Team Aqua Schemer,69/95,Common,MA
Team Magma Schemer,70/95,Common,MA
Archie,71/95,Uncommon,MA
Dual Ball,72/95,Uncommon,MA
Maxie,73/95,Uncommon,MA
Strength Charm,74/95,Uncommon,MA
Team Aqua Ball,75/95,Uncommon,MA
Team Aqua Belt,76/95,Uncommon,MA
Team Aqua Conspirator,77/95,Uncommon,MA
Team Aqua Hideout,78/95,Uncommon,MA
Team Aqua Technical Machine 01,79/95,Uncommon,MA
Team Magma Ball,80/95,Uncommon,MA
Team Magma Belt,81/95,Uncommon,MA
Team Magma Conspirator,82/95,Uncommon,MA
Team Magma Hideout,83/95,Uncommon,MA
Team Magma Technical Machine 01,84/95,Uncommon,MA
Warp Point,85/95,Uncommon,MA
Aqua Energy,86/95,Uncommon,MA
Magma Energy,87/95,Uncommon,MA
Double Rainbow Energy,88/95,Rare,MA
Blaziken ex,89/95,Rare Holo EX,MA
Cradily ex,90/95,Rare Holo EX,MA
Entei ex,91/95,Rare Holo EX,MA
Raikou ex,92/95,Rare Holo EX,MA
Sceptile ex,93/95,Rare Holo EX,MA
Suicune ex,94/95,Rare Holo EX,MA
Swampert ex,95/95,Rare Holo EX,MA
Absol,96/95,Rare Secret,MA
Jirachi,97/95,Rare Secret,MA
Azumarill,1/109,Rare Holo,TR
Dark Ampharos,2/109,Rare Holo,TR
Dark Crobat,3/109,Rare Holo,TR
Dark Electrode,4/109,Rare Holo,TR
Dark Houndoom,5/109,Rare Holo,TR
Dark Hypno,6/109,Rare Holo,TR
Dark Marowak,7/109,Rare Holo,TR
Dark Octillery,8/109,Rare Holo,TR
Dark Slowking,9/109,Rare Holo,TR
Dark Steelix,10/109,Rare Holo,TR
Jumpluff,11/109,Rare Holo,TR
Kingdra,12/109,Rare Holo,TR
Piloswine,13/109,Rare Holo,TR
Togetic,14/109,Rare Holo,TR
Dark Dragonite,15/109,Rare,TR
Dark Muk,16/109,Rare,TR
Dark Raticate,17/109,Rare,TR
Dark Sandslash,18/109,Rare,TR
Dark Tyranitar,19/109,Rare,TR
Dark Tyranitar,20/109,Rare,TR
Delibird,21/109,Rare,TR
Furret,22/109,Rare,TR
Ledian,23/109,Rare,TR
Magby,24/109,Rare,TR
Misdreavus,25/109,Rare,TR
Quagsire,26/109,Rare,TR
Qwilfish,27/109,Rare,TR
Yanma,28/109,Rare,TR
Dark Arbok,29/109,Uncommon,TR
Dark Ariados,30/109,Uncommon,TR
Dark Dragonair,31/109,Uncommon,TR
Dark Dragonair,32/109,Uncommon,TR
Dark Flaaffy,33/109,Uncommon,TR
Dark Golbat,34/109,Uncommon,TR
Dark Golduck,35/109,Uncommon,TR
Dark Gyarados,36/109,Uncommon,TR
Dark Houndoom,37/109,Uncommon,TR
Dark Magcargo,38/109,Uncommon,TR
Dark Magneton,39/109,Uncommon,TR
Dark Pupitar,40/109,Uncommon,TR
Dark Pupitar,41/109,Uncommon,TR
Dark Weezing,42/109,Uncommon,TR
Heracross,43/109,Uncommon,TR
Magmar,44/109,Uncommon,TR
Mantine,45/109,Uncommon,TR
Rocket's Meowth,46/109,Uncommon,TR
Rocket's Wobbuffet,47/109,Uncommon,TR
Seadra,48/109,Uncommon,TR
Skiploom,49/109,Uncommon,TR
Togepi,50/109,Uncommon,TR
Cubone,51/109,Common,TR
Dratini,52/109,Common,TR
Dratini,53/109,Common,TR
Drowzee,54/109,Common,TR
Ekans,55/109,Common,TR
Grimer,56/109,Common,TR
Hoppip,57/109,Common,TR
Horsea,58/109,Common,TR
Houndour,59/109,Common,TR
Houndour,60/109,Common,TR
Koffing,61/109,Common,TR
Larvitar,62/109,Common,TR
Larvitar,63/109,Common,TR
Ledyba,64/109,Common,TR
Magikarp,65/109,Common,TR
Magnemite,66/109,Common,TR
Mareep,67/109,Common,TR
Marill,68/109,Common,TR
Onix,69/109,Common,TR
Psyduck,70/109,Common,TR
Rattata,71/109,Common,TR
Rattata,72/109,Common,TR
Remoraid,73/109,Common,TR
Sandshrew,74/109,Common,TR
Sentret,75/109,Common,TR
Slowpoke,76/109,Common,TR
Slugma,77/109,Common,TR
Spinarak,78/109,Common,TR
Swinub,79/109,Common,TR
Voltorb,80/109,Common,TR
Wooper,81/109,Common,TR
Zubat,82/109,Common,TR
Copycat,83/109,Uncommon,TR
Pokémon Retriever,84/109,Uncommon,TR
Pow! Hand Extension,85/109,Uncommon,TR
Rocket's Admin.,86/109,Uncommon,TR
Rocket's Hideout,87/109,Uncommon,TR
Rocket's Mission,88/109,Uncommon,TR
Rocket's Poké Ball,89/109,Uncommon,TR
Rocket's Tricky Gym,90/109,Uncommon,TR
Surprise! Time Machine,91/109,Uncommon,TR
Swoop! Teleporter,92/109,Uncommon,TR
Venture Bomb,93/109,Uncommon,TR
Dark Metal Energy,94/109,Uncommon,TR
R Energy,95/109,Uncommon,TR
Rocket's Articuno ex,96/109,Rare Holo EX,TR
Rocket's Entei ex,97/109,Rare Holo EX,TR
Rocket's Hitmonchan ex,98/109,Rare Holo EX,TR
Rocket's Mewtwo ex,99/109,Rare Holo EX,TR
Rocket's Moltres ex,100/109,Rare Holo EX,TR
Rocket's Scizor ex,101/109,Rare Holo EX,TR
Rocket's Scyther ex,102/109,Rare Holo EX,TR
Rocket's Sneasel ex,103/109,Rare Holo EX,TR
Rocket's Snorlax ex,104/109,Rare Holo EX,TR
Rocket's Suicune ex,105/109,Rare Holo EX,TR
Rocket's Zapdos ex,106/109,Rare Holo EX,TR
Mudkip ★,107/109,Rare Holo Star,TR
Torchic ★,108/109,Rare Holo Star,TR
Treecko ★,109/109,Rare Holo Star,TR
Charmeleon,110/109,Rare Secret,TR
Here Comes Team Rocket!,111/109,Rare Secret,TR
Ampharos,1/115,Rare Holo,UF
Ariados,2/115,Rare Holo,UF
Bellossom,3/115,Rare Holo,UF
Feraligatr,4/115,Rare Holo,UF
Flareon,5/115,Rare Holo,UF
Forretress,6/115,Rare Holo,UF
Houndoom,7/115,Rare Holo,UF
Jolteon,8/115,Rare Holo,UF
Meganium,9/115,Rare Holo,UF
Octillery,10/115,Rare Holo,UF
Poliwrath,11/115,Rare Holo,UF
Porygon2,12/115,Rare Holo,UF
Slowbro,13/115,Rare Holo,UF
Slowking,14/115,Rare Holo,UF
Sudowoodo,15/115,Rare Holo,UF
Sunflora,16/115,Rare Holo,UF
Typhlosion,17/115,Rare Holo,UF
Ursaring,18/115,Rare Holo,UF
Vaporeon,19/115,Rare Holo,UF
Chansey,20/115,Rare,UF
Cleffa,21/115,Rare,UF
Electabuzz,22/115,Rare,UF
Elekid,23/115,Rare,UF
Hitmonchan,24/115,Rare,UF
Hitmonlee,25/115,Rare,UF
Hitmontop,26/115,Rare,UF
Ho-Oh,27/115,Rare,UF
Jynx,28/115,Rare,UF
Lugia,29/115,Rare,UF
Murkrow,30/115,Rare,UF
Smoochum,31/115,Rare,UF
Stantler,32/115,Rare,UF
Tyrogue,33/115,Rare,UF
Aipom,34/115,Uncommon,UF
Bayleef,35/115,Uncommon,UF
Clefable,36/115,Uncommon,UF
Corsola,37/115,Uncommon,UF
Croconaw,38/115,Uncommon,UF
Granbull,39/115,Uncommon,UF
Lanturn,40/115,Uncommon,UF
Magcargo,41/115,Uncommon,UF
Miltank,42/115,Uncommon,UF
Noctowl,43/115,Uncommon,UF
Quagsire,44/115,Uncommon,UF
Quilava,45/115,Uncommon,UF
Scyther,46/115,Uncommon,UF
Shuckle,47/115,Uncommon,UF
Smeargle,48/115,Uncommon,UF
Xatu,49/115,Uncommon,UF
Yanma,50/115,Uncommon,UF
Chikorita,51/115,Common,UF
Chinchou,52/115,Common,UF
Clefairy,53/115,Common,UF
Cyndaquil,54/115,Common,UF
Eevee,55/115,Common,UF
Flaaffy,56/115,Common,UF
Gligar,57/115,Common,UF
Gloom,58/115,Common,UF
Hoothoot,59/115,Common,UF
Houndour,60/115,Common,UF
Larvitar,61/115,Common,UF
Mareep,62/115,Common,UF
Natu,63/115,Common,UF
Oddish,64/115,Common,UF
Onix,65/115,Common,UF
Pineco,66/115,Common,UF
Poliwag,67/115,Common,UF
Poliwhirl,68/115,Common,UF
Porygon,69/115,Common,UF
Pupitar,70/115,Common,UF
Remoraid,71/115,Common,UF
Slowpoke,72/115,Common,UF
Slugma,73/115,Common,UF
Snubbull,74/115,Common,UF
Spinarak,75/115,Common,UF
Sunkern,76/115,Common,UF
Teddiursa,77/115,Common,UF
Totodile,78/115,Common,UF
Wooper,79/115,Common,UF
Curse Powder,80/115,Uncommon,UF
Energy Recycle System,81/115,Uncommon,UF
Energy Removal 2,82/115,Uncommon,UF
Energy Root,83/115,Uncommon,UF
Energy Switch,84/115,Uncommon,UF
Fluffy Berry,85/115,Uncommon,UF
Mary's Request,86/115,Uncommon,UF
Poké Ball,87/115,Uncommon,UF
Pokémon Reversal,88/115,Uncommon,UF
Professor Elm's Training Method,89/115,Uncommon,UF
Protective Orb,90/115,Uncommon,UF
Sitrus Berry,91/115,Uncommon,UF
Solid Rage,92/115,Uncommon,UF
Warp Point,93/115,Uncommon,UF
Energy Search,94/115,Common,UF
Potion,95/115,Common,UF
Darkness Energy,96/115,Rare,UF
Metal Energy,97/115,Rare,UF
Boost Energy,98/115,Uncommon,UF
Cyclone Energy,99/115,Uncommon,UF
Warp Energy,100/115,Uncommon,UF
Blissey ex,101/115,Rare Holo EX,UF
Espeon ex,102/115,Rare Holo EX,UF
Feraligatr ex,103/115,Rare Holo EX,UF
Ho-Oh ex,104/115,Rare Holo EX,UF
Lugia ex,105/115,Rare Holo EX,UF
Meganium ex,106/115,Rare Holo EX,UF
Politoed ex,107/115,Rare Holo EX,UF
Scizor ex,108/115,Rare Holo EX,UF
Steelix ex,109/115,Rare Holo EX,UF
Typhlosion ex,110/115,Rare Holo EX,UF
Tyranitar ex,111/115,Rare Holo EX,UF
Umbreon ex,112/115,Rare Holo EX,UF
Entei ★,113/115,Rare Holo Star,UF
Raikou ★,114/115,Rare Holo Star,UF
Suicune ★,115/115,Rare Holo Star,UF
Rocket's Persian ex,116/115,Rare Secret,UF
Celebi ex,117/115,Rare Secret,UF
Unown,A/115,Rare,UF
Unown,B/115,Rare,UF
Unown,C/115,Rare,UF
Unown,D/115,Rare,UF
Unown,E/115,Rare,UF
Unown,F/115,Rare,UF
Unown,G/115,Rare,UF
Unown,H/115,Rare,UF
Unown,I/115,Rare,UF
Unown,J/115,Rare,UF
Unown,K/115,Rare,UF
Unown,L/115,Rare,UF
Unown,M/115,Rare,UF
Unown,N/115,Rare,UF
Unown,O/115,Rare,UF
Unown,P/115,Rare,UF
Unown,Q/115,Rare,UF
Unown,R/115,Rare,UF
Unown,S/115,Rare,UF
Unown,T/115,Rare,UF
Unown,U/115,Rare,UF
Unown,V/115,Rare,UF
Unown,W/115,Rare,UF
Unown,X/115,Rare,UF
Unown,Y/115,Rare,UF
Unown,Z/115,Rare,UF
Unown,!/115,Rare,UF
Unown,?/115,Rare,UF
Blaine's Arcanine,1/132,Rare Holo,G2
Blaine's Charizard,2/132,Rare Holo,G2
Brock's Ninetales,3/132,Rare Holo,G2
Erika's Venusaur,4/132,Rare Holo,G2
Giovanni's Gyarados,5/132,Rare Holo,G2
Giovanni's Machamp,6/132,Rare Holo,G2
Giovanni's Nidoking,7/132,Rare Holo,G2
Giovanni's Persian,8/132,Rare Holo,G2
Koga's Beedrill,9/132,Rare Holo,G2
Koga's Ditto,10/132,Rare Holo,G2
Lt. Surge's Raichu,11/132,Rare Holo,G2
Misty's Golduck,12/132,Rare Holo,G2
Misty's Gyarados,13/132,Rare Holo,G2
Rocket's Mewtwo,14/132,Rare Holo,G2
Rocket's Zapdos,15/132,Rare Holo,G2
Sabrina's Alakazam,16/132,Rare Holo,G2
Blaine,17/132,Rare Holo,G2
Giovanni,18/132,Rare Holo,G2
Koga,19/132,Rare Holo,G2
Sabrina,20/132,Rare Holo,G2
Blaine's Ninetales,21/132,Rare,G2
Brock's Dugtrio,22/132,Rare,G2
Giovanni's Nidoqueen,23/132,Rare,G2
Giovanni's Pinsir,24/132,Rare,G2
Koga's Arbok,25/132,Rare,G2
Koga's Muk,26/132,Rare,G2
Koga's Pidgeotto,27/132,Rare,G2
Lt. Surge's Jolteon,28/132,Rare,G2
Sabrina's Gengar,29/132,Rare,G2
Sabrina's Golduck,30/132,Rare,G2
Blaine's Charmeleon,31/132,Uncommon,G2
Blaine's Dodrio,32/132,Uncommon,G2
Blaine's Rapidash,33/132,Uncommon,G2
Brock's Graveler,34/132,Uncommon,G2
Brock's Primeape,35/132,Uncommon,G2
Brock's Sandslash,36/132,Uncommon,G2
Brock's Vulpix,37/132,Uncommon,G2
Erika's Bellsprout,38/132,Uncommon,G2
Erika's Bulbasaur,39/132,Uncommon,G2
Erika's Clefairy,40/132,Uncommon,G2
Erika's Ivysaur,41/132,Uncommon,G2
Giovanni's Machoke,42/132,Uncommon,G2
Giovanni's Meowth,43/132,Uncommon,G2
Giovanni's Nidorina,44/132,Uncommon,G2
Giovanni's Nidorino,45/132,Uncommon,G2
Koga's Golbat,46/132,Uncommon,G2
Koga's Kakuna,47/132,Uncommon,G2
Koga's Koffing,48/132,Uncommon,G2
Koga's Pidgey,49/132,Uncommon,G2
Koga's Weezing,50/132,Uncommon,G2
Lt. Surge's Eevee,51/132,Uncommon,G2
Lt. Surge's Electrode,52/132,Uncommon,G2
Lt. Surge's Raticate,53/132,Uncommon,G2
Misty's Dewgong,54/132,Uncommon,G2
Sabrina's Haunter,55/132,Uncommon,G2
Sabrina's Hypno,56/132,Uncommon,G2
Sabrina's Jynx,57/132,Uncommon,G2
Sabrina's Kadabra,58/132,Uncommon,G2
Sabrina's Mr. Mime,59/132,Uncommon,G2
Blaine's Charmander,60/132,Common,G2
Blaine's Doduo,61/132,Common,G2
Blaine's Growlithe,62/132,Common,G2
Blaine's Mankey,63/132,Common,G2
Blaine's Ponyta,64/132,Common,G2
Blaine's Rhyhorn,65/132,Common,G2
Blaine's Vulpix,66/132,Common,G2
Brock's Diglett,67/132,Common,G2
Brock's Geodude,68/132,Common,G2
Erika's Jigglypuff,69/132,Common,G2
Erika's Oddish,70/132,Common,G2
Erika's Paras,71/132,Common,G2
Giovanni's Machop,72/132,Common,G2
Giovanni's Magikarp,73/132,Common,G2
Giovanni's Meowth,74/132,Common,G2
Giovanni's Nidoran ♀,75/132,Common,G2
Giovanni's Nidoran ♂,76/132,Common,G2
Koga's Ekans,77/132,Common,G2
Koga's Grimer,78/132,Common,G2
Koga's Koffing,79/132,Common,G2
Koga's Pidgey,80/132,Common,G2
Koga's Tangela,81/132,Common,G2
Koga's Weedle,82/132,Common,G2
Koga's Zubat,83/132,Common,G2
Lt. Surge's Pikachu,84/132,Common,G2
Lt. Surge's Rattata,85/132,Common,G2
Lt. Surge's Voltorb,86/132,Common,G2
Misty's Horsea,87/132,Common,G2
Misty's Magikarp,88/132,Common,G2
Misty's Poliwag,89/132,Common,G2
Misty's Psyduck,90/132,Common,G2
Misty's Seel,91/132,Common,G2
Misty's Staryu,92/132,Common,G2
Sabrina's Abra,93/132,Common,G2
Sabrina's Abra,94/132,Common,G2
Sabrina's Drowzee,95/132,Common,G2
Sabrina's Gastly,96/132,Common,G2
Sabrina's Gastly,97/132,Common,G2
Sabrina's Porygon,98/132,Common,G2
Sabrina's Psyduck,99/132,Common,G2
Blaine,100/132,Rare,G2
Brock's Protection,101/132,Rare,G2
Chaos Gym,102/132,Rare,G2
Erika's Kindness,103/132,Rare,G2
Giovanni,104/132,Rare,G2
Giovanni's Last Resort,105/132,Rare,G2
Koga,106/132,Rare,G2
Lt. Surge's Secret Plan,107/132,Rare,G2
Misty's Wish,108/132,Rare,G2
Resistance Gym,109/132,Rare,G2
Sabrina,110/132,Rare,G2
Blaine's Quiz #2,111/132,Uncommon,G2
Blaine's Quiz #3,112/132,Uncommon,G2
Cinnabar City Gym,113/132,Uncommon,G2
Fuchsia City Gym,114/132,Uncommon,G2
Koga's Ninja Trick,115/132,Uncommon,G2
Master Ball,116/132,Uncommon,G2
Max Revive,117/132,Uncommon,G2
Misty's Tears,118/132,Uncommon,G2
Rocket's Minefield Gym,119/132,Uncommon,G2
Rocket's Secret Experiment,120/132,Uncommon,G2
Sabrina's Psychic Control,121/132,Uncommon,G2
Saffron City Gym,122/132,Uncommon,G2
Viridian City Gym,123/132,Uncommon,G2
Fervor,124/132,Common,G2
Transparent Walls,125/132,Common,G2
Warp Point,126/132,Common,G2
Fighting Energy,127/132,,G2
Fire Energy,128/132,,G2
Grass Energy,129/132,,G2
Lightning Energy,130/132,,G2
Psychic Energy,131/132,,G2
Water Energy,132/132,,G2
Blaine's Moltres,1/132,Rare Holo,G1
Brock's Rhydon,2/132,Rare Holo,G1
Erika's Clefable,3/132,Rare Holo,G1
Erika's Dragonair,4/132,Rare Holo,G1
Erika's Vileplume,5/132,Rare Holo,G1
Lt. Surge's Electabuzz,6/132,Rare Holo,G1
Lt. Surge's Fearow,7/132,Rare Holo,G1
Lt. Surge's Magneton,8/132,Rare Holo,G1
Misty's Seadra,9/132,Rare Holo,G1
Misty's Tentacruel,10/132,Rare Holo,G1
Rocket's Hitmonchan,11/132,Rare Holo,G1
Rocket's Moltres,12/132,Rare Holo,G1
Rocket's Scyther,13/132,Rare Holo,G1
Sabrina's Gengar,14/132,Rare Holo,G1
Brock,15/132,Rare Holo,G1
Erika,16/132,Rare Holo,G1
Lt. Surge,17/132,Rare Holo,G1
Misty,18/132,Rare Holo,G1
The Rocket's Trap,19/132,Rare Holo,G1
Brock's Golem,20/132,Rare,G1
Brock's Onix,21/132,Rare,G1
Brock's Rhyhorn,22/132,Rare,G1
Brock's Sandslash,23/132,Rare,G1
Brock's Zubat,24/132,Rare,G1
Erika's Clefairy,25/132,Rare,G1
Erika's Victreebel,26/132,Rare,G1
Lt. Surge's Electabuzz,27/132,Rare,G1
Lt. Surge's Raichu,28/132,Rare,G1
Misty's Cloyster,29/132,Rare,G1
Misty's Goldeen,30/132,Rare,G1
Misty's Poliwrath,31/132,Rare,G1
Misty's Tentacool,32/132,Rare,G1
Rocket's Snorlax,33/132,Rare,G1
Sabrina's Venomoth,34/132,Rare,G1
Blaine's Growlithe,35/132,Uncommon,G1
Blaine's Kangaskhan,36/132,Uncommon,G1
Blaine's Magmar,37/132,Uncommon,G1
Brock's Geodude,38/132,Uncommon,G1
Brock's Golbat,39/132,Uncommon,G1
Brock's Graveler,40/132,Uncommon,G1
Brock's Lickitung,41/132,Uncommon,G1
Erika's Dratini,42/132,Uncommon,G1
Erika's Exeggcute,43/132,Uncommon,G1
Erika's Exeggutor,44/132,Uncommon,G1
Erika's Gloom,45/132,Uncommon,G1
Erika's Gloom,46/132,Uncommon,G1
Erika's Oddish,47/132,Uncommon,G1
Erika's Weepinbell,48/132,Uncommon,G1
Erika's Weepinbell,49/132,Uncommon,G1
Lt. Surge's Magnemite,50/132,Uncommon,G1
Lt. Surge's Raticate,51/132,Uncommon,G1
Lt. Surge's Spearow,52/132,Uncommon,G1
Misty's Poliwhirl,53/132,Uncommon,G1
Misty's Psyduck,54/132,Uncommon,G1
Misty's Seaking,55/132,Uncommon,G1
Misty's Starmie,56/132,Uncommon,G1
Misty's Tentacool,57/132,Uncommon,G1
Sabrina's Haunter,58/132,Uncommon,G1
Sabrina's Jynx,59/132,Uncommon,G1
Sabrina's Slowbro,60/132,Uncommon,G1
Blaine's Charmander,61/132,Common,G1
Blaine's Growlithe,62/132,Common,G1
Blaine's Ponyta,63/132,Common,G1
Blaine's Tauros,64/132,Common,G1
Blaine's Vulpix,65/132,Common,G1
Brock's Geodude,66/132,Common,G1
Brock's Mankey,67/132,Common,G1
Brock's Mankey,68/132,Common,G1
Brock's Onix,69/132,Common,G1
Brock's Rhyhorn,70/132,Common,G1
Brock's Sandshrew,71/132,Common,G1
Brock's Sandshrew,72/132,Common,G1
Brock's Vulpix,73/132,Common,G1
Brock's Zubat,74/132,Common,G1
Erika's Bellsprout,75/132,Common,G1
Erika's Bellsprout,76/132,Common,G1
Erika's Exeggcute,77/132,Common,G1
Erika's Oddish,78/132,Common,G1
Erika's Tangela,79/132,Common,G1
Lt. Surge's Magnemite,80/132,Common,G1
Lt. Surge's Pikachu,81/132,Common,G1
Lt. Surge's Rattata,82/132,Common,G1
Lt. Surge's Spearow,83/132,Common,G1
Lt. Surge's Voltorb,84/132,Common,G1
Misty's Goldeen,85/132,Common,G1
Misty's Horsea,86/132,Common,G1
Misty's Poliwag,87/132,Common,G1
Misty's Seel,88/132,Common,G1
Misty's Shellder,89/132,Common,G1
Misty's Staryu,90/132,Common,G1
Sabrina's Abra,91/132,Common,G1
Sabrina's Drowzee,92/132,Common,G1
Sabrina's Gastly,93/132,Common,G1
Sabrina's Mr. Mime,94/132,Common,G1
Sabrina's Slowpoke,95/132,Common,G1
Sabrina's Venonat,96/132,Common,G1
Blaine's Quiz #1,97/132,Rare,G1
Brock,98/132,Rare,G1
Charity,99/132,Rare,G1
Erika,100/132,Rare,G1
Lt. Surge,101/132,Rare,G1
Misty,102/132,Rare,G1
No Removal Gym,103/132,Rare,G1
The Rocket's Training Gym,104/132,Rare,G1
Blaine's Last Resort,105/132,Uncommon,G1
Brock's Training Method,106/132,Uncommon,G1
Celadon City Gym,107/132,Uncommon,G1
Cerulean City Gym,108/132,Uncommon,G1
Erika's Maids,109/132,Uncommon,G1
Erika's Perfume,110/132,Uncommon,G1
Good Manners,111/132,Uncommon,G1
Lt. Surge's Treaty,112/132,Uncommon,G1
Minion of Team Rocket,113/132,Uncommon,G1
Misty's Wrath,114/132,Uncommon,G1
Pewter City Gym,115/132,Uncommon,G1
Recall,116/132,Uncommon,G1
Sabrina's ESP,117/132,Uncommon,G1
Secret Mission,118/132,Uncommon,G1
Tickling Machine,119/132,Uncommon,G1
Vermilion City Gym,120/132,Uncommon,G1
Blaine's Gamble,121/132,Common,G1
Energy Flow,122/132,Common,G1
Misty's Duel,123/132,Common,G1
Narrow Gym,124/132,Common,G1
Sabrina's Gaze,125/132,Common,G1
Trash Exchange,126/132,Common,G1
Fighting Energy,127/132,,G1
Fire Energy,128/132,,G1
Grass Energy,129/132,,G1
Lightning Energy,130/132,,G1
Psychic Energy,131/132,,G1
Water Energy,132/132,,G1
Clefable,1/95,Rare Holo,CL
Deoxys,2/95,Rare Holo,CL
Dialga,3/95,Rare Holo,CL
Espeon,4/95,Rare Holo,CL
Forretress,5/95,Rare Holo,CL
Groudon,6/95,Rare Holo,CL
Gyarados,7/95,Rare Holo,CL
Hitmontop,8/95,Rare Holo,CL
Ho-Oh,9/95,Rare Holo,CL
Houndoom,10/95,Rare Holo,CL
Jirachi,11/95,Rare Holo,CL
Kyogre,12/95,Rare Holo,CL
Leafeon,13/95,Rare Holo,CL
Lucario,14/95,Rare Holo,CL
Lugia,15/95,Rare Holo,CL
Magmortar,16/95,Rare Holo,CL
Ninetales,17/95,Rare Holo,CL
Pachirisu,18/95,Rare Holo,CL
Palkia,19/95,Rare Holo,CL
Rayquaza,20/95,Rare Holo,CL
Smeargle,21/95,Rare Holo,CL
Umbreon,22/95,Rare Holo,CL
Ampharos,23/95,Rare,CL
Cleffa,24/95,Rare,CL
Feraligatr,25/95,Rare,CL
Granbull,26/95,Rare,CL
Meganium,27/95,Rare,CL
Mismagius,28/95,Rare,CL
Mr. Mime,29/95,Rare,CL
Pidgeot,30/95,Rare,CL
Skarmory,31/95,Rare,CL
Slowking,32/95,Rare,CL
Snorlax,33/95,Rare,CL
Tangrowth,34/95,Rare,CL
Typhlosion,35/95,Rare,CL
Tyrogue,36/95,Rare,CL
Ursaring,37/95,Rare,CL
Weezing,38/95,Rare,CL
Zangoose,39/95,Rare,CL
Bayleef,40/95,Uncommon,CL
Croconaw,41/95,Uncommon,CL
Donphan,42/95,Uncommon,CL
Flaaffy,43/95,Uncommon,CL
Flareon,44/95,Uncommon,CL
Jolteon,45/95,Uncommon,CL
Magby,46/95,Uncommon,CL
Mime Jr.,47/95,Uncommon,CL
Pidgeotto,48/95,Uncommon,CL
Quilava,49/95,Uncommon,CL
Riolu,50/95,Uncommon,CL
Seviper,51/95,Uncommon,CL
Vaporeon,52/95,Uncommon,CL
Chikorita,53/95,Common,CL
Clefairy,54/95,Common,CL
Cyndaquil,55/95,Common,CL
Eevee,56/95,Common,CL
Hitmonchan,57/95,Common,CL
Hitmonlee,58/95,Common,CL
Houndour,59/95,Common,CL
Koffing,60/95,Common,CL
Magikarp,61/95,Common,CL
Magmar,62/95,Common,CL
Mareep,63/95,Common,CL
Mawile,64/95,Common,CL
Misdreavus,65/95,Common,CL
Phanpy,66/95,Common,CL
Pidgey,67/95,Common,CL
Pineco,68/95,Common,CL
Relicanth,69/95,Common,CL
Slowpoke,70/95,Common,CL
Snubbull,71/95,Common,CL
Tangela,72/95,Common,CL
Teddiursa,73/95,Common,CL
Totodile,74/95,Common,CL
Vulpix,75/95,Common,CL
Cheerleader's Cheer,76/95,Uncommon,CL
Copycat,77/95,Uncommon,CL
Dual Ball,78/95,Uncommon,CL
Interviewer's Questions,79/95,Uncommon,CL
Lost Remover,80/95,Uncommon,CL
Lost World,81/95,Uncommon,CL
Professor Elm's Training Method,82/95,Uncommon,CL
Professor Oak's New Theory,83/95,Uncommon,CL
Research Record,84/95,Uncommon,CL
Sage's Training,85/95,Uncommon,CL
Darkness Energy,86/95,Uncommon,CL
Metal Energy,87/95,Uncommon,CL
Grass Energy,88/95,Common,CL
Fire Energy,89/95,Common,CL
Water Energy,90/95,Common,CL
Lightning Energy,91/95,Common,CL
Psychic Energy,92/95,Common,CL
Fighting Energy,93/95,Common,CL
Darkness Energy,94/95,Common,CL
Metal Energy,95/95,Common,CL
Deoxys,SL1/95,Rare Holo,CL
Dialga,SL2/95,Rare Holo,CL
Entei,SL3/95,Rare Holo,CL
Groudon,SL4/95,Rare Holo,CL
Ho-Oh,SL5/95,Rare Holo,CL
Kyogre,SL6/95,Rare Holo,CL
Lugia,SL7/95,Rare Holo,CL
Palkia,SL8/95,Rare Holo,CL
Raikou,SL9/95,Rare Holo,CL
Rayquaza,SL10/95,Rare Holo,CL
Suicune,SL11/95,Rare Holo,CL
Arcanine,1/123,Rare Holo,HS
Azumarill,2/123,Rare Holo,HS
Clefable,3/123,Rare Holo,HS
Gyarados,4/123,Rare Holo,HS
Hitmontop,5/123,Rare Holo,HS
Jumpluff,6/123,Rare Holo,HS
Ninetales,7/123,Rare Holo,HS
Noctowl,8/123,Rare Holo,HS
Quagsire,9/123,Rare Holo,HS
Raichu,10/123,Rare Holo,HS
Shuckle,11/123,Rare Holo,HS
Slowking,12/123,Rare Holo,HS
Wobbuffet,13/123,Rare Holo,HS
Ampharos,14/123,Rare,HS
Ariados,15/123,Rare,HS
Butterfree,16/123,Rare,HS
Cleffa,17/123,Rare,HS
Exeggutor,18/123,Rare,HS
Farfetch'd,19/123,Rare,HS
Feraligatr,20/123,Rare,HS
Furret,21/123,Rare,HS
Granbull,22/123,Rare,HS
Hypno,23/123,Rare,HS
Lapras,24/123,Rare,HS
Ledian,25/123,Rare,HS
Meganium,26/123,Rare,HS
Persian,27/123,Rare,HS
Pichu,28/123,Rare,HS
Sandslash,29/123,Rare,HS
Smoochum,30/123,Rare,HS
Sunflora,31/123,Rare,HS
Typhlosion,32/123,Rare,HS
Tyrogue,33/123,Rare,HS
Weezing,34/123,Rare,HS
Bayleef,35/123,Uncommon,HS
Blissey,36/123,Uncommon,HS
Corsola,37/123,Uncommon,HS
Croconaw,38/123,Uncommon,HS
Delibird,39/123,Uncommon,HS
Donphan,40/123,Uncommon,HS
Dunsparce,41/123,Uncommon,HS
Flaaffy,42/123,Uncommon,HS
Heracross,43/123,Uncommon,HS
Igglybuff,44/123,Uncommon,HS
Mantine,45/123,Uncommon,HS
Metapod,46/123,Uncommon,HS
Miltank,47/123,Uncommon,HS
Parasect,48/123,Uncommon,HS
Quilava,49/123,Uncommon,HS
Qwilfish,50/123,Uncommon,HS
Skiploom,51/123,Uncommon,HS
Slowbro,52/123,Uncommon,HS
Starmie,53/123,Uncommon,HS
Unown,54/123,Uncommon,HS
Unown,55/123,Uncommon,HS
Wigglytuff,56/123,Uncommon,HS
Caterpie,57/123,Common,HS
Chansey,58/123,Common,HS
Chikorita,59/123,Common,HS
Clefairy,60/123,Common,HS
Cyndaquil,61/123,Common,HS
Drowzee,62/123,Common,HS
Exeggcute,63/123,Common,HS
Girafarig,64/123,Common,HS
Growlithe,65/123,Common,HS
Hoothoot,66/123,Common,HS
Hoppip,67/123,Common,HS
Jigglypuff,68/123,Common,HS
Jynx,69/123,Common,HS
Koffing,70/123,Common,HS
Ledyba,71/123,Common,HS
Magikarp,72/123,Common,HS
Mareep,73/123,Common,HS
Marill,74/123,Common,HS
Meowth,75/123,Common,HS
Paras,76/123,Common,HS
Phanpy,77/123,Common,HS
Pikachu,78/123,Common,HS
Sandshrew,79/123,Common,HS
Sentret,80/123,Common,HS
Slowpoke,81/123,Common,HS
Snubbull,82/123,Common,HS
Spinarak,83/123,Common,HS
Staryu,84/123,Common,HS
Sunkern,85/123,Common,HS
Totodile,86/123,Common,HS
Vulpix,87/123,Common,HS
Wooper,88/123,Common,HS
Bill,89/123,Uncommon,HS
Copycat,90/123,Uncommon,HS
Energy Switch,91/123,Uncommon,HS
Fisherman,92/123,Uncommon,HS
Full Heal,93/123,Uncommon,HS
Moomoo Milk,94/123,Uncommon,HS
Poké Ball,95/123,Uncommon,HS
Pokégear 3.0,96/123,Uncommon,HS
Pokémon Collector,97/123,Uncommon,HS
Pokémon Communication,98/123,Uncommon,HS
Pokémon Reversal,99/123,Uncommon,HS
Professor Elm's Training Method,100/123,Uncommon,HS
Professor Oak's New Theory,101/123,Uncommon,HS
Switch,102/123,Uncommon,HS
Double Colorless Energy,103/123,Uncommon,HS
Rainbow Energy,104/123,Uncommon,HS
Ampharos,105/123,Rare Prime,HS
Blissey,106/123,Rare Prime,HS
Donphan,107/123,Rare Prime,HS
Feraligatr,108/123,Rare Prime,HS
Meganium,109/123,Rare Prime,HS
Typhlosion,110/123,Rare Prime,HS
Ho-Oh LEGEND,111/123,LEGEND,HS
Ho-Oh LEGEND,112/123,LEGEND,HS
Lugia LEGEND,113/123,LEGEND,HS
Lugia LEGEND,114/123,LEGEND,HS
Grass Energy,115/123,Common,HS
Fire Energy,116/123,Common,HS
Water Energy,117/123,Common,HS
Lightning Energy,118/123,Common,HS
Psychic Energy,119/123,Common,HS
Fighting Energy,120/123,Common,HS
Darkness Energy,121/123,Common,HS
Metal Energy,122/123,Common,HS
Gyarados,123/123,Rare Holo,HS
Alph Lithograph,ONE/123,Rare Secret,HS
Ho-Oh,HGSS01/25,Promo,HSP
Lugia,HGSS02/25,Promo,HSP
Pikachu,HGSS03/25,Promo,HSP
Wobbuffet,HGSS04/25,Promo,HSP
Hoothoot,HGSS05/25,Promo,HSP
Noctowl,HGSS06/25,Promo,HSP
Feraligatr,HGSS07/25,Promo,HSP
Meganium,HGSS08/25,Promo,HSP
Typhlosion,HGSS09/25,Promo,HSP
Latias,HGSS10/25,Promo,HSP
Latios,HGSS11/25,Promo,HSP
Cleffa,HGSS12/25,Promo,HSP
Smoochum,HGSS13/25,Promo,HSP
Lapras,HGSS14/25,Promo,HSP
Shuckle,HGSS15/25,Promo,HSP
Plusle,HGSS16/25,Promo,HSP
Minun,HGSS17/25,Promo,HSP
Tropical Tidal Wave,HGSS18/25,Promo,HSP
Raikou,HGSS19/25,Promo,HSP
Entei,HGSS20/25,Promo,HSP
Suicune,HGSS21/25,Promo,HSP
Porygon,HGSS22/25,Promo,HSP
Porygon2,HGSS23/25,Promo,HSP
Hitmonchan,HGSS24/25,Promo,HSP
Hitmonlee,HGSS25/25,Promo,HSP
Aggron,1/102,Rare Holo,TM
Altaria,2/102,Rare Holo,TM
Celebi,3/102,Rare Holo,TM
Drapion,4/102,Rare Holo,TM
Mamoswine,5/102,Rare Holo,TM
Nidoking,6/102,Rare Holo,TM
Porygon-Z,7/102,Rare Holo,TM
Rapidash,8/102,Rare Holo,TM
Solrock,9/102,Rare Holo,TM
Spiritomb,10/102,Rare Holo,TM
Venomoth,11/102,Rare Holo,TM
Victreebel,12/102,Rare Holo,TM
Ambipom,13/102,Rare,TM
Banette,14/102,Rare,TM
Bronzong,15/102,Rare,TM
Carnivine,16/102,Rare,TM
Ditto,17/102,Rare,TM
Dragonite,18/102,Rare,TM
Dugtrio,19/102,Rare,TM
Electivire,20/102,Rare,TM
Elekid,21/102,Rare,TM
Golduck,22/102,Rare,TM
Grumpig,23/102,Rare,TM
Kricketune,24/102,Rare,TM
Lunatone,25/102,Rare,TM
Machamp,26/102,Rare,TM
Magmortar,27/102,Rare,TM
Nidoqueen,28/102,Rare,TM
Pidgeot,29/102,Rare,TM
Sharpedo,30/102,Rare,TM
Wailord,31/102,Rare,TM
Dragonair,32/102,Uncommon,TM
Electabuzz,33/102,Uncommon,TM
Electrode,34/102,Uncommon,TM
Haunter,35/102,Uncommon,TM
Kangaskhan,36/102,Uncommon,TM
Lairon,37/102,Uncommon,TM
Lickilicky,38/102,Uncommon,TM
Luvdisc,39/102,Uncommon,TM
Machoke,40/102,Uncommon,TM
Magby,41/102,Uncommon,TM
Magmar,42/102,Uncommon,TM
Magneton,43/102,Uncommon,TM
Marowak,44/102,Uncommon,TM
Nidorina,45/102,Uncommon,TM
Nidorino,46/102,Uncommon,TM
Pidgeotto,47/102,Uncommon,TM
Piloswine,48/102,Uncommon,TM
Porygon2,49/102,Uncommon,TM
Tentacruel,50/102,Uncommon,TM
Unown,51/102,Uncommon,TM
Wailmer,52/102,Uncommon,TM
Weepinbell,53/102,Uncommon,TM
Yanmega,54/102,Uncommon,TM
Aipom,55/102,Common,TM
Aron,56/102,Common,TM
Bellsprout,57/102,Common,TM
Bronzor,58/102,Common,TM
Carvanha,59/102,Common,TM
Cubone,60/102,Common,TM
Diglett,61/102,Common,TM
Dratini,62/102,Common,TM
Gastly,63/102,Common,TM
Illumise,64/102,Common,TM
Kricketot,65/102,Common,TM
Lickitung,66/102,Common,TM
Machop,67/102,Common,TM
Magnemite,68/102,Common,TM
Nidoran ♀,69/102,Common,TM
Nidoran ♂,70/102,Common,TM
Pidgey,71/102,Common,TM
Ponyta,72/102,Common,TM
Porygon,73/102,Common,TM
Psyduck,74/102,Common,TM
Shuppet,75/102,Common,TM
Skorupi,76/102,Common,TM
Spoink,77/102,Common,TM
Swablu,78/102,Common,TM
Swinub,79/102,Common,TM
Tentacool,80/102,Common,TM
Venonat,81/102,Common,TM
Volbeat,82/102,Common,TM
Voltorb,83/102,Common,TM
Yanma,84/102,Common,TM
Black Belt,85/102,Uncommon,TM
Indigo Plateau,86/102,Uncommon,TM
Junk Arm,87/102,Uncommon,TM
Seeker,88/102,Uncommon,TM
Twins,89/102,Uncommon,TM
Rescue Energy,90/102,Uncommon,TM
Absol,91/102,Rare Prime,TM
Celebi,92/102,Rare Prime,TM
Electrode,93/102,Rare Prime,TM
Gengar,94/102,Rare Prime,TM
Machamp,95/102,Rare Prime,TM
Magnezone,96/102,Rare Prime,TM
Mew,97/102,Rare Prime,TM
Yanmega,98/102,Rare Prime,TM
Darkrai & Cresselia LEGEND,99/102,LEGEND,TM
Darkrai & Cresselia LEGEND,100/102,LEGEND,TM
Palkia & Dialga LEGEND,101/102,LEGEND,TM
Palkia & Dialga LEGEND,102/102,LEGEND,TM
Alph Lithograph,FOUR/102,Rare Secret,TM
Bellossom,1/90,Rare Holo,UD
Espeon,2/90,Rare Holo,UD
Forretress,3/90,Rare Holo,UD
Gliscor,4/90,Rare Holo,UD
Houndoom,5/90,Rare Holo,UD
Magcargo,6/90,Rare Holo,UD
Scizor,7/90,Rare Holo,UD
Smeargle,8/90,Rare Holo,UD
Togekiss,9/90,Rare Holo,UD
Umbreon,10/90,Rare Holo,UD
Dodrio,11/90,Rare,UD
Drifblim,12/90,Rare,UD
Forretress,13/90,Rare,UD
Hariyama,14/90,Rare,UD
Honchkrow,15/90,Rare,UD
Honchkrow,16/90,Rare,UD
Leafeon,17/90,Rare,UD
Metagross,18/90,Rare,UD
Mismagius,19/90,Rare,UD
Rotom,20/90,Rare,UD
Skarmory,21/90,Rare,UD
Tropius,22/90,Rare,UD
Vespiquen,23/90,Rare,UD
Vileplume,24/90,Rare,UD
Weavile,25/90,Rare,UD
Flareon,26/90,Uncommon,UD
Gloom,27/90,Uncommon,UD
Jolteon,28/90,Uncommon,UD
Lairon,29/90,Uncommon,UD
Metang,30/90,Uncommon,UD
Muk,31/90,Uncommon,UD
Pinsir,32/90,Uncommon,UD
Raichu,33/90,Uncommon,UD
Raticate,34/90,Uncommon,UD
Sableye,35/90,Uncommon,UD
Scyther,36/90,Uncommon,UD
Skuntank,37/90,Uncommon,UD
Slowbro,38/90,Uncommon,UD
Togetic,39/90,Uncommon,UD
Unown,40/90,Uncommon,UD
Vaporeon,41/90,Uncommon,UD
Aron,42/90,Common,UD
Beldum,43/90,Common,UD
Combee,44/90,Common,UD
Doduo,45/90,Common,UD
Drifloon,46/90,Common,UD
Eevee,47/90,Common,UD
Eevee,48/90,Common,UD
Gligar,49/90,Common,UD
Grimer,50/90,Common,UD
Hitmonchan,51/90,Common,UD
Hitmonlee,52/90,Common,UD
Houndour,53/90,Common,UD
Houndour,54/90,Common,UD
Makuhita,55/90,Common,UD
Mawile,56/90,Common,UD
Misdreavus,57/90,Common,UD
Murkrow,58/90,Common,UD
Murkrow,59/90,Common,UD
Oddish,60/90,Common,UD
Pikachu,61/90,Common,UD
Pineco,62/90,Common,UD
Pineco,63/90,Common,UD
Rattata,64/90,Common,UD
Scyther,65/90,Common,UD
Slowpoke,66/90,Common,UD
Slugma,67/90,Common,UD
Sneasel,68/90,Common,UD
Stunky,69/90,Common,UD
Togepi,70/90,Common,UD
Burned Tower,71/90,Uncommon,UD
Defender,72/90,Uncommon,UD
Energy Exchanger,73/90,Uncommon,UD
Flower Shop Lady,74/90,Uncommon,UD
Legend Box,75/90,Uncommon,UD
Ruins of Alph,76/90,Uncommon,UD
Sage's Training,77/90,Uncommon,UD
Team Rocket's Trickery,78/90,Uncommon,UD
Darkness Energy,79/90,Uncommon,UD
Metal Energy,80/90,Uncommon,UD
Espeon,81/90,Rare Prime,UD
Houndoom,82/90,Rare Prime,UD
Raichu,83/90,Rare Prime,UD
Scizor,84/90,Rare Prime,UD
Slowking,85/90,Rare Prime,UD
Umbreon,86/90,Rare Prime,UD
Kyogre & Groudon LEGEND,87/90,LEGEND,UD
Kyogre & Groudon LEGEND,88/90,LEGEND,UD
Rayquaza & Deoxys LEGEND,89/90,LEGEND,UD
Rayquaza & Deoxys LEGEND,90/90,LEGEND,UD
Alph Lithograph,THREE/90,Rare Secret,UD
Jirachi,1/95,Rare Holo,UL
Magmortar,2/95,Rare Holo,UL
Manaphy,3/95,Rare Holo,UL
Metagross,4/95,Rare Holo,UL
Mismagius,5/95,Rare Holo,UL
Octillery,6/95,Rare Holo,UL
Politoed,7/95,Rare Holo,UL
Shaymin,8/95,Rare Holo,UL
Sudowoodo,9/95,Rare Holo,UL
Torterra,10/95,Rare Holo,UL
Xatu,11/95,Rare Holo,UL
Beedrill,12/95,Rare,UL
Blastoise,13/95,Rare,UL
Crobat,14/95,Rare,UL
Fearow,15/95,Rare,UL
Floatzel,16/95,Rare,UL
Kingdra,17/95,Rare,UL
Lanturn,18/95,Rare,UL
Lucario,19/95,Rare,UL
Ninetales,20/95,Rare,UL
Poliwrath,21/95,Rare,UL
Primeape,22/95,Rare,UL
Roserade,23/95,Rare,UL
Steelix,24/95,Rare,UL
Torkoal,25/95,Rare,UL
Tyranitar,26/95,Rare,UL
Ursaring,27/95,Rare,UL
Cherrim,28/95,Uncommon,UL
Dunsparce,29/95,Uncommon,UL
Golbat,30/95,Uncommon,UL
Grotle,31/95,Uncommon,UL
Kakuna,32/95,Uncommon,UL
Metang,33/95,Uncommon,UL
Minun,34/95,Uncommon,UL
Numel,35/95,Uncommon,UL
Plusle,36/95,Uncommon,UL
Poliwhirl,37/95,Uncommon,UL
Pupitar,38/95,Uncommon,UL
Pupitar,39/95,Uncommon,UL
Seadra,40/95,Uncommon,UL
Tauros,41/95,Uncommon,UL
Wartortle,42/95,Uncommon,UL
Aipom,43/95,Common,UL
Beldum,44/95,Common,UL
Buizel,45/95,Common,UL
Carnivine,46/95,Common,UL
Cherubi,47/95,Common,UL
Chinchou,48/95,Common,UL
Horsea,49/95,Common,UL
Larvitar,50/95,Common,UL
Larvitar,51/95,Common,UL
Magmar,52/95,Common,UL
Mankey,53/95,Common,UL
Misdreavus,54/95,Common,UL
Natu,55/95,Common,UL
Onix,56/95,Common,UL
Onix,57/95,Common,UL
Poliwag,58/95,Common,UL
Remoraid,59/95,Common,UL
Riolu,60/95,Common,UL
Roselia,61/95,Common,UL
Spearow,62/95,Common,UL
Squirtle,63/95,Common,UL
Stantler,64/95,Common,UL
Teddiursa,65/95,Common,UL
Tropius,66/95,Common,UL
Turtwig,67/95,Common,UL
Vulpix,68/95,Common,UL
Weedle,69/95,Common,UL
Zubat,70/95,Common,UL
Cheerleader's Cheer,71/95,Uncommon,UL
Dual Ball,72/95,Uncommon,UL
Emcee's Chatter,73/95,Uncommon,UL
Energy Returner,74/95,Uncommon,UL
Engineer's Adjustments,75/95,Uncommon,UL
Good Rod,76/95,Uncommon,UL
Interviewer's Questions,77/95,Uncommon,UL
Judge,78/95,Uncommon,UL
Life Herb,79/95,Uncommon,UL
PlusPower,80/95,Uncommon,UL
Pokémon Circulator,81/95,Uncommon,UL
Rare Candy,82/95,Uncommon,UL
Super Scoop Up,83/95,Uncommon,UL
Crobat,84/95,Rare Prime,UL
Kingdra,85/95,Rare Prime,UL
Lanturn,86/95,Rare Prime,UL
Steelix,87/95,Rare Prime,UL
Tyranitar,88/95,Rare Prime,UL
Ursaring,89/95,Rare Prime,UL
Entei & Raikou LEGEND,90/95,LEGEND,UL
Entei & Raikou LEGEND,91/95,LEGEND,UL
Raikou & Suicune LEGEND,92/95,LEGEND,UL
Raikou & Suicune LEGEND,93/95,LEGEND,UL
Suicune & Entei LEGEND,94/95,LEGEND,UL
Suicune & Entei LEGEND,95/95,LEGEND,UL
Alph Lithograph,TWO/95,Rare Secret,UL
Oddish da Érica,1/217,Common,ASC
Gloom da Érica,2/217,Uncommon,ASC
Vileplume ex da Érica,3/217,Double Rare,ASC
Bellsprout da Érica,4/217,Common,ASC
Weepinbell da Érica,5/217,Uncommon,ASC
Victreebel da Érica,6/217,Rare,ASC
Tangela da Érica,7/217,Common,ASC
Chikorita,8/217,Common,ASC
Bayleef,9/217,Uncommon,ASC
Mega Meganium ex,10/217,Double Rare,ASC
Wurmple,11/217,Common,ASC
Silcoon,12/217,Common,ASC
Beautifly,13/217,Uncommon,ASC
Cascoon,14/217,Common,ASC
Dustox,15/217,Uncommon,ASC
Budew,16/217,Common,ASC
Grubbin,17/217,Common,ASC
Tarountula da Equipe Rocket,18/217,Common,ASC
Spidops da Equipe Rocket,19/217,Rare,ASC
Charmander,20/217,Common,ASC
Charmeleon,21/217,Uncommon,ASC
Mega Charizard Y ex,22/217,Double Rare,ASC
Slugma do Ethan,23/217,Common,ASC
Magcargo do Ethan,24/217,Rare,ASC
Entei,25/217,Rare,ASC
Ho-Oh ex do Ethan,26/217,Double Rare,ASC
Numel,27/217,Common,ASC
Camerupt,28/217,Uncommon,ASC
Tepig,29/217,Common,ASC
Pignite,30/217,Uncommon,ASC
Mega Emboar ex,31/217,Double Rare,ASC
Darumaka do N,32/217,Common,ASC
Darmanitan do N,33/217,Uncommon,ASC
Salandit,34/217,Common,ASC
Salazzle,35/217,Uncommon,ASC
Scorbunny,36/217,Common,ASC
Raboot,37/217,Common,ASC
Cinderace ex,38/217,Double Rare,ASC
Psyduck,39/217,Common,ASC
Golduck,40/217,Uncommon,ASC
Totodile,41/217,Common,ASC
Croconaw,42/217,Uncommon,ASC
Mega Feraligatr ex,43/217,Double Rare,ASC
Sneasel,44/217,Common,ASC
Weavile,45/217,Uncommon,ASC
Snorunt,46/217,Common,ASC
Mega Froslass ex,47/217,Double Rare,ASC
Regice ex,48/217,Double Rare,ASC
Vanillite do N,49/217,Common,ASC
Vanillish do N,50/217,Common,ASC
Vanilluxe do N,51/217,Uncommon,ASC
Snom,52/217,Common,ASC
Frosmoth,53/217,Uncommon,ASC
Glastrier,54/217,Uncommon,ASC
Pikachu,55/217,Common,ASC
Raichu,56/217,Uncommon,ASC
Pikachu ex,57/217,Double Rare,ASC
Voltorb ex,58/217,Double Rare,ASC
Tynamo,59/217,Common,ASC
Eelektrik,60/217,Uncommon,ASC
Mega Eelektross ex,61/217,Double Rare,ASC
Stunfisk,62/217,Common,ASC
Helioptile,63/217,Common,ASC
Heliolisk,64/217,Uncommon,ASC
Charjabug,65/217,Common,ASC
Vikavolt,66/217,Uncommon,ASC
Tapu Koko,67/217,Rare,ASC
Pincurchin ex do Lupo,68/217,Double Rare,ASC
Tadbulb da Kissera,69/217,Common,ASC
Bellibolt ex da Kissera,70/217,Double Rare,ASC
Wattrel da Kissera,71/217,Common,ASC
Kilowattrel da Kissera,72/217,Rare,ASC
Miraidon ex,73/217,Double Rare,ASC
Clefairy,74/217,Common,ASC
Clefable,75/217,Uncommon,ASC
Clefairy ex da Lílian,76/217,Double Rare,ASC
Exeggcute da Equipe Rocket,77/217,Common,ASC
Exeggutor da Equipe Rocket,78/217,Rare,ASC
Mewtwo ex da Equipe Rocket,79/217,Double Rare,ASC
Togepi,80/217,Common,ASC
Togetic,81/217,Common,ASC
Togekiss,82/217,Rare,ASC
Marill,83/217,Common,ASC
Azumarill ex,84/217,Double Rare,ASC
Misdreavus,85/217,Common,ASC
Mismagius,86/217,Rare,ASC
Ralts,87/217,Common,ASC
Kirlia,88/217,Common,ASC
Mega Gardevoir ex,89/217,Double Rare,ASC
Shuppet,90/217,Common,ASC
Banette,91/217,Uncommon,ASC
Rotom,92/217,Common,ASC
Swirlix,93/217,Common,ASC
Slurpuff,94/217,Uncommon,ASC
Phantump do Lupo,95/217,Common,ASC
Trevenant do Lupo,96/217,Rare,ASC
Mimikyu da Equipe Rocket,97/217,Uncommon,ASC
Spectrier,98/217,Rare,ASC
Munkidori,99/217,Rare,ASC
Diglett da Equipe Rocket,100/217,Common,ASC
Dugtrio da Equipe Rocket,101/217,Uncommon,ASC
Hitmontop,102/217,Common,ASC
Meditite,103/217,Common,ASC
Medicham,104/217,Common,ASC
Lunatone,105/217,Rare,ASC
Solrock,106/217,Uncommon,ASC
Regirock ex,107/217,Double Rare,ASC
Groudon,108/217,Rare,ASC
Gible da Cíntia,109/217,Common,ASC
Gabite da Cíntia,110/217,Uncommon,ASC
Garchomp ex da Cíntia,111/217,Double Rare,ASC
Riolu,112/217,Common,ASC
Mega Lucario ex,113/217,Double Rare,ASC
Stunfisk ex,114/217,Double Rare,ASC
Pancham,115/217,Common,ASC
Mega Hawlucha ex,116/217,Double Rare,ASC
Carbink,117/217,Uncommon,ASC
Rolycoly,118/217,Common,ASC
Carkol,119/217,Common,ASC
Coalossal,120/217,Rare,ASC
Koraidon ex,121/217,Double Rare,ASC
Okidogi,122/217,Rare,ASC
Gastly,123/217,Common,ASC
Haunter,124/217,Uncommon,ASC
Mega Gengar ex,125/217,Double Rare,ASC
Murkrow da Equipe Rocket,126/217,Common,ASC
Honchkrow da Equipe Rocket,127/217,Rare,ASC
Poochyena,128/217,Common,ASC
Mightyena,129/217,Uncommon,ASC
Zigzagoon de Galar,130/217,Common,ASC
Linoone de Galar,131/217,Common,ASC
Obstagoon de Galar,132/217,Uncommon,ASC
Spiritomb da Cíntia,133/217,Uncommon,ASC
Scraggy,134/217,Common,ASC
Mega Scrafty ex,135/217,Double Rare,ASC
Zorua do N,136/217,Common,ASC
Zoroark ex do N,137/217,Double Rare,ASC
Vullaby,138/217,Common,ASC
Mandibuzz ex,139/217,Double Rare,ASC
Pangoro,140/217,Uncommon,ASC
Hoopa,141/217,Rare,ASC
Fezandipiti ex,142/217,Double Rare,ASC
Pecharunt,143/217,Rare,ASC
Mawile,144/217,Uncommon,ASC
Registeel ex,145/217,Double Rare,ASC
Pawniard,146/217,Common,ASC
Bisharp,147/217,Common,ASC
Kingambit,148/217,Rare,ASC
Togedemaru ex,149/217,Double Rare,ASC
Dratini,150/217,Common,ASC
Dragonair,151/217,Uncommon,ASC
Mega Dragonite ex,152/217,Double Rare,ASC
Rayquaza,153/217,Rare,ASC
Reshiram do N,154/217,Rare,ASC
Zekrom do N,155/217,Rare,ASC
Noibat,156/217,Common,ASC
Noivern,157/217,Uncommon,ASC
Dreepy,158/217,Common,ASC
Drakloak,159/217,Common,ASC
Dragapult ex,160/217,Double Rare,ASC
Meowth da Equipe Rocket,161/217,Common,ASC
Kangaskhan ex da Equipe Rocket,162/217,Double Rare,ASC
Dunsparce do Lauro,163/217,Common,ASC
Dudunsparce ex do Lauro,164/217,Double Rare,ASC
Skitty,165/217,Common,ASC
Delcatty,166/217,Uncommon,ASC
Zangoose ex,167/217,Double Rare,ASC
Starly do Lauro,168/217,Common,ASC
Staravia do Lauro,169/217,Uncommon,ASC
Staraptor do Lauro,170/217,Rare,ASC
Rotom Ventilador,171/217,Common,ASC
Mega Audino ex,172/217,Double Rare,ASC
Rufflet do Lauro,173/217,Common,ASC
Braviary do Lauro,174/217,Uncommon,ASC
Komala do Lauro,175/217,Common,ASC
Drampa,176/217,Uncommon,ASC
Cramorant do Lupo,177/217,Uncommon,ASC
Terapagos,178/217,Rare,ASC
Terapagos ex,179/217,Double Rare,ASC
Traquinagem da Acerola,180/217,Uncommon,ASC
Balão de Ar,181/217,Uncommon,ASC
Amor e Paz,182/217,Uncommon,ASC
Ordem da Chefia,183/217,Uncommon,ASC
Poffin de Colega,184/217,Common,ASC
Canari,185/217,Uncommon,ASC
Contra-ataque de Alcance,186/217,Common,ASC
Gongo de Luta,187/217,Uncommon,ASC
Floresta da Vitalidade,188/217,Uncommon,ASC
Trompete de Vidro,189/217,Common,ASC
Espírito de Luta da Iris,190/217,Uncommon,ASC
Esfera de Luz,191/217,Uncommon,ASC
Determinação da Lílian,192/217,Uncommon,ASC
Megassinal,193/217,Common,ASC
Jardim Misterioso,194/217,Uncommon,ASC
PP Up do N,195/217,Uncommon,ASC
Maca Noturna,196/217,Common,ASC
Mina Noturna,197/217,Uncommon,ASC
Poké Tablet,198/217,Common,ASC
Suplemento Premium Pro,199/217,Uncommon,ASC
Surfista,200/217,Common,ASC
Apollo da Equipe Rocket,201/217,Uncommon,ASC
Athena da Equipe Rocket,202/217,Uncommon,ASC
Fábrica da Equipe Rocket,203/217,Uncommon,ASC
Giovanni da Equipe Rocket,204/217,Uncommon,ASC
Grande Bola da Equipe Rocket,205/217,Uncommon,ASC
Hipnotizador da Equipe Rocket,206/217,Uncommon,ASC
Petrel da Equipe Rocket,207/217,Uncommon,ASC
Próton da Equipe Rocket,208/217,Uncommon,ASC
Transmissor da Equipe Rocket,209/217,Uncommon,ASC
Torre de Vigia da Equipe Rocket,210/217,Uncommon,ASC
Escama Espessa,211/217,Uncommon,ASC
Sucateador de Ferramentas,212/217,Common,ASC
Ultra Bola,213/217,Common,ASC
Urbano,214/217,Uncommon,ASC
Garçonete,215/217,Common,ASC
Energia de Prisma,216/217,Uncommon,ASC
Energia da Equipe Rocket,217/217,Uncommon,ASC
Tangela da Érica,218/217,Illustration Rare,ASC
Beautifly,219/217,Illustration Rare,ASC
Dustox,220/217,Illustration Rare,ASC
Budew,221/217,Illustration Rare,ASC
Magcargo do Ethan,222/217,Illustration Rare,ASC
Numel,223/217,Illustration Rare,ASC
Salazzle,224/217,Illustration Rare,ASC
Scorbunny,225/217,Illustration Rare,ASC
Psyduck,226/217,Illustration Rare,ASC
Snorunt,227/217,Illustration Rare,ASC
Weavile,228/217,Illustration Rare,ASC
Heliolisk,229/217,Illustration Rare,ASC
Vikavolt,230/217,Illustration Rare,ASC
Wattrel da Kissera,231/217,Illustration Rare,ASC
Marill,232/217,Illustration Rare,ASC
Misdreavus,233/217,Illustration Rare,ASC
Banette,234/217,Illustration Rare,ASC
Togekiss,235/217,Illustration Rare,ASC
Slurpuff,236/217,Illustration Rare,ASC
Trevenant do Lupo,237/217,Illustration Rare,ASC
Mimikyu da Equipe Rocket,238/217,Illustration Rare,ASC
Dugtrio da Equipe Rocket,239/217,Illustration Rare,ASC
Hitmontop,240/217,Illustration Rare,ASC
Medicham,241/217,Illustration Rare,ASC
Carbink,242/217,Illustration Rare,ASC
Mightyena,243/217,Illustration Rare,ASC
Spiritomb da Cíntia,244/217,Illustration Rare,ASC
Obstagoon de Galar,245/217,Illustration Rare,ASC
Mawile,246/217,Illustration Rare,ASC
Dreepy,247/217,Illustration Rare,ASC
Drakloak,248/217,Illustration Rare,ASC
Staraptor do Lauro,249/217,Illustration Rare,ASC
Rotom Ventilador,250/217,Illustration Rare,ASC
Sprigatito ex,251/217,Ultra Rare,ASC
Stunfisk ex,252/217,Ultra Rare,ASC
Mega Audino ex,253/217,Ultra Rare,ASC
Amor e Paz,254/217,Ultra Rare,ASC
Treino de Faixa Preta,255/217,Ultra Rare,ASC
Ordem da Chefia,256/217,Ultra Rare,ASC
Canari,257/217,Ultra Rare,ASC
Cheren,258/217,Ultra Rare,ASC
Contra-ataque de Alcance,259/217,Ultra Rare,ASC
Trompete de Vidro,260/217,Ultra Rare,ASC
Torre de Interferência,261/217,Ultra Rare,ASC
PP Up do N,262/217,Ultra Rare,ASC
Transmissor da Equipe Rocket,263/217,Ultra Rare,ASC
Ultra Bola,264/217,Ultra Rare,ASC
Mega Froslass ex,265/217,MEGA_ATTACK_RARE,ASC
Mega Eelektross ex,266/217,MEGA_ATTACK_RARE,ASC
Mega Diancie ex,267/217,MEGA_ATTACK_RARE,ASC
Mega Hawlucha ex,268/217,MEGA_ATTACK_RARE,ASC
Mega Gengar ex,269/217,MEGA_ATTACK_RARE,ASC
Mega Scrafty ex,270/217,MEGA_ATTACK_RARE,ASC
Mega Dragonite ex,271/217,MEGA_ATTACK_RARE,ASC
Mega Meganium ex,272/217,Special Illustration Rare,ASC
Mega Emboar ex,273/217,Special Illustration Rare,ASC
Mega Feraligatr ex,274/217,Special Illustration Rare,ASC
Mega Froslass ex,275/217,Special Illustration Rare,ASC
Pikachu ex,276/217,Special Illustration Rare,ASC
Pikachu ex,277/217,Special Illustration Rare,ASC
Mega Eelektross ex,278/217,Special Illustration Rare,ASC
Bellibolt ex da Kissera,279/217,Special Illustration Rare,ASC
Clefairy ex da Lílian,280/217,Special Illustration Rare,ASC
Mewtwo ex da Equipe Rocket,281/217,Special Illustration Rare,ASC
Mega Diancie ex,282/217,Special Illustration Rare,ASC
Mega Hawlucha ex,283/217,Special Illustration Rare,ASC
Mega Gengar ex,284/217,Special Illustration Rare,ASC
Mega Scrafty ex,285/217,Special Illustration Rare,ASC
Zoroark ex do N,286/217,Special Illustration Rare,ASC
Grimmsnarl ex da Marine,287/217,Special Illustration Rare,ASC
Fezandipiti ex,288/217,Special Illustration Rare,ASC
Metagross ex do Steven,289/217,Special Illustration Rare,ASC
Mega Dragonite ex,290/217,Special Illustration Rare,ASC
Canari,291/217,Special Illustration Rare,ASC
Espírito de Luta da Iris,292/217,Special Illustration Rare,ASC
Surfista,293/217,Special Illustration Rare,ASC
Mega Charizard Y ex,294/217,Mega Hyper Rare,ASC
Mega Dragonite ex,295/217,Mega Hyper Rare,ASC
Bulbasaur,1/132,Common,MEG
Ivysaur,2/132,Common,MEG
Mega Venusaur ex,3/132,Double Rare,MEG
Exeggcute,4/132,Common,MEG
Exeggutor,5/132,Uncommon,MEG
Tangela,6/132,Common,MEG
Tangrowth,7/132,Uncommon,MEG
Chikorita,8/132,Common,MEG
Bayleef,9/132,Common,MEG
Meganium,10/132,Rare,MEG
Shuckle,11/132,Uncommon,MEG
Celebi,12/132,Uncommon,MEG
Seedot,13/132,Common,MEG
Nuzleaf,14/132,Common,MEG
Shiftry,15/132,Uncommon,MEG
Nincada,16/132,Common,MEG
Ninjask,17/132,Uncommon,MEG
Dhelmise,18/132,Common,MEG
Vulpix,19/132,Common,MEG
Ninetales,20/132,Uncommon,MEG
Numel,21/132,Common,MEG
Mega Camerupt ex,22/132,Double Rare,MEG
Litleo,23/132,Common,MEG
Pyroar,24/132,Uncommon,MEG
Volcanion,25/132,Uncommon,MEG
Scorbunny,26/132,Common,MEG
Raboot,27/132,Common,MEG
Cinderace,28/132,Rare,MEG
Sizzlipede,29/132,Common,MEG
Centiskorch,30/132,Uncommon,MEG
Chi-Yu,31/132,Uncommon,MEG
Mantine,32/132,Common,MEG
Corphish,33/132,Common,MEG
Kyogre,34/132,Rare,MEG
Snover,35/132,Common,MEG
Mega Abomasnow ex,36/132,Double Rare,MEG
Clauncher,37/132,Common,MEG
Clawitzer,38/132,Rare,MEG
Sobble,39/132,Common,MEG
Drizzile,40/132,Common,MEG
Inteleon,41/132,Uncommon,MEG
Snom,42/132,Common,MEG
Frosmoth,43/132,Uncommon,MEG
Eiscue,44/132,Common,MEG
Magnemite,45/132,Common,MEG
Magneton,46/132,Common,MEG
Magnezone,47/132,Uncommon,MEG
Raikou,48/132,Rare,MEG
Electrike,49/132,Common,MEG
Mega Manectric ex,50/132,Double Rare,MEG
Pachirisu,51/132,Common,MEG
Helioptile,52/132,Common,MEG
Heliolisk,53/132,Common,MEG
Abra,54/132,Common,MEG
Kadabra,55/132,Uncommon,MEG
Alakazam,56/132,Rare,MEG
Jynx,57/132,Common,MEG
Ralts,58/132,Common,MEG
Kirlia,59/132,Common,MEG
Mega Gardevoir ex,60/132,Double Rare,MEG
Shedinja,61/132,Uncommon,MEG
Spoink,62/132,Common,MEG
Grumpig,63/132,Uncommon,MEG
Xerneas,64/132,Rare,MEG
Greavard,65/132,Common,MEG
Houndstone,66/132,Uncommon,MEG
Gimmighoul,67/132,Common,MEG
Sandshrew,68/132,Common,MEG
Sandslash,69/132,Common,MEG
Onix,70/132,Common,MEG
Tyrogue,71/132,Common,MEG
Makuhita,72/132,Common,MEG
Hariyama,73/132,Rare,MEG
Lunatone,74/132,Rare,MEG
Solrock,75/132,Uncommon,MEG
Riolu,76/132,Common,MEG
Mega Lucario ex,77/132,Double Rare,MEG
Croagunk,78/132,Common,MEG
Toxicroak,79/132,Common,MEG
Marshadow,80/132,Uncommon,MEG
Stonjourner,81/132,Uncommon,MEG
Nacli,82/132,Common,MEG
Naclstack,83/132,Common,MEG
Garganacl,84/132,Uncommon,MEG
Crawdaunt,85/132,Uncommon,MEG
Mega Absol ex,86/132,Double Rare,MEG
Spiritomb,87/132,Uncommon,MEG
Yveltal,88/132,Rare,MEG
Nickit,89/132,Common,MEG
Thievul,90/132,Common,MEG
Shroodle,91/132,Common,MEG
Grafaiai,92/132,Common,MEG
Steelix,93/132,Rare,MEG
Mega Mawile ex,94/132,Double Rare,MEG
Dialga,95/132,Rare,MEG
Tinkatink,96/132,Common,MEG
Tinkatuff,97/132,Common,MEG
Tinkaton,98/132,Uncommon,MEG
Gholdengo,99/132,Uncommon,MEG
Mega Latias ex,100/132,Double Rare,MEG
Latios,101/132,Uncommon,MEG
Spearow,102/132,Common,MEG
Fearow,103/132,Common,MEG
Mega Kangaskhan ex,104/132,Double Rare,MEG
Delibird,105/132,Common,MEG
Miltank,106/132,Common,MEG
Buneary,107/132,Common,MEG
Lopunny,108/132,Common,MEG
Yungoos,109/132,Common,MEG
Gumshoos,110/132,Uncommon,MEG
Stufful,111/132,Common,MEG
Bewear,112/132,Common,MEG
Traquinagem da Acerola,113/132,Uncommon,MEG
Ordem da Chefia,114/132,Uncommon,MEG
Substituição de Energia,115/132,Common,MEG
Gongo de Luta,116/132,Uncommon,MEG
Floresta da Vitalidade,117/132,Uncommon,MEG
Defensor Férreo,118/132,Uncommon,MEG
Determinação da Lílian,119/132,Uncommon,MEG
Barganha do Ten. Surge,120/132,Uncommon,MEG
Megassinal,121/132,Uncommon,MEG
Jardim Misterioso,122/132,Uncommon,MEG
Dama do Centro Pokémon,123/132,Common,MEG
Suplemento Premium Pro,124/132,Uncommon,MEG
Doce Raro,125/132,Common,MEG
Repelente,126/132,Uncommon,MEG
Ruínas Arriscadas,127/132,Uncommon,MEG
Relógio Insólito,128/132,Uncommon,MEG
Praia de Surfista,129/132,Uncommon,MEG
Substituição,130/132,Common,MEG
Ultra Bola,131/132,Common,MEG
Compaixão do Wally,132/132,Uncommon,MEG
Bulbasaur,133/132,Illustration Rare,MEG
Ivysaur,134/132,Illustration Rare,MEG
Exeggutor,135/132,Illustration Rare,MEG
Shuckle,136/132,Illustration Rare,MEG
Ninjask,137/132,Illustration Rare,MEG
Vulpix,138/132,Illustration Rare,MEG
Litleo,139/132,Illustration Rare,MEG
Snover,140/132,Illustration Rare,MEG
Clawitzer,141/132,Illustration Rare,MEG
Inteleon,142/132,Illustration Rare,MEG
Helioptile,143/132,Illustration Rare,MEG
Shedinja,144/132,Illustration Rare,MEG
Houndstone,145/132,Illustration Rare,MEG
Marshadow,146/132,Illustration Rare,MEG
Garganacl,147/132,Illustration Rare,MEG
Spiritomb,148/132,Illustration Rare,MEG
Shroodle,149/132,Illustration Rare,MEG
Steelix,150/132,Illustration Rare,MEG
Spearow,151/132,Illustration Rare,MEG
Delibird,152/132,Illustration Rare,MEG
Gumshoos,153/132,Illustration Rare,MEG
Stufful,154/132,Illustration Rare,MEG
Mega Venusaur ex,155/132,Ultra Rare,MEG
Mega Camerupt ex,156/132,Ultra Rare,MEG
Mega Abomasnow ex,157/132,Ultra Rare,MEG
Mega Manectric ex,158/132,Ultra Rare,MEG
Mega Gardevoir ex,159/132,Ultra Rare,MEG
Mega Lucario ex,160/132,Ultra Rare,MEG
Mega Absol ex,161/132,Ultra Rare,MEG
Mega Mawile ex,162/132,Ultra Rare,MEG
Mega Latias ex,163/132,Ultra Rare,MEG
Mega Kangaskhan ex,164/132,Ultra Rare,MEG
Traquinagem da Acerola,165/132,Ultra Rare,MEG
Balão de Ar,166/132,Ultra Rare,MEG
Poffin de Colega,167/132,Ultra Rare,MEG
Gongo de Luta,168/132,Ultra Rare,MEG
Determinação da Lílian,169/132,Ultra Rare,MEG
Barganha do Ten. Surge,170/132,Ultra Rare,MEG
Megassinal,171/132,Ultra Rare,MEG
Jardim Misterioso,172/132,Ultra Rare,MEG
Maca Noturna,173/132,Ultra Rare,MEG
Suplemento Premium Pro,174/132,Ultra Rare,MEG
Doce Raro,175/132,Ultra Rare,MEG
Compaixão do Wally,176/132,Ultra Rare,MEG
Mega Venusaur ex,177/132,Special Illustration Rare,MEG
Mega Gardevoir ex,178/132,Special Illustration Rare,MEG
Mega Lucario ex,179/132,Special Illustration Rare,MEG
Mega Absol ex,180/132,Special Illustration Rare,MEG
Mega Latias ex,181/132,Special Illustration Rare,MEG
Mega Kangaskhan ex,182/132,Special Illustration Rare,MEG
Traquinagem da Acerola,183/132,Special Illustration Rare,MEG
Determinação da Lílian,184/132,Special Illustration Rare,MEG
Barganha do Ten. Surge,185/132,Special Illustration Rare,MEG
Compaixão do Wally,186/132,Special Illustration Rare,MEG
Mega Gardevoir ex,187/132,Mega Hyper Rare,MEG
Mega Lucario ex,188/132,Mega Hyper Rare,MEG
Spinarak,1/88,Common,POR
Ariados,2/88,Common,POR
Shaymin,3/88,Uncommon,POR
Snivy,4/88,Common,POR
Servine,5/88,Common,POR
Serperior,6/88,Rare,POR
Scatterbug,7/88,Common,POR
Spewpa,8/88,Common,POR
Vivillon,9/88,Uncommon,POR
Rowlet,10/88,Common,POR
Dartrix,11/88,Common,POR
Decidueye ex,12/88,Double Rare,POR
Fletchinder,13/88,Common,POR
Talonflame,14/88,Uncommon,POR
Salandit,15/88,Common,POR
Salazzle ex,16/88,Double Rare,POR
Turtonator,17/88,Uncommon,POR
Seel,18/88,Common,POR
Dewgong,19/88,Rare,POR
Staryu,20/88,Common,POR
Mega Starmie ex,21/88,Double Rare,POR
Lapras ex,22/88,Double Rare,POR
Amaura,23/88,Common,POR
Aurorus,24/88,Rare,POR
Volcanion,25/88,Uncommon,POR
Shinx,26/88,Common,POR
Luxio,27/88,Uncommon,POR
Luxray,28/88,Rare,POR
Dedenne,29/88,Common,POR
Clefairy,30/88,Common,POR
Mega Clefable ex,31/88,Double Rare,POR
Mawile,32/88,Common,POR
Espurr,33/88,Common,POR
Meowstic,34/88,Uncommon,POR
Spritzee,35/88,Common,POR
Aromatisse,36/88,Uncommon,POR
Nosepass,37/88,Common,POR
Probopass,38/88,Common,POR
Hippopotas,39/88,Common,POR
Hippowdon,40/88,Uncommon,POR
Landorus,41/88,Rare,POR
Binacle,42/88,Common,POR
Barbaracle,43/88,Uncommon,POR
Tyrunt,44/88,Common,POR
Tyrantrum,45/88,Rare,POR
Hawlucha,46/88,Common,POR
Mega Zygarde ex,47/88,Double Rare,POR
Gastly,48/88,Common,POR
Haunter,49/88,Common,POR
Gengar,50/88,Rare,POR
Skorupi,51/88,Common,POR
Drapion,52/88,Uncommon,POR
Yveltal ex,53/88,Double Rare,POR
Chien-Pao,54/88,Rare,POR
Mega Skarmory ex,55/88,Double Rare,POR
Honedge,56/88,Common,POR
Doublade,57/88,Common,POR
Aegislash,58/88,Uncommon,POR
Klefki,59/88,Common,POR
Rattata,60/88,Common,POR
Raticate,61/88,Uncommon,POR
Meowth ex,62/88,Double Rare,POR
Snorlax,63/88,Common,POR
Bunnelby,64/88,Common,POR
Diggersby,65/88,Uncommon,POR
Fletchling,66/88,Common,POR
Furfrou,67/88,Common,POR
Fóssil de Mandíbula Arcaico,68/88,Common,POR
Fóssil de Vela Arcaico,69/88,Common,POR
Núcleo de Memória,70/88,Uncommon,POR
Martelo Esmagador,71/88,Common,POR
Busca de Energia,72/88,Common,POR
Mata-Energia,73/88,Uncommon,POR
Pá de Cavar,74/88,Common,POR
Jaci,75/88,Uncommon,POR
Juiz,76/88,Uncommon,POR
Cidade de Lumiose,77/88,Uncommon,POR
Crepe de Lumiose,78/88,Uncommon,POR
Naveen,79/88,Uncommon,POR
Poké Bola,80/88,Common,POR
Poké Tablet,81/88,Uncommon,POR
Pegador de Pokémon,82/88,Common,POR
Poção,83/88,Common,POR
Encorajamento da Rose,84/88,Uncommon,POR
Tarragon,85/88,Uncommon,POR
Energia Grass Crescente,86/88,Rare,POR
Energia Fighting Rochosa,87/88,Rare,POR
Energia Psychic Telepática,88/88,Rare,POR
Spewpa,89/88,Illustration Rare,POR
Rowlet,90/88,Illustration Rare,POR
Talonflame,91/88,Illustration Rare,POR
Aurorus,92/88,Illustration Rare,POR
Dedenne,93/88,Illustration Rare,POR
Clefairy,94/88,Illustration Rare,POR
Espurr,95/88,Illustration Rare,POR
Probopass,96/88,Illustration Rare,POR
Drapion,97/88,Illustration Rare,POR
Doublade,98/88,Illustration Rare,POR
Raticate,99/88,Illustration Rare,POR
Decidueye ex,100/88,Ultra Rare,POR
Salazzle ex,101/88,Ultra Rare,POR
Mega Starmie ex,102/88,Ultra Rare,POR
Mega Clefable ex,103/88,Ultra Rare,POR
Mega Zygarde ex,104/88,Ultra Rare,POR
Yveltal ex,105/88,Ultra Rare,POR
Mega Skarmory ex,106/88,Ultra Rare,POR
Meowth ex,107/88,Ultra Rare,POR
Reciclador de Energia,108/88,Ultra Rare,POR
Floresta da Vitalidade,109/88,Ultra Rare,POR
Jaci,110/88,Ultra Rare,POR
Cidade de Lumiose,111/88,Ultra Rare,POR
Naveen,112/88,Ultra Rare,POR
Poké Tablet,113/88,Ultra Rare,POR
Encorajamento da Rose,114/88,Ultra Rare,POR
Cinza Sagrada,115/88,Ultra Rare,POR
Tarragon,116/88,Ultra Rare,POR
Fragmento Encantado,117/88,Ultra Rare,POR
Mega Starmie ex,118/88,Special Illustration Rare,POR
Mega Clefable ex,119/88,Special Illustration Rare,POR
Mega Zygarde ex,120/88,Special Illustration Rare,POR
Meowth ex,121/88,Special Illustration Rare,POR
Jaci,122/88,Special Illustration Rare,POR
Encorajamento da Rose,123/88,Special Illustration Rare,POR
Mega Zygarde ex,124/88,Mega Hyper Rare,POR
Oddish,1/94,Common,PFL
Gloom,2/94,Common,PFL
Vileplume,3/94,Rare,PFL
Mega Heracross ex,4/94,Double Rare,PFL
Lotad,5/94,Common,PFL
Lombre,6/94,Common,PFL
Ludicolo,7/94,Uncommon,PFL
Genesect,8/94,Rare,PFL
Nymble,9/94,Common,PFL
Lokix,10/94,Uncommon,PFL
Charmander,11/94,Common,PFL
Charmeleon,12/94,Common,PFL
Mega Charizard X ex,13/94,Double Rare,PFL
Moltres,14/94,Rare,PFL
Darumaka,15/94,Common,PFL
Darmanitan,16/94,Uncommon,PFL
Reshiram,17/94,Rare,PFL
Oricorio ex,18/94,Double Rare,PFL
Charcadet,19/94,Common,PFL
Ceruledge,20/94,Uncommon,PFL
Seel,21/94,Common,PFL
Dewgong,22/94,Common,PFL
Swinub,23/94,Common,PFL
Piloswine,24/94,Common,PFL
Mamoswine,25/94,Uncommon,PFL
Suicune,26/94,Rare,PFL
Piplup,27/94,Common,PFL
Prinplup,28/94,Common,PFL
Rotom ex,29/94,Double Rare,PFL
Yamper,30/94,Common,PFL
Boltund,31/94,Common,PFL
Pawmi,32/94,Common,PFL
Pawmo,33/94,Common,PFL
Pawmot,34/94,Rare,PFL
Misdreavus,35/94,Common,PFL
Mismagius ex,36/94,Double Rare,PFL
Snubbull,37/94,Common,PFL
Granbull,38/94,Uncommon,PFL
Cresselia,39/94,Uncommon,PFL
Meloetta,40/94,Uncommon,PFL
Mega Diancie ex,41/94,Double Rare,PFL
Mimikyu,42/94,Common,PFL
Milcery,43/94,Common,PFL
Alcremie,44/94,Uncommon,PFL
Zacian,45/94,Rare,PFL
Bramblin,46/94,Common,PFL
Brambleghast,47/94,Uncommon,PFL
Tauros de Paldea,48/94,Uncommon,PFL
Gligar,49/94,Common,PFL
Gliscor,50/94,Uncommon,PFL
Trapinch,51/94,Common,PFL
Vibrava,52/94,Common,PFL
Flygon,53/94,Rare,PFL
Gastly,54/94,Common,PFL
Haunter,55/94,Uncommon,PFL
Mega Gengar ex,56/94,Double Rare,PFL
Murkrow,57/94,Common,PFL
Honchkrow,58/94,Uncommon,PFL
Sableye,59/94,Common,PFL
Carvanha,60/94,Common,PFL
Mega Sharpedo ex,61/94,Double Rare,PFL
Seviper,62/94,Uncommon,PFL
Absol,63/94,Common,PFL
Sandile,64/94,Common,PFL
Krokorok,65/94,Common,PFL
Krookodile,66/94,Uncommon,PFL
Toxel,67/94,Common,PFL
Toxtricity,68/94,Rare,PFL
Eternatus,69/94,Uncommon,PFL
Empoleon ex,70/94,Double Rare,PFL
Bronzor,71/94,Common,PFL
Bronzong,72/94,Uncommon,PFL
Togedemaru,73/94,Common,PFL
Duraludon,74/94,Common,PFL
Archaludon,75/94,Uncommon,PFL
Jigglypuff,76/94,Common,PFL
Wigglytuff,77/94,Uncommon,PFL
Aipom,78/94,Common,PFL
Ambipom,79/94,Rare,PFL
Smeargle,80/94,Common,PFL
Zigzagoon,81/94,Common,PFL
Linoone,82/94,Uncommon,PFL
Buneary,83/94,Common,PFL
Mega Lopunny ex,84/94,Double Rare,PFL
Jaula de Batalha,85/94,Uncommon,PFL
Maçarico,86/94,Uncommon,PFL
Dawn,87/94,Uncommon,PFL
Vale Vertiginoso,88/94,Uncommon,PFL
Cuspidor de Fogo,89/94,Uncommon,PFL
Artimanha do Funesto,90/94,Uncommon,PFL
Sorvetão Jumbo,91/94,Uncommon,PFL
Capacete Punk,92/94,Uncommon,PFL
Pingente Sagrado,93/94,Uncommon,PFL
Fragmento Encantado,94/94,Uncommon,PFL
Ludicolo,95/94,Illustration Rare,PFL
Nymble,96/94,Illustration Rare,PFL
Dewgong,97/94,Illustration Rare,PFL
Piplup,98/94,Illustration Rare,PFL
Yamper,99/94,Illustration Rare,PFL
Zacian,100/94,Illustration Rare,PFL
Flygon,101/94,Illustration Rare,PFL
Wooper de Paldea,102/94,Illustration Rare,PFL
Toxtricity,103/94,Illustration Rare,PFL
Togedemaru,104/94,Illustration Rare,PFL
Wigglytuff,105/94,Illustration Rare,PFL
Meowth,106/94,Illustration Rare,PFL
Ambipom,107/94,Illustration Rare,PFL
Mega Heracross ex,108/94,Ultra Rare,PFL
Mega Charizard X ex,109/94,Ultra Rare,PFL
Oricorio ex,110/94,Ultra Rare,PFL
Rotom ex,111/94,Ultra Rare,PFL
Mismagius ex,112/94,Ultra Rare,PFL
Mega Sharpedo ex,113/94,Ultra Rare,PFL
Empoleon ex,114/94,Ultra Rare,PFL
Mega Lopunny ex,115/94,Ultra Rare,PFL
Jaula de Batalha,116/94,Ultra Rare,PFL
Maçarico,117/94,Ultra Rare,PFL
Dawn,118/94,Ultra Rare,PFL
Cuspidor de Fogo,119/94,Ultra Rare,PFL
Artimanha do Funesto,120/94,Ultra Rare,PFL
Capacete Punk,121/94,Ultra Rare,PFL
Pingente Sagrado,122/94,Ultra Rare,PFL
Substituição,123/94,Ultra Rare,PFL
Energia de Ignição,124/94,Ultra Rare,PFL
Mega Charizard X ex,125/94,Special Illustration Rare,PFL
Rotom ex,126/94,Special Illustration Rare,PFL
Mega Sharpedo ex,127/94,Special Illustration Rare,PFL
Mega Lopunny ex,128/94,Special Illustration Rare,PFL
Dawn,129/94,Special Illustration Rare,PFL
Mega Charizard X ex,130/94,Mega Hyper Rare,PFL
Dark Ampharos,1/105,Rare Holo,N4
Dark Crobat,2/105,Rare Holo,N4
Dark Donphan,3/105,Rare Holo,N4
Dark Espeon,4/105,Rare Holo,N4
Dark Feraligatr,5/105,Rare Holo,N4
Dark Gengar,6/105,Rare Holo,N4
Dark Houndoom,7/105,Rare Holo,N4
Dark Porygon2,8/105,Rare Holo,N4
Dark Scizor,9/105,Rare Holo,N4
Dark Typhlosion,10/105,Rare Holo,N4
Dark Tyranitar,11/105,Rare Holo,N4
Light Arcanine,12/105,Rare Holo,N4
Light Azumarill,13/105,Rare Holo,N4
Light Dragonite,14/105,Rare Holo,N4
Light Togetic,15/105,Rare Holo,N4
Miracle Energy,16/105,Rare Holo,N4
Dark Ariados,17/105,Rare,N4
Dark Magcargo,18/105,Rare,N4
Dark Omastar,19/105,Rare,N4
Dark Slowking,20/105,Rare,N4
Dark Ursaring,21/105,Rare,N4
Light Dragonair,22/105,Rare,N4
Light Lanturn,23/105,Rare,N4
Light Ledian,24/105,Rare,N4
Light Machamp,25/105,Rare,N4
Light Piloswine,26/105,Rare,N4
Unown [G],27/105,Rare,N4
Unown [H],28/105,Rare,N4
Unown [W],29/105,Rare,N4
Unown [X],30/105,Rare,N4
Chansey,31/105,Uncommon,N4
Dark Croconaw,32/105,Uncommon,N4
Dark Exeggutor,33/105,Uncommon,N4
Dark Flaaffy,34/105,Uncommon,N4
Dark Forretress,35/105,Uncommon,N4
Dark Haunter,36/105,Uncommon,N4
Dark Omanyte,37/105,Uncommon,N4
Dark Pupitar,38/105,Uncommon,N4
Dark Quilava,39/105,Uncommon,N4
Dark Wigglytuff,40/105,Uncommon,N4
Heracross,41/105,Uncommon,N4
Hitmonlee,42/105,Uncommon,N4
Houndour,43/105,Uncommon,N4
Jigglypuff,44/105,Uncommon,N4
Light Dewgong,45/105,Uncommon,N4
Light Flareon,46/105,Uncommon,N4
Light Golduck,47/105,Uncommon,N4
Light Jolteon,48/105,Uncommon,N4
Light Machoke,49/105,Uncommon,N4
Light Ninetales,50/105,Uncommon,N4
Light Slowbro,51/105,Uncommon,N4
Light Vaporeon,52/105,Uncommon,N4
Light Venomoth,53/105,Uncommon,N4
Light Wigglytuff,54/105,Uncommon,N4
Scyther,55/105,Uncommon,N4
Togepi,56/105,Uncommon,N4
Unown [C],57/105,Uncommon,N4
Unown [P],58/105,Uncommon,N4
Unown [Q],59/105,Uncommon,N4
Unown [Z],60/105,Uncommon,N4
Cyndaquil,61/105,Common,N4
Dark Octillery,62/105,Common,N4
Dratini,63/105,Common,N4
Exeggcute,64/105,Common,N4
Gastly,65/105,Common,N4
Girafarig,66/105,Common,N4
Gligar,67/105,Common,N4
Growlithe,68/105,Common,N4
Hitmonchan,69/105,Common,N4
Larvitar,70/105,Common,N4
Ledyba,71/105,Common,N4
Light Sunflora,72/105,Common,N4
Machop,73/105,Common,N4
Mantine,74/105,Common,N4
Mareep,75/105,Common,N4
Phanpy,76/105,Common,N4
Pineco,77/105,Common,N4
Porygon,78/105,Common,N4
Psyduck,79/105,Common,N4
Remoraid,80/105,Common,N4
Seel,81/105,Common,N4
Slugma,82/105,Common,N4
Sunkern,83/105,Common,N4
Swinub,84/105,Common,N4
Totodile,85/105,Common,N4
Unown [L],86/105,Common,N4
Unown [S],87/105,Common,N4
Unown [T],88/105,Common,N4
Unown [V],89/105,Common,N4
Venonat,90/105,Common,N4
Vulpix,91/105,Common,N4
Broken Ground Gym,92/105,Rare,N4
EXP.ALL,93/105,Rare,N4
Impostor Professor Oak's Invention,94/105,Rare,N4
Radio Tower,95/105,Rare,N4
Thought Wave Machine,96/105,Rare,N4
Counterattack Claws,97/105,Uncommon,N4
Energy Amplifier,98/105,Uncommon,N4
Energy Stadium,99/105,Uncommon,N4
Lucky Stadium,100/105,Uncommon,N4
Magnifier,101/105,Uncommon,N4
Pokémon Personality Test,102/105,Uncommon,N4
Team Rocket's Evil Deeds,103/105,Uncommon,N4
Heal Powder,104/105,Common,N4
Mail from Bill,105/105,Common,N4
Shining Celebi,106/105,Rare Shining,N4
Shining Charizard,107/105,Rare Shining,N4
Shining Kabutops,108/105,Rare Shining,N4
Shining Mewtwo,109/105,Rare Shining,N4
Shining Noctowl,110/105,Rare Shining,N4
Shining Raichu,111/105,Rare Shining,N4
Shining Steelix,112/105,Rare Shining,N4
Shining Tyranitar,113/105,Rare Shining,N4
Espeon,1/75,Rare Holo,N2
Forretress,2/75,Rare Holo,N2
Hitmontop,3/75,Rare Holo,N2
Houndoom,4/75,Rare Holo,N2
Houndour,5/75,Rare Holo,N2
Kabutops,6/75,Rare Holo,N2
Magnemite,7/75,Rare Holo,N2
Politoed,8/75,Rare Holo,N2
Poliwrath,9/75,Rare Holo,N2
Scizor,10/75,Rare Holo,N2
Smeargle,11/75,Rare Holo,N2
Tyranitar,12/75,Rare Holo,N2
Umbreon,13/75,Rare Holo,N2
Unown [A],14/75,Rare Holo,N2
Ursaring,15/75,Rare Holo,N2
Wobbuffet,16/75,Rare Holo,N2
Yanma,17/75,Rare Holo,N2
Beedrill,18/75,Rare,N2
Butterfree,19/75,Rare,N2
Espeon,20/75,Rare,N2
Forretress,21/75,Rare,N2
Hitmontop,22/75,Rare,N2
Houndoom,23/75,Rare,N2
Houndour,24/75,Rare,N2
Kabutops,25/75,Rare,N2
Magnemite,26/75,Rare,N2
Politoed,27/75,Rare,N2
Poliwrath,28/75,Rare,N2
Scizor,29/75,Rare,N2
Smeargle,30/75,Rare,N2
Tyranitar,31/75,Rare,N2
Umbreon,32/75,Rare,N2
Unown [A],33/75,Rare,N2
Ursaring,34/75,Rare,N2
Wobbuffet,35/75,Rare,N2
Yanma,36/75,Rare,N2
Corsola,37/75,Uncommon,N2
Eevee,38/75,Uncommon,N2
Houndour,39/75,Uncommon,N2
Igglybuff,40/75,Uncommon,N2
Kakuna,41/75,Uncommon,N2
Metapod,42/75,Uncommon,N2
Omastar,43/75,Uncommon,N2
Poliwhirl,44/75,Uncommon,N2
Pupitar,45/75,Uncommon,N2
Scyther,46/75,Uncommon,N2
Unown [D],47/75,Uncommon,N2
Unown [F],48/75,Uncommon,N2
Unown [M],49/75,Uncommon,N2
Unown [N],50/75,Uncommon,N2
Unown [U],51/75,Uncommon,N2
Xatu,52/75,Uncommon,N2
Caterpie,53/75,Common,N2
Dunsparce,54/75,Common,N2
Hoppip,55/75,Common,N2
Kabuto,56/75,Common,N2
Larvitar,57/75,Common,N2
Mareep,58/75,Common,N2
Natu,59/75,Common,N2
Omanyte,60/75,Common,N2
Pineco,61/75,Common,N2
Poliwag,62/75,Common,N2
Sentret,63/75,Common,N2
Spinarak,64/75,Common,N2
Teddiursa,65/75,Common,N2
Tyrogue,66/75,Common,N2
Unown [E],67/75,Common,N2
Unown [I],68/75,Common,N2
Unown [O],69/75,Common,N2
Weedle,70/75,Common,N2
Wooper,71/75,Common,N2
Fossil Egg,72/75,Uncommon,N2
Hyper Devolution Spray,73/75,Uncommon,N2
Ruin Wall,74/75,Uncommon,N2
Energy Ark,75/75,Common,N2
Ampharos,1/111,Rare Holo,N1
Azumarill,2/111,Rare Holo,N1
Bellossom,3/111,Rare Holo,N1
Feraligatr,4/111,Rare Holo,N1
Feraligatr,5/111,Rare Holo,N1
Heracross,6/111,Rare Holo,N1
Jumpluff,7/111,Rare Holo,N1
Kingdra,8/111,Rare Holo,N1
Lugia,9/111,Rare Holo,N1
Meganium,10/111,Rare Holo,N1
Meganium,11/111,Rare Holo,N1
Pichu,12/111,Rare Holo,N1
Skarmory,13/111,Rare Holo,N1
Slowking,14/111,Rare Holo,N1
Steelix,15/111,Rare Holo,N1
Togetic,16/111,Rare Holo,N1
Typhlosion,17/111,Rare Holo,N1
Typhlosion,18/111,Rare Holo,N1
Metal Energy,19/111,Rare Holo,N1
Cleffa,20/111,Rare,N1
Donphan,21/111,Rare,N1
Elekid,22/111,Rare,N1
Magby,23/111,Rare,N1
Murkrow,24/111,Rare,N1
Sneasel,25/111,Rare,N1
Aipom,26/111,Uncommon,N1
Ariados,27/111,Uncommon,N1
Bayleef,28/111,Uncommon,N1
Bayleef,29/111,Uncommon,N1
Clefairy,30/111,Uncommon,N1
Croconaw,31/111,Uncommon,N1
Croconaw,32/111,Uncommon,N1
Electabuzz,33/111,Uncommon,N1
Flaaffy,34/111,Uncommon,N1
Furret,35/111,Uncommon,N1
Gloom,36/111,Uncommon,N1
Granbull,37/111,Uncommon,N1
Lanturn,38/111,Uncommon,N1
Ledian,39/111,Uncommon,N1
Magmar,40/111,Uncommon,N1
Miltank,41/111,Uncommon,N1
Noctowl,42/111,Uncommon,N1
Phanpy,43/111,Uncommon,N1
Piloswine,44/111,Uncommon,N1
Quagsire,45/111,Uncommon,N1
Quilava,46/111,Uncommon,N1
Quilava,47/111,Uncommon,N1
Seadra,48/111,Uncommon,N1
Skiploom,49/111,Uncommon,N1
Sunflora,50/111,Uncommon,N1
Togepi,51/111,Uncommon,N1
Xatu,52/111,Uncommon,N1
Chikorita,53/111,Common,N1
Chikorita,54/111,Common,N1
Chinchou,55/111,Common,N1
Cyndaquil,56/111,Common,N1
Cyndaquil,57/111,Common,N1
Girafarig,58/111,Common,N1
Gligar,59/111,Common,N1
Hoothoot,60/111,Common,N1
Hoppip,61/111,Common,N1
Horsea,62/111,Common,N1
Ledyba,63/111,Common,N1
Mantine,64/111,Common,N1
Mareep,65/111,Common,N1
Marill,66/111,Common,N1
Natu,67/111,Common,N1
Oddish,68/111,Common,N1
Onix,69/111,Common,N1
Pikachu,70/111,Common,N1
Sentret,71/111,Common,N1
Shuckle,72/111,Common,N1
Slowpoke,73/111,Common,N1
Snubbull,74/111,Common,N1
Spinarak,75/111,Common,N1
Stantler,76/111,Common,N1
Sudowoodo,77/111,Common,N1
Sunkern,78/111,Common,N1
Swinub,79/111,Common,N1
Totodile,80/111,Common,N1
Totodile,81/111,Common,N1
Wooper,82/111,Common,N1
Arcade Game,83/111,Rare,N1
Ecogym,84/111,Rare,N1
Energy Charge,85/111,Rare,N1
Focus Band,86/111,Rare,N1
Mary,87/111,Rare,N1
PokéGear,88/111,Rare,N1
Super Energy Retrieval,89/111,Rare,N1
Time Capsule,90/111,Rare,N1
Bill's Teleporter,91/111,Uncommon,N1
Card-Flip Game,92/111,Uncommon,N1
Gold Berry,93/111,Uncommon,N1
Miracle Berry,94/111,Uncommon,N1
New Pokédex,95/111,Uncommon,N1
Professor Elm,96/111,Uncommon,N1
Sprout Tower,97/111,Uncommon,N1
Super Scoop Up,98/111,Uncommon,N1
Berry,99/111,Common,N1
Double Gust,100/111,Common,N1
Moo-Moo Milk,101/111,Common,N1
Pokémon March,102/111,Common,N1
Super Rod,103/111,Common,N1
Darkness Energy,104/111,Rare,N1
Recycle Energy,105/111,Rare,N1
Fighting Energy,106/111,,N1
Fire Energy,107/111,,N1
Grass Energy,108/111,,N1
Lightning Energy,109/111,,N1
Psychic Energy,110/111,,N1
Water Energy,111/111,,N1
Ampharos,1/64,Rare Holo,N3
Blissey,2/64,Rare Holo,N3
Celebi,3/64,Rare Holo,N3
Crobat,4/64,Rare Holo,N3
Delibird,5/64,Rare Holo,N3
Entei,6/64,Rare Holo,N3
Ho-oh,7/64,Rare Holo,N3
Houndoom,8/64,Rare Holo,N3
Jumpluff,9/64,Rare Holo,N3
Magneton,10/64,Rare Holo,N3
Misdreavus,11/64,Rare Holo,N3
Porygon2,12/64,Rare Holo,N3
Raikou,13/64,Rare Holo,N3
Suicune,14/64,Rare Holo,N3
Aerodactyl,15/64,Rare,N3
Celebi,16/64,Rare,N3
Entei,17/64,Rare,N3
Ho-oh,18/64,Rare,N3
Kingdra,19/64,Rare,N3
Lugia,20/64,Rare,N3
Raichu,21/64,Rare,N3
Raikou,22/64,Rare,N3
Skarmory,23/64,Rare,N3
Sneasel,24/64,Rare,N3
Starmie,25/64,Rare,N3
Sudowoodo,26/64,Rare,N3
Suicune,27/64,Rare,N3
Flaaffy,28/64,Uncommon,N3
Golbat,29/64,Uncommon,N3
Graveler,30/64,Uncommon,N3
Jynx,31/64,Uncommon,N3
Lanturn,32/64,Uncommon,N3
Magcargo,33/64,Uncommon,N3
Octillery,34/64,Uncommon,N3
Parasect,35/64,Uncommon,N3
Piloswine,36/64,Uncommon,N3
Seaking,37/64,Uncommon,N3
Stantler,38/64,Uncommon,N3
Unown [B],39/64,Uncommon,N3
Unown [Y],40/64,Uncommon,N3
Aipom,41/64,Common,N3
Chinchou,42/64,Common,N3
Farfetch'd,43/64,Common,N3
Geodude,44/64,Common,N3
Goldeen,45/64,Common,N3
Murkrow,46/64,Common,N3
Paras,47/64,Common,N3
Quagsire,48/64,Common,N3
Qwilfish,49/64,Common,N3
Remoraid,50/64,Common,N3
Shuckle,51/64,Common,N3
Skiploom,52/64,Common,N3
Slugma,53/64,Common,N3
Smoochum,54/64,Common,N3
Snubbull,55/64,Common,N3
Staryu,56/64,Common,N3
Swinub,57/64,Common,N3
Unown [K],58/64,Common,N3
Zubat,59/64,Common,N3
Balloon Berry,60/64,Uncommon,N3
Healing Field,61/64,Uncommon,N3
Pokémon Breeder Fields,62/64,Uncommon,N3
Rocket's Hideout,63/64,Uncommon,N3
Old Rod,64/64,Common,N3
Shining Gyarados,65/64,Rare Shining,N3
Shining Magikarp,66/64,Rare Shining,N3
Kyogre ex,1/40,Promo,NP
Groudon ex,2/40,Promo,NP
Treecko,3/40,Promo,NP
Grovyle,4/40,Promo,NP
Mudkip,5/40,Promo,NP
Torchic,6/40,Promo,NP
Treecko,7/40,Promo,NP
Torchic,8/40,Promo,NP
Combusken,9/40,Promo,NP
Mudkip,10/40,Promo,NP
Marshtomp,11/40,Promo,NP
Pikachu,12/40,Promo,NP
Meowth,13/40,Promo,NP
Latias,14/40,Promo,NP
Latios,15/40,Promo,NP
Treecko,16/40,Promo,NP
Torchic,17/40,Promo,NP
Mudkip,18/40,Promo,NP
Whismur,19/40,Promo,NP
Ludicolo,20/40,Promo,NP
Jirachi,21/40,Promo,NP
Beldum,22/40,Promo,NP
Metang,23/40,Promo,NP
Chimecho,24/40,Promo,NP
Flygon,25/40,Promo,NP
Tropical Wind,26/40,Promo,NP
Tropical Tidal Wave,27/40,Promo,NP
Championship Arena,28/40,Promo,NP
Celebi,29/40,Promo,NP
Suicune,30/40,Promo,NP
Moltres ex,31/40,Promo,NP
Articuno ex,32/40,Promo,NP
Zapdos ex,33/40,Promo,NP
Typhlosion,34/40,Promo,NP
Pikachu δ,35/40,Promo,NP
Tropical Tidal Wave,36/40,Promo,NP
Kyogre ex,37/40,Promo,NP
Groudon ex,38/40,Promo,NP
Rayquaza ex,39/40,Promo,NP
Mew,40/40,Promo,NP
Electabuzz,1/9,Promo,BOG
Hitmonchan,2/9,Promo,BOG
Professor Elm,3/9,Promo,BOG
Rocket's Scizor,4/9,Promo,BOG
Rocket's Sneasel,5/9,Promo,BOG
Dark Ivysaur,6/9,Promo,BOG
Dark Venusaur,7/9,Promo,BOG
Rocket's Mewtwo,8/9,Promo,BOG
Rocket's Hitmonchan,9/9,Promo,BOG
Pikachu on the Ball,1/5,,FUT20
Eevee on the Ball,2/5,,FUT20
Grookey on the Ball,3/5,,FUT20
Scorbunny on the Ball,4/5,,FUT20
Sobble on the Ball,5/5,,FUT20
Alakazam,1/110,Rare Holo,LC
Articuno,2/110,Rare Holo,LC
Charizard,3/110,Rare Holo,LC
Dark Blastoise,4/110,Rare Holo,LC
Dark Dragonite,5/110,Rare Holo,LC
Dark Persian,6/110,Rare Holo,LC
Dark Raichu,7/110,Rare Holo,LC
Dark Slowbro,8/110,Rare Holo,LC
Dark Vaporeon,9/110,Rare Holo,LC
Flareon,10/110,Rare Holo,LC
Gengar,11/110,Rare Holo,LC
Gyarados,12/110,Rare Holo,LC
Hitmonlee,13/110,Rare Holo,LC
Jolteon,14/110,Rare Holo,LC
Machamp,15/110,Rare Holo,LC
Muk,16/110,Rare Holo,LC
Ninetales,17/110,Rare Holo,LC
Venusaur,18/110,Rare Holo,LC
Zapdos,19/110,Rare Holo,LC
Beedrill,20/110,Rare,LC
Butterfree,21/110,Rare,LC
Electrode,22/110,Rare,LC
Exeggutor,23/110,Rare,LC
Golem,24/110,Rare,LC
Hypno,25/110,Rare,LC
Jynx,26/110,Rare,LC
Kabutops,27/110,Rare,LC
Magneton,28/110,Rare,LC
Mewtwo,29/110,Rare,LC
Moltres,30/110,Rare,LC
Nidoking,31/110,Rare,LC
Nidoqueen,32/110,Rare,LC
Pidgeot,33/110,Rare,LC
Pidgeotto,34/110,Rare,LC
Rhydon,35/110,Rare,LC
Arcanine,36/110,Uncommon,LC
Charmeleon,37/110,Uncommon,LC
Dark Dragonair,38/110,Uncommon,LC
Dark Wartortle,39/110,Uncommon,LC
Dewgong,40/110,Uncommon,LC
Dodrio,41/110,Uncommon,LC
Fearow,42/110,Uncommon,LC
Golduck,43/110,Uncommon,LC
Graveler,44/110,Uncommon,LC
Growlithe,45/110,Uncommon,LC
Haunter,46/110,Uncommon,LC
Ivysaur,47/110,Uncommon,LC
Kabuto,48/110,Uncommon,LC
Kadabra,49/110,Uncommon,LC
Kakuna,50/110,Uncommon,LC
Machoke,51/110,Uncommon,LC
Magikarp,52/110,Uncommon,LC
Meowth,53/110,Uncommon,LC
Metapod,54/110,Uncommon,LC
Nidorina,55/110,Uncommon,LC
Nidorino,56/110,Uncommon,LC
Omanyte,57/110,Uncommon,LC
Omastar,58/110,Uncommon,LC
Primeape,59/110,Uncommon,LC
Rapidash,60/110,Uncommon,LC
Raticate,61/110,Uncommon,LC
Sandslash,62/110,Uncommon,LC
Seadra,63/110,Uncommon,LC
Snorlax,64/110,Uncommon,LC
Tauros,65/110,Uncommon,LC
Tentacruel,66/110,Uncommon,LC
Abra,67/110,Common,LC
Bulbasaur,68/110,Common,LC
Caterpie,69/110,Common,LC
Charmander,70/110,Common,LC
Doduo,71/110,Common,LC
Dratini,72/110,Common,LC
Drowzee,73/110,Common,LC
Eevee,74/110,Common,LC
Exeggcute,75/110,Common,LC
Gastly,76/110,Common,LC
Geodude,77/110,Common,LC
Grimer,78/110,Common,LC
Machop,79/110,Common,LC
Magnemite,80/110,Common,LC
Mankey,81/110,Common,LC
Nidoran ♀,82/110,Common,LC
Nidoran ♂,83/110,Common,LC
Onix,84/110,Common,LC
Pidgey,85/110,Common,LC
Pikachu,86/110,Common,LC
Ponyta,87/110,Common,LC
Psyduck,88/110,Common,LC
Rattata,89/110,Common,LC
Rhyhorn,90/110,Common,LC
Sandshrew,91/110,Common,LC
Seel,92/110,Common,LC
Slowpoke,93/110,Common,LC
Spearow,94/110,Common,LC
Squirtle,95/110,Common,LC
Tentacool,96/110,Common,LC
Voltorb,97/110,Common,LC
Vulpix,98/110,Common,LC
Weedle,99/110,Common,LC
Full Heal Energy,100/110,Uncommon,LC
Potion Energy,101/110,Uncommon,LC
Pokémon Breeder,102/110,Rare,LC
Pokémon Trader,103/110,Rare,LC
Scoop Up,104/110,Rare,LC
The Boss's Way,105/110,Uncommon,LC
Challenge!,106/110,Uncommon,LC
Energy Retrieval,107/110,Uncommon,LC
Bill,108/110,Common,LC
Mysterious Fossil,109/110,Common,LC
Potion,110/110,Common,LC
Snivy,1/12,,MCD11
Maractus,2/12,,MCD11
Tepig,3/12,,MCD11
Oshawott,4/12,,MCD11
Alomomola,5/12,,MCD11
Blitzle,6/12,,MCD11
Munna,7/12,,MCD11
Sandile,8/12,,MCD11
Zorua,9/12,,MCD11
Klink,10/12,,MCD11
Pidove,11/12,,MCD11
Audino,12/12,,MCD11
Servine,1/12,,MCD12
Pansage,2/12,,MCD12
Dwebble,3/12,,MCD12
Pignite,4/12,,MCD12
Dewott,5/12,,MCD12
Emolga,6/12,,MCD12
Woobat,7/12,,MCD12
Drilbur,8/12,,MCD12
Purrloin,9/12,,MCD12
Scraggy,10/12,,MCD12
Klang,11/12,,MCD12
Axew,12/12,,MCD12
Weedle,1/12,,MCD14
Chespin,2/12,,MCD14
Fennekin,3/12,,MCD14
Froakie,4/12,,MCD14
Pikachu,5/12,,MCD14
Inkay,6/12,,MCD14
Honedge,7/12,,MCD14
Snubbull,8/12,,MCD14
Swirlix,9/12,,MCD14
Bunnelby,10/12,,MCD14
Fletchling,11/12,,MCD14
Furfrou,12/12,,MCD14
Treecko,1/12,,MCD15
Lotad,2/12,,MCD15
Torchic,3/12,,MCD15
Staryu,4/12,,MCD15
Mudkip,5/12,,MCD15
Pikachu,6/12,,MCD15
Electrike,7/12,,MCD15
Rhyhorn,8/12,Common,MCD15
Meditite,9/12,,MCD15
Marill,10/12,,MCD15
Zigzagoon,11/12,,MCD15
Skitty,12/12,,MCD15
Vulpix,1/12,,MCD16
Torchic,2/12,,MCD16
Fennekin,3/12,,MCD16
Magikarp,4/12,,MCD16
Totodile,5/12,,MCD16
Pikachu,6/12,,MCD16
Scraggy,7/12,,MCD16
Jigglypuff,8/12,,MCD16
Togepi,9/12,,MCD16
Dedenne,10/12,,MCD16
Meowth,11/12,,MCD16
Eevee,12/12,,MCD16
Rowlet,1/12,,MCD17
Grubbin,2/12,,MCD17
Litten,3/12,,MCD17
Popplio,4/12,,MCD17
Pikachu,5/12,,MCD17
Cosmog,6/12,,MCD17
Crabrawler,7/12,,MCD17
Alolan Meowth,8/12,,MCD17
Alolan Diglett,9/12,,MCD17
Cutiefly,10/12,,MCD17
Pikipek,11/12,,MCD17
Yungoos,12/12,,MCD17
Growlithe,1/12,,MCD18
Psyduck,2/12,,MCD18
Horsea,3/12,,MCD18
Pikachu,4/12,,MCD18
Slowpoke,5/12,,MCD18
Machop,6/12,,MCD18
Cubone,7/12,,MCD18
Magnemite,8/12,,MCD18
Dratini,9/12,,MCD18
Chansey,10/12,,MCD18
Eevee,11/12,,MCD18
Porygon,12/12,,MCD18
Caterpie,1/12,,MCD19
Alolan Exeggutor,2/12,,MCD19
Magmar,3/12,,MCD19
Alolan Sandshrew,4/12,,MCD19
Lapras,5/12,,MCD19
Pikachu,6/12,,MCD19
Gastly,7/12,,MCD19
Mankey,8/12,,MCD19
Onix,9/12,,MCD19
Alolan Meowth,10/12,,MCD19
Alolan Dugtrio,11/12,,MCD19
Eevee,12/12,,MCD19
Bulbasaur,1/25,,MCD21
Chikorita,2/25,,MCD21
Treecko,3/25,,MCD21
Turtwig,4/25,,MCD21
Snivy,5/25,,MCD21
Chespin,6/25,,MCD21
Rowlet,7/25,,MCD21
Grookey,8/25,,MCD21
Charmander,9/25,,MCD21
Cyndaquil,10/25,,MCD21
Torchic,11/25,,MCD21
Chimchar,12/25,,MCD21
Tepig,13/25,,MCD21
Fennekin,14/25,,MCD21
Litten,15/25,,MCD21
Scorbunny,16/25,,MCD21
Squirtle,17/25,,MCD21
Totodile,18/25,,MCD21
Mudkip,19/25,,MCD21
Piplup,20/25,,MCD21
Oshawott,21/25,,MCD21
Froakie,22/25,,MCD21
Popplio,23/25,,MCD21
Sobble,24/25,,MCD21
Pikachu,25/25,,MCD21
Ledyba,1/15,,MCD22
Rowlet,2/15,,MCD22
Gossifleur,3/15,,MCD22
Growlithe,4/15,,MCD22
Victini,5/15,,MCD22
Lapras,6/15,,MCD22
Pikachu,7/15,,MCD22
Chinchou,8/15,,MCD22
Flaaffy,9/15,,MCD22
Tynamo,10/15,,MCD22
Cutiefly,11/15,,MCD22
Bewear,12/15,,MCD22
Pangoro,13/15,,MCD22
Drampa,14/15,,MCD22
Smeargle,15/15,,MCD22
Venusaur,1/16,,RM
Cherrim,2/16,,RM
Ninetales,3/16,,RM
Heatran,4/16,,RM
Starmie,5/16,,RM
Gyarados,6/16,,RM
Pikachu,7/16,,RM
Zapdos,8/16,,RM
Mewtwo,9/16,,RM
Mew,10/16,,RM
Diglett,11/16,,RM
Lucario,12/16,,RM
Skuntank,13/16,,RM
Bastiodon,14/16,,RM
Rattata,15/16,,RM
Bibarel,16/16,,RM
Mew,1/18,,SI
Pidgeot,2/18,,SI
Onix,3/18,,SI
Togepi,4/18,,SI
Ivysaur,5/18,,SI
Raticate,6/18,,SI
Ledyba,7/18,,SI
Jigglypuff,8/18,,SI
Butterfree,9/18,,SI
Tentacruel,10/18,,SI
Marill,11/18,,SI
Lapras,12/18,,SI
Exeggutor,13/18,,SI
Slowking,14/18,,SI
Wartortle,15/18,,SI
Lickitung,16/18,,SI
Vileplume,17/18,,SI
Primeape,18/18,,SI
Charizard,1/99,Rare Holo,AR
Froslass,2/99,Rare Holo,AR
Heatran,3/99,Rare Holo,AR
Kabutops,4/99,Rare Holo,AR
Luxray,5/99,Rare Holo,AR
Mothim,6/99,Rare Holo,AR
Probopass,7/99,Rare Holo,AR
Salamence,8/99,Rare Holo,AR
Swalot,9/99,Rare Holo,AR
Tangrowth,10/99,Rare Holo,AR
Toxicroak,11/99,Rare Holo,AR
Zapdos G,12/99,Rare Holo,AR
Aerodactyl,13/99,Rare,AR
Bronzong,14/99,Rare,AR
Cherrim,15/99,Rare,AR
Gengar,16/99,Rare,AR
Gengar,17/99,Rare,AR
Glalie,18/99,Rare,AR
Golem,19/99,Rare,AR
Hariyama,20/99,Rare,AR
Lopunny,21/99,Rare,AR
Manectric,22/99,Rare,AR
Omastar,23/99,Rare,AR
Pelipper,24/99,Rare,AR
Pichu,25/99,Rare,AR
Porygon-Z G,26/99,Rare,AR
Raichu,27/99,Rare,AR
Rapidash,28/99,Rare,AR
Raticate,29/99,Rare,AR
Sceptile,30/99,Rare,AR
Sceptile,31/99,Rare,AR
Spiritomb,32/99,Rare,AR
Bronzong,33/99,Uncommon,AR
Bronzor,34/99,Uncommon,AR
Charmeleon,35/99,Uncommon,AR
Gastly,36/99,Uncommon,AR
Graveler,37/99,Uncommon,AR
Grovyle,38/99,Uncommon,AR
Grovyle,39/99,Uncommon,AR
Gulpin,40/99,Uncommon,AR
Haunter,41/99,Uncommon,AR
Haunter,42/99,Uncommon,AR
Luxio,43/99,Uncommon,AR
Manectric,44/99,Uncommon,AR
Pelipper,45/99,Uncommon,AR
Ponyta,46/99,Uncommon,AR
Rapidash,47/99,Uncommon,AR
Shelgon,48/99,Uncommon,AR
Wormadam Plant Cloak,49/99,Uncommon,AR
Wormadam Sandy Cloak,50/99,Uncommon,AR
Wormadam Trash Cloak,51/99,Uncommon,AR
Bagon,52/99,Common,AR
Beedrill G,53/99,Common,AR
Bronzor,54/99,Common,AR
Buneary,55/99,Common,AR
Burmy Plant Cloak,56/99,Common,AR
Burmy Sandy Cloak,57/99,Common,AR
Burmy Trash Cloak,58/99,Common,AR
Charmander,59/99,Common,AR
Cherubi,60/99,Common,AR
Croagunk,61/99,Common,AR
Electrike,62/99,Common,AR
Electrike,63/99,Common,AR
Gastly,64/99,Common,AR
Geodude,65/99,Common,AR
Gulpin,66/99,Common,AR
Kabuto,67/99,Common,AR
Makuhita,68/99,Common,AR
Nosepass,69/99,Common,AR
Omanyte,70/99,Common,AR
Pikachu,71/99,Common,AR
Ponyta,72/99,Common,AR
Rattata,73/99,Common,AR
Shinx,74/99,Common,AR
Snorunt,75/99,Common,AR
Tangela,76/99,Common,AR
Tangela,77/99,Common,AR
Treecko,78/99,Common,AR
Treecko,79/99,Common,AR
Wingull,80/99,Common,AR
Wingull,81/99,Common,AR
Beginning Door,82/99,Uncommon,AR
Bench Shield,83/99,Uncommon,AR
Buffer Piece,84/99,Uncommon,AR
Department Store Girl,85/99,Uncommon,AR
Energy Restore,86/99,Uncommon,AR
Expert Belt,87/99,Uncommon,AR
Lucky Egg,88/99,Uncommon,AR
Old Amber,89/99,Common,AR
Professor Oak's Visit,90/99,Uncommon,AR
Ultimate Zone,91/99,Uncommon,AR
Dome Fossil,92/99,Common,AR
Helix Fossil,93/99,Common,AR
Arceus LV.X,94/99,Rare Holo LV.X,AR
Arceus LV.X,95/99,Rare Holo LV.X,AR
Arceus LV.X,96/99,Rare Holo LV.X,AR
Gengar LV.X,97/99,Rare Holo LV.X,AR
Salamence LV.X,98/99,Rare Holo LV.X,AR
Tangrowth LV.X,99/99,Rare Holo LV.X,AR
Bagon,SH10/99,Rare,AR
Ponyta,SH11/99,Rare,AR
Shinx,SH12/99,Rare,AR
Arceus,AR1/99,Rare,AR
Arceus,AR2/99,Rare,AR
Arceus,AR3/99,Rare,AR
Arceus,AR4/99,Rare,AR
Arceus,AR5/99,Rare,AR
Arceus,AR6/99,Rare,AR
Arceus,AR7/99,Rare,AR
Arceus,AR8/99,Rare,AR
Arceus,AR9/99,Rare,AR
Ampharos,1/127,Rare Holo,PL
Blastoise,2/127,Rare Holo,PL
Blaziken,3/127,Rare Holo,PL
Delcatty,4/127,Rare Holo,PL
Dialga,5/127,Rare Holo,PL
Dialga,6/127,Rare Holo,PL
Dialga G,7/127,Rare Holo,PL
Gardevoir,8/127,Rare Holo,PL
Giratina,9/127,Rare Holo,PL
Giratina,10/127,Rare Holo,PL
Manectric,11/127,Rare Holo,PL
Palkia G,12/127,Rare Holo,PL
Rampardos,13/127,Rare Holo,PL
Shaymin,14/127,Rare Holo,PL
Shaymin,15/127,Rare Holo,PL
Slaking,16/127,Rare Holo,PL
Weavile G,17/127,Rare Holo,PL
Altaria,18/127,Rare,PL
Banette,19/127,Rare,PL
Bastiodon,20/127,Rare,PL
Beautifly,21/127,Rare,PL
Blissey,22/127,Rare,PL
Dialga,23/127,Rare,PL
Dugtrio,24/127,Rare,PL
Dustox,25/127,Rare,PL
Empoleon,26/127,Rare,PL
Giratina,27/127,Rare,PL
Giratina,28/127,Rare,PL
Golduck,29/127,Rare,PL
Gyarados G,30/127,Rare,PL
Infernape,31/127,Rare,PL
Kricketune,32/127,Rare,PL
Lickilicky,33/127,Rare,PL
Ludicolo,34/127,Rare,PL
Luvdisc,35/127,Rare,PL
Ninetales,36/127,Rare,PL
Palkia,37/127,Rare,PL
Shaymin,38/127,Rare,PL
Torterra,39/127,Rare,PL
Toxicroak G,40/127,Rare,PL
Bronzong G,41/127,Uncommon,PL
Cacturne,42/127,Uncommon,PL
Carnivine,43/127,Uncommon,PL
Cascoon,44/127,Uncommon,PL
Combusken,45/127,Uncommon,PL
Cranidos,46/127,Uncommon,PL
Crobat G,47/127,Uncommon,PL
Flaaffy,48/127,Uncommon,PL
Grotle,49/127,Uncommon,PL
Houndoom G,50/127,Uncommon,PL
Kirlia,51/127,Uncommon,PL
Lombre,52/127,Uncommon,PL
Lucario,53/127,Uncommon,PL
Mightyena,54/127,Uncommon,PL
Mismagius,55/127,Uncommon,PL
Monferno,56/127,Uncommon,PL
Muk,57/127,Uncommon,PL
Octillery,58/127,Uncommon,PL
Prinplup,59/127,Uncommon,PL
Probopass,60/127,Uncommon,PL
Seviper,61/127,Uncommon,PL
Shieldon,62/127,Uncommon,PL
Silcoon,63/127,Uncommon,PL
Vigoroth,64/127,Uncommon,PL
Wartortle,65/127,Uncommon,PL
Zangoose,66/127,Uncommon,PL
Cacnea,67/127,Common,PL
Carnivine,68/127,Common,PL
Chansey,69/127,Common,PL
Chimchar,70/127,Common,PL
Combee,71/127,Common,PL
Diglett,72/127,Common,PL
Dunsparce,73/127,Common,PL
Electrike,74/127,Common,PL
Grimer,75/127,Common,PL
Happiny,76/127,Common,PL
Honchkrow G,77/127,Common,PL
Kricketot,78/127,Common,PL
Lapras,79/127,Common,PL
Lickitung,80/127,Common,PL
Lotad,81/127,Common,PL
Mareep,82/127,Common,PL
Misdreavus,83/127,Common,PL
Nosepass,84/127,Common,PL
Piplup,85/127,Common,PL
Poochyena,86/127,Common,PL
Psyduck,87/127,Common,PL
Purugly G,88/127,Common,PL
Ralts,89/127,Common,PL
Remoraid,90/127,Common,PL
Riolu,91/127,Common,PL
Shuppet,92/127,Common,PL
Skitty,93/127,Common,PL
Skuntank G,94/127,Common,PL
Slakoth,95/127,Common,PL
Squirtle,96/127,Common,PL
Swablu,97/127,Common,PL
Tauros,98/127,Common,PL
Torchic,99/127,Common,PL
Torkoal,100/127,Common,PL
Turtwig,101/127,Common,PL
Vulpix,102/127,Common,PL
Wurmple,103/127,Common,PL
Broken Time-Space,104/127,Uncommon,PL
Cyrus's Conspiracy,105/127,Uncommon,PL
Galactic HQ,106/127,Uncommon,PL
Level Max,107/127,Uncommon,PL
Life Herb,108/127,Uncommon,PL
Looker's Investigation,109/127,Uncommon,PL
Memory Berry,110/127,Uncommon,PL
Miasma Valley,111/127,Uncommon,PL
PlusPower,112/127,Uncommon,PL
Poké Ball,113/127,Uncommon,PL
Pokédex HANDY910is,114/127,Uncommon,PL
Pokémon Rescue,115/127,Uncommon,PL
Team Galactic's Invention G-101 Energy Gain,116/127,Uncommon,PL
Team Galactic's Invention G-103 Power Spray,117/127,Uncommon,PL
Team Galactic's Invention G-105 Poké Turn,118/127,Uncommon,PL
Armor Fossil,119/127,Common,PL
Skull Fossil,120/127,Common,PL
Rainbow Energy,121/127,Uncommon,PL
Dialga G LV.X,122/127,Rare Holo LV.X,PL
Drapion LV.X,123/127,Rare Holo LV.X,PL
Giratina LV.X,124/127,Rare Holo LV.X,PL
Palkia G LV.X,125/127,Rare Holo LV.X,PL
Shaymin LV.X,126/127,Rare Holo LV.X,PL
Shaymin LV.X,127/127,Rare Holo LV.X,PL
Electabuzz,128/127,Rare Secret,PL
Hitmonchan,129/127,Rare Secret,PL
Scyther,130/127,Rare Secret,PL
Lotad,SH4/127,Rare,PL
Swablu,SH5/127,Rare,PL
Vulpix,SH6/127,Rare,PL
Arcanine,1/111,Rare Holo,RR
Bastiodon GL,2/111,Rare Holo,RR
Darkrai G,3/111,Rare Holo,RR
Floatzel GL,4/111,Rare Holo,RR
Flygon,5/111,Rare Holo,RR
Froslass GL,6/111,Rare Holo,RR
Jirachi,7/111,Rare Holo,RR
Lucario GL,8/111,Rare Holo,RR
Luxray GL,9/111,Rare Holo,RR
Mismagius GL,10/111,Rare Holo,RR
Rampardos GL,11/111,Rare Holo,RR
Roserade GL,12/111,Rare Holo,RR
Shiftry,13/111,Rare Holo,RR
Aggron,14/111,Rare,RR
Beedrill,15/111,Rare,RR
Bronzong E4,16/111,Rare,RR
Drapion E4,17/111,Rare,RR
Espeon E4,18/111,Rare,RR
Flareon,19/111,Rare,RR
Gallade E4,20/111,Rare,RR
Gastrodon East Sea,21/111,Rare,RR
Gastrodon West Sea,22/111,Rare,RR
Golem E4,23/111,Rare,RR
Heracross E4,24/111,Rare,RR
Hippowdon,25/111,Rare,RR
Jolteon,26/111,Rare,RR
Mamoswine GL,27/111,Rare,RR
Mr. Mime E4,28/111,Rare,RR
Nidoking,29/111,Rare,RR
Nidoqueen,30/111,Rare,RR
Raichu GL,31/111,Rare,RR
Rhyperior E4,32/111,Rare,RR
Snorlax,33/111,Rare,RR
Vaporeon,34/111,Rare,RR
Vespiquen E4,35/111,Rare,RR
Walrein,36/111,Rare,RR
Yanmega E4,37/111,Rare,RR
Alakazam E4,38/111,Uncommon,RR
Electrode G,39/111,Uncommon,RR
Gengar GL,40/111,Uncommon,RR
Glaceon,41/111,Uncommon,RR
Hippowdon E4,42/111,Uncommon,RR
Infernape E4,43/111,Uncommon,RR
Lairon,44/111,Uncommon,RR
Leafeon,45/111,Uncommon,RR
Machamp GL,46/111,Uncommon,RR
Rapidash E4,47/111,Uncommon,RR
Scizor E4,48/111,Uncommon,RR
Sharpedo,49/111,Uncommon,RR
Starmie,50/111,Uncommon,RR
Steelix GL,51/111,Uncommon,RR
Tropius,52/111,Uncommon,RR
Vibrava,53/111,Uncommon,RR
Whiscash E4,54/111,Uncommon,RR
Aerodactyl GL,55/111,Common,RR
Ambipom G,56/111,Common,RR
Aron,57/111,Common,RR
Carvanha,58/111,Common,RR
Eevee,59/111,Common,RR
Flareon E4,60/111,Common,RR
Forretress G,61/111,Common,RR
Gliscor E4,62/111,Common,RR
Growlithe,63/111,Common,RR
Hippopotas,64/111,Common,RR
Houndoom E4,65/111,Common,RR
Kakuna,66/111,Common,RR
Kecleon,67/111,Common,RR
Koffing,68/111,Common,RR
Munchlax,69/111,Common,RR
Munchlax,70/111,Common,RR
Nidoran ♀,71/111,Common,RR
Nidoran ♂,72/111,Common,RR
Nidorina,73/111,Common,RR
Nidorino,74/111,Common,RR
Nuzleaf,75/111,Common,RR
Quagsire GL,76/111,Common,RR
Sealeo,77/111,Common,RR
Seedot,78/111,Common,RR
Shellos East Sea,79/111,Common,RR
Shellos West Sea,80/111,Common,RR
Snorlax,81/111,Common,RR
Spheal,82/111,Common,RR
Staryu,83/111,Common,RR
Trapinch,84/111,Common,RR
Turtwig GL,85/111,Common,RR
Weedle,86/111,Common,RR
Weezing,87/111,Common,RR
Aaron's Collection,88/111,Uncommon,RR
Bebe's Search,89/111,Uncommon,RR
Bertha's Warmth,90/111,Uncommon,RR
Flint's Willpower,91/111,Uncommon,RR
Lucian's Assignment,92/111,Uncommon,RR
Pokémon Contest Hall,93/111,Uncommon,RR
Sunyshore City Gym,94/111,Uncommon,RR
Team Galactic's Invention G-107 Technical Machine G,95/111,Uncommon,RR
Team Galactic's Invention G-109 SP Radar,96/111,Uncommon,RR
Underground Expedition,97/111,Uncommon,RR
Volkner's Philosophy,98/111,Uncommon,RR
Darkness Energy,99/111,Uncommon,RR
Metal Energy,100/111,Uncommon,RR
SP Energy,101/111,Uncommon,RR
Upper Energy,102/111,Uncommon,RR
Alakazam E4 LV.X,103/111,Rare Holo LV.X,RR
Floatzel GL LV.X,104/111,Rare Holo LV.X,RR
Flygon LV.X,105/111,Rare Holo LV.X,RR
Gallade E4 LV.X,106/111,Rare Holo LV.X,RR
Hippowdon LV.X,107/111,Rare Holo LV.X,RR
Infernape E4 LV.X,108/111,Rare Holo LV.X,RR
Luxray GL LV.X,109/111,Rare Holo LV.X,RR
Mismagius GL LV.X,110/111,Rare Holo LV.X,RR
Snorlax LV.X,111/111,Rare Holo LV.X,RR
Pikachu,112/111,Rare Secret,RR
Flying Pikachu,113/111,Rare Secret,RR
Surfing Pikachu,114/111,Rare Secret,RR
Fan Rotom,RT1/111,Rare,RR
Frost Rotom,RT2/111,Rare,RR
Heat Rotom,RT3/111,Rare,RR
Mow Rotom,RT4/111,Rare,RR
Wash Rotom,RT5/111,Rare,RR
Charon's Choice,RT6/111,Rare,RR
Absol G,1/147,Rare Holo,SV
Blaziken FB,2/147,Rare Holo,SV
Drifblim FB,3/147,Rare Holo,SV
Electivire FB,4/147,Rare Holo,SV
Garchomp,5/147,Rare Holo,SV
Magmortar,6/147,Rare Holo,SV
Metagross,7/147,Rare Holo,SV
Rayquaza C,8/147,Rare Holo,SV
Regigigas FB,9/147,Rare Holo,SV
Rhyperior,10/147,Rare Holo,SV
Staraptor FB,11/147,Rare Holo,SV
Swampert,12/147,Rare Holo,SV
Venusaur,13/147,Rare Holo,SV
Yanmega,14/147,Rare Holo,SV
Arcanine G,15/147,Rare,SV
Articuno,16/147,Rare,SV
Butterfree FB,17/147,Rare,SV
Camerupt,18/147,Rare,SV
Camerupt G,19/147,Rare,SV
Charizard G,20/147,Rare,SV
Chimecho,21/147,Rare,SV
Claydol,22/147,Rare,SV
Crawdaunt G,23/147,Rare,SV
Dewgong,24/147,Rare,SV
Dodrio,25/147,Rare,SV
Dusknoir FB,26/147,Rare,SV
Empoleon FB,27/147,Rare,SV
Exploud,28/147,Rare,SV
Honchkrow,29/147,Rare,SV
Lickilicky C,30/147,Rare,SV
Lucario C,31/147,Rare,SV
Lunatone,32/147,Rare,SV
Mawile,33/147,Rare,SV
Medicham,34/147,Rare,SV
Milotic C,35/147,Rare,SV
Moltres,36/147,Rare,SV
Mr. Mime,37/147,Rare,SV
Parasect,38/147,Rare,SV
Primeape,39/147,Rare,SV
Roserade C,40/147,Rare,SV
Sableye G,41/147,Rare,SV
Sandslash,42/147,Rare,SV
Seaking,43/147,Rare,SV
Shedinja,44/147,Rare,SV
Solrock,45/147,Rare,SV
Spinda,46/147,Rare,SV
Wailord,47/147,Rare,SV
Zapdos,48/147,Rare,SV
Altaria C,49/147,Uncommon,SV
Arcanine,50/147,Uncommon,SV
Bibarel,51/147,Uncommon,SV
Breloom,52/147,Uncommon,SV
Carnivine,53/147,Uncommon,SV
Chatot G,54/147,Uncommon,SV
Cherrim,55/147,Uncommon,SV
Dragonite FB,56/147,Uncommon,SV
Drifblim,57/147,Uncommon,SV
Floatzel,58/147,Uncommon,SV
Gabite,59/147,Uncommon,SV
Garchomp C,60/147,Uncommon,SV
Hippopotas,61/147,Uncommon,SV
Ivysaur,62/147,Uncommon,SV
Lopunny,63/147,Uncommon,SV
Loudred,64/147,Uncommon,SV
Magmar,65/147,Uncommon,SV
Manectric G,66/147,Uncommon,SV
Marshtomp,67/147,Uncommon,SV
Masquerain,68/147,Uncommon,SV
Metang,69/147,Uncommon,SV
Milotic,70/147,Uncommon,SV
Minun,71/147,Uncommon,SV
Murkrow,72/147,Uncommon,SV
Ninjask,73/147,Uncommon,SV
Numel,74/147,Uncommon,SV
Pinsir,75/147,Uncommon,SV
Plusle,76/147,Uncommon,SV
Raichu,77/147,Uncommon,SV
Raticate G,78/147,Uncommon,SV
Relicanth,79/147,Uncommon,SV
Rhydon,80/147,Uncommon,SV
Roserade,81/147,Uncommon,SV
Rotom,82/147,Uncommon,SV
Skarmory FB,83/147,Uncommon,SV
Spiritomb C,84/147,Uncommon,SV
Staravia,85/147,Uncommon,SV
Togekiss C,86/147,Uncommon,SV
Wailmer,87/147,Uncommon,SV
Yanma,88/147,Uncommon,SV
Baltoy,89/147,Common,SV
Beldum,90/147,Common,SV
Bidoof,91/147,Common,SV
Buizel,92/147,Common,SV
Bulbasaur,93/147,Common,SV
Buneary,94/147,Common,SV
Chatot,95/147,Common,SV
Cherubi,96/147,Common,SV
Chimchar,97/147,Common,SV
Chingling,98/147,Common,SV
Combee,99/147,Common,SV
Corphish,100/147,Common,SV
Croagunk,101/147,Common,SV
Doduo,102/147,Common,SV
Drifloon,103/147,Common,SV
Feebas,104/147,Common,SV
Geodude,105/147,Common,SV
Gible,106/147,Common,SV
Goldeen,107/147,Common,SV
Growlithe,108/147,Common,SV
Kricketot,109/147,Common,SV
Magikarp,110/147,Common,SV
Magnemite,111/147,Common,SV
Mankey,112/147,Common,SV
Meditite,113/147,Common,SV
Meowth,114/147,Common,SV
Mime Jr.,115/147,Common,SV
Mudkip,116/147,Common,SV
Nincada,117/147,Common,SV
Pachirisu,118/147,Common,SV
Paras,119/147,Common,SV
Pikachu,120/147,Common,SV
Piplup,121/147,Common,SV
Rhyhorn,122/147,Common,SV
Roselia,123/147,Common,SV
Sandshrew,124/147,Common,SV
Seel,125/147,Common,SV
Shinx,126/147,Common,SV
Shroomish,127/147,Common,SV
Skorupi,128/147,Common,SV
Starly,129/147,Common,SV
Surskit,130/147,Common,SV
Turtwig,131/147,Common,SV
Whismur,132/147,Common,SV
Zubat,133/147,Common,SV
Battle Tower,134/147,Uncommon,SV
Champion's Room,135/147,Uncommon,SV
Cynthia's Guidance,136/147,Uncommon,SV
Cyrus's Initiative,137/147,Uncommon,SV
Night Teleporter,138/147,Uncommon,SV
Palmer's Contribution,139/147,Uncommon,SV
VS Seeker,140/147,Uncommon,SV
Absol G LV.X,141/147,Rare Holo LV.X,SV
Blaziken FB LV.X,142/147,Rare Holo LV.X,SV
Charizard G LV.X,143/147,Rare Holo LV.X,SV
Electivire FB LV.X,144/147,Rare Holo LV.X,SV
Garchomp C LV.X,145/147,Rare Holo LV.X,SV
Rayquaza C LV.X,146/147,Rare Holo LV.X,SV
Staraptor FB LV.X,147/147,Rare Holo LV.X,SV
Articuno,148/147,Rare Secret,SV
Moltres,149/147,Rare Secret,SV
Zapdos,150/147,Rare Secret,SV
Milotic,SH7/147,Rare,SV
Relicanth,SH8/147,Rare,SV
Yanma,SH9/147,Rare,SV
Blaziken,1/17,Rare,P1
Metagross,2/17,Rare,P1
Rayquaza,3/17,Rare,P1
Sceptile,4/17,Rare,P1
Swampert,5/17,Rare,P1
Beautifly,6/17,Uncommon,P1
Masquerain,7/17,Uncommon,P1
Murkrow,8/17,Uncommon,P1
Pupitar,9/17,Uncommon,P1
Torkoal,10/17,Uncommon,P1
Larvitar,11/17,Common,P1
Minun,12/17,Common,P1
Plusle,13/17,Common,P1
Surskit,14/17,Common,P1
Swellow,15/17,Common,P1
Armaldo ex,16/17,Rare,P1
Tyranitar ex,17/17,Rare,P1
Entei,1/17,Rare,P2
Pidgeot,2/17,Rare,P2
Raikou,3/17,Rare,P2
Suicune,4/17,Rare,P2
Tauros,5/17,Rare,P2
Venusaur,6/17,Rare,P2
Ivysaur,7/17,Uncommon,P2
Mr. Briney's Compassion,8/17,Uncommon,P2
Multi Technical Machine 01,9/17,Uncommon,P2
Pokémon Park,10/17,Uncommon,P2
TV Reporter,11/17,Uncommon,P2
Bulbasaur,12/17,Common,P2
Cacnea,13/17,Common,P2
Luvdisc,14/17,Common,P2
Phanpy,15/17,Common,P2
Pikachu,16/17,Common,P2
Celebi ex,17/17,Rare,P2
Blastoise,1/17,Rare,P3
Flareon,2/17,Rare,P3
Jolteon,3/17,Rare,P3
Minun,4/17,Rare,P3
Plusle,5/17,Rare,P3
Vaporeon,6/17,Rare,P3
Combusken,7/17,Uncommon,P3
Donphan,8/17,Uncommon,P3
Forretress,9/17,Uncommon,P3
High Pressure System,10/17,Uncommon,P3
Low Pressure System,11/17,Uncommon,P3
Ditto,12/17,Common,P3
Eevee,13/17,Common,P3
Ivysaur,14/17,Common,P3
Marshtomp,15/17,Common,P3
Pichu Bros.,16/17,Common,P3
Ho-Oh ex,17/17,Rare,P3
Chimecho δ,1/17,Rare,P4
Deoxys δ,2/17,Rare,P4
Flygon,3/17,Rare,P4
Mew,4/17,Rare,P4
Sceptile,5/17,Rare,P4
Combusken,6/17,Uncommon,P4
Grovyle,7/17,Uncommon,P4
Heal Energy,8/17,Uncommon,P4
Pokémon Fan Club,9/17,Uncommon,P4
Scramble Energy,10/17,Uncommon,P4
Mudkip,11/17,Common,P4
Pidgey,12/17,Common,P4
Pikachu,13/17,Common,P4
Squirtle,14/17,Common,P4
Treecko δ,15/17,Common,P4
Wobbuffet,16/17,Common,P4
Deoxys ex,17/17,Rare,P4
Ho-Oh,1/17,Rare,P5
Lugia,2/17,Rare,P5
Mew δ,3/17,Rare,P5
Double Rainbow Energy,4/17,Rare,P5
Charmeleon δ,5/17,Uncommon,P5
Bill's Maintenance,6/17,Uncommon,P5
Rare Candy,7/17,Uncommon,P5
Boost Energy,8/17,Uncommon,P5
δ Rainbow Energy,9/17,Uncommon,P5
Charmander δ,10/17,Common,P5
Meowth δ,11/17,Common,P5
Pikachu,12/17,Common,P5
Pikachu δ,13/17,Common,P5
Pelipper δ,14/17,Common,P5
Zangoose δ,15/17,Common,P5
Espeon ★,16/17,Rare,P5
Umbreon ★,17/17,Rare,P5
Bastiodon,1/17,Rare,P6
Lucario,2/17,Rare,P6
Manaphy,3/17,Rare,P6
Pachirisu,4/17,Rare,P6
Rampardos,5/17,Rare,P6
Drifloon,6/17,Uncommon,P6
Gible,7/17,Uncommon,P6
Riolu,8/17,Uncommon,P6
Pikachu,9/17,Uncommon,P6
Staravia,10/17,Uncommon,P6
Bidoof,11/17,Common,P6
Buneary,12/17,Common,P6
Cherubi,13/17,Common,P6
Chimchar,14/17,Common,P6
Piplup,15/17,Common,P6
Starly,16/17,Common,P6
Turtwig,17/17,Common,P6
Ampharos,1/17,Rare,P7
Gallade,2/17,Rare,P7
Latias,3/17,Rare,P7
Latios,4/17,Rare,P7
Mothim,5/17,Rare,P7
Delibird,6/17,Uncommon,P7
Flaaffy,7/17,Uncommon,P7
Kirlia,8/17,Uncommon,P7
Stantler,9/17,Uncommon,P7
Wormadam Sandy Cloak,10/17,Uncommon,P7
Burmy Plant Cloak,11/17,Common,P7
Burmy Sandy Cloak,12/17,Common,P7
Corsola,13/17,Common,P7
Mareep,14/17,Common,P7
Ralts,15/17,Common,P7
Sentret,16/17,Common,P7
Spinda,17/17,Common,P7
Heatran,1/17,Rare,P8
Lucario,2/17,Rare,P8
Luxray,3/17,Rare,P8
Probopass,4/17,Rare,P8
Yanmega,5/17,Rare,P8
Cherrim,6/17,Uncommon,P8
Carnivine,7/17,Uncommon,P8
Luxio,8/17,Uncommon,P8
Night Maintenance,9/17,Uncommon,P8
Rare Candy,10/17,Uncommon,P8
Roseanne's Research,11/17,Uncommon,P8
Chimchar,12/17,Common,P8
Croagunk,13/17,Common,P8
Happiny,14/17,Common,P8
Piplup,15/17,Common,P8
Riolu,16/17,Common,P8
Turtwig,17/17,Common,P8
Garchomp,1/17,Rare,P9
Manaphy,2/17,Rare,P9
Raichu,3/17,Rare,P9
Regigigas,4/17,Rare,P9
Rotom,5/17,Rare,P9
Buizel,6/17,Uncommon,P9
Croagunk,7/17,Uncommon,P9
Gabite,8/17,Uncommon,P9
Lopunny,9/17,Uncommon,P9
Pachirisu,10/17,Uncommon,P9
Pichu,11/17,Uncommon,P9
Buneary,12/17,Common,P9
Chimchar,13/17,Common,P9
Gible,14/17,Common,P9
Pikachu,15/17,Common,P9
Piplup,16/17,Common,P9
Turtwig,17/17,Common,P9
Bulbasaur,1/165,Common,MEW
Ivysaur,2/165,Uncommon,MEW
Venusaur ex,3/165,Double Rare,MEW
Charmander,4/165,Common,MEW
Charmeleon,5/165,Uncommon,MEW
Charizard ex,6/165,Double Rare,MEW
Squirtle,7/165,Common,MEW
Wartortle,8/165,Uncommon,MEW
Blastoise ex,9/165,Double Rare,MEW
Caterpie,10/165,Common,MEW
Metapod,11/165,Common,MEW
Butterfree,12/165,Uncommon,MEW
Weedle,13/165,Common,MEW
Kakuna,14/165,Common,MEW
Beedrill,15/165,Rare,MEW
Pidgey,16/165,Common,MEW
Pidgeotto,17/165,Common,MEW
Pidgeot,18/165,Uncommon,MEW
Rattata,19/165,Common,MEW
Raticate,20/165,Uncommon,MEW
Spearow,21/165,Common,MEW
Fearow,22/165,Uncommon,MEW
Ekans,23/165,Common,MEW
Arbok ex,24/165,Double Rare,MEW
Pikachu,25/165,Common,MEW
Raichu,26/165,Rare,MEW
Sandshrew,27/165,Common,MEW
Sandslash,28/165,Uncommon,MEW
Nidoran♀,29/165,Common,MEW
Nidorina,30/165,Uncommon,MEW
Nidoqueen,31/165,Uncommon,MEW
Nidoran♂,32/165,Common,MEW
Nidorino,33/165,Uncommon,MEW
Nidoking,34/165,Rare,MEW
Clefairy,35/165,Common,MEW
Clefable,36/165,Uncommon,MEW
Vulpix,37/165,Common,MEW
Ninetales ex,38/165,Double Rare,MEW
Jigglypuff,39/165,Common,MEW
Wigglytuff ex,40/165,Double Rare,MEW
Zubat,41/165,Common,MEW
Golbat,42/165,Uncommon,MEW
Oddish,43/165,Common,MEW
Gloom,44/165,Uncommon,MEW
Vileplume,45/165,Rare,MEW
Paras,46/165,Common,MEW
Parasect,47/165,Uncommon,MEW
Venonat,48/165,Common,MEW
Venomoth,49/165,Uncommon,MEW
Diglett,50/165,Common,MEW
Dugtrio,51/165,Uncommon,MEW
Meowth,52/165,Common,MEW
Persian,53/165,Uncommon,MEW
Psyduck,54/165,Common,MEW
Golduck,55/165,Uncommon,MEW
Mankey,56/165,Common,MEW
Primeape,57/165,Uncommon,MEW
Growlithe,58/165,Common,MEW
Arcanine,59/165,Uncommon,MEW
Poliwag,60/165,Common,MEW
Poliwhirl,61/165,Common,MEW
Poliwrath,62/165,Uncommon,MEW
Abra,63/165,Common,MEW
Kadabra,64/165,Uncommon,MEW
Alakazam ex,65/165,Double Rare,MEW
Machop,66/165,Common,MEW
Machoke,67/165,Uncommon,MEW
Machamp,68/165,Rare,MEW
Bellsprout,69/165,Common,MEW
Weepinbell,70/165,Common,MEW
Victreebel,71/165,Uncommon,MEW
Tentacool,72/165,Common,MEW
Tentacruel,73/165,Uncommon,MEW
Geodude,74/165,Common,MEW
Graveler,75/165,Uncommon,MEW
Golem ex,76/165,Double Rare,MEW
Ponyta,77/165,Common,MEW
Rapidash,78/165,Uncommon,MEW
Slowpoke,79/165,Common,MEW
Slowbro,80/165,Uncommon,MEW
Magnemite,81/165,Common,MEW
Magneton,82/165,Uncommon,MEW
Farfetch'd,83/165,Common,MEW
Doduo,84/165,Common,MEW
Dodrio,85/165,Rare,MEW
Seel,86/165,Common,MEW
Dewgong,87/165,Uncommon,MEW
Grimer,88/165,Common,MEW
Muk,89/165,Uncommon,MEW
Shellder,90/165,Common,MEW
Cloyster,91/165,Uncommon,MEW
Gastly,92/165,Common,MEW
Haunter,93/165,Uncommon,MEW
Gengar,94/165,Rare,MEW
Onix,95/165,Uncommon,MEW
Drowzee,96/165,Common,MEW
Hypno,97/165,Uncommon,MEW
Krabby,98/165,Common,MEW
Kingler,99/165,Uncommon,MEW
Voltorb,100/165,Common,MEW
Electrode,101/165,Rare,MEW
Exeggcute,102/165,Common,MEW
Exeggutor,103/165,Uncommon,MEW
Cubone,104/165,Common,MEW
Marowak,105/165,Rare,MEW
Hitmonlee,106/165,Uncommon,MEW
Hitmonchan,107/165,Uncommon,MEW
Lickitung,108/165,Common,MEW
Koffing,109/165,Common,MEW
Weezing,110/165,Rare,MEW
Rhyhorn,111/165,Common,MEW
Rhydon,112/165,Uncommon,MEW
Chansey,113/165,Rare,MEW
Tangela,114/165,Common,MEW
Kangaskhan ex,115/165,Double Rare,MEW
Horsea,116/165,Common,MEW
Seadra,117/165,Uncommon,MEW
Goldeen,118/165,Common,MEW
Seaking,119/165,Uncommon,MEW
Staryu,120/165,Common,MEW
Starmie,121/165,Rare,MEW
Mr. Mime,122/165,Rare,MEW
Scyther,123/165,Uncommon,MEW
Jynx ex,124/165,Double Rare,MEW
Electabuzz,125/165,Common,MEW
Magmar,126/165,Common,MEW
Pinsir,127/165,Uncommon,MEW
Tauros,128/165,Uncommon,MEW
Magikarp,129/165,Common,MEW
Gyarados,130/165,Rare,MEW
Lapras,131/165,Uncommon,MEW
Ditto,132/165,Rare,MEW
Eevee,133/165,Common,MEW
Vaporeon,134/165,Rare,MEW
Jolteon,135/165,Rare,MEW
Flareon,136/165,Rare,MEW
Porygon,137/165,Common,MEW
Omanyte,138/165,Uncommon,MEW
Omastar,139/165,Rare,MEW
Kabuto,140/165,Uncommon,MEW
Kabutops,141/165,Rare,MEW
Aerodactyl,142/165,Rare,MEW
Snorlax,143/165,Uncommon,MEW
Articuno,144/165,Rare,MEW
Zapdos ex,145/165,Double Rare,MEW
Moltres,146/165,Rare,MEW
Dratini,147/165,Common,MEW
Dragonair,148/165,Uncommon,MEW
Dragonite,149/165,Rare,MEW
Mewtwo,150/165,Rare,MEW
Mew ex,151/165,Double Rare,MEW
Fóssil Cúpula Arcaico,152/165,Common,MEW
Fóssil Espiral Arcaico,153/165,Common,MEW
Âmbar Velho Arcaico,154/165,Common,MEW
Grande Balão de Ar,155/165,Uncommon,MEW
Transferência do Bill,156/165,Uncommon,MEW
Ciclovia,157/165,Uncommon,MEW
Ajuda da Daisy,158/165,Uncommon,MEW
Adesivo de Energia,159/165,Uncommon,MEW
Convite da Érica,160/165,Uncommon,MEW
Carisma do Giovanni,161/165,Uncommon,MEW
Apanhador,162/165,Uncommon,MEW
Sobras,163/165,Uncommon,MEW
Óculos Protetores,164/165,Uncommon,MEW
Faixa da Rigidez,165/165,Uncommon,MEW
Bulbasaur,166/165,Illustration Rare,MEW
Ivysaur,167/165,Illustration Rare,MEW
Charmander,168/165,Illustration Rare,MEW
Charmeleon,169/165,Illustration Rare,MEW
Squirtle,170/165,Illustration Rare,MEW
Wartortle,171/165,Illustration Rare,MEW
Caterpie,172/165,Illustration Rare,MEW
Pikachu,173/165,Illustration Rare,MEW
Nidoking,174/165,Illustration Rare,MEW
Psyduck,175/165,Illustration Rare,MEW
Poliwhirl,176/165,Illustration Rare,MEW
Machoke,177/165,Illustration Rare,MEW
Tangela,178/165,Illustration Rare,MEW
Mr. Mime,179/165,Illustration Rare,MEW
Omanyte,180/165,Illustration Rare,MEW
Dragonair,181/165,Illustration Rare,MEW
Venusaur ex,182/165,Ultra Rare,MEW
Charizard ex,183/165,Ultra Rare,MEW
Blastoise ex,184/165,Ultra Rare,MEW
Arbok ex,185/165,Ultra Rare,MEW
Ninetales ex,186/165,Ultra Rare,MEW
Wigglytuff ex,187/165,Ultra Rare,MEW
Alakazam ex,188/165,Ultra Rare,MEW
Golem ex,189/165,Ultra Rare,MEW
Kangaskhan ex,190/165,Ultra Rare,MEW
Jynx ex,191/165,Ultra Rare,MEW
Zapdos ex,192/165,Ultra Rare,MEW
Mew ex,193/165,Ultra Rare,MEW
Transferência do Bill,194/165,Ultra Rare,MEW
Ajuda da Daisy,195/165,Ultra Rare,MEW
Convite da Érica,196/165,Ultra Rare,MEW
Carisma do Giovanni,197/165,Ultra Rare,MEW
Venusaur ex,198/165,Special Illustration Rare,MEW
Charizard ex,199/165,Special Illustration Rare,MEW
Blastoise ex,200/165,Special Illustration Rare,MEW
Alakazam ex,201/165,Special Illustration Rare,MEW
Zapdos ex,202/165,Special Illustration Rare,MEW
Convite da Érica,203/165,Special Illustration Rare,MEW
Carisma do Giovanni,204/165,Special Illustration Rare,MEW
Mew ex,205/165,Hyper Rare,MEW
Substituição,206/165,Hyper Rare,MEW
Energia Psychic Básica,207/165,Hyper Rare,MEW
Snivy,1/86,Common,BLK
Servine,2/86,Common,BLK
Serperior ex,3/86,Double Rare,BLK
Pansage,4/86,Common,BLK
Simisage,5/86,Uncommon,BLK
Petilil,6/86,Common,BLK
Lilligant,7/86,Uncommon,BLK
Maractus,8/86,Common,BLK
Karrablast,9/86,Common,BLK
Foongus,10/86,Common,BLK
Amoonguss,11/86,Uncommon,BLK
Victini,12/86,Rare,BLK
Darumaka,13/86,Common,BLK
Darmanitan,14/86,Uncommon,BLK
Larvesta,15/86,Common,BLK
Volcarona,16/86,Rare,BLK
Panpour,17/86,Common,BLK
Simipour,18/86,Uncommon,BLK
Tympole,19/86,Common,BLK
Palpitoad,20/86,Common,BLK
Seismitoad,21/86,Uncommon,BLK
Tirtouga,22/86,Uncommon,BLK
Carracosta,23/86,Rare,BLK
Alomomola,24/86,Uncommon,BLK
Cubchoo,25/86,Common,BLK
Beartic,26/86,Rare,BLK
Cryogonal,27/86,Uncommon,BLK
Kyurem ex,28/86,Double Rare,BLK
Emolga,29/86,Common,BLK
Tynamo,30/86,Common,BLK
Eelektrik,31/86,Uncommon,BLK
Eelektross,32/86,Uncommon,BLK
Thundurus,33/86,Rare,BLK
Zekrom ex,34/86,Double Rare,BLK
Munna,35/86,Common,BLK
Musharna,36/86,Uncommon,BLK
Solosis,37/86,Common,BLK
Duosion,38/86,Common,BLK
Reuniclus,39/86,Uncommon,BLK
Elgyem,40/86,Common,BLK
Beheeyem,41/86,Uncommon,BLK
Golett,42/86,Common,BLK
Golurk,43/86,Uncommon,BLK
Meloetta ex,44/86,Double Rare,BLK
Drilbur,45/86,Common,BLK
Excadrill ex,46/86,Double Rare,BLK
Timburr,47/86,Common,BLK
Gurdurr,48/86,Common,BLK
Conkeldurr,49/86,Rare,BLK
Throh,50/86,Uncommon,BLK
Dwebble,51/86,Common,BLK
Crustle,52/86,Uncommon,BLK
Landorus,53/86,Rare,BLK
Venipede,54/86,Common,BLK
Whirlipede,55/86,Common,BLK
Scolipede,56/86,Uncommon,BLK
Sandile,57/86,Common,BLK
Krokorok,58/86,Common,BLK
Krookodile,59/86,Uncommon,BLK
Escavalier,60/86,Uncommon,BLK
Klink,61/86,Common,BLK
Klang,62/86,Common,BLK
Klinklang,63/86,Rare,BLK
Pawniard,64/86,Common,BLK
Bisharp,65/86,Uncommon,BLK
Cobalion,66/86,Rare,BLK
Genesect ex,67/86,Double Rare,BLK
Axew,68/86,Common,BLK
Fraxure,69/86,Common,BLK
Haxorus,70/86,Rare,BLK
Pidove,71/86,Common,BLK
Tranquill,72/86,Common,BLK
Unfezant,73/86,Uncommon,BLK
Audino,74/86,Common,BLK
Minccino,75/86,Common,BLK
Cinccino,76/86,Uncommon,BLK
Rufflet,77/86,Common,BLK
Braviary,78/86,Uncommon,BLK
Balão de Ar,79/86,Uncommon,BLK
Escavalier,60/86,Common,BLK
Moeda Energética,81/86,Uncommon,BLK
Fennel,82/86,Uncommon,BLK
Plano do N,83/86,Uncommon,BLK
Pokégear 3.0,84/86,Uncommon,BLK
Pesquisa de Professores,85/86,Uncommon,BLK
Energia de Prisma,86/86,Uncommon,BLK
Snivy,87/86,Illustration Rare,BLK
Servine,88/86,Illustration Rare,BLK
Pansage,89/86,Illustration Rare,BLK
Simisage,90/86,Illustration Rare,BLK
Petilil,91/86,Illustration Rare,BLK
Lilligant,92/86,Illustration Rare,BLK
Maractus,93/86,Illustration Rare,BLK
Karrablast,94/86,Illustration Rare,BLK
Foongus,95/86,Illustration Rare,BLK
Amoonguss,96/86,Illustration Rare,BLK
Darumaka,97/86,Illustration Rare,BLK
Darmanitan,98/86,Illustration Rare,BLK
Larvesta,99/86,Illustration Rare,BLK
Volcarona,100/86,Illustration Rare,BLK
Panpour,101/86,Illustration Rare,BLK
Simipour,102/86,Illustration Rare,BLK
Tympole,103/86,Illustration Rare,BLK
Palpitoad,104/86,Illustration Rare,BLK
Seismitoad,105/86,Illustration Rare,BLK
Tirtouga,106/86,Illustration Rare,BLK
Carracosta,107/86,Illustration Rare,BLK
Alomomola,108/86,Illustration Rare,BLK
Cubchoo,109/86,Illustration Rare,BLK
Beartic,110/86,Illustration Rare,BLK
Cryogonal,111/86,Illustration Rare,BLK
Emolga,112/86,Illustration Rare,BLK
Tynamo,113/86,Illustration Rare,BLK
Eelektrik,114/86,Illustration Rare,BLK
Eelektross,115/86,Illustration Rare,BLK
Munna,116/86,Illustration Rare,BLK
Musharna,117/86,Illustration Rare,BLK
Solosis,118/86,Illustration Rare,BLK
Duosion,119/86,Illustration Rare,BLK
Elgyem,120/86,Illustration Rare,BLK
Beheeyem,121/86,Illustration Rare,BLK
Golett,122/86,Illustration Rare,BLK
Golurk,123/86,Illustration Rare,BLK
Drilbur,124/86,Illustration Rare,BLK
Timburr,125/86,Illustration Rare,BLK
Gurdurr,126/86,Illustration Rare,BLK
Conkeldurr,127/86,Illustration Rare,BLK
Throh,128/86,Illustration Rare,BLK
Dwebble,129/86,Illustration Rare,BLK
Crustle,130/86,Illustration Rare,BLK
Landorus,131/86,Illustration Rare,BLK
Venipede,132/86,Illustration Rare,BLK
Whirlipede,133/86,Illustration Rare,BLK
Scolipede,134/86,Illustration Rare,BLK
Sandile,135/86,Illustration Rare,BLK
Krokorok,136/86,Illustration Rare,BLK
Krookodile,137/86,Illustration Rare,BLK
Escavalier,138/86,Illustration Rare,BLK
Klink,139/86,Illustration Rare,BLK
Klang,140/86,Illustration Rare,BLK
Klinklang,141/86,Illustration Rare,BLK
Pawniard,142/86,Illustration Rare,BLK
Bisharp,143/86,Illustration Rare,BLK
Cobalion,144/86,Illustration Rare,BLK
Axew,145/86,Illustration Rare,BLK
Fraxure,146/86,Illustration Rare,BLK
Haxorus,147/86,Illustration Rare,BLK
Pidove,148/86,Illustration Rare,BLK
Tranquill,149/86,Illustration Rare,BLK
Unfezant,150/86,Illustration Rare,BLK
Audino,151/86,Illustration Rare,BLK
Minccino,152/86,Illustration Rare,BLK
Cinccino,153/86,Illustration Rare,BLK
Rufflet,154/86,Illustration Rare,BLK
Braviary,155/86,Illustration Rare,BLK
Serperior ex,156/86,Ultra Rare,BLK
Kyurem ex,157/86,Ultra Rare,BLK
Zekrom ex,158/86,Ultra Rare,BLK
Meloetta ex,159/86,Ultra Rare,BLK
Excadrill ex,160/86,Ultra Rare,BLK
Genesect ex,161/86,Ultra Rare,BLK
Fennel,162/86,Ultra Rare,BLK
Plano do N,163/86,Ultra Rare,BLK
Serperior ex,164/86,Special Illustration Rare,BLK
Kyurem ex,165/86,Special Illustration Rare,BLK
Zekrom ex,166/86,Special Illustration Rare,BLK
Meloetta ex,167/86,Special Illustration Rare,BLK
Excadrill ex,168/86,Special Illustration Rare,BLK
Genesect ex,169/86,Special Illustration Rare,BLK
Plano do N,170/86,Special Illustration Rare,BLK
Victini,171/86,Rare,BLK
Zekrom ex,172/86,Black White Rare,BLK
Pinsir do Ethan,1/182,Uncommon,DRI
Yanma,2/182,Common,DRI
Yanmega ex,3/182,Double Rare,DRI
Pineco,4/182,Common,DRI
Shroomish,5/182,Common,DRI
Breloom,6/182,Common,DRI
Roselia da Cíntia,7/182,Common,DRI
Roserade da Cíntia,8/182,Rare,DRI
Rotom Corte,9/182,Common,DRI
Shaymin,10/182,Uncommon,DRI
Dwebble,11/182,Common,DRI
Crustle,12/182,Rare,DRI
Fomantis,13/182,Common,DRI
Lurantis,14/182,Uncommon,DRI
Blipbug da Equipe Rocket,15/182,Common,DRI
Applin,16/182,Common,DRI
Dipplin,17/182,Common,DRI
Hydrapple,18/182,Rare,DRI
Tarountula da Equipe Rocket,19/182,Common,DRI
Spidops da Equipe Rocket,20/182,Rare,DRI
Smoliv,21/182,Common,DRI
Dolliv,22/182,Common,DRI
Arboliva ex,23/182,Double Rare,DRI
Rellor,24/182,Common,DRI
Rabsca ex,25/182,Double Rare,DRI
Ogerpon Máscara Turquesa,26/182,Uncommon,DRI
Growlithe,27/182,Common,DRI
Arcanine,28/182,Uncommon,DRI
Ponyta,29/182,Common,DRI
Rapidash,30/182,Uncommon,DRI
Moltres ex da Equipe Rocket,31/182,Double Rare,DRI
Cyndaquil do Ethan,32/182,Common,DRI
Quilava do Ethan,33/182,Common,DRI
Typhlosion do Ethan,34/182,Rare,DRI
Slugma do Ethan,35/182,Common,DRI
Magcargo do Ethan,36/182,Rare,DRI
Houndour da Equipe Rocket,37/182,Common,DRI
Houndoom da Equipe Rocket,38/182,Uncommon,DRI
Ho-Oh ex do Ethan,39/182,Double Rare,DRI
Torchic,40/182,Common,DRI
Combusken,41/182,Common,DRI
Blaziken,42/182,Rare,DRI
Rotom Calor,43/182,Common,DRI
Ogerpon Máscara Fornalha,44/182,Uncommon,DRI
Psyduck da Misty,45/182,Uncommon,DRI
Staryu da Misty,46/182,Common,DRI
Starmie da Misty,47/182,Uncommon,DRI
Magikarp da Misty,48/182,Common,DRI
Gyarados da Misty,49/182,Rare,DRI
Lapras da Misty,50/182,Common,DRI
Articuno da Equipe Rocket,51/182,Rare,DRI
Feebas da Cíntia,52/182,Common,DRI
Milotic da Cíntia,53/182,Uncommon,DRI
Clamperl,54/182,Common,DRI
Huntail,55/182,Uncommon,DRI
Gorebyss,56/182,Rare,DRI
Buizel,57/182,Common,DRI
Floatzel,58/182,Uncommon,DRI
Snover,59/182,Common,DRI
Abomasnow,60/182,Uncommon,DRI
Rotom Lavagem,61/182,Common,DRI
Arrokuda,62/182,Common,DRI
Barraskewda,63/182,Uncommon,DRI
Cetoddle,64/182,Common,DRI
Cetitan ex,65/182,Double Rare,DRI
Dondozo ex,66/182,Double Rare,DRI
Ogerpon Máscara Nascente,67/182,Uncommon,DRI
Electabuzz,68/182,Common,DRI
Electivire ex,69/182,Double Rare,DRI
Zapdos da Equipe Rocket,70/182,Rare,DRI
Pichu do Ethan,71/182,Common,DRI
Mareep da Equipe Rocket,72/182,Common,DRI
Flaaffy da Equipe Rocket,73/182,Common,DRI
Ampharos da Equipe Rocket,74/182,Uncommon,DRI
Electrike,75/182,Common,DRI
Manectric,76/182,Uncommon,DRI
Rotom,77/182,Common,DRI
Zeraora,78/182,Rare,DRI
Drowzee da Equipe Rocket,79/182,Common,DRI
Hypno da Equipe Rocket,80/182,Uncommon,DRI
Mewtwo ex da Equipe Rocket,81/182,Double Rare,DRI
Wobbuffet da Equipe Rocket,82/182,Rare,DRI
Baltoy do Steven,83/182,Common,DRI
Claydol do Steven,84/182,Uncommon,DRI
Chingling da Equipe Rocket,85/182,Common,DRI
Carbink do Steven,86/182,Common,DRI
Mimikyu da Equipe Rocket,87/182,Uncommon,DRI
Dottler da Equipe Rocket,88/182,Common,DRI
Orbeetle da Equipe Rocket,89/182,Uncommon,DRI
Mankey,90/182,Common,DRI
Primeape,91/182,Common,DRI
Annihilape,92/182,Rare,DRI
Sudowoodo do Ethan,93/182,Common,DRI
Larvitar da Equipe Rocket,94/182,Common,DRI
Pupitar da Equipe Rocket,95/182,Common,DRI
Tyranitar da Equipe Rocket,96/182,Rare,DRI
Nosepass,97/182,Common,DRI
Probopass,98/182,Uncommon,DRI
Meditite,99/182,Common,DRI
Medicham,100/182,Uncommon,DRI
Regirock ex,101/182,Double Rare,DRI
Gible da Cíntia,102/182,Common,DRI
Gabite da Cíntia,103/182,Common,DRI
Garchomp ex da Cíntia,104/182,Double Rare,DRI
Hippopotas,105/182,Common,DRI
Hippowdon,106/182,Uncommon,DRI
Mudbray,107/182,Common,DRI
Mudsdale,108/182,Uncommon,DRI
Toedscool do Arven,109/182,Common,DRI
Toedscruel do Arven,110/182,Uncommon,DRI
Ogerpon Máscara Alicerce,111/182,Uncommon,DRI
Ekans da Equipe Rocket,112/182,Common,DRI
Arbok da Equipe Rocket,113/182,Uncommon,DRI
Nidoran♀ da Equipe Rocket,114/182,Common,DRI
Nidorina da Equipe Rocket,115/182,Common,DRI
Nidoqueen da Equipe Rocket,116/182,Uncommon,DRI
Nidoran♂ da Equipe Rocket,117/182,Common,DRI
Nidorino da Equipe Rocket,118/182,Common,DRI
Nidoking ex da Equipe Rocket,119/182,Double Rare,DRI
Zubat da Equipe Rocket,120/182,Common,DRI
Golbat da Equipe Rocket,121/182,Uncommon,DRI
Crobat ex da Equipe Rocket,122/182,Double Rare,DRI
Grimer da Equipe Rocket,123/182,Common,DRI
Muk da Equipe Rocket,124/182,Uncommon,DRI
Koffing da Equipe Rocket,125/182,Common,DRI
Weezing da Equipe Rocket,126/182,Uncommon,DRI
Murkrow da Equipe Rocket,127/182,Uncommon,DRI
Sneasel da Equipe Rocket,128/182,Rare,DRI
Spiritomb da Cíntia,129/182,Uncommon,DRI
Purrloin da Marine,130/182,Common,DRI
Liepard da Marine,131/182,Uncommon,DRI
Scraggy da Marine,132/182,Common,DRI
Scrafty da Marine,133/182,Uncommon,DRI
Impidimp da Marine,134/182,Common,DRI
Morgrem da Marine,135/182,Uncommon,DRI
Grimmsnarl ex da Marine,136/182,Double Rare,DRI
Morpeko da Marine,137/182,Common,DRI
Maschiff do Arven,138/182,Common,DRI
Mabosstiff ex do Arven,139/182,Double Rare,DRI
Forretress,140/182,Uncommon,DRI
Skarmory,141/182,Common,DRI
Skarmory do Steven,142/182,Common,DRI
Beldum do Steven,143/182,Common,DRI
Metang do Steven,144/182,Uncommon,DRI
Metagross ex do Steven,145/182,Double Rare,DRI
Zamazenta,146/182,Rare,DRI
Rattata da Equipe Rocket,147/182,Common,DRI
Raticate da Equipe Rocket,148/182,Common,DRI
Meowth da Equipe Rocket,149/182,Common,DRI
Persian ex da Equipe Rocket,150/182,Double Rare,DRI
Kangaskhan,151/182,Common,DRI
Tauros,152/182,Common,DRI
Porygon da Equipe Rocket,153/182,Common,DRI
Porygon2 da Equipe Rocket,154/182,Common,DRI
Porygon-Z da Equipe Rocket,155/182,Uncommon,DRI
Taillow,156/182,Common,DRI
Swellow,157/182,Common,DRI
Skwovet do Arven,158/182,Common,DRI
Greedent do Arven,159/182,Rare,DRI
Squawkabilly,160/182,Common,DRI
Sanduíche do Arven,161/182,Uncommon,DRI
Peso de Poder da Cíntia,162/182,Uncommon,DRI
Hype da Emcee,163/182,Common,DRI
Reciclador de Energia,164/182,Uncommon,DRI
Aventura do Ethan,165/182,Uncommon,DRI
Caverna de Granito,166/182,Uncommon,DRI
Juiz,167/182,Uncommon,DRI
Cinza Sagrada,168/182,Uncommon,DRI
Ginásio de Spikemuth,169/182,Uncommon,DRI
Apollo da Equipe Rocket,170/182,Uncommon,DRI
Athena da Equipe Rocket,171/182,Uncommon,DRI
Azucrinabot da Equipe Rocket,172/182,Uncommon,DRI
Fábrica da Equipe Rocket,173/182,Uncommon,DRI
Giovanni da Equipe Rocket,174/182,Uncommon,DRI
Grande Bola da Equipe Rocket,175/182,Uncommon,DRI
Petrel da Equipe Rocket,176/182,Uncommon,DRI
Próton da Equipe Rocket,177/182,Uncommon,DRI
Transmissor da Equipe Rocket,178/182,Uncommon,DRI
Bomba de Risco da Equipe Rocket,179/182,Uncommon,DRI
Torre de Vigia da Equipe Rocket,180/182,Uncommon,DRI
Máquina de MT,181/182,Uncommon,DRI
Energia da Equipe Rocket,182/182,Uncommon,DRI
Yanma,183/182,Illustration Rare,DRI
Roserade da Cíntia,184/182,Illustration Rare,DRI
Shaymin,185/182,Illustration Rare,DRI
Crustle,186/182,Illustration Rare,DRI
Spidops da Equipe Rocket,187/182,Illustration Rare,DRI
Hydrapple,188/182,Illustration Rare,DRI
Rapidash,189/182,Illustration Rare,DRI
Typhlosion do Ethan,190/182,Illustration Rare,DRI
Houndoom da Equipe Rocket,191/182,Illustration Rare,DRI
Blaziken,192/182,Illustration Rare,DRI
Psyduck da Misty,193/182,Illustration Rare,DRI
Lapras da Misty,194/182,Illustration Rare,DRI
Clamperl,195/182,Illustration Rare,DRI
Electrike,196/182,Illustration Rare,DRI
Rotom,197/182,Illustration Rare,DRI
Orbeetle da Equipe Rocket,198/182,Illustration Rare,DRI
Weezing da Equipe Rocket,199/182,Illustration Rare,DRI
Murkrow da Equipe Rocket,200/182,Illustration Rare,DRI
Zamazenta,201/182,Illustration Rare,DRI
Raticate da Equipe Rocket,202/182,Illustration Rare,DRI
Meowth da Equipe Rocket,203/182,Illustration Rare,DRI
Kangaskhan,204/182,Illustration Rare,DRI
Greedent do Arven,205/182,Illustration Rare,DRI
Yanmega ex,206/182,Ultra Rare,DRI
Arboliva ex,207/182,Ultra Rare,DRI
Moltres ex da Equipe Rocket,208/182,Ultra Rare,DRI
Ho-Oh ex do Ethan,209/182,Ultra Rare,DRI
Cetitan ex,210/182,Ultra Rare,DRI
Dondozo ex,211/182,Ultra Rare,DRI
Electivire ex,212/182,Ultra Rare,DRI
Mewtwo ex da Equipe Rocket,213/182,Ultra Rare,DRI
Regirock ex,214/182,Ultra Rare,DRI
Garchomp ex da Cíntia,215/182,Ultra Rare,DRI
Nidoking ex da Equipe Rocket,216/182,Ultra Rare,DRI
Crobat ex da Equipe Rocket,217/182,Ultra Rare,DRI
Mabosstiff ex do Arven,218/182,Ultra Rare,DRI
Persian ex da Equipe Rocket,219/182,Ultra Rare,DRI
Hype da Emcee,220/182,Ultra Rare,DRI
Aventura do Ethan,221/182,Ultra Rare,DRI
Juiz,222/182,Ultra Rare,DRI
Apollo da Equipe Rocket,223/182,Ultra Rare,DRI
Athena da Equipe Rocket,224/182,Ultra Rare,DRI
Giovanni da Equipe Rocket,225/182,Ultra Rare,DRI
Petrel da Equipe Rocket,226/182,Ultra Rare,DRI
Próton da Equipe Rocket,227/182,Ultra Rare,DRI
Yanmega ex,228/182,Special Illustration Rare,DRI
Moltres ex da Equipe Rocket,229/182,Special Illustration Rare,DRI
Ho-Oh ex do Ethan,230/182,Special Illustration Rare,DRI
Mewtwo ex da Equipe Rocket,231/182,Special Illustration Rare,DRI
Garchomp ex da Cíntia,232/182,Special Illustration Rare,DRI
Nidoking ex da Equipe Rocket,233/182,Special Illustration Rare,DRI
Crobat ex da Equipe Rocket,234/182,Special Illustration Rare,DRI
Mabosstiff ex do Arven,235/182,Special Illustration Rare,DRI
Aventura do Ethan,236/182,Special Illustration Rare,DRI
Athena da Equipe Rocket,237/182,Special Illustration Rare,DRI
Giovanni da Equipe Rocket,238/182,Special Illustration Rare,DRI
Ho-Oh ex do Ethan,239/182,Hyper Rare,DRI
Mewtwo ex da Equipe Rocket,240/182,Hyper Rare,DRI
Garchomp ex da Cíntia,241/182,Hyper Rare,DRI
Crobat ex da Equipe Rocket,242/182,Hyper Rare,DRI
Torre de Interferência,243/182,Hyper Rare,DRI
Levincia,244/182,Hyper Rare,DRI
Caterpie,1/159,Common,JTG
Metapod,2/159,Common,JTG
Butterfree,3/159,Rare,JTG
Paras,4/159,Common,JTG
Parasect,5/159,Common,JTG
Petilil,6/159,Common,JTG
Lilligant,7/159,Common,JTG
Maractus,8/159,Uncommon,JTG
Karrablast,9/159,Common,JTG
Foongus,10/159,Common,JTG
Amoonguss ex,11/159,Double Rare,JTG
Shelmet,12/159,Common,JTG
Accelgor,13/159,Uncommon,JTG
Durant,14/159,Common,JTG
Virizion,15/159,Uncommon,JTG
Sprigatito,16/159,Common,JTG
Floragato,17/159,Common,JTG
Meowscarada,18/159,Rare,JTG
Nymble,19/159,Common,JTG
Magmar,20/159,Common,JTG
Magmortar,21/159,Rare,JTG
Torchic,22/159,Common,JTG
Combusken,23/159,Uncommon,JTG
Blaziken ex,24/159,Double Rare,JTG
Torkoal,25/159,Common,JTG
Darumaka do N,26/159,Common,JTG
Darmanitan do N,27/159,Uncommon,JTG
Larvesta,28/159,Common,JTG
Volcarona,29/159,Uncommon,JTG
Reshiram ex,30/159,Double Rare,JTG
Volcanion ex,31/159,Double Rare,JTG
Articuno,32/159,Uncommon,JTG
Remoraid,33/159,Common,JTG
Octillery,34/159,Uncommon,JTG
Lotad,35/159,Common,JTG
Lombre,36/159,Common,JTG
Ludicolo,37/159,Rare,JTG
Wingull,38/159,Common,JTG
Pelipper,39/159,Uncommon,JTG
Wailmer,40/159,Common,JTG
Wailord,41/159,Rare,JTG
Regice,42/159,Uncommon,JTG
Veluza ex,43/159,Double Rare,JTG
Geodude de Alola,44/159,Common,JTG
Graveler de Alola,45/159,Common,JTG
Golem de Alola,46/159,Uncommon,JTG
Voltorb da Kissera,47/159,Common,JTG
Electrode da Kissera,48/159,Uncommon,JTG
Joltik do N,49/159,Common,JTG
Togedemaru,50/159,Common,JTG
Tapu Koko ex,51/159,Double Rare,JTG
Tadbulb da Kissera,52/159,Common,JTG
Bellibolt ex da Kissera,53/159,Double Rare,JTG
Wattrel da Kissera,54/159,Common,JTG
Kilowattrel da Kissera,55/159,Rare,JTG
Clefairy ex da Lílian,56/159,Double Rare,JTG
Marowak de Alola,57/159,Uncommon,JTG
Mr. Mime,58/159,Common,JTG
Shuppet,59/159,Common,JTG
Banette,60/159,Uncommon,JTG
Beldum,61/159,Common,JTG
Metang,62/159,Common,JTG
Metagross,63/159,Rare,JTG
Sigilyph do N,64/159,Common,JTG
Oricorio,65/159,Common,JTG
Cutiefly da Lílian,66/159,Common,JTG
Ribombee da Lílian,67/159,Rare,JTG
Comfey da Lílian,68/159,Common,JTG
Mimikyu ex,69/159,Double Rare,JTG
Dhelmise,70/159,Common,JTG
Impidimp,71/159,Common,JTG
Morgrem,72/159,Common,JTG
Grimmsnarl,73/159,Uncommon,JTG
Milcery,74/159,Common,JTG
Alcremie ex,75/159,Double Rare,JTG
Cubone,76/159,Common,JTG
Swinub,77/159,Common,JTG
Piloswine,78/159,Common,JTG
Mamoswine ex,79/159,Double Rare,JTG
Larvitar,80/159,Common,JTG
Pupitar,81/159,Common,JTG
Regirock,82/159,Rare,JTG
Pancham,83/159,Common,JTG
Rockruff,84/159,Common,JTG
Lycanroc,85/159,Rare,JTG
Silicobra do Lupo,86/159,Common,JTG
Sandaconda do Lupo,87/159,Uncommon,JTG
Toedscool,88/159,Common,JTG
Toedscruel,89/159,Uncommon,JTG
Klawf,90/159,Uncommon,JTG
Koffing,91/159,Common,JTG
Weezing,92/159,Uncommon,JTG
Wooper de Paldea,93/159,Common,JTG
Clodsire de Paldea ex,94/159,Double Rare,JTG
Tyranitar,95/159,Rare,JTG
Purrloin do N,96/159,Common,JTG
Zorua do N,97/159,Common,JTG
Zoroark ex do N,98/159,Double Rare,JTG
Pangoro,99/159,Uncommon,JTG
Lokix,100/159,Uncommon,JTG
Bombirdier,101/159,Common,JTG
Escavalier,102/159,Uncommon,JTG
Klink do N,103/159,Common,JTG
Klang do N,104/159,Common,JTG
Klinklang do N,105/159,Uncommon,JTG
Stunfisk de Galar,106/159,Common,JTG
Magearna,107/159,Rare,JTG
Corviknight do Lupo,108/159,Uncommon,JTG
Cufant,109/159,Common,JTG
Copperajah,110/159,Uncommon,JTG
Zacian ex do Lupo,111/159,Double Rare,JTG
Bagon,112/159,Common,JTG
Shelgon,113/159,Common,JTG
Salamence ex,114/159,Double Rare,JTG
Druddigon,115/159,Common,JTG
Reshiram do N,116/159,Rare,JTG
Snorlax do Lupo,117/159,Rare,JTG
Sentret,118/159,Common,JTG
Furret,119/159,Common,JTG
Dunsparce,120/159,Common,JTG
Dudunsparce ex,121/159,Double Rare,JTG
Kecleon,122/159,Common,JTG
Tropius,123/159,Common,JTG
Audino,124/159,Common,JTG
Minccino,125/159,Common,JTG
Cinccino,126/159,Uncommon,JTG
Noibat,127/159,Common,JTG
Noivern,128/159,Rare,JTG
Komala,129/159,Common,JTG
Drampa,130/159,Common,JTG
Skwovet,131/159,Common,JTG
Greedent,132/159,Uncommon,JTG
Rookidee do Lupo,133/159,Common,JTG
Corvisquire do Lupo,134/159,Common,JTG
Wooloo do Lupo,135/159,Common,JTG
Dubwool do Lupo,136/159,Rare,JTG
Cramorant,137/159,Common,JTG
Cramorant do Lupo,138/159,Uncommon,JTG
Lechonk,139/159,Common,JTG
Oinkologne,140/159,Uncommon,JTG
Squawkabilly,141/159,Common,JTG
Abílio e Onara,142/159,Common,JTG
Treino de Faixa Preta,143/159,Common,JTG
Treino de Faixa Preta,144/159,Common,JTG
Treino de Faixa Preta,145/159,Common,JTG
Busca do Brock,146/159,Uncommon,JTG
Bolsa do Lupo,147/159,Uncommon,JTG
Faixa da Escolha do Lupo,148/159,Uncommon,JTG
Espírito de Luta da Iris,149/159,Uncommon,JTG
Levincia,150/159,Uncommon,JTG
Pérola da Lílian,151/159,Uncommon,JTG
Castelo do N,152/159,Uncommon,JTG
PP Up do N,153/159,Uncommon,JTG
Postwick,154/159,Uncommon,JTG
Pesquisa de Professores,155/159,Common,JTG
Ingresso Resgatável,156/159,Uncommon,JTG
Baderneiro,157/159,Uncommon,JTG
Superpoção,158/159,Uncommon,JTG
Energia Espinhosa,159/159,Uncommon,JTG
Maractus,160/159,Illustration Rare,JTG
Articuno,161/159,Illustration Rare,JTG
Wailord,162/159,Illustration Rare,JTG
Kilowattrel da Kissera,163/159,Illustration Rare,JTG
Ribombee da Lílian,164/159,Illustration Rare,JTG
Swinub,165/159,Illustration Rare,JTG
Lycanroc,166/159,Illustration Rare,JTG
Reshiram do N,167/159,Illustration Rare,JTG
Furret,168/159,Illustration Rare,JTG
Noibat,169/159,Illustration Rare,JTG
Wooloo do Lupo,170/159,Illustration Rare,JTG
Volcanion ex,171/159,Ultra Rare,JTG
Bellibolt ex da Kissera,172/159,Ultra Rare,JTG
Clefairy ex da Lílian,173/159,Ultra Rare,JTG
Mamoswine ex,174/159,Ultra Rare,JTG
Zoroark ex do N,175/159,Ultra Rare,JTG
Zacian ex do Lupo,176/159,Ultra Rare,JTG
Salamence ex,177/159,Ultra Rare,JTG
Dudunsparce ex,178/159,Ultra Rare,JTG
Busca do Brock,179/159,Ultra Rare,JTG
Espírito de Luta da Iris,180/159,Ultra Rare,JTG
Baderneiro,181/159,Ultra Rare,JTG
Volcanion ex,182/159,Special Illustration Rare,JTG
Bellibolt ex da Kissera,183/159,Special Illustration Rare,JTG
Clefairy ex da Lílian,184/159,Special Illustration Rare,JTG
Zoroark ex do N,185/159,Special Illustration Rare,JTG
Zacian ex do Lupo,186/159,Special Illustration Rare,JTG
Salamence ex,187/159,Special Illustration Rare,JTG
Bellibolt ex da Kissera,188/159,Hyper Rare,JTG
Zoroark ex do N,189/159,Hyper Rare,JTG
Energia Espinhosa,190/159,Hyper Rare,JTG
Oddish,1/197,Common,OBF
Gloom,2/197,Common,OBF
Bellossom,3/197,Uncommon,OBF
Scyther,4/197,Common,OBF
Shuckle,5/197,Common,OBF
Surskit,6/197,Common,OBF
Masquerain,7/197,Uncommon,OBF
Combee,8/197,Common,OBF
Foongus,9/197,Common,OBF
Amoonguss,10/197,Uncommon,OBF
Phantump,11/197,Common,OBF
Trevenant,12/197,Uncommon,OBF
Rowlet,13/197,Common,OBF
Dartrix,14/197,Uncommon,OBF
Decidueye ex,15/197,Double Rare,OBF
Bounsweet,16/197,Common,OBF
Steenee,17/197,Common,OBF
Tsareena,18/197,Uncommon,OBF
Smoliv,19/197,Common,OBF
Dolliv,20/197,Common,OBF
Arboliva,21/197,Uncommon,OBF
Toedscruel ex,22/197,Double Rare,OBF
Capsakid,23/197,Common,OBF
Capsakid,24/197,Common,OBF
Scovillain,25/197,Rare,OBF
Charmander,26/197,Common,OBF
Charmeleon,27/197,Uncommon,OBF
Vulpix,28/197,Common,OBF
Ninetales,29/197,Uncommon,OBF
Entei,30/197,Rare,OBF
Numel,31/197,Common,OBF
Camerupt,32/197,Uncommon,OBF
Victini ex,33/197,Double Rare,OBF
Darumaka,34/197,Common,OBF
Darmanitan,35/197,Uncommon,OBF
Litwick,36/197,Common,OBF
Lampent,37/197,Common,OBF
Chandelure,38/197,Uncommon,OBF
Heatmor,39/197,Common,OBF
Larvesta,40/197,Common,OBF
Volcarona,41/197,Uncommon,OBF
Eiscue ex,42/197,Double Rare,OBF
Charcadet,43/197,Common,OBF
Armarouge,44/197,Uncommon,OBF
Lapras,45/197,Uncommon,OBF
Carvanha,46/197,Common,OBF
Sharpedo,47/197,Uncommon,OBF
Buizel,48/197,Common,OBF
Floatzel,49/197,Uncommon,OBF
Tympole,50/197,Common,OBF
Palpitoad,51/197,Common,OBF
Seismitoad,52/197,Uncommon,OBF
Cubchoo,53/197,Common,OBF
Beartic,54/197,Uncommon,OBF
Cryogonal,55/197,Common,OBF
Froakie,56/197,Common,OBF
Frogadier,57/197,Uncommon,OBF
Wiglett,58/197,Common,OBF
Wugtrio,59/197,Uncommon,OBF
Finizen,60/197,Common,OBF
Finizen,61/197,Common,OBF
Palafin,62/197,Rare,OBF
Magnemite,63/197,Common,OBF
Magneton,64/197,Common,OBF
Magnezone,65/197,Uncommon,OBF
Tyranitar ex,66/197,Double Rare,OBF
Tynamo,67/197,Common,OBF
Eelektrik,68/197,Common,OBF
Eelektross,69/197,Uncommon,OBF
Thundurus,70/197,Rare,OBF
Toxel,71/197,Common,OBF
Toxtricity,72/197,Rare,OBF
Pawmot ex,73/197,Double Rare,OBF
Tadbulb,74/197,Common,OBF
Tadbulb,75/197,Common,OBF
Tadbulb,76/197,Common,OBF
Bellibolt,77/197,Uncommon,OBF
Bellibolt,78/197,Uncommon,OBF
Miraidon ex,79/197,Double Rare,OBF
Cleffa,80/197,Common,OBF
Clefairy,81/197,Common,OBF
Clefable ex,82/197,Double Rare,OBF
Togepi,83/197,Common,OBF
Togetic,84/197,Uncommon,OBF
Togekiss,85/197,Rare,OBF
Espeon,86/197,Uncommon,OBF
Snubbull,87/197,Common,OBF
Granbull,88/197,Uncommon,OBF
Mawile,89/197,Common,OBF
Spoink,90/197,Common,OBF
Grumpig,91/197,Uncommon,OBF
Lunatone,92/197,Uncommon,OBF
Solrock,93/197,Uncommon,OBF
Baltoy,94/197,Common,OBF
Claydol,95/197,Rare,OBF
Vespiquen ex,96/197,Double Rare,OBF
Sinistea,97/197,Common,OBF
Polteageist,98/197,Uncommon,OBF
Greavard,99/197,Common,OBF
Greavard,100/197,Common,OBF
Houndstone,101/197,Uncommon,OBF
Houndstone ex,102/197,Double Rare,OBF
Diglett,103/197,Common,OBF
Dugtrio,104/197,Uncommon,OBF
Larvitar,105/197,Common,OBF
Pupitar,106/197,Uncommon,OBF
Nosepass,107/197,Common,OBF
Barboach,108/197,Common,OBF
Whiscash,109/197,Uncommon,OBF
Bonsly,110/197,Common,OBF
Drilbur,111/197,Common,OBF
Stunfisk,112/197,Uncommon,OBF
Diggersby,113/197,Uncommon,OBF
Crabrawler,114/197,Common,OBF
Crabominable,115/197,Uncommon,OBF
Rockruff,116/197,Common,OBF
Lycanroc,117/197,Uncommon,OBF
Toedscool,118/197,Common,OBF
Toedscruel,119/197,Uncommon,OBF
Klawf ex,120/197,Double Rare,OBF
Glimmet,121/197,Common,OBF
Glimmet,122/197,Common,OBF
Glimmora ex,123/197,Double Rare,OBF
Koraidon ex,124/197,Double Rare,OBF
Charizard ex,125/197,Double Rare,OBF
Wooper de Paldea,126/197,Common,OBF
Wooper de Paldea,127/197,Common,OBF
Clodsire de Paldea,128/197,Uncommon,OBF
Clodsire de Paldea,129/197,Uncommon,OBF
Umbreon,130/197,Uncommon,OBF
Houndour,131/197,Common,OBF
Houndour,132/197,Common,OBF
Houndoom,133/197,Uncommon,OBF
Houndoom ex,134/197,Double Rare,OBF
Absol ex,135/197,Double Rare,OBF
Darkrai,136/197,Rare,OBF
Inkay,137/197,Common,OBF
Malamar,138/197,Uncommon,OBF
Salandit,139/197,Common,OBF
Salazzle,140/197,Uncommon,OBF
Scizor,141/197,Rare,OBF
Skarmory,142/197,Uncommon,OBF
Mawile,143/197,Uncommon,OBF
Bronzor,144/197,Common,OBF
Bronzong,145/197,Uncommon,OBF
Probopass,146/197,Uncommon,OBF
Excadrill,147/197,Uncommon,OBF
Pawniard,148/197,Common,OBF
Bisharp,149/197,Common,OBF
Kingambit,150/197,Uncommon,OBF
Togedemaru,151/197,Common,OBF
Meltan,152/197,Common,OBF
Melmetal ex,153/197,Double Rare,OBF
Varoom,154/197,Common,OBF
Varoom,155/197,Common,OBF
Revavroom ex,156/197,Double Rare,OBF
Dratini,157/197,Common,OBF
Dragonair,158/197,Uncommon,OBF
Dragonite ex,159/197,Double Rare,OBF
Altaria,160/197,Uncommon,OBF
Drampa,161/197,Uncommon,OBF
Pidgey,162/197,Common,OBF
Pidgeotto,163/197,Uncommon,OBF
Pidgeot ex,164/197,Double Rare,OBF
Kangaskhan,165/197,Uncommon,OBF
Eevee,166/197,Common,OBF
Zigzagoon,167/197,Common,OBF
Linoone,168/197,Uncommon,OBF
Swablu,169/197,Common,OBF
Lillipup,170/197,Common,OBF
Herdier,171/197,Common,OBF
Stoutland,172/197,Uncommon,OBF
Audino,173/197,Common,OBF
Bouffalant,174/197,Uncommon,OBF
Bunnelby,175/197,Common,OBF
Yungoos,176/197,Common,OBF
Gumshoos,177/197,Uncommon,OBF
Skwovet,178/197,Common,OBF
Greedent ex,179/197,Double Rare,OBF
Lechonk,180/197,Common,OBF
Lechonk,181/197,Common,OBF
Lechonk,182/197,Common,OBF
Oinkologne,183/197,Uncommon,OBF
Oinkologne,184/197,Uncommon,OBF
Flamigo,185/197,Uncommon,OBF
Arven,186/197,Uncommon,OBF
Brás,187/197,Uncommon,OBF
Guita,188/197,Rare,OBF
Mensagem de Encorajamento,189/197,Uncommon,OBF
Ortega,190/197,Uncommon,OBF
Chapéu de Patrulha,191/197,Uncommon,OBF
Sede da Liga Pokémon,192/197,Uncommon,OBF
Poppy,193/197,Uncommon,OBF
Citrina,194/197,Common,OBF
Recruta da Equipe Star,195/197,Uncommon,OBF
Loja da Cidade,196/197,Common,OBF
Soco Vingativo,197/197,Uncommon,OBF
Gloom,198/197,Illustration Rare,OBF
Ninetales,199/197,Illustration Rare,OBF
Palafin,200/197,Illustration Rare,OBF
Bellibolt,201/197,Illustration Rare,OBF
Cleffa,202/197,Illustration Rare,OBF
Larvitar,203/197,Illustration Rare,OBF
Houndour,204/197,Illustration Rare,OBF
Scizor,205/197,Illustration Rare,OBF
Varoom,206/197,Illustration Rare,OBF
Pidgey,207/197,Illustration Rare,OBF
Pidgeotto,208/197,Illustration Rare,OBF
Lechonk,209/197,Illustration Rare,OBF
Eiscue ex,210/197,Ultra Rare,OBF
Tyranitar ex,211/197,Ultra Rare,OBF
Vespiquen ex,212/197,Ultra Rare,OBF
Glimmora ex,213/197,Ultra Rare,OBF
Absol ex,214/197,Ultra Rare,OBF
Charizard ex,215/197,Ultra Rare,OBF
Revavroom ex,216/197,Ultra Rare,OBF
Pidgeot ex,217/197,Ultra Rare,OBF
Guita,218/197,Ultra Rare,OBF
Ortega,219/197,Ultra Rare,OBF
Poppy,220/197,Ultra Rare,OBF
Citrina,221/197,Ultra Rare,OBF
Eiscue ex,222/197,Special Illustration Rare,OBF
Charizard ex,223/197,Special Illustration Rare,OBF
Revavroom ex,224/197,Special Illustration Rare,OBF
Pidgeot ex,225/197,Special Illustration Rare,OBF
Guita,226/197,Special Illustration Rare,OBF
Poppy,227/197,Special Illustration Rare,OBF
Charizard ex,228/197,Hyper Rare,OBF
Artazon,229/197,Hyper Rare,OBF
Energia Fire Básica,230/197,Hyper Rare,OBF
Hoppip,1/193,Common,PAL
Skiploom,2/193,Uncommon,PAL
Jumpluff,3/193,Rare,PAL
Pineco,4/193,Common,PAL
Forretress ex,5/193,Double Rare,PAL
Heracross,6/193,Uncommon,PAL
Tropius,7/193,Common,PAL
Combee,8/193,Common,PAL
Vespiquen,9/193,Uncommon,PAL
Snover,10/193,Common,PAL
Abomasnow,11/193,Rare,PAL
Sprigatito,12/193,Common,PAL
Sprigatito,13/193,Common,PAL
Floragato,14/193,Uncommon,PAL
Meowscarada ex,15/193,Double Rare,PAL
Tarountula,16/193,Common,PAL
Tarountula,17/193,Common,PAL
Spidops,18/193,Uncommon,PAL
Nymble,19/193,Common,PAL
Nymble,20/193,Common,PAL
Lokix,21/193,Rare,PAL
Bramblin,22/193,Common,PAL
Bramblin,23/193,Common,PAL
Brambleghast,24/193,Uncommon,PAL
Rellor,25/193,Common,PAL
Rellor,26/193,Common,PAL
Wo-Chien ex,27/193,Double Rare,PAL
Tauros de Paldea,28/193,Uncommon,PAL
Fletchinder,29/193,Uncommon,PAL
Talonflame,30/193,Uncommon,PAL
Litleo,31/193,Common,PAL
Pyroar,32/193,Uncommon,PAL
Oricorio,33/193,Rare,PAL
Fuecoco,34/193,Common,PAL
Fuecoco,35/193,Common,PAL
Crocalor,36/193,Uncommon,PAL
Skeledirge ex,37/193,Double Rare,PAL
Charcadet,38/193,Common,PAL
Charcadet,39/193,Common,PAL
Chi-Yu ex,40/193,Double Rare,PAL
Tauros de Paldea,41/193,Uncommon,PAL
Magikarp,42/193,Common,PAL
Gyarados,43/193,Rare,PAL
Marill,44/193,Common,PAL
Azumarill,45/193,Uncommon,PAL
Delibird,46/193,Common,PAL
Luvdisc,47/193,Common,PAL
Eiscue,48/193,Uncommon,PAL
Quaxly,49/193,Common,PAL
Quaxly,50/193,Common,PAL
Quaxwell,51/193,Uncommon,PAL
Quaquaval ex,52/193,Double Rare,PAL
Cetoddle,53/193,Common,PAL
Cetoddle,54/193,Common,PAL
Cetitan,55/193,Uncommon,PAL
Veluza,56/193,Rare,PAL
Frigibax,57/193,Common,PAL
Frigibax,58/193,Common,PAL
Arctibax,59/193,Uncommon,PAL
Baxcalibur,60/193,Rare,PAL
Chien-Pao ex,61/193,Double Rare,PAL
Pikachu,62/193,Common,PAL
Pikachu ex,63/193,Double Rare,PAL
Raichu,64/193,Uncommon,PAL
Magnemite,65/193,Common,PAL
Voltorb,66/193,Common,PAL
Electrode,67/193,Uncommon,PAL
Shinx,68/193,Common,PAL
Shinx,69/193,Common,PAL
Luxio,70/193,Uncommon,PAL
Luxray,71/193,Rare,PAL
Pincurchin,72/193,Common,PAL
Pincurchin,73/193,Uncommon,PAL
Pawmi,74/193,Common,PAL
Pawmo,75/193,Uncommon,PAL
Pawmot,76/193,Rare,PAL
Tadbulb,77/193,Common,PAL
Tadbulb,78/193,Common,PAL
Bellibolt ex,79/193,Double Rare,PAL
Wattrel,80/193,Common,PAL
Wattrel,81/193,Common,PAL
Kilowattrel,82/193,Uncommon,PAL
Jigglypuff,83/193,Common,PAL
Wigglytuff,84/193,Rare,PAL
Slowpoke,85/193,Common,PAL
Slowking ex,86/193,Double Rare,PAL
Misdreavus,87/193,Common,PAL
Mismagius,88/193,Uncommon,PAL
Spiritomb,89/193,Rare,PAL
Gothita,90/193,Common,PAL
Gothorita,91/193,Uncommon,PAL
Gothitelle,92/193,Uncommon,PAL
Dedenne ex,93/193,Double Rare,PAL
Oranguru,94/193,Uncommon,PAL
Sandygast,95/193,Common,PAL
Palossand,96/193,Uncommon,PAL
Mimikyu,97/193,Rare,PAL
Ceruledge,98/193,Rare,PAL
Rabsca,99/193,Rare,PAL
Tinkatink,100/193,Common,PAL
Tinkatink,101/193,Common,PAL
Tinkatink,102/193,Common,PAL
Tinkatuff,103/193,Uncommon,PAL
Tinkatuff,104/193,Uncommon,PAL
Tinkaton,105/193,Rare,PAL
Mankey,106/193,Common,PAL
Primeape,107/193,Uncommon,PAL
Tauros de Paldea,108/193,Uncommon,PAL
Sudowoodo,109/193,Uncommon,PAL
Larvitar,110/193,Common,PAL
Pupitar,111/193,Uncommon,PAL
Makuhita,112/193,Common,PAL
Hariyama,113/193,Rare,PAL
Croagunk,114/193,Common,PAL
Toxicroak,115/193,Uncommon,PAL
Rockruff,116/193,Common,PAL
Lycanroc ex,117/193,Double Rare,PAL
Passimian,118/193,Uncommon,PAL
Falinks,119/193,Common,PAL
Nacli,120/193,Common,PAL
Nacli,121/193,Common,PAL
Naclstack,122/193,Uncommon,PAL
Garganacl,123/193,Rare,PAL
Glimmet,124/193,Common,PAL
Glimmet,125/193,Common,PAL
Glimmora,126/193,Rare,PAL
Ting-Lu ex,127/193,Double Rare,PAL
Wooper de Paldea,128/193,Common,PAL
Wooper de Paldea,129/193,Common,PAL
Clodsire de Paldea ex,130/193,Double Rare,PAL
Murkrow,131/193,Common,PAL
Honchkrow,132/193,Uncommon,PAL
Sneasel,133/193,Common,PAL
Weavile,134/193,Rare,PAL
Tyranitar,135/193,Rare,PAL
Sableye,136/193,Rare,PAL
Seviper,137/193,Uncommon,PAL
Deino,138/193,Common,PAL
Zweilous,139/193,Uncommon,PAL
Hydreigon,140/193,Rare,PAL
Maschiff,141/193,Common,PAL
Maschiff,142/193,Common,PAL
Mabosstiff,143/193,Uncommon,PAL
Shroodle,144/193,Common,PAL
Shroodle,145/193,Common,PAL
Grafaiai,146/193,Uncommon,PAL
Bombirdier,147/193,Uncommon,PAL
Corviknight,148/193,Uncommon,PAL
Cufant,149/193,Common,PAL
Copperajah ex,150/193,Double Rare,PAL
Orthworm,151/193,Rare,PAL
Noibat,152/193,Common,PAL
Noivern ex,153/193,Double Rare,PAL
Girafarig,154/193,Common,PAL
Farigiraf,155/193,Uncommon,PAL
Dunsparce,156/193,Common,PAL
Dudunsparce,157/193,Uncommon,PAL
Wingull,158/193,Common,PAL
Pelipper,159/193,Uncommon,PAL
Slakoth,160/193,Common,PAL
Vigoroth,161/193,Uncommon,PAL
Slaking,162/193,Rare,PAL
Fletchling,163/193,Common,PAL
Rookidee,164/193,Common,PAL
Corvisquire,165/193,Uncommon,PAL
Tandemaus,166/193,Common,PAL
Tandemaus,167/193,Common,PAL
Maushold,168/193,Uncommon,PAL
Squawkabilly ex,169/193,Double Rare,PAL
Flamigo,170/193,Uncommon,PAL
Artazon,171/193,Uncommon,PAL
Ordem da Chefia,172/193,Rare,PAL
Pingente de Bravura,173/193,Uncommon,PAL
Montanha Nevada Calamitosa,174/193,Uncommon,PAL
Ermo Calamitoso,175/193,Uncommon,PAL
Cinturão da Escolha,176/193,Uncommon,PAL
Clavell,177/193,Common,PAL
Drone de Entrega,178/193,Uncommon,PAL
Dendra,179/193,Uncommon,PAL
Falkner,180/193,Uncommon,PAL
Leite da Luta,181/193,Uncommon,PAL
Giacomo,182/193,Uncommon,PAL
Grande Bola,183/193,Common,PAL
Grusha,184/193,Uncommon,PAL
Kissera,185/193,Uncommon,PAL
Academia de Exercícios,186/193,Uncommon,PAL
Saguaro,187/193,Uncommon,PAL
Supervara,188/193,Common,PAL
Recuperação de Energia Superior,189/193,Uncommon,PAL
Energia a Jato,190/193,Uncommon,PAL
Energia Luminosa,191/193,Uncommon,PAL
Energia Reversa,192/193,Uncommon,PAL
Energia Terapêutica,193/193,Uncommon,PAL
Heracross,194/193,Illustration Rare,PAL
Tropius,195/193,Illustration Rare,PAL
Sprigatito,196/193,Illustration Rare,PAL
Floragato,197/193,Illustration Rare,PAL
Bramblin,198/193,Illustration Rare,PAL
Fletchinder,199/193,Illustration Rare,PAL
Pyroar,200/193,Illustration Rare,PAL
Fuecoco,201/193,Illustration Rare,PAL
Crocalor,202/193,Illustration Rare,PAL
Magikarp,203/193,Illustration Rare,PAL
Marill,204/193,Illustration Rare,PAL
Eiscue,205/193,Illustration Rare,PAL
Quaxly,206/193,Illustration Rare,PAL
Quaxwell,207/193,Illustration Rare,PAL
Frigibax,208/193,Illustration Rare,PAL
Arctibax,209/193,Illustration Rare,PAL
Baxcalibur,210/193,Illustration Rare,PAL
Raichu,211/193,Illustration Rare,PAL
Mismagius,212/193,Illustration Rare,PAL
Gothorita,213/193,Illustration Rare,PAL
Sandygast,214/193,Illustration Rare,PAL
Rabsca,215/193,Illustration Rare,PAL
Tinkatink,216/193,Illustration Rare,PAL
Tinkatuff,217/193,Illustration Rare,PAL
Tauros de Paldea,218/193,Illustration Rare,PAL
Sudowoodo,219/193,Illustration Rare,PAL
Nacli,220/193,Illustration Rare,PAL
Wooper de Paldea,221/193,Illustration Rare,PAL
Tyranitar,222/193,Illustration Rare,PAL
Grafaiai,223/193,Illustration Rare,PAL
Orthworm,224/193,Illustration Rare,PAL
Rookidee,225/193,Illustration Rare,PAL
Maushold,226/193,Illustration Rare,PAL
Flamigo,227/193,Illustration Rare,PAL
Farigiraf,228/193,Illustration Rare,PAL
Dudunsparce,229/193,Illustration Rare,PAL
Forretress ex,230/193,Ultra Rare,PAL
Meowscarada ex,231/193,Ultra Rare,PAL
Wo-Chien ex,232/193,Ultra Rare,PAL
Skeledirge ex,233/193,Ultra Rare,PAL
Chi-Yu ex,234/193,Ultra Rare,PAL
Quaquaval ex,235/193,Ultra Rare,PAL
Chien-Pao ex,236/193,Ultra Rare,PAL
Bellibolt ex,237/193,Ultra Rare,PAL
Slowking ex,238/193,Ultra Rare,PAL
Dedenne ex,239/193,Ultra Rare,PAL
Tinkaton ex,240/193,Ultra Rare,PAL
Lycanroc ex,241/193,Ultra Rare,PAL
Annihilape ex,242/193,Ultra Rare,PAL
Ting-Lu ex,243/193,Ultra Rare,PAL
Clodsire de Paldea ex,244/193,Ultra Rare,PAL
Copperajah ex,245/193,Ultra Rare,PAL
Noivern ex,246/193,Ultra Rare,PAL
Squawkabilly ex,247/193,Ultra Rare,PAL
Ordem da Chefia,248/193,Ultra Rare,PAL
Clavell,249/193,Ultra Rare,PAL
Dendra,250/193,Ultra Rare,PAL
Falkner,251/193,Ultra Rare,PAL
Giacomo,252/193,Ultra Rare,PAL
Grusha,253/193,Ultra Rare,PAL
Kissera,254/193,Ultra Rare,PAL
Saguaro,255/193,Ultra Rare,PAL
Meowscarada ex,256/193,Special Illustration Rare,PAL
Wo-Chien ex,257/193,Special Illustration Rare,PAL
Skeledirge ex,258/193,Special Illustration Rare,PAL
Chi-Yu ex,259/193,Special Illustration Rare,PAL
Quaquaval ex,260/193,Special Illustration Rare,PAL
Chien-Pao ex,261/193,Special Illustration Rare,PAL
Tinkaton ex,262/193,Special Illustration Rare,PAL
Ting-Lu ex,263/193,Special Illustration Rare,PAL
Squawkabilly ex,264/193,Special Illustration Rare,PAL
Ordem da Chefia,265/193,Special Illustration Rare,PAL
Dendra,266/193,Special Illustration Rare,PAL
Giacomo,267/193,Special Illustration Rare,PAL
Grusha,268/193,Special Illustration Rare,PAL
Kissera,269/193,Special Illustration Rare,PAL
Saguaro,270/193,Special Illustration Rare,PAL
Meowscarada ex,271/193,Hyper Rare,PAL
Skeledirge ex,272/193,Hyper Rare,PAL
Quaquaval ex,273/193,Hyper Rare,PAL
Chien-Pao ex,274/193,Hyper Rare,PAL
Ting-Lu ex,275/193,Hyper Rare,PAL
Supervara,276/193,Hyper Rare,PAL
Recuperação de Energia Superior,277/193,Hyper Rare,PAL
Energia Grass Básica,278/193,Hyper Rare,PAL
Energia Water Básica,279/193,Hyper Rare,PAL
Pineco,1/91,Common,PAF
Forretress ex,2/91,Double Rare,PAF
Maractus,3/91,Common,PAF
Toedscool,4/91,Common,PAF
Toedscruel ex,5/91,Double Rare,PAF
Espathra ex,6/91,Double Rare,PAF
Charmander,7/91,Common,PAF
Charmeleon,8/91,Uncommon,PAF
Magmar,9/91,Common,PAF
Magmortar,10/91,Rare,PAF
Numel,11/91,Common,PAF
Camerupt,12/91,Uncommon,PAF
Rotom Calor,13/91,Rare,PAF
Charcadet,14/91,Common,PAF
Armarouge,15/91,Rare,PAF
Lapras,16/91,Common,PAF
Frigibax,17/91,Common,PAF
Pikachu,18/91,Common,PAF
Raichu,19/91,Rare,PAF
Chinchou,20/91,Common,PAF
Lanturn,21/91,Uncommon,PAF
Kilowattrel,22/91,Uncommon,PAF
Exeggcute,23/91,Common,PAF
Exeggutor,24/91,Rare,PAF
Natu,25/91,Common,PAF
Xatu,26/91,Rare,PAF
Ralts,27/91,Common,PAF
Kirlia,28/91,Uncommon,PAF
Gardevoir ex,29/91,Double Rare,PAF
Chimecho,30/91,Common,PAF
Mime Jr.,31/91,Common,PAF
Woobat,32/91,Common,PAF
Swoobat,33/91,Uncommon,PAF
Cottonee,34/91,Common,PAF
Whimsicott,35/91,Uncommon,PAF
Dedenne,36/91,Common,PAF
Mimikyu,37/91,Rare,PAF
Fidough,38/91,Common,PAF
Dachsbun,39/91,Uncommon,PAF
Ceruledge,40/91,Rare,PAF
Flittle,41/91,Common,PAF
Greavard,42/91,Common,PAF
Houndstone,43/91,Rare,PAF
Gimmighoul,44/91,Common,PAF
Mankey,45/91,Common,PAF
Primeape,46/91,Uncommon,PAF
Annihilape,47/91,Rare,PAF
Phanpy,48/91,Common,PAF
Donphan,49/91,Uncommon,PAF
Barboach,50/91,Common,PAF
Clobbopus,51/91,Common,PAF
Grapploct,52/91,Uncommon,PAF
Presa Grande ex,53/91,Double Rare,PAF
Charizard ex,54/91,Double Rare,PAF
Gastly,55/91,Common,PAF
Haunter,56/91,Common,PAF
Gengar,57/91,Uncommon,PAF
Wooper de Paldea,58/91,Common,PAF
Clodsire de Paldea ex,59/91,Double Rare,PAF
Scraggy,60/91,Common,PAF
Scrafty,61/91,Uncommon,PAF
Maschiff,62/91,Common,PAF
Mabosstiff,63/91,Rare,PAF
Varoom,64/91,Common,PAF
Revavroom,65/91,Rare,PAF
Trilho Férreo ex,66/91,Double Rare,PAF
Gholdengo,67/91,Rare,PAF
Noibat,68/91,Common,PAF
Noivern ex,69/91,Double Rare,PAF
Cyclizar,70/91,Rare,PAF
Lechonk,71/91,Common,PAF
Oinkologne,72/91,Uncommon,PAF
Tandemaus,73/91,Common,PAF
Maushold,74/91,Uncommon,PAF
Squawkabilly ex,75/91,Double Rare,PAF
Artazon,76/91,Uncommon,PAF
Érico,77/91,Uncommon,PAF
Clive,78/91,Uncommon,PAF
Gerador Elétrico,79/91,Uncommon,PAF
Kissera,80/91,Uncommon,PAF
Monte Enluarado,81/91,Uncommon,PAF
Noêmia,82/91,Common,PAF
Mochila da Noêmia,83/91,Uncommon,PAF
Bola de Ninho,84/91,Uncommon,PAF
Estudante de Paldea,85/91,Common,PAF
Estudante de Paldea,86/91,Common,PAF
Pesquisa de Professores,87/91,Rare,PAF
Pesquisa de Professores,88/91,Rare,PAF
Doce Raro,89/91,Common,PAF
Máquina Técnica: Socão Crítico,90/91,Uncommon,PAF
Ultra Bola,91/91,Uncommon,PAF
Oddish,92/91,Shiny Rare,PAF
Gloom,93/91,Shiny Rare,PAF
Vileplume,94/91,Shiny Rare,PAF
Scyther,95/91,Shiny Rare,PAF
Hoppip,96/91,Shiny Rare,PAF
Skiploom,97/91,Shiny Rare,PAF
Jumpluff,98/91,Shiny Rare,PAF
Pineco,99/91,Shiny Rare,PAF
Snover,100/91,Shiny Rare,PAF
Abomasnow,101/91,Shiny Rare,PAF
Smoliv,102/91,Shiny Rare,PAF
Dolliv,103/91,Shiny Rare,PAF
Arboliva,104/91,Shiny Rare,PAF
Toedscool,105/91,Shiny Rare,PAF
Capsakid,106/91,Shiny Rare,PAF
Scovillain,107/91,Shiny Rare,PAF
Rellor,108/91,Shiny Rare,PAF
Charmander,109/91,Shiny Rare,PAF
Charmeleon,110/91,Shiny Rare,PAF
Tauros de Paldea,111/91,Shiny Rare,PAF
Entei,112/91,Shiny Rare,PAF
Oricorio,113/91,Shiny Rare,PAF
Charcadet,114/91,Shiny Rare,PAF
Armarouge,115/91,Shiny Rare,PAF
Slowpoke,116/91,Shiny Rare,PAF
Slowbro,117/91,Shiny Rare,PAF
Staryu,118/91,Shiny Rare,PAF
Starmie,119/91,Shiny Rare,PAF
Tauros de Paldea,120/91,Shiny Rare,PAF
Wiglett,121/91,Shiny Rare,PAF
Wugtrio,122/91,Shiny Rare,PAF
Finizen,123/91,Shiny Rare,PAF
Palafin,124/91,Shiny Rare,PAF
Veluza,125/91,Shiny Rare,PAF
Dondozo,126/91,Shiny Rare,PAF
Tatsugiri,127/91,Shiny Rare,PAF
Frigibax,128/91,Shiny Rare,PAF
Arctibax,129/91,Shiny Rare,PAF
Baxcalibur,130/91,Shiny Rare,PAF
Pikachu,131/91,Shiny Rare,PAF
Raichu,132/91,Shiny Rare,PAF
Voltorb,133/91,Shiny Rare,PAF
Electrode,134/91,Shiny Rare,PAF
Shinx,135/91,Shiny Rare,PAF
Luxio,136/91,Shiny Rare,PAF
Luxray,137/91,Shiny Rare,PAF
Pachirisu,138/91,Shiny Rare,PAF
Thundurus,139/91,Shiny Rare,PAF
Toxel,140/91,Shiny Rare,PAF
Toxtricity,141/91,Shiny Rare,PAF
Pawmi,142/91,Shiny Rare,PAF
Pawmo,143/91,Shiny Rare,PAF
Pawmot,144/91,Shiny Rare,PAF
Wattrel,145/91,Shiny Rare,PAF
Kilowattrel,146/91,Shiny Rare,PAF
Wigglytuff,147/91,Shiny Rare,PAF
Abra,148/91,Shiny Rare,PAF
Kadabra,149/91,Shiny Rare,PAF
Cleffa,150/91,Shiny Rare,PAF
Natu,151/91,Shiny Rare,PAF
Xatu,152/91,Shiny Rare,PAF
Ralts,153/91,Shiny Rare,PAF
Kirlia,154/91,Shiny Rare,PAF
Drifloon,155/91,Shiny Rare,PAF
Drifblim,156/91,Shiny Rare,PAF
Mime Jr.,157/91,Shiny Rare,PAF
Spiritomb,158/91,Shiny Rare,PAF
Klefki,159/91,Shiny Rare,PAF
Mimikyu,160/91,Shiny Rare,PAF
Dachsbun,161/91,Shiny Rare,PAF
Ceruledge,162/91,Shiny Rare,PAF
Rabsca,163/91,Shiny Rare,PAF
Flittle,164/91,Shiny Rare,PAF
Tinkatink,165/91,Shiny Rare,PAF
Tinkatuff,166/91,Shiny Rare,PAF
Tinkaton,167/91,Shiny Rare,PAF
Houndstone,168/91,Shiny Rare,PAF
Mankey,169/91,Shiny Rare,PAF
Primeape,170/91,Shiny Rare,PAF
Annihilape,171/91,Shiny Rare,PAF
Tauros de Paldea,172/91,Shiny Rare,PAF
Riolu,173/91,Shiny Rare,PAF
Lucario,174/91,Shiny Rare,PAF
Hawlucha,175/91,Shiny Rare,PAF
Nacli,176/91,Shiny Rare,PAF
Naclstack,177/91,Shiny Rare,PAF
Garganacl,178/91,Shiny Rare,PAF
Glimmet,179/91,Shiny Rare,PAF
Wooper de Paldea,180/91,Shiny Rare,PAF
Murkrow,181/91,Shiny Rare,PAF
Sneasel,182/91,Shiny Rare,PAF
Weavile,183/91,Shiny Rare,PAF
Sableye,184/91,Shiny Rare,PAF
Pawniard,185/91,Shiny Rare,PAF
Bisharp,186/91,Shiny Rare,PAF
Kingambit,187/91,Shiny Rare,PAF
Mabosstiff,188/91,Shiny Rare,PAF
Shroodle,189/91,Shiny Rare,PAF
Grafaiai,190/91,Shiny Rare,PAF
Scizor,191/91,Shiny Rare,PAF
Varoom,192/91,Shiny Rare,PAF
Revavroom,193/91,Shiny Rare,PAF
Noibat,194/91,Shiny Rare,PAF
Cyclizar,195/91,Shiny Rare,PAF
Pidgey,196/91,Shiny Rare,PAF
Pidgeotto,197/91,Shiny Rare,PAF
Jigglypuff,198/91,Shiny Rare,PAF
Doduo,199/91,Shiny Rare,PAF
Dodrio,200/91,Shiny Rare,PAF
Ditto,201/91,Shiny Rare,PAF
Snorlax,202/91,Shiny Rare,PAF
Wingull,203/91,Shiny Rare,PAF
Pelipper,204/91,Shiny Rare,PAF
Skwovet,205/91,Shiny Rare,PAF
Greedent,206/91,Shiny Rare,PAF
Lechonk,207/91,Shiny Rare,PAF
Oinkologne,208/91,Shiny Rare,PAF
Tandemaus,209/91,Shiny Rare,PAF
Maushold,210/91,Shiny Rare,PAF
Flamigo,211/91,Shiny Rare,PAF
Forretress ex,212/91,Shiny Ultra Rare,PAF
Toedscruel ex,213/91,Shiny Ultra Rare,PAF
Espathra ex,214/91,Shiny Ultra Rare,PAF
Alakazam ex,215/91,Shiny Ultra Rare,PAF
Mew ex,216/91,Shiny Ultra Rare,PAF
Gardevoir ex,217/91,Shiny Ultra Rare,PAF
Glimmora ex,218/91,Shiny Ultra Rare,PAF
Clodsire de Paldea ex,219/91,Shiny Ultra Rare,PAF
Noivern ex,220/91,Shiny Ultra Rare,PAF
Pidgeot ex,221/91,Shiny Ultra Rare,PAF
Wigglytuff ex,222/91,Shiny Ultra Rare,PAF
Squawkabilly ex,223/91,Shiny Ultra Rare,PAF
Wugtrio,224/91,Illustration Rare,PAF
Palafin,225/91,Illustration Rare,PAF
Pawmi,226/91,Illustration Rare,PAF
Clive,227/91,Ultra Rare,PAF
Juiz,228/91,Ultra Rare,PAF
Noêmia,229/91,Ultra Rare,PAF
Estudante de Paldea,230/91,Ultra Rare,PAF
Estudante de Paldea,231/91,Ultra Rare,PAF
Mew ex,232/91,Special Illustration Rare,PAF
Gardevoir ex,233/91,Special Illustration Rare,PAF
Charizard ex,234/91,Special Illustration Rare,PAF
Arven,235/91,Special Illustration Rare,PAF
Clive,236/91,Special Illustration Rare,PAF
Kissera,237/91,Special Illustration Rare,PAF
Noêmia,238/91,Special Illustration Rare,PAF
Penélope,239/91,Special Illustration Rare,PAF
Wo-Chien ex,240/91,Hyper Rare,PAF
Chi-Yu ex,241/91,Hyper Rare,PAF
Chien-Pao ex,242/91,Hyper Rare,PAF
Miraidon ex,243/91,Hyper Rare,PAF
Ting-Lu ex,244/91,Hyper Rare,PAF
Koraidon ex,245/91,Hyper Rare,PAF
Surskit,1/182,Common,PAR
Masquerain,2/182,Uncommon,PAR
Froslass ex,3/182,Double Rare,PAR
Pansage,4/182,Common,PAR
Simisage,5/182,Uncommon,PAR
Dwebble,6/182,Common,PAR
Crustle,7/182,Common,PAR
Bounsweet,8/182,Common,PAR
Steenee,9/182,Uncommon,PAR
Blipbug,10/182,Common,PAR
Dottler,11/182,Common,PAR
Orbeetle,12/182,Uncommon,PAR
Nymble,13/182,Common,PAR
Nymble,14/182,Common,PAR
Toedscool,15/182,Common,PAR
Toedscool,16/182,Common,PAR
Toedscruel,17/182,Uncommon,PAR
Wo-Chien,18/182,Rare,PAR
Magby,19/182,Common,PAR
Pansear,20/182,Common,PAR
Simisear,21/182,Uncommon,PAR
Volcanion,22/182,Rare,PAR
Fuecoco,23/182,Common,PAR
Crocalor,24/182,Uncommon,PAR
Charcadet,25/182,Common,PAR
Charcadet,26/182,Common,PAR
Armarouge ex,27/182,Double Rare,PAR
Mariposa Férrea,28/182,Rare,PAR
Chi-Yu,29/182,Rare,PAR
Horsea,30/182,Common,PAR
Seadra,31/182,Common,PAR
Kingdra,32/182,Rare,PAR
Remoraid,33/182,Common,PAR
Octillery,34/182,Common,PAR
Feebas,35/182,Common,PAR
Milotic,36/182,Rare,PAR
Snorunt,37/182,Common,PAR
Garchomp ex,38/182,Double Rare,PAR
Mantyke,39/182,Common,PAR
Palkia,40/182,Rare,PAR
Panpour,41/182,Common,PAR
Simipour,42/182,Uncommon,PAR
Vanillite,43/182,Common,PAR
Vanillish,44/182,Common,PAR
Vanilluxe,45/182,Uncommon,PAR
Tsareena ex,46/182,Double Rare,PAR
Wimpod,47/182,Common,PAR
Wimpod,48/182,Common,PAR
Golisopod,49/182,Rare,PAR
Golisopod ex,50/182,Double Rare,PAR
Wiglett,51/182,Common,PAR
Wiglett,52/182,Common,PAR
Wugtrio,53/182,Uncommon,PAR
Veluza,54/182,Uncommon,PAR
Dondozo,55/182,Uncommon,PAR
Pacote Férreo,56/182,Uncommon,PAR
Chien-Pao,57/182,Rare,PAR
Mewtwo ex,58/182,Double Rare,PAR
Elekid,59/182,Common,PAR
Plusle,60/182,Common,PAR
Minun,61/182,Common,PAR
Blitzle,62/182,Common,PAR
Zebstrika,63/182,Uncommon,PAR
Joltik,64/182,Common,PAR
Galvantula,65/182,Common,PAR
Zekrom,66/182,Rare,PAR
Oricorio,67/182,Common,PAR
Tapu Koko ex,68/182,Double Rare,PAR
Toxel,69/182,Common,PAR
Mãos Férreas ex,70/182,Double Rare,PAR
Natu,71/182,Common,PAR
Xatu,72/182,Rare,PAR
Latios,73/182,Rare,PAR
Deoxys,74/182,Rare,PAR
Yamask,75/182,Common,PAR
Cofagrigus ex,76/182,Double Rare,PAR
Pumpkaboo,77/182,Common,PAR
Gourgeist,78/182,Uncommon,PAR
Flittle,79/182,Common,PAR
Flittle,80/182,Common,PAR
Espathra,81/182,Rare,PAR
Tinkatink,82/182,Common,PAR
Tinkatink,83/182,Common,PAR
Tinkatuff,84/182,Common,PAR
Tinkaton,85/182,Uncommon,PAR
Cauda Brado,86/182,Uncommon,PAR
Gimmighoul,87/182,Common,PAR
Gimmighoul,88/182,Common,PAR
Valentia Férrea ex,89/182,Double Rare,PAR
Onix,90/182,Common,PAR
Gligar,91/182,Common,PAR
Gliscor,92/182,Uncommon,PAR
Groudon,93/182,Rare,PAR
Gible,94/182,Common,PAR
Gabite,95/182,Common,PAR
Mienfoo,96/182,Common,PAR
Mienshao,97/182,Uncommon,PAR
Hoopa ex,98/182,Double Rare,PAR
Minior,99/182,Uncommon,PAR
Toxtricity ex,100/182,Double Rare,PAR
Nacli,101/182,Common,PAR
Nacli,102/182,Common,PAR
Naclstack,103/182,Common,PAR
Garganacl,104/182,Rare,PAR
Klawf,105/182,Uncommon,PAR
Flamigo,106/182,Common,PAR
Asa Rasteira,107/182,Uncommon,PAR
Choque Areia ex,108/182,Double Rare,PAR
Ting-Lu,109/182,Rare,PAR
Zubat,110/182,Common,PAR
Golbat,111/182,Common,PAR
Crobat,112/182,Uncommon,PAR
Absol,113/182,Uncommon,PAR
Purrloin,114/182,Common,PAR
Liepard,115/182,Common,PAR
Trubbish,116/182,Common,PAR
Garbodor,117/182,Uncommon,PAR
Yveltal,118/182,Rare,PAR
Nickit,119/182,Common,PAR
Thievul,120/182,Rare,PAR
Morpeko,121/182,Rare,PAR
Lokix,122/182,Rare,PAR
Capuz Bruto,123/182,Rare,PAR
Lua Estrondo ex,124/182,Double Rare,PAR
Steelix,125/182,Rare,PAR
Jirachi,126/182,Common,PAR
Ferroseed,127/182,Common,PAR
Ferrothorn,128/182,Uncommon,PAR
Durant,129/182,Uncommon,PAR
Honedge,130/182,Common,PAR
Honedge,131/182,Common,PAR
Doublade,132/182,Common,PAR
Doublade,133/182,Common,PAR
Aegislash,134/182,Rare,PAR
Aegislash ex,135/182,Double Rare,PAR
Zacian,136/182,Rare,PAR
Skeledirge ex,137/182,Double Rare,PAR
Orthworm,138/182,Uncommon,PAR
Gholdengo ex,139/182,Double Rare,PAR
Altaria ex,140/182,Double Rare,PAR
Tatsugiri,141/182,Uncommon,PAR
Porygon,142/182,Common,PAR
Porygon2,143/182,Common,PAR
Porygon-Z,144/182,Rare,PAR
Aipom,145/182,Common,PAR
Ambipom,146/182,Uncommon,PAR
Miltank,147/182,Common,PAR
Whismur,148/182,Common,PAR
Loudred,149/182,Common,PAR
Exploud,150/182,Uncommon,PAR
Spinda,151/182,Common,PAR
Swablu,152/182,Common,PAR
Tandemaus,153/182,Common,PAR
Tandemaus,154/182,Common,PAR
Maushold ex,155/182,Double Rare,PAR
Bombirdier ex,156/182,Double Rare,PAR
Cyclizar,157/182,Uncommon,PAR
Jugulares Férreas,158/182,Rare,PAR
Cápsula Energética de Melhoria Ancestral,159/182,Uncommon,PAR
Pegador de Contra-ataque,160/182,Uncommon,PAR
Espanador Amaldiçoado,161/182,Uncommon,PAR
Colete de Desafio,162/182,Uncommon,PAR
Recipiente Terrestre,163/182,Uncommon,PAR
Cápsula Energética de Melhoria Futurista,164/182,Uncommon,PAR
Lauro,165/182,Common,PAR
Capa Luxuosa,166/182,Uncommon,PAR
Mélia,167/182,Uncommon,PAR
Norman,168/182,Uncommon,PAR
Dama de Sombrinha,169/182,Common,PAR
Vitalidade da Professora Arka,170/182,Uncommon,PAR
Hipótese do Professor Turo,171/182,Uncommon,PAR
Kaya,172/182,Uncommon,PAR
Roark,173/182,Uncommon,PAR
Shauntal,174/182,Uncommon,PAR
Boneco de Snorlax,175/182,Uncommon,PAR
Máquina Técnica: Ponto Cego,176/182,Uncommon,PAR
Máquina Técnica: Involução,177/182,Uncommon,PAR
Máquina Técnica: Evolução,178/182,Uncommon,PAR
Máquina Técnica: Turboenergização,179/182,Uncommon,PAR
Radar Tecnológico,180/182,Uncommon,PAR
Tulipa,181/182,Uncommon,PAR
Energia Medicinal,182/182,Uncommon,PAR
Crustle,183/182,Illustration Rare,PAR
Dottler,184/182,Illustration Rare,PAR
Toedscruel,185/182,Illustration Rare,PAR
Magby,186/182,Illustration Rare,PAR
Mariposa Férrea,187/182,Illustration Rare,PAR
Snorunt,188/182,Illustration Rare,PAR
Mantyke,189/182,Illustration Rare,PAR
Vanillish,190/182,Illustration Rare,PAR
Wimpod,191/182,Illustration Rare,PAR
Veluza,192/182,Illustration Rare,PAR
Plusle,193/182,Illustration Rare,PAR
Minun,194/182,Illustration Rare,PAR
Blitzle,195/182,Illustration Rare,PAR
Joltik,196/182,Illustration Rare,PAR
Espathra,197/182,Illustration Rare,PAR
Gimmighoul,198/182,Illustration Rare,PAR
Groudon,199/182,Illustration Rare,PAR
Mienshao,200/182,Illustration Rare,PAR
Minior,201/182,Illustration Rare,PAR
Garganacl,202/182,Illustration Rare,PAR
Asa Rasteira,203/182,Illustration Rare,PAR
Garbodor,204/182,Illustration Rare,PAR
Yveltal,205/182,Illustration Rare,PAR
Morpeko,206/182,Illustration Rare,PAR
Capuz Bruto,207/182,Illustration Rare,PAR
Steelix,208/182,Illustration Rare,PAR
Ferrothorn,209/182,Illustration Rare,PAR
Aegislash,210/182,Illustration Rare,PAR
Aipom,211/182,Illustration Rare,PAR
Loudred,212/182,Illustration Rare,PAR
Swablu,213/182,Illustration Rare,PAR
Porygon-Z,214/182,Illustration Rare,PAR
Cyclizar,215/182,Illustration Rare,PAR
Jugulares Férreas,216/182,Illustration Rare,PAR
Froslass ex,217/182,Ultra Rare,PAR
Armarouge ex,218/182,Ultra Rare,PAR
Garchomp ex,219/182,Ultra Rare,PAR
Tsareena ex,220/182,Ultra Rare,PAR
Golisopod ex,221/182,Ultra Rare,PAR
Tapu Koko ex,222/182,Ultra Rare,PAR
Mãos Férreas ex,223/182,Ultra Rare,PAR
Cofagrigus ex,224/182,Ultra Rare,PAR
Valentia Férrea ex,225/182,Ultra Rare,PAR
Hoopa ex,226/182,Ultra Rare,PAR
Toxtricity ex,227/182,Ultra Rare,PAR
Choque Areia ex,228/182,Ultra Rare,PAR
Lua Estrondo ex,229/182,Ultra Rare,PAR
Aegislash ex,230/182,Ultra Rare,PAR
Gholdengo ex,231/182,Ultra Rare,PAR
Altaria ex,232/182,Ultra Rare,PAR
Maushold ex,233/182,Ultra Rare,PAR
Bombirdier ex,234/182,Ultra Rare,PAR
Lauro,235/182,Ultra Rare,PAR
Mélia,236/182,Ultra Rare,PAR
Norman,237/182,Ultra Rare,PAR
Dama de Sombrinha,238/182,Ultra Rare,PAR
Vitalidade da Professora Arka,239/182,Ultra Rare,PAR
Hipótese do Professor Turo,240/182,Ultra Rare,PAR
Kaya,241/182,Ultra Rare,PAR
Roark,242/182,Ultra Rare,PAR
Shauntal,243/182,Ultra Rare,PAR
Tulipa,244/182,Ultra Rare,PAR
Garchomp ex,245/182,Special Illustration Rare,PAR
Golisopod ex,246/182,Special Illustration Rare,PAR
Tapu Koko ex,247/182,Special Illustration Rare,PAR
Mãos Férreas ex,248/182,Special Illustration Rare,PAR
Valentia Férrea ex,249/182,Special Illustration Rare,PAR
Choque Areia ex,250/182,Special Illustration Rare,PAR
Lua Estrondo ex,251/182,Special Illustration Rare,PAR
Gholdengo ex,252/182,Special Illustration Rare,PAR
Altaria ex,253/182,Special Illustration Rare,PAR
Mélia,254/182,Special Illustration Rare,PAR
Dama de Sombrinha,255/182,Special Illustration Rare,PAR
Vitalidade da Professora Arka,256/182,Special Illustration Rare,PAR
Hipótese do Professor Turo,257/182,Special Illustration Rare,PAR
Kaya,258/182,Special Illustration Rare,PAR
Tulipa,259/182,Special Illustration Rare,PAR
Garchomp ex,260/182,Hyper Rare,PAR
Valentia Férrea ex,261/182,Hyper Rare,PAR
Lua Estrondo ex,262/182,Hyper Rare,PAR
Quadra de Praia,263/182,Hyper Rare,PAR
Pegador de Contra-ataque,264/182,Hyper Rare,PAR
Capa Luxuosa,265/182,Hyper Rare,PAR
Energia Reversa,266/182,Hyper Rare,PAR
Exeggcute,1/131,Common,PRE
Exeggutor,2/131,Uncommon,PRE
Pinsir,3/131,Common,PRE
Budew,4/131,Common,PRE
Leafeon,5/131,Rare,PRE
Leafeon ex,6/131,Double Rare,PRE
Cottonee,7/131,Common,PRE
Whimsicott,8/131,Rare,PRE
Applin,9/131,Common,PRE
Dipplin,10/131,Uncommon,PRE
Hydrapple ex,11/131,Double Rare,PRE
Ogerpon Máscara Turquesa ex,12/131,Double Rare,PRE
Flareon,13/131,Rare,PRE
Flareon ex,14/131,Double Rare,PRE
Litleo,15/131,Common,PRE
Pyroar,16/131,Uncommon,PRE
Ogerpon Máscara Fornalha ex,17/131,Double Rare,PRE
Slowpoke,18/131,Common,PRE
Slowking,19/131,Uncommon,PRE
Goldeen,20/131,Common,PRE
Seaking,21/131,Uncommon,PRE
Vaporeon,22/131,Rare,PRE
Vaporeon ex,23/131,Double Rare,PRE
Suicune,24/131,Uncommon,PRE
Glaceon,25/131,Rare,PRE
Glaceon ex,26/131,Double Rare,PRE
Ogerpon Máscara Nascente ex,27/131,Double Rare,PRE
Pikachu ex,28/131,Double Rare,PRE
Jolteon,29/131,Rare,PRE
Jolteon ex,30/131,Double Rare,PRE
Mãos Férreas ex,31/131,Double Rare,PRE
Espinhos Férreos ex,32/131,Double Rare,PRE
Espeon,33/131,Rare,PRE
Espeon ex,34/131,Double Rare,PRE
Duskull,35/131,Common,PRE
Dusclops,36/131,Common,PRE
Dusknoir,37/131,Rare,PRE
Spritzee,38/131,Common,PRE
Aromatisse,39/131,Common,PRE
Sylveon,40/131,Rare,PRE
Sylveon ex,41/131,Double Rare,PRE
Cauda Brado,42/131,Uncommon,PRE
Juba Sopro,43/131,Rare,PRE
Munkidori,44/131,Rare,PRE
Fezandipiti,45/131,Rare,PRE
Rocha Férrea,46/131,Rare,PRE
Larvitar,47/131,Common,PRE
Pupitar,48/131,Common,PRE
Groudon,49/131,Rare,PRE
Riolu,50/131,Common,PRE
Lucario ex,51/131,Double Rare,PRE
Hippopotas,52/131,Common,PRE
Hippowdon,53/131,Common,PRE
Ursaluna Lua Sangrenta,54/131,Rare,PRE
Presa Grande,55/131,Uncommon,PRE
Choque Areia ex,56/131,Double Rare,PRE
Okidogi,57/131,Rare,PRE
Ogerpon Máscara Alicerce ex,58/131,Double Rare,PRE
Umbreon,59/131,Rare,PRE
Umbreon ex,60/131,Double Rare,PRE
Sneasel,61/131,Common,PRE
Houndour,62/131,Common,PRE
Houndoom,63/131,Common,PRE
Tyranitar ex,64/131,Double Rare,PRE
Lua Estrondo,65/131,Rare,PRE
Bronzor,66/131,Common,PRE
Bronzong,67/131,Uncommon,PRE
Heatran,68/131,Uncommon,PRE
Duraludon,69/131,Common,PRE
Archaludon,70/131,Rare,PRE
Dreepy,71/131,Common,PRE
Drakloak,72/131,Common,PRE
Dragapult ex,73/131,Double Rare,PRE
Eevee,74/131,Common,PRE
Eevee ex,75/131,Double Rare,PRE
Snorlax ex,76/131,Double Rare,PRE
Hoothoot,77/131,Common,PRE
Noctowl,78/131,Rare,PRE
Dunsparce,79/131,Common,PRE
Dudunsparce,80/131,Rare,PRE
Miltank,81/131,Common,PRE
Lugia ex,82/131,Double Rare,PRE
Buneary,83/131,Common,PRE
Lopunny,84/131,Common,PRE
Rotom Ventilador,85/131,Common,PRE
Regigigas,86/131,Uncommon,PRE
Shaymin,87/131,Uncommon,PRE
Furfrou,88/131,Common,PRE
Hawlucha,89/131,Uncommon,PRE
Noibat,90/131,Common,PRE
Noivern ex,91/131,Double Rare,PRE
Terapagos ex,92/131,Double Rare,PRE
Amarílis,93/131,Common,PRE
Abismo da Área Zero,94/131,Uncommon,PRE
Moti Vinculante,95/131,Uncommon,PRE
Treino de Faixa Preta,96/131,Common,PRE
Treino de Faixa Preta,97/131,Common,PRE
Treino de Faixa Preta,98/131,Common,PRE
Treino de Faixa Preta,99/131,Common,PRE
Urzy,100/131,Uncommon,PRE
Poffin de Colega,101/131,Uncommon,PRE
Kit Caça-inseto,102/131,Uncommon,PRE
Carmine,103/131,Uncommon,PRE
Decodificação da Criptomaníaca,104/131,Uncommon,PRE
Plínio,105/131,Uncommon,PRE
Recipiente Terrestre,106/131,Uncommon,PRE
Liderança do Explorador,107/131,Uncommon,PRE
Praça de Festas,108/131,Uncommon,PRE
Amigos em Paldea,109/131,Common,PRE
Trompete de Vidro,110/131,Uncommon,PRE
Fruta Meraçá,111/131,Common,PRE
Dom Secreto da Janine,112/131,Uncommon,PRE
Kiran,113/131,Uncommon,PRE
Tarsila,114/131,Uncommon,PRE
Talento do Lauro,115/131,Common,PRE
Vara de Pescar Max,116/131,ACE SPEC Rare,PRE
Cinturão Máximo,117/131,ACE SPEC Rare,PRE
Máscara do Ogro,118/131,Uncommon,PRE
Pegador Superior,119/131,ACE SPEC Rare,PRE
Vitalidade da Professora Arka,120/131,Uncommon,PRE
Hipótese do Professor Turo,121/131,Uncommon,PRE
Pesquisa de Professores,122/131,Common,PRE
Pesquisa de Professores,123/131,Common,PRE
Pesquisa de Professores,124/131,Common,PRE
Pesquisa de Professores,125/131,Common,PRE
Skate de Resgate,126/131,Uncommon,PRE
Roto-bastão,127/131,Common,PRE
Recolhida Ciclone,128/131,ACE SPEC Rare,PRE
Cristal Cintilante,129/131,ACE SPEC Rare,PRE
Radar Tecnológico,130/131,Uncommon,PRE
Rastreador de Tesouros,131/131,ACE SPEC Rare,PRE
Amarílis,132/131,Ultra Rare,PRE
Érico,133/131,Ultra Rare,PRE
Érico,134/131,Ultra Rare,PRE
Brás,135/131,Ultra Rare,PRE
Êri,136/131,Ultra Rare,PRE
Amigos em Paldea,137/131,Ultra Rare,PRE
Giacomo,138/131,Ultra Rare,PRE
Talento do Lauro,139/131,Ultra Rare,PRE
Mélia,140/131,Ultra Rare,PRE
Ortega,141/131,Ultra Rare,PRE
Moira,142/131,Ultra Rare,PRE
Tomila,143/131,Ultra Rare,PRE
Leafeon ex,144/131,Special Illustration Rare,PRE
Ogerpon Máscara Turquesa ex,145/131,Special Illustration Rare,PRE
Flareon ex,146/131,Special Illustration Rare,PRE
Ceruledge ex,147/131,Special Illustration Rare,PRE
Ogerpon Máscara Fornalha ex,148/131,Special Illustration Rare,PRE
Vaporeon ex,149/131,Special Illustration Rare,PRE
Glaceon ex,150/131,Special Illustration Rare,PRE
Palafin ex,151/131,Special Illustration Rare,PRE
Ogerpon Máscara Nascente ex,152/131,Special Illustration Rare,PRE
Jolteon ex,153/131,Special Illustration Rare,PRE
Mãos Férreas ex,154/131,Special Illustration Rare,PRE
Espeon ex,155/131,Special Illustration Rare,PRE
Sylveon ex,156/131,Special Illustration Rare,PRE
Valentia Férrea ex,157/131,Special Illustration Rare,PRE
Chifres Férreos ex,158/131,Special Illustration Rare,PRE
Choque Areia ex,159/131,Special Illustration Rare,PRE
Ogerpon Máscara Alicerce ex,160/131,Special Illustration Rare,PRE
Umbreon ex,161/131,Special Illustration Rare,PRE
Lua Estrondo ex,162/131,Special Illustration Rare,PRE
Pecharunt ex,163/131,Special Illustration Rare,PRE
Gholdengo ex,164/131,Special Illustration Rare,PRE
Dragapult ex,165/131,Special Illustration Rare,PRE
Raio Fúria ex,166/131,Special Illustration Rare,PRE
Eevee ex,167/131,Special Illustration Rare,PRE
Ursaluna Lua Sangrenta ex,168/131,Special Illustration Rare,PRE
Terapagos ex,169/131,Special Illustration Rare,PRE
Amarílis,170/131,Special Illustration Rare,PRE
Plínio,171/131,Special Illustration Rare,PRE
Drayton,172/131,Special Illustration Rare,PRE
Dom Secreto da Janine,173/131,Special Illustration Rare,PRE
Kiran,174/131,Special Illustration Rare,PRE
Tarsila,175/131,Special Illustration Rare,PRE
Folhas Férreas ex,176/131,Hyper Rare,PRE
Ogerpon Máscara Turquesa ex,177/131,Hyper Rare,PRE
Onda Ando ex,178/131,Hyper Rare,PRE
Pikachu ex,179/131,Hyper Rare,PRE
Terapagos ex,180/131,Hyper Rare,PRE
Sprigatito,1/102,Promo,SVP
Fuecoco,2/102,Promo,SVP
Quaxly,3/102,Promo,SVP
Mimikyu ex,4/102,Promo,SVP
Quaquaval,5/102,Promo,SVP
Pawmot,6/102,Promo,SVP
Hawlucha,7/102,Promo,SVP
Revavroom,8/102,Promo,SVP
Spidops,9/102,Promo,SVP
Espathra,10/102,Promo,SVP
Arcanine,11/102,Promo,SVP
Dondozo,12/102,Promo,SVP
Miraidon,13/102,Promo,SVP
Koraidon,14/102,Promo,SVP
Flaaffy,15/102,Promo,SVP
Ampharos ex,16/102,Promo,SVP
Lucario ex,17/102,Promo,SVP
Cyclizar ex,18/102,Promo,SVP
Baxcalibur,19/102,Promo,SVP
Tinkaton,20/102,Promo,SVP
Murkrow,21/102,Promo,SVP
Pelipper,22/102,Promo,SVP
Smoliv,23/102,Promo,SVP
Growlithe,24/102,Promo,SVP
Tinkatink,25/102,Promo,SVP
Varoom,26/102,Promo,SVP
Pikachu,27/102,Promo,SVP
Miraidon ex,28/102,Promo,SVP
Koraidon ex,29/102,Promo,SVP
Chien-Pao ex,30/102,Promo,SVP
Tinkaton ex,31/102,Promo,SVP
Annihilape ex,32/102,Promo,SVP
Meowscarada ex,33/102,Promo,SVP
Skeledirge ex,34/102,Promo,SVP
Quaquaval ex,35/102,Promo,SVP
Palafin,36/102,Promo,SVP
Cleffa,37/102,Promo,SVP
Togekiss,38/102,Promo,SVP
Mawile,39/102,Promo,SVP
Pawmi,40/102,Promo,SVP
Wooper de Paldea,41/102,Promo,SVP
Houndstone,42/102,Promo,SVP
Eevee,43/102,Promo,SVP
Charmander,44/102,Promo,SVP
Resort Paraíso,45/102,Promo,SVP
Bulbasaur,46/102,Promo,SVP
Charmander,47/102,Promo,SVP
Squirtle,48/102,Promo,SVP
Zapdos ex,49/102,Promo,SVP
Alakazam ex,50/102,Promo,SVP
Snorlax,51/102,Promo,SVP
Mewtwo,52/102,Promo,SVP
Mew ex,53/102,Promo,SVP
Greninja ex,54/102,Promo,SVP
Kangaskhan ex,55/102,Promo,SVP
Charizard ex,56/102,Promo,SVP
Chi-Yu,57/102,Promo,SVP
Pacote Férreo,58/102,Promo,SVP
Xatu,59/102,Promo,SVP
Aegislash,60/102,Promo,SVP
Pineco,61/102,Promo,SVP
Sinistea,62/102,Promo,SVP
Cetitan,63/102,Promo,SVP
Arctibax,64/102,Promo,SVP
Cauda Brado,65/102,Promo,SVP
Pacote Férreo,66/102,Promo,SVP
Lua Estrondo ex,67/102,Promo,SVP
Valentia Férrea ex,68/102,Promo,SVP
Fidough,69/102,Promo,SVP
Greavard,70/102,Promo,SVP
Maschiff,71/102,Promo,SVP
Presa Grande ex,72/102,Promo,SVP
Trilho Férreo ex,73/102,Promo,SVP
Charizard ex,74/102,Promo,SVP
Mimikyu,75/102,Promo,SVP
Sprigatito,76/102,Promo,SVP
Floragato,77/102,Promo,SVP
Meowscarada ex,78/102,Promo,SVP
Fuecoco,79/102,Promo,SVP
Crocalor,80/102,Promo,SVP
Skeledirge ex,81/102,Promo,SVP
Quaxly,82/102,Promo,SVP
Quaxwell,83/102,Promo,SVP
Quaquaval ex,84/102,Promo,SVP
Pikachu com Chapéu de feltro Cinza,85/102,Promo,SVP
Mabosstiff ex,86/102,Promo,SVP
Sprigatito ex,87/102,Promo,SVP
Pikachu,88/102,Promo,SVP
Feraligatr,89/102,Promo,SVP
Metang,90/102,Promo,SVP
Koraidon,91/102,Promo,SVP
Miraidon,92/102,Promo,SVP
Carvanha,93/102,Promo,SVP
Bellibolt,94/102,Promo,SVP
Cleffa,95/102,Promo,SVP
Cyclizar,96/102,Promo,SVP
Juba Sopro,97/102,Promo,SVP
Espinhos Férreos,98/102,Promo,SVP
Shroodle,99/102,Promo,SVP
Grafaiai ex,100/102,Promo,SVP
Pikachu,101/102,Promo,SVP
Oddish,102/102,Promo,SVP
Houndoom ex,103/102,Promo,SVP
Melmetal ex,104/102,Promo,SVP
Armarouge ex,105/102,Promo,SVP
Pikachu ex,106/102,Promo,SVP
Mareep,107/102,Promo,SVP
Flaaffy,108/102,Promo,SVP
Ampharos,109/102,Promo,SVP
Darkrai ex,110/102,Promo,SVP
Pawniard,111/102,Promo,SVP
Bisharp,112/102,Promo,SVP
Kingambit,113/102,Promo,SVP
Fã de Piquenique,114/102,Promo,SVP
Thwackey,115/102,Promo,SVP
Infernape,116/102,Promo,SVP
Froslass,117/102,Promo,SVP
Tatsugiri,118/102,Promo,SVP
Toxel,119/102,Promo,SVP
Pupitar,120/102,Promo,SVP
Revavroom,121/102,Promo,SVP
Snorlax,122/102,Promo,SVP
Ogerpon Máscara Turquesa,123/102,Promo,SVP
Kissera,124/102,Promo,SVP
Armarouge ex,125/102,Promo,SVP
Palafin ex,126/102,Promo,SVP
Onda Ando ex,127/102,Promo,SVP
Folhas Férreas ex,128/102,Promo,SVP
Pecharunt,129/102,Promo,SVP
Kingambit,130/102,Promo,SVP
Kingdra ex,131/102,Promo,SVP
Greninja ex,132/102,Promo,SVP
Ledian,133/102,Promo,SVP
Crabominable,134/102,Promo,SVP
Drifblim,135/102,Promo,SVP
Bouffalant,136/102,Promo,SVP
Horsea,137/102,Promo,SVP
Porygon2,138/102,Promo,SVP
Latias,139/102,Promo,SVP
Tinkaton,140/102,Promo,SVP
Noctowl,141/102,Promo,SVP
Victini ex,142/102,Promo,SVP
Miraidon ex,143/102,Promo,SVP
Fogo Corrosão ex,144/102,Promo,SVP
Raio Fúria ex,145/102,Promo,SVP
Chifres Férreos ex,146/102,Promo,SVP
Rocha Férrea ex,147/102,Promo,SVP
Miraidon,148/102,Promo,SVP
Pecharunt,149/102,Promo,SVP
Resort Paraíso,150/102,Promo,SVP
Fogo Corrosão,151/102,Promo,SVP
Chien-Pao,152/102,Promo,SVP
Magneton,153/102,Promo,SVP
Indeedee,154/102,Promo,SVP
Wooper,155/102,Promo,SVP
Quagsire,156/102,Promo,SVP
Zapdos,157/102,Promo,SVP
Pachirisu,158/102,Promo,SVP
Magneton,159/102,Promo,SVP
Squawkabilly ex,160/102,Promo,SVP
Charizard ex,161/102,Promo,SVP
Houndstone ex,162/102,Promo,SVP
Cinderace ex,163/102,Promo,SVP
Lapras ex,164/102,Promo,SVP
Terapagos ex,165/102,Promo,SVP
Energia de Grama,1/8,Common,SVE
Energia de Fogo,2/8,Common,SVE
Energia de Água,3/8,Common,SVE
Energia de Raios,4/8,Common,SVE
Energia Psíquica,5/8,Common,SVE
Energia de Luta,6/8,Common,SVE
Energia de Escuridão,7/8,Common,SVE
Energia de Metal,8/8,Common,SVE
Energia de Grama,9/8,Common,SVE
Energia de Fogo,10/8,Common,SVE
Energia de Água,11/8,Common,SVE
Energia de Raios,12/8,Common,SVE
Energia Psíquica,13/8,Common,SVE
Energia de Luta,14/8,Common,SVE
Energia de Escuridão,15/8,Common,SVE
Energia de Metal,16/8,Common,SVE
Pineco,1/198,Common,SVI
Heracross,2/198,Uncommon,SVI
Shroomish,3/198,Common,SVI
Breloom,4/198,Uncommon,SVI
Cacnea,5/198,Common,SVI
Cacturne,6/198,Uncommon,SVI
Tropius,7/198,Common,SVI
Scatterbug,8/198,Common,SVI
Spewpa,9/198,Common,SVI
Vivillon,10/198,Uncommon,SVI
Skiddo,11/198,Common,SVI
Gogoat,12/198,Common,SVI
Sprigatito,13/198,Common,SVI
Floragato,14/198,Uncommon,SVI
Meowscarada,15/198,Rare,SVI
Tarountula,16/198,Common,SVI
Tarountula,17/198,Common,SVI
Tarountula,18/198,Common,SVI
Spidops ex,19/198,Double Rare,SVI
Smoliv,20/198,Common,SVI
Smoliv,21/198,Common,SVI
Dolliv,22/198,Common,SVI
Arboliva,23/198,Rare,SVI
Toedscool,24/198,Common,SVI
Toedscool,25/198,Common,SVI
Toedscruel,26/198,Uncommon,SVI
Capsakid,27/198,Common,SVI
Capsakid,28/198,Common,SVI
Scovillain,29/198,Uncommon,SVI
Growlithe,30/198,Common,SVI
Growlithe,31/198,Common,SVI
Arcanine ex,32/198,Double Rare,SVI
Houndour,33/198,Common,SVI
Houndoom,34/198,Common,SVI
Torkoal,35/198,Uncommon,SVI
Fuecoco,36/198,Common,SVI
Crocalor,37/198,Uncommon,SVI
Skeledirge,38/198,Rare,SVI
Charcadet,39/198,Common,SVI
Charcadet,40/198,Common,SVI
Armarouge,41/198,Rare,SVI
Slowpoke,42/198,Common,SVI
Slowbro,43/198,Rare,SVI
Magikarp,44/198,Common,SVI
Gyarados ex,45/198,Double Rare,SVI
Buizel,46/198,Common,SVI
Floatzel,47/198,Uncommon,SVI
Alomomola,48/198,Common,SVI
Clauncher,49/198,Common,SVI
Clawitzer,50/198,Common,SVI
Bruxish,51/198,Common,SVI
Quaxly,52/198,Common,SVI
Quaxwell,53/198,Uncommon,SVI
Quaquaval,54/198,Rare,SVI
Wiglett,55/198,Common,SVI
Wiglett,56/198,Common,SVI
Wugtrio,57/198,Uncommon,SVI
Cetoddle,58/198,Common,SVI
Cetoddle,59/198,Common,SVI
Cetitan,60/198,Uncommon,SVI
Dondozo,61/198,Rare,SVI
Tatsugiri,62/198,Uncommon,SVI
Magnemite,63/198,Common,SVI
Magneton,64/198,Common,SVI
Magnezone ex,65/198,Double Rare,SVI
Mareep,66/198,Common,SVI
Flaaffy,67/198,Uncommon,SVI
Pachirisu,68/198,Uncommon,SVI
Rotom,69/198,Common,SVI
Rotom,70/198,Common,SVI
Toxel,71/198,Common,SVI
Toxtricity,72/198,Uncommon,SVI
Pawmi,73/198,Common,SVI
Pawmi,74/198,Common,SVI
Pawmo,75/198,Common,SVI
Pawmot,76/198,Rare,SVI
Wattrel,77/198,Common,SVI
Wattrel,78/198,Common,SVI
Kilowattrel,79/198,Uncommon,SVI
Miraidon,80/198,Rare,SVI
Miraidon ex,81/198,Double Rare,SVI
Drowzee,82/198,Common,SVI
Hypno,83/198,Uncommon,SVI
Ralts,84/198,Common,SVI
Kirlia,85/198,Common,SVI
Gardevoir ex,86/198,Double Rare,SVI
Shuppet,87/198,Common,SVI
Banette ex,88/198,Double Rare,SVI
Drifloon,89/198,Common,SVI
Drifblim,90/198,Uncommon,SVI
Flabébé,91/198,Common,SVI
Floette,92/198,Common,SVI
Florges,93/198,Uncommon,SVI
Dedenne,94/198,Common,SVI
Dedenne,95/198,Common,SVI
Klefki,96/198,Rare,SVI
Fidough,97/198,Common,SVI
Fidough,98/198,Common,SVI
Dachsbun,99/198,Uncommon,SVI
Flittle,100/198,Common,SVI
Flittle,101/198,Common,SVI
Flittle,102/198,Common,SVI
Espathra,103/198,Uncommon,SVI
Greavard,104/198,Common,SVI
Greavard,105/198,Common,SVI
Houndstone,106/198,Rare,SVI
Mankey,107/198,Common,SVI
Primeape,108/198,Common,SVI
Annihilape,109/198,Rare,SVI
Meditite,110/198,Common,SVI
Medicham,111/198,Uncommon,SVI
Riolu,112/198,Common,SVI
Riolu,113/198,Common,SVI
Lucario,114/198,Uncommon,SVI
Sandile,115/198,Common,SVI
Krokorok,116/198,Common,SVI
Krookodile,117/198,Uncommon,SVI
Hawlucha,118/198,Rare,SVI
Silicobra,119/198,Common,SVI
Sandaconda,120/198,Uncommon,SVI
Stonjourner,121/198,Uncommon,SVI
Klawf,122/198,Rare,SVI
Presa Grande ex,123/198,Double Rare,SVI
Koraidon,124/198,Rare,SVI
Koraidon ex,125/198,Double Rare,SVI
Grimer,126/198,Common,SVI
Muk,127/198,Uncommon,SVI
Seviper,128/198,Common,SVI
Spiritomb,129/198,Uncommon,SVI
Croagunk,130/198,Common,SVI
Toxicroak ex,131/198,Double Rare,SVI
Pawniard,132/198,Common,SVI
Bisharp,133/198,Common,SVI
Kingambit,134/198,Rare,SVI
Maschiff,135/198,Common,SVI
Maschiff,136/198,Common,SVI
Mabosstiff,137/198,Uncommon,SVI
Bombirdier,138/198,Uncommon,SVI
Forretress,139/198,Uncommon,SVI
Varoom,140/198,Common,SVI
Varoom,141/198,Common,SVI
Revavroom,142/198,Rare,SVI
Trilho Férreo ex,143/198,Double Rare,SVI
Chansey,144/198,Common,SVI
Blissey,145/198,Uncommon,SVI
Zangoose,146/198,Common,SVI
Zangoose,147/198,Uncommon,SVI
Starly,148/198,Common,SVI
Staravia,149/198,Common,SVI
Staraptor,150/198,Uncommon,SVI
Skwovet,151/198,Common,SVI
Greedent,152/198,Uncommon,SVI
Indeedee,153/198,Rare,SVI
Lechonk,154/198,Common,SVI
Lechonk,155/198,Common,SVI
Lechonk,156/198,Common,SVI
Oinkologne,157/198,Uncommon,SVI
Oinkologne ex,158/198,Double Rare,SVI
Tandemaus,159/198,Common,SVI
Tandemaus,160/198,Common,SVI
Maushold,161/198,Uncommon,SVI
Squawkabilly,162/198,Common,SVI
Cyclizar,163/198,Uncommon,SVI
Cyclizar,164/198,Rare,SVI
Flamigo,165/198,Uncommon,SVI
Arven,166/198,Uncommon,SVI
Quadra de Praia,167/198,Uncommon,SVI
Martelo Esmagador,168/198,Common,SVI
Faixa de Desafio,169/198,Uncommon,SVI
Gerador Elétrico,170/198,Uncommon,SVI
Recuperação de Energia,171/198,Common,SVI
Busca de Energia,172/198,Common,SVI
Substituição de Energia,173/198,Common,SVI
Compart. Exp.,174/198,Uncommon,SVI
Jacques,175/198,Uncommon,SVI
Juiz,176/198,Uncommon,SVI
Catarina,177/198,Uncommon,SVI
Mesaledo,178/198,Uncommon,SVI
Miriam,179/198,Uncommon,SVI
Noêmia,180/198,Common,SVI
Bola de Ninho,181/198,Uncommon,SVI
Pal Pad,182/198,Common,SVI
Penélope,183/198,Uncommon,SVI
Cesta de Piquenique,184/198,Uncommon,SVI
Poké Bola,185/198,Common,SVI
Pokégear 3.0,186/198,Common,SVI
Pegador de Pokémon,187/198,Common,SVI
Poção,188/198,Common,SVI
Pesquisa de Professores,189/198,Rare,SVI
Pesquisa de Professores,190/198,Rare,SVI
Doce Raro,191/198,Common,SVI
Peitoral de Pedra,192/198,Uncommon,SVI
Capacete de Pedra,193/198,Uncommon,SVI
Substituição,194/198,Common,SVI
Recruta da Equipe Star,195/198,Uncommon,SVI
Ultra Bola,196/198,Uncommon,SVI
Faixa de Vitalidade,197/198,Uncommon,SVI
Jovem,198/198,Uncommon,SVI
Tarountula,199/198,Illustration Rare,SVI
Dolliv,200/198,Illustration Rare,SVI
Toedscool,201/198,Illustration Rare,SVI
Scovillain,202/198,Illustration Rare,SVI
Armarouge,203/198,Illustration Rare,SVI
Slowpoke,204/198,Illustration Rare,SVI
Clauncher,205/198,Illustration Rare,SVI
Wiglett,206/198,Illustration Rare,SVI
Dondozo,207/198,Illustration Rare,SVI
Pachirisu,208/198,Illustration Rare,SVI
Pawmot,209/198,Illustration Rare,SVI
Drowzee,210/198,Illustration Rare,SVI
Ralts,211/198,Illustration Rare,SVI
Kirlia,212/198,Illustration Rare,SVI
Fidough,213/198,Illustration Rare,SVI
Greavard,214/198,Illustration Rare,SVI
Riolu,215/198,Illustration Rare,SVI
Sandile,216/198,Illustration Rare,SVI
Klawf,217/198,Illustration Rare,SVI
Mabosstiff,218/198,Illustration Rare,SVI
Bombirdier,219/198,Illustration Rare,SVI
Kingambit,220/198,Illustration Rare,SVI
Starly,221/198,Illustration Rare,SVI
Skwovet,222/198,Illustration Rare,SVI
Spidops ex,223/198,Ultra Rare,SVI
Arcanine ex,224/198,Ultra Rare,SVI
Gyarados ex,225/198,Ultra Rare,SVI
Magnezone ex,226/198,Ultra Rare,SVI
Miraidon ex,227/198,Ultra Rare,SVI
Gardevoir ex,228/198,Ultra Rare,SVI
Banette ex,229/198,Ultra Rare,SVI
Presa Grande ex,230/198,Ultra Rare,SVI
Koraidon ex,231/198,Ultra Rare,SVI
Toxicroak ex,232/198,Ultra Rare,SVI
Trilho Férreo ex,233/198,Ultra Rare,SVI
Oinkologne ex,234/198,Ultra Rare,SVI
Arven,235/198,Ultra Rare,SVI
Jacques,236/198,Ultra Rare,SVI
Catarina,237/198,Ultra Rare,SVI
Miriam,238/198,Ultra Rare,SVI
Penélope,239/198,Ultra Rare,SVI
Pesquisa de Professores,240/198,Ultra Rare,SVI
Pesquisa de Professores,241/198,Ultra Rare,SVI
Recruta da Equipe Star,242/198,Ultra Rare,SVI
Spidops ex,243/198,Special Illustration Rare,SVI
Miraidon ex,244/198,Special Illustration Rare,SVI
Gardevoir ex,245/198,Special Illustration Rare,SVI
Presa Grande ex,246/198,Special Illustration Rare,SVI
Koraidon ex,247/198,Special Illustration Rare,SVI
Trilho Férreo ex,248/198,Special Illustration Rare,SVI
Arven,249/198,Special Illustration Rare,SVI
Jacques,250/198,Special Illustration Rare,SVI
Miriam,251/198,Special Illustration Rare,SVI
Penélope,252/198,Special Illustration Rare,SVI
Miraidon ex,253/198,Hyper Rare,SVI
Koraidon ex,254/198,Hyper Rare,SVI
Bola de Ninho,255/198,Hyper Rare,SVI
Doce Raro,256/198,Hyper Rare,SVI
Energia Lightning Básica,257/198,Hyper Rare,SVI
Energia Fighting Básica,258/198,Hyper Rare,SVI
Joltik,1/64,Common,SFA
Galvantula,2/64,Uncommon,SFA
Rowlet,3/64,Common,SFA
Dartrix,4/64,Common,SFA
Decidueye,5/64,Uncommon,SFA
Tapu Bulu,6/64,Rare,SFA
Houndour,7/64,Common,SFA
Houndoom,8/64,Common,SFA
Mariposa Férrea,9/64,Uncommon,SFA
Horsea,10/64,Common,SFA
Seadra,11/64,Common,SFA
Kingdra ex,12/64,Double Rare,SFA
Sneasel,13/64,Common,SFA
Weavile,14/64,Uncommon,SFA
Revavroom ex,15/64,Double Rare,SFA
Drowzee,16/64,Common,SFA
Hypno,17/64,Uncommon,SFA
Duskull,18/64,Common,SFA
Dusclops,19/64,Common,SFA
Dusknoir,20/64,Rare,SFA
Cresselia,21/64,Rare,SFA
Sylveon,22/64,Uncommon,SFA
Croagunk,23/64,Common,SFA
Toxicroak,24/64,Common,SFA
Ursaluna Lua Sangrenta,25/64,Rare,SFA
Asa Rasteira,26/64,Uncommon,SFA
Zubat,27/64,Common,SFA
Golbat,28/64,Common,SFA
Crobat,29/64,Uncommon,SFA
Absol,30/64,Common,SFA
Zorua,31/64,Common,SFA
Zoroark,32/64,Rare,SFA
Inkay,33/64,Common,SFA
Malamar,34/64,Uncommon,SFA
Yveltal,35/64,Uncommon,SFA
Okidogi ex,36/64,Double Rare,SFA
Munkidori ex,37/64,Double Rare,SFA
Fezandipiti ex,38/64,Double Rare,SFA
Pecharunt ex,39/64,Double Rare,SFA
Genesect,40/64,Uncommon,SFA
Cufant,41/64,Common,SFA
Copperajah,42/64,Rare,SFA
Varoom,43/64,Common,SFA
Axew,44/64,Common,SFA
Fraxure,45/64,Common,SFA
Haxorus,46/64,Rare,SFA
Kyurem,47/64,Uncommon,SFA
Meowth,48/64,Common,SFA
Persian,49/64,Common,SFA
Eevee,50/64,Common,SFA
Furfrou,51/64,Common,SFA
Stufful,52/64,Common,SFA
Bewear,53/64,Common,SFA
Academia à Noite,54/64,Uncommon,SFA
Moti Vinculante,55/64,Uncommon,SFA
Cassiopeia,56/64,Uncommon,SFA
Tenacidade do Colress,57/64,Uncommon,SFA
Laser Perigoso,58/64,ACE SPEC Rare,SFA
Dom Secreto da Janine,59/64,Uncommon,SFA
Zona de Neutralização,60/64,ACE SPEC Rare,SFA
Maca Noturna,61/64,Uncommon,SFA
Poké Vital A,62/64,ACE SPEC Rare,SFA
Ampulheta Poderosa,63/64,Uncommon,SFA
Tramoias do Xerosic,64/64,Uncommon,SFA
Tapu Bulu,65/64,Illustration Rare,SFA
Houndoom,66/64,Illustration Rare,SFA
Horsea,67/64,Illustration Rare,SFA
Duskull,68/64,Illustration Rare,SFA
Dusclops,69/64,Illustration Rare,SFA
Dusknoir,70/64,Illustration Rare,SFA
Cresselia,71/64,Illustration Rare,SFA
Munkidori,72/64,Illustration Rare,SFA
Fezandipiti,73/64,Illustration Rare,SFA
Okidogi,74/64,Illustration Rare,SFA
Zorua,75/64,Illustration Rare,SFA
Cufant,76/64,Illustration Rare,SFA
Fraxure,77/64,Illustration Rare,SFA
Persian,78/64,Illustration Rare,SFA
Bewear,79/64,Illustration Rare,SFA
Kingdra ex,80/64,Ultra Rare,SFA
Revavroom ex,81/64,Ultra Rare,SFA
Okidogi ex,82/64,Ultra Rare,SFA
Munkidori ex,83/64,Ultra Rare,SFA
Fezandipiti ex,84/64,Ultra Rare,SFA
Pecharunt ex,85/64,Ultra Rare,SFA
Cassiopeia,86/64,Ultra Rare,SFA
Tenacidade do Colress,87/64,Ultra Rare,SFA
Dom Secreto da Janine,88/64,Ultra Rare,SFA
Tramoias do Xerosic,89/64,Ultra Rare,SFA
Okidogi ex,90/64,Special Illustration Rare,SFA
Munkidori ex,91/64,Special Illustration Rare,SFA
Fezandipiti ex,92/64,Special Illustration Rare,SFA
Pecharunt ex,93/64,Special Illustration Rare,SFA
Cassiopeia,94/64,Special Illustration Rare,SFA
Pecharunt ex,95/64,Hyper Rare,SFA
Recipiente Terrestre,96/64,Hyper Rare,SFA
Ampulheta Poderosa,97/64,Hyper Rare,SFA
Energia Darkness Básica,98/64,Hyper Rare,SFA
Energia Metal Básica,99/64,Hyper Rare,SFA
Venusaur ex,1/142,Double Rare,SCR
Ledyba,2/142,Common,SCR
Ledian,3/142,Rare,SCR
Celebi,4/142,Uncommon,SCR
Lileep,5/142,Common,SCR
Cradily,6/142,Rare,SCR
Carnivine,7/142,Common,SCR
Rotom Corte,8/142,Common,SCR
Grubbin,9/142,Common,SCR
Gossifleur,10/142,Common,SCR
Eldegoss,11/142,Uncommon,SCR
Applin,12/142,Common,SCR
Dipplin,13/142,Common,SCR
Hydrapple ex,14/142,Double Rare,SCR
Nymble,15/142,Common,SCR
Lokix,16/142,Common,SCR
Toedscool,17/142,Common,SCR
Toedscruel,18/142,Uncommon,SCR
Ponyta,19/142,Common,SCR
Rapidash,20/142,Uncommon,SCR
Pansear,21/142,Common,SCR
Reshiram,22/142,Uncommon,SCR
Salandit,23/142,Common,SCR
Salazzle,24/142,Uncommon,SCR
Turtonator,25/142,Common,SCR
Scorbunny,26/142,Common,SCR
Raboot,27/142,Common,SCR
Cinderace ex,28/142,Double Rare,SCR
Charcadet,29/142,Common,SCR
Blastoise ex,30/142,Double Rare,SCR
Lapras,31/142,Uncommon,SCR
Lapras ex,32/142,Double Rare,SCR
Marill,33/142,Common,SCR
Azumarill,34/142,Uncommon,SCR
Finneon,35/142,Common,SCR
Lumineon,36/142,Uncommon,SCR
Tirtouga,37/142,Common,SCR
Carracosta,38/142,Rare,SCR
Froakie,39/142,Common,SCR
Frogadier,40/142,Uncommon,SCR
Greninja ex,41/142,Double Rare,SCR
Crabominable,42/142,Uncommon,SCR
Chewtle,43/142,Common,SCR
Drednaw,44/142,Rare,SCR
Veluza,45/142,Uncommon,SCR
Electabuzz,46/142,Common,SCR
Electivire,47/142,Uncommon,SCR
Chinchou,48/142,Common,SCR
Lanturn,49/142,Uncommon,SCR
Joltik,50/142,Common,SCR
Galvantula ex,51/142,Double Rare,SCR
Charjabug,52/142,Common,SCR
Vikavolt,53/142,Uncommon,SCR
Togedemaru,54/142,Uncommon,SCR
Zeraora,55/142,Rare,SCR
Pawmi,56/142,Common,SCR
Slowpoke,57/142,Common,SCR
Slowking,58/142,Uncommon,SCR
Mewtwo,59/142,Uncommon,SCR
Drifloon,60/142,Common,SCR
Drifblim,61/142,Uncommon,SCR
Yamask,62/142,Common,SCR
Comfey,63/142,Common,SCR
Milcery,64/142,Common,SCR
Alcremie,65/142,Rare,SCR
Fidough,66/142,Common,SCR
Dachsbun ex,67/142,Double Rare,SCR
Flittle,68/142,Common,SCR
Espathra,69/142,Common,SCR
Greavard,70/142,Common,SCR
Rocha Férrea,71/142,Rare,SCR
Cubone,72/142,Common,SCR
Marowak,73/142,Uncommon,SCR
Rhyhorn,74/142,Common,SCR
Rhydon,75/142,Common,SCR
Rhyperior,76/142,Rare,SCR
Meditite,77/142,Common,SCR
Meditite,78/142,Common,SCR
Medicham,79/142,Common,SCR
Medicham ex,80/142,Double Rare,SCR
Riolu,81/142,Common,SCR
Lucario ex,82/142,Double Rare,SCR
Mienfoo,83/142,Common,SCR
Mienshao,84/142,Uncommon,SCR
Pancham,85/142,Common,SCR
Diancie,86/142,Uncommon,SCR
Crabrawler,87/142,Common,SCR
Falinks,88/142,Common,SCR
Garganacl ex,89/142,Double Rare,SCR
Koraidon,90/142,Uncommon,SCR
Gulpin,91/142,Common,SCR
Swalot,92/142,Uncommon,SCR
Pangoro,93/142,Uncommon,SCR
Impidimp,94/142,Common,SCR
Morgrem,95/142,Common,SCR
Grimmsnarl,96/142,Rare,SCR
Bombirdier,97/142,Common,SCR
Jirachi,98/142,Uncommon,SCR
Klink,99/142,Common,SCR
Klang,100/142,Common,SCR
Klinklang,101/142,Rare,SCR
Meltan,102/142,Common,SCR
Meltan,103/142,Common,SCR
Melmetal,104/142,Rare,SCR
Melmetal ex,105/142,Double Rare,SCR
Duraludon,106/142,Common,SCR
Archaludon,107/142,Rare,SCR
Varoom,108/142,Common,SCR
Revavroom,109/142,Uncommon,SCR
Orthworm ex,110/142,Double Rare,SCR
Raio Fúria,111/142,Rare,SCR
Tauros,112/142,Common,SCR
Eevee,113/142,Common,SCR
Hoothoot,114/142,Common,SCR
Noctowl,115/142,Rare,SCR
Glameow,116/142,Common,SCR
Purugly,117/142,Common,SCR
Rotom Ventilador,118/142,Common,SCR
Bouffalant,119/142,Rare,SCR
Tornadus,120/142,Uncommon,SCR
Fletchling,121/142,Common,SCR
Fletchinder,122/142,Common,SCR
Talonflame,123/142,Uncommon,SCR
Wooloo,124/142,Common,SCR
Dubwool,125/142,Uncommon,SCR
Lechonk,126/142,Common,SCR
Cyclizar,127/142,Common,SCR
Terapagos ex,128/142,Double Rare,SCR
Fóssil Casca Arcaico,129/142,Common,SCR
Fóssil Raiz Arcaico,130/142,Common,SCR
Abismo da Área Zero,131/142,Uncommon,SCR
Urzy,132/142,Uncommon,SCR
Plínio,133/142,Uncommon,SCR
Bomba Deluxe,134/142,ACE SPEC Rare,SCR
Trompete de Vidro,135/142,Uncommon,SCR
Árvore Grandiosa,136/142,ACE SPEC Rare,SCR
Gema da Gravidade,137/142,Uncommon,SCR
Álgaro,138/142,Uncommon,SCR
Tarsila,139/142,Uncommon,SCR
Fruta Cau,140/142,Uncommon,SCR
Fruta Paiapa,141/142,Uncommon,SCR
Cristal Cintilante,142/142,ACE SPEC Rare,SCR
Bulbasaur,143/142,Illustration Rare,SCR
Ledian,144/142,Illustration Rare,SCR
Lileep,145/142,Illustration Rare,SCR
Turtonator,146/142,Illustration Rare,SCR
Raboot,147/142,Illustration Rare,SCR
Squirtle,148/142,Illustration Rare,SCR
Crabominable,149/142,Illustration Rare,SCR
Joltik,150/142,Illustration Rare,SCR
Zeraora,151/142,Illustration Rare,SCR
Milcery,152/142,Illustration Rare,SCR
Meditite,153/142,Illustration Rare,SCR
Gulpin,154/142,Illustration Rare,SCR
Archaludon,155/142,Illustration Rare,SCR
Hydrapple ex,156/142,Ultra Rare,SCR
Cinderace ex,157/142,Ultra Rare,SCR
Lapras ex,158/142,Ultra Rare,SCR
Galvantula ex,159/142,Ultra Rare,SCR
Dachsbun ex,160/142,Ultra Rare,SCR
Medicham ex,161/142,Ultra Rare,SCR
Orthworm ex,162/142,Ultra Rare,SCR
Urzy,163/142,Ultra Rare,SCR
Plínio,164/142,Ultra Rare,SCR
Álgaro,165/142,Ultra Rare,SCR
Tarsila,166/142,Ultra Rare,SCR
Hydrapple ex,167/142,Special Illustration Rare,SCR
Galvantula ex,168/142,Special Illustration Rare,SCR
Dachsbun ex,169/142,Special Illustration Rare,SCR
Terapagos ex,170/142,Special Illustration Rare,SCR
Urzy,171/142,Special Illustration Rare,SCR
Tarsila,172/142,Special Illustration Rare,SCR
Terapagos ex,173/142,Hyper Rare,SCR
Abismo da Área Zero,174/142,Hyper Rare,SCR
Pingente de Bravura,175/142,Hyper Rare,SCR
Exeggcute,1/191,Common,SSP
Exeggcute,2/191,Common,SSP
Exeggutor,3/191,Uncommon,SSP
Durant ex,4/191,Double Rare,SSP
Scatterbug,5/191,Common,SSP
Spewpa,6/191,Common,SSP
Vivillon,7/191,Uncommon,SSP
Morelull,8/191,Common,SSP
Shiinotic,9/191,Uncommon,SSP
Dhelmise,10/191,Common,SSP
Zarude,11/191,Rare,SSP
Capsakid,12/191,Common,SSP
Rellor,13/191,Common,SSP
Rabsca,14/191,Rare,SSP
Wo-Chien,15/191,Uncommon,SSP
Vulpix,16/191,Common,SSP
Ninetales,17/191,Uncommon,SSP
Tauros de Paldea,18/191,Uncommon,SSP
Ho-Oh,19/191,Uncommon,SSP
Castform Forma Ensolarada,20/191,Common,SSP
Victini,21/191,Uncommon,SSP
Pansear,22/191,Common,SSP
Simisear,23/191,Common,SSP
Larvesta,24/191,Common,SSP
Volcarona,25/191,Common,SSP
Oricorio,26/191,Common,SSP
Sizzlipede,27/191,Common,SSP
Centiskorch,28/191,Common,SSP
Fuecoco,29/191,Common,SSP
Crocalor,30/191,Common,SSP
Skeledirge,31/191,Rare,SSP
Charcadet,32/191,Common,SSP
Charcadet,33/191,Common,SSP
Armarouge,34/191,Uncommon,SSP
Ceruledge,35/191,Uncommon,SSP
Ceruledge ex,36/191,Double Rare,SSP
Scovillain ex,37/191,Double Rare,SSP
Fogo Corrosão,38/191,Rare,SSP
Tauros de Paldea,39/191,Uncommon,SSP
Mantine,40/191,Common,SSP
Feebas,41/191,Common,SSP
Milotic ex,42/191,Double Rare,SSP
Spheal,43/191,Common,SSP
Sealeo,44/191,Common,SSP
Walrein,45/191,Uncommon,SSP
Shellos,46/191,Common,SSP
Cryogonal,47/191,Common,SSP
Kyurem Preto ex,48/191,Double Rare,SSP
Bruxish,49/191,Uncommon,SSP
Quaxly,50/191,Common,SSP
Quaxwell,51/191,Common,SSP
Quaquaval,52/191,Uncommon,SSP
Cetoddle,53/191,Common,SSP
Cetitan,54/191,Common,SSP
Pacote Férreo,55/191,Uncommon,SSP
Chien-Pao,56/191,Rare,SSP
Pikachu ex,57/191,Double Rare,SSP
Magnemite,58/191,Common,SSP
Magneton,59/191,Uncommon,SSP
Magnezone,60/191,Uncommon,SSP
Rotom,61/191,Common,SSP
Blitzle,62/191,Common,SSP
Zebstrika,63/191,Common,SSP
Stunfisk,64/191,Common,SSP
Tapu Koko,65/191,Rare,SSP
Wattrel,66/191,Common,SSP
Kilowattrel,67/191,Uncommon,SSP
Kilowattrel ex,68/191,Double Rare,SSP
Miraidon,69/191,Uncommon,SSP
Togepi,70/191,Common,SSP
Togetic,71/191,Common,SSP
Togekiss,72/191,Rare,SSP
Marill,73/191,Common,SSP
Azumarill,74/191,Uncommon,SSP
Smoochum,75/191,Common,SSP
Latias ex,76/191,Double Rare,SSP
Latios,77/191,Uncommon,SSP
Uxie,78/191,Common,SSP
Mesprit,79/191,Common,SSP
Azelf,80/191,Common,SSP
Sigilyph,81/191,Common,SSP
Yamask,82/191,Common,SSP
Cofagrigus,83/191,Rare,SSP
Espurr,84/191,Common,SSP
Meowstic,85/191,Uncommon,SSP
Sylveon ex,86/191,Double Rare,SSP
Dedenne,87/191,Common,SSP
Xerneas,88/191,Uncommon,SSP
Oricorio,89/191,Common,SSP
Sandygast,90/191,Common,SSP
Palossand ex,91/191,Double Rare,SSP
Tapu Lele,92/191,Rare,SSP
Indeedee,93/191,Uncommon,SSP
Flittle,94/191,Common,SSP
Espathra,95/191,Uncommon,SSP
Juba Sopro,96/191,Uncommon,SSP
Gimmighoul,97/191,Common,SSP
Mankey,98/191,Common,SSP
Primeape,99/191,Common,SSP
Annihilape,100/191,Uncommon,SSP
Tauros de Paldea,101/191,Uncommon,SSP
Phanpy,102/191,Common,SSP
Donphan,103/191,Common,SSP
Trapinch,104/191,Common,SSP
Vibrava,105/191,Common,SSP
Flygon ex,106/191,Double Rare,SSP
Gastrodon,107/191,Rare,SSP
Drilbur,108/191,Common,SSP
Excadrill,109/191,Common,SSP
Landorus,110/191,Rare,SSP
Passimian,111/191,Uncommon,SSP
Clobbopus,112/191,Common,SSP
Grapploct,113/191,Common,SSP
Glimmet,114/191,Common,SSP
Glimmora,115/191,Common,SSP
Koraidon,116/191,Uncommon,SSP
Deino,117/191,Common,SSP
Zweilous,118/191,Common,SSP
Hydreigon ex,119/191,Double Rare,SSP
Shroodle,120/191,Common,SSP
Grafaiai,121/191,Uncommon,SSP
Diglett de Alola,122/191,Common,SSP
Dugtrio de Alola,123/191,Uncommon,SSP
Skarmory,124/191,Common,SSP
Registeel,125/191,Uncommon,SSP
Bronzor,126/191,Common,SSP
Bronzong,127/191,Common,SSP
Klefki,128/191,Common,SSP
Duraludon,129/191,Common,SSP
Archaludon ex,130/191,Double Rare,SSP
Gholdengo,131/191,Uncommon,SSP
Chifres Férreos,132/191,Rare,SSP
Exeggutor de Alola ex,133/191,Double Rare,SSP
Altaria,134/191,Uncommon,SSP
Dialga,135/191,Rare,SSP
Palkia,136/191,Rare,SSP
Turtonator,137/191,Uncommon,SSP
Applin,138/191,Common,SSP
Flapple,139/191,Uncommon,SSP
Appletun,140/191,Uncommon,SSP
Eternatus,141/191,Rare,SSP
Tatsugiri ex,142/191,Double Rare,SSP
Eevee,143/191,Common,SSP
Snorlax,144/191,Common,SSP
Slakoth,145/191,Common,SSP
Vigoroth,146/191,Common,SSP
Slaking ex,147/191,Double Rare,SSP
Swablu,148/191,Common,SSP
Zangoose,149/191,Common,SSP
Kecleon,150/191,Common,SSP
Bouffalant,151/191,Common,SSP
Rufflet,152/191,Common,SSP
Braviary,153/191,Uncommon,SSP
Helioptile,154/191,Common,SSP
Heliolisk,155/191,Common,SSP
Oranguru,156/191,Common,SSP
Tandemaus,157/191,Common,SSP
Maushold,158/191,Uncommon,SSP
Cyclizar ex,159/191,Double Rare,SSP
Flamigo ex,160/191,Double Rare,SSP
Terapagos,161/191,Rare,SSP
Amuleto da Esperança,162/191,ACE SPEC Rare,SSP
Fruta Babiri,163/191,Uncommon,SSP
Liquidificador Perfeito,164/191,ACE SPEC Rare,SSP
Sininho de Mesa,165/191,Uncommon,SSP
Varinha Relaxante,166/191,Uncommon,SSP
Sagacidade do Clemont,167/191,Uncommon,SSP
Fruta Capicho,168/191,Uncommon,SSP
Contra-ataque de Alcance,169/191,Uncommon,SSP
Cyrano,170/191,Uncommon,SSP
Kit de Investigação,171/191,Uncommon,SSP
Elixir do Dragão,172/191,Uncommon,SSP
Drasna,173/191,Common,SSP
Drayton,174/191,Uncommon,SSP
Bola de Penumbra,175/191,Uncommon,SSP
Busca de Energia Profissional,176/191,ACE SPEC Rare,SSP
Montanha da Gravidade,177/191,Uncommon,SSP
Olhar da Jasmine,178/191,Uncommon,SSP
Apelo da Elisia,179/191,Uncommon,SSP
Estádio Animado,180/191,Uncommon,SSP
Memorando Intrometido,181/191,Uncommon,SSP
Ventilador Megaton,182/191,ACE SPEC Rare,SSP
Fone de Ouvido Milagroso,183/191,ACE SPEC Rare,SSP
Fruta Passho,184/191,Uncommon,SSP
Carrinho Precioso,185/191,ACE SPEC Rare,SSP
Chave de Embaralhamento,186/191,ACE SPEC Rare,SSP
Surfista,187/191,Uncommon,SSP
Máquina Técnica: Fluorita,188/191,Uncommon,SSP
Orbe Tera,189/191,Uncommon,SSP
Tomila,190/191,Uncommon,SSP
Energia Enriquecedora,191/191,ACE SPEC Rare,SSP
Exeggcute,192/191,Illustration Rare,SSP
Vivillon,193/191,Illustration Rare,SSP
Shiinotic,194/191,Illustration Rare,SSP
Castform Forma Ensolarada,195/191,Illustration Rare,SSP
Larvesta,196/191,Illustration Rare,SSP
Ceruledge,197/191,Illustration Rare,SSP
Feebas,198/191,Illustration Rare,SSP
Spheal,199/191,Illustration Rare,SSP
Bruxish,200/191,Illustration Rare,SSP
Cetitan,201/191,Illustration Rare,SSP
Stunfisk,202/191,Illustration Rare,SSP
Latios,203/191,Illustration Rare,SSP
Mesprit,204/191,Illustration Rare,SSP
Phanpy,205/191,Illustration Rare,SSP
Vibrava,206/191,Illustration Rare,SSP
Clobbopus,207/191,Illustration Rare,SSP
Dugtrio de Alola,208/191,Illustration Rare,SSP
Skarmory,209/191,Illustration Rare,SSP
Flapple,210/191,Illustration Rare,SSP
Appletun,211/191,Illustration Rare,SSP
Slakoth,212/191,Illustration Rare,SSP
Kecleon,213/191,Illustration Rare,SSP
Braviary,214/191,Illustration Rare,SSP
Durant ex,215/191,Ultra Rare,SSP
Scovillain ex,216/191,Ultra Rare,SSP
Milotic ex,217/191,Ultra Rare,SSP
Kyurem Preto ex,218/191,Ultra Rare,SSP
Pikachu ex,219/191,Ultra Rare,SSP
Latias ex,220/191,Ultra Rare,SSP
Palossand ex,221/191,Ultra Rare,SSP
Flygon ex,222/191,Ultra Rare,SSP
Hydreigon ex,223/191,Ultra Rare,SSP
Archaludon ex,224/191,Ultra Rare,SSP
Exeggutor de Alola ex,225/191,Ultra Rare,SSP
Tatsugiri ex,226/191,Ultra Rare,SSP
Slaking ex,227/191,Ultra Rare,SSP
Cyclizar ex,228/191,Ultra Rare,SSP
Sagacidade do Clemont,229/191,Ultra Rare,SSP
Cyrano,230/191,Ultra Rare,SSP
Drasna,231/191,Ultra Rare,SSP
Drayton,232/191,Ultra Rare,SSP
Olhar da Jasmine,233/191,Ultra Rare,SSP
Apelo da Elisia,234/191,Ultra Rare,SSP
Surfista,235/191,Ultra Rare,SSP
Durant ex,236/191,Special Illustration Rare,SSP
Milotic ex,237/191,Special Illustration Rare,SSP
Pikachu ex,238/191,Special Illustration Rare,SSP
Latias ex,239/191,Special Illustration Rare,SSP
Hydreigon ex,240/191,Special Illustration Rare,SSP
Archaludon ex,241/191,Special Illustration Rare,SSP
Exeggutor de Alola ex,242/191,Special Illustration Rare,SSP
Sagacidade do Clemont,243/191,Special Illustration Rare,SSP
Drayton,244/191,Special Illustration Rare,SSP
Olhar da Jasmine,245/191,Special Illustration Rare,SSP
Apelo da Elisia,246/191,Special Illustration Rare,SSP
Pikachu ex,247/191,Hyper Rare,SSP
Exeggutor de Alola ex,248/191,Hyper Rare,SSP
Contra-ataque de Alcance,249/191,Hyper Rare,SSP
Montanha da Gravidade,250/191,Hyper Rare,SSP
Maca Noturna,251/191,Hyper Rare,SSP
Energia a Jato,252/191,Hyper Rare,SSP
Scyther,1/162,Common,TEF
Pineco,2/162,Common,TEF
Seedot,3/162,Common,TEF
Nuzleaf,4/162,Common,TEF
Shiftry,5/162,Uncommon,TEF
Shroomish,6/162,Common,TEF
Breloom,7/162,Common,TEF
Roselia,8/162,Common,TEF
Roserade,9/162,Uncommon,TEF
Turtwig,10/162,Common,TEF
Grotle,11/162,Common,TEF
Torterra ex,12/162,Double Rare,TEF
Shaymin,13/162,Uncommon,TEF
Cottonee,14/162,Common,TEF
Whimsicott,15/162,Rare,TEF
Deerling,16/162,Common,TEF
Sawsbuck,17/162,Uncommon,TEF
Grubbin,18/162,Common,TEF
Dhelmise,19/162,Uncommon,TEF
Bramblin,20/162,Common,TEF
Brambleghast,21/162,Rare,TEF
Scovillain ex,22/162,Double Rare,TEF
Rellor,23/162,Common,TEF
Rabsca,24/162,Uncommon,TEF
Folhas Férreas ex,25/162,Double Rare,TEF
Ponyta,26/162,Common,TEF
Rapidash,27/162,Uncommon,TEF
Slugma,28/162,Common,TEF
Magcargo,29/162,Rare,TEF
Victini,30/162,Common,TEF
Heatmor,31/162,Common,TEF
Litten,32/162,Common,TEF
Torracat,33/162,Common,TEF
Incineroar ex,34/162,Double Rare,TEF
Turtonator,35/162,Common,TEF
Sizzlipede,36/162,Common,TEF
Centiskorch,37/162,Uncommon,TEF
Fogo Corrosão ex,38/162,Double Rare,TEF
Totodile,39/162,Common,TEF
Croconaw,40/162,Common,TEF
Feraligatr,41/162,Rare,TEF
Carvanha,42/162,Common,TEF
Sharpedo,43/162,Uncommon,TEF
Keldeo,44/162,Uncommon,TEF
Snom,45/162,Common,TEF
Frosmoth,46/162,Common,TEF
Wiglett,47/162,Common,TEF
Finizen,48/162,Common,TEF
Palafin,49/162,Uncommon,TEF
Onda Ando ex,50/162,Double Rare,TEF
Pikachu,51/162,Common,TEF
Raichu,52/162,Common,TEF
Electabuzz,53/162,Common,TEF
Electivire,54/162,Uncommon,TEF
Charjabug,55/162,Common,TEF
Vikavolt,56/162,Uncommon,TEF
Zeraora,57/162,Uncommon,TEF
Yamper,58/162,Common,TEF
Boltund,59/162,Uncommon,TEF
Wugtrio ex,60/162,Double Rare,TEF
Mãos Férreas,61/162,Uncommon,TEF
Espinhos Férreos,62/162,Rare,TEF
Mr. Mime,63/162,Common,TEF
Marill,64/162,Common,TEF
Azumarill,65/162,Common,TEF
Girafarig,66/162,Common,TEF
Latias,67/162,Uncommon,TEF
Bronzor,68/162,Common,TEF
Bronzong,69/162,Uncommon,TEF
Solosis,70/162,Common,TEF
Duosion,71/162,Common,TEF
Reuniclus,72/162,Uncommon,TEF
Elgyem,73/162,Common,TEF
Beheeyem,74/162,Uncommon,TEF
Cutiefly,75/162,Common,TEF
Ribombee,76/162,Uncommon,TEF
Cauda Brado,77/162,Uncommon,TEF
Juba Sopro,78/162,Rare,TEF
Valentia Férrea,79/162,Uncommon,TEF
Valentia Férrea,80/162,Rare,TEF
Chifres Férreos ex,81/162,Double Rare,TEF
Meditite,82/162,Common,TEF
Medicham,83/162,Common,TEF
Relicanth,84/162,Rare,TEF
Drilbur,85/162,Common,TEF
Excadrill,86/162,Uncommon,TEF
Golett,87/162,Common,TEF
Golurk,88/162,Uncommon,TEF
Rockruff,89/162,Common,TEF
Lycanroc,90/162,Uncommon,TEF
Mudbray,91/162,Common,TEF
Mudsdale,92/162,Uncommon,TEF
Rolycoly,93/162,Common,TEF
Carkol,94/162,Common,TEF
Coalossal,95/162,Uncommon,TEF
Presa Grande,96/162,Uncommon,TEF
Presa Grande,97/162,Uncommon,TEF
Choque Areia,98/162,Uncommon,TEF
Rocha Férrea ex,99/162,Double Rare,TEF
Ekans,100/162,Common,TEF
Arbok,101/162,Common,TEF
Gastly,102/162,Common,TEF
Haunter,103/162,Common,TEF
Gengar ex,104/162,Double Rare,TEF
Poochyena,105/162,Common,TEF
Mightyena,106/162,Common,TEF
Sableye,107/162,Uncommon,TEF
Farigiraf ex,108/162,Double Rare,TEF
Lua Estrondo,109/162,Rare,TEF
Forretress,110/162,Uncommon,TEF
Scizor ex,111/162,Double Rare,TEF
Mawile,112/162,Common,TEF
Beldum,113/162,Common,TEF
Metang,114/162,Common,TEF
Metagross,115/162,Uncommon,TEF
Meltan,116/162,Common,TEF
Melmetal,117/162,Rare,TEF
Trilho Férreo,118/162,Uncommon,TEF
Koraidon,119/162,Rare,TEF
Koraidon ex,120/162,Double Rare,TEF
Miraidon,121/162,Rare,TEF
Miraidon ex,122/162,Double Rare,TEF
Raio Fúria ex,123/162,Double Rare,TEF
Lickitung,124/162,Common,TEF
Lickilicky,125/162,Common,TEF
Hoothoot,126/162,Common,TEF
Noctowl,127/162,Common,TEF
Dunsparce,128/162,Common,TEF
Dudunsparce,129/162,Rare,TEF
Skitty,130/162,Common,TEF
Delcatty,131/162,Uncommon,TEF
Chatot,132/162,Common,TEF
Pidove,133/162,Common,TEF
Tranquill,134/162,Common,TEF
Unfezant,135/162,Uncommon,TEF
Minccino,136/162,Common,TEF
Cinccino,137/162,Uncommon,TEF
Drampa,138/162,Rare,TEF
Jugulares Férreas,139/162,Uncommon,TEF
Cápsula Energética de Melhoria Ancestral,140/162,Uncommon,TEF
Tambor do Despertar,141/162,ACE SPEC Rare,TEF
Dedicação da Bianca,142/162,Uncommon,TEF
Pedido Encaixotado,143/162,Uncommon,TEF
Poffin de Colega,144/162,Uncommon,TEF
Decodificação da Criptomaníaca,145/162,Uncommon,TEF
Êri,146/162,Uncommon,TEF
Liderança do Explorador,147/162,Uncommon,TEF
Laboratório Metálico,148/162,Uncommon,TEF
Cápsula Energética de Melhoria Futurista,149/162,Uncommon,TEF
Aparador de Mão,150/162,Uncommon,TEF
Bastão Pesado,151/162,Uncommon,TEF
Capa de Herói,152/162,ACE SPEC Rare,TEF
Bola Mestra,153/162,ACE SPEC Rare,TEF
Cinturão Máximo,154/162,ACE SPEC Rare,TEF
Convicção do Morty,155/162,Uncommon,TEF
Selva Perigosa,156/162,Uncommon,TEF
Pegador Superior,157/162,ACE SPEC Rare,TEF
Cápsula do Reinício,158/162,ACE SPEC Rare,TEF
Skate de Resgate,159/162,Uncommon,TEF
Salvatore,160/162,Uncommon,TEF
Energia Nebulosa,161/162,Uncommon,TEF
Energia Neossuperior,162/162,ACE SPEC Rare,TEF
Shiftry,163/162,Illustration Rare,TEF
Grotle,164/162,Illustration Rare,TEF
Deerling,165/162,Illustration Rare,TEF
Sawsbuck,166/162,Illustration Rare,TEF
Litten,167/162,Illustration Rare,TEF
Snom,168/162,Illustration Rare,TEF
Charjabug,169/162,Illustration Rare,TEF
Bronzor,170/162,Illustration Rare,TEF
Reuniclus,171/162,Illustration Rare,TEF
Cutiefly,172/162,Illustration Rare,TEF
Relicanth,173/162,Illustration Rare,TEF
Excadrill,174/162,Illustration Rare,TEF
Mudsdale,175/162,Illustration Rare,TEF
Arbok,176/162,Illustration Rare,TEF
Gastly,177/162,Illustration Rare,TEF
Metagross,178/162,Illustration Rare,TEF
Meltan,179/162,Illustration Rare,TEF
Lickitung,180/162,Illustration Rare,TEF
Chatot,181/162,Illustration Rare,TEF
Minccino,182/162,Illustration Rare,TEF
Cinccino,183/162,Illustration Rare,TEF
Drampa,184/162,Illustration Rare,TEF
Torterra ex,185/162,Ultra Rare,TEF
Folhas Férreas ex,186/162,Ultra Rare,TEF
Incineroar ex,187/162,Ultra Rare,TEF
Fogo Corrosão ex,188/162,Ultra Rare,TEF
Onda Ando ex,189/162,Ultra Rare,TEF
Wugtrio ex,190/162,Ultra Rare,TEF
Chifres Férreos ex,191/162,Ultra Rare,TEF
Rocha Férrea ex,192/162,Ultra Rare,TEF
Gengar ex,193/162,Ultra Rare,TEF
Farigiraf ex,194/162,Ultra Rare,TEF
Scizor ex,195/162,Ultra Rare,TEF
Raio Fúria ex,196/162,Ultra Rare,TEF
Dedicação da Bianca,197/162,Ultra Rare,TEF
Decodificação da Criptomaníaca,198/162,Ultra Rare,TEF
Êri,199/162,Ultra Rare,TEF
Liderança do Explorador,200/162,Ultra Rare,TEF
Convicção do Morty,201/162,Ultra Rare,TEF
Salvatore,202/162,Ultra Rare,TEF
Folhas Férreas ex,203/162,Special Illustration Rare,TEF
Fogo Corrosão ex,204/162,Special Illustration Rare,TEF
Onda Ando ex,205/162,Special Illustration Rare,TEF
Chifres Férreos ex,206/162,Special Illustration Rare,TEF
Rocha Férrea ex,207/162,Special Illustration Rare,TEF
Raio Fúria ex,208/162,Special Illustration Rare,TEF
Dedicação da Bianca,209/162,Special Illustration Rare,TEF
Êri,210/162,Special Illustration Rare,TEF
Convicção do Morty,211/162,Special Illustration Rare,TEF
Salvatore,212/162,Special Illustration Rare,TEF
Folhas Férreas ex,213/162,Hyper Rare,TEF
Fogo Corrosão ex,214/162,Hyper Rare,TEF
Onda Ando ex,215/162,Hyper Rare,TEF
Chifres Férreos ex,216/162,Hyper Rare,TEF
Rocha Férrea ex,217/162,Hyper Rare,TEF
Raio Fúria ex,218/162,Hyper Rare,TEF
Tangela,1/167,Common,TWM
Tangrowth,2/167,Common,TWM
Pinsir,3/167,Common,TWM
Spinarak,4/167,Common,TWM
Ariados,5/167,Uncommon,TWM
Sunkern,6/167,Common,TWM
Sunflora,7/167,Uncommon,TWM
Heracross,8/167,Uncommon,TWM
Volbeat,9/167,Common,TWM
Illumise,10/167,Common,TWM
Leafeon,11/167,Uncommon,TWM
Phantump,12/167,Common,TWM
Trevenant,13/167,Common,TWM
Grookey,14/167,Common,TWM
Thwackey,15/167,Common,TWM
Rillaboom,16/167,Uncommon,TWM
Applin,17/167,Common,TWM
Dipplin,18/167,Uncommon,TWM
Folhas Férreas,19/167,Rare,TWM
Poltchageist,20/167,Common,TWM
Poltchageist,21/167,Common,TWM
Sinistcha,22/167,Rare,TWM
Sinistcha ex,23/167,Double Rare,TWM
Ogerpon Máscara Turquesa,24/167,Rare,TWM
Ogerpon Máscara Turquesa ex,25/167,Double Rare,TWM
Vulpix,26/167,Common,TWM
Ninetales,27/167,Common,TWM
Slugma,28/167,Common,TWM
Magcargo ex,29/167,Double Rare,TWM
Torkoal,30/167,Common,TWM
Chimchar,31/167,Common,TWM
Monferno,32/167,Common,TWM
Infernape,33/167,Rare,TWM
Darumaka,34/167,Common,TWM
Darmanitan,35/167,Uncommon,TWM
Litwick,36/167,Common,TWM
Lampent,37/167,Common,TWM
Chandelure,38/167,Rare,TWM
Chi-Yu,39/167,Uncommon,TWM
Ogerpon Máscara Fornalha ex,40/167,Double Rare,TWM
Poliwag,41/167,Common,TWM
Poliwhirl,42/167,Common,TWM
Poliwrath,43/167,Uncommon,TWM
Goldeen,44/167,Common,TWM
Seaking,45/167,Common,TWM
Jynx,46/167,Common,TWM
Corphish,47/167,Common,TWM
Crawdaunt,48/167,Common,TWM
Feebas,49/167,Common,TWM
Milotic,50/167,Uncommon,TWM
Snorunt,51/167,Common,TWM
Glalie,52/167,Uncommon,TWM
Froslass,53/167,Rare,TWM
Glaceon,54/167,Uncommon,TWM
Phione,55/167,Common,TWM
Froakie,56/167,Common,TWM
Frogadier,57/167,Common,TWM
Cramorant,58/167,Uncommon,TWM
Finizen,59/167,Common,TWM
Palafin,60/167,Uncommon,TWM
Palafin ex,61/167,Double Rare,TWM
Pacote Férreo,62/167,Uncommon,TWM
Onda Ando,63/167,Rare,TWM
Ogerpon Máscara Nascente ex,64/167,Double Rare,TWM
Zapdos,65/167,Rare,TWM
Shinx,66/167,Common,TWM
Luxio,67/167,Common,TWM
Luxray ex,68/167,Double Rare,TWM
Emolga,69/167,Common,TWM
Helioptile,70/167,Common,TWM
Heliolisk,71/167,Common,TWM
Morpeko,72/167,Uncommon,TWM
Tadbulb,73/167,Common,TWM
Bellibolt,74/167,Uncommon,TWM
Wattrel,75/167,Common,TWM
Kilowattrel,76/167,Uncommon,TWM
Espinhos Férreos ex,77/167,Double Rare,TWM
Clefairy,78/167,Common,TWM
Clefable,79/167,Uncommon,TWM
Abra,80/167,Common,TWM
Kadabra,81/167,Common,TWM
Alakazam,82/167,Rare,TWM
Girafarig,83/167,Common,TWM
Farigiraf,84/167,Uncommon,TWM
Chimecho,85/167,Common,TWM
Flabébé,86/167,Common,TWM
Floette,87/167,Common,TWM
Florges,88/167,Uncommon,TWM
Swirlix,89/167,Common,TWM
Slurpuff,90/167,Uncommon,TWM
Sandygast,91/167,Common,TWM
Palossand,92/167,Common,TWM
Enamorus,93/167,Rare,TWM
Cauda Brado ex,94/167,Double Rare,TWM
Munkidori,95/167,Rare,TWM
Fezandipiti,96/167,Rare,TWM
Sandshrew,97/167,Common,TWM
Sandslash,98/167,Uncommon,TWM
Growlithe de Hisui,99/167,Common,TWM
Arcanine de Hisui,100/167,Rare,TWM
Nosepass,101/167,Common,TWM
Probopass,102/167,Uncommon,TWM
Timburr,103/167,Common,TWM
Gurdurr,104/167,Common,TWM
Conkeldurr,105/167,Uncommon,TWM
Greninja ex,106/167,Double Rare,TWM
Hawlucha,107/167,Common,TWM
Glimmet,108/167,Common,TWM
Glimmora,109/167,Uncommon,TWM
Ting-Lu,110/167,Rare,TWM
Okidogi,111/167,Rare,TWM
Ogerpon Máscara Alicerce ex,112/167,Double Rare,TWM
Poochyena,113/167,Common,TWM
Mightyena,114/167,Uncommon,TWM
Venipede,115/167,Common,TWM
Whirlipede,116/167,Common,TWM
Scolipede,117/167,Uncommon,TWM
Capuz Bruto,118/167,Uncommon,TWM
Skarmory,119/167,Common,TWM
Aron,120/167,Common,TWM
Lairon,121/167,Common,TWM
Aggron,122/167,Uncommon,TWM
Heatran,123/167,Rare,TWM
Varoom,124/167,Common,TWM
Revavroom,125/167,Uncommon,TWM
Applin,126/167,Common,TWM
Dipplin,127/167,Uncommon,TWM
Dreepy,128/167,Common,TWM
Drakloak,129/167,Common,TWM
Dragapult ex,130/167,Double Rare,TWM
Tatsugiri,131/167,Uncommon,TWM
Farfetch'd,132/167,Common,TWM
Chansey,133/167,Common,TWM
Blissey ex,134/167,Double Rare,TWM
Eevee,135/167,Common,TWM
Snorlax,136/167,Uncommon,TWM
Aipom,137/167,Common,TWM
Ambipom,138/167,Uncommon,TWM
Ducklett,139/167,Common,TWM
Swanna,140/167,Uncommon,TWM
Ursaluna Lua Sangrenta ex,141/167,Double Rare,TWM
Flauta de Acompanhamento,142/167,Uncommon,TWM
Kit Caça-inseto,143/167,Uncommon,TWM
Zelador,144/167,Common,TWM
Carmine,145/167,Uncommon,TWM
Centro Comunitário,146/167,Uncommon,TWM
Chef,147/167,Uncommon,TWM
Martelo Avançado,148/167,Uncommon,TWM
Praça de Festas,149/167,Uncommon,TWM
Ventilador Portátil,150/167,Uncommon,TWM
Oranzo,151/167,Uncommon,TWM
Hiperaroma,152/167,ACE SPEC Rare,TWM
Torre de Interferência,153/167,Uncommon,TWM
Kiran,154/167,Uncommon,TWM
Ajuda da Vitória,155/167,Uncommon,TWM
Bola Amor,156/167,Uncommon,TWM
Lucian,157/167,Uncommon,TWM
Capacete da Sorte,158/167,Uncommon,TWM
Máscara do Ogro,159/167,Uncommon,TWM
Drita,160/167,Uncommon,TWM
Moira,161/167,Uncommon,TWM
Recolhida Ciclone,162/167,ACE SPEC Rare,TWM
Caixa Secreta,163/167,ACE SPEC Rare,TWM
Cinta de Sobrevivência,164/167,ACE SPEC Rare,TWM
Carimbo da Injustiça,165/167,ACE SPEC Rare,TWM
Energia Bumerangue,166/167,Uncommon,TWM
Energia Legado,167/167,ACE SPEC Rare,TWM
Pinsir,168/167,Illustration Rare,TWM
Sunflora,169/167,Illustration Rare,TWM
Dipplin,170/167,Illustration Rare,TWM
Poltchageist,171/167,Illustration Rare,TWM
Torkoal,172/167,Illustration Rare,TWM
Infernape,173/167,Illustration Rare,TWM
Froslass,174/167,Illustration Rare,TWM
Phione,175/167,Illustration Rare,TWM
Cramorant,176/167,Illustration Rare,TWM
Heliolisk,177/167,Illustration Rare,TWM
Wattrel,178/167,Illustration Rare,TWM
Chimecho,179/167,Illustration Rare,TWM
Enamorus,180/167,Illustration Rare,TWM
Growlithe de Hisui,181/167,Illustration Rare,TWM
Probopass,182/167,Illustration Rare,TWM
Timburr,183/167,Illustration Rare,TWM
Lairon,184/167,Illustration Rare,TWM
Applin,185/167,Illustration Rare,TWM
Tatsugiri,186/167,Illustration Rare,TWM
Chansey,187/167,Illustration Rare,TWM
Eevee,188/167,Illustration Rare,TWM
Sinistcha ex,189/167,Ultra Rare,TWM
Ogerpon Máscara Turquesa ex,190/167,Ultra Rare,TWM
Magcargo ex,191/167,Ultra Rare,TWM
Ogerpon Máscara Fornalha ex,192/167,Ultra Rare,TWM
Palafin ex,193/167,Ultra Rare,TWM
Ogerpon Máscara Nascente ex,194/167,Ultra Rare,TWM
Luxray ex,195/167,Ultra Rare,TWM
Espinhos Férreos ex,196/167,Ultra Rare,TWM
Cauda Brado ex,197/167,Ultra Rare,TWM
Greninja ex,198/167,Ultra Rare,TWM
Ogerpon Máscara Alicerce ex,199/167,Ultra Rare,TWM
Dragapult ex,200/167,Ultra Rare,TWM
Blissey ex,201/167,Ultra Rare,TWM
Ursaluna Lua Sangrenta ex,202/167,Ultra Rare,TWM
Zelador,203/167,Ultra Rare,TWM
Carmine,204/167,Ultra Rare,TWM
Oranzo,205/167,Ultra Rare,TWM
Kiran,206/167,Ultra Rare,TWM
Ajuda da Vitória,207/167,Ultra Rare,TWM
Lucian,208/167,Ultra Rare,TWM
Drita,209/167,Ultra Rare,TWM
Sinistcha ex,210/167,Special Illustration Rare,TWM
Ogerpon Máscara Turquesa ex,211/167,Special Illustration Rare,TWM
Ogerpon Máscara Fornalha ex,212/167,Special Illustration Rare,TWM
Ogerpon Máscara Nascente ex,213/167,Special Illustration Rare,TWM
Greninja ex,214/167,Special Illustration Rare,TWM
Ogerpon Máscara Alicerce ex,215/167,Special Illustration Rare,TWM
Ursaluna Lua Sangrenta ex,216/167,Special Illustration Rare,TWM
Carmine,217/167,Special Illustration Rare,TWM
Kiran,218/167,Special Illustration Rare,TWM
Ajuda da Vitória,219/167,Special Illustration Rare,TWM
Drita,220/167,Special Illustration Rare,TWM
Ogerpon Máscara Turquesa ex,221/167,Hyper Rare,TWM
Ursaluna Lua Sangrenta ex,222/167,Hyper Rare,TWM
Poffin de Colega,223/167,Hyper Rare,TWM
Martelo Avançado,224/167,Hyper Rare,TWM
Skate de Resgate,225/167,Hyper Rare,TWM
Energia Luminosa,226/167,Hyper Rare,TWM
Sewaddle,1/86,Common,WHT
Swadloon,2/86,Common,WHT
Leavanny,3/86,Uncommon,WHT
Cottonee,4/86,Common,WHT
Whimsicott ex,5/86,Double Rare,WHT
Deerling,6/86,Common,WHT
Sawsbuck,7/86,Uncommon,WHT
Shelmet,8/86,Common,WHT
Accelgor,9/86,Uncommon,WHT
Virizion,10/86,Rare,WHT
Tepig,11/86,Common,WHT
Pignite,12/86,Common,WHT
Emboar,13/86,Rare,WHT
Pansear,14/86,Common,WHT
Simisear,15/86,Uncommon,WHT
Litwick,16/86,Common,WHT
Lampent,17/86,Common,WHT
Chandelure,18/86,Rare,WHT
Heatmor,19/86,Uncommon,WHT
Reshiram ex,20/86,Double Rare,WHT
Oshawott,21/86,Common,WHT
Dewott,22/86,Common,WHT
Samurott,23/86,Rare,WHT
Basculin,24/86,Common,WHT
Ducklett,25/86,Common,WHT
Swanna,26/86,Uncommon,WHT
Vanillite,27/86,Common,WHT
Vanillish,28/86,Common,WHT
Vanilluxe,29/86,Uncommon,WHT
Keldeo ex,30/86,Double Rare,WHT
Blitzle,31/86,Common,WHT
Zebstrika,32/86,Uncommon,WHT
Joltik,33/86,Common,WHT
Galvantula,34/86,Uncommon,WHT
Stunfisk,35/86,Uncommon,WHT
Woobat,36/86,Common,WHT
Swoobat,37/86,Uncommon,WHT
Sigilyph,38/86,Uncommon,WHT
Yamask,39/86,Common,WHT
Cofagrigus,40/86,Rare,WHT
Gothita,41/86,Common,WHT
Gothorita,42/86,Common,WHT
Gothitelle,43/86,Rare,WHT
Frillish,44/86,Common,WHT
Jellicent ex,45/86,Double Rare,WHT
Roggenrola,46/86,Common,WHT
Boldore,47/86,Common,WHT
Gigalith,48/86,Uncommon,WHT
Sawk,49/86,Uncommon,WHT
Archen,50/86,Uncommon,WHT
Archeops,51/86,Rare,WHT
Mienfoo,52/86,Common,WHT
Mienshao,53/86,Uncommon,WHT
Terrakion,54/86,Rare,WHT
Purrloin,55/86,Common,WHT
Liepard,56/86,Uncommon,WHT
Scraggy,57/86,Common,WHT
Scrafty,58/86,Uncommon,WHT
Trubbish,59/86,Common,WHT
Garbodor,60/86,Uncommon,WHT
Zorua,61/86,Common,WHT
Zoroark,62/86,Rare,WHT
Vullaby,63/86,Common,WHT
Mandibuzz,64/86,Uncommon,WHT
Deino,65/86,Common,WHT
Zweilous,66/86,Common,WHT
Hydreigon ex,67/86,Double Rare,WHT
Ferroseed,68/86,Common,WHT
Ferrothorn,69/86,Uncommon,WHT
Durant,70/86,Uncommon,WHT
Druddigon,71/86,Uncommon,WHT
Patrat,72/86,Common,WHT
Watchog,73/86,Uncommon,WHT
Lillipup,74/86,Common,WHT
Herdier,75/86,Common,WHT
Stoutland,76/86,Uncommon,WHT
Bouffalant ex,77/86,Double Rare,WHT
Tornadus,78/86,Rare,WHT
Fóssil Pluma Arcaico,79/86,Common,WHT
Bracelete Bravio,80/86,Uncommon,WHT
Cheren,81/86,Uncommon,WHT
Recuperação de Energia,82/86,Uncommon,WHT
Arlequim,83/86,Uncommon,WHT
Hilda,84/86,Uncommon,WHT
Sucateador de Ferramentas,85/86,Uncommon,WHT
Energia de Ignição,86/86,Uncommon,WHT
Sewaddle,87/86,Illustration Rare,WHT
Swadloon,88/86,Illustration Rare,WHT
Leavanny,89/86,Illustration Rare,WHT
Cottonee,90/86,Illustration Rare,WHT
Deerling,91/86,Illustration Rare,WHT
Sawsbuck,92/86,Illustration Rare,WHT
Shelmet,93/86,Illustration Rare,WHT
Accelgor,94/86,Illustration Rare,WHT
Virizion,95/86,Illustration Rare,WHT
Tepig,96/86,Illustration Rare,WHT
Pignite,97/86,Illustration Rare,WHT
Emboar,98/86,Illustration Rare,WHT
Pansear,99/86,Illustration Rare,WHT
Simisear,100/86,Illustration Rare,WHT
Litwick,101/86,Illustration Rare,WHT
Lampent,102/86,Illustration Rare,WHT
Chandelure,103/86,Illustration Rare,WHT
Heatmor,104/86,Illustration Rare,WHT
Oshawott,105/86,Illustration Rare,WHT
Dewott,106/86,Illustration Rare,WHT
Samurott,107/86,Illustration Rare,WHT
Basculin,108/86,Illustration Rare,WHT
Ducklett,109/86,Illustration Rare,WHT
Swanna,110/86,Illustration Rare,WHT
Vanillite,111/86,Illustration Rare,WHT
Vanillish,112/86,Illustration Rare,WHT
Vanilluxe,113/86,Illustration Rare,WHT
Blitzle,114/86,Illustration Rare,WHT
Zebstrika,115/86,Illustration Rare,WHT
Joltik,116/86,Illustration Rare,WHT
Galvantula,117/86,Illustration Rare,WHT
Stunfisk,118/86,Illustration Rare,WHT
Woobat,119/86,Illustration Rare,WHT
Swoobat,120/86,Illustration Rare,WHT
Sigilyph,121/86,Illustration Rare,WHT
Yamask,122/86,Illustration Rare,WHT
Cofagrigus,123/86,Illustration Rare,WHT
Gothita,124/86,Illustration Rare,WHT
Gothorita,125/86,Illustration Rare,WHT
Frillish,126/86,Illustration Rare,WHT
Roggenrola,127/86,Illustration Rare,WHT
Boldore,128/86,Illustration Rare,WHT
Gigalith,129/86,Illustration Rare,WHT
Sawk,130/86,Illustration Rare,WHT
Archen,131/86,Uncommon,WHT
Archeops,132/86,Illustration Rare,WHT
Mienfoo,133/86,Illustration Rare,WHT
Mienshao,134/86,Illustration Rare,WHT
Terrakion,135/86,Illustration Rare,WHT
Purrloin,136/86,Illustration Rare,WHT
Liepard,137/86,Illustration Rare,WHT
Scraggy,138/86,Illustration Rare,WHT
Scrafty,139/86,Illustration Rare,WHT
Trubbish,140/86,Illustration Rare,WHT
Garbodor,141/86,Illustration Rare,WHT
Zorua,142/86,Illustration Rare,WHT
Zoroark,143/86,Illustration Rare,WHT
Vullaby,144/86,Illustration Rare,WHT
Mandibuzz,145/86,Illustration Rare,WHT
Deino,146/86,Illustration Rare,WHT
Zweilous,147/86,Illustration Rare,WHT
Ferroseed,148/86,Illustration Rare,WHT
Ferrothorn,149/86,Illustration Rare,WHT
Durant,150/86,Illustration Rare,WHT
Druddigon,151/86,Illustration Rare,WHT
Patrat,152/86,Illustration Rare,WHT
Watchog,153/86,Illustration Rare,WHT
Lillipup,154/86,Illustration Rare,WHT
Herdier,155/86,Illustration Rare,WHT
Stoutland,156/86,Illustration Rare,WHT
Whimsicott ex,157/86,Ultra Rare,WHT
Reshiram ex,158/86,Ultra Rare,WHT
Keldeo ex,159/86,Ultra Rare,WHT
Jellicent ex,160/86,Ultra Rare,WHT
Hydreigon ex,161/86,Ultra Rare,WHT
Bouffalant ex,162/86,Ultra Rare,WHT
Arlequim,163/86,Ultra Rare,WHT
Hilda,164/86,Ultra Rare,WHT
Whimsicott ex,165/86,Special Illustration Rare,WHT
Reshiram ex,166/86,Special Illustration Rare,WHT
Keldeo ex,167/86,Special Illustration Rare,WHT
Jellicent ex,168/86,Special Illustration Rare,WHT
Hydreigon ex,169/86,Special Illustration Rare,WHT
Bouffalant ex,170/86,Special Illustration Rare,WHT
Hilda,171/86,Special Illustration Rare,WHT
Victini,172/86,Rare,WHT
Reshiram ex,173/86,Black White Rare,WHT
Caterpie,1/147,Common,BUS
Metapod,2/147,Uncommon,BUS
Butterfree,3/147,Rare,BUS
Oddish,4/147,Common,BUS
Gloom,5/147,Uncommon,BUS
Vileplume,6/147,Rare Holo,BUS
Tangela,7/147,Common,BUS
Tangrowth,8/147,Rare,BUS
Ledyba,9/147,Common,BUS
Ledian,10/147,Rare,BUS
Heracross,11/147,Rare,BUS
Pansage,12/147,Common,BUS
Simisage,13/147,Uncommon,BUS
Dewpider,14/147,Common,BUS
Araquanid,15/147,Rare,BUS
Wimpod,16/147,Common,BUS
Golisopod GX,17/147,Rare Holo GX,BUS
Charmander,18/147,Common,BUS
Charmander,18a/147,Common,BUS
Charmeleon,19/147,Uncommon,BUS
Charizard GX,20/147,Rare Holo GX,BUS
Ho-Oh GX,21/147,Rare Holo GX,BUS
Pansear,22/147,Common,BUS
Simisear,23/147,Uncommon,BUS
Heatmor,24/147,Uncommon,BUS
Salazzle GX,25/147,Rare Holo GX,BUS
Turtonator,26/147,Rare,BUS
Vulpix de Alola,27/147,Common,BUS
Ninetales de Alola,28/147,Rare,BUS
Horsea,29/147,Common,BUS
Seadra,30/147,Uncommon,BUS
Kingdra,31/147,Rare Holo,BUS
Magikarp,32/147,Common,BUS
Gyarados,33/147,Rare Holo,BUS
Marill,34/147,Common,BUS
Azumarill,35/147,Rare,BUS
Panpour,36/147,Common,BUS
Simipour,37/147,Uncommon,BUS
Bruxish,38/147,Rare,BUS
Tapu Fini GX,39/147,Rare Holo GX,BUS
Tapu Fini-GX,39a/147,Rare Holo GX,BUS
Pikachu,40/147,Common,BUS
Raichu,41/147,Rare Holo,BUS
Electabuzz,42/147,Uncommon,BUS
Electivire,43/147,Rare,BUS
Tynamo,44/147,Common,BUS
Eelektrik,45/147,Uncommon,BUS
Eelektross,46/147,Rare,BUS
Togedemaru,47/147,Common,BUS
Slowking,48/147,Rare,BUS
Wobbuffet,49/147,Uncommon,BUS
Seviper,50/147,Uncommon,BUS
Duskull,51/147,Common,BUS
Dusclops,52/147,Uncommon,BUS
Dusknoir,53/147,Rare Holo,BUS
Croagunk,54/147,Common,BUS
Toxicroak,55/147,Rare,BUS
Venipede,56/147,Common,BUS
Whirlipede,57/147,Uncommon,BUS
Scolipede,58/147,Rare,BUS
Espurr,59/147,Common,BUS
Meowstic,60/147,Rare,BUS
Sandygast,61/147,Common,BUS
Palossand,62/147,Rare Holo,BUS
Necrozma GX,63/147,Rare Holo GX,BUS
Machamp GX,64/147,Rare Holo GX,BUS
Rhyhorn,65/147,Common,BUS
Rhydon,66/147,Uncommon,BUS
Rhyperior,67/147,Rare Holo,BUS
Lunatone,68/147,Uncommon,BUS
Solrock,69/147,Uncommon,BUS
Riolu,70/147,Common,BUS
Lucario,71/147,Rare Holo,BUS
Sawk,72/147,Common,BUS
Crabrawler,73/147,Common,BUS
Crabominable,74/147,Rare,BUS
Lycanroc,75/147,Rare Holo,BUS
Lycanroc,76/147,Rare,BUS
Mudbray,77/147,Common,BUS
Mudsdale,78/147,Rare,BUS
Passimian,79/147,Rare,BUS
Marshadow GX,80/147,Rare Holo GX,BUS
Rattata de Alola,81/147,Common,BUS
Raticate de Alola,82/147,Rare,BUS
Grimer de Alola,83/147,Common,BUS
Muk de Alola GX,84/147,Rare Holo GX,BUS
Sneasel,85/147,Common,BUS
Weavile,86/147,Rare,BUS
Darkrai,87/147,Rare Holo,BUS
Darkrai GX,88/147,Rare Holo GX,BUS
Darkrai-GX,88a/147,Rare Holo GX,BUS
Inkay,89/147,Common,BUS
Malamar,90/147,Rare,BUS
Ralts,91/147,Common,BUS
Kirlia,92/147,Uncommon,BUS
Kirlia,92a/147,Uncommon,BUS
Gardevoir GX,93/147,Rare Holo GX,BUS
Diancie,94/147,Rare Holo,BUS
Cutiefly,95/147,Common,BUS
Ribombee,96/147,Uncommon,BUS
Morelull,97/147,Common,BUS
Shiinotic,98/147,Rare,BUS
Noivern GX,99/147,Rare Holo GX,BUS
Zygarde,100/147,Rare Holo,BUS
Meowth,101/147,Common,BUS
Persian,102/147,Rare,BUS
Porygon,103/147,Common,BUS
Porygon2,104/147,Uncommon,BUS
Porygon-Z,105/147,Rare Holo,BUS
Porygon-Z,105a/147,Rare Holo,BUS
Hoothoot,106/147,Common,BUS
Noctowl,107/147,Uncommon,BUS
Bouffalant,108/147,Uncommon,BUS
Noibat,109/147,Common,BUS
Stufful,110/147,Common,BUS
Bewear,111/147,Rare,BUS
Acerola,112/147,Uncommon,BUS
Acerola,112a/147,Uncommon,BUS
Halteres de Fisiculturismo,113/147,Uncommon,BUS
Corda de Fuga,114/147,Uncommon,BUS
Guzma,115/147,Uncommon,BUS
Guzma,115a/147,Uncommon,BUS
Kiawe,116/147,Uncommon,BUS
Kiawe,116a/147,Uncommon,BUS
Vitória,117/147,Uncommon,BUS
Monte Lanakila,118/147,Uncommon,BUS
Olívia,119/147,Uncommon,BUS
Pluméria,120/147,Uncommon,BUS
Vila Pô,121/147,Uncommon,BUS
Pokédex Rotom - Modo Pokévisor,122/147,Uncommon,BUS
Chris,123/147,Uncommon,BUS
Super-recolhida,124/147,Uncommon,BUS
Spray Atormentador,125/147,Uncommon,BUS
Política de Fraqueza,126/147,Uncommon,BUS
Lara,127/147,Uncommon,BUS
Bastão do Desejo,128/147,Uncommon,BUS
Golisopod GX,129/147,Rare Ultra,BUS
Tapu Bulu GX,130/147,Rare Ultra,BUS
Ho-Oh GX,131/147,Rare Ultra,BUS
Salazzle GX,132/147,Rare Ultra,BUS
Tapu Fini GX,133/147,Rare Ultra,BUS
Necrozma GX,134/147,Rare Ultra,BUS
Machamp GX,135/147,Rare Ultra,BUS
Lycanroc GX,136/147,Rare Ultra,BUS
Marshadow GX,137/147,Rare Ultra,BUS
Muk de Alola GX,138/147,Rare Ultra,BUS
Darkrai GX,139/147,Rare Ultra,BUS
Gardevoir GX,140/147,Rare Ultra,BUS
Noivern GX,141/147,Rare Ultra,BUS
Acerola,142/147,Rare Ultra,BUS
Guzma,143/147,Rare Ultra,BUS
Kiawe,144/147,Rare Ultra,BUS
Pluméria,145/147,Rare Ultra,BUS
Chris,146/147,Rare Ultra,BUS
Lara,147/147,Rare Ultra,BUS
Golisopod GX,148/147,Rare Rainbow,BUS
Tapu Bulu GX,149/147,Rare Rainbow,BUS
Charizard GX,150/147,Rare Rainbow,BUS
Salazzle GX,151/147,Rare Rainbow,BUS
Tapu Fini GX,152/147,Rare Rainbow,BUS
Necrozma GX,153/147,Rare Rainbow,BUS
Machamp GX,154/147,Rare Rainbow,BUS
Lycanroc GX,155/147,Rare Rainbow,BUS
Marshadow GX,156/147,Rare Rainbow,BUS
Muk de Alola GX,157/147,Rare Rainbow,BUS
Darkrai GX,158/147,Rare Rainbow,BUS
Gardevoir GX,159/147,Rare Rainbow,BUS
Noivern GX,160/147,Rare Rainbow,BUS
Halteres de Fisiculturismo,161/147,Rare Secret,BUS
Faixa da Escolha,162/147,Rare Secret,BUS
Corda de Fuga,163/147,Rare Secret,BUS
Multissubstituição,164/147,Rare Secret,BUS
Maca de Resgate,165/147,Rare Secret,BUS
Super-recolhida,166/147,Rare Secret,BUS
Energia de Fogo,167/147,Rare Secret,BUS
Energia de Escuridão,168/147,Rare Secret,BUS
Energia de Fada,169/147,Rare Secret,BUS
Bellsprout,1/168,Common,CES
Weepinbell,2/168,Uncommon,CES
Victreebel,3/168,Rare Holo,CES
Scyther,4/168,Uncommon,CES
Spinarak,5/168,Common,CES
Ariados,6/168,Rare Holo,CES
Treecko,7/168,Common,CES
Treecko,8/168,Common,CES
Grovyle,9/168,Uncommon,CES
Sceptile,10/168,Rare,CES
Sceptile,10a/168,Rare Holo,CES
Seedot,11/168,Common,CES
Seedot,12/168,Common,CES
Nuzleaf,13/168,Uncommon,CES
Shiftry GX,14/168,Rare Holo GX,CES
Surskit,15/168,Common,CES
Masquerain,16/168,Uncommon,CES
Volbeat,17/168,Uncommon,CES
Illumise,18/168,Uncommon,CES
Cacnea,19/168,Common,CES
Cacturne,20/168,Uncommon,CES
Tropius,21/168,Uncommon,CES
Dhelmise,22/168,Rare,CES
Slugma,23/168,Common,CES
Magcargo,24/168,Rare,CES
Torchic,25/168,Common,CES
Torchic,26/168,Common,CES
Combusken,27/168,Uncommon,CES
Blaziken GX,28/168,Rare Holo GX,CES
Torkoal,29/168,Uncommon,CES
Oricorio,30/168,Uncommon,CES
Articuno GX,31/168,Rare Holo GX,CES
Mudkip,32/168,Common,CES
Mudkip,33/168,Common,CES
Marshtomp,34/168,Uncommon,CES
Swampert,35/168,Rare,CES
Lotad,36/168,Common,CES
Lombre,37/168,Uncommon,CES
Ludicolo,38/168,Rare Holo,CES
Wailmer,39/168,Common,CES
Wailord,40/168,Rare,CES
Clamperl,41/168,Common,CES
Huntail,42/168,Uncommon,CES
Gorebyss,43/168,Uncommon,CES
Luvdisc,44/168,Common,CES
Regice,45/168,Rare,CES
Kyogre,46/168,Rare Holo,CES
Voltorb,47/168,Common,CES
Electrode GX,48/168,Rare Holo GX,CES
Chinchou,49/168,Common,CES
Lanturn,50/168,Uncommon,CES
Electrike,51/168,Common,CES
Manectric,52/168,Rare,CES
Plusle,53/168,Uncommon,CES
Minun,54/168,Uncommon,CES
Oricorio,55/168,Uncommon,CES
Mr. Mime GX,56/168,Rare Holo GX,CES
Gulpin,57/168,Common,CES
Swalot,58/168,Uncommon,CES
Spoink,59/168,Common,CES
Grumpig,60/168,Rare,CES
Lunatone,61/168,Rare Holo,CES
Solrock,62/168,Uncommon,CES
Shuppet,63/168,Common,CES
Shuppet,64/168,Common,CES
Banette,65/168,Rare,CES
Banette GX,66/168,Rare Holo GX,CES
Deoxys,67/168,Rare Holo,CES
Deoxys,68/168,Rare,CES
Deoxys,69/168,Rare,CES
Lunala,70/168,Rare Holo,CES
Onix,71/168,Common,CES
Phanpy,72/168,Common,CES
Donphan,73/168,Uncommon,CES
Larvitar,74/168,Common,CES
Pupitar,75/168,Uncommon,CES
Meditite,76/168,Common,CES
Medicham,77/168,Rare,CES
Baltoy,78/168,Common,CES
Claydol,79/168,Rare,CES
Regirock,80/168,Rare,CES
Groudon,81/168,Rare Holo,CES
Palossand GX,82/168,Rare Holo GX,CES
Minior,83/168,Uncommon,CES
Rattata de Alola,84/168,Common,CES
Raticate de Alola GX,85/168,Rare Holo GX,CES
Sneasel,86/168,Common,CES
Tyranitar,87/168,Rare Holo,CES
Sableye,88/168,Uncommon,CES
Steelix,89/168,Rare Holo,CES
Scizor GX,90/168,Rare Holo GX,CES
Mawile,91/168,Uncommon,CES
Beldum,92/168,Common,CES
Beldum,93/168,Common,CES
Metang,94/168,Uncommon,CES
Metagross,95/168,Rare Holo,CES
Registeel,96/168,Rare,CES
Jirachi ◇,97/168,Rare Prism Star,CES
Heatran,98/168,Rare Holo,CES
Solgaleo,99/168,Rare Holo,CES
Celesteela,100/168,Rare Holo,CES
Kartana,101/168,Rare,CES
Stakataka GX,102/168,Rare Holo GX,CES
Bagon,103/168,Common,CES
Bagon,104/168,Common,CES
Shelgon,105/168,Uncommon,CES
Salamence,106/168,Rare Holo,CES
Latias ◇,107/168,Rare Prism Star,CES
Latios ◇,108/168,Rare Prism Star,CES
Rayquaza GX,109/168,Rare Holo GX,CES
Dunsparce,110/168,Uncommon,CES
Wingull,111/168,Common,CES
Pelipper,112/168,Uncommon,CES
Slakoth,113/168,Common,CES
Vigoroth,114/168,Uncommon,CES
Slaking,115/168,Rare Holo,CES
Whismur,116/168,Common,CES
Whismur,117/168,Common,CES
Loudred,118/168,Uncommon,CES
Exploud,119/168,Rare,CES
Skitty,120/168,Common,CES
Delcatty,121/168,Rare Holo,CES
Kecleon,122/168,Uncommon,CES
Bicicleta Acro,123/168,Uncommon,CES
Acro Bike,123a/168,Uncommon,CES
Fabricador de Bolota,124/168,Uncommon,CES
Bola Criatura,125/168,Uncommon,CES
Manutenção do Bill,126/168,Uncommon,CES
Imitadora,127/168,Uncommon,CES
Sistema de Reciclagem de Energias,128/168,Uncommon,CES
Substituição de Energia,129/168,Uncommon,CES
Pescador,130/168,Uncommon,CES
Bola Amizade,131/168,Uncommon,CES
Hibi,132/168,Uncommon,CES
Montanhista,133/168,Uncommon,CES
Cinto do Alvoroço,134/168,Uncommon,CES
Poção de Última Hora,135/168,Uncommon,CES
Erva da Vida,136/168,Uncommon,CES
Elisia,137/168,Uncommon,CES
Bola Isca,138/168,Uncommon,CES
Real Mascarado,139/168,Uncommon,CES
PokéNav,140/168,Uncommon,CES
Pincel Arco-íris,141/168,Uncommon,CES
Doce Raro,142/168,Uncommon,CES
Santuário da Punição,143/168,Uncommon,CES
Pilar Celeste,144/168,Uncommon,CES
Resolução do Steven,145/168,Rare Holo,CES
Super-recolhida,146/168,Uncommon,CES
Substituição,147/168,Uncommon,CES
Tate e Liza,148/168,Uncommon,CES
Tate & Liza,148a/168,Uncommon,CES
Repórter Televisivo,149/168,Uncommon,CES
Expedição Subterrânea,150/168,Uncommon,CES
Energia Arco-Íris,151/168,Uncommon,CES
Shiftry GX,152/168,Rare Ultra,CES
Blaziken GX,153/168,Rare Ultra,CES
Articuno GX,154/168,Rare Ultra,CES
Electrode GX,155/168,Rare Ultra,CES
Mr. Mime GX,156/168,Rare Ultra,CES
Banette GX,157/168,Rare Ultra,CES
Scizor GX,158/168,Rare Ultra,CES
Stakataka GX,159/168,Rare Ultra,CES
Rayquaza GX,160/168,Rare Ultra,CES
Fabricador de Bolota,161/168,Rare Ultra,CES
Manutenção do Bill,162/168,Rare Ultra,CES
Imitadora,163/168,Rare Ultra,CES
Elisia,164/168,Rare Ultra,CES
Resolução do Steven,165/168,Rare Ultra,CES
Tate e Liza,166/168,Rare Ultra,CES
Repórter Televisivo,167/168,Rare Ultra,CES
Expedição Subterrânea,168/168,Rare Ultra,CES
Shiftry GX,169/168,Rare Rainbow,CES
Blaziken GX,170/168,Rare Rainbow,CES
Articuno GX,171/168,Rare Rainbow,CES
Electrode GX,172/168,Rare Rainbow,CES
Mr. Mime GX,173/168,Rare Rainbow,CES
Banette GX,174/168,Rare Rainbow,CES
Scizor GX,175/168,Rare Rainbow,CES
Stakataka GX,176/168,Rare Rainbow,CES
Rayquaza GX,177/168,Rare Rainbow,CES
Rayquaza-GX,177a/168,Rare Ultra,CES
Bicicleta Acro,178/168,Rare Secret,CES
Cinto do Alvoroço,179/168,Rare Secret,CES
Erva da Vida,180/168,Rare Secret,CES
PokéNav,181/168,Rare Secret,CES
Pincel Arco-íris,182/168,Rare Secret,CES
Energia Arco-Íris,183/168,Rare Secret,CES
Venusaur e Snivy GX,1/236,Rare Holo GX,CEC
Oddish,2/236,Common,CEC
Gloom,3/236,Uncommon,CEC
Vileplume GX,4/236,Rare Holo GX,CEC
Tangela,5/236,Common,CEC
Tangrowth,6/236,Uncommon,CEC
Sunkern,7/236,Common,CEC
Sunflora,8/236,Rare,CEC
Heracross,9/236,Uncommon,CEC
Lileep,10/236,Uncommon,CEC
Cradily,11/236,Rare,CEC
Tropius,12/236,Uncommon,CEC
Kricketot,13/236,Common,CEC
Kricketune,14/236,Uncommon,CEC
Deerling,15/236,Common,CEC
Sawsbuck,16/236,Rare Holo,CEC
Rowlet,17/236,Common,CEC
Rowlet,18/236,Common,CEC
Dartrix,19/236,Uncommon,CEC
Decidueye,20/236,Rare Holo,CEC
Buzzwole,21/236,Rare Holo,CEC
Charizard e Braixen GX,22/236,Rare Holo GX,CEC
Ponyta,23/236,Common,CEC
Rapidash,24/236,Uncommon,CEC
Flareon,25/236,Uncommon,CEC
Slugma,26/236,Common,CEC
Magcargo,27/236,Rare,CEC
Entei,28/236,Rare,CEC
Torkoal,29/236,Uncommon,CEC
Victini,30/236,Rare Holo,CEC
Tepig,31/236,Common,CEC
Pignite,32/236,Uncommon,CEC
Emboar,33/236,Rare,CEC
Larvesta,34/236,Uncommon,CEC
Volcarona GX,35/236,Rare Holo GX,CEC
Litleo,36/236,Common,CEC
Pyroar,37/236,Uncommon,CEC
Blastoise e Piplup GX,38/236,Rare Holo GX,CEC
Vulpix de Alola,39/236,Common,CEC
Psyduck,40/236,Common,CEC
Golduck,41/236,Uncommon,CEC
Vaporeon,42/236,Uncommon,CEC
Sneasel,43/236,Common,CEC
Weavile,44/236,Rare,CEC
Wailmer,45/236,Common,CEC
Wailord,46/236,Rare,CEC
Snorunt,47/236,Common,CEC
Glalie,48/236,Rare,CEC
Spheal,49/236,Common,CEC
Spheal,50/236,Common,CEC
Sealeo,51/236,Uncommon,CEC
Walrein,52/236,Rare,CEC
Kyogre,53/236,Rare,CEC
Piplup,54/236,Common,CEC
Prinplup,55/236,Uncommon,CEC
Empoleon,56/236,Rare,CEC
Phione,57/236,Rare,CEC
Tympole,58/236,Common,CEC
Ducklett,59/236,Common,CEC
Swanna,60/236,Rare,CEC
Kyurem Preto,61/236,Rare Holo,CEC
Wishiwashi,62/236,Rare Holo,CEC
Wishiwashi GX,63/236,Rare Holo GX,CEC
Dewpider,64/236,Common,CEC
Araquanid,65/236,Uncommon,CEC
Pikachu,66/236,Common,CEC
Raichu,67/236,Rare,CEC
Magnemite,68/236,Common,CEC
Magneton,69/236,Rare Holo,CEC
Jolteon,70/236,Uncommon,CEC
Chinchou,71/236,Common,CEC
Lanturn,72/236,Rare,CEC
Togedemaru,73/236,Uncommon,CEC
Togedemaru,74/236,Common,CEC
Solgaleo e Lunala GX,75/236,Rare Holo GX,CEC
Koffing,76/236,Common,CEC
Weezing,77/236,Rare,CEC
Natu,78/236,Common,CEC
Xatu,79/236,Rare,CEC
Ralts,80/236,Common,CEC
Kirlia,81/236,Uncommon,CEC
Gallade,82/236,Rare Holo,CEC
Duskull,83/236,Common,CEC
Dusclops,84/236,Uncommon,CEC
Dusknoir,85/236,Rare Holo,CEC
Rotom,86/236,Uncommon,CEC
Woobat,87/236,Common,CEC
Swoobat,88/236,Rare,CEC
Golett,89/236,Common,CEC
Golurk,90/236,Rare,CEC
Skrelp,91/236,Common,CEC
Dragalge,92/236,Rare,CEC
Phantump,93/236,Common,CEC
Trevenant,94/236,Rare,CEC
Oricorio GX,95/236,Rare Holo GX,CEC
Mimikyu,96/236,Uncommon,CEC
Mimikyu,97/236,Rare,CEC
Dhelmise,98/236,Uncommon,CEC
Cosmog,99/236,Common,CEC
Cosmog,100/236,Common,CEC
Cosmoem,101/236,Uncommon,CEC
Lunala,102/236,Rare Holo,CEC
Marshadow,103/236,Rare,CEC
Blacephalon,104/236,Rare Holo,CEC
Onix,105/236,Common,CEC
Nosepass,106/236,Common,CEC
Trapinch,107/236,Common,CEC
Trapinch,108/236,Common,CEC
Vibrava,109/236,Uncommon,CEC
Flygon GX,110/236,Rare Holo GX,CEC
Anorith,111/236,Uncommon,CEC
Armaldo,112/236,Rare,CEC
Groudon,113/236,Rare,CEC
Drilbur,114/236,Common,CEC
Excadrill,115/236,Rare Holo,CEC
Palpitoad,116/236,Common,CEC
Seismitoad,117/236,Rare,CEC
Throh,118/236,Uncommon,CEC
Pancham,119/236,Common,CEC
Pangoro,120/236,Uncommon,CEC
Crabrawler,121/236,Common,CEC
Crabominable,122/236,Rare,CEC
Rockruff,123/236,Common,CEC
Lycanroc,124/236,Rare Holo,CEC
Passimian,125/236,Common,CEC
Sandygast,126/236,Common,CEC
Palossand,127/236,Rare,CEC
Meowth de Alola,128/236,Common,CEC
Persian de Alola GX,129/236,Rare Holo GX,CEC
Grimer de Alola,130/236,Common,CEC
Muk de Alola,131/236,Rare,CEC
Carvanha,132/236,Common,CEC
Absol,133/236,Uncommon,CEC
Pawniard,134/236,Common,CEC
Bisharp,135/236,Uncommon,CEC
Guzzlord,136/236,Rare Holo,CEC
Sandshrew de Alola,137/236,Common,CEC
Sandslash de Alola,138/236,Rare,CEC
Steelix,139/236,Rare Holo,CEC
Mawile,140/236,Uncommon,CEC
Probopass,141/236,Uncommon,CEC
Solgaleo,142/236,Rare Holo,CEC
"Togepi, Cleffa e Igglybuff GX",143/236,Rare Holo GX,CEC
"Togepi, Cleffa e Igglybuff GX",143a/236,Rare Ultra,CEC
Clefairy,144/236,Uncommon,CEC
Ninetales de Alola,145/236,Rare Holo,CEC
Azurill,146/236,Common,CEC
Cottonee,147/236,Common,CEC
Whimsicott,148/236,Rare,CEC
Flabébé,149/236,Common,CEC
Flabébé,150/236,Common,CEC
Floette,151/236,Uncommon,CEC
Florges,152/236,Rare Holo,CEC
Swirlix,153/236,Common,CEC
Slurpuff,154/236,Rare,CEC
Sylveon,155/236,Rare,CEC
"Arceus, Dialga e Palkia GX",156/236,Rare Holo GX,CEC
Reshiram e Zekrom GX,157/236,Rare Holo GX,CEC
Naganadel e Guzzlord GX,158/236,Rare Holo GX,CEC
Drampa,159/236,Rare,CEC
Jangmo-o,160/236,Common,CEC
Jangmo-o,161/236,Common,CEC
Hakamo-o,162/236,Uncommon,CEC
Kommo-o,163/236,Rare Holo,CEC
Ultra Necrozma,164/236,Rare Holo,CEC
Mega Lopunny e Jigglypuff GX,165/236,Rare Holo GX,CEC
Eevee,166/236,Common,CEC
Eevee,167/236,Common,CEC
Igglybuff,168/236,Uncommon,CEC
Aipom,169/236,Common,CEC
Ambipom,170/236,Uncommon,CEC
Teddiursa,171/236,Common,CEC
Ursaring,172/236,Rare,CEC
Zangoose,173/236,Uncommon,CEC
Lillipup,174/236,Common,CEC
Herdier,175/236,Uncommon,CEC
Stoutland,176/236,Rare Holo,CEC
Rufflet,177/236,Common,CEC
Braviary,178/236,Rare,CEC
Helioptile,179/236,Common,CEC
Heliolisk,180/236,Rare,CEC
Stufful,181/236,Common,CEC
Bewear,182/236,Rare,CEC
Tipo Nulo,183/236,Uncommon,CEC
Silvally GX,184/236,Rare Holo GX,CEC
Criaturita,185/236,Uncommon,CEC
Bellelba e Brycen-Man,186/236,Uncommon,CEC
Maré Caótica,187/236,Uncommon,CEC
Clay,188/236,Uncommon,CEC
Cíntia e Caitlin,189/236,Uncommon,CEC
Dragonium Z: Garra de Dragão,190/236,Uncommon,CEC
Érica,191/236,Uncommon,CEC
Pegador Gigante,192/236,Uncommon,CEC
Guzma e Pandam,193/236,Uncommon,CEC
Amuleto de Desafio da Ilha,194/236,Uncommon,CEC
Vara de Pescar da Vitória,195/236,Uncommon,CEC
Força Total da Lílian,196/236,Uncommon,CEC
Pokéboneco da Lílian,197/236,Uncommon,CEC
Lulú e Vitória,198/236,Uncommon,CEC
Misty e Lorelei,199/236,Uncommon,CEC
Resolução do N,200/236,Uncommon,CEC
Preparação do Professor Carvalho,201/236,Uncommon,CEC
Red e Blue,202/236,Uncommon,CEC
Patinadora,203/236,Uncommon,CEC
Rose,204/236,Rare Holo,CEC
Roxie,205/236,Uncommon,CEC
Apito de Aliados,206/236,Uncommon,CEC
Fóssil Não Identificado,207/236,Uncommon,CEC
Will,208/236,Uncommon,CEC
Energia de Compra,209/236,Uncommon,CEC
Venusaur e Snivy GX,210/236,Rare Ultra,CEC
Vileplume GX,211/236,Rare Ultra,CEC
Charizard e Braixen GX,212/236,Rare Ultra,CEC
Volcarona GX,213/236,Rare Ultra,CEC
Blastoise e Piplup GX,214/236,Rare Ultra,CEC
Blastoise e Piplup GX,215/236,Rare Ultra,CEC
Solgaleo e Lunala GX,216/236,Rare Ultra,CEC
Oricorio GX,217/236,Rare Ultra,CEC
Flygon GX,218/236,Rare Ultra,CEC
Persian de Alola GX,219/236,Rare Ultra,CEC
"Arceus, Dialga e Palkia GX",220/236,Rare Ultra,CEC
"Arceus, Dialga e Palkia GX",221/236,Rare Ultra,CEC
Reshiram e Zekrom GX,222/236,Rare Ultra,CEC
Naganadel e Guzzlord GX,223/236,Rare Ultra,CEC
Naganadel e Guzzlord GX,224/236,Rare Ultra,CEC
Mega Lopunny e Jigglypuff GX,225/236,Rare Ultra,CEC
Mega Lopunny e Jigglypuff GX,226/236,Rare Ultra,CEC
Silvally GX,227/236,Rare Ultra,CEC
Cíntia e Caitlin,228/236,Rare Ultra,CEC
Guzma e Pandam,229/236,Rare Ultra,CEC
Força Total da Lílian,230/236,Rare Ultra,CEC
Lulú e Vitória,231/236,Rare Ultra,CEC
Resolução do N,232/236,Rare Ultra,CEC
Preparação do Professor Carvalho,233/236,Rare Ultra,CEC
Red e Blue,234/236,Rare Ultra,CEC
Patinadora,235/236,Rare Ultra,CEC
Rose,236/236,Rare Ultra,CEC
Torkoal,237/236,Rare Secret,CEC
Weavile,238/236,Rare Secret,CEC
Piplup,239/236,Rare Secret,CEC
Wishiwashi,240/236,Rare Secret,CEC
Pikachu,241/236,Rare Secret,CEC
Magnemite,242/236,Rare Secret,CEC
Koffing,243/236,Rare Secret,CEC
Gallade,244/236,Rare Secret,CEC
Mimikyu,245/236,Rare Secret,CEC
Excadrill,246/236,Rare Secret,CEC
Steelix,247/236,Rare Secret,CEC
Stoutland,248/236,Rare Secret,CEC
Venusaur e Snivy GX,249/236,Rare Rainbow,CEC
Vileplume GX,250/236,Rare Rainbow,CEC
Charizard e Braixen GX,251/236,Rare Rainbow,CEC
Volcarona GX,252/236,Rare Rainbow,CEC
Blastoise e Piplup GX,253/236,Rare Rainbow,CEC
Solgaleo e Lunala GX,254/236,Rare Rainbow,CEC
Oricorio GX,255/236,Rare Rainbow,CEC
Flygon GX,256/236,Rare Rainbow,CEC
Persian de Alola GX,257/236,Rare Rainbow,CEC
"Arceus, Dialga e Palkia GX",258/236,Rare Rainbow,CEC
Reshiram e Zekrom GX,259/236,Rare Rainbow,CEC
Naganadel e Guzzlord GX,260/236,Rare Rainbow,CEC
Mega Lopunny e Jigglypuff GX,261/236,Rare Rainbow,CEC
Silvally GX,262/236,Rare Rainbow,CEC
Fornalha Gigante,263/236,Rare Secret,CEC
Pegador Gigante,264/236,Rare Secret,CEC
Amuleto de Desafio da Ilha,265/236,Rare Secret,CEC
Vara de Pescar da Vitória,266/236,Rare Secret,CEC
Pokéboneco da Lílian,267/236,Rare Secret,CEC
Dojo de Artes Marciais,268/236,Rare Secret,CEC
Usina Elétrica,269/236,Rare Secret,CEC
Apito de Aliados,270/236,Rare Secret,CEC
Energia de Compra,271/236,Rare Secret,CEC
Weedle,1/111,Common,CIN
Kakuna,2/111,Uncommon,CIN
Beedrill,3/111,Rare,CIN
Exeggcute,4/111,Common,CIN
Cacnea,5/111,Common,CIN
Cacturne,6/111,Rare,CIN
Karrablast,7/111,Common,CIN
Shelmet,8/111,Common,CIN
Accelgor,9/111,Uncommon,CIN
Skiddo,10/111,Common,CIN
Gogoat,11/111,Rare Holo,CIN
Marowak de Alola,12/111,Rare Holo,CIN
Numel,13/111,Common,CIN
Camerupt,14/111,Rare,CIN
Staryu,15/111,Common,CIN
Starmie,16/111,Rare,CIN
Magikarp,17/111,Common,CIN
Gyarados GX,18/111,Rare Holo GX,CIN
Swinub,19/111,Common,CIN
Piloswine,20/111,Uncommon,CIN
Mamoswine,21/111,Rare,CIN
Remoraid,22/111,Common,CIN
Octillery,23/111,Rare,CIN
Corphish,24/111,Common,CIN
Crawdaunt,25/111,Rare,CIN
Feebas,26/111,Common,CIN
Milotic,27/111,Rare Holo,CIN
Regice,28/111,Rare Holo,CIN
Shellos,29/111,Common,CIN
Pikachu,30/111,Common,CIN
Raichu de Alola,31/111,Rare Holo,CIN
Geodude de Alola,32/111,Common,CIN
Graveler de Alola,33/111,Uncommon,CIN
Golem de Alola GX,34/111,Rare Holo GX,CIN
Emolga,35/111,Uncommon,CIN
Gastly,36/111,Common,CIN
Haunter,37/111,Uncommon,CIN
Gengar,38/111,Rare Holo,CIN
Misdreavus,39/111,Common,CIN
Mismagius,40/111,Rare,CIN
Spoink,41/111,Common,CIN
Grumpig,42/111,Uncommon,CIN
Chimecho,43/111,Common,CIN
Pumpkaboo,44/111,Common,CIN
Gourgeist,45/111,Rare,CIN
Salandit,46/111,Common,CIN
Salazzle,47/111,Rare Holo,CIN
Oranguru,48/111,Rare,CIN
Nihilego GX,49/111,Rare Holo GX,CIN
Mankey,50/111,Common,CIN
Primeape,51/111,Rare,CIN
Cubone,52/111,Common,CIN
Regirock,53/111,Rare,CIN
Gastrodon,54/111,Uncommon,CIN
Stufful,55/111,Common,CIN
Bewear,56/111,Rare Holo,CIN
Buzzwole GX,57/111,Rare Holo GX,CIN
Houndour,58/111,Common,CIN
Houndoom,59/111,Rare,CIN
Deino,60/111,Common,CIN
Zweilous,61/111,Uncommon,CIN
Hydreigon,62/111,Rare,CIN
Guzzlord GX,63/111,Rare Holo GX,CIN
Guzzlord-GX,63a/111,Rare Holo GX,CIN
Mawile,64/111,Uncommon,CIN
Aron,65/111,Common,CIN
Lairon,66/111,Uncommon,CIN
Aggron,67/111,Rare Holo,CIN
Registeel,68/111,Rare,CIN
Escavalier,69/111,Rare,CIN
Kartana GX,70/111,Rare Holo GX,CIN
Jigglypuff,71/111,Common,CIN
Wigglytuff,72/111,Rare,CIN
Xerneas,73/111,Rare Holo,CIN
Exeggutor de Alola GX,74/111,Rare Holo GX,CIN
Jangmo-o,75/111,Common,CIN
Hakamo-o,76/111,Uncommon,CIN
Kommo-o,77/111,Rare,CIN
Miltank,78/111,Uncommon,CIN
Swablu,79/111,Common,CIN
Altaria,80/111,Rare,CIN
Starly,81/111,Common,CIN
Staravia,82/111,Uncommon,CIN
Staraptor,83/111,Rare,CIN
Regigigas,84/111,Rare Holo,CIN
Regigigas,84a/111,Rare Holo,CIN
Minccino,85/111,Common,CIN
Cinccino,86/111,Uncommon,CIN
Bunnelby,87/111,Common,CIN
Diggersby,88/111,Uncommon,CIN
Tipo Nulo,89/111,Rare Holo,CIN
Silvally GX,90/111,Rare Holo GX,CIN
Pegador de Contra-ataque,91/111,Uncommon,CIN
Pochete Corredora,92/111,Uncommon,CIN
Campo Devorado,93/111,Uncommon,CIN
Memória de Luta,94/111,Uncommon,CIN
Gladio,95/111,Uncommon,CIN
Samina,96/111,Uncommon,CIN
Cartão Vermelho Espião,97/111,Uncommon,CIN
Memória Psíquica,98/111,Uncommon,CIN
Mar Vazio,99/111,Uncommon,CIN
Energia de Contra-ataque,100/111,Uncommon,CIN
Gyarados GX,101/111,Rare Ultra,CIN
Golem de Alola GX,102/111,Rare Ultra,CIN
Nihilego GX,103/111,Rare Ultra,CIN
Buzzwole GX,104/111,Rare Ultra,CIN
Guzzlord GX,105/111,Rare Ultra,CIN
Kartana GX,106/111,Rare Ultra,CIN
Exeggutor de Alola GX,107/111,Rare Ultra,CIN
Silvally GX,108/111,Rare Ultra,CIN
Gladio,109/111,Rare Ultra,CIN
Samina,110/111,Rare Ultra,CIN
Olívia,111/111,Rare Ultra,CIN
Gyarados GX,112/111,Rare Rainbow,CIN
Golem de Alola GX,113/111,Rare Rainbow,CIN
Nihilego GX,114/111,Rare Rainbow,CIN
Buzzwole GX,115/111,Rare Rainbow,CIN
Guzzlord GX,116/111,Rare Rainbow,CIN
Kartana GX,117/111,Rare Rainbow,CIN
Exeggutor de Alola GX,118/111,Rare Rainbow,CIN
Silvally GX,119/111,Rare Rainbow,CIN
Pegador de Contra-ataque,120/111,Rare Secret,CIN
Bastão do Desejo,121/111,Rare Secret,CIN
Energia de Contra-ataque,122/111,Rare Secret,CIN
Energia de Dobra,123/111,Rare Secret,CIN
Energia de Água,124/111,Rare Secret,CIN
Bulbasaur,1/18,Common,DET
Ludicolo,2/18,Rare,DET
Morelull,3/18,Common,DET
Charmander,4/18,Common,DET
Charizard,5/18,Rare Ultra,DET
Arcanine,6/18,Rare,DET
Psyduck,7/18,Common,DET
Magikarp,8/18,Common,DET
Greninja,9/18,Rare Ultra,DET
Detective Pikachu,10/18,Rare,DET
Mr. Mime,11/18,Rare,DET
Mewtwo,12/18,Rare Ultra,DET
Machamp,13/18,Rare,DET
Jigglypuff,14/18,Common,DET
Snubbull,15/18,Common,DET
Lickitung,16/18,Common,DET
Ditto,17/18,Rare Ultra,DET
Slaking,18/18,Rare,DET
Charmander,1/70,Common,DRM
Charmeleon,2/70,Uncommon,DRM
Charizard,3/70,Rare Holo,DRM
Torchic,4/70,Common,DRM
Combusken,5/70,Uncommon,DRM
Blaziken,6/70,Rare Holo,DRM
Victini ◇,7/70,Rare Prism Star,DRM
Darumaka,8/70,Common,DRM
Darmanitan,9/70,Uncommon,DRM
Heatmor,10/70,Uncommon,DRM
Reshiram GX,11/70,Rare Holo GX,DRM
Litten,12/70,Common,DRM
Salandit,13/70,Common,DRM
Salazzle,14/70,Uncommon,DRM
Horsea,15/70,Common,DRM
Horsea,16/70,Common,DRM
Seadra,17/70,Uncommon,DRM
Kingdra GX,18/70,Rare Holo GX,DRM
Magikarp,19/70,Common,DRM
Gyarados,20/70,Rare Holo,DRM
Lapras,21/70,Uncommon,DRM
Totodile,22/70,Common,DRM
Croconaw,23/70,Uncommon,DRM
Feraligatr,24/70,Rare Holo,DRM
Wooper,25/70,Common,DRM
Quagsire,26/70,Uncommon,DRM
Corsola,27/70,Common,DRM
Feebas,28/70,Common,DRM
Milotic,29/70,Uncommon,DRM
Phione,30/70,Uncommon,DRM
Wishiwashi,31/70,Common,DRM
Trapinch,32/70,Common,DRM
Hydreigon,33/70,Rare Holo,DRM
Dratini,34/70,Common,DRM
Dratini,35/70,Common,DRM
Dragonair,36/70,Uncommon,DRM
Dragonite GX,37/70,Rare Holo GX,DRM
Vibrava,38/70,Common,DRM
Flygon,39/70,Uncommon,DRM
Altaria,40/70,Rare Holo,DRM
Altaria,40a/70,Rare Holo,DRM
Altaria GX,41/70,Rare Holo GX,DRM
Bagon,42/70,Common,DRM
Shelgon,43/70,Uncommon,DRM
Salamence GX,44/70,Rare Holo GX,DRM
Druddigon,45/70,Uncommon,DRM
Zekrom,46/70,Rare Holo,DRM
Kyurem,47/70,Rare Holo,DRM
Kyurem Branco GX,48/70,Rare Holo GX,DRM
Zygarde,49/70,Uncommon,DRM
Turtonator,50/70,Uncommon,DRM
Drampa,51/70,Uncommon,DRM
Jangmo-o,52/70,Common,DRM
Hakamo-o,53/70,Common,DRM
Kommo-o,54/70,Rare Holo,DRM
Kangaskhan,55/70,Common,DRM
Swablu,56/70,Common,DRM
Swablu,57/70,Common,DRM
Última Chance de Blaine,58/70,Rare Holo,DRM
Grifa de Dragão,59/70,Uncommon,DRM
Sílex-de-fogo,60/70,Uncommon,DRM
Fiery Flint,60a/70,Uncommon,DRM
Lance ◇,61/70,Rare Prism Star,DRM
Boia de Substituição,62/70,Uncommon,DRM
Vulcão Wela,63/70,Uncommon,DRM
Zínia,64/70,Uncommon,DRM
Reshiram GX,65/70,Rare Ultra,DRM
Kingdra GX,66/70,Rare Ultra,DRM
Dragonite GX,67/70,Rare Ultra,DRM
Altaria GX,68/70,Rare Ultra,DRM
Última Chance de Blaine,69/70,Rare Ultra,DRM
Zínia,70/70,Rare Ultra,DRM
Reshiram GX,71/70,Rare Rainbow,DRM
Altaria GX,72/70,Rare Rainbow,DRM
Salamence GX,73/70,Rare Rainbow,DRM
Kyurem Branco GX,74/70,Rare Rainbow,DRM
Grifa de Dragão,75/70,Rare Secret,DRM
Sílex-de-fogo,76/70,Rare Secret,DRM
Boia de Substituição,77/70,Rare Secret,DRM
Ultra Necrozma GX,78/70,Rare Secret,DRM
Exeggcute,1/131,Common,FLI
Exeggutor de Alola,2/131,Rare,FLI
Exeggutor de Alola,2a/131,Rare,FLI
Snover,3/131,Common,FLI
Abomasnow,4/131,Rare,FLI
Scatterbug,5/131,Common,FLI
Scatterbug,6/131,Common,FLI
Spewpa,7/131,Uncommon,FLI
Vivillon,8/131,Rare,FLI
Skiddo,9/131,Common,FLI
Gogoat,10/131,Uncommon,FLI
Pheromosa,11/131,Rare Holo,FLI
Marowak de Alola,12/131,Rare,FLI
Heatran,13/131,Rare,FLI
Fennekin,14/131,Common,FLI
Fennekin,15/131,Common,FLI
Braixen,16/131,Uncommon,FLI
Delphox,17/131,Rare Holo,FLI
Litleo,18/131,Common,FLI
Pyroar,19/131,Rare Holo,FLI
Palkia GX,20/131,Rare Holo GX,FLI
Froakie,21/131,Common,FLI
Froakie,22/131,Common,FLI
Frogadier,23/131,Uncommon,FLI
Greninja GX,24/131,Rare Holo GX,FLI
Clauncher,25/131,Common,FLI
Clawitzer,26/131,Rare,FLI
Amaura,27/131,Uncommon,FLI
Aurorus,28/131,Rare Holo,FLI
Bergmite,29/131,Common,FLI
Avalugg,30/131,Rare,FLI
Volcanion ◇,31/131,Rare Prism Star,FLI
Dewpider,32/131,Common,FLI
Araquanid,33/131,Uncommon,FLI
Magnemite,34/131,Common,FLI
Magneton,35/131,Uncommon,FLI
Magnezone,36/131,Rare,FLI
Helioptile,37/131,Common,FLI
Heliolisk,38/131,Uncommon,FLI
Xurkitree,39/131,Rare,FLI
Rotom,40/131,Rare,FLI
Uxie,41/131,Uncommon,FLI
Mesprit,42/131,Uncommon,FLI
Azelf,43/131,Uncommon,FLI
Espurr,44/131,Common,FLI
Meowstic,45/131,Rare,FLI
Honedge,46/131,Common,FLI
Honedge,47/131,Common,FLI
Doublade,48/131,Uncommon,FLI
Aegislash,49/131,Rare,FLI
Inkay,50/131,Common,FLI
Malamar,51/131,Rare,FLI
Skrelp,52/131,Common,FLI
Dragalge,53/131,Rare,FLI
Hoopa,54/131,Uncommon,FLI
Poipole,55/131,Uncommon,FLI
Naganadel GX,56/131,Rare Holo GX,FLI
Cubone,57/131,Common,FLI
Torterra,58/131,Rare,FLI
Infernape,59/131,Rare Holo,FLI
Gible,60/131,Common,FLI
Gabite,61/131,Uncommon,FLI
Garchomp,62/131,Rare Holo,FLI
Croagunk,63/131,Common,FLI
Toxicroak,64/131,Rare,FLI
Pancham,65/131,Common,FLI
Binacle,66/131,Common,FLI
Barbaracle,67/131,Rare,FLI
Tyrunt,68/131,Uncommon,FLI
Tyrantrum,69/131,Rare Holo,FLI
Hawlucha,70/131,Uncommon,FLI
Zygarde,71/131,Uncommon,FLI
Zygarde,72/131,Rare,FLI
Zygarde GX,73/131,Rare Holo GX,FLI
Diancie ◇,74/131,Rare Prism Star,FLI
Rockruff,75/131,Common,FLI
Lycanroc,76/131,Rare,FLI
Buzzwole,77/131,Rare,FLI
Pangoro,78/131,Rare,FLI
Yveltal GX,79/131,Rare Holo GX,FLI
Guzzlord,80/131,Rare Holo,FLI
Empoleon,81/131,Rare Holo,FLI
Dialga GX,82/131,Rare Holo GX,FLI
Flabébé,83/131,Common,FLI
Flabébé,84/131,Common,FLI
Floette,85/131,Uncommon,FLI
Florges,86/131,Rare,FLI
Sylveon,87/131,Rare,FLI
Dedenne,88/131,Uncommon,FLI
Klefki,89/131,Uncommon,FLI
Xerneas GX,90/131,Rare Holo GX,FLI
Goomy,91/131,Common,FLI
Goomy,92/131,Common,FLI
Sliggoo,93/131,Uncommon,FLI
Goodra,94/131,Rare Holo,FLI
Ultra Necrozma GX,95/131,Rare Holo GX,FLI
Arceus ◇,96/131,Rare Prism Star,FLI
Bunnelby,97/131,Common,FLI
Diggersby,98/131,Uncommon,FLI
Furfrou,99/131,Common,FLI
Noibat,100/131,Common,FLI
Noivern,101/131,Rare,FLI
Portal de Criatura,102/131,Rare,FLI
Beast Ring,102a/131,Rare,FLI
Bonnie,103/131,Uncommon,FLI
Demolidor Wake,104/131,Uncommon,FLI
Diantha,105/131,Rare Holo,FLI
Eneportal,106/131,Uncommon,FLI
Mapa de Escavar Fósseis,107/131,Uncommon,FLI
Juiz,108/131,Uncommon,FLI
Dama,109/131,Uncommon,FLI
Lysandre ◇,110/131,Rare Prism Star,FLI
Laboratórios Lysandre,111/131,Uncommon,FLI
Frigideira de Metal,112/131,Uncommon,FLI
Metal Frying Pan,112a/131,Uncommon,FLI
Tesouro Misterioso,113/131,Uncommon,FLI
Mysterious Treasure,113a/131,Uncommon,FLI
Ultraesquadrão de Reconhecimento,114/131,Uncommon,FLI
Ultraespaço,115/131,Uncommon,FLI
Fóssil Não Identificado,116/131,Uncommon,FLI
Energia para Criaturas ◇,117/131,Rare Prism Star,FLI
Energia Unitária FightingDarknessFairy,118/131,Uncommon,FLI
Palkia GX,119/131,Rare Ultra,FLI
Greninja GX,120/131,Rare Ultra,FLI
Naganadel GX,121/131,Rare Ultra,FLI
Lucario GX,122/131,Rare Ultra,FLI
Zygarde GX,123/131,Rare Ultra,FLI
Yveltal GX,124/131,Rare Ultra,FLI
Dialga GX,125/131,Rare Ultra,FLI
Xerneas GX,126/131,Rare Ultra,FLI
Ultra Necrozma GX,127/131,Rare Ultra,FLI
Bonnie,128/131,Rare Ultra,FLI
Demolidor Wake,129/131,Rare Ultra,FLI
Diantha,130/131,Rare Ultra,FLI
Ultraesquadrão de Reconhecimento,131/131,Rare Ultra,FLI
Palkia GX,132/131,Rare Rainbow,FLI
Greninja GX,133/131,Rare Rainbow,FLI
Naganadel GX,134/131,Rare Rainbow,FLI
Lucario GX,135/131,Rare Rainbow,FLI
Zygarde GX,136/131,Rare Rainbow,FLI
Yveltal GX,137/131,Rare Rainbow,FLI
Dialga GX,138/131,Rare Rainbow,FLI
Xerneas GX,139/131,Rare Rainbow,FLI
Ultra Necrozma GX,140/131,Rare Rainbow,FLI
Portal de Criatura,141/131,Rare Secret,FLI
Eneportal,142/131,Rare Secret,FLI
Reciclador de Energia,143/131,Rare Secret,FLI
Frigideira de Metal,144/131,Rare Secret,FLI
Tesouro Misterioso,145/131,Rare Secret,FLI
Energia Unitária FightingDarknessFairy,146/131,Rare Secret,FLI
Bellsprout,1/145,Common,GRI
Weepinbell,2/145,Uncommon,GRI
Victreebel,3/145,Rare,GRI
Petilil,4/145,Common,GRI
Lilligant,5/145,Rare,GRI
Phantump,6/145,Common,GRI
Trevenant,7/145,Rare,GRI
Wimpod,8/145,Common,GRI
Golisopod,9/145,Rare Holo,GRI
Victini,10/145,Rare Holo,GRI
Litwick,11/145,Common,GRI
Lampent,12/145,Uncommon,GRI
Chandelure,13/145,Rare Holo,GRI
Oricorio,14/145,Rare,GRI
Salandit,15/145,Common,GRI
Salazzle,16/145,Rare,GRI
Turtonator,17/145,Rare,GRI
Turtonator GX,18/145,Rare Holo GX,GRI
Sandshrew de Alola,19/145,Common,GRI
Sandshrew de Alola,19a/145,Common,GRI
Sandslash de Alola,20/145,Rare,GRI
Vulpix de Alola,21/145,Common,GRI
Vulpix de Alola,21a/145,Common,GRI
Ninetales de Alola GX,22/145,Rare Holo GX,GRI
Tentacool,23/145,Common,GRI
Tentacruel,24/145,Uncommon,GRI
Politoed,25/145,Rare Holo,GRI
Delibird,26/145,Common,GRI
Carvanha,27/145,Common,GRI
Sharpedo,28/145,Rare,GRI
Wailmer,29/145,Common,GRI
Wailord,30/145,Rare,GRI
Snorunt,31/145,Common,GRI
Glalie,32/145,Uncommon,GRI
Vanillite,33/145,Common,GRI
Vanillish,34/145,Uncommon,GRI
Vanilluxe,35/145,Rare,GRI
Alomomola,36/145,Uncommon,GRI
Wishiwashi,37/145,Common,GRI
Wishiwashi GX,38/145,Rare Holo GX,GRI
Mareanie,39/145,Uncommon,GRI
Geodude de Alola,40/145,Common,GRI
Graveler de Alola,41/145,Uncommon,GRI
Golem de Alola,42/145,Rare Holo,GRI
Helioptile,43/145,Common,GRI
Heliolisk,44/145,Rare,GRI
Vikavolt GX,45/145,Rare Holo GX,GRI
Oricorio,46/145,Rare,GRI
Tapu Koko GX,47/145,Rare Holo GX,GRI
Slowpoke,48/145,Common,GRI
Slowbro,49/145,Uncommon,GRI
Trubbish,50/145,Common,GRI
Garbodor,51/145,Rare,GRI
Garbodor,51a/145,Rare,GRI
Gothita,52/145,Common,GRI
Gothorita,53/145,Uncommon,GRI
Gothitelle,54/145,Rare,GRI
Oricorio,55/145,Rare,GRI
Oricorio,56/145,Rare,GRI
Toxapex GX,57/145,Rare Holo GX,GRI
Mimikyu,58/145,Rare Holo,GRI
Dhelmise,59/145,Rare Holo,GRI
Tapu Lele GX,60/145,Rare Holo GX,GRI
Tapu Lele-GX,60a/145,Rare Holo GX,GRI
Lunala,61/145,Rare,GRI
Machop,62/145,Common,GRI
Machop,63/145,Common,GRI
Machoke,64/145,Uncommon,GRI
Machamp,65/145,Rare Holo,GRI
Sudowoodo,66/145,Uncommon,GRI
Gligar,67/145,Common,GRI
Gliscor,68/145,Uncommon,GRI
Nosepass,69/145,Common,GRI
Barboach,70/145,Common,GRI
Whiscash,71/145,Rare,GRI
Pancham,72/145,Common,GRI
Rockruff,73/145,Common,GRI
Lycanroc GX,74/145,Rare Holo GX,GRI
Mudbray,75/145,Common,GRI
Mudsdale,76/145,Rare Holo,GRI
Minior,77/145,Rare Holo,GRI
Murkrow,78/145,Common,GRI
Honchkrow,79/145,Rare,GRI
Sableye,80/145,Uncommon,GRI
Absol,81/145,Rare Holo,GRI
Pangoro,82/145,Rare,GRI
Beldum,83/145,Common,GRI
Metang,84/145,Uncommon,GRI
Metagross GX,85/145,Rare Holo GX,GRI
Probopass,86/145,Rare,GRI
Solgaleo,87/145,Rare,GRI
Clefairy,88/145,Common,GRI
Clefable,89/145,Uncommon,GRI
Cottonee,90/145,Common,GRI
Whimsicott,91/145,Uncommon,GRI
Sylveon GX,92/145,Rare Holo GX,GRI
Sylveon-GX,92a/145,Rare Holo GX,GRI
Comfey,93/145,Rare Holo,GRI
Goomy,94/145,Common,GRI
Sliggoo,95/145,Uncommon,GRI
Goodra,96/145,Rare Holo,GRI
Drampa,97/145,Rare Holo,GRI
Jangmo-o,98/145,Common,GRI
Hakamo-o,99/145,Uncommon,GRI
Kommo-o GX,100/145,Rare Holo GX,GRI
Chansey,101/145,Common,GRI
Blissey,102/145,Rare Holo,GRI
Taillow,103/145,Common,GRI
Swellow,104/145,Rare,GRI
Castform,105/145,Common,GRI
Rayquaza,106/145,Rare,GRI
Patrat,107/145,Common,GRI
Watchog,108/145,Uncommon,GRI
Fletchling,109/145,Common,GRI
Fletchinder,110/145,Uncommon,GRI
Talonflame,111/145,Rare,GRI
Stufful,112/145,Common,GRI
Bewear,113/145,Uncommon,GRI
Komala,114/145,Uncommon,GRI
Drampa GX,115/145,Rare Holo GX,GRI
Reserva Paraíso Aether,116/145,Uncommon,GRI
Altar Lunar,117/145,Uncommon,GRI
Altar Solar,118/145,Uncommon,GRI
Fragmento Aquático,119/145,Uncommon,GRI
Ladeira Brooklet,120/145,Uncommon,GRI
Faixa da Escolha,121/145,Uncommon,GRI
Faixa da Escolha,121a/145,Uncommon,GRI
Loto Energia,122/145,Uncommon,GRI
Reciclador de Energia,123/145,Uncommon,GRI
Martelo Avançado,124/145,Uncommon,GRI
Enhanced Hammer,124a/145,Uncommon,GRI
Ventilador de Campo,125/145,Uncommon,GRI
Field Blower,125a/145,Uncommon,GRI
Pandam,126/145,Uncommon,GRI
Lulú,127/145,Uncommon,GRI
Poção Máxima,128/145,Uncommon,GRI
Max Potion,128a/145,Uncommon,GRI
Multissubstituição,129/145,Uncommon,GRI
Maca de Resgate,130/145,Uncommon,GRI
Maca de Resgate,130a/145,Uncommon,GRI
Turtonator GX,131/145,Rare Ultra,GRI
Ninetales de Alola GX,132/145,Rare Ultra,GRI
Wishiwashi GX,133/145,Rare Ultra,GRI
Vikavolt GX,134/145,Rare Ultra,GRI
Tapu Koko GX,135/145,Rare Ultra,GRI
Toxapex GX,136/145,Rare Ultra,GRI
Tapu Lele GX,137/145,Rare Ultra,GRI
Lycanroc GX,138/145,Rare Ultra,GRI
Metagross GX,139/145,Rare Ultra,GRI
Sylveon GX,140/145,Rare Ultra,GRI
Kommo-o GX,141/145,Rare Ultra,GRI
Drampa GX,142/145,Rare Ultra,GRI
Pandam,143/145,Rare Ultra,GRI
Hibi,144/145,Rare Ultra,GRI
Lulú,145/145,Rare Ultra,GRI
Decidueye GX,146/145,Rare Rainbow,GRI
Incineroar GX,147/145,Rare Rainbow,GRI
Turtonator GX,148/145,Rare Rainbow,GRI
Primarina GX,149/145,Rare Rainbow,GRI
Ninetales de Alola GX,150/145,Rare Rainbow,GRI
Wishiwashi GX,151/145,Rare Rainbow,GRI
Vikavolt GX,152/145,Rare Rainbow,GRI
Tapu Koko GX,153/145,Rare Rainbow,GRI
Toxapex GX,154/145,Rare Rainbow,GRI
Tapu Lele GX,155/145,Rare Rainbow,GRI
Lycanroc GX,156/145,Rare Rainbow,GRI
Metagross GX,157/145,Rare Rainbow,GRI
Metagross-GX,157a/145,Rare Ultra,GRI
Sylveon GX,158/145,Rare Rainbow,GRI
Kommo-o GX,159/145,Rare Rainbow,GRI
Drampa GX,160/145,Rare Rainbow,GRI
Fragmento Aquático,161/145,Rare Secret,GRI
Martelo Avançado,162/145,Rare Secret,GRI
Ventilador de Campo,163/145,Rare Secret,GRI
Poção Máxima,164/145,Rare Secret,GRI
Doce Raro,165/145,Rare Secret,GRI
Energia Incolor Dupla,166/145,Rare Secret,GRI
Energia de Planta,167/145,Rare Secret,GRI
Energia de Raios,168/145,Rare Secret,GRI
Energia de Luta,169/145,Rare Secret,GRI
Scyther,SV1/94,Rare Shiny,HIFSV
Rowlet,SV2/94,Rare Shiny,HIFSV
Dartrix,SV3/94,Rare Shiny,HIFSV
Wimpod,SV4/94,Rare Shiny,HIFSV
Pheromosa,SV5/94,Rare Shiny,HIFSV
Charmander,SV6/94,Rare Shiny,HIFSV
Charmeleon,SV7/94,Rare Shiny,HIFSV
Alolan Vulpix,SV8/94,Rare Shiny,HIFSV
Wooper,SV9/94,Rare Shiny,HIFSV
Quagsire,SV10/94,Rare Shiny,HIFSV
Froakie,SV11/94,Rare Shiny,HIFSV
Frogadier,SV12/94,Rare Shiny,HIFSV
Voltorb,SV13/94,Rare Shiny,HIFSV
Xurkitree,SV14/94,Rare Shiny,HIFSV
Seviper,SV15/94,Rare Shiny,HIFSV
Shuppet,SV16/94,Rare Shiny,HIFSV
Inkay,SV17/94,Rare Shiny,HIFSV
Malamar,SV18/94,Rare Shiny,HIFSV
Poipole,SV19/94,Rare Shiny,HIFSV
Sudowoodo,SV20/94,Rare Shiny,HIFSV
Riolu,SV21/94,Rare Shiny,HIFSV
Lucario,SV22/94,Rare Shiny,HIFSV
Rockruff,SV23/94,Rare Shiny,HIFSV
Buzzwole,SV24/94,Rare Shiny,HIFSV
Zorua,SV25/94,Rare Shiny,HIFSV
Guzzlord,SV26/94,Rare Shiny,HIFSV
Magnemite,SV27/94,Rare Shiny,HIFSV
Magneton,SV28/94,Rare Shiny,HIFSV
Magnezone,SV29/94,Rare Shiny,HIFSV
Beldum,SV30/94,Rare Shiny,HIFSV
Metang,SV31/94,Rare Shiny,HIFSV
Celesteela,SV32/94,Rare Shiny,HIFSV
Kartana,SV33/94,Rare Shiny,HIFSV
Ralts,SV34/94,Rare Shiny,HIFSV
Kirlia,SV35/94,Rare Shiny,HIFSV
Diancie,SV36/94,Rare Shiny,HIFSV
Altaria,SV37/94,Rare Shiny,HIFSV
Gible,SV38/94,Rare Shiny,HIFSV
Gabite,SV39/94,Rare Shiny,HIFSV
Garchomp,SV40/94,Rare Shiny,HIFSV
Eevee,SV41/94,Rare Shiny,HIFSV
Swablu,SV42/94,Rare Shiny,HIFSV
Noibat,SV43/94,Rare Shiny,HIFSV
Oranguru,SV44/94,Rare Shiny,HIFSV
Type: Null,SV45/94,Rare Shiny,HIFSV
Leafeon-GX,SV46/94,Rare Shiny GX,HIFSV
Decidueye-GX,SV47/94,Rare Shiny GX,HIFSV
Golisopod-GX,SV48/94,Rare Shiny GX,HIFSV
Charizard-GX,SV49/94,Rare Shiny GX,HIFSV
Ho-Oh-GX,SV50/94,Rare Shiny GX,HIFSV
Reshiram-GX,SV51/94,Rare Shiny GX,HIFSV
Turtonator-GX,SV52/94,Rare Shiny GX,HIFSV
Alolan Ninetales-GX,SV53/94,Rare Shiny GX,HIFSV
Articuno-GX,SV54/94,Rare Shiny GX,HIFSV
Glaceon-GX,SV55/94,Rare Shiny GX,HIFSV
Greninja-GX,SV56/94,Rare Shiny GX,HIFSV
Electrode-GX,SV57/94,Rare Shiny GX,HIFSV
Xurkitree-GX,SV58/94,Rare Shiny GX,HIFSV
Mewtwo-GX,SV59/94,Rare Shiny GX,HIFSV
Espeon-GX,SV60/94,Rare Shiny GX,HIFSV
Banette-GX,SV61/94,Rare Shiny GX,HIFSV
Nihilego-GX,SV62/94,Rare Shiny GX,HIFSV
Naganadel-GX,SV63/94,Rare Shiny GX,HIFSV
Lucario-GX,SV64/94,Rare Shiny GX,HIFSV
Zygarde-GX,SV65/94,Rare Shiny GX,HIFSV
Lycanroc-GX,SV66/94,Rare Shiny GX,HIFSV
Lycanroc-GX,SV67/94,Rare Shiny GX,HIFSV
Buzzwole-GX,SV68/94,Rare Shiny GX,HIFSV
Umbreon-GX,SV69/94,Rare Shiny GX,HIFSV
Darkrai-GX,SV70/94,Rare Shiny GX,HIFSV
Guzzlord-GX,SV71/94,Rare Shiny GX,HIFSV
Scizor-GX,SV72/94,Rare Shiny GX,HIFSV
Kartana-GX,SV73/94,Rare Shiny GX,HIFSV
Stakataka-GX,SV74/94,Rare Shiny GX,HIFSV
Gardevoir-GX,SV75/94,Rare Shiny GX,HIFSV
Sylveon-GX,SV76/94,Rare Shiny GX,HIFSV
Altaria-GX,SV77/94,Rare Shiny GX,HIFSV
Noivern-GX,SV78/94,Rare Shiny GX,HIFSV
Silvally-GX,SV79/94,Rare Shiny GX,HIFSV
Drampa-GX,SV80/94,Rare Shiny GX,HIFSV
Aether Foundation Employee,SV81/94,Rare Ultra,HIFSV
Cynthia,SV82/94,Rare Ultra,HIFSV
Fisherman,SV83/94,Rare Ultra,HIFSV
Guzma,SV84/94,Rare Ultra,HIFSV
Hiker,SV85/94,Rare Ultra,HIFSV
Lady,SV86/94,Rare Ultra,HIFSV
Aether Paradise Conservation Area,SV87/94,Rare Secret,HIFSV
Brooklet Hill,SV88/94,Rare Secret,HIFSV
Mt. Coronet,SV89/94,Rare Secret,HIFSV
Shrine of Punishment,SV90/94,Rare Secret,HIFSV
Tapu Bulu-GX,SV91/94,Rare Secret,HIFSV
Tapu Fini-GX,SV92/94,Rare Secret,HIFSV
Tapu Koko-GX,SV93/94,Rare Secret,HIFSV
Tapu Lele-GX,SV94/94,Rare Secret,HIFSV
Caterpie,1/68,Common,HIF
Metapod,2/68,Uncommon,HIF
Butterfree,3/68,Rare,HIF
Paras,4/68,Common,HIF
Scyther,5/68,Uncommon,HIF
Pinsir-GX,6/68,Rare Holo GX,HIF
Charmander,7/68,Common,HIF
Charmeleon,8/68,Uncommon,HIF
Charizard-GX,9/68,Rare Holo GX,HIF
Magmar,10/68,Uncommon,HIF
Psyduck,11/68,Common,HIF
Slowpoke,12/68,Common,HIF
Staryu,13/68,Common,HIF
Starmie-GX,14/68,Rare Holo GX,HIF
Magikarp,15/68,Common,HIF
Gyarados-GX,16/68,Rare Holo GX,HIF
Lapras,17/68,Rare,HIF
Vaporeon,18/68,Rare Holo,HIF
Pikachu,19/68,Common,HIF
Raichu-GX,20/68,Rare Holo GX,HIF
Voltorb,21/68,Common,HIF
Electrode,22/68,Rare,HIF
Jolteon,23/68,Rare,HIF
Zapdos,24/68,Rare Holo,HIF
Ekans,25/68,Common,HIF
Ekans,26/68,Common,HIF
Arbok,27/68,Rare,HIF
Koffing,28/68,Common,HIF
Weezing,29/68,Rare,HIF
Jynx,30/68,Uncommon,HIF
Mewtwo-GX,31/68,Rare Holo GX,HIF
Mew,32/68,Rare,HIF
Geodude,33/68,Common,HIF
Graveler,34/68,Uncommon,HIF
Golem,35/68,Rare,HIF
Onix-GX,36/68,Rare Holo GX,HIF
Cubone,37/68,Common,HIF
Clefairy,38/68,Common,HIF
Clefairy,39/68,Common,HIF
Clefable,40/68,Rare,HIF
Jigglypuff,41/68,Common,HIF
Wigglytuff-GX,42/68,Rare Holo GX,HIF
Mr. Mime,43/68,Rare,HIF
Moltres & Zapdos & Articuno-GX,44/68,Rare Holo GX,HIF
Farfetch'd,45/68,Uncommon,HIF
Chansey,46/68,Uncommon,HIF
Kangaskhan,47/68,Rare,HIF
Eevee,48/68,Rare Holo,HIF
Eevee,49/68,Common,HIF
Snorlax,50/68,Rare,HIF
Bill's Analysis,51/68,Rare,HIF
Blaine's Last Stand,52/68,Rare,HIF
Brock's Grit,53/68,Uncommon,HIF
Brock's Pewter City Gym,54/68,Uncommon,HIF
Brock's Training,55/68,Rare Holo,HIF
Erika's Hospitality,56/68,Rare,HIF
Giovanni's Exile,57/68,Uncommon,HIF
Jessie & James,58/68,Rare Holo,HIF
Koga's Trap,59/68,Uncommon,HIF
Lt. Surge's Strategy,60/68,Uncommon,HIF
Misty's Cerulean City Gym,61/68,Uncommon,HIF
Misty's Determination,62/68,Uncommon,HIF
Misty's Water Command,63/68,Rare Holo,HIF
Pokémon Center Lady,64/68,Uncommon,HIF
Sabrina's Suggestion,65/68,Uncommon,HIF
Moltres & Zapdos & Articuno-GX,66/68,Rare Ultra,HIF
Giovanni's Exile,67/68,Rare Ultra,HIF
Jessie & James,68/68,Rare Ultra,HIF
Moltres & Zapdos & Articuno-GX,69/68,Rare Rainbow,HIF
Tangela,1/214,Common,LOT
Tangrowth,2/214,Rare,LOT
Scyther,3/214,Common,LOT
Pinsir,4/214,Uncommon,LOT
Chikorita,5/214,Common,LOT
Chikorita,6/214,Common,LOT
Bayleef,7/214,Uncommon,LOT
Meganium,8/214,Rare Holo,LOT
Spinarak,9/214,Common,LOT
Ariados,10/214,Uncommon,LOT
Hoppip,11/214,Common,LOT
Hoppip,12/214,Common,LOT
Skiploom,13/214,Uncommon,LOT
Jumpluff,14/214,Rare Holo,LOT
Pineco,15/214,Common,LOT
Shuckle,16/214,Uncommon,LOT
Shuckle GX,17/214,Rare Holo GX,LOT
Heracross,18/214,Uncommon,LOT
Celebi ◇,19/214,Rare Prism Star,LOT
Treecko,20/214,Common,LOT
Grovyle,21/214,Uncommon,LOT
Sceptile GX,22/214,Rare Holo GX,LOT
Wurmple,23/214,Common,LOT
Wurmple,24/214,Common,LOT
Silcoon,25/214,Uncommon,LOT
Beautifly,26/214,Rare,LOT
Cascoon,27/214,Uncommon,LOT
Dustox,28/214,Rare,LOT
Nincada,29/214,Common,LOT
Ninjask,30/214,Uncommon,LOT
Combee,31/214,Common,LOT
Vespiquen,32/214,Uncommon,LOT
Shaymin,33/214,Rare Holo,LOT
Virizion GX,34/214,Rare Holo GX,LOT
Skiddo,35/214,Common,LOT
Gogoat,36/214,Uncommon,LOT
Tapu Bulu,37/214,Rare Holo,LOT
Moltres,38/214,Rare,LOT
Cyndaquil,39/214,Common,LOT
Cyndaquil,40/214,Common,LOT
Quilava,41/214,Uncommon,LOT
Typhlosion,42/214,Rare Holo,LOT
Slugma,43/214,Common,LOT
Magcargo GX,44/214,Rare Holo GX,LOT
Houndour,45/214,Common,LOT
Houndoom,46/214,Rare,LOT
Entei,47/214,Rare,LOT
Heatran,48/214,Rare Holo,LOT
Victini,49/214,Rare,LOT
Litleo,50/214,Common,LOT
Pyroar,51/214,Rare,LOT
Blacephalon GX,52/214,Rare Holo GX,LOT
Vulpix de Alola,53/214,Common,LOT
Slowpoke,54/214,Common,LOT
Slowking,55/214,Rare,LOT
Lapras,56/214,Rare,LOT
Delibird,57/214,Uncommon,LOT
Mantine,58/214,Uncommon,LOT
Suicune,59/214,Rare Holo,LOT
Suicune GX,60/214,Rare Holo GX,LOT
Cubchoo,61/214,Common,LOT
Beartic,62/214,Rare,LOT
Kyurem Branco,63/214,Rare Holo,LOT
Popplio,64/214,Common,LOT
Popplio,65/214,Common,LOT
Brionne,66/214,Uncommon,LOT
Primarina,67/214,Rare,LOT
Mareanie,68/214,Common,LOT
Toxapex,69/214,Rare,LOT
Bruxish,70/214,Common,LOT
Electabuzz,71/214,Uncommon,LOT
Electivire,72/214,Rare,LOT
Chinchou,73/214,Common,LOT
Lanturn,74/214,Rare,LOT
Mareep,75/214,Common,LOT
Mareep,76/214,Common,LOT
Flaaffy,77/214,Uncommon,LOT
Ampharos,78/214,Rare Holo,LOT
Raikou,79/214,Rare,LOT
Pachirisu,80/214,Common,LOT
Blitzle,81/214,Common,LOT
Zebstrika,82/214,Rare,LOT
Stunfisk,83/214,Common,LOT
Dedenne,84/214,Common,LOT
Tapu Koko,85/214,Rare Holo,LOT
Zeraora GX,86/214,Rare Holo GX,LOT
Natu,87/214,Common,LOT
Xatu,88/214,Uncommon,LOT
Espeon,89/214,Rare,LOT
Unown,90/214,Rare,LOT
Unown,91/214,Rare,LOT
Unown,92/214,Rare,LOT
Wobbuffet,93/214,Rare,LOT
Girafarig,94/214,Uncommon,LOT
Shedinja,95/214,Rare,LOT
Sableye,96/214,Uncommon,LOT
Giratina,97/214,Rare Holo,LOT
Sigilyph GX,98/214,Rare Holo GX,LOT
Yamask,99/214,Common,LOT
Cofagrigus,100/214,Rare,LOT
Litwick,101/214,Common,LOT
Lampent,102/214,Uncommon,LOT
Chandelure,103/214,Rare Holo,LOT
Meloetta,104/214,Rare,LOT
Mareanie,105/214,Common,LOT
Nihilego,106/214,Rare Holo,LOT
Poipole,107/214,Common,LOT
Naganadel,108/214,Rare Holo,LOT
Onix,109/214,Common,LOT
Sudowoodo,110/214,Uncommon,LOT
Phanpy,111/214,Common,LOT
Donphan,112/214,Rare,LOT
Hitmontop,113/214,Uncommon,LOT
Larvitar,114/214,Common,LOT
Larvitar,115/214,Common,LOT
Pupitar,116/214,Uncommon,LOT
Carbink,117/214,Common,LOT
Meowth de Alola,118/214,Common,LOT
Persian de Alola,119/214,Rare,LOT
Umbreon,120/214,Rare,LOT
Tyranitar GX,121/214,Rare Holo GX,LOT
Diglett de Alola,122/214,Common,LOT
Dugtrio de Alola,123/214,Uncommon,LOT
Forretress,124/214,Rare,LOT
Steelix,125/214,Rare,LOT
Scizor,126/214,Rare Holo,LOT
Dialga,127/214,Rare Holo,LOT
Durant,128/214,Common,LOT
Cobalion,129/214,Rare Holo,LOT
Genesect GX,130/214,Rare Holo GX,LOT
Magearna,131/214,Uncommon,LOT
Ninetales de Alola GX,132/214,Rare Holo GX,LOT
Jigglypuff,133/214,Common,LOT
Wigglytuff,134/214,Rare,LOT
Marill,135/214,Common,LOT
Azumarill,136/214,Rare,LOT
Snubbull,137/214,Common,LOT
Granbull,138/214,Rare,LOT
Ralts,139/214,Common,LOT
Kirlia,140/214,Uncommon,LOT
Gardevoir,141/214,Rare Holo,LOT
Dedenne,142/214,Uncommon,LOT
Carbink,143/214,Uncommon,LOT
Xerneas ◇,144/214,Rare Prism Star,LOT
Cutiefly,145/214,Common,LOT
Ribombee,146/214,Rare,LOT
Morelull,147/214,Common,LOT
Shiinotic,148/214,Uncommon,LOT
Mimikyu GX,149/214,Rare Holo GX,LOT
Tapu Lele,150/214,Rare Holo,LOT
Tapu Fini,151/214,Rare Holo,LOT
Chansey,152/214,Common,LOT
Blissey,153/214,Rare Holo,LOT
Ditto ◇,154/214,Rare Prism Star,LOT
Eevee,155/214,Common,LOT
Stantler,156/214,Uncommon,LOT
Smeargle,157/214,Rare,LOT
Miltank,158/214,Rare,LOT
Lugia GX,159/214,Rare Holo GX,LOT
Ho-Oh,160/214,Rare,LOT
Kecleon,161/214,Uncommon,LOT
Kecleon,162/214,Uncommon,LOT
Pikipek,163/214,Common,LOT
Pikipek,164/214,Common,LOT
Trumbeak,165/214,Uncommon,LOT
Toucannon,166/214,Rare,LOT
Bolsa de Aventura,167/214,Uncommon,LOT
Funcionários da Aether,168/214,Uncommon,LOT
Capacete da Escolha,169/214,Uncommon,LOT
Contra-ataque de Alcance,170/214,Uncommon,LOT
Pegador Personalizado,171/214,Uncommon,LOT
Eletropoder,172/214,Uncommon,LOT
Electropower,172a/214,Uncommon,LOT
Fábio,173/214,Uncommon,LOT
Pingente de Fada Grass,174/214,Uncommon,LOT
Pingente de Fada Psychic,175/214,Uncommon,LOT
Pingente de Fada Fighting,176/214,Uncommon,LOT
Pingente de Fada Dragon,177/214,Uncommon,LOT
Fábrica de Calor ◇,178/214,Rare Prism Star,LOT
Kahili,179/214,Uncommon,LOT
Floresta da Vida ◇,180/214,Rare Prism Star,LOT
Liquidificador Perdido,181/214,Uncommon,LOT
Samina ◇,182/214,Rare Prism Star,LOT
Yasmin,183/214,Uncommon,LOT
Mistura de Ervas,184/214,Uncommon,LOT
Leite de Moomoo,185/214,Uncommon,LOT
Morty,186/214,Uncommon,LOT
Bola Tela,187/214,Uncommon,LOT
Net Ball,187a/214,Uncommon,LOT
Aula do Professor Elm,188/214,Uncommon,LOT
Professor Elm's Lecture,188a/214,Uncommon,LOT
Excursionista,189/214,Uncommon,LOT
Excursionista,189a/214,Uncommon,LOT
Talismã de Feitiço,190/214,Uncommon,LOT
Montanha Trovejante ◇,191/214,Rare Prism Star,LOT
Martelo Esperar para Ver,192/214,Uncommon,LOT
Whitney,193/214,Uncommon,LOT
Energia de Memória,194/214,Uncommon,LOT
Shuckle GX,195/214,Rare Ultra,LOT
Sceptile GX,196/214,Rare Ultra,LOT
Virizion GX,197/214,Rare Ultra,LOT
Magcargo GX,198/214,Rare Ultra,LOT
Blacephalon GX,199/214,Rare Ultra,LOT
Suicune GX,200/214,Rare Ultra,LOT
Zeraora GX,201/214,Rare Ultra,LOT
Sigilyph GX,202/214,Rare Ultra,LOT
Tyranitar GX,203/214,Rare Ultra,LOT
Genesect GX,204/214,Rare Ultra,LOT
Ninetales de Alola GX,205/214,Rare Ultra,LOT
Mimikyu GX,206/214,Rare Ultra,LOT
Lugia GX,207/214,Rare Ultra,LOT
Fábio,208/214,Rare Ultra,LOT
Juiz,209/214,Rare Ultra,LOT
Kahili,210/214,Rare Ultra,LOT
Yasmin,211/214,Rare Ultra,LOT
Morty,212/214,Rare Ultra,LOT
Aula do Professor Elm,213/214,Rare Ultra,LOT
Whitney,214/214,Rare Ultra,LOT
Shuckle GX,215/214,Rare Rainbow,LOT
Sceptile GX,216/214,Rare Rainbow,LOT
Virizion GX,217/214,Rare Rainbow,LOT
Magcargo GX,218/214,Rare Rainbow,LOT
Blacephalon GX,219/214,Rare Rainbow,LOT
Suicune GX,220/214,Rare Rainbow,LOT
Zeraora GX,221/214,Rare Rainbow,LOT
Sigilyph GX,222/214,Rare Rainbow,LOT
Tyranitar GX,223/214,Rare Rainbow,LOT
Genesect GX,224/214,Rare Rainbow,LOT
Ninetales de Alola GX,225/214,Rare Rainbow,LOT
Mimikyu GX,226/214,Rare Rainbow,LOT
Lugia GX,227/214,Rare Rainbow,LOT
Bolsa de Aventura,228/214,Rare Secret,LOT
Capacete da Escolha,229/214,Rare Secret,LOT
Contra-ataque de Alcance,230/214,Rare Secret,LOT
Pegador Personalizado,231/214,Rare Secret,LOT
Eletropoder,232/214,Rare Secret,LOT
Liquidificador Perdido,233/214,Rare Secret,LOT
Bola Tela,234/214,Rare Secret,LOT
Talismã de Feitiço,235/214,Rare Secret,LOT
Martelo Esperar para Ver,236/214,Rare Secret,LOT
Bulbasaur,1/73,Common,SLG
Ivysaur,2/73,Common,SLG
Venusaur,3/73,Uncommon,SLG
Shroomish,4/73,Common,SLG
Breloom,5/73,Common,SLG
Carnivine,6/73,Uncommon,SLG
Shaymin,7/73,Rare Holo,SLG
Virizion,8/73,Rare Holo,SLG
Genesect Luminescente,9/73,Rare Shining,SLG
Entei GX,10/73,Rare Holo GX,SLG
Entei-GX,10a/73,Rare Holo GX,SLG
Torkoal,11/73,Common,SLG
Larvesta,12/73,Common,SLG
Volcarona,13/73,Uncommon,SLG
Reshiram,14/73,Rare Holo,SLG
Litten,15/73,Common,SLG
Torracat,16/73,Common,SLG
Incineroar,17/73,Uncommon,SLG
Totodile,18/73,Common,SLG
Croconaw,19/73,Common,SLG
Feraligatr,20/73,Uncommon,SLG
Qwilfish,21/73,Common,SLG
Buizel,22/73,Common,SLG
Floatzel,23/73,Uncommon,SLG
Palkia,24/73,Rare Holo,SLG
Manaphy,25/73,Rare Holo,SLG
Keldeo,26/73,Rare Holo,SLG
Volcanion Luminescente,27/73,Rare Shining,SLG
Pikachu,28/73,Common,SLG
Raichu GX,29/73,Rare Holo GX,SLG
Voltorb,30/73,Common,SLG
Electrode,31/73,Uncommon,SLG
Raikou,32/73,Rare Holo,SLG
Plusle,33/73,Common,SLG
Minun,34/73,Common,SLG
Zekrom,35/73,Rare Holo,SLG
Ekans,36/73,Common,SLG
Arbok,37/73,Uncommon,SLG
Jynx,38/73,Common,SLG
Mewtwo GX,39/73,Rare Holo GX,SLG
Mew Luminescente,40/73,Rare Shining,SLG
Latios,41/73,Rare Holo,SLG
Jirachi Luminescente,42/73,Rare Shining,SLG
Golett,43/73,Common,SLG
Golurk,44/73,Uncommon,SLG
Marshadow,45/73,Rare Holo,SLG
Stunfisk,46/73,Common,SLG
Spiritomb,47/73,Uncommon,SLG
Purrloin,48/73,Common,SLG
Liepard,49/73,Uncommon,SLG
Scraggy,50/73,Common,SLG
Scrafty,51/73,Uncommon,SLG
Zorua,52/73,Common,SLG
Zoroark GX,53/73,Rare Holo GX,SLG
Yveltal,54/73,Rare Holo,SLG
Hoopa,55/73,Rare Holo,SLG
Rayquaza Luminescente,56/73,Rare Shining,SLG
Arceus Luminescente,57/73,Rare Shining,SLG
Movedor de Dano,58/73,Uncommon,SLG
Recuperação de Energia,59/73,Uncommon,SLG
Grande Bola,60/73,Uncommon,SLG
Hibi,61/73,Uncommon,SLG
Lílian,62/73,Uncommon,SLG
Criadora de Pokémon,63/73,Uncommon,SLG
Pegador de Pokémon,64/73,Uncommon,SLG
Chris,65/73,Uncommon,SLG
Super-recolhida,66/73,Uncommon,SLG
Substituição,67/73,Uncommon,SLG
Ultra Bola,68/73,Uncommon,SLG
Ultra Bola,68a/73,Uncommon,SLG
Energia Incolor Dupla,69/73,Uncommon,SLG
Energia de Dobra,70/73,Uncommon,SLG
Entei GX,71/73,Rare Ultra,SLG
Mewtwo GX,72/73,Rare Ultra,SLG
Criadora de Pokémon,73/73,Rare Ultra,SLG
Entei GX,74/73,Rare Rainbow,SLG
Raichu GX,75/73,Rare Rainbow,SLG
Mewtwo GX,76/73,Rare Rainbow,SLG
Zoroark GX,77/73,Rare Rainbow,SLG
Zoroark-GX,77a/73,Rare Ultra,SLG
Mewtwo GX,78/73,Rare Secret,SLG
Rowlet,SM01/248,Promo,SMP
Litten,SM02/248,Promo,SMP
Popplio,SM03/248,Promo,SMP
Pikachu,SM04/248,Promo,SMP
Snorlax GX,SM05/248,Promo,SMP
Rockruff,SM06/248,Promo,SMP
Pikipek,SM07/248,Promo,SMP
Litten,SM08/248,Promo,SMP
Togedemaru,SM09/248,Promo,SMP
Shiinotic,SM10/248,Promo,SMP
Bruxish,SM11/248,Promo,SMP
Passimian,SM12/248,Promo,SMP
Oranguru,SM13/248,Promo,SMP
Lycanroc GX,SM14/248,Promo,SMP
Zygarde,SM15/248,Promo,SMP
Solgaleo GX,SM16/248,Promo,SMP
Lunala GX,SM17/248,Promo,SMP
Sandslash de Alola,SM18/248,Promo,SMP
Oricorio,SM19/248,Promo,SMP
Mudsdale,SM20/248,Promo,SMP
Drampa,SM21/248,Promo,SMP
Rowlet,SM22/248,Promo,SMP
Litten,SM23/248,Promo,SMP
Popplio,SM24/248,Promo,SMP
Lurantis,SM25/248,Promo,SMP
Tsareena,SM26/248,Promo,SMP
Turtonator,SM27/248,Promo,SMP
Vikavolt,SM28/248,Promo,SMP
Mimikyu,SM29/248,Promo,SMP
Tapu Koko,SM30/248,Promo,SMP
Tapu Koko,SM30a/248,Promo,SMP
Tapu Koko,SM31/248,Promo,SMP
Tapu Bulu GX,SM32/248,Promo,SMP
Tapu Koko GX,SM33/248,Promo,SMP
Bewear GX,SM34/248,Promo,SMP
Espeon GX,SM35/248,Promo,SMP
Umbreon GX,SM36/248,Promo,SMP
Decidueye GX,SM37/248,Promo,SMP
Incineroar GX,SM38/248,Promo,SMP
Primarina GX,SM39/248,Promo,SMP
Jangmo-o,SM40/248,Promo,SMP
Komala,SM41/248,Promo,SMP
Cosmog,SM42/248,Promo,SMP
Meowth de Alola,SM43/248,Promo,SMP
Togedemaru,SM44/248,Promo,SMP
Tapu Lele,SM45/248,Promo,SMP
Seviper,SM46/248,Promo,SMP
Crabominable,SM47/248,Promo,SMP
Zygarde,SM48/248,Promo,SMP
Bewear,SM49/248,Promo,SMP
Tapu Koko GX,SM50/248,Promo,SMP
Meowth de Alola,SM51/248,Promo,SMP
Golisopod,SM52/248,Promo,SMP
Dhelmise,SM53/248,Promo,SMP
Lucario,SM54/248,Promo,SMP
Decidueye,SM55/248,Promo,SMP
Tsareena GX,SM56/248,Promo,SMP
Ho-Oh GX,SM57/248,Promo,SMP
Necrozma GX,SM58/248,Promo,SMP
Marshadow GX,SM59/248,Promo,SMP
Charizard GX,SM60/248,Promo,SMP
Tapu Bulu,SM61/248,Promo,SMP
Golisopod GX,SM62/248,Promo,SMP
Salazzle GX,SM63/248,Promo,SMP
Silvally,SM64/248,Promo,SMP
Raichu de Alola,SM65/248,Promo,SMP
Pheromosa GX,SM66/248,Promo,SMP
Celesteela GX,SM67/248,Promo,SMP
Xurkitree GX,SM68/248,Promo,SMP
Buzzwole GX,SM69/248,Promo,SMP
Ho-Oh Luminescente,SM70/248,Promo,SMP
Kommo-o GX,SM71/248,Promo,SMP
Raichu de Alola,SM72/248,Promo,SMP
Salazzle,SM73/248,Promo,SMP
Regirock,SM74/248,Promo,SMP
Registeel,SM75/248,Promo,SMP
Pikachu,SM76/248,Promo,SMP
Mewtwo,SM77/248,Promo,SMP
Festival dos Campeões,SM78/248,Promo,SMP
Celebi Luminescente,SM79/248,Promo,SMP
Ho-Oh GX,SM80/248,Promo,SMP
Pikachu,SM81/248,Promo,SMP
Lugia Luminescente,SM82/248,Promo,SMP
Zorua,SM83/248,Promo,SMP
Zoroark GX,SM84/248,Promo,SMP
Marshadow,SM85/248,Promo,SMP
Pikachu,SM86/248,Promo,SMP
Latias,SM87/248,Promo,SMP
Latios,SM88/248,Promo,SMP
Zoroark,SM89/248,Promo,SMP
Raichu GX,SM90/248,Promo,SMP
Silvally GX,SM91/248,Promo,SMP
Tapu Fini,SM92/248,Promo,SMP
Marshadow,SM93/248,Promo,SMP
Rotom Lavagem,SM94/248,Promo,SMP
Lucario,SM95/248,Promo,SMP
Heatran,SM96/248,Promo,SMP
Gumshoos,SM97/248,Promo,SMP
Pikachu,SM98/248,Promo,SMP
Mimikyu,SM99/248,Promo,SMP
Lucario GX,SM100/248,Promo,SMP
Necrozma Asas Alvorada GX,SM101/248,Promo,SMP
Necrozma Juba Crepúsculo GX,SM102/248,Promo,SMP
Lunala GX,SM103/248,Promo,SMP
Lunala-GX,SM103a/248,Promo,SMP
Solgaleo GX,SM104/248,Promo,SMP
Solgaleo-GX,SM104a/248,Promo,SMP
Lycanroc,SM105/248,Promo,SMP
Necrozma Asas Alvorada,SM106/248,Promo,SMP
Necrozma Juba Crepúsculo,SM107/248,Promo,SMP
Ash's Pikachu,SM108/248,Promo,SMP
Ash's Pikachu,SM109/248,Promo,SMP
Ash's Pikachu,SM110/248,Promo,SMP
Ash's Pikachu,SM111/248,Promo,SMP
Ash's Pikachu,SM112/248,Promo,SMP
Ash's Pikachu,SM113/248,Promo,SMP
Ash's Pikachu,SM114/248,Promo,SMP
Pheromosa,SM115/248,Promo,SMP
Xurkitree,SM116/248,Promo,SMP
Malamar,SM117/248,Promo,SMP
Lycanroc,SM118/248,Promo,SMP
Exeggcute,SM119/248,Promo,SMP
Rockruff,SM120/248,Promo,SMP
Raikou GX,SM121/248,Promo,SMP
Zygarde GX,SM122/248,Promo,SMP
Necrozma Asas Alvorada,SM123/248,Promo,SMP
Necrozma Juba Crepúsculo,SM124/248,Promo,SMP
Naganadel GX,SM125/248,Promo,SMP
Ultra Necrozma GX,SM126/248,Promo,SMP
Sandslash de Alola,SM127/248,Promo,SMP
Ninetales de Alola,SM128/248,Promo,SMP
Kyogre,SM129/248,Promo,SMP
Manectric,SM130/248,Promo,SMP
Celesteela,SM131/248,Promo,SMP
Delcatty,SM132/248,Promo,SMP
Thundurus GX,SM133/248,Promo,SMP
Tornadus GX,SM134/248,Promo,SMP
Latias,SM135/248,Promo,SMP
Latios,SM136/248,Promo,SMP
Reshiram GX,SM137/248,Promo,SMP
Zekrom GX,SM138/248,Promo,SMP
Salamence GX,SM139/248,Promo,SMP
Salamence,SM140/248,Promo,SMP
Kyurem Branco GX,SM141/248,Promo,SMP
Kyurem,SM142/248,Promo,SMP
Moltres,SM143/248,Promo,SMP
Articuno,SM144/248,Promo,SMP
Zapdos,SM145/248,Promo,SMP
Leafeon GX,SM146/248,Promo,SMP
Glaceon GX,SM147/248,Promo,SMP
Festival dos Campeões,SM148/248,Promo,SMP
Suicune,SM149/248,Promo,SMP
Raikou,SM150/248,Promo,SMP
Giratina,SM151/248,Promo,SMP
Tapu Lele,SM152/248,Promo,SMP
Rowlet,SM153/248,Promo,SMP
Salandit,SM154/248,Promo,SMP
Kingdra GX,SM155/248,Promo,SMP
Dragonite GX,SM156/248,Promo,SMP
Pikachu,SM157/248,Promo,SMP
Charizard,SM158/248,Promo,SMP
Zapdos,SM159/248,Promo,SMP
Nidoqueen,SM160/248,Promo,SMP
Jirachi,SM161/248,Promo,SMP
Pikachu,SM162/248,Promo,SMP
Mimikyu,SM163/248,Promo,SMP
Deoxys,SM164/248,Promo,SMP
Ultra Necrozma,SM165/248,Promo,SMP
Magikarp e Wailord GX,SM166/248,Promo,SMP
Celebi e Venusaur GX,SM167/248,Promo,SMP
Pikachu e Zekrom GX,SM168/248,Promo,SMP
Eevee e Snorlax GX,SM169/248,Promo,SMP
Detective Pikachu,SM170/248,Promo,SMP
Flareon GX,SM171/248,Promo,SMP
Vaporeon GX,SM172/248,Promo,SMP
Jolteon GX,SM173/248,Promo,SMP
Eevee GX,SM174/248,Promo,SMP
Eevee GX,SM175/248,Promo,SMP
Eevee GX,SM176/248,Promo,SMP
Meltan,SM177/248,Promo,SMP
Melmetal GX,SM178/248,Promo,SMP
Volcanion,SM179/248,Promo,SMP
Stakataka,SM180/248,Promo,SMP
Melmetal,SM181/248,Promo,SMP
Persian,SM182/248,Promo,SMP
Pikachu,SM183/248,Promo,SMP
Eevee,SM184/248,Promo,SMP
Typhlosion,SM185/248,Promo,SMP
Flareon,SM186/248,Promo,SMP
Marowak de Alola GX,SM187/248,Promo,SMP
Kangaskhan GX,SM188/248,Promo,SMP
Blastoise GX,SM189/248,Promo,SMP
Detective Pikachu,SM190/248,Promo,SMP
Mewtwo e Mew GX,SM191/248,Promo,SMP
Lucario e Melmetal GX,SM192/248,Promo,SMP
Garchomp e Giratina GX,SM193/248,Promo,SMP
Detective Pikachu,SM194/248,Promo,SMP
Charizard GX,SM195/248,Promo,SMP
Mewtwo GX,SM196/248,Promo,SMP
Greninja GX,SM197/248,Promo,SMP
Bulbasaur,SM198/248,Promo,SMP
Psyduck,SM199/248,Promo,SMP
Snubbull,SM200/248,Promo,SMP
Reshiram e Charizard GX,SM201/248,Promo,SMP
Amoonguss,SM202/248,Promo,SMP
Tapu Fini,SM203/248,Promo,SMP
Necrozma,SM204/248,Promo,SMP
Terrakion,SM205/248,Promo,SMP
Pikachu,SM206/248,Promo,SMP
Sudowoodo,SM207/248,Promo,SMP
Vikavolt,SM208/248,Promo,SMP
Stakataka,SM209/248,Promo,SMP
"Moltres, Zapdos e Articuno GX",SM210/248,Promo,SMP
Charizard GX,SM211/248,Promo,SMP
Gyarados GX,SM212/248,Promo,SMP
Raichu GX,SM213/248,Promo,SMP
Mewtwo,SM214/248,Promo,SMP
Mew,SM215/248,Promo,SMP
Porygon-Z GX,SM216/248,Promo,SMP
Trevenant e Dusknoir GX,SM217/248,Promo,SMP
Buzzwole,SM218/248,Promo,SMP
Entei,SM219/248,Promo,SMP
Phione,SM220/248,Promo,SMP
Blacephalon,SM221/248,Promo,SMP
Mismagius,SM222/248,Promo,SMP
Terrakion,SM223/248,Promo,SMP
Celebi,SM224/248,Promo,SMP
Victini,SM225/248,Promo,SMP
Charizard,SM226/248,Promo,SMP
Pikachu,SM227/248,Promo,SMP
Armored Mewtwo,SM228/248,Promo,SMP
Venusaur e Snivy GX,SM229/248,Promo,SMP
Charizard e Braixen GX,SM230/248,Promo,SMP
Festival dos Campeões,SM231/248,Promo,SMP
Pikachu GX,SM232/248,Promo,SMP
Eevee GX,SM233/248,Promo,SMP
Pikachu,SM234/248,Promo,SMP
Eevee,SM235/248,Promo,SMP
Sandslash de Alola GX,SM236/248,Promo,SMP
Leafeon,SM237/248,Promo,SMP
Glaceon,SM238/248,Promo,SMP
Carracosta GX,SM239/248,Promo,SMP
Espeon e Deoxys GX,SM240/248,Promo,SMP
Umbreon e Darkrai GX,SM241/248,Promo,SMP
Eevee GX,SM242/248,Promo,SMP
Regigigas,SM243/248,Promo,SMP
Aipom,SM244/248,Promo,SMP
Mismagius,SM245/248,Promo,SMP
Sabrina e Brycen,SM246/248,Promo,SMP
Reshiram e Charizard GX,SM247/248,Promo,SMP
Pikachu e Zekrom GX,SM248/248,Promo,SMP
Caterpie,1/149,Common,SUM
Metapod,2/149,Uncommon,SUM
Butterfree,3/149,Rare,SUM
Paras,4/149,Common,SUM
Parasect,5/149,Rare,SUM
Pinsir,6/149,Uncommon,SUM
Surskit,7/149,Common,SUM
Masquerain,8/149,Rare,SUM
Rowlet,9/149,Common,SUM
Dartrix,10/149,Uncommon,SUM
Decidueye,11/149,Rare,SUM
Decidueye GX,12/149,Rare Holo GX,SUM
Grubbin,13/149,Common,SUM
Fomantis,14/149,Common,SUM
Lurantis GX,15/149,Rare Holo GX,SUM
Morelull,16/149,Common,SUM
Shiinotic,17/149,Rare Holo,SUM
Bounsweet,18/149,Common,SUM
Steenee,19/149,Uncommon,SUM
Tsareena,20/149,Rare Holo,SUM
Growlithe,21/149,Common,SUM
Arcanine,22/149,Rare Holo,SUM
Torkoal,23/149,Common,SUM
Litten,24/149,Common,SUM
Torracat,25/149,Uncommon,SUM
Incineroar,26/149,Rare,SUM
Incineroar GX,27/149,Rare Holo GX,SUM
Psyduck,28/149,Common,SUM
Golduck,29/149,Rare,SUM
Poliwag,30/149,Common,SUM
Poliwhirl,31/149,Uncommon,SUM
Poliwrath,32/149,Rare Holo,SUM
Shellder,33/149,Common,SUM
Cloyster,34/149,Rare,SUM
Lapras GX,35/149,Rare Holo GX,SUM
Corsola,36/149,Uncommon,SUM
Wingull,37/149,Common,SUM
Pelipper,38/149,Uncommon,SUM
Popplio,39/149,Common,SUM
Brionne,40/149,Uncommon,SUM
Primarina,41/149,Rare,SUM
Primarina GX,42/149,Rare Holo GX,SUM
Crabominable,43/149,Rare,SUM
Wishiwashi,44/149,Uncommon,SUM
Dewpider,45/149,Common,SUM
Araquanid,46/149,Uncommon,SUM
Pyukumuku,47/149,Uncommon,SUM
Bruxish,48/149,Rare,SUM
Chinchou,49/149,Common,SUM
Lanturn,50/149,Rare,SUM
Charjabug,51/149,Uncommon,SUM
Vikavolt,52/149,Rare Holo,SUM
Togedemaru,53/149,Common,SUM
Zubat,54/149,Common,SUM
Golbat,55/149,Uncommon,SUM
Crobat,56/149,Rare Holo,SUM
Grimer de Alola,57/149,Common,SUM
Muk de Alola,58/149,Rare Holo,SUM
Drowzee,59/149,Common,SUM
Hypno,60/149,Uncommon,SUM
Espeon GX,61/149,Rare Holo GX,SUM
Mareanie,62/149,Common,SUM
Toxapex,63/149,Rare Holo,SUM
Cosmog,64/149,Common,SUM
Cosmoem,65/149,Rare,SUM
Lunala GX,66/149,Rare Holo GX,SUM
Makuhita,67/149,Common,SUM
Hariyama,68/149,Rare,SUM
Roggenrola,69/149,Common,SUM
Boldore,70/149,Uncommon,SUM
Gigalith,71/149,Rare Holo,SUM
Crabrawler,72/149,Common,SUM
Passimian,73/149,Uncommon,SUM
Sandygast,74/149,Common,SUM
Palossand,75/149,Rare,SUM
Rattata de Alola,76/149,Common,SUM
Raticate de Alola,77/149,Uncommon,SUM
Meowth de Alola,78/149,Common,SUM
Persian de Alola,79/149,Uncommon,SUM
Umbreon GX,80/149,Rare Holo GX,SUM
Carvanha,81/149,Common,SUM
Sharpedo,82/149,Rare Holo,SUM
Sandile,83/149,Common,SUM
Krokorok,84/149,Uncommon,SUM
Krookodile,85/149,Rare Holo,SUM
Diglett de Alola,86/149,Common,SUM
Dugtrio de Alola,87/149,Rare Holo,SUM
Skarmory,88/149,Common,SUM
Solgaleo GX,89/149,Rare Holo GX,SUM
Snubbull,90/149,Common,SUM
Granbull,91/149,Uncommon,SUM
Cutiefly,92/149,Common,SUM
Ribombee,93/149,Rare Holo,SUM
Dratini,94/149,Common,SUM
Dragonair,95/149,Uncommon,SUM
Dragonite,96/149,Rare Holo,SUM
Spearow,97/149,Common,SUM
Fearow,98/149,Common,SUM
Kangaskhan,99/149,Rare Holo,SUM
Tauros GX,100/149,Rare Holo GX,SUM
Eevee,101/149,Common,SUM
Eevee,101a/149,Common,SUM
Spinda,102/149,Uncommon,SUM
Lillipup,103/149,Common,SUM
Herdier,104/149,Uncommon,SUM
Stoutland,105/149,Rare,SUM
Pikipek,106/149,Common,SUM
Trumbeak,107/149,Uncommon,SUM
Toucannon,108/149,Rare,SUM
Yungoos,109/149,Common,SUM
Gumshoos GX,110/149,Rare Holo GX,SUM
Stufful,111/149,Common,SUM
Bewear,112/149,Rare,SUM
Oranguru,113/149,Rare Holo,SUM
Sonho Recheado Grande,114/149,Uncommon,SUM
Martelo Esmagador,115/149,Uncommon,SUM
Recuperação de Energia,116/149,Uncommon,SUM
Substituição de Energia,117/149,Uncommon,SUM
Compart. Exp.,118/149,Uncommon,SUM
Grande Bola,119/149,Uncommon,SUM
Hibi,120/149,Uncommon,SUM
Luan,121/149,Uncommon,SUM
Lílian,122/149,Uncommon,SUM
Bola de Ninho,123/149,Uncommon,SUM
Farpa Venenosa,124/149,Uncommon,SUM
Poké Bola,125/149,Uncommon,SUM
Pegador de Pokémon,126/149,Uncommon,SUM
Poção,127/149,Uncommon,SUM
Professor Nogueira,128/149,Uncommon,SUM
Doce Raro,129/149,Uncommon,SUM
Repelente,130/149,Uncommon,SUM
Pokédex Rotom,131/149,Uncommon,SUM
Substituição,132/149,Uncommon,SUM
Recruta da Equipe Skull,133/149,Uncommon,SUM
Bola Tempo,134/149,Uncommon,SUM
Ultra Bola,135/149,Uncommon,SUM
Energia Incolor Dupla,136/149,Uncommon,SUM
Energia Arco-Íris,137/149,Uncommon,SUM
Lurantis GX,138/149,Rare Ultra,SUM
Lapras GX,139/149,Rare Ultra,SUM
Espeon GX,140/149,Rare Ultra,SUM
Lunala GX,141/149,Rare Ultra,SUM
Umbreon GX,142/149,Rare Ultra,SUM
Solgaleo GX,143/149,Rare Ultra,SUM
Tauros GX,144/149,Rare Ultra,SUM
Gumshoos GX,145/149,Rare Ultra,SUM
Luan,146/149,Rare Ultra,SUM
Lílian,147/149,Rare Ultra,SUM
Professor Nogueira,148/149,Rare Ultra,SUM
Recruta da Equipe Skull,149/149,Rare Ultra,SUM
Lurantis GX,150/149,Rare Rainbow,SUM
Lapras GX,151/149,Rare Rainbow,SUM
Espeon GX,152/149,Rare Rainbow,SUM
Lunala GX,153/149,Rare Rainbow,SUM
Umbreon GX,154/149,Rare Rainbow,SUM
Solgaleo GX,155/149,Rare Rainbow,SUM
Tauros GX,156/149,Rare Rainbow,SUM
Gumshoos GX,157/149,Rare Rainbow,SUM
Bola de Ninho,158/149,Rare Secret,SUM
Pokédex Rotom,159/149,Rare Secret,SUM
Substituição,160/149,Rare Secret,SUM
Ultra Bola,161/149,Rare Secret,SUM
Energia Psíquica,162/149,Rare Secret,SUM
Energia de Metal,163/149,Rare Secret,SUM
Grass Energy,164/149,Common,SUM
Fire Energy,165/149,Common,SUM
Water Energy,166/149,Common,SUM
Lightning Energy,167/149,Common,SUM
Psychic Energy,168/149,Common,SUM
Fighting Energy,169/149,Common,SUM
Darkness Energy,170/149,Common,SUM
Metal Energy,171/149,Common,SUM
Fairy Energy,172/149,Common,SUM
Celebi e Venusaur GX,1/181,Rare Holo GX,TEU
Weedle,2/181,Common,TEU
Weedle,3/181,Common,TEU
Kakuna,4/181,Uncommon,TEU
Beedrill,5/181,Rare,TEU
Paras,6/181,Common,TEU
Parasect,7/181,Rare,TEU
Exeggcute,8/181,Common,TEU
Pinsir,9/181,Rare,TEU
Shaymin ◇,10/181,Rare Prism Star,TEU
Charmander,11/181,Common,TEU
Charmander,12/181,Common,TEU
Charmeleon,13/181,Uncommon,TEU
Charizard,14/181,Rare,TEU
Vulpix,15/181,Common,TEU
Ninetales,16/181,Rare,TEU
Ponyta,17/181,Common,TEU
Rapidash,18/181,Uncommon,TEU
Moltres,19/181,Rare Holo,TEU
Litten,20/181,Common,TEU
Torracat,21/181,Uncommon,TEU
Squirtle,22/181,Common,TEU
Squirtle,23/181,Common,TEU
Wartortle,24/181,Uncommon,TEU
Blastoise,25/181,Rare,TEU
Psyduck,26/181,Common,TEU
Golduck,27/181,Uncommon,TEU
Staryu,28/181,Common,TEU
Magikarp,29/181,Common,TEU
Gyarados,30/181,Rare Holo,TEU
Lapras,31/181,Rare,TEU
Articuno,32/181,Rare Holo,TEU
Pikachu e Zekrom GX,33/181,Rare Holo GX,TEU
Geodude de Alola,34/181,Common,TEU
Geodude de Alola,35/181,Common,TEU
Graveler de Alola,36/181,Uncommon,TEU
Golem de Alola,37/181,Rare,TEU
Voltorb,38/181,Common,TEU
Electrode,39/181,Rare Holo,TEU
Zapdos,40/181,Rare Holo,TEU
Mareep,41/181,Common,TEU
Flaaffy,42/181,Uncommon,TEU
Ampharos GX,43/181,Rare Holo GX,TEU
Blitzle,44/181,Common,TEU
Zebstrika,45/181,Rare,TEU
Emolga,46/181,Common,TEU
Joltik,47/181,Common,TEU
Galvantula,48/181,Rare,TEU
Helioptile,49/181,Common,TEU
Heliolisk,50/181,Uncommon,TEU
Tapu Koko ◇,51/181,Rare Prism Star,TEU
Zeraora,52/181,Rare Holo,TEU
Gengar e Mimikyu GX,53/181,Rare Holo GX,TEU
Nidoran♀,54/181,Common,TEU
Nidorina,55/181,Uncommon,TEU
Nidoqueen,56/181,Rare,TEU
Nidoran♂,57/181,Common,TEU
Nidorino,58/181,Uncommon,TEU
Nidoking,59/181,Rare,TEU
Tentacool,60/181,Common,TEU
Tentacruel,61/181,Uncommon,TEU
Grimer,62/181,Common,TEU
Muk,63/181,Rare,TEU
Marowak de Alola,64/181,Rare,TEU
Starmie,65/181,Rare,TEU
Mr. Mime,66/181,Rare,TEU
Mr. Mime GX,67/181,Rare Holo GX,TEU
Jynx,68/181,Uncommon,TEU
Cosmog,69/181,Common,TEU
Cosmoem,70/181,Uncommon,TEU
Mankey,71/181,Common,TEU
Primeape,72/181,Rare,TEU
Hitmonlee,73/181,Uncommon,TEU
Hitmonchan,74/181,Uncommon,TEU
Omanyte,75/181,Uncommon,TEU
Omastar,76/181,Rare Holo,TEU
Kabuto,77/181,Uncommon,TEU
Kabutops,78/181,Rare,TEU
Larvitar,79/181,Common,TEU
Pupitar,80/181,Uncommon,TEU
Pancham,81/181,Common,TEU
Lycanroc GX,82/181,Rare Holo GX,TEU
Grimer de Alola,83/181,Common,TEU
Muk de Alola,84/181,Rare,TEU
Tyranitar,85/181,Rare Holo,TEU
Poochyena,86/181,Common,TEU
Mightyena,87/181,Rare,TEU
Absol,88/181,Rare Holo,TEU
Spiritomb,89/181,Uncommon,TEU
Zorua,90/181,Common,TEU
Zoroark,91/181,Rare Holo,TEU
Vullaby,92/181,Common,TEU
Mandibuzz,93/181,Rare,TEU
Pangoro,94/181,Rare,TEU
Yveltal,95/181,Rare Holo,TEU
Hoopa GX,96/181,Rare Holo GX,TEU
Incineroar GX,97/181,Rare Holo GX,TEU
Skarmory,98/181,Rare,TEU
Jirachi,99/181,Rare Holo,TEU
Bronzor,100/181,Common,TEU
Bronzong,101/181,Rare,TEU
Ferroseed,102/181,Common,TEU
Ferrothorn,103/181,Rare,TEU
Pawniard,104/181,Common,TEU
Bisharp,105/181,Rare,TEU
Cobalion GX,106/181,Rare Holo GX,TEU
Honedge,107/181,Common,TEU
Doublade,108/181,Uncommon,TEU
Aegislash,109/181,Rare Holo,TEU
Klefki,110/181,Common,TEU
Ninetales de Alola,111/181,Rare Holo,TEU
Mimikyu,112/181,Rare,TEU
Latias e Latios GX,113/181,Rare Holo GX,TEU
Exeggutor de Alola,114/181,Rare,TEU
Exeggutor de Alola,115/181,Rare,TEU
Dratini,116/181,Common,TEU
Dratini,117/181,Common,TEU
Dragonair,118/181,Uncommon,TEU
Dragonite,119/181,Rare Holo,TEU
Eevee e Snorlax GX,120/181,Rare Holo GX,TEU
Pidgey,121/181,Common,TEU
Pidgey,122/181,Common,TEU
Pidgeotto,123/181,Common,TEU
Pidgeot,124/181,Rare,TEU
Meowth,125/181,Common,TEU
Persian,126/181,Uncommon,TEU
Farfetch’d,127/181,Uncommon,TEU
Kangaskhan,128/181,Uncommon,TEU
Tauros,129/181,Uncommon,TEU
Aerodactyl,130/181,Rare,TEU
Lugia,131/181,Rare Holo,TEU
Zangoose,132/181,Rare Holo,TEU
Análise do Bill,133/181,Rare Holo,TEU
Mercado Negro ◇,134/181,Rare Prism Star,TEU
Valentia do Brock,135/181,Uncommon,TEU
Acochoamento Poderoso,136/181,Uncommon,TEU
Diana,137/181,Uncommon,TEU
Broca Perigosa,138/181,Uncommon,TEU
Eletrocarregador,139/181,Uncommon,TEU
Hospitalidade da Érica,140/181,Rare Holo,TEU
Véspera,141/181,Uncommon,TEU
Pingente de Fada UC,142/181,Uncommon,TEU
Memória de Planta,143/181,Uncommon,TEU
Ingo e Emmet,144/181,Uncommon,TEU
Jasmine,145/181,Uncommon,TEU
Apito do Juiz,146/181,Uncommon,TEU
Cidade de Lavender,147/181,Uncommon,TEU
Óculos de Metal,148/181,Uncommon,TEU
Aurora,149/181,Uncommon,TEU
Neves,150/181,Uncommon,TEU
Anita,151/181,Uncommon,TEU
Comunicação Pokémon,152/181,Uncommon,TEU
Pokémon Communication,152a/181,Uncommon,TEU
Pokémon Communication,152b/181,Uncommon,TEU
Etiqueta de Retorno,153/181,Uncommon,TEU
Sugestão da Sabrina,154/181,Uncommon,TEU
Fóssil Não Identificado,155/181,Uncommon,TEU
Floresta de Viridian,156/181,Uncommon,TEU
Memória de Água,157/181,Uncommon,TEU
Labirinto Encantado ◇,158/181,Rare Prism Star,TEU
Celebi e Venusaur GX,159/181,Rare Ultra,TEU
Magikarp e Wailord GX,160/181,Rare Ultra,TEU
Magikarp e Wailord GX,161/181,Rare Ultra,TEU
Pikachu e Zekrom GX,162/181,Rare Ultra,TEU
Ampharos GX,163/181,Rare Ultra,TEU
Gengar e Mimikyu GX,164/181,Rare Ultra,TEU
Gengar e Mimikyu GX,165/181,Rare Ultra,TEU
Hoopa GX,166/181,Rare Ultra,TEU
Incineroar GX,167/181,Rare Ultra,TEU
Cobalion GX,168/181,Rare Ultra,TEU
Latias e Latios GX,169/181,Rare Ultra,TEU
Latias e Latios GX,170/181,Rare Ultra,TEU
Eevee e Snorlax GX,171/181,Rare Ultra,TEU
Valentia do Brock,172/181,Rare Ultra,TEU
Diana,173/181,Rare Ultra,TEU
Hospitalidade da Érica,174/181,Rare Ultra,TEU
Véspera,175/181,Rare Ultra,TEU
Ingo e Emmet,176/181,Rare Ultra,TEU
Jasmine,177/181,Rare Ultra,TEU
Aurora,178/181,Rare Ultra,TEU
Neves,179/181,Rare Ultra,TEU
Anita,180/181,Rare Ultra,TEU
Sugestão da Sabrina,181/181,Rare Ultra,TEU
Celebi e Venusaur GX,182/181,Rare Rainbow,TEU
Magikarp e Wailord GX,183/181,Rare Rainbow,TEU
Pikachu e Zekrom GX,184/181,Rare Rainbow,TEU
Ampharos GX,185/181,Rare Rainbow,TEU
Gengar e Mimikyu GX,186/181,Rare Rainbow,TEU
Hoopa GX,187/181,Rare Rainbow,TEU
Incineroar GX,188/181,Rare Rainbow,TEU
Cobalion GX,189/181,Rare Rainbow,TEU
Latias e Latios GX,190/181,Rare Rainbow,TEU
Eevee e Snorlax GX,191/181,Rare Rainbow,TEU
Broca Perigosa,192/181,Rare Secret,TEU
Eletrocarregador,193/181,Rare Secret,TEU
Apito do Juiz,194/181,Rare Secret,TEU
Óculos de Metal,195/181,Rare Secret,TEU
Comunicação Pokémon,196/181,Rare Secret,TEU
Exeggcute,1/156,Common,UPR
Yanma,2/156,Common,UPR
Yanmega,3/156,Uncommon,UPR
Roselia,4/156,Common,UPR
Roserade,5/156,Rare,UPR
Turtwig,6/156,Common,UPR
Turtwig,7/156,Common,UPR
Grotle,8/156,Uncommon,UPR
Torterra,9/156,Rare Holo,UPR
Cherubi,10/156,Common,UPR
Cherrim,11/156,Uncommon,UPR
Carnivine,12/156,Common,UPR
Leafeon GX,13/156,Rare Holo GX,UPR
Rotom Corte,14/156,Rare,UPR
Shaymin,15/156,Rare Holo,UPR
Dewpider,16/156,Common,UPR
Araquanid,17/156,Rare,UPR
Magmar,18/156,Common,UPR
Magmortar,19/156,Rare Holo,UPR
Chimchar,20/156,Common,UPR
Chimchar,21/156,Common,UPR
Monferno,22/156,Uncommon,UPR
Infernape,23/156,Rare Holo,UPR
Rotom Calor,24/156,Rare,UPR
Salandit,25/156,Common,UPR
Salazzle,26/156,Rare,UPR
Turtonator,27/156,Uncommon,UPR
Sandshrew de Alola,28/156,Common,UPR
Sandslash de Alola,29/156,Rare,UPR
Vulpix de Alola,30/156,Common,UPR
Piplup,31/156,Common,UPR
Piplup,32/156,Common,UPR
Prinplup,33/156,Uncommon,UPR
Empoleon,34/156,Rare,UPR
Buizel,35/156,Common,UPR
Floatzel,36/156,Uncommon,UPR
Snover,37/156,Common,UPR
Abomasnow,38/156,Rare,UPR
Glaceon GX,39/156,Rare Holo GX,UPR
Rotom Lavagem,40/156,Rare,UPR
Rotom Congelante,41/156,Rare,UPR
Manaphy,42/156,Uncommon,UPR
Electabuzz,43/156,Common,UPR
Electivire,44/156,Rare,UPR
Shinx,45/156,Common,UPR
Shinx,46/156,Common,UPR
Luxio,47/156,Uncommon,UPR
Luxray,48/156,Rare Holo,UPR
Pachirisu,49/156,Common,UPR
Rotom,50/156,Uncommon,UPR
Drifloon,51/156,Common,UPR
Drifblim,52/156,Uncommon,UPR
Spiritomb,53/156,Uncommon,UPR
Skorupi,54/156,Common,UPR
Drapion,55/156,Rare,UPR
Croagunk,56/156,Common,UPR
Toxicroak,57/156,Rare,UPR
Giratina ◇,58/156,Rare Prism Star,UPR
Cresselia,59/156,Rare Holo,UPR
Cosmog,60/156,Common,UPR
Cosmoem,61/156,Uncommon,UPR
Lunala ◇,62/156,Rare Prism Star,UPR
Necrozma Asas Alvorada GX,63/156,Rare Holo GX,UPR
Cranidos,64/156,Uncommon,UPR
Rampardos,65/156,Rare Holo,UPR
Riolu,66/156,Common,UPR
Lucario,67/156,Rare Holo,UPR
Hippopotas,68/156,Common,UPR
Hippowdon,69/156,Rare,UPR
Passimian,70/156,Common,UPR
Murkrow,71/156,Common,UPR
Honchkrow,72/156,Uncommon,UPR
Sneasel,73/156,Common,UPR
Weavile,74/156,Rare Holo,UPR
Stunky,75/156,Common,UPR
Skuntank,76/156,Uncommon,UPR
Darkrai ◇,77/156,Rare Prism Star,UPR
Diglett de Alola,78/156,Common,UPR
Dugtrio de Alola,79/156,Uncommon,UPR
Magnemite,80/156,Common,UPR
Magnemite,81/156,Common,UPR
Magneton,82/156,Uncommon,UPR
Magnezone,83/156,Rare Holo,UPR
Shieldon,84/156,Uncommon,UPR
Bastiodon,85/156,Rare Holo,UPR
Bronzor,86/156,Common,UPR
Bronzong,87/156,Uncommon,UPR
Heatran,88/156,Rare Holo,UPR
Solgaleo ◇,89/156,Rare Prism Star,UPR
Necrozma Juba Crepúsculo GX,90/156,Rare Holo GX,UPR
Magearna,91/156,Rare,UPR
Morelull,92/156,Common,UPR
Shiinotic,93/156,Rare,UPR
Tapu Lele,94/156,Rare,UPR
Exeggutor de Alola,95/156,Rare,UPR
Gible,96/156,Common,UPR
Gible,97/156,Common,UPR
Gabite,98/156,Uncommon,UPR
Garchomp,99/156,Rare,UPR
Dialga GX,100/156,Rare Holo GX,UPR
Palkia GX,101/156,Rare Holo GX,UPR
Lickitung,102/156,Common,UPR
Lickilicky,103/156,Rare,UPR
Eevee,104/156,Common,UPR
Eevee,105/156,Common,UPR
Buneary,106/156,Common,UPR
Lopunny,107/156,Uncommon,UPR
Glameow,108/156,Common,UPR
Purugly,109/156,Uncommon,UPR
Rotom Ventilador,110/156,Rare,UPR
Shaymin,111/156,Rare,UPR
Yungoos,112/156,Common,UPR
Gumshoos,113/156,Uncommon,UPR
Oranguru,114/156,Uncommon,UPR
Tipo Nulo,115/156,Rare,UPR
Silvally GX,116/156,Rare Holo GX,UPR
Drampa,117/156,Rare Holo,UPR
Cristal Ancestral,118/156,Uncommon,UPR
Cíntia,119/156,Uncommon,UPR
Cynthia,119a/156,Uncommon,UPR
Cyrus ◇,120/156,Rare Prism Star,UPR
Memória Elétrica,121/156,Uncommon,UPR
Skate de Fuga,122/156,Uncommon,UPR
Escape Board,122a/156,Uncommon,UPR
Memória de Fogo,123/156,Uncommon,UPR
Gardênia,124/156,Uncommon,UPR
Lílian,125/156,Uncommon,UPR
Lillie,125a/156,Uncommon,UPR
Looker,126/156,Uncommon,UPR
Apito do Looker,127/156,Uncommon,UPR
Marte,128/156,Uncommon,UPR
Trevo Perdido,129/156,Uncommon,UPR
Monte Coronete,130/156,Uncommon,UPR
Tablet de Pedido,131/156,Uncommon,UPR
Pal Pad,132/156,Uncommon,UPR
Fã Clube Pokémon,133/156,Uncommon,UPR
Fóssil Não Identificado,134/156,Uncommon,UPR
Volkner,135/156,Uncommon,UPR
Volkner,135a/156,Uncommon,UPR
Energia Superimpulso ◇,136/156,Rare Prism Star,UPR
Energia Unitária GrassFireWater,137/156,Uncommon,UPR
Energia Unitária LightningPsychicMetal,138/156,Uncommon,UPR
Leafeon GX,139/156,Rare Ultra,UPR
Pheromosa GX,140/156,Rare Ultra,UPR
Glaceon GX,141/156,Rare Ultra,UPR
Xurkitree GX,142/156,Rare Ultra,UPR
Necrozma Asas Alvorada GX,143/156,Rare Ultra,UPR
Celesteela GX,144/156,Rare Ultra,UPR
Necrozma Juba Crepúsculo GX,145/156,Rare Ultra,UPR
Dialga GX,146/156,Rare Ultra,UPR
Palkia GX,147/156,Rare Ultra,UPR
Cíntia,148/156,Rare Ultra,UPR
Gardênia,149/156,Rare Ultra,UPR
Vitória,150/156,Rare Ultra,UPR
Lílian,151/156,Rare Ultra,UPR
Looker,152/156,Rare Ultra,UPR
Samina,153/156,Rare Ultra,UPR
Samina,153a/156,Rare Ultra,UPR
Marte,154/156,Rare Ultra,UPR
Fã Clube Pokémon,155/156,Rare Ultra,UPR
Volkner,156/156,Rare Ultra,UPR
Leafeon GX,157/156,Rare Rainbow,UPR
Pheromosa GX,158/156,Rare Rainbow,UPR
Glaceon GX,159/156,Rare Rainbow,UPR
Xurkitree GX,160/156,Rare Rainbow,UPR
Necrozma Asas Alvorada GX,161/156,Rare Rainbow,UPR
Celesteela GX,162/156,Rare Rainbow,UPR
Necrozma Juba Crepúsculo GX,163/156,Rare Rainbow,UPR
Dialga GX,164/156,Rare Rainbow,UPR
Palkia GX,165/156,Rare Rainbow,UPR
Martelo Esmagador,166/156,Rare Secret,UPR
Skate de Fuga,167/156,Rare Secret,UPR
Trevo Perdido,168/156,Rare Secret,UPR
Cartão Vermelho Espião,169/156,Rare Secret,UPR
Energia Unitária GrassFireWater,170/156,Rare Secret,UPR
Energia Unitária LightningPsychicMetal,171/156,Rare Secret,UPR
Lunala GX,172/156,Rare Secret,UPR
Solgaleo GX,173/156,Rare Secret,UPR
Pheromosa e Buzzwole GX,1/214,Rare Holo GX,UNB
Caterpie,2/214,Common,UNB
Metapod,3/214,Uncommon,UNB
Butterfree,4/214,Rare,UNB
Oddish,5/214,Common,UNB
Oddish,6/214,Common,UNB
Gloom,7/214,Uncommon,UNB
Vileplume,8/214,Rare Holo,UNB
Venonat,9/214,Common,UNB
Venonat,10/214,Common,UNB
Venomoth,11/214,Rare,UNB
Venomoth GX,12/214,Rare Holo GX,UNB
Bellsprout,13/214,Common,UNB
Weepinbell,14/214,Uncommon,UNB
Victreebel,15/214,Rare,UNB
Tangela,16/214,Common,UNB
Tangrowth,17/214,Rare,UNB
Grubbin,18/214,Common,UNB
Kartana,19/214,Rare Holo,UNB
Reshiram e Charizard GX,20/214,Rare Holo GX,UNB
Growlithe,21/214,Common,UNB
Arcanine,22/214,Rare Holo,UNB
Darumaka,23/214,Common,UNB
Darmanitan,24/214,Rare,UNB
Volcanion,25/214,Rare Holo,UNB
Litten,26/214,Common,UNB
Litten,27/214,Common,UNB
Torracat,28/214,Uncommon,UNB
Incineroar,29/214,Rare,UNB
Salandit,30/214,Common,UNB
Salazzle,31/214,Rare,UNB
Blacephalon,32/214,Rare,UNB
Squirtle,33/214,Common,UNB
Wartortle,34/214,Uncommon,UNB
Blastoise GX,35/214,Rare Holo GX,UNB
Poliwag,36/214,Common,UNB
Poliwag,37/214,Common,UNB
Poliwhirl,38/214,Uncommon,UNB
Poliwrath,39/214,Rare,UNB
Tentacool,40/214,Common,UNB
Tentacruel,41/214,Uncommon,UNB
Slowpoke,42/214,Common,UNB
Slowbro,43/214,Rare Holo,UNB
Seel,44/214,Common,UNB
Dewgong,45/214,Rare,UNB
Krabby,46/214,Common,UNB
Kingler,47/214,Rare,UNB
Goldeen,48/214,Common,UNB
Seaking,49/214,Rare,UNB
Kyurem,50/214,Rare Holo,UNB
Froakie,51/214,Common,UNB
Frogadier,52/214,Uncommon,UNB
Pyukumuku,53/214,Uncommon,UNB
Pikachu,54/214,Common,UNB
Raichu,55/214,Rare,UNB
Stunfisk,56/214,Rare,UNB
Dedenne GX,57/214,Rare Holo GX,UNB
Charjabug,58/214,Uncommon,UNB
Vikavolt,59/214,Rare Holo,UNB
Zeraora,60/214,Rare,UNB
Muk e Muk de Alola GX,61/214,Rare Holo GX,UNB
Ekans,62/214,Common,UNB
Arbok,63/214,Rare,UNB
Zubat,64/214,Common,UNB
Golbat,65/214,Uncommon,UNB
Crobat,66/214,Rare Holo,UNB
Gastly,67/214,Common,UNB
Gastly,68/214,Common,UNB
Haunter,69/214,Uncommon,UNB
Gengar,70/214,Rare,UNB
Drowzee,71/214,Common,UNB
Hypno,72/214,Rare,UNB
Koffing,73/214,Common,UNB
Weezing,74/214,Rare,UNB
Mewtwo,75/214,Rare,UNB
Mew,76/214,Rare Holo,UNB
Misdreavus,77/214,Common,UNB
Mismagius,78/214,Rare,UNB
Espurr,79/214,Common,UNB
Meowstic,80/214,Rare,UNB
Marshadow,81/214,Rare Holo,UNB
Marshadow e Machamp GX,82/214,Rare Holo GX,UNB
Sandshrew,83/214,Common,UNB
Sandslash,84/214,Rare,UNB
Diglett,85/214,Common,UNB
Dugtrio,86/214,Rare,UNB
Geodude,87/214,Common,UNB
Graveler,88/214,Uncommon,UNB
Golem,89/214,Rare Holo,UNB
Cubone,90/214,Common,UNB
Marowak,91/214,Rare,UNB
Rhyhorn,92/214,Common,UNB
Rhyhorn,93/214,Common,UNB
Rhydon,94/214,Uncommon,UNB
Rhyperior,95/214,Rare,UNB
Wooper,96/214,Common,UNB
Quagsire,97/214,Rare,UNB
Gligar,98/214,Common,UNB
Gliscor,99/214,Uncommon,UNB
Tyrogue,100/214,Uncommon,UNB
Hitmontop,101/214,Uncommon,UNB
Riolu,102/214,Common,UNB
Landorus,103/214,Rare Holo,UNB
Crabrawler,104/214,Common,UNB
Crabominable,105/214,Rare,UNB
Stakataka,106/214,Rare Holo,UNB
Greninja e Zoroark GX,107/214,Rare Holo GX,UNB
Murkrow,108/214,Common,UNB
Honchkrow GX,109/214,Rare Holo GX,UNB
Carvanha,110/214,Common,UNB
Sharpedo,111/214,Rare,UNB
Spiritomb,112/214,Rare Holo,UNB
Sandile,113/214,Common,UNB
Sandile,114/214,Common,UNB
Krokorok,115/214,Uncommon,UNB
Krookodile,116/214,Rare,UNB
Greninja,117/214,Rare Holo,UNB
Inkay,118/214,Common,UNB
Malamar,119/214,Rare Holo,UNB
Lucario e Melmetal GX,120/214,Rare Holo GX,UNB
Diglett de Alola,121/214,Common,UNB
Dugtrio de Alola,122/214,Rare,UNB
Aron,123/214,Common,UNB
Lairon,124/214,Uncommon,UNB
Aggron,125/214,Rare,UNB
Lucario,126/214,Rare Holo,UNB
Genesect,127/214,Rare,UNB
Meltan,128/214,Common,UNB
Melmetal,129/214,Rare Holo,UNB
Gardevoir e Sylveon GX,130/214,Rare Holo GX,UNB
Cleffa,131/214,Uncommon,UNB
Clefairy,132/214,Common,UNB
Clefable,133/214,Rare,UNB
Jigglypuff,134/214,Common,UNB
Wigglytuff,135/214,Rare,UNB
Togepi,136/214,Common,UNB
Togetic,137/214,Uncommon,UNB
Togekiss,138/214,Rare Holo,UNB
Cottonee,139/214,Common,UNB
Whimsicott GX,140/214,Rare Holo GX,UNB
Spritzee,141/214,Common,UNB
Aromatisse,142/214,Rare,UNB
Rattata,143/214,Common,UNB
Raticate,144/214,Uncommon,UNB
Spearow,145/214,Common,UNB
Fearow,146/214,Uncommon,UNB
Meowth,147/214,Common,UNB
Persian,148/214,Rare,UNB
Persian GX,149/214,Rare Holo GX,UNB
Doduo,150/214,Common,UNB
Dodrio,151/214,Uncommon,UNB
Lickitung,152/214,Common,UNB
Lickilicky,153/214,Rare,UNB
Porygon,154/214,Common,UNB
Porygon,155/214,Common,UNB
Porygon2,156/214,Uncommon,UNB
Porygon-Z,157/214,Rare Holo,UNB
Snorlax,158/214,Rare Holo,UNB
Glameow,159/214,Common,UNB
Purugly,160/214,Rare,UNB
Happiny,161/214,Uncommon,UNB
Chatot,162/214,Uncommon,UNB
Celesteela GX,163/214,Rare Holo GX,UNB
Condutor de Criatura,164/214,Uncommon,UNB
Machadinha de Gelo,165/214,Uncommon,UNB
Spray de Involução Z,166/214,Uncommon,UNB
Pedra do Crepúsculo,167/214,Uncommon,UNB
Ilha Empoeirada,168/214,Uncommon,UNB
Radar Eletromagnético,169/214,Uncommon,UNB
Inquieteco de Energias,170/214,Uncommon,UNB
Pingente de Fada de Habilidade,171/214,Uncommon,UNB
Pingente de Fada Lightning,172/214,Uncommon,UNB
Cristal de Fogo,173/214,Uncommon,UNB
Exílio do Giovanni,174/214,Uncommon,UNB
Desbravamento da Green,175/214,Uncommon,UNB
Janine,176/214,Uncommon,UNB
Armadilha do Koga,177/214,Uncommon,UNB
Estratégia do Ten. Surge,178/214,Uncommon,UNB
Dojo de Artes Marciais,179/214,Uncommon,UNB
Barreira de Núcleo Metálico,180/214,Uncommon,UNB
Marcos,181/214,Uncommon,UNB
Pokégear 3.0,182/214,Uncommon,UNB
Pokégear 3.0,182a/214,Uncommon,UNB
Pokégear 3.0,182b/214,Uncommon,UNB
Usina Elétrica,183/214,Uncommon,UNB
Desafio do Red,184/214,Rare Holo,UNB
Gabriel Carvalho,185/214,Uncommon,UNB
Capuz Furtivo,186/214,Uncommon,UNB
Caixa Surpresa,187/214,Uncommon,UNB
Kartanista da Ultrafloresta,188/214,Uncommon,UNB
Soldadora,189/214,Uncommon,UNB
Welder,189a/214,Uncommon,UNB
Energia Tripla de Aceleração,190/214,Uncommon,UNB
Pheromosa e Buzzwole GX,191/214,Rare Ultra,UNB
Pheromosa e Buzzwole GX,192/214,Rare Ultra,UNB
Venomoth GX,193/214,Rare Ultra,UNB
Reshiram e Charizard GX,194/214,Rare Ultra,UNB
Dedenne GX,195/214,Rare Ultra,UNB
Dedenne-GX,195a/214,Rare Ultra,UNB
Muk e Muk de Alola GX,196/214,Rare Ultra,UNB
Muk e Muk de Alola GX,197/214,Rare Ultra,UNB
Marshadow e Machamp GX,198/214,Rare Ultra,UNB
Marshadow e Machamp GX,199/214,Rare Ultra,UNB
Greninja e Zoroark GX,200/214,Rare Ultra,UNB
Greninja e Zoroark GX,201/214,Rare Ultra,UNB
Honchkrow GX,202/214,Rare Ultra,UNB
Lucario e Melmetal GX,203/214,Rare Ultra,UNB
Gardevoir e Sylveon GX,204/214,Rare Ultra,UNB
Gardevoir e Sylveon GX,205/214,Rare Ultra,UNB
Whimsicott GX,206/214,Rare Ultra,UNB
Persian GX,207/214,Rare Ultra,UNB
Celesteela GX,208/214,Rare Ultra,UNB
Desbravamento da Green,209/214,Rare Ultra,UNB
Janine,210/214,Rare Ultra,UNB
Armadilha do Koga,211/214,Rare Ultra,UNB
Marcos,212/214,Rare Ultra,UNB
Desafio do Red,213/214,Rare Ultra,UNB
Soldadora,214/214,Rare Ultra,UNB
Pheromosa e Buzzwole GX,215/214,Rare Rainbow,UNB
Venomoth GX,216/214,Rare Rainbow,UNB
Reshiram e Charizard GX,217/214,Rare Rainbow,UNB
Blastoise GX,218/214,Rare Rainbow,UNB
Dedenne GX,219/214,Rare Rainbow,UNB
Muk e Muk de Alola GX,220/214,Rare Rainbow,UNB
Marshadow e Machamp GX,221/214,Rare Rainbow,UNB
Greninja e Zoroark GX,222/214,Rare Rainbow,UNB
Honchkrow GX,223/214,Rare Rainbow,UNB
Lucario e Melmetal GX,224/214,Rare Rainbow,UNB
Gardevoir e Sylveon GX,225/214,Rare Rainbow,UNB
Whimsicott GX,226/214,Rare Rainbow,UNB
Persian GX,227/214,Rare Rainbow,UNB
Celesteela GX,228/214,Rare Rainbow,UNB
Condutor de Criatura,229/214,Rare Secret,UNB
Radar Eletromagnético,230/214,Rare Secret,UNB
Cristal de Fogo,231/214,Rare Secret,UNB
Barreira de Núcleo Metálico,232/214,Rare Secret,UNB
Pokégear 3.0,233/214,Rare Secret,UNB
Energia Tripla de Aceleração,234/214,Rare Secret,UNB
Rowlet e Exeggutor de Alola GX,1/236,Rare Holo GX,UNM
Yanma,2/236,Common,UNM
Yanmega,3/236,Uncommon,UNM
Celebi,4/236,Rare Holo,UNM
Shroomish,5/236,Common,UNM
Sewaddle,6/236,Common,UNM
Sewaddle,7/236,Common,UNM
Swadloon,8/236,Uncommon,UNM
Leavanny,9/236,Rare,UNM
Dwebble,10/236,Common,UNM
Crustle,11/236,Rare,UNM
Karrablast,12/236,Common,UNM
Foongus,13/236,Common,UNM
Amoonguss,14/236,Rare,UNM
Fomantis,15/236,Common,UNM
Lurantis,16/236,Uncommon,UNM
Bounsweet,17/236,Common,UNM
Steenee,18/236,Uncommon,UNM
Tsareena,19/236,Rare Holo,UNM
Dhelmise,20/236,Uncommon,UNM
Magmar,21/236,Common,UNM
Magmortar,22/236,Rare,UNM
Numel,23/236,Common,UNM
Camerupt,24/236,Rare,UNM
Heatran GX,25/236,Rare Holo GX,UNM
Victini,26/236,Rare Holo,UNM
Litwick,27/236,Common,UNM
Litwick,28/236,Common,UNM
Lampent,29/236,Uncommon,UNM
Chandelure,30/236,Rare Holo,UNM
Fletchinder,31/236,Common,UNM
Talonflame,32/236,Rare,UNM
Salandit,33/236,Common,UNM
Salazzle,34/236,Rare,UNM
Slowpoke e Psyduck GX,35/236,Rare Holo GX,UNM
Lapras,36/236,Uncommon,UNM
Snorunt,37/236,Common,UNM
Froslass,38/236,Rare Holo,UNM
Finneon,39/236,Common,UNM
Lumineon,40/236,Uncommon,UNM
Snover,41/236,Common,UNM
Abomasnow,42/236,Rare,UNM
Basculin,43/236,Uncommon,UNM
Tirtouga,44/236,Uncommon,UNM
Carracosta,45/236,Uncommon,UNM
Cryogonal,46/236,Common,UNM
Keldeo GX,47/236,Rare Holo GX,UNM
Dewpider,48/236,Common,UNM
Araquanid,49/236,Rare,UNM
Wimpod,50/236,Common,UNM
Golisopod,51/236,Rare Holo,UNM
Pyukumuku,52/236,Uncommon,UNM
Tapu Fini,53/236,Rare,UNM
Raichu e Raichu de Alola GX,54/236,Rare Holo GX,UNM
Pikachu,55/236,Common,UNM
Pikachu,56/236,Common,UNM
Raichu de Alola,57/236,Rare Holo,UNM
Magnemite,58/236,Common,UNM
Magneton,59/236,Uncommon,UNM
Magnezone,60/236,Rare Holo,UNM
Joltik,61/236,Common,UNM
Galvantula,62/236,Rare,UNM
Tynamo,63/236,Common,UNM
Tynamo,64/236,Common,UNM
Eelektrik,65/236,Uncommon,UNM
Eelektross,66/236,Rare Holo,UNM
Stunfisk,67/236,Common,UNM
Thundurus,68/236,Uncommon,UNM
Tapu Koko,69/236,Rare Holo,UNM
Xurkitree,70/236,Rare,UNM
Mewtwo e Mew GX,71/236,Rare Holo GX,UNM
Espeon e Deoxys GX,72/236,Rare Holo GX,UNM
Exeggcute,73/236,Common,UNM
Exeggutor,74/236,Rare,UNM
Marowak de Alola,75/236,Rare,UNM
Jynx,76/236,Uncommon,UNM
Wynaut,77/236,Uncommon,UNM
Latios GX,78/236,Rare Holo GX,UNM
Jirachi GX,79/236,Rare Holo GX,UNM
Jirachi GX,79a/236,Rare Ultra,UNM
Drifloon,80/236,Common,UNM
Drifblim,81/236,Rare,UNM
Skorupi,82/236,Common,UNM
Uxie,83/236,Rare Holo,UNM
Mesprit,84/236,Uncommon,UNM
Azelf,85/236,Uncommon,UNM
Giratina,86/236,Rare Holo,UNM
Cresselia,87/236,Uncommon,UNM
Munna,88/236,Common,UNM
Musharna,89/236,Uncommon,UNM
Elgyem,90/236,Uncommon,UNM
Beheeyem,91/236,Rare,UNM
Honedge,92/236,Common,UNM
Honedge,93/236,Common,UNM
Doublade,94/236,Uncommon,UNM
Aegislash,95/236,Rare Holo,UNM
Mareanie,96/236,Common,UNM
Toxapex,97/236,Rare,UNM
Salandit,98/236,Common,UNM
Salazzle,99/236,Rare,UNM
Cosmog,100/236,Common,UNM
Necrozma,101/236,Rare,UNM
Poipole,102/236,Common,UNM
Onix,103/236,Common,UNM
Steelix,104/236,Rare,UNM
Cubone,105/236,Common,UNM
Aerodactyl GX,106/236,Rare Holo GX,UNM
Heracross,107/236,Uncommon,UNM
Breloom,108/236,Uncommon,UNM
Meditite,109/236,Common,UNM
Medicham,110/236,Rare,UNM
Relicanth,111/236,Uncommon,UNM
Gible,112/236,Common,UNM
Gabite,113/236,Uncommon,UNM
Garchomp,114/236,Rare Holo,UNM
Riolu,115/236,Common,UNM
Riolu,116/236,Common,UNM
Lucario,117/236,Rare,UNM
Drilbur,118/236,Common,UNM
Excadrill,119/236,Rare,UNM
Archen,120/236,Uncommon,UNM
Archeops,121/236,Rare,UNM
Terrakion,122/236,Rare Holo,UNM
Meloetta,123/236,Rare,UNM
Zygarde,124/236,Rare,UNM
Umbreon e Darkrai GX,125/236,Rare Holo GX,UNM
Mega Sableye e Tyranitar GX,126/236,Rare Holo GX,UNM
Grimer de Alola,127/236,Common,UNM
Murkrow,128/236,Common,UNM
Murkrow,129/236,Common,UNM
Honchkrow,130/236,Rare,UNM
Sneasel,131/236,Common,UNM
Weavile GX,132/236,Rare Holo GX,UNM
Sableye,133/236,Uncommon,UNM
Drapion,134/236,Rare,UNM
Purrloin,135/236,Common,UNM
Liepard,136/236,Rare,UNM
Scraggy,137/236,Common,UNM
Scrafty,138/236,Rare,UNM
Yveltal,139/236,Rare Holo,UNM
Hoopa,140/236,Rare Holo,UNM
Mawile GX,141/236,Rare Holo GX,UNM
Escavalier,142/236,Rare,UNM
Cottonee,143/236,Common,UNM
Whimsicott,144/236,Rare,UNM
Dedenne,145/236,Uncommon,UNM
Garchomp e Giratina GX,146/236,Rare Holo GX,UNM
Dratini,147/236,Common,UNM
Dratini,148/236,Common,UNM
Dragonair,149/236,Uncommon,UNM
Dragonair,150/236,Uncommon,UNM
Dragonite,151/236,Rare,UNM
Dragonite GX,152/236,Rare Holo GX,UNM
Latias,153/236,Rare,UNM
Axew,154/236,Common,UNM
Fraxure,155/236,Uncommon,UNM
Haxorus,156/236,Rare Holo,UNM
Druddigon,157/236,Common,UNM
Noibat,158/236,Common,UNM
Noivern,159/236,Rare,UNM
Naganadel GX,160/236,Rare Holo GX,UNM
Lickitung,161/236,Common,UNM
Lickilicky,162/236,Rare,UNM
Kangaskhan,163/236,Rare Holo,UNM
Tauros,164/236,Uncommon,UNM
Hoothoot,165/236,Common,UNM
Noctowl,166/236,Uncommon,UNM
Slakoth,167/236,Common,UNM
Slakoth,168/236,Common,UNM
Vigoroth,169/236,Uncommon,UNM
Slaking,170/236,Rare Holo,UNM
Bidoof,171/236,Common,UNM
Bibarel,172/236,Uncommon,UNM
Munchlax,173/236,Uncommon,UNM
Pidove,174/236,Common,UNM
Tranquill,175/236,Uncommon,UNM
Unfezant,176/236,Rare,UNM
Audino,177/236,Uncommon,UNM
Tornadus,178/236,Uncommon,UNM
Fletchling,179/236,Common,UNM
Yungoos,180/236,Common,UNM
Gumshoos,181/236,Rare,UNM
Oranguru,182/236,Uncommon,UNM
Tipo Nulo,183/236,Uncommon,UNM
Silvally,184/236,Rare Holo,UNM
Komala,185/236,Uncommon,UNM
Concurso de Perguntas do Blaine,186/236,Uncommon,UNM
Cidade de Nevasca,187/236,Uncommon,UNM
Tática do Blue,188/236,Uncommon,UNM
Caça-inseto,189/236,Uncommon,UNM
Exorcista,190/236,Uncommon,UNM
Bola Estima,191/236,Uncommon,UNM
Cherish Ball,191a/236,Uncommon,UNM
Técnicos de Treinador,192/236,Uncommon,UNM
Cidade Escura,193/236,Uncommon,UNM
Sino Ensurdecedor,194/236,Uncommon,UNM
Aerium Z: Golpe de Ar,195/236,Uncommon,UNM
Bomba Gigante,196/236,Uncommon,UNM
Fornalha Gigante,197/236,Uncommon,UNM
Grande Poção,198/236,Uncommon,UNM
Funesto,199/236,Uncommon,UNM
Lélia,200/236,Uncommon,UNM
Faixa de Caratê,201/236,Uncommon,UNM
Favor da Misty,202/236,Uncommon,UNM
Normalium Z: Investida,203/236,Uncommon,UNM
Pokémaníaco,204/236,Uncommon,UNM
Laboratório de Pesquisas Pokémon,205/236,Uncommon,UNM
Carimbo de Recomposição,206/236,Uncommon,UNM
Reset Stamp,206a/236,Uncommon,UNM
Floresta Sonolenta,207/236,Uncommon,UNM
Navegador de Estádio,208/236,Uncommon,UNM
Substituição de Aliados,209/236,Uncommon,UNM
Fóssil Não Identificado,210/236,Uncommon,UNM
Prancha de Retorno,211/236,Uncommon,UNM
Energia de Reciclagem,212/236,Uncommon,UNM
Energia de Proteção de Fraqueza,213/236,Uncommon,UNM
Rowlet e Exeggutor de Alola GX,214/236,Rare Ultra,UNM
Rowlet e Exeggutor de Alola GX,215/236,Rare Ultra,UNM
Heatran GX,216/236,Rare Ultra,UNM
Slowpoke e Psyduck GX,217/236,Rare Ultra,UNM
Slowpoke e Psyduck GX,218/236,Rare Ultra,UNM
Keldeo GX,219/236,Rare Ultra,UNM
Raichu e Raichu de Alola GX,220/236,Rare Ultra,UNM
Raichu e Raichu de Alola GX,221/236,Rare Ultra,UNM
Mewtwo e Mew GX,222/236,Rare Ultra,UNM
Latios GX,223/236,Rare Ultra,UNM
Aerodactyl GX,224/236,Rare Ultra,UNM
Mega Sableye e Tyranitar GX,225/236,Rare Ultra,UNM
Mega Sableye e Tyranitar GX,226/236,Rare Ultra,UNM
Mawile GX,227/236,Rare Ultra,UNM
Garchomp e Giratina GX,228/236,Rare Ultra,UNM
Dragonite GX,229/236,Rare Ultra,UNM
Naganadel GX,230/236,Rare Ultra,UNM
Tática do Blue,231/236,Rare Ultra,UNM
Exorcista,232/236,Rare Ultra,UNM
Técnicos de Treinador,233/236,Rare Ultra,UNM
Funesto,234/236,Rare Ultra,UNM
Favor da Misty,235/236,Rare Ultra,UNM
Pokémaníaco,236/236,Rare Ultra,UNM
Rowlet e Exeggutor de Alola GX,237/236,Rare Rainbow,UNM
Heatran GX,238/236,Rare Rainbow,UNM
Slowpoke e Psyduck GX,239/236,Rare Rainbow,UNM
Keldeo GX,240/236,Rare Rainbow,UNM
Raichu e Raichu de Alola GX,241/236,Rare Rainbow,UNM
Mewtwo e Mew GX,242/236,Rare Rainbow,UNM
Latios GX,243/236,Rare Rainbow,UNM
Aerodactyl GX,244/236,Rare Rainbow,UNM
Mega Sableye e Tyranitar GX,245/236,Rare Rainbow,UNM
Mawile GX,246/236,Rare Rainbow,UNM
Garchomp e Giratina GX,247/236,Rare Rainbow,UNM
Dragonite GX,248/236,Rare Rainbow,UNM
Naganadel GX,249/236,Rare Rainbow,UNM
Bola Estima,250/236,Rare Secret,UNM
Bomba Gigante,251/236,Rare Secret,UNM
Faixa de Caratê,252/236,Rare Secret,UNM
Carimbo de Recomposição,253/236,Rare Secret,UNM
Substituição de Aliados,254/236,Rare Secret,UNM
Prancha de Retorno,255/236,Rare Secret,UNM
Floresta de Viridian,256/236,Rare Secret,UNM
Energia de Reciclagem,257/236,Rare Secret,UNM
Energia de Proteção de Fraqueza,258/236,Rare Secret,UNM
Abomasnow,TG01/30,Trainer Gallery Rare Holo,ASR
Flapple,TG02/30,Trainer Gallery Rare Holo,ASR
Kingdra,TG03/30,Trainer Gallery Rare Holo,ASR
Frosmoth,TG04/30,Trainer Gallery Rare Holo,ASR
Gardevoir,TG05/30,Trainer Gallery Rare Holo,ASR
Wyrdeer,TG06/30,Trainer Gallery Rare Holo,ASR
Falinks,TG07/30,Trainer Gallery Rare Holo,ASR
Kleavor,TG08/30,Trainer Gallery Rare Holo,ASR
Mightyena,TG09/30,Trainer Gallery Rare Holo,ASR
Obstagoon de Galar,TG10/30,Trainer Gallery Rare Holo,ASR
Bronzong,TG11/30,Trainer Gallery Rare Holo,ASR
Hoothoot,TG12/30,Trainer Gallery Rare Holo,ASR
Starmie V,TG13/30,Rare Holo V,ASR
Calyrex Cavaleiro Glacial V,TG14/30,Rare Holo V,ASR
Calyrex Cavaleiro Glacial VMAX,TG15/30,Rare Holo VMAX,ASR
Articuno de Galar V,TG16/30,Rare Holo V,ASR
Calyrex Cavaleiro Espectral V,TG17/30,Rare Holo V,ASR
Calyrex Cavaleiro Espectral VMAX,TG18/30,Rare Holo VMAX,ASR
Zapdos de Galar V,TG19/30,Rare Holo V,ASR
Moltres de Galar V,TG20/30,Rare Holo V,ASR
Zacian V,TG21/30,Rare Holo V,ASR
Zamazenta V,TG22/30,Rare Holo V,ASR
Garchomp V,TG23/30,Rare Holo V,ASR
Allister,TG24/30,Rare Ultra,ASR
Bia,TG25/30,Rare Ultra,ASR
Melony,TG26/30,Rare Ultra,ASR
Milo,TG27/30,Rare Ultra,ASR
Pietro,TG28/30,Rare Ultra,ASR
Calyrex Cavaleiro Glacial VMAX,TG29/30,Rare Secret,ASR
Calyrex Cavaleiro Espectral VMAX,TG30/30,Rare Secret,ASR
Beedrill V,1/189,Rare Holo V,ASR
Voltorb de Hisui,2/189,Common,ASR
Electrode de Hisui,3/189,Uncommon,ASR
Scyther,4/189,Common,ASR
Scyther,5/189,Common,ASR
Yanma,6/189,Common,ASR
Yanmega,7/189,Uncommon,ASR
Heracross,8/189,Common,ASR
Kricketot,9/189,Common,ASR
Kricketune,10/189,Uncommon,ASR
Combee,11/189,Common,ASR
Vespiquen,12/189,Rare,ASR
Leafeon,13/189,Rare,ASR
Shaymin,14/189,Rare,ASR
Petilil,15/189,Common,ASR
Lilligant de Hisui,16/189,Rare Holo,ASR
Lilligant de Hisui V,17/189,Rare Holo V,ASR
Lilligant de Hisui V-ASTRO,18/189,Rare Holo VSTAR,ASR
Rowlet,19/189,Common,ASR
Dartrix,20/189,Uncommon,ASR
Ponyta,21/189,Common,ASR
Rapidash,22/189,Rare,ASR
Cyndaquil,23/189,Common,ASR
Quilava,24/189,Uncommon,ASR
Heatran V,25/189,Rare Holo V,ASR
Heatran VMAX,26/189,Rare Holo VMAX,ASR
Heatran Radiante,27/189,Radiant Rare,ASR
Psyduck,28/189,Common,ASR
Golduck,29/189,Uncommon,ASR
Starmie V,30/189,Rare Holo V,ASR
Swinub,31/189,Common,ASR
Piloswine,32/189,Uncommon,ASR
Mamoswine,33/189,Rare,ASR
Mantine,34/189,Common,ASR
Barboach,35/189,Common,ASR
Whiscash,36/189,Uncommon,ASR
Regice,37/189,Rare,ASR
Glaceon,38/189,Rare,ASR
Palkia Forma Origem V,39/189,Rare Holo V,ASR
Palkia Forma Origem V-ASTRO,40/189,Rare Holo VSTAR,ASR
Oshawott,41/189,Common,ASR
Dewott,42/189,Uncommon,ASR
Basculin de Hisui,43/189,Common,ASR
Basculegion de Hisui,44/189,Rare,ASR
Keldeo,45/189,Rare Holo,ASR
Greninja Radiante,46/189,Radiant Rare,ASR
Bergmite,47/189,Common,ASR
Avalugg de Hisui,48/189,Rare,ASR
Mr. Rime de Galar V,49/189,Rare Holo V,ASR
Luxray V,50/189,Rare Holo V,ASR
Regieleki,51/189,Rare,ASR
Typhlosion de Hisui,52/189,Rare Holo,ASR
Typhlosion de Hisui V,53/189,Rare Holo V,ASR
Typhlosion de Hisui V-ASTRO,54/189,Rare Holo VSTAR,ASR
Togepi,55/189,Common,ASR
Togetic,56/189,Uncommon,ASR
Togekiss,57/189,Rare Holo,ASR
Misdreavus,58/189,Common,ASR
Mismagius,59/189,Rare,ASR
Ralts,60/189,Common,ASR
Kirlia,61/189,Uncommon,ASR
Gallade,62/189,Rare Holo,ASR
Drifloon,63/189,Common,ASR
Drifblim,64/189,Uncommon,ASR
Uxie,65/189,Uncommon,ASR
Mesprit,66/189,Rare Holo,ASR
Azelf,67/189,Uncommon,ASR
Diancie,68/189,Rare Holo,ASR
Wyrdeer,69/189,Rare Holo,ASR
Growlithe de Hisui,70/189,Common,ASR
Arcanine de Hisui,71/189,Rare,ASR
Machamp V,72/189,Rare Holo V,ASR
Machamp VMAX,73/189,Rare Holo VMAX,ASR
Sudowoodo,74/189,Common,ASR
Regirock,75/189,Rare,ASR
Cranidos,76/189,Uncommon,ASR
Rampardos,77/189,Rare Holo,ASR
Lucario V,78/189,Rare Holo V,ASR
Hippopotas,79/189,Common,ASR
Hippowdon,80/189,Uncommon,ASR
Hawlucha Radiante,81/189,Radiant Rare,ASR
Decidueye de Hisui,82/189,Rare Holo,ASR
Decidueye de Hisui V,83/189,Rare Holo V,ASR
Decidueye de Hisui V-ASTRO,84/189,Rare Holo VSTAR,ASR
Kleavor,85/189,Rare,ASR
Kleavor,86/189,Rare Holo,ASR
Kleavor V,87/189,Rare Holo V,ASR
Qwilfish de Hisui,88/189,Common,ASR
Qwilfish de Hisui,89/189,Common,ASR
Overqwil de Hisui,90/189,Uncommon,ASR
Overqwil de Hisui,91/189,Rare,ASR
Sneasel de Hisui,92/189,Common,ASR
Sneasler de Hisui,93/189,Rare Holo,ASR
Sneasler de Hisui V,94/189,Rare Holo V,ASR
Poochyena,95/189,Common,ASR
Mightyena,96/189,Rare,ASR
Absol,97/189,Rare Holo,ASR
Darkrai V,98/189,Rare Holo V,ASR
Darkrai V-ASTRO,99/189,Rare Holo VSTAR,ASR
Samurott de Hisui,100/189,Rare Holo,ASR
Samurott de Hisui V,101/189,Rare Holo V,ASR
Samurott de Hisui V-ASTRO,102/189,Rare Holo VSTAR,ASR
Nickit,103/189,Common,ASR
Thievul,104/189,Rare,ASR
Magnemite,105/189,Common,ASR
Magneton,106/189,Uncommon,ASR
Magnezone,107/189,Rare Holo,ASR
Registeel,108/189,Rare,ASR
Shieldon,109/189,Uncommon,ASR
Bastiodon,110/189,Rare Holo,ASR
Bronzor,111/189,Common,ASR
Bronzong,112/189,Uncommon,ASR
Dialga Forma Origem V,113/189,Rare Holo V,ASR
Dialga Forma Origem V-ASTRO,114/189,Rare Holo VSTAR,ASR
Pawniard,115/189,Common,ASR
Bisharp,116/189,Uncommon,ASR
Garchomp V,117/189,Rare Holo V,ASR
Regidrago,118/189,Rare,ASR
Eevee,119/189,Common,ASR
Hoothoot,120/189,Common,ASR
Noctowl,121/189,Uncommon,ASR
Teddiursa,122/189,Common,ASR
Ursaring,123/189,Uncommon,ASR
Ursaluna,124/189,Rare,ASR
Stantler,125/189,Common,ASR
Miltank,126/189,Rare Holo,ASR
Glameow,127/189,Common,ASR
Purugly,128/189,Uncommon,ASR
Chatot,129/189,Common,ASR
Regigigas,130/189,Rare Holo,ASR
Rufflet,131/189,Common,ASR
Braviary de Hisui,132/189,Rare,ASR
Oranguru V,133/189,Rare Holo V,ASR
Wyrdeer V,134/189,Rare Holo V,ASR
Ádamo,135/189,Rare Holo,ASR
Colônia Anuladora,136/189,Uncommon,ASR
Choi,137/189,Uncommon,ASR
Cilene,138/189,Uncommon,ASR
Fragmento Sombrio,139/189,Uncommon,ASR
Loto Energia,140/189,Uncommon,ASR
Bola de Penas,141/189,Uncommon,ASR
Brejo Gapejaw,142/189,Uncommon,ASR
Vigor da Gardênia,143/189,Uncommon,ASR
Grant,144/189,Uncommon,ASR
Picareta Corajosa,145/189,Uncommon,ASR
Bola Pesada de Hisui,146/189,Uncommon,ASR
Irida,147/189,Rare Holo,ASR
Vilarejo de Jubilife,148/189,Uncommon,ASR
Sorbus,149/189,Uncommon,ASR
Roxanne,150/189,Uncommon,ASR
Curry Temperado e Apimentado,151/189,Uncommon,ASR
Óculos Supereficazes,152/189,Uncommon,ASR
Mel Doce,153/189,Uncommon,ASR
Carrinho de Substituição,154/189,Uncommon,ASR
Templo de Sinnoh,155/189,Uncommon,ASR
Tênis de Caminhada,156/189,Uncommon,ASR
Fóssil Não Identificado,157/189,Uncommon,ASR
Esperar para Ver Turbo,158/189,Uncommon,ASR
Zisu,159/189,Uncommon,ASR
Beedrill V,160/189,Rare Ultra,ASR
Beedrill V,161/189,Rare Ultra,ASR
Lilligant de Hisui V,162/189,Rare Ultra,ASR
Lilligant de Hisui V,163/189,Rare Ultra,ASR
Virizion V,164/189,Rare Ultra,ASR
Heatran V,165/189,Rare Ultra,ASR
Starmie V,166/189,Rare Ultra,ASR
Palkia Forma Origem V,167/189,Rare Ultra,ASR
Luxray V,168/189,Rare Ultra,ASR
Typhlosion de Hisui V,169/189,Rare Ultra,ASR
Jirachi V,170/189,Rare Ultra,ASR
Machamp V,171/189,Rare Ultra,ASR
Machamp V,172/189,Rare Ultra,ASR
Decidueye de Hisui V,173/189,Rare Ultra,ASR
Sneasler de Hisui V,174/189,Rare Ultra,ASR
Sneasler de Hisui V,175/189,Rare Ultra,ASR
Samurott de Hisui V,176/189,Rare Ultra,ASR
Dialga Forma Origem V,177/189,Rare Ultra,ASR
Garchomp V,178/189,Rare Ultra,ASR
Oranguru V,179/189,Rare Ultra,ASR
Wyrdeer V,180/189,Rare Ultra,ASR
Ádamo,181/189,Rare Ultra,ASR
Choi,182/189,Rare Ultra,ASR
Cilene,183/189,Rare Ultra,ASR
Vigor da Gardênia,184/189,Rare Ultra,ASR
Grant,185/189,Rare Ultra,ASR
Irida,186/189,Rare Ultra,ASR
Sorbus,187/189,Rare Ultra,ASR
Roxanne,188/189,Rare Ultra,ASR
Zisu,189/189,Rare Ultra,ASR
Lilligant de Hisui V-ASTRO,190/189,Rare Rainbow,ASR
Heatran VMAX,191/189,Rare Rainbow,ASR
Palkia Forma Origem V-ASTRO,192/189,Rare Rainbow,ASR
Typhlosion de Hisui V-ASTRO,193/189,Rare Rainbow,ASR
Machamp VMAX,194/189,Rare Rainbow,ASR
Decidueye de Hisui V-ASTRO,195/189,Rare Rainbow,ASR
Kleavor V-ASTRO,196/189,Rare Rainbow,ASR
Samurott de Hisui V-ASTRO,197/189,Rare Rainbow,ASR
Dialga Forma Origem V-ASTRO,198/189,Rare Rainbow,ASR
Ádamo,199/189,Rare Rainbow,ASR
Choi,200/189,Rare Rainbow,ASR
Cilene,201/189,Rare Rainbow,ASR
Vigor da Gardênia,202/189,Rare Rainbow,ASR
Grant,203/189,Rare Rainbow,ASR
Irida,204/189,Rare Rainbow,ASR
Sorbus,205/189,Rare Rainbow,ASR
Roxanne,206/189,Rare Rainbow,ASR
Zisu,207/189,Rare Rainbow,ASR
Palkia Forma Origem V-ASTRO,208/189,Rare Secret,ASR
Samurott de Hisui V-ASTRO,209/189,Rare Secret,ASR
Dialga Forma Origem V-ASTRO,210/189,Rare Secret,ASR
Cinturão da Escolha,211/189,Rare Secret,ASR
Vilarejo de Jubilife,212/189,Rare Secret,ASR
Trilha para o Cume,213/189,Rare Secret,ASR
Templo de Sinnoh,214/189,Rare Secret,ASR
Tênis de Caminhada,215/189,Rare Secret,ASR
Energia Turbo Dupla,216/189,Rare Secret,ASR
Bellsprout,1/163,Common,BST
Weepinbell,2/163,Uncommon,BST
Victreebel,3/163,Rare,BST
Cacnea,4/163,Common,BST
Cacturne,5/163,Uncommon,BST
Kricketune V,6/163,Rare Holo V,BST
Cherubi,7/163,Common,BST
Cherrim,8/163,Rare Holo,BST
Carnivine,9/163,Uncommon,BST
Durant,10/163,Uncommon,BST
Scatterbug,11/163,Common,BST
Spewpa,12/163,Uncommon,BST
Vivillon,13/163,Rare,BST
Fomantis,14/163,Common,BST
Lurantis,15/163,Rare,BST
Tapu Bulu,16/163,Rare Holo,BST
Blipbug,17/163,Common,BST
Flapple V,18/163,Rare Holo V,BST
Flapple VMAX,19/163,Rare Holo VMAX,BST
Entei,20/163,Rare Holo,BST
Victini V,21/163,Rare Holo V,BST
Victini VMAX,22/163,Rare Holo VMAX,BST
Tepig,23/163,Common,BST
Pignite,24/163,Uncommon,BST
Emboar,25/163,Rare Holo,BST
Heatmor,26/163,Uncommon,BST
Salandit,27/163,Common,BST
Salazzle,28/163,Rare,BST
Sizzlipede,29/163,Common,BST
Centiskorch,30/163,Rare,BST
Horsea,31/163,Common,BST
Seadra,32/163,Uncommon,BST
Kingdra,33/163,Rare Holo,BST
Mr. Mime de Galar,34/163,Common,BST
Mr. Rime de Galar,35/163,Rare,BST
Remoraid,36/163,Common,BST
Octillery,37/163,Rare Holo,BST
Corphish,38/163,Common,BST
Crawdaunt,39/163,Uncommon,BST
Empoleon V,40/163,Rare Holo V,BST
Frillish,41/163,Common,BST
Jellicent,42/163,Rare,BST
Bruxish,43/163,Uncommon,BST
Electabuzz,44/163,Common,BST
Electivire,45/163,Rare,BST
Shinx,46/163,Common,BST
Luxio,47/163,Uncommon,BST
Luxray,48/163,Rare Holo,BST
Pachirisu,49/163,Common,BST
Tapu Koko V,50/163,Rare Holo V,BST
Tapu Koko VMAX,51/163,Rare Holo VMAX,BST
Yamper,52/163,Common,BST
Boltund,53/163,Rare,BST
Slowpoke de Galar,54/163,Common,BST
Spoink,55/163,Common,BST
Grumpig,56/163,Uncommon,BST
Baltoy,57/163,Common,BST
Claydol,58/163,Rare,BST
Chimecho,59/163,Common,BST
Espurr,60/163,Common,BST
Meowstic,61/163,Rare Holo,BST
Mimikyu V,62/163,Rare Holo V,BST
Necrozma V,63/163,Rare Holo V,BST
Dottler,64/163,Uncommon,BST
Orbeetle,65/163,Rare Holo,BST
Mankey,66/163,Common,BST
Primeape,67/163,Rare,BST
Onix,68/163,Common,BST
Cubone,69/163,Common,BST
Marowak,70/163,Rare,BST
Gligar,71/163,Common,BST
Gliscor,72/163,Uncommon,BST
Timburr,73/163,Common,BST
Gurdurr,74/163,Uncommon,BST
Conkeldurr,75/163,Rare,BST
Mienfoo,76/163,Common,BST
Mienshao,77/163,Rare,BST
Rolycoly,78/163,Common,BST
Carkol,79/163,Uncommon,BST
Coalossal,80/163,Rare Holo,BST
Silicobra,81/163,Common,BST
Sandaconda,82/163,Rare Holo,BST
Falinks,83/163,Rare,BST
Stonjourner,84/163,Rare,BST
Urshifu Golpe Decisivo V,85/163,Rare Holo V,BST
Urshifu Golpe Decisivo VMAX,86/163,Rare Holo VMAX,BST
Urshifu Golpe Fluido V,87/163,Rare Holo V,BST
Urshifu Golpe Fluido VMAX,88/163,Rare Holo VMAX,BST
Zubat,89/163,Common,BST
Golbat,90/163,Uncommon,BST
Crobat,91/163,Rare Holo,BST
Slowbro de Galar,92/163,Rare,BST
Murkrow,93/163,Common,BST
Honchkrow,94/163,Uncommon,BST
Houndour,95/163,Common,BST
Houndoom,96/163,Rare Holo,BST
Tyranitar V,97/163,Rare Holo V,BST
Morpeko,98/163,Uncommon,BST
Steelix,99/163,Rare Holo,BST
Mawile,100/163,Common,BST
Bronzor,101/163,Common,BST
Bronzong,102/163,Rare Holo,BST
Pawniard,103/163,Common,BST
Bisharp,104/163,Uncommon,BST
Honedge,105/163,Common,BST
Doublade,106/163,Uncommon,BST
Aegislash,107/163,Rare Holo,BST
Aegislash,108/163,Rare,BST
Corviknight V,109/163,Rare Holo V,BST
Corviknight VMAX,110/163,Rare Holo VMAX,BST
Spearow,111/163,Common,BST
Fearow,112/163,Uncommon,BST
Lickitung,113/163,Common,BST
Lickilicky,114/163,Rare,BST
Glameow,115/163,Common,BST
Purugly,116/163,Uncommon,BST
Stoutland V,117/163,Rare Holo V,BST
Bouffalant,118/163,Uncommon,BST
Drampa,119/163,Rare,BST
Indeedee,120/163,Uncommon,BST
Bruno,121/163,Uncommon,BST
Equipamento de Camping,122/163,Uncommon,BST
Cheryl,123/163,Uncommon,BST
Reciclador de Energia,124/163,Uncommon,BST
Corda de Fuga,125/163,Uncommon,BST
Compart. Exp.,126/163,Uncommon,BST
Leque de Ondas,127/163,Uncommon,BST
Foco da Korrina,128/163,Uncommon,BST
Bola de Nível,129/163,Uncommon,BST
Spectra,130/163,Uncommon,BST
Pergaminho de Turbilhão Golpe Fluido,131/163,Uncommon,BST
Mostarda Estilo Golpe Fluido,132/163,Uncommon,BST
Pergaminho de Desprezo Golpe Decisivo,133/163,Uncommon,BST
Mostarda Estilo Golpe Decisivo,134/163,Uncommon,BST
Espadarnaldo e Escudoberto,135/163,Uncommon,BST
Bloqueador de Ferramentas,136/163,Uncommon,BST
Torre das Sombras,137/163,Uncommon,BST
Torre das Águas,138/163,Uncommon,BST
Urna de Vitalidade,139/163,Uncommon,BST
Energia Golpe Fluido,140/163,Uncommon,BST
Energia Golpe Decisivo,141/163,Uncommon,BST
Kricketune V,142/163,Rare Ultra,BST
Flapple V,143/163,Rare Ultra,BST
Victini V,144/163,Rare Ultra,BST
Empoleon V,145/163,Rare Ultra,BST
Empoleon V,146/163,Rare Ultra,BST
Tapu Koko V,147/163,Rare Ultra,BST
Mimikyu V,148/163,Rare Ultra,BST
Necrozma V,149/163,Rare Ultra,BST
Urshifu Golpe Decisivo V,150/163,Rare Ultra,BST
Urshifu Golpe Decisivo V,151/163,Rare Ultra,BST
Urshifu Golpe Fluido V,152/163,Rare Ultra,BST
Urshifu Golpe Fluido V,153/163,Rare Ultra,BST
Tyranitar V,154/163,Rare Ultra,BST
Tyranitar V,155/163,Rare Ultra,BST
Corviknight V,156/163,Rare Ultra,BST
Stoutland V,157/163,Rare Ultra,BST
Bruno,158/163,Rare Ultra,BST
Cheryl,159/163,Rare Ultra,BST
Foco da Korrina,160/163,Rare Ultra,BST
Spectra,161/163,Rare Ultra,BST
Mostarda Estilo Golpe Fluido,162/163,Rare Ultra,BST
Mostarda Estilo Golpe Decisivo,163/163,Rare Ultra,BST
Flapple VMAX,164/163,Rare Rainbow,BST
Victini VMAX,165/163,Rare Rainbow,BST
Tapu Koko VMAX,166/163,Rare Rainbow,BST
Urshifu Golpe Decisivo VMAX,167/163,Rare Rainbow,BST
Urshifu Golpe Decisivo VMAX,168/163,Rare Rainbow,BST
Urshifu Golpe Fluido VMAX,169/163,Rare Rainbow,BST
Urshifu Golpe Fluido VMAX,170/163,Rare Rainbow,BST
Corviknight VMAX,171/163,Rare Rainbow,BST
Bruno,172/163,Rare Rainbow,BST
Cheryl,173/163,Rare Rainbow,BST
Foco da Korrina,174/163,Rare Rainbow,BST
Spectra,175/163,Rare Rainbow,BST
Mostarda Estilo Golpe Fluido,176/163,Rare Rainbow,BST
Mostarda Estilo Golpe Decisivo,177/163,Rare Rainbow,BST
Octillery,178/163,Rare Secret,BST
Houndoom,179/163,Rare Secret,BST
Compart. Exp.,180/163,Rare Secret,BST
Bola de Nível,181/163,Rare Secret,BST
Energia Golpe Fluido,182/163,Rare Secret,BST
Energia Golpe Decisivo,183/163,Rare Secret,BST
Flareon,TG01/30,Trainer Gallery Rare Holo,BRS
Vaporeon,TG02/30,Trainer Gallery Rare Holo,BRS
Octillery,TG03/30,Trainer Gallery Rare Holo,BRS
Jolteon,TG04/30,Trainer Gallery Rare Holo,BRS
Zekrom,TG05/30,Trainer Gallery Rare Holo,BRS
Dusknoir,TG06/30,Trainer Gallery Rare Holo,BRS
Dedenne,TG07/30,Trainer Gallery Rare Holo,BRS
Alcremie,TG08/30,Trainer Gallery Rare Holo,BRS
Ariados,TG09/30,Trainer Gallery Rare Holo,BRS
Houndoom,TG10/30,Trainer Gallery Rare Holo,BRS
Eevee,TG11/30,Trainer Gallery Rare Holo,BRS
Oranguru,TG12/30,Trainer Gallery Rare Holo,BRS
Boltund V,TG13/30,Rare Holo V,BRS
Sylveon V,TG14/30,Rare Holo V,BRS
Sylveon VMAX,TG15/30,Rare Holo VMAX,BRS
Mimikyu V,TG16/30,Rare Holo V,BRS
Mimikyu VMAX,TG17/30,Rare Holo VMAX,BRS
Urshifu Golpe Decisivo V,TG18/30,Rare Holo V,BRS
Urshifu Golpe Decisivo VMAX,TG19/30,Rare Holo VMAX,BRS
Urshifu Golpe Fluido V,TG20/30,Rare Holo V,BRS
Urshifu Golpe Fluido VMAX,TG21/30,Rare Holo VMAX,BRS
Umbreon V,TG22/30,Rare Holo V,BRS
Umbreon VMAX,TG23/30,Rare Holo VMAX,BRS
Premonição da Acerola,TG24/30,Rare Ultra,BRS
Mestre do Café,TG25/30,Rare Ultra,BRS
Glória,TG26/30,Rare Ultra,BRS
Mostarda Estilo Golpe Fluido,TG27/30,Rare Ultra,BRS
Mostarda Estilo Golpe Decisivo,TG28/30,Rare Ultra,BRS
Urshifu Golpe Decisivo VMAX,TG29/30,Rare Secret,BRS
Urshifu Golpe Fluido VMAX,TG30/30,Rare Secret,BRS
Exeggcute,1/172,Common,BRS
Exeggutor,2/172,Uncommon,BRS
Shroomish,3/172,Common,BRS
Breloom,4/172,Rare,BRS
Tropius,5/172,Uncommon,BRS
Turtwig,6/172,Common,BRS
Grotle,7/172,Uncommon,BRS
Torterra,8/172,Rare Holo,BRS
Burmy,9/172,Common,BRS
Wormadam,10/172,Rare,BRS
Mothim,11/172,Rare,BRS
Cherubi,12/172,Common,BRS
Shaymin V,13/172,Rare Holo V,BRS
Shaymin V-ASTRO,14/172,Rare Holo VSTAR,BRS
Karrablast,15/172,Common,BRS
Zarude V,16/172,Rare Holo V,BRS
Charizard V,17/172,Rare Holo V,BRS
Charizard V-ASTRO,18/172,Rare Holo VSTAR,BRS
Magmar,19/172,Common,BRS
Magmortar,20/172,Rare,BRS
Moltres,21/172,Rare Holo,BRS
Entei V,22/172,Rare Holo V,BRS
Torkoal,23/172,Uncommon,BRS
Chimchar,24/172,Common,BRS
Monferno,25/172,Uncommon,BRS
Infernape,26/172,Rare Holo,BRS
Simisear V,27/172,Rare Holo V,BRS
Kingler V,28/172,Rare Holo V,BRS
Kingler VMAX,29/172,Rare Holo VMAX,BRS
Staryu,30/172,Common,BRS
Lapras,31/172,Rare,BRS
Corphish,32/172,Common,BRS
Crawdaunt,33/172,Uncommon,BRS
Snorunt,34/172,Common,BRS
Piplup,35/172,Common,BRS
Prinplup,36/172,Uncommon,BRS
Empoleon,37/172,Rare Holo,BRS
Buizel,38/172,Common,BRS
Floatzel,39/172,Uncommon,BRS
Lumineon V,40/172,Rare Holo V,BRS
Manaphy,41/172,Rare,BRS
Cubchoo,42/172,Common,BRS
Beartic,43/172,Uncommon,BRS
Eiscue,44/172,Rare,BRS
Raichu V,45/172,Rare Holo V,BRS
Electabuzz,46/172,Common,BRS
Electivire,47/172,Rare,BRS
Raikou V,48/172,Rare Holo V,BRS
Shinx,49/172,Common,BRS
Luxio,50/172,Uncommon,BRS
Luxray,51/172,Rare,BRS
Pachirisu,52/172,Uncommon,BRS
Clefairy,53/172,Common,BRS
Clefable,54/172,Rare,BRS
Starmie,55/172,Uncommon,BRS
Mewtwo,56/172,Rare,BRS
Granbull V,57/172,Rare Holo V,BRS
Baltoy,58/172,Common,BRS
Claydol,59/172,Uncommon,BRS
Duskull,60/172,Common,BRS
Dusclops,61/172,Uncommon,BRS
Dusknoir,62/172,Rare Holo,BRS
Chimecho,63/172,Common,BRS
Whimsicott V,64/172,Rare Holo V,BRS
Whimsicott V-ASTRO,65/172,Rare Holo VSTAR,BRS
Sigilyph,66/172,Uncommon,BRS
Dedenne,67/172,Common,BRS
Mimikyu V,68/172,Rare Holo V,BRS
Mimikyu VMAX,69/172,Rare Holo VMAX,BRS
Milcery,70/172,Common,BRS
Alcremie,71/172,Rare,BRS
Hitmontop,72/172,Uncommon,BRS
Nosepass,73/172,Common,BRS
Trapinch,74/172,Common,BRS
Vibrava,75/172,Uncommon,BRS
Flygon,76/172,Rare,BRS
Wormadam,77/172,Rare,BRS
Riolu,78/172,Common,BRS
Lucario,79/172,Rare Holo,BRS
Throh,80/172,Common,BRS
Sawk,81/172,Common,BRS
Golett,82/172,Common,BRS
Golurk,83/172,Rare,BRS
Grimer,84/172,Common,BRS
Muk,85/172,Rare,BRS
Sneasel,86/172,Common,BRS
Weavile,87/172,Uncommon,BRS
Honchkrow V,88/172,Rare Holo V,BRS
Spiritomb,89/172,Common,BRS
Purrloin,90/172,Common,BRS
Liepard,91/172,Rare,BRS
Impidimp,92/172,Common,BRS
Morgrem,93/172,Uncommon,BRS
Grimmsnarl,94/172,Rare,BRS
Morpeko V,95/172,Rare Holo V,BRS
Aggron V,96/172,Rare Holo V,BRS
Aggron VMAX,97/172,Rare Holo VMAX,BRS
Wormadam,98/172,Rare,BRS
Probopass,99/172,Uncommon,BRS
Heatran,100/172,Rare,BRS
Escavalier,101/172,Rare,BRS
Klink,102/172,Common,BRS
Klang,103/172,Uncommon,BRS
Klinklang,104/172,Rare,BRS
Zamazenta V,105/172,Rare Holo V,BRS
Flygon V,106/172,Rare Holo V,BRS
Gible,107/172,Common,BRS
Gabite,108/172,Uncommon,BRS
Garchomp,109/172,Rare Holo,BRS
Axew,110/172,Common,BRS
Fraxure,111/172,Uncommon,BRS
Haxorus,112/172,Rare,BRS
Druddigon,113/172,Rare,BRS
Dracovish V,114/172,Rare Holo V,BRS
Farfetch'd,115/172,Common,BRS
Castform,116/172,Common,BRS
Starly,117/172,Common,BRS
Staravia,118/172,Uncommon,BRS
Staraptor,119/172,Rare,BRS
Bidoof,120/172,Common,BRS
Bibarel,121/172,Rare Holo,BRS
Arceus V,122/172,Rare Holo V,BRS
Arceus V-ASTRO,123/172,Rare Holo VSTAR,BRS
Minccino,124/172,Common,BRS
Cinccino,125/172,Uncommon,BRS
Tornadus,126/172,Rare,BRS
Hawlucha,127/172,Common,BRS
Drampa V,128/172,Rare Holo V,BRS
Premonição da Acerola,129/172,Uncommon,BRS
Barry,130/172,Uncommon,BRS
Seguro Contra Erro,131/172,Uncommon,BRS
Ordem da Chefia,132/172,Rare Holo,BRS
Mestre do Café,133/172,Uncommon,BRS
Cuidado do Cheren,134/172,Uncommon,BRS
Cinturão da Escolha,135/172,Uncommon,BRS
Luvas de Purificação,136/172,Uncommon,BRS
Estádio Desmoronado,137/172,Uncommon,BRS
Ambição da Cíntia,138/172,Uncommon,BRS
Conjunto de Água Fresca,139/172,Uncommon,BRS
Amigos em Galar,140/172,Uncommon,BRS
Glória,141/172,Uncommon,BRS
Luvas de Caça,142/172,Uncommon,BRS
Ateador de Fogo,143/172,Uncommon,BRS
Reservatório de Magma,144/172,Uncommon,BRS
Orgulho da Marine,145/172,Uncommon,BRS
Capacete de Panela,146/172,Uncommon,BRS
Pesquisa de Professores,147/172,Rare Holo,BRS
Backup da Roseanne,148/172,Uncommon,BRS
Torcida da Equipe Yell,149/172,Uncommon,BRS
Ultra Bola,150/172,Uncommon,BRS
Energia Turbo Dupla,151/172,Uncommon,BRS
Shaymin V,152/172,Rare Ultra,BRS
Charizard V,153/172,Rare Ultra,BRS
Charizard V,154/172,Rare Ultra,BRS
Lumineon V,155/172,Rare Ultra,BRS
Lumineon V,156/172,Rare Ultra,BRS
Pikachu V,157/172,Rare Ultra,BRS
Raichu V,158/172,Rare Ultra,BRS
Granbull V,159/172,Rare Ultra,BRS
Whimsicott V,160/172,Rare Ultra,BRS
Honchkrow V,161/172,Rare Ultra,BRS
Honchkrow V,162/172,Rare Ultra,BRS
Zamazenta V,163/172,Rare Ultra,BRS
Flygon V,164/172,Rare Ultra,BRS
Arceus V,165/172,Rare Ultra,BRS
Arceus V,166/172,Rare Ultra,BRS
Barry,167/172,Rare Ultra,BRS
Cuidado do Cheren,168/172,Rare Ultra,BRS
Ambição da Cíntia,169/172,Rare Ultra,BRS
Ateador de Fogo,170/172,Rare Ultra,BRS
Orgulho da Marine,171/172,Rare Ultra,BRS
Backup da Roseanne,172/172,Rare Ultra,BRS
Shaymin V-ASTRO,173/172,Rare Rainbow,BRS
Charizard V-ASTRO,174/172,Rare Rainbow,BRS
Whimsicott V-ASTRO,175/172,Rare Rainbow,BRS
Arceus V-ASTRO,176/172,Rare Rainbow,BRS
Cuidado do Cheren,177/172,Rare Rainbow,BRS
Ambição da Cíntia,178/172,Rare Rainbow,BRS
Ateador de Fogo,179/172,Rare Rainbow,BRS
Backup da Roseanne,180/172,Rare Rainbow,BRS
Articuno de Galar V,181/172,Rare Secret,BRS
Zapdos de Galar V,182/172,Rare Secret,BRS
Moltres de Galar V,183/172,Rare Secret,BRS
Arceus V-ASTRO,184/172,Rare Secret,BRS
Reservatório de Magma,185/172,Rare Secret,BRS
Ultra Bola,186/172,Rare Secret,BRS
Blastoise,2/25,Classic Collection,CELCC
Charizard,4/25,Classic Collection,CELCC
Venusaur,15/25,Classic Collection,CELCC
Here Comes Team Rocket!,15/25,Classic Collection,CELCC
Rocket's Zapdos,15/25,Classic Collection,CELCC
Claydol,15/25,Classic Collection,CELCC
Imposter Professor Oak,73/25,Classic Collection,CELCC
Dark Gyarados,8/25,Classic Collection,CELCC
_____'s Pikachu,24/25,Classic Collection,CELCC
Cleffa,20/25,Classic Collection,CELCC
Shining Magikarp,66/25,Classic Collection,CELCC
Team Magma's Groudon,9/25,Classic Collection,CELCC
Rocket's Admin.,86/25,Classic Collection,CELCC
Mew ex,88/25,Classic Collection,CELCC
Gardevoir ex δ,93/25,Classic Collection,CELCC
Umbreon ★,17/25,Classic Collection,CELCC
Luxray GL LV.X,109/25,Classic Collection,CELCC
Garchomp C LV.X,145/25,Classic Collection,CELCC
Donphan,107/25,Classic Collection,CELCC
Reshiram,113/25,Classic Collection,CELCC
Zekrom,114/25,Classic Collection,CELCC
Mewtwo-EX,54/25,Classic Collection,CELCC
Xerneas-EX,97/25,Classic Collection,CELCC
M Rayquaza-EX,76/25,Classic Collection,CELCC
Tapu Lele-GX,60/25,Classic Collection,CELCC
Ho-Oh,1/25,Rare,CEL
Reshiram,2/25,Rare,CEL
Kyogre,3/25,Rare,CEL
Palkia,4/25,Rare,CEL
Pikachu,5/25,Rare Holo,CEL
Pikachu Voador V,6/25,Rare Holo V,CEL
Pikachu Voador VMAX,7/25,Rare Holo VMAX,CEL
Pikachu Surfista V,8/25,Rare Holo V,CEL
Pikachu Surfista VMAX,9/25,Rare Holo VMAX,CEL
Zekrom,10/25,Rare,CEL
Mew,11/25,Rare Holo,CEL
Xerneas,12/25,Rare,CEL
Cosmog,13/25,Rare,CEL
Cosmoem,14/25,Rare,CEL
Lunala,15/25,Rare Holo,CEL
Zacian V,16/25,Rare Holo V,CEL
Groudon,17/25,Rare,CEL
Zamazenta V,18/25,Rare Holo V,CEL
Yveltal,19/25,Rare,CEL
Dialga,20/25,Rare,CEL
Solgaleo,21/25,Rare Holo,CEL
Lugia,22/25,Rare,CEL
Pesquisa de Professores,23/25,Rare Holo,CEL
Pesquisa de Professores,24/25,Rare Ultra,CEL
Mew,25/25,Rare Holo,CEL
Venusaur V,1/73,Rare Holo V,CPA
Weedle,2/73,Common,CPA
Kakuna,3/73,Common,CPA
Beedrill,4/73,Uncommon,CPA
Eldegoss V,5/73,Rare Holo V,CPA
Vulpix,6/73,Common,CPA
Victini,7/73,Uncommon,CPA
Incineroar V,8/73,Rare Holo V,CPA
Sizzlipede,9/73,Common,CPA
Centiskorch,10/73,Rare Holo,CPA
Carvanha,11/73,Common,CPA
Sharpedo,12/73,Uncommon,CPA
Wailord V,13/73,Rare Holo V,CPA
Drednaw V,14/73,Rare Holo V,CPA
Drednaw VMAX,15/73,Rare Holo VMAX,CPA
Gardevoir V,16/73,Rare Holo V,CPA
Gardevoir VMAX,17/73,Rare Holo VMAX,CPA
Hatenna,18/73,Common,CPA
Hattrem,19/73,Uncommon,CPA
Hatterene,20/73,Rare Holo,CPA
Cursola de Galar V,21/73,Rare Holo V,CPA
Alcremie V,22/73,Rare Holo V,CPA
Alcremie VMAX,23/73,Rare Holo VMAX,CPA
Machop,24/73,Common,CPA
Machoke,25/73,Uncommon,CPA
Machamp,26/73,Rare Holo,CPA
Lucario V,27/73,Rare Holo V,CPA
Zygarde,28/73,Rare Holo,CPA
Rockruff,29/73,Common,CPA
Lycanroc,30/73,Rare Holo,CPA
Rolycoly,31/73,Common,CPA
Grapploct V,32/73,Rare Holo V,CPA
Ekans,33/73,Common,CPA
Arbok,34/73,Uncommon,CPA
Zigzagoon de Galar,35/73,Common,CPA
Linoone de Galar,36/73,Common,CPA
Obstagoon de Galar,37/73,Rare Holo,CPA
Absol,38/73,Uncommon,CPA
Purrloin,39/73,Common,CPA
Liepard,40/73,Uncommon,CPA
Scraggy,41/73,Common,CPA
Scrafty,42/73,Rare Holo,CPA
Trubbish,43/73,Common,CPA
Inkay,44/73,Common,CPA
Malamar,45/73,Uncommon,CPA
Nickit,46/73,Common,CPA
Duraludon V,47/73,Rare Holo V,CPA
Swablu,48/73,Common,CPA
Altaria,49/73,Rare Holo,CPA
Beda,50/73,Uncommon,CPA
Água Fresca,51/73,Uncommon,CPA
Grande Bola,52/73,Uncommon,CPA
Lupo,53/73,Uncommon,CPA
Hiperpoção,54/73,Uncommon,CPA
Kabu,55/73,Uncommon,CPA
Marine,56/73,Rare Holo,CPA
Milo,57/73,Uncommon,CPA
Pietro,58/73,Uncommon,CPA
Poké Bola,59/73,Common,CPA
Dama do Centro Pokémon,60/73,Uncommon,CPA
Poção,61/73,Common,CPA
Pesquisa de Professores,62/73,Rare Holo,CPA
Bicicleta Rotom,63/73,Uncommon,CPA
Rotom Fone,64/73,Uncommon,CPA
Sônia,65/73,Uncommon,CPA
Lata de Comida Suspeita,66/73,Uncommon,CPA
Recruta da Equipe Yell,67/73,Uncommon,CPA
Estádio de Turffield,68/73,Uncommon,CPA
Drednaw V,69/73,Rare Ultra,CPA
Gardevoir V,70/73,Rare Ultra,CPA
Cursola de Galar V,71/73,Rare Ultra,CPA
Grapploct V,72/73,Rare Ultra,CPA
Lupo,73/73,Rare Ultra,CPA
Charizard VMAX,74/73,Rare Rainbow,CPA
Drednaw VMAX,75/73,Rare Rainbow,CPA
Gardevoir VMAX,76/73,Rare Rainbow,CPA
Kabu,77/73,Rare Rainbow,CPA
Pietro,78/73,Rare Rainbow,CPA
Charizard V,79/73,Rare Secret,CPA
Lata de Comida Suspeita,80/73,Rare Secret,CPA
Weedle,1/198,Common,CRE
Kakuna,2/198,Uncommon,CRE
Beedrill,3/198,Rare Holo,CRE
Ledyba,4/198,Common,CRE
Ledian,5/198,Uncommon,CRE
Heracross,6/198,Common,CRE
Celebi V,7/198,Rare Holo V,CRE
Celebi VMAX,8/198,Rare Holo VMAX,CRE
Snover,9/198,Common,CRE
Abomasnow,10/198,Rare,CRE
Deerling,11/198,Common,CRE
Sawsbuck,12/198,Rare,CRE
Bounsweet,13/198,Common,CRE
Steenee,14/198,Uncommon,CRE
Tsareena,15/198,Rare,CRE
Grookey,16/198,Common,CRE
Thwackey,17/198,Uncommon,CRE
Rillaboom,18/198,Rare Holo,CRE
Zarude,19/198,Rare Holo,CRE
Blaziken V,20/198,Rare Holo V,CRE
Blaziken VMAX,21/198,Rare Holo VMAX,CRE
Castform Forma Ensolarada,22/198,Common,CRE
Larvesta,23/198,Common,CRE
Volcarona,24/198,Rare,CRE
Volcanion V,25/198,Rare Holo V,CRE
Scorbunny,26/198,Common,CRE
Raboot,27/198,Uncommon,CRE
Cinderace,28/198,Rare Holo,CRE
Lapras,29/198,Common,CRE
Sneasel,30/198,Common,CRE
Weavile,31/198,Rare Holo,CRE
Delibird,32/198,Common,CRE
Castform Forma Chuvosa,33/198,Common,CRE
Castform Forma Nevada,34/198,Common,CRE
Snorunt,35/198,Common,CRE
Froslass,36/198,Rare Holo,CRE
Spheal,37/198,Common,CRE
Sealeo,38/198,Uncommon,CRE
Walrein,39/198,Rare,CRE
Tapu Fini,40/198,Rare Holo,CRE
Sobble,41/198,Common,CRE
Drizzile,42/198,Uncommon,CRE
Inteleon,43/198,Rare Holo,CRE
Urshifu Golpe Fluido,44/198,Rare Holo,CRE
Calyrex Cavaleiro Glacial V,45/198,Rare Holo V,CRE
Calyrex Cavaleiro Glacial VMAX,46/198,Rare Holo VMAX,CRE
Mareep,47/198,Common,CRE
Flaaffy,48/198,Uncommon,CRE
Ampharos,49/198,Rare,CRE
Blitzle,50/198,Common,CRE
Zebstrika,51/198,Rare,CRE
Thundurus,52/198,Rare Holo,CRE
Zeraora V,53/198,Rare Holo V,CRE
Slowpoke de Galar,54/198,Common,CRE
Gastly,55/198,Common,CRE
Haunter,56/198,Uncommon,CRE
Gengar,57/198,Rare Holo,CRE
Articuno de Galar V,58/198,Rare Holo V,CRE
Ralts,59/198,Common,CRE
Kirlia,60/198,Uncommon,CRE
Gardevoir,61/198,Rare Holo,CRE
Shuppet,62/198,Common,CRE
Banette,63/198,Rare,CRE
Cresselia,64/198,Rare Holo,CRE
Golett,65/198,Common,CRE
Golurk,66/198,Rare,CRE
Swirlix,67/198,Common,CRE
Slurpuff,68/198,Rare,CRE
Inkay,69/198,Common,CRE
Malamar,70/198,Rare,CRE
Hatenna,71/198,Common,CRE
Hattrem,72/198,Uncommon,CRE
Hatterene,73/198,Rare Holo,CRE
Calyrex Cavaleiro Espectral V,74/198,Rare Holo V,CRE
Calyrex Cavaleiro Espectral VMAX,75/198,Rare Holo VMAX,CRE
Diglett,76/198,Common,CRE
Dugtrio,77/198,Rare,CRE
Farfetch'd de Galar,78/198,Common,CRE
Sirfetch'd de Galar,79/198,Rare,CRE
Zapdos de Galar V,80/198,Rare Holo V,CRE
Gallade,81/198,Rare,CRE
Yamask de Galar,82/198,Common,CRE
Runerigus de Galar,83/198,Rare Holo,CRE
Crabrawler,84/198,Common,CRE
Crabominable,85/198,Uncommon,CRE
Rockruff,86/198,Common,CRE
Lycanroc,87/198,Rare Holo,CRE
Passimian,88/198,Rare,CRE
Sandaconda V,89/198,Rare Holo V,CRE
Sandaconda VMAX,90/198,Rare Holo VMAX,CRE
Clobbopus,91/198,Common,CRE
Grapploct,92/198,Rare Holo,CRE
Kubfu,93/198,Common,CRE
Koffing,94/198,Common,CRE
Weezing,95/198,Rare,CRE
Weezing de Galar,96/198,Rare,CRE
Moltres de Galar V,97/198,Rare Holo V,CRE
Slowking de Galar,98/198,Rare Holo,CRE
Slowking de Galar V,99/198,Rare Holo V,CRE
Slowking de Galar VMAX,100/198,Rare Holo VMAX,CRE
Qwilfish,101/198,Common,CRE
Seviper,102/198,Rare,CRE
Spiritomb,103/198,Rare,CRE
Liepard V,104/198,Rare Holo V,CRE
Venipede,105/198,Common,CRE
Whirlipede,106/198,Uncommon,CRE
Scolipede,107/198,Rare,CRE
Urshifu Golpe Decisivo,108/198,Rare Holo,CRE
Aron,109/198,Common,CRE
Lairon,110/198,Uncommon,CRE
Aggron,111/198,Rare,CRE
Metagross V,112/198,Rare Holo V,CRE
Metagross VMAX,113/198,Rare Holo VMAX,CRE
Cobalion,114/198,Rare Holo,CRE
Tauros,115/198,Rare Holo,CRE
Porygon,116/198,Common,CRE
Porygon2,117/198,Uncommon,CRE
Porygon-Z,118/198,Rare Holo,CRE
Blissey V,119/198,Rare Holo V,CRE
Zangoose,120/198,Rare,CRE
Castform,121/198,Common,CRE
Kecleon,122/198,Rare,CRE
Shaymin,123/198,Rare Holo,CRE
Tornadus V,124/198,Rare Holo V,CRE
Tornadus VMAX,125/198,Rare Holo VMAX,CRE
Furfrou,126/198,Common,CRE
Skwovet,127/198,Common,CRE
Greedent,128/198,Rare Holo,CRE
Agatha,129/198,Uncommon,CRE
Saturnino,130/198,Uncommon,CRE
Brawly,131/198,Uncommon,CRE
Caitlin,132/198,Uncommon,CRE
Luvas Esmagadoras,133/198,Uncommon,CRE
Médica,134/198,Uncommon,CRE
Colina Dinárvore,135/198,Uncommon,CRE
Berrante Retumbante,136/198,Uncommon,CRE
Uniforme de Expedição,137/198,Uncommon,CRE
Luvas à Prova de Fogo,138/198,Uncommon,CRE
Flannery,139/198,Uncommon,CRE
Cristal Nevoado,140/198,Uncommon,CRE
Peitoral de Galar,141/198,Uncommon,CRE
Mel,142/198,Uncommon,CRE
Luvas da Justiça,143/198,Uncommon,CRE
Convicção da Karen,144/198,Uncommon,CRE
Klara,145/198,Uncommon,CRE
Melony,146/198,Uncommon,CRE
Cemitério Antigo,147/198,Uncommon,CRE
Trilha para o Cume,148/198,Uncommon,CRE
Peônia,149/198,Uncommon,CRE
Peônio,150/198,Uncommon,CRE
Pergaminho dos Céus Golpe Fluido,151/198,Uncommon,CRE
Elmo Robusto,152/198,Uncommon,CRE
Siebold,153/198,Uncommon,CRE
Pergaminho Perfurante Golpe Decisivo,154/198,Uncommon,CRE
Luvas de Jardinagem,155/198,Uncommon,CRE
Lanterna Acolhedora,156/198,Uncommon,CRE
Energia de Impacto,157/198,Uncommon,CRE
Energia de Sorte,158/198,Uncommon,CRE
Energia de Espiral,159/198,Uncommon,CRE
Celebi V,160/198,Rare Ultra,CRE
Blaziken V,161/198,Rare Ultra,CRE
Volcanion V,162/198,Rare Ultra,CRE
Calyrex Cavaleiro Glacial V,163/198,Rare Ultra,CRE
Calyrex Cavaleiro Glacial V,164/198,Rare Ultra,CRE
Zeraora V,165/198,Rare Ultra,CRE
Zeraora V,166/198,Rare Ultra,CRE
Rapidash de Galar V,167/198,Rare Ultra,CRE
Rapidash de Galar V,168/198,Rare Ultra,CRE
Articuno de Galar V,169/198,Rare Ultra,CRE
Articuno de Galar V,170/198,Rare Ultra,CRE
Calyrex Cavaleiro Espectral V,171/198,Rare Ultra,CRE
Calyrex Cavaleiro Espectral V,172/198,Rare Ultra,CRE
Zapdos de Galar V,173/198,Rare Ultra,CRE
Zapdos de Galar V,174/198,Rare Ultra,CRE
Sandaconda V,175/198,Rare Ultra,CRE
Moltres de Galar V,176/198,Rare Ultra,CRE
Moltres de Galar V,177/198,Rare Ultra,CRE
Slowking de Galar V,178/198,Rare Ultra,CRE
Slowking de Galar V,179/198,Rare Ultra,CRE
Liepard V,180/198,Rare Ultra,CRE
Metagross V,181/198,Rare Ultra,CRE
Blissey V,182/198,Rare Ultra,CRE
Blissey V,183/198,Rare Ultra,CRE
Tornadus V,184/198,Rare Ultra,CRE
Tornadus V,185/198,Rare Ultra,CRE
Agatha,186/198,Rare Ultra,CRE
Saturnino,187/198,Rare Ultra,CRE
Brawly,188/198,Rare Ultra,CRE
Caitlin,189/198,Rare Ultra,CRE
Médica,190/198,Rare Ultra,CRE
Flannery,191/198,Rare Ultra,CRE
Mel,192/198,Rare Ultra,CRE
Convicção da Karen,193/198,Rare Ultra,CRE
Klara,194/198,Rare Ultra,CRE
Melony,195/198,Rare Ultra,CRE
Peônia,196/198,Rare Ultra,CRE
Peônio,197/198,Rare Ultra,CRE
Siebold,198/198,Rare Ultra,CRE
Celebi VMAX,199/198,Rare Rainbow,CRE
Blaziken VMAX,200/198,Rare Rainbow,CRE
Blaziken VMAX,201/198,Rare Rainbow,CRE
Calyrex Cavaleiro Glacial VMAX,202/198,Rare Rainbow,CRE
Calyrex Cavaleiro Glacial VMAX,203/198,Rare Rainbow,CRE
Calyrex Cavaleiro Espectral VMAX,204/198,Rare Rainbow,CRE
Calyrex Cavaleiro Espectral VMAX,205/198,Rare Rainbow,CRE
Sandaconda VMAX,206/198,Rare Rainbow,CRE
Slowking de Galar VMAX,207/198,Rare Rainbow,CRE
Metagross VMAX,208/198,Rare Rainbow,CRE
Tornadus VMAX,209/198,Rare Rainbow,CRE
Agatha,210/198,Rare Rainbow,CRE
Saturnino,211/198,Rare Rainbow,CRE
Brawly,212/198,Rare Rainbow,CRE
Caitlin,213/198,Rare Rainbow,CRE
Médica,214/198,Rare Rainbow,CRE
Flannery,215/198,Rare Rainbow,CRE
Convicção da Karen,216/198,Rare Rainbow,CRE
Klara,217/198,Rare Rainbow,CRE
Melony,218/198,Rare Rainbow,CRE
Peônia,219/198,Rare Rainbow,CRE
Peônio,220/198,Rare Rainbow,CRE
Siebold,221/198,Rare Rainbow,CRE
Electrode,222/198,Rare Secret,CRE
Bronzong,223/198,Rare Secret,CRE
Snorlax,224/198,Rare Secret,CRE
Berrante Retumbante,225/198,Rare Secret,CRE
Leque de Ondas,226/198,Rare Secret,CRE
Cristal Nevoado,227/198,Rare Secret,CRE
Elmo Robusto,228/198,Rare Secret,CRE
Urna de Vitalidade,229/198,Rare Secret,CRE
Lanterna Acolhedora,230/198,Rare Secret,CRE
Energia de Água,231/198,Rare Secret,CRE
Energia Psíquica,232/198,Rare Secret,CRE
Energia de Luta,233/198,Rare Secret,CRE
Voltorb de Hisui,GG01/70,Trainer Gallery Rare Holo,CRZ
Kricketune,GG02/70,Trainer Gallery Rare Holo,CRZ
Magmortar,GG03/70,Trainer Gallery Rare Holo,CRZ
Oricorio,GG04/70,Trainer Gallery Rare Holo,CRZ
Lapras,GG05/70,Trainer Gallery Rare Holo,CRZ
Manaphy,GG06/70,Trainer Gallery Rare Holo,CRZ
Keldeo,GG07/70,Trainer Gallery Rare Holo,CRZ
Electivire,GG08/70,Trainer Gallery Rare Holo,CRZ
Toxtricity,GG09/70,Trainer Gallery Rare Holo,CRZ
Mew,GG10/70,Trainer Gallery Rare Holo,CRZ
Lunatone,GG11/70,Trainer Gallery Rare Holo,CRZ
Deoxys,GG12/70,Trainer Gallery Rare Holo,CRZ
Diancie,GG13/70,Trainer Gallery Rare Holo,CRZ
Comfey,GG14/70,Trainer Gallery Rare Holo,CRZ
Solrock,GG15/70,Trainer Gallery Rare Holo,CRZ
Absol,GG16/70,Trainer Gallery Rare Holo,CRZ
Thievul,GG17/70,Trainer Gallery Rare Holo,CRZ
Magnezone,GG18/70,Trainer Gallery Rare Holo,CRZ
Altaria,GG19/70,Trainer Gallery Rare Holo,CRZ
Latias,GG20/70,Trainer Gallery Rare Holo,CRZ
Goodra de Hisui,GG21/70,Trainer Gallery Rare Holo,CRZ
Ditto,GG22/70,Trainer Gallery Rare Holo,CRZ
Dunsparce,GG23/70,Trainer Gallery Rare Holo,CRZ
Miltank,GG24/70,Trainer Gallery Rare Holo,CRZ
Bibarel,GG25/70,Trainer Gallery Rare Holo,CRZ
Riolu,GG26/70,Trainer Gallery Rare Holo,CRZ
Swablu,GG27/70,Trainer Gallery Rare Holo,CRZ
Duskull,GG28/70,Trainer Gallery Rare Holo,CRZ
Bidoof,GG29/70,Trainer Gallery Rare Holo,CRZ
Pikachu,GG30/70,Trainer Gallery Rare Holo,CRZ
Turtwig,GG31/70,Trainer Gallery Rare Holo,CRZ
Paras,GG32/70,Trainer Gallery Rare Holo,CRZ
Poochyena,GG33/70,Trainer Gallery Rare Holo,CRZ
Mareep,GG34/70,Trainer Gallery Rare Holo,CRZ
Leafeon V-ASTRO,GG35/70,Rare Holo VSTAR,CRZ
Entei V,GG36/70,Rare Holo V,CRZ
Simisear V-ASTRO,GG37/70,Rare Holo VSTAR,CRZ
Suicune V,GG38/70,Rare Holo V,CRZ
Lumineon V,GG39/70,Rare Holo V,CRZ
Glaceon V-ASTRO,GG40/70,Rare Holo VSTAR,CRZ
Raikou V,GG41/70,Rare Holo V,CRZ
Zeraora VMAX,GG42/70,Rare Holo VMAX,CRZ
Zeraora V-ASTRO,GG43/70,Rare Holo VSTAR,CRZ
Mewtwo V-ASTRO,GG44/70,Rare Holo VSTAR,CRZ
Deoxys VMAX,GG45/70,Rare Holo VMAX,CRZ
Deoxys V-ASTRO,GG46/70,Rare Holo VSTAR,CRZ
Hatterene VMAX,GG47/70,Rare Holo VMAX,CRZ
Zacian V,GG48/70,Rare Holo V,CRZ
Drapion V,GG49/70,Rare Holo V,CRZ
Darkrai V-ASTRO,GG50/70,Rare Holo VSTAR,CRZ
Samurott de Hisui V,GG51/70,Rare Holo V,CRZ
Samurott de Hisui V-ASTRO,GG52/70,Rare Holo VSTAR,CRZ
Hoopa V,GG53/70,Rare Holo V,CRZ
Zamazenta V,GG54/70,Rare Holo V,CRZ
Regigigas V-ASTRO,GG55/70,Rare Holo VSTAR,CRZ
Zoroark de Hisui V-ASTRO,GG56/70,Rare Holo VSTAR,CRZ
Ádamo,GG57/70,Rare Ultra,CRZ
Cuidado do Cheren,GG58/70,Rare Ultra,CRZ
Experimento do Colress,GG59/70,Rare Ultra,CRZ
Ambição da Cíntia,GG60/70,Rare Ultra,CRZ
Vigor da Gardênia,GG61/70,Rare Ultra,CRZ
Grant,GG62/70,Rare Ultra,CRZ
Irida,GG63/70,Rare Ultra,CRZ
Melony,GG64/70,Rare Ultra,CRZ
Roy,GG65/70,Rare Ultra,CRZ
Roxanne,GG66/70,Rare Ultra,CRZ
Palkia Forma Origem V-ASTRO,GG67/70,Rare Secret,CRZ
Dialga Forma Origem V-ASTRO,GG68/70,Rare Secret,CRZ
Giratina V-ASTRO,GG69/70,Rare Secret,CRZ
Arceus V-ASTRO,GG70/70,Rare Secret,CRZ
Oddish,1/159,Common,CRZ
Gloom,2/159,Uncommon,CRZ
Bellossom,3/159,Rare,CRZ
Tangela,4/159,Common,CRZ
Tangrowth,5/159,Rare,CRZ
Scyther,6/159,Common,CRZ
Sunkern,7/159,Common,CRZ
Yanma,8/159,Common,CRZ
Yanmega,9/159,Rare,CRZ
Kricketot,10/159,Common,CRZ
Cherubi,11/159,Common,CRZ
Carnivine,12/159,Uncommon,CRZ
Leafeon V,13/159,Rare Holo V,CRZ
Leafeon V-ASTRO,14/159,Rare Holo VSTAR,CRZ
Grubbin,15/159,Common,CRZ
Zarude,16/159,Rare Holo,CRZ
Calyrex,17/159,Rare Holo,CRZ
Charizard V,18/159,Rare Holo V,CRZ
Charizard V-ASTRO,19/159,Rare Holo VSTAR,CRZ
Charizard Radiante,20/159,Radiant Rare,CRZ
Entei,21/159,Rare Holo,CRZ
Simisear V,22/159,Rare Holo V,CRZ
Simisear V-ASTRO,23/159,Rare Holo VSTAR,CRZ
Larvesta,24/159,Common,CRZ
Volcarona,25/159,Rare,CRZ
Volcanion,26/159,Rare Holo,CRZ
Salandit,27/159,Common,CRZ
Salazzle,28/159,Uncommon,CRZ
Seel,29/159,Common,CRZ
Mr. Mime de Galar,30/159,Common,CRZ
Wailmer,31/159,Common,CRZ
Wailord,32/159,Rare,CRZ
Corphish,33/159,Common,CRZ
Snorunt,34/159,Common,CRZ
Luvdisc,35/159,Common,CRZ
Kyogre,36/159,Rare Holo,CRZ
Kyogre V,37/159,Rare Holo V,CRZ
Glaceon V,38/159,Rare Holo V,CRZ
Shinx,39/159,Common,CRZ
Shinx,40/159,Common,CRZ
Luxio,41/159,Uncommon,CRZ
Luxio,42/159,Uncommon,CRZ
Luxray,43/159,Rare,CRZ
Luxray,44/159,Rare,CRZ
Rotom V,45/159,Rare Holo V,CRZ
Rotom V-ASTRO,46/159,Rare Holo VSTAR,CRZ
Emolga,47/159,Common,CRZ
Eelektrik,48/159,Uncommon,CRZ
Helioptile,49/159,Common,CRZ
Heliolisk,50/159,Rare,CRZ
Charjabug Radiante,51/159,Radiant Rare,CRZ
Zeraora,52/159,Rare,CRZ
Zeraora V,53/159,Rare Holo V,CRZ
Zeraora VMAX,54/159,Rare Holo VMAX,CRZ
Zeraora V-ASTRO,55/159,Rare Holo VSTAR,CRZ
Pincurchin,56/159,Uncommon,CRZ
Exeggcute,57/159,Common,CRZ
Exeggutor,58/159,Rare,CRZ
Mewtwo,59/159,Rare Holo,CRZ
Mew V,60/159,Rare Holo V,CRZ
Girafarig,61/159,Uncommon,CRZ
Lunatone,62/159,Uncommon,CRZ
Dusclops,63/159,Uncommon,CRZ
Tapu Lele,64/159,Rare Holo,CRZ
Hatterene V,65/159,Rare Holo V,CRZ
Hatterene VMAX,66/159,Rare Holo VMAX,CRZ
Enamorus,67/159,Rare,CRZ
Graveler,68/159,Uncommon,CRZ
Solrock,69/159,Uncommon,CRZ
Baltoy,70/159,Common,CRZ
Riolu,71/159,Common,CRZ
Pancham,72/159,Common,CRZ
Rockruff,73/159,Common,CRZ
Lycanroc,74/159,Rare,CRZ
Koffing,75/159,Common,CRZ
Absol,76/159,Rare Holo,CRZ
Purrloin,77/159,Common,CRZ
Liepard,78/159,Rare,CRZ
Krokorok,79/159,Uncommon,CRZ
Pangoro,80/159,Rare,CRZ
Skrelp,81/159,Common,CRZ
Dragalge,82/159,Rare,CRZ
Hoopa,83/159,Rare Holo,CRZ
Meowth de Galar,84/159,Common,CRZ
Perrserker de Galar,85/159,Rare,CRZ
Scizor,86/159,Rare,CRZ
Aron,87/159,Common,CRZ
Lairon,88/159,Uncommon,CRZ
Aggron,89/159,Rare Holo,CRZ
Metang,90/159,Uncommon,CRZ
Pawniard,91/159,Common,CRZ
Pawniard,92/159,Common,CRZ
Bisharp,93/159,Uncommon,CRZ
Zacian,94/159,Rare Holo,CRZ
Zacian V,95/159,Rare Holo V,CRZ
Zacian V-ASTRO,96/159,Rare Holo VSTAR,CRZ
Zamazenta,97/159,Rare Holo,CRZ
Zamazenta V,98/159,Rare Holo V,CRZ
Zamazenta V-ASTRO,99/159,Rare Holo VSTAR,CRZ
Rayquaza V,100/159,Rare Holo V,CRZ
Rayquaza VMAX,101/159,Rare Holo VMAX,CRZ
Rayquaza VMAX,102/159,Rare Holo VMAX,CRZ
Duraludon V,103/159,Rare Holo V,CRZ
Duraludon VMAX,104/159,Rare Holo VMAX,CRZ
Eternatus Radiante,105/159,Radiant Rare,CRZ
Tauros,106/159,Rare,CRZ
Ditto,107/159,Rare Holo,CRZ
Eevee V,108/159,Rare Holo V,CRZ
Snorlax,109/159,Rare,CRZ
Starly,110/159,Common,CRZ
Bidoof,111/159,Common,CRZ
Chatot,112/159,Common,CRZ
Regigigas V,113/159,Rare Holo V,CRZ
Regigigas V-ASTRO,114/159,Rare Holo VSTAR,CRZ
Shaymin,115/159,Uncommon,CRZ
Stoutland V,116/159,Rare Holo V,CRZ
Yungoos,117/159,Common,CRZ
Gumshoos,118/159,Rare,CRZ
Oranguru,119/159,Rare,CRZ
Greedent V,120/159,Rare Holo V,CRZ
Wooloo,121/159,Common,CRZ
Dubwool,122/159,Rare,CRZ
Bia,123/159,Rare Holo,CRZ
Beda,124/159,Rare Holo,CRZ
Martelo Esmagador,125/159,Uncommon,CRZ
Dupla de Escavação,126/159,Uncommon,CRZ
Recuperação de Energia,127/159,Common,CRZ
Busca de Energia,128/159,Common,CRZ
Substituição de Energia,129/159,Uncommon,CRZ
Amigos em Hisui,130/159,Uncommon,CRZ
Amigos em Sinnoh,131/159,Uncommon,CRZ
Grande Bola,132/159,Uncommon,CRZ
Lupo,133/159,Rare Holo,CRZ
Leon,134/159,Rare Holo,CRZ
Aspirador Perdido,135/159,Uncommon,CRZ
Vanessa,136/159,Rare Holo,CRZ
Poké Bola,137/159,Common,CRZ
Pegador de Pokémon,138/159,Uncommon,CRZ
Poção,139/159,Common,CRZ
Roy,140/159,Rare Holo,CRZ
Doce Raro,141/159,Uncommon,CRZ
Carrinho de Resgate,142/159,Uncommon,CRZ
Pedra Selada Celeste,143/159,Rare Holo,CRZ
Substituição,144/159,Common,CRZ
Tênis de Caminhada,145/159,Uncommon,CRZ
Ultra Bola,146/159,Uncommon,CRZ
Brilho da Elesa,147/159,Rare Ultra,CRZ
Amigos em Hisui,148/159,Rare Ultra,CRZ
Amigos em Sinnoh,149/159,Rare Ultra,CRZ
Pesquisa de Professores,150/159,Rare Ultra,CRZ
Volo,151/159,Rare Ultra,CRZ
Energia de Grama,152/159,Rare Ultra,CRZ
Energia de Fogo,153/159,Rare Ultra,CRZ
Energia de Água,154/159,Rare Ultra,CRZ
Energia de Raios,155/159,Rare Ultra,CRZ
Energia Psíquica,156/159,Rare Ultra,CRZ
Energia de Luta,157/159,Rare Ultra,CRZ
Energia Noturna,158/159,Rare Ultra,CRZ
Energia de Metal,159/159,Rare Ultra,CRZ
Pikachu,160/159,Rare Secret,CRZ
Butterfree V,1/189,Rare Holo V,DAA
Butterfree VMAX,2/189,Rare Holo VMAX,DAA
Paras,3/189,Common,DAA
Parasect,4/189,Uncommon,DAA
Carnivine,5/189,Uncommon,DAA
Pansage,6/189,Common,DAA
Simisage,7/189,Uncommon,DAA
Karrablast,8/189,Common,DAA
Shelmet,9/189,Common,DAA
Accelgor,10/189,Rare,DAA
Rowlet,11/189,Common,DAA
Dartrix,12/189,Uncommon,DAA
Decidueye,13/189,Rare Holo,DAA
Bounsweet,14/189,Common,DAA
Steenee,15/189,Uncommon,DAA
Tsareena,16/189,Rare,DAA
Wimpod,17/189,Common,DAA
Golisopod,18/189,Rare Holo,DAA
Charizard V,19/189,Rare Holo V,DAA
Charizard VMAX,20/189,Rare Holo VMAX,DAA
Houndoom V,21/189,Rare Holo V,DAA
Torchic,22/189,Common,DAA
Combusken,23/189,Uncommon,DAA
Blaziken,24/189,Rare Holo,DAA
Heatran,25/189,Rare Holo,DAA
Pansear,26/189,Common,DAA
Simisear,27/189,Uncommon,DAA
Darmanitan de Galar,28/189,Rare,DAA
Larvesta,29/189,Common,DAA
Volcarona,30/189,Rare,DAA
Fletchinder,31/189,Uncommon,DAA
Talonflame,32/189,Rare,DAA
Centiskorch V,33/189,Rare Holo V,DAA
Centiskorch VMAX,34/189,Rare Holo VMAX,DAA
Mr. Mime de Galar,35/189,Common,DAA
Mr. Rime de Galar,36/189,Rare,DAA
Suicune,37/189,Rare Holo,DAA
Feebas,38/189,Common,DAA
Milotic,39/189,Rare Holo,DAA
Relicanth,40/189,Uncommon,DAA
Panpour,41/189,Common,DAA
Simipour,42/189,Uncommon,DAA
Darumaka de Galar,43/189,Common,DAA
Darmanitan de Galar,44/189,Rare,DAA
Vanillite,45/189,Common,DAA
Vanillish,46/189,Uncommon,DAA
Vanilluxe,47/189,Rare,DAA
Cubchoo,48/189,Common,DAA
Beartic,49/189,Rare,DAA
Wishiwashi,50/189,Common,DAA
Mareanie,51/189,Common,DAA
Toxapex,52/189,Uncommon,DAA
Dracovish,53/189,Rare Holo,DAA
Arctovish,54/189,Rare,DAA
Mareep,55/189,Common,DAA
Flaaffy,56/189,Uncommon,DAA
Ampharos,57/189,Rare,DAA
Electrike,58/189,Common,DAA
Manectric,59/189,Rare,DAA
Vikavolt V,60/189,Rare Holo V,DAA
Tapu Koko,61/189,Rare Holo,DAA
Toxel,62/189,Common,DAA
Toxtricity,63/189,Rare Holo,DAA
Pincurchin,64/189,Rare Holo,DAA
Dracozolt,65/189,Rare,DAA
Arctozolt,66/189,Rare Holo,DAA
Jigglypuff,67/189,Common,DAA
Wigglytuff,68/189,Rare,DAA
Mew V,69/189,Rare Holo V,DAA
Snubbull,70/189,Common,DAA
Granbull,71/189,Rare,DAA
Lunatone,72/189,Uncommon,DAA
Gothita,73/189,Common,DAA
Gothorita,74/189,Uncommon,DAA
Gothitelle,75/189,Rare,DAA
Golett,76/189,Common,DAA
Golurk,77/189,Rare,DAA
Dedenne,78/189,Uncommon,DAA
Morelull,79/189,Common,DAA
Shiinotic,80/189,Uncommon,DAA
Mimikyu,81/189,Rare,DAA
Sinistea,82/189,Common,DAA
Polteageist,83/189,Uncommon,DAA
Diglett,84/189,Common,DAA
Dugtrio,85/189,Uncommon,DAA
Larvitar,86/189,Common,DAA
Pupitar,87/189,Uncommon,DAA
Tyranitar,88/189,Rare Holo,DAA
Trapinch,89/189,Common,DAA
Vibrava,90/189,Uncommon,DAA
Flygon,91/189,Rare,DAA
Solrock,92/189,Uncommon,DAA
Hippopotas,93/189,Common,DAA
Hippowdon,94/189,Rare,DAA
Rhyperior V,95/189,Rare Holo V,DAA
Diggersby,96/189,Rare,DAA
Passimian,97/189,Common,DAA
Sirfetch'd de Galar,98/189,Rare,DAA
Slowbro de Galar V,99/189,Rare Holo V,DAA
Grimer,100/189,Common,DAA
Muk,101/189,Rare,DAA
Spinarak,102/189,Common,DAA
Ariados,103/189,Uncommon,DAA
Crobat V,104/189,Rare Holo V,DAA
Darkrai,105/189,Rare Holo,DAA
Purrloin,106/189,Common,DAA
Liepard,107/189,Rare,DAA
Deino,108/189,Common,DAA
Zweilous,109/189,Uncommon,DAA
Hydreigon,110/189,Rare,DAA
Hoopa,111/189,Rare Holo,DAA
Nickit,112/189,Common,DAA
Thievul,113/189,Rare,DAA
Grimmsnarl V,114/189,Rare Holo V,DAA
Grimmsnarl VMAX,115/189,Rare Holo VMAX,DAA
Eternatus V,116/189,Rare Holo V,DAA
Eternatus VMAX,117/189,Rare Holo VMAX,DAA
Scizor V,118/189,Rare Holo V,DAA
Scizor VMAX,119/189,Rare Holo VMAX,DAA
Skarmory,120/189,Common,DAA
Aron,121/189,Common,DAA
Lairon,122/189,Uncommon,DAA
Aggron,123/189,Rare Holo,DAA
Escavalier,124/189,Rare,DAA
Klink,125/189,Common,DAA
Klang,126/189,Uncommon,DAA
Klinklang,127/189,Rare,DAA
Stunfisk de Galar V,128/189,Rare Holo V,DAA
Meltan,129/189,Common,DAA
Melmetal,130/189,Rare,DAA
Cufant,131/189,Common,DAA
Copperajah,132/189,Rare Holo,DAA
Kangaskhan,133/189,Rare Holo,DAA
Tauros,134/189,Common,DAA
Sentret,135/189,Common,DAA
Furret,136/189,Uncommon,DAA
Dunsparce,137/189,Common,DAA
Teddiursa,138/189,Common,DAA
Ursaring,139/189,Uncommon,DAA
Lugia,140/189,Rare,DAA
Skitty,141/189,Common,DAA
Delcatty,142/189,Rare,DAA
Salamence V,143/189,Rare Holo V,DAA
Salamence VMAX,144/189,Rare Holo VMAX,DAA
Starly,145/189,Common,DAA
Staravia,146/189,Uncommon,DAA
Staraptor,147/189,Rare,DAA
Ducklett,148/189,Common,DAA
Swanna,149/189,Rare,DAA
Bunnelby,150/189,Common,DAA
Fletchling,151/189,Common,DAA
Skwovet,152/189,Common,DAA
Greedent,153/189,Rare,DAA
Rookidee,154/189,Common,DAA
Corvisquire,155/189,Uncommon,DAA
Corviknight,156/189,Rare Holo,DAA
Grande Sombrinha,157/189,Uncommon,DAA
Fumaceira,158/189,Uncommon,DAA
Ornitólogo,159/189,Uncommon,DAA
Capa da Determinação,160/189,Uncommon,DAA
Sino Familiar,161/189,Uncommon,DAA
Bosque Glimwood,162/189,Uncommon,DAA
Kabu,163/189,Uncommon,DAA
Computador Antigo,164/189,Uncommon,DAA
Pietro,165/189,Uncommon,DAA
Cuidado dos Criadores de Pokémon,166/189,Uncommon,DAA
Fóssil Raro,167/189,Uncommon,DAA
Rossi,168/189,Uncommon,DAA
Torre Rossi,169/189,Uncommon,DAA
Spikemuth,170/189,Uncommon,DAA
Luvas do Esforço,171/189,Uncommon,DAA
Fragmento Turbo,172/189,Uncommon,DAA
Corneta da Equipe Yell,173/189,Uncommon,DAA
Energia Fire Incandescente,174/189,Uncommon,DAA
Energia Darkness Oculta,175/189,Uncommon,DAA
Energia Colorless Poderosa,176/189,Uncommon,DAA
Butterfree V,177/189,Rare Ultra,DAA
Houndoom V,178/189,Rare Ultra,DAA
Centiskorch V,179/189,Rare Ultra,DAA
Vikavolt V,180/189,Rare Ultra,DAA
Rhyperior V,181/189,Rare Ultra,DAA
Crobat V,182/189,Rare Ultra,DAA
Scizor V,183/189,Rare Ultra,DAA
Stunfisk de Galar V,184/189,Rare Ultra,DAA
Salamence V,185/189,Rare Ultra,DAA
Kabu,186/189,Rare Ultra,DAA
Pietro,187/189,Rare Ultra,DAA
Cuidado dos Criadores de Pokémon,188/189,Rare Ultra,DAA
Rossi,189/189,Rare Ultra,DAA
Butterfree VMAX,190/189,Rare Rainbow,DAA
Centiskorch VMAX,191/189,Rare Rainbow,DAA
Eternatus VMAX,192/189,Rare Rainbow,DAA
Scizor VMAX,193/189,Rare Rainbow,DAA
Salamence VMAX,194/189,Rare Rainbow,DAA
Cuidado dos Criadores de Pokémon,195/189,Rare Rainbow,DAA
Rossi,196/189,Rare Rainbow,DAA
Rillaboom,197/189,Rare Secret,DAA
Coalossal,198/189,Rare Secret,DAA
Grande Sombrinha,199/189,Rare Secret,DAA
Fragmento Turbo,200/189,Rare Secret,DAA
Energia de Captura,201/189,Rare Secret,DAA
Pinsir,1/203,Rare,EVS
Hoppip,2/203,Common,EVS
Skiploom,3/203,Uncommon,EVS
Jumpluff,4/203,Rare Holo,EVS
Seedot,5/203,Common,EVS
Tropius,6/203,Rare,EVS
Leafeon V,7/203,Rare Holo V,EVS
Leafeon VMAX,8/203,Rare Holo VMAX,EVS
Petilil,9/203,Common,EVS
Lilligant,10/203,Rare,EVS
Dwebble,11/203,Common,EVS
Crustle,12/203,Uncommon,EVS
Trevenant V,13/203,Rare Holo V,EVS
Trevenant VMAX,14/203,Rare Holo VMAX,EVS
Gossifleur,15/203,Common,EVS
Eldegoss,16/203,Rare Holo,EVS
Applin,17/203,Common,EVS
Flareon VMAX,18/203,Rare Holo VMAX,EVS
Entei,19/203,Rare Holo,EVS
Victini,20/203,Rare Holo,EVS
Volcarona V,21/203,Rare Holo V,EVS
Litleo,22/203,Common,EVS
Pyroar,23/203,Uncommon,EVS
Psyduck,24/203,Common,EVS
Golduck,25/203,Uncommon,EVS
Tentacool,26/203,Common,EVS
Tentacruel,27/203,Uncommon,EVS
Gyarados V,28/203,Rare Holo V,EVS
Gyarados VMAX,29/203,Rare Holo VMAX,EVS
Vaporeon VMAX,30/203,Rare Holo VMAX,EVS
Suicune V,31/203,Rare Holo V,EVS
Lotad,32/203,Common,EVS
Lombre,33/203,Uncommon,EVS
Ludicolo,34/203,Rare Holo,EVS
Carvanha,35/203,Common,EVS
Sharpedo,36/203,Rare,EVS
Feebas,37/203,Common,EVS
Milotic,38/203,Rare,EVS
Luvdisc,39/203,Common,EVS
Glaceon V,40/203,Rare Holo V,EVS
Glaceon VMAX,41/203,Rare Holo VMAX,EVS
Tympole,42/203,Common,EVS
Cryogonal,43/203,Common,EVS
Bergmite,44/203,Common,EVS
Avalugg,45/203,Uncommon,EVS
Wishiwashi,46/203,Rare,EVS
Eiscue,47/203,Uncommon,EVS
Arctovish V,48/203,Rare Holo V,EVS
Pikachu,49/203,Common,EVS
Raichu,50/203,Rare Holo,EVS
Jolteon VMAX,51/203,Rare Holo VMAX,EVS
Chinchou,52/203,Common,EVS
Lanturn,53/203,Uncommon,EVS
Mareep,54/203,Common,EVS
Flaaffy,55/203,Uncommon,EVS
Ampharos,56/203,Rare,EVS
Emolga,57/203,Common,EVS
Dracozolt V,58/203,Rare Holo V,EVS
Dracozolt VMAX,59/203,Rare Holo VMAX,EVS
Regieleki,60/203,Rare Holo,EVS
Drowzee,61/203,Common,EVS
Hypno,62/203,Uncommon,EVS
Articuno de Galar,63/203,Rare Holo,EVS
Espeon V,64/203,Rare Holo V,EVS
Espeon VMAX,65/203,Rare Holo VMAX,EVS
Wobbuffet,66/203,Common,EVS
Sableye,67/203,Common,EVS
Woobat,68/203,Common,EVS
Swoobat,69/203,Uncommon,EVS
Golurk V,70/203,Rare Holo V,EVS
Flabébé,71/203,Common,EVS
Floette,72/203,Uncommon,EVS
Florges,73/203,Rare Holo,EVS
Sylveon V,74/203,Rare Holo V,EVS
Sylveon VMAX,75/203,Rare Holo VMAX,EVS
Pumpkaboo,76/203,Common,EVS
Gourgeist,77/203,Rare,EVS
Cutiefly,78/203,Common,EVS
Ribombee,79/203,Uncommon,EVS
Marshadow,80/203,Rare Holo,EVS
Hitmonchan,81/203,Common,EVS
Zapdos de Galar,82/203,Rare Holo,EVS
Medicham V,83/203,Rare Holo V,EVS
Hippopotas,84/203,Common,EVS
Hippowdon,85/203,Uncommon,EVS
Roggenrola,86/203,Common,EVS
Boldore,87/203,Uncommon,EVS
Gigalith,88/203,Rare,EVS
Palpitoad,89/203,Uncommon,EVS
Seismitoad,90/203,Rare,EVS
Lycanroc V,91/203,Rare Holo V,EVS
Lycanroc VMAX,92/203,Rare Holo VMAX,EVS
Moltres de Galar,93/203,Rare Holo,EVS
Umbreon V,94/203,Rare Holo V,EVS
Umbreon VMAX,95/203,Rare Holo VMAX,EVS
Nuzleaf,96/203,Uncommon,EVS
Shiftry,97/203,Rare,EVS
Scraggy,98/203,Common,EVS
Scrafty,99/203,Uncommon,EVS
Garbodor V,100/203,Rare Holo V,EVS
Garbodor VMAX,101/203,Rare Holo VMAX,EVS
Zorua,102/203,Common,EVS
Zoroark,103/203,Rare Holo,EVS
Nickit,104/203,Common,EVS
Thievul,105/203,Rare,EVS
Altaria,106/203,Rare,EVS
Bagon,107/203,Common,EVS
Shelgon,108/203,Uncommon,EVS
Salamence,109/203,Rare Holo,EVS
Rayquaza V,110/203,Rare Holo V,EVS
Rayquaza VMAX,111/203,Rare Holo VMAX,EVS
Dialga,112/203,Rare Holo,EVS
Deino,113/203,Common,EVS
Zweilous,114/203,Uncommon,EVS
Hydreigon,115/203,Rare Holo,EVS
Kyurem,116/203,Rare Holo,EVS
Noivern V,117/203,Rare Holo V,EVS
Zygarde,118/203,Rare Holo,EVS
Drampa,119/203,Rare,EVS
Flapple,120/203,Rare,EVS
Appletun,121/203,Rare,EVS
Duraludon V,122/203,Rare Holo V,EVS
Duraludon VMAX,123/203,Rare Holo VMAX,EVS
Regidrago,124/203,Rare Holo,EVS
Eevee,125/203,Common,EVS
Teddiursa,126/203,Common,EVS
Ursaring,127/203,Uncommon,EVS
Smeargle,128/203,Rare,EVS
Slakoth,129/203,Common,EVS
Vigoroth,130/203,Uncommon,EVS
Slaking,131/203,Rare Holo,EVS
Swablu,132/203,Common,EVS
Lillipup,133/203,Common,EVS
Herdier,134/203,Uncommon,EVS
Stoutland,135/203,Rare,EVS
Rufflet,136/203,Common,EVS
Braviary,137/203,Uncommon,EVS
Fletchling,138/203,Common,EVS
Fletchinder,139/203,Uncommon,EVS
Talonflame,140/203,Rare,EVS
Senhorita Aroma,141/203,Uncommon,EVS
Bebida Estimulante,142/203,Uncommon,EVS
Imitadora,143/203,Uncommon,EVS
Caverna de Cristal,144/203,Uncommon,EVS
Luvas de Escavação,145/203,Uncommon,EVS
Bola Onírica,146/203,Uncommon,EVS
Insígnia Elemental,147/203,Uncommon,EVS
Proteção Facial Completa,148/203,Uncommon,EVS
Godinho,149/203,Uncommon,EVS
Picolé da Sorte,150/203,Uncommon,EVS
Insígnia de Lua e Sol,151/203,Uncommon,EVS
Roy,152/203,Uncommon,EVS
Pergaminho do Dragão Alado Golpe Fluido,153/203,Uncommon,EVS
Carrinho de Resgate,154/203,Uncommon,EVS
Insígnia de Fita,155/203,Uncommon,EVS
Luvas de Borracha,156/203,Uncommon,EVS
Shopping Center,157/203,Uncommon,EVS
Pergaminho do Dragão Feroz Golpe Decisivo,158/203,Uncommon,EVS
Insígnia de Folha Nevada,159/203,Uncommon,EVS
Máscara Espectral,160/203,Uncommon,EVS
Montanhas Tempestuosas,161/203,Uncommon,EVS
Copos de Substituição,162/203,Uncommon,EVS
Pegador de Brinquedo,163/203,Uncommon,EVS
Resolução da Zínia,164/203,Uncommon,EVS
Energia do Tesouro,165/203,Uncommon,EVS
Leafeon V,166/203,Rare Ultra,EVS
Leafeon V,167/203,Rare Ultra,EVS
Trevenant V,168/203,Rare Ultra,EVS
Flareon V,169/203,Rare Ultra,EVS
Volcarona V,170/203,Rare Ultra,EVS
Gyarados V,171/203,Rare Ultra,EVS
Vaporeon V,172/203,Rare Ultra,EVS
Suicune V,173/203,Rare Ultra,EVS
Glaceon V,174/203,Rare Ultra,EVS
Glaceon V,175/203,Rare Ultra,EVS
Arctovish V,176/203,Rare Ultra,EVS
Jolteon V,177/203,Rare Ultra,EVS
Dracozolt V,178/203,Rare Ultra,EVS
Espeon V,179/203,Rare Ultra,EVS
Espeon V,180/203,Rare Ultra,EVS
Golurk V,181/203,Rare Ultra,EVS
Golurk V,182/203,Rare Ultra,EVS
Sylveon V,183/203,Rare Ultra,EVS
Sylveon V,184/203,Rare Ultra,EVS
Medicham V,185/203,Rare Ultra,EVS
Medicham V,186/203,Rare Ultra,EVS
Lycanroc V,187/203,Rare Ultra,EVS
Umbreon V,188/203,Rare Ultra,EVS
Umbreon V,189/203,Rare Ultra,EVS
Garbodor V,190/203,Rare Ultra,EVS
Dragonite V,191/203,Rare Ultra,EVS
Dragonite V,192/203,Rare Ultra,EVS
Rayquaza V,193/203,Rare Ultra,EVS
Rayquaza V,194/203,Rare Ultra,EVS
Noivern V,195/203,Rare Ultra,EVS
Noivern V,196/203,Rare Ultra,EVS
Duraludon V,197/203,Rare Ultra,EVS
Duraludon V,198/203,Rare Ultra,EVS
Senhorita Aroma,199/203,Rare Ultra,EVS
Imitadora,200/203,Rare Ultra,EVS
Godinho,201/203,Rare Ultra,EVS
Roy,202/203,Rare Ultra,EVS
Resolução da Zínia,203/203,Rare Ultra,EVS
Leafeon VMAX,204/203,Rare Rainbow,EVS
Leafeon VMAX,205/203,Rare Rainbow,EVS
Trevenant VMAX,206/203,Rare Rainbow,EVS
Gyarados VMAX,207/203,Rare Rainbow,EVS
Glaceon VMAX,208/203,Rare Rainbow,EVS
Glaceon VMAX,209/203,Rare Rainbow,EVS
Dracozolt VMAX,210/203,Rare Rainbow,EVS
Sylveon VMAX,211/203,Rare Rainbow,EVS
Sylveon VMAX,212/203,Rare Rainbow,EVS
Lycanroc VMAX,213/203,Rare Rainbow,EVS
Umbreon VMAX,214/203,Rare Rainbow,EVS
Umbreon VMAX,215/203,Rare Rainbow,EVS
Garbodor VMAX,216/203,Rare Rainbow,EVS
Rayquaza VMAX,217/203,Rare Rainbow,EVS
Rayquaza VMAX,218/203,Rare Rainbow,EVS
Duraludon VMAX,219/203,Rare Rainbow,EVS
Duraludon VMAX,220/203,Rare Rainbow,EVS
Senhorita Aroma,221/203,Rare Rainbow,EVS
Imitadora,222/203,Rare Rainbow,EVS
Godinho,223/203,Rare Rainbow,EVS
Roy,224/203,Rare Rainbow,EVS
Resolução da Zínia,225/203,Rare Rainbow,EVS
Froslass,226/203,Rare Secret,EVS
Inteleon,227/203,Rare Secret,EVS
Cresselia,228/203,Rare Secret,EVS
Bebida Estimulante,229/203,Rare Secret,EVS
Caverna de Cristal,230/203,Rare Secret,EVS
Proteção Facial Completa,231/203,Rare Secret,EVS
Montanhas Tempestuosas,232/203,Rare Secret,EVS
Pegador de Brinquedo,233/203,Rare Secret,EVS
Estádio de Turffield,234/203,Rare Secret,EVS
Energia de Raios,235/203,Rare Secret,EVS
Energia Noturna,236/203,Rare Secret,EVS
Energia de Metal,237/203,Rare Secret,EVS
Caterpie,1/264,Common,FST
Metapod,2/264,Uncommon,FST
Butterfree,3/264,Rare Holo,FST
Shroomish,4/264,Common,FST
Breloom,5/264,Uncommon,FST
Breloom V,6/264,Rare Holo V,FST
Pansage,7/264,Common,FST
Simisage,8/264,Uncommon,FST
Sewaddle,9/264,Common,FST
Swadloon,10/264,Uncommon,FST
Leavanny,11/264,Rare,FST
Maractus,12/264,Rare,FST
Shelmet,13/264,Common,FST
Accelgor,14/264,Rare,FST
Virizion,15/264,Rare,FST
Phantump,16/264,Common,FST
Trevenant,17/264,Uncommon,FST
Grubbin,18/264,Common,FST
Dewpider,19/264,Common,FST
Araquanid,20/264,Rare,FST
Tsareena V,21/264,Rare Holo V,FST
Rillaboom V,22/264,Rare Holo V,FST
Rillaboom VMAX,23/264,Rare Holo VMAX,FST
Gossifleur,24/264,Common,FST
Eldegoss,25/264,Uncommon,FST
Appletun V,26/264,Rare Holo V,FST
Zarude,27/264,Uncommon,FST
Vulpix,28/264,Common,FST
Vulpix,29/264,Common,FST
Ninetales,30/264,Uncommon,FST
Ninetales,31/264,Uncommon,FST
Growlithe,32/264,Common,FST
Arcanine,33/264,Rare,FST
Slugma,34/264,Common,FST
Magcargo,35/264,Uncommon,FST
Victini,36/264,Uncommon,FST
Pansear,37/264,Common,FST
Simisear,38/264,Uncommon,FST
Chandelure V,39/264,Rare Holo V,FST
Chandelure VMAX,40/264,Rare Holo VMAX,FST
Heatmor,41/264,Uncommon,FST
Oricorio,42/264,Rare,FST
Cinderace V,43/264,Rare Holo V,FST
Cinderace V,44/264,Rare Holo V,FST
Cinderace VMAX,45/264,Rare Holo VMAX,FST
Sizzlipede,46/264,Common,FST
Sizzlipede,47/264,Common,FST
Centiskorch,48/264,Rare,FST
Centiskorch,49/264,Uncommon,FST
Shellder,50/264,Common,FST
Cloyster,51/264,Rare,FST
Staryu,52/264,Common,FST
Starmie,53/264,Rare Holo,FST
Lapras,54/264,Uncommon,FST
Totodile,55/264,Common,FST
Croconaw,56/264,Uncommon,FST
Feraligatr,57/264,Rare Holo,FST
Marill,58/264,Common,FST
Azumarill,59/264,Rare,FST
Qwilfish,60/264,Common,FST
Mantine,61/264,Common,FST
Mudkip,62/264,Common,FST
Marshtomp,63/264,Uncommon,FST
Swampert,64/264,Rare Holo,FST
Clamperl,65/264,Common,FST
Huntail,66/264,Rare,FST
Gorebyss,67/264,Rare,FST
Panpour,68/264,Common,FST
Simipour,69/264,Uncommon,FST
Basculin,70/264,Common,FST
Darumaka de Galar,71/264,Common,FST
Darmanitan de Galar,72/264,Uncommon,FST
Greninja V,73/264,Rare Holo V,FST
Clauncher,74/264,Common,FST
Clawitzer,75/264,Uncommon,FST
Crabominable V,76/264,Rare Holo V,FST
Pyukumuku,77/264,Uncommon,FST
Inteleon V,78/264,Rare Holo V,FST
Inteleon VMAX,79/264,Rare Holo VMAX,FST
Chewtle,80/264,Common,FST
Drednaw,81/264,Uncommon,FST
Arrokuda,82/264,Common,FST
Barraskewda,83/264,Uncommon,FST
Snom,84/264,Common,FST
Frosmoth,85/264,Uncommon,FST
Pikachu V,86/264,Rare Holo V,FST
Voltorb,87/264,Common,FST
Electrode,88/264,Rare,FST
Plusle,89/264,Common,FST
Minun,90/264,Common,FST
Shinx,91/264,Common,FST
Luxio,92/264,Uncommon,FST
Luxray,93/264,Rare,FST
Rotom,94/264,Common,FST
Tynamo,95/264,Common,FST
Eelektrik,96/264,Uncommon,FST
Eelektross,97/264,Rare,FST
Helioptile,98/264,Common,FST
Heliolisk,99/264,Uncommon,FST
Charjabug,100/264,Uncommon,FST
Vikavolt,101/264,Rare,FST
Zeraora,102/264,Rare,FST
Boltund V,103/264,Rare Holo V,FST
Boltund VMAX,104/264,Rare Holo VMAX,FST
Toxel,105/264,Common,FST
Toxel,106/264,Common,FST
Toxtricity,107/264,Rare Holo,FST
Toxtricity,108/264,Rare Holo,FST
Morpeko,109/264,Common,FST
Jigglypuff,110/264,Common,FST
Wigglytuff,111/264,Uncommon,FST
Jynx,112/264,Common,FST
Mew V,113/264,Rare Holo V,FST
Mew VMAX,114/264,Rare Holo VMAX,FST
Snubbull,115/264,Common,FST
Granbull,116/264,Rare,FST
Corsola de Galar,117/264,Common,FST
Cursola de Galar,118/264,Rare,FST
Mawile,119/264,Common,FST
Deoxys,120/264,Rare Holo,FST
Munna,121/264,Common,FST
Musharna,122/264,Uncommon,FST
Sigilyph,123/264,Common,FST
Meloetta,124/264,Rare,FST
Sandygast,125/264,Common,FST
Palossand,126/264,Rare,FST
Indeedee,127/264,Common,FST
Dreepy,128/264,Common,FST
Drakloak,129/264,Uncommon,FST
Dragapult,130/264,Rare Holo,FST
Sandshrew,131/264,Common,FST
Sandslash,132/264,Uncommon,FST
Mankey,133/264,Common,FST
Primeape,134/264,Uncommon,FST
Geodude,135/264,Common,FST
Graveler,136/264,Uncommon,FST
Golem,137/264,Rare,FST
Onix,138/264,Common,FST
Steelix,139/264,Rare Holo,FST
Gligar,140/264,Common,FST
Gliscor,141/264,Uncommon,FST
Makuhita,142/264,Common,FST
Hariyama,143/264,Uncommon,FST
Baltoy,144/264,Common,FST
Claydol,145/264,Rare,FST
Lucario V,146/264,Rare Holo V,FST
Drilbur,147/264,Common,FST
Landorus,148/264,Rare Holo,FST
Pancham,149/264,Common,FST
Stufful,150/264,Common,FST
Bewear,151/264,Uncommon,FST
Clobbopus,152/264,Common,FST
Grapploct,153/264,Uncommon,FST
Falinks,154/264,Uncommon,FST
Falinks,155/264,Common,FST
Gengar V,156/264,Rare Holo V,FST
Gengar VMAX,157/264,Rare Holo VMAX,FST
Tyranitar V,158/264,Rare Holo V,FST
Zigzagoon de Galar,159/264,Common,FST
Linoone de Galar,160/264,Uncommon,FST
Obstagoon de Galar,161/264,Rare Holo,FST
Carvanha,162/264,Common,FST
Sharpedo,163/264,Uncommon,FST
Absol,164/264,Rare,FST
Croagunk,165/264,Common,FST
Toxicroak,166/264,Rare,FST
Darkrai,167/264,Uncommon,FST
Trubbish,168/264,Common,FST
Garbodor,169/264,Uncommon,FST
Zorua,170/264,Common,FST
Zoroark,171/264,Uncommon,FST
Vullaby,172/264,Common,FST
Mandibuzz,173/264,Uncommon,FST
Pangoro,174/264,Uncommon,FST
Yveltal,175/264,Rare,FST
Impidimp,176/264,Common,FST
Morgrem,177/264,Uncommon,FST
Grimmsnarl,178/264,Rare Holo,FST
Morpeko,179/264,Common,FST
Meowth de Galar,180/264,Common,FST
Perrserker de Galar,181/264,Uncommon,FST
Skarmory,182/264,Common,FST
Excadrill,183/264,Uncommon,FST
Durant,184/264,Common,FST
Genesect V,185/264,Rare Holo V,FST
Klefki,186/264,Common,FST
Togedemaru,187/264,Uncommon,FST
Meltan,188/264,Common,FST
Melmetal,189/264,Rare Holo,FST
Corviknight,190/264,Rare,FST
Cufant,191/264,Common,FST
Copperajah,192/264,Uncommon,FST
Latias,193/264,Rare,FST
Latios,194/264,Rare,FST
Goomy,195/264,Common,FST
Sliggoo,196/264,Uncommon,FST
Goodra,197/264,Rare,FST
Turtonator,198/264,Uncommon,FST
Meowth,199/264,Common,FST
Persian,200/264,Uncommon,FST
Dodrio V,201/264,Rare Holo V,FST
Chansey,202/264,Common,FST
Blissey,203/264,Rare,FST
Kangaskhan,204/264,Rare,FST
Eevee,205/264,Common,FST
Snorlax,206/264,Common,FST
Dunsparce,207/264,Uncommon,FST
Stantler,208/264,Uncommon,FST
Smeargle,209/264,Common,FST
Skitty,210/264,Common,FST
Delcatty,211/264,Uncommon,FST
Buneary,212/264,Common,FST
Lopunny,213/264,Uncommon,FST
Bunnelby,214/264,Common,FST
Diggersby,215/264,Uncommon,FST
Hawlucha,216/264,Uncommon,FST
Greedent V,217/264,Rare Holo V,FST
Greedent VMAX,218/264,Rare Holo VMAX,FST
Rookidee,219/264,Common,FST
Corvisquire,220/264,Uncommon,FST
Wooloo,221/264,Common,FST
Wooloo,222/264,Common,FST
Dubwool,223/264,Uncommon,FST
Descoberta da Aventureira,224/264,Uncommon,FST
Passe de Batalha VIP,225/264,Uncommon,FST
Caça-inseto,226/264,Uncommon,FST
"Chili, Cilan e Cress",227/264,Uncommon,FST
Chef,228/264,Uncommon,FST
Cramorizador,229/264,Uncommon,FST
Substituidor Cruzado,230/264,Uncommon,FST
Receptor Cruzado,231/264,Uncommon,FST
Dançarina,232/264,Uncommon,FST
Brilho da Elesa,233/264,Uncommon,FST
Sino de Despedida,234/264,Uncommon,FST
Juiz,235/264,Uncommon,FST
Pastilha Poderosa,236/264,Uncommon,FST
Bola Rápida,237/264,Uncommon,FST
Aluno,238/264,Uncommon,FST
Aluna,239/264,Uncommon,FST
Shauna,240/264,Uncommon,FST
Sidney,241/264,Uncommon,FST
Parque de Skate,242/264,Uncommon,FST
Luvas Esponjosas,243/264,Uncommon,FST
Energia Golpe Fusão,244/264,Uncommon,FST
Celebi V,245/264,Rare Ultra,FST
Tsareena V,246/264,Rare Ultra,FST
Chandelure V,247/264,Rare Ultra,FST
Crabominable V,248/264,Rare Ultra,FST
Boltund V,249/264,Rare Ultra,FST
Mew V,250/264,Rare Ultra,FST
Mew V,251/264,Rare Ultra,FST
Sandaconda V,252/264,Rare Ultra,FST
Hoopa V,253/264,Rare Ultra,FST
Genesect V,254/264,Rare Ultra,FST
Genesect V,255/264,Rare Ultra,FST
Greedent V,256/264,Rare Ultra,FST
Greedent V,257/264,Rare Ultra,FST
"Chili, Cilan e Cress",258/264,Rare Ultra,FST
Dançarina,259/264,Rare Ultra,FST
Brilho da Elesa,260/264,Rare Ultra,FST
Aluno,261/264,Rare Ultra,FST
Aluna,262/264,Rare Ultra,FST
Shauna,263/264,Rare Ultra,FST
Sidney,264/264,Rare Ultra,FST
Chandelure VMAX,265/264,Rare Rainbow,FST
Inteleon VMAX,266/264,Rare Rainbow,FST
Boltund VMAX,267/264,Rare Rainbow,FST
Mew VMAX,268/264,Rare Rainbow,FST
Mew VMAX,269/264,Rare Rainbow,FST
Espeon VMAX,270/264,Rare Rainbow,FST
Gengar VMAX,271/264,Rare Rainbow,FST
Greedent VMAX,272/264,Rare Rainbow,FST
"Chili, Cilan e Cress",273/264,Rare Rainbow,FST
Dançarina,274/264,Rare Rainbow,FST
Brilho da Elesa,275/264,Rare Rainbow,FST
Aluno,276/264,Rare Rainbow,FST
Aluna,277/264,Rare Rainbow,FST
Shauna,278/264,Rare Rainbow,FST
Sidney,279/264,Rare Rainbow,FST
Flaaffy,280/264,Rare Secret,FST
Pastilha Poderosa,281/264,Rare Secret,FST
Quadra de Treino,282/264,Rare Secret,FST
Energia de Grama,283/264,Rare Secret,FST
Energia de Fogo,284/264,Rare Secret,FST
Bulbasaur,1/78,Common,PGO
Ivysaur,2/78,Uncommon,PGO
Venusaur,3/78,Rare Holo,PGO
Venusaur Radiante,4/78,Radiant Rare,PGO
Exeggutor de Alola V,5/78,Rare Holo V,PGO
Spinarak,6/78,Common,PGO
Ariados,7/78,Uncommon,PGO
Charmander,8/78,Common,PGO
Charmeleon,9/78,Uncommon,PGO
Charizard,10/78,Rare Holo,PGO
Charizard Radiante,11/78,Radiant Rare,PGO
Moltres,12/78,Rare Holo,PGO
Numel,13/78,Common,PGO
Camerupt,14/78,Uncommon,PGO
Squirtle,15/78,Common,PGO
Wartortle,16/78,Uncommon,PGO
Blastoise,17/78,Rare Holo,PGO
Blastoise Radiante,18/78,Radiant Rare,PGO
Slowpoke,19/78,Common,PGO
Slowbro,20/78,Uncommon,PGO
Magikarp,21/78,Common,PGO
Gyarados,22/78,Rare Holo,PGO
Lapras,23/78,Rare Holo,PGO
Articuno,24/78,Rare Holo,PGO
Wimpod,25/78,Common,PGO
Golisopod,26/78,Rare Holo,PGO
Pikachu,27/78,Common,PGO
Pikachu,28/78,Rare Holo,PGO
Zapdos,29/78,Rare Holo,PGO
Mewtwo V,30/78,Rare Holo V,PGO
Mewtwo V-ASTRO,31/78,Rare Holo VSTAR,PGO
Natu,32/78,Common,PGO
Xatu,33/78,Uncommon,PGO
Lunatone,34/78,Uncommon,PGO
Sylveon,35/78,Rare Holo,PGO
Onix,36/78,Common,PGO
Larvitar,37/78,Common,PGO
Pupitar,38/78,Uncommon,PGO
Solrock,39/78,Uncommon,PGO
Conkeldurr V,40/78,Rare Holo V,PGO
Rattata de Alola,41/78,Common,PGO
Raticate de Alola,42/78,Common,PGO
Tyranitar,43/78,Rare Holo,PGO
Steelix,44/78,Uncommon,PGO
Meltan,45/78,Common,PGO
Melmetal,46/78,Rare Holo,PGO
Melmetal V,47/78,Rare Holo V,PGO
Melmetal VMAX,48/78,Rare Holo VMAX,PGO
Dragonite V,49/78,Rare Holo V,PGO
Dragonite V-ASTRO,50/78,Rare Holo VSTAR,PGO
Chansey,51/78,Uncommon,PGO
Blissey,52/78,Rare Holo,PGO
Ditto,53/78,Rare Holo,PGO
Eevee,54/78,Common,PGO
Snorlax,55/78,Rare Holo,PGO
Aipom,56/78,Common,PGO
Ambipom,57/78,Common,PGO
Slaking V,58/78,Rare Holo V,PGO
Bidoof,59/78,Common,PGO
Bibarel,60/78,Common,PGO
Pidove,61/78,Common,PGO
Tranquill,62/78,Common,PGO
Unfezant,63/78,Uncommon,PGO
Blanche,64/78,Uncommon,PGO
Candela,65/78,Uncommon,PGO
Incubadora de Ovo,66/78,Uncommon,PGO
Módulo Atrair,67/78,Uncommon,PGO
Poképarada,68/78,Uncommon,PGO
Doce Raro,69/78,Uncommon,PGO
Spark,70/78,Uncommon,PGO
Exeggutor de Alola V,71/78,Rare Ultra,PGO
Mewtwo V,72/78,Rare Ultra,PGO
Conkeldurr V,73/78,Rare Ultra,PGO
Conkeldurr V,74/78,Rare Ultra,PGO
Melmetal V,75/78,Rare Ultra,PGO
Dragonite V,76/78,Rare Ultra,PGO
Slaking V,77/78,Rare Ultra,PGO
Pesquisa de Professores,78/78,Rare Ultra,PGO
Mewtwo V-ASTRO,79/78,Rare Rainbow,PGO
Melmetal VMAX,80/78,Rare Rainbow,PGO
Dragonite V-ASTRO,81/78,Rare Rainbow,PGO
Blanche,82/78,Rare Rainbow,PGO
Candela,83/78,Rare Rainbow,PGO
Pesquisa de Professores,84/78,Rare Rainbow,PGO
Spark,85/78,Rare Rainbow,PGO
Mewtwo V-ASTRO,86/78,Rare Secret,PGO
Incubadora de Ovo,87/78,Rare Secret,PGO
Módulo Atrair,88/78,Rare Secret,PGO
Parasect,TG01/30,Trainer Gallery Rare Holo,LOR
Roserade,TG02/30,Trainer Gallery Rare Holo,LOR
Charizard,TG03/30,Trainer Gallery Rare Holo,LOR
Chandelure,TG04/30,Trainer Gallery Rare Holo,LOR
Pikachu,TG05/30,Trainer Gallery Rare Holo,LOR
Gengar,TG06/30,Trainer Gallery Rare Holo,LOR
Banette,TG07/30,Trainer Gallery Rare Holo,LOR
Arcanine de Hisui,TG08/30,Trainer Gallery Rare Holo,LOR
Spiritomb,TG09/30,Trainer Gallery Rare Holo,LOR
Snorlax,TG10/30,Trainer Gallery Rare Holo,LOR
Castform,TG11/30,Trainer Gallery Rare Holo,LOR
Orbeetle V,TG12/30,Rare Holo V,LOR
Orbeetle VMAX,TG13/30,Rare Holo VMAX,LOR
Centiskorch V,TG14/30,Rare Holo V,LOR
Centiskorch VMAX,TG15/30,Rare Holo VMAX,LOR
Pikachu V,TG16/30,Rare Holo V,LOR
Pikachu VMAX,TG17/30,Rare Holo VMAX,LOR
Enamorus V,TG18/30,Rare Holo V,LOR
Gallade V,TG19/30,Rare Holo V,LOR
Crobat V,TG20/30,Rare Holo V,LOR
Eternatus V,TG21/30,Rare Holo V,LOR
Eternatus VMAX,TG22/30,Rare Holo VMAX,LOR
Descoberta da Aventureira,TG23/30,Rare Ultra,LOR
Ordem da Chefia,TG24/30,Rare Ultra,LOR
Chef,TG25/30,Rare Ultra,LOR
Kabu,TG26/30,Rare Ultra,LOR
Vanessa,TG27/30,Rare Ultra,LOR
Alba,TG28/30,Rare Ultra,LOR
Pikachu VMAX,TG29/30,Rare Secret,LOR
Mew VMAX,TG30/30,Rare Secret,LOR
Oddish,1/196,Common,LOR
Gloom,2/196,Uncommon,LOR
Vileplume,3/196,Rare Holo,LOR
Paras,4/196,Common,LOR
Parasect,5/196,Rare,LOR
Wurmple,6/196,Common,LOR
Silcoon,7/196,Uncommon,LOR
Beautifly,8/196,Rare Holo,LOR
Cascoon,9/196,Uncommon,LOR
Dustox,10/196,Rare,LOR
Seedot,11/196,Common,LOR
Nuzleaf,12/196,Uncommon,LOR
Shiftry,13/196,Rare Holo,LOR
Roselia,14/196,Common,LOR
Roserade,15/196,Uncommon,LOR
Phantump,16/196,Common,LOR
Trevenant,17/196,Rare Holo,LOR
Blipbug,18/196,Common,LOR
Dottler,19/196,Uncommon,LOR
Orbeetle,20/196,Rare Holo,LOR
Slugma,21/196,Common,LOR
Magcargo,22/196,Rare,LOR
Torkoal,23/196,Uncommon,LOR
Litwick,24/196,Common,LOR
Lampent,25/196,Uncommon,LOR
Chandelure,26/196,Rare Holo,LOR
Delphox V,27/196,Rare Holo V,LOR
Litleo,28/196,Common,LOR
Pyroar,29/196,Rare Holo,LOR
Poliwag,30/196,Common,LOR
Poliwhirl,31/196,Uncommon,LOR
Politoed,32/196,Rare,LOR
Seel,33/196,Common,LOR
Dewgong,34/196,Rare,LOR
Horsea,35/196,Common,LOR
Seadra,36/196,Uncommon,LOR
Kingdra,37/196,Rare Holo,LOR
Luvdisc,38/196,Common,LOR
Shellos,39/196,Common,LOR
Finneon,40/196,Common,LOR
Lumineon,41/196,Uncommon,LOR
Snover,42/196,Common,LOR
Abomasnow,43/196,Uncommon,LOR
Basculin de Hisui,44/196,Common,LOR
Basculegion de Hisui,45/196,Rare Holo,LOR
Ducklett,46/196,Common,LOR
Swanna,47/196,Uncommon,LOR
Kyurem V,48/196,Rare Holo V,LOR
Kyurem VMAX,49/196,Rare Holo VMAX,LOR
Cramorant,50/196,Rare,LOR
Glastrier,51/196,Rare Holo,LOR
Pikachu,52/196,Common,LOR
Raichu,53/196,Rare,LOR
Electrike,54/196,Common,LOR
Manectric,55/196,Rare,LOR
Magnezone V,56/196,Rare Holo V,LOR
Magnezone V-ASTRO,57/196,Rare Holo VSTAR,LOR
Rotom V,58/196,Rare Holo V,LOR
Tynamo,59/196,Common,LOR
Eelektrik,60/196,Uncommon,LOR
Eelektross,61/196,Rare,LOR
Clefairy,62/196,Common,LOR
Clefable,63/196,Rare,LOR
Gastly,64/196,Common,LOR
Haunter,65/196,Uncommon,LOR
Gengar,66/196,Rare Holo,LOR
Mr. Mime,67/196,Rare,LOR
Jynx,68/196,Common,LOR
Gardevoir Radiante,69/196,Radiant Rare,LOR
Sableye,70/196,Rare Holo,LOR
Mawile,71/196,Common,LOR
Shuppet,72/196,Common,LOR
Banette,73/196,Rare,LOR
Cresselia,74/196,Rare Holo,LOR
Zorua de Hisui,75/196,Common,LOR
Zoroark de Hisui,76/196,Rare Holo,LOR
Inkay,77/196,Common,LOR
Malamar,78/196,Rare,LOR
Comfey,79/196,Rare,LOR
Mimikyu,80/196,Rare,LOR
Spectrier,81/196,Rare Holo,LOR
Enamorus V,82/196,Rare Holo V,LOR
Growlithe de Hisui,83/196,Common,LOR
Arcanine de Hisui,84/196,Rare Holo,LOR
Poliwrath,85/196,Rare,LOR
Machop,86/196,Common,LOR
Machoke,87/196,Uncommon,LOR
Machamp,88/196,Rare Holo,LOR
Rhyhorn,89/196,Common,LOR
Rhydon,90/196,Uncommon,LOR
Rhyperior,91/196,Rare,LOR
Aerodactyl V,92/196,Rare Holo V,LOR
Aerodactyl V-ASTRO,93/196,Rare Holo VSTAR,LOR
Sudowoodo,94/196,Common,LOR
Gligar,95/196,Common,LOR
Gliscor,96/196,Rare,LOR
Makuhita,97/196,Common,LOR
Hariyama,98/196,Uncommon,LOR
Meditite,99/196,Common,LOR
Medicham,100/196,Uncommon,LOR
Relicanth,101/196,Uncommon,LOR
Gastrodon,102/196,Uncommon,LOR
Mienfoo,103/196,Common,LOR
Mienshao,104/196,Uncommon,LOR
Landorus,105/196,Rare,LOR
Binacle,106/196,Common,LOR
Barbaracle,107/196,Rare Holo,LOR
Carbink,108/196,Uncommon,LOR
Rockruff,109/196,Common,LOR
Falinks,110/196,Common,LOR
Stonjourner,111/196,Rare,LOR
Spinarak,112/196,Common,LOR
Ariados,113/196,Rare,LOR
Murkrow,114/196,Common,LOR
Honchkrow,115/196,Rare,LOR
Seviper,116/196,Uncommon,LOR
Spiritomb,117/196,Rare,LOR
Drapion V,118/196,Rare Holo V,LOR
Drapion V-ASTRO,119/196,Rare Holo VSTAR,LOR
Darkrai,120/196,Rare Holo,LOR
Inkay,121/196,Common,LOR
Hoopa,122/196,Rare,LOR
Sneasler de Hisui Radiante,123/196,Radiant Rare,LOR
Steelix Radiante,124/196,Radiant Rare,LOR
Bronzor,125/196,Common,LOR
Bronzong,126/196,Uncommon,LOR
Stunfisk de Galar,127/196,Uncommon,LOR
Magearna,128/196,Rare,LOR
Perrserker de Galar V,129/196,Rare Holo V,LOR
Giratina V,130/196,Rare Holo V,LOR
Giratina V-ASTRO,131/196,Rare Holo VSTAR,LOR
Goomy,132/196,Common,LOR
Sliggoo de Hisui,133/196,Uncommon,LOR
Goodra de Hisui,134/196,Rare Holo,LOR
Goodra de Hisui V,135/196,Rare Holo V,LOR
Goodra de Hisui V-ASTRO,136/196,Rare Holo VSTAR,LOR
Pidgeot V,137/196,Rare Holo V,LOR
Lickitung,138/196,Common,LOR
Lickilicky,139/196,Uncommon,LOR
Porygon,140/196,Common,LOR
Porygon2,141/196,Uncommon,LOR
Porygon-Z,142/196,Rare,LOR
Snorlax,143/196,Rare Holo,LOR
Aipom,144/196,Common,LOR
Ambipom,145/196,Uncommon,LOR
Zoroark de Hisui V,146/196,Rare Holo V,LOR
Zoroark de Hisui V-ASTRO,147/196,Rare Holo VSTAR,LOR
Bouffalant,148/196,Rare,LOR
Komala,149/196,Uncommon,LOR
Skwovet,150/196,Common,LOR
Greedent,151/196,Rare,LOR
Arc Fone,152/196,Uncommon,LOR
Areza,153/196,Uncommon,LOR
Caixa do Desastre,154/196,Uncommon,LOR
Experimento do Colress,155/196,Uncommon,LOR
Bomba de Dano,156/196,Uncommon,LOR
Fantina,157/196,Uncommon,LOR
Miscano,158/196,Uncommon,LOR
Dama,159/196,Uncommon,LOR
Lago da Verdade,160/196,Uncommon,LOR
Cidade Perdida,161/196,Uncommon,LOR
Aspirador Perdido,162/196,Uncommon,LOR
Portão da Miragem,163/196,Uncommon,LOR
Irmãs Infortúnio,164/196,Uncommon,LOR
Máscara Apavorante,165/196,Uncommon,LOR
Riley,166/196,Uncommon,LOR
Spino,167/196,Uncommon,LOR
Kit de Ferramentas,168/196,Uncommon,LOR
Volo,169/196,Rare Holo,LOR
Braço de Corda,170/196,Uncommon,LOR
Energia de Presente,171/196,Uncommon,LOR
Electrode de Hisui V,172/196,Rare Ultra,LOR
Delphox V,173/196,Rare Ultra,LOR
Kyurem V,174/196,Rare Ultra,LOR
Magnezone V,175/196,Rare Ultra,LOR
Rotom V,176/196,Rare Ultra,LOR
Rotom V,177/196,Rare Ultra,LOR
Enamorus V,178/196,Rare Ultra,LOR
Aerodactyl V,179/196,Rare Ultra,LOR
Aerodactyl V,180/196,Rare Ultra,LOR
Gallade V,181/196,Rare Ultra,LOR
Drapion V,182/196,Rare Ultra,LOR
Perrserker de Galar V,183/196,Rare Ultra,LOR
Perrserker de Galar V,184/196,Rare Ultra,LOR
Giratina V,185/196,Rare Ultra,LOR
Giratina V,186/196,Rare Ultra,LOR
Goodra de Hisui V,187/196,Rare Ultra,LOR
Pidgeot V,188/196,Rare Ultra,LOR
Areza,189/196,Rare Ultra,LOR
Experimento do Colress,190/196,Rare Ultra,LOR
Fantina,191/196,Rare Ultra,LOR
Miscano,192/196,Rare Ultra,LOR
Dama,193/196,Rare Ultra,LOR
Irmãs Infortúnio,194/196,Rare Ultra,LOR
Spino,195/196,Rare Ultra,LOR
Volo,196/196,Rare Ultra,LOR
Kyurem VMAX,197/196,Rare Rainbow,LOR
Magnezone V-ASTRO,198/196,Rare Rainbow,LOR
Aerodactyl V-ASTRO,199/196,Rare Rainbow,LOR
Drapion V-ASTRO,200/196,Rare Rainbow,LOR
Giratina V-ASTRO,201/196,Rare Rainbow,LOR
Goodra de Hisui V-ASTRO,202/196,Rare Rainbow,LOR
Zoroark de Hisui V-ASTRO,203/196,Rare Rainbow,LOR
Areza,204/196,Rare Rainbow,LOR
Experimento do Colress,205/196,Rare Rainbow,LOR
Fantina,206/196,Rare Rainbow,LOR
Miscano,207/196,Rare Rainbow,LOR
Dama,208/196,Rare Rainbow,LOR
Irmãs Infortúnio,209/196,Rare Rainbow,LOR
Spino,210/196,Rare Rainbow,LOR
Volo,211/196,Rare Rainbow,LOR
Giratina V-ASTRO,212/196,Rare Secret,LOR
Zoroark de Hisui V-ASTRO,213/196,Rare Secret,LOR
Caixa do Desastre,214/196,Rare Secret,LOR
Estádio Desmoronado,215/196,Rare Secret,LOR
Fragmento Sombrio,216/196,Rare Secret,LOR
Aspirador Perdido,217/196,Rare Secret,LOR
Caterpie,1/192,Common,RCL
Metapod,2/192,Uncommon,RCL
Butterfree,3/192,Rare,RCL
Scyther,4/192,Common,RCL
Shuckle,5/192,Uncommon,RCL
Heracross,6/192,Uncommon,RCL
Lotad,7/192,Common,RCL
Lombre,8/192,Uncommon,RCL
Ludicolo,9/192,Rare,RCL
Surskit,10/192,Common,RCL
Masquerain,11/192,Uncommon,RCL
Snover,12/192,Common,RCL
Abomasnow,13/192,Rare,RCL
Phantump,14/192,Common,RCL
Trevenant,15/192,Rare,RCL
Grubbin,16/192,Common,RCL
Rillaboom V,17/192,Rare Holo V,RCL
Rillaboom VMAX,18/192,Rare Holo VMAX,RCL
Eldegoss V,19/192,Rare Holo V,RCL
Applin,20/192,Common,RCL
Applin,21/192,Common,RCL
Flapple,22/192,Rare Holo,RCL
Appletun,23/192,Rare Holo,RCL
Vulpix,24/192,Common,RCL
Ninetales,25/192,Rare,RCL
Ninetales V,26/192,Rare Holo V,RCL
Growlithe,27/192,Common,RCL
Arcanine,28/192,Rare,RCL
Magmar,29/192,Common,RCL
Magmortar,30/192,Rare,RCL
Litwick,31/192,Common,RCL
Lampent,32/192,Uncommon,RCL
Chandelure,33/192,Rare Holo,RCL
Heatmor,34/192,Uncommon,RCL
Cinderace V,35/192,Rare Holo V,RCL
Cinderace VMAX,36/192,Rare Holo VMAX,RCL
Mr. Mime de Galar,37/192,Common,RCL
Mr. Rime de Galar,38/192,Rare,RCL
Magikarp,39/192,Common,RCL
Gyarados,40/192,Rare Holo,RCL
Wingull,41/192,Common,RCL
Pelipper,42/192,Uncommon,RCL
Milotic V,43/192,Rare Holo V,RCL
Tympole,44/192,Common,RCL
Palpitoad,45/192,Uncommon,RCL
Seismitoad,46/192,Rare,RCL
Darumaka de Galar,47/192,Common,RCL
Darmanitan de Galar,48/192,Rare,RCL
Inteleon V,49/192,Rare Holo V,RCL
Inteleon VMAX,50/192,Rare Holo VMAX,RCL
Cramorant,51/192,Rare,RCL
Arrokuda,52/192,Common,RCL
Barraskewda,53/192,Rare,RCL
Eiscue,54/192,Rare Holo,RCL
Eiscue V,55/192,Rare Holo V,RCL
Voltorb,56/192,Common,RCL
Electrode,57/192,Uncommon,RCL
Electabuzz,58/192,Common,RCL
Electivire,59/192,Rare,RCL
Shinx,60/192,Common,RCL
Luxio,61/192,Uncommon,RCL
Luxray,62/192,Rare Holo,RCL
Helioptile,63/192,Common,RCL
Heliolisk,64/192,Uncommon,RCL
Charjabug,65/192,Uncommon,RCL
Vikavolt,66/192,Rare Holo,RCL
Boltund V,67/192,Rare Holo V,RCL
Toxel,68/192,Common,RCL
Toxtricity,69/192,Rare,RCL
Toxtricity V,70/192,Rare Holo V,RCL
Toxtricity VMAX,71/192,Rare Holo VMAX,RCL
Pincurchin V,72/192,Rare Holo V,RCL
Morpeko,73/192,Uncommon,RCL
Clefairy,74/192,Common,RCL
Clefable,75/192,Rare Holo,RCL
Natu,76/192,Common,RCL
Xatu,77/192,Uncommon,RCL
Corsola de Galar,78/192,Common,RCL
Cursola de Galar,79/192,Rare Holo,RCL
Sigilyph,80/192,Rare,RCL
Sandygast,81/192,Common,RCL
Palossand,82/192,Uncommon,RCL
Hatenna,83/192,Common,RCL
Hattrem,84/192,Uncommon,RCL
Hatterene,85/192,Rare Holo,RCL
Milcery,86/192,Common,RCL
Alcremie,87/192,Rare,RCL
Indeedee,88/192,Uncommon,RCL
Dreepy,89/192,Common,RCL
Drakloak,90/192,Uncommon,RCL
Dragapult,91/192,Rare Holo,RCL
Dragapult V,92/192,Rare Holo V,RCL
Dragapult VMAX,93/192,Rare Holo VMAX,RCL
Farfetch'd de Galar,94/192,Common,RCL
Sirfetch'd de Galar,95/192,Rare Holo,RCL
Nosepass,96/192,Common,RCL
Meditite,97/192,Common,RCL
Medicham,98/192,Uncommon,RCL
Barboach,99/192,Common,RCL
Whiscash,100/192,Rare,RCL
Yamask de Galar,101/192,Common,RCL
Runerigus de Galar,102/192,Rare,RCL
Binacle,103/192,Common,RCL
Barbaracle,104/192,Rare,RCL
Rolycoly,105/192,Common,RCL
Carkol,106/192,Uncommon,RCL
Coalossal,107/192,Rare Holo,RCL
Sandaconda V,108/192,Rare Holo V,RCL
Falinks,109/192,Uncommon,RCL
Falinks V,110/192,Rare Holo V,RCL
Stonjourner,111/192,Rare Holo,RCL
Koffing,112/192,Common,RCL
Weezing de Galar,113/192,Rare Holo,RCL
Stunky,114/192,Common,RCL
Skuntank,115/192,Uncommon,RCL
Spiritomb,116/192,Rare,RCL
Trubbish,117/192,Common,RCL
Garbodor,118/192,Rare,RCL
Vullaby,119/192,Common,RCL
Mandibuzz,120/192,Rare,RCL
Malamar V,121/192,Rare Holo V,RCL
Malamar VMAX,122/192,Rare Holo VMAX,RCL
Impidimp,123/192,Common,RCL
Morgrem,124/192,Uncommon,RCL
Grimmsnarl,125/192,Rare Holo,RCL
Meowth de Galar,126/192,Common,RCL
Perrserker de Galar,127/192,Rare,RCL
Scizor,128/192,Rare,RCL
Bronzor,129/192,Common,RCL
Bronzong,130/192,Uncommon,RCL
Probopass,131/192,Rare,RCL
Durant,132/192,Uncommon,RCL
Honedge,133/192,Common,RCL
Doublade,134/192,Uncommon,RCL
Aegislash,135/192,Rare,RCL
Copperajah V,136/192,Rare Holo V,RCL
Copperajah VMAX,137/192,Rare Holo VMAX,RCL
Duraludon,138/192,Rare Holo,RCL
Zacian,139/192,Rare,RCL
Zamazenta,140/192,Rare,RCL
Snorlax,141/192,Rare,RCL
Chatot,142/192,Uncommon,RCL
Pidove,143/192,Common,RCL
Tranquill,144/192,Uncommon,RCL
Unfezant,145/192,Rare,RCL
Bunnelby,146/192,Common,RCL
Diggersby,147/192,Rare,RCL
Hawlucha,148/192,Uncommon,RCL
Stufful,149/192,Common,RCL
Bewear,150/192,Uncommon,RCL
Skwovet,151/192,Common,RCL
Greedent,152/192,Rare,RCL
Dubwool V,153/192,Rare Holo V,RCL
Ordem da Chefia,154/192,Rare Holo,RCL
Cachecol em Chamas,155/192,Uncommon,RCL
Balde Profundo,156/192,Uncommon,RCL
Pá Amaldiçoada,157/192,Uncommon,RCL
Dan,158/192,Uncommon,RCL
Cura Total,159/192,Uncommon,RCL
Mina de Galar,160/192,Uncommon,RCL
Milo,161/192,Uncommon,RCL
Pepita,162/192,Uncommon,RCL
Oleana,163/192,Uncommon,RCL
Poké Bola,164/192,Uncommon,RCL
Rede de Recolhida,165/192,Uncommon,RCL
Skyla,166/192,Uncommon,RCL
Sônia,167/192,Uncommon,RCL
Sucateador de Ferramentas,168/192,Uncommon,RCL
Quadra de Treino,169/192,Uncommon,RCL
Estádio de Turffield,170/192,Uncommon,RCL
Energia de Captura,171/192,Uncommon,RCL
Energia Psychic Horripilante,172/192,Uncommon,RCL
Energia Lightning Acelerada,173/192,Uncommon,RCL
Energia Gêmea,174/192,Uncommon,RCL
Rillaboom V,175/192,Rare Ultra,RCL
Eldegoss V,176/192,Rare Ultra,RCL
Ninetales V,177/192,Rare Ultra,RCL
Cinderace V,178/192,Rare Ultra,RCL
Milotic V,179/192,Rare Ultra,RCL
Inteleon V,180/192,Rare Ultra,RCL
Boltund V,181/192,Rare Ultra,RCL
Toxtricity V,182/192,Rare Ultra,RCL
Dragapult V,183/192,Rare Ultra,RCL
Sandaconda V,184/192,Rare Ultra,RCL
Falinks V,185/192,Rare Ultra,RCL
Malamar V,186/192,Rare Ultra,RCL
Copperajah V,187/192,Rare Ultra,RCL
Dubwool V,188/192,Rare Ultra,RCL
Ordem da Chefia,189/192,Rare Ultra,RCL
Milo,190/192,Rare Ultra,RCL
Oleana,191/192,Rare Ultra,RCL
Sônia,192/192,Rare Ultra,RCL
Rillaboom VMAX,193/192,Rare Rainbow,RCL
Cinderace VMAX,194/192,Rare Rainbow,RCL
Inteleon VMAX,195/192,Rare Rainbow,RCL
Toxtricity VMAX,196/192,Rare Rainbow,RCL
Dragapult VMAX,197/192,Rare Rainbow,RCL
Malamar VMAX,198/192,Rare Rainbow,RCL
Copperajah VMAX,199/192,Rare Rainbow,RCL
Ordem da Chefia,200/192,Rare Rainbow,RCL
Milo,201/192,Rare Rainbow,RCL
Oleana,202/192,Rare Rainbow,RCL
Sônia,203/192,Rare Rainbow,RCL
Frosmoth,204/192,Rare Secret,RCL
Perrserker de Galar,205/192,Rare Secret,RCL
Pingente Grande,206/192,Rare Secret,RCL
Rede de Recolhida,207/192,Rare Secret,RCL
Sucateador de Ferramentas,208/192,Rare Secret,RCL
Energia Gêmea,209/192,Rare Secret,RCL
Rowlet,SV001/122,Rare Shiny,SHFSV
Dartrix,SV002/122,Rare Shiny,SHFSV
Decidueye,SV003/122,Rare Shiny,SHFSV
Grookey,SV004/122,Rare Shiny,SHFSV
Thwackey,SV005/122,Rare Shiny,SHFSV
Rillaboom,SV006/122,Rare Shiny,SHFSV
Blipbug,SV007/122,Rare Shiny,SHFSV
Dottler,SV008/122,Rare Shiny,SHFSV
Orbeetle,SV009/122,Rare Shiny,SHFSV
Gossifleur,SV010/122,Rare Shiny,SHFSV
Eldegoss,SV011/122,Rare Shiny,SHFSV
Applin,SV012/122,Rare Shiny,SHFSV
Flapple,SV013/122,Rare Shiny,SHFSV
Appletun,SV014/122,Rare Shiny,SHFSV
Scorbunny,SV015/122,Rare Shiny,SHFSV
Raboot,SV016/122,Rare Shiny,SHFSV
Cinderace,SV017/122,Rare Shiny,SHFSV
Sizzlipede,SV018/122,Rare Shiny,SHFSV
Centiskorch,SV019/122,Rare Shiny,SHFSV
Mr. Mime de Galar,SV020/122,Rare Shiny,SHFSV
Mr. Rime de Galar,SV021/122,Rare Shiny,SHFSV
Suicune,SV022/122,Rare Shiny,SHFSV
Darumaka de Galar,SV023/122,Rare Shiny,SHFSV
Darmanitan de Galar,SV024/122,Rare Shiny,SHFSV
Sobble,SV025/122,Rare Shiny,SHFSV
Drizzile,SV026/122,Rare Shiny,SHFSV
Inteleon,SV027/122,Rare Shiny,SHFSV
Chewtle,SV028/122,Rare Shiny,SHFSV
Drednaw,SV029/122,Rare Shiny,SHFSV
Cramorant,SV030/122,Rare Shiny,SHFSV
Arrokuda,SV031/122,Rare Shiny,SHFSV
Barraskewda,SV032/122,Rare Shiny,SHFSV
Snom,SV033/122,Rare Shiny,SHFSV
Frosmoth,SV034/122,Rare Shiny,SHFSV
Eiscue,SV035/122,Rare Shiny,SHFSV
Dracovish,SV036/122,Rare Shiny,SHFSV
Arctovish,SV037/122,Rare Shiny,SHFSV
Rotom,SV038/122,Rare Shiny,SHFSV
Yamper,SV039/122,Rare Shiny,SHFSV
Boltund,SV040/122,Rare Shiny,SHFSV
Toxel,SV041/122,Rare Shiny,SHFSV
Toxtricity,SV042/122,Rare Shiny,SHFSV
Pincurchin,SV043/122,Rare Shiny,SHFSV
Morpeko,SV044/122,Rare Shiny,SHFSV
Dracozolt,SV045/122,Rare Shiny,SHFSV
Arctozolt,SV046/122,Rare Shiny,SHFSV
Ponyta de Galar,SV047/122,Rare Shiny,SHFSV
Rapidash de Galar,SV048/122,Rare Shiny,SHFSV
Corsola de Galar,SV049/122,Rare Shiny,SHFSV
Cursola de Galar,SV050/122,Rare Shiny,SHFSV
Dedenne,SV051/122,Rare Shiny,SHFSV
Sinistea,SV052/122,Rare Shiny,SHFSV
Polteageist,SV053/122,Rare Shiny,SHFSV
Hatenna,SV054/122,Rare Shiny,SHFSV
Hattrem,SV055/122,Rare Shiny,SHFSV
Hatterene,SV056/122,Rare Shiny,SHFSV
Milcery,SV057/122,Rare Shiny,SHFSV
Alcremie,SV058/122,Rare Shiny,SHFSV
Indeedee,SV059/122,Rare Shiny,SHFSV
Dreepy,SV060/122,Rare Shiny,SHFSV
Drakloak,SV061/122,Rare Shiny,SHFSV
Dragapult,SV062/122,Rare Shiny,SHFSV
Farfetch'd de Galar,SV063/122,Rare Shiny,SHFSV
Sirfetch'd de Galar,SV064/122,Rare Shiny,SHFSV
Yamask de Galar,SV065/122,Rare Shiny,SHFSV
Runerigus de Galar,SV066/122,Rare Shiny,SHFSV
Rolycoly,SV067/122,Rare Shiny,SHFSV
Carkol,SV068/122,Rare Shiny,SHFSV
Coalossal,SV069/122,Rare Shiny,SHFSV
Silicobra,SV070/122,Rare Shiny,SHFSV
Sandaconda,SV071/122,Rare Shiny,SHFSV
Clobbopus,SV072/122,Rare Shiny,SHFSV
Grapploct,SV073/122,Rare Shiny,SHFSV
Falinks,SV074/122,Rare Shiny,SHFSV
Stonjourner,SV075/122,Rare Shiny,SHFSV
Koffing,SV076/122,Rare Shiny,SHFSV
Weezing de Galar,SV077/122,Rare Shiny,SHFSV
Zigzagoon de Galar,SV078/122,Rare Shiny,SHFSV
Linoone de Galar,SV079/122,Rare Shiny,SHFSV
Obstagoon de Galar,SV080/122,Rare Shiny,SHFSV
Nickit,SV081/122,Rare Shiny,SHFSV
Thievul,SV082/122,Rare Shiny,SHFSV
Impidimp,SV083/122,Rare Shiny,SHFSV
Morgrem,SV084/122,Rare Shiny,SHFSV
Grimmsnarl,SV085/122,Rare Shiny,SHFSV
Meowth de Galar,SV086/122,Rare Shiny,SHFSV
Perrserker de Galar,SV087/122,Rare Shiny,SHFSV
Stunfisk de Galar,SV088/122,Rare Shiny,SHFSV
Corviknight,SV089/122,Rare Shiny,SHFSV
Cufant,SV090/122,Rare Shiny,SHFSV
Copperajah,SV091/122,Rare Shiny,SHFSV
Duraludon,SV092/122,Rare Shiny,SHFSV
Minccino,SV093/122,Rare Shiny,SHFSV
Cinccino,SV094/122,Rare Shiny,SHFSV
Ducklett,SV095/122,Rare Shiny,SHFSV
Swanna,SV096/122,Rare Shiny,SHFSV
Bunnelby,SV097/122,Rare Shiny,SHFSV
Oranguru,SV098/122,Rare Shiny,SHFSV
Skwovet,SV099/122,Rare Shiny,SHFSV
Greedent,SV100/122,Rare Shiny,SHFSV
Rookidee,SV101/122,Rare Shiny,SHFSV
Corvisquire,SV102/122,Rare Shiny,SHFSV
Wooloo,SV103/122,Rare Shiny,SHFSV
Dubwool,SV104/122,Rare Shiny,SHFSV
Rillaboom V,SV105/122,Rare Holo V,SHFSV
Rillaboom VMAX,SV106/122,Rare Holo VMAX,SHFSV
Charizard VMAX,SV107/122,Rare Holo VMAX,SHFSV
Centiskorch V,SV108/122,Rare Holo V,SHFSV
Centiskorch VMAX,SV109/122,Rare Holo VMAX,SHFSV
Lapras V,SV110/122,Rare Holo V,SHFSV
Lapras VMAX,SV111/122,Rare Holo VMAX,SHFSV
Toxtricity V,SV112/122,Rare Holo V,SHFSV
Toxtricity VMAX,SV113/122,Rare Holo VMAX,SHFSV
Indeedee V,SV114/122,Rare Holo V,SHFSV
Falinks V,SV115/122,Rare Holo V,SHFSV
Grimmsnarl V,SV116/122,Rare Holo V,SHFSV
Grimmsnarl VMAX,SV117/122,Rare Holo VMAX,SHFSV
Ditto V,SV118/122,Rare Holo V,SHFSV
Ditto VMAX,SV119/122,Rare Holo VMAX,SHFSV
Dubwool V,SV120/122,Rare Holo V,SHFSV
Eternatus V,SV121/122,Rare Secret,SHFSV
Eternatus VMAX,SV122/122,Rare Secret,SHFSV
Yanma,1/72,Common,SHF
Yanmega,2/72,Rare,SHF
Celebi,3/72,Rare,SHF
Cacnea,4/72,Common,SHF
Tropius,5/72,Uncommon,SHF
Rowlet,6/72,Common,SHF
Dartrix,7/72,Uncommon,SHF
Decidueye,8/72,Rare Holo,SHF
Dhelmise V,9/72,Rare Holo V,SHF
Dhelmise VMAX,10/72,Rare Holo VMAX,SHF
Grookey,11/72,Common,SHF
Thwackey,12/72,Uncommon,SHF
Rillaboom,13/72,Rare Holo,SHF
Gossifleur,14/72,Common,SHF
Eldegoss,15/72,Uncommon,SHF
Zarude,16/72,Rare,SHF
Reshiram,17/72,Amazing Rare,SHF
Cinderace V,18/72,Rare Holo V,SHF
Cinderace VMAX,19/72,Rare Holo VMAX,SHF
Horsea,20/72,Common,SHF
Kyogre,21/72,Amazing Rare,SHF
Buizel,22/72,Common,SHF
Floatzel,23/72,Uncommon,SHF
Manaphy,24/72,Rare,SHF
Volcanion,25/72,Rare,SHF
Chewtle,26/72,Common,SHF
Drednaw,27/72,Rare,SHF
Cramorant,28/72,Uncommon,SHF
Snom,29/72,Common,SHF
Frosmoth,30/72,Rare Holo,SHF
Shinx,31/72,Common,SHF
Luxio,32/72,Uncommon,SHF
Luxray,33/72,Rare Holo,SHF
Rotom,34/72,Uncommon,SHF
Morpeko,35/72,Common,SHF
Morpeko,36/72,Common,SHF
Morpeko V,37/72,Rare Holo V,SHF
Morpeko VMAX,38/72,Rare Holo VMAX,SHF
Indeedee V,39/72,Rare Holo V,SHF
Trapinch,40/72,Common,SHF
Koffing,41/72,Common,SHF
Weezing de Galar,42/72,Rare Holo,SHF
Spinarak,43/72,Common,SHF
Crobat V,44/72,Rare Holo V,SHF
Crobat VMAX,45/72,Rare Holo VMAX,SHF
Yveltal,46/72,Amazing Rare,SHF
Nickit,47/72,Common,SHF
Thievul,48/72,Rare Holo,SHF
Cufant,49/72,Common,SHF
Ditto V,50/72,Rare Holo V,SHF
Ditto VMAX,51/72,Rare Holo VMAX,SHF
Eevee,52/72,Common,SHF
Greedent V,53/72,Rare Holo V,SHF
Cramorant V,54/72,Rare Holo V,SHF
Cramorant VMAX,55/72,Rare Holo VMAX,SHF
Indeedee,56/72,Rare Holo,SHF
Cara da Bola,57/72,Uncommon,SHF
Ordem da Chefia,58/72,Rare,SHF
Treinador de Ginásio,59/72,Uncommon,SHF
Pesquisa de Professores,60/72,Rare,SHF
Escudo Enferrujado,61/72,Uncommon,SHF
Espada Enferrujada,62/72,Uncommon,SHF
Toalha da Equipe Yell,63/72,Uncommon,SHF
Alcremie V,64/72,Rare Ultra,SHF
Cara da Bola,65/72,Rare Ultra,SHF
Ornitólogo,66/72,Rare Ultra,SHF
Clara Petra,67/72,Rare Ultra,SHF
Treinador de Ginásio,68/72,Rare Ultra,SHF
Pietro,69/72,Rare Ultra,SHF
Poké Criança,70/72,Rare Ultra,SHF
Rossi,71/72,Rare Ultra,SHF
Skyla,72/72,Rare Ultra,SHF
Alcremie VMAX,73/72,Rare Rainbow,SHF
Braixen,TG01/30,Trainer Gallery Rare Holo,SIT
Milotic,TG02/30,Trainer Gallery Rare Holo,SIT
Flaaffy,TG03/30,Trainer Gallery Rare Holo,SIT
Jynx,TG04/30,Trainer Gallery Rare Holo,SIT
Gardevoir,TG05/30,Trainer Gallery Rare Holo,SIT
Malamar,TG06/30,Trainer Gallery Rare Holo,SIT
Rockruff,TG07/30,Trainer Gallery Rare Holo,SIT
Passimian,TG08/30,Trainer Gallery Rare Holo,SIT
Druddigon,TG09/30,Trainer Gallery Rare Holo,SIT
Smeargle,TG10/30,Trainer Gallery Rare Holo,SIT
Altaria,TG11/30,Trainer Gallery Rare Holo,SIT
Kricketune V,TG12/30,Rare Holo V,SIT
Serperior V,TG13/30,Rare Holo V,SIT
Blaziken V,TG14/30,Rare Holo V,SIT
Blaziken VMAX,TG15/30,Rare Holo VMAX,SIT
Zeraora V,TG16/30,Rare Holo V,SIT
Mawile V,TG17/30,Rare Holo V,SIT
Corviknight V,TG18/30,Rare Holo V,SIT
Corviknight VMAX,TG19/30,Rare Holo VMAX,SIT
Rayquaza VMAX,TG20/30,Rare Holo VMAX,SIT
Duraludon VMAX,TG21/30,Rare Holo VMAX,SIT
Blissey V,TG22/30,Rare Holo V,SIT
Amigos em Galar,TG23/30,Rare Ultra,SIT
Godinho,TG24/30,Rare Ultra,SIT
Juiz,TG25/30,Rare Ultra,SIT
Professora Bruna,TG26/30,Rare Ultra,SIT
Roy,TG27/30,Rare Ultra,SIT
Espadarnaldo e Escudoberto,TG28/30,Rare Ultra,SIT
Rayquaza VMAX,TG29/30,Rare Secret,SIT
Duraludon VMAX,TG30/30,Rare Secret,SIT
Venonat,1/195,Common,SIT
Venomoth,2/195,Uncommon,SIT
Spinarak,3/195,Common,SIT
Ariados,4/195,Rare Holo,SIT
Sunkern,5/195,Common,SIT
Sunflora,6/195,Uncommon,SIT
Serperior V,7/195,Rare Holo V,SIT
Serperior V-ASTRO,8/195,Rare Holo VSTAR,SIT
Petilil,9/195,Common,SIT
Lilligant de Hisui,10/195,Rare,SIT
Foongus,11/195,Common,SIT
Amoonguss,12/195,Rare,SIT
Durant,13/195,Common,SIT
Virizion,14/195,Rare,SIT
Chesnaught V,15/195,Rare Holo V,SIT
Tsareena Radiante,16/195,Radiant Rare,SIT
Vulpix,17/195,Common,SIT
Ninetales,18/195,Uncommon,SIT
Growlithe,19/195,Common,SIT
Arcanine,20/195,Rare,SIT
Ponyta,21/195,Common,SIT
Rapidash,22/195,Rare Holo,SIT
Victini,23/195,Rare,SIT
Reshiram V,24/195,Rare Holo V,SIT
Fennekin,25/195,Common,SIT
Braixen,26/195,Uncommon,SIT
Delphox,27/195,Rare,SIT
Fletchinder,28/195,Uncommon,SIT
Talonflame,29/195,Rare,SIT
Litten,30/195,Common,SIT
Torracat,31/195,Uncommon,SIT
Incineroar,32/195,Rare,SIT
Vulpix de Alola V,33/195,Rare Holo V,SIT
Vulpix de Alola V-ASTRO,34/195,Rare Holo VSTAR,SIT
Omastar V,35/195,Rare Holo V,SIT
Articuno,36/195,Rare Holo,SIT
Wailmer,37/195,Common,SIT
Wailord,38/195,Uncommon,SIT
Feebas,39/195,Common,SIT
Milotic,40/195,Rare,SIT
Snorunt,41/195,Common,SIT
Glalie,42/195,Uncommon,SIT
Froslass,43/195,Rare,SIT
Relicanth,44/195,Common,SIT
Phione,45/195,Rare,SIT
Keldeo,46/195,Rare,SIT
Dewpider,47/195,Common,SIT
Araquanid,48/195,Uncommon,SIT
Pikachu,49/195,Common,SIT
Raichu,50/195,Uncommon,SIT
Chinchou,51/195,Common,SIT
Lanturn,52/195,Uncommon,SIT
Rotom,53/195,Common,SIT
Emolga,54/195,Common,SIT
Stunfisk,55/195,Common,SIT
Zeraora,56/195,Rare,SIT
Regieleki V,57/195,Rare Holo V,SIT
Regieleki VMAX,58/195,Rare Holo VMAX,SIT
Alakazam Radiante,59/195,Radiant Rare,SIT
Drowzee,60/195,Common,SIT
Hypno,61/195,Uncommon,SIT
Jynx,62/195,Uncommon,SIT
Misdreavus,63/195,Common,SIT
Mismagius,64/195,Rare,SIT
Unown V,65/195,Rare Holo V,SIT
Unown V-ASTRO,66/195,Rare Holo VSTAR,SIT
Ralts,67/195,Common,SIT
Kirlia,68/195,Uncommon,SIT
Gardevoir,69/195,Rare,SIT
Mawile V,70/195,Rare Holo V,SIT
Mawile V-ASTRO,71/195,Rare Holo VSTAR,SIT
Meditite,72/195,Common,SIT
Medicham,73/195,Rare Holo,SIT
Chimecho,74/195,Common,SIT
Sigilyph,75/195,Uncommon,SIT
Solosis,76/195,Common,SIT
Duosion,77/195,Uncommon,SIT
Reuniclus,78/195,Rare Holo,SIT
Elgyem,79/195,Common,SIT
Beheeyem,80/195,Uncommon,SIT
Espurr,81/195,Common,SIT
Meowstic,82/195,Uncommon,SIT
Swirlix,83/195,Common,SIT
Slurpuff,84/195,Uncommon,SIT
Dedenne,85/195,Uncommon,SIT
Indeedee,86/195,Common,SIT
Dreepy,87/195,Common,SIT
Drakloak,88/195,Uncommon,SIT
Dragapult,89/195,Rare Holo,SIT
Arcanine de Hisui V,90/195,Rare Holo V,SIT
Phanpy,91/195,Common,SIT
Donphan,92/195,Uncommon,SIT
Baltoy,93/195,Common,SIT
Claydol,94/195,Uncommon,SIT
Anorith,95/195,Uncommon,SIT
Armaldo,96/195,Rare,SIT
Terrakion,97/195,Rare Holo,SIT
Hawlucha,98/195,Common,SIT
Sandygast,99/195,Common,SIT
Palossand,100/195,Uncommon,SIT
Stonjourner,101/195,Uncommon,SIT
Ursaluna V,102/195,Rare Holo V,SIT
Zubat,103/195,Common,SIT
Golbat,104/195,Uncommon,SIT
Crobat,105/195,Rare Holo,SIT
Murkrow,106/195,Common,SIT
Honchkrow,107/195,Uncommon,SIT
Skuntank V,108/195,Rare Holo V,SIT
Croagunk,109/195,Common,SIT
Toxicroak,110/195,Uncommon,SIT
Sandile,111/195,Common,SIT
Krokorok,112/195,Uncommon,SIT
Krookodile,113/195,Rare Holo,SIT
Mareanie,114/195,Common,SIT
Toxapex,115/195,Uncommon,SIT
Morpeko,116/195,Uncommon,SIT
Beldum,117/195,Common,SIT
Metang,118/195,Uncommon,SIT
Metagross,119/195,Rare Holo,SIT
Jirachi Radiante,120/195,Radiant Rare,SIT
Ferroseed,121/195,Common,SIT
Ferrothorn,122/195,Uncommon,SIT
Klink,123/195,Common,SIT
Klang,124/195,Uncommon,SIT
Klinklang,125/195,Rare,SIT
Cobalion,126/195,Rare,SIT
Togedemaru,127/195,Common,SIT
Magearna V,128/195,Rare Holo V,SIT
Dratini,129/195,Common,SIT
Dragonair,130/195,Uncommon,SIT
Dragonite,131/195,Rare Holo,SIT
Noibat,132/195,Common,SIT
Noivern,133/195,Rare,SIT
Zygarde,134/195,Rare,SIT
Regidrago V,135/195,Rare Holo V,SIT
Regidrago V-ASTRO,136/195,Rare Holo VSTAR,SIT
Smeargle,137/195,Common,SIT
Lugia V,138/195,Rare Holo V,SIT
Lugia V-ASTRO,139/195,Rare Holo VSTAR,SIT
Ho-Oh V,140/195,Rare Holo V,SIT
Spinda,141/195,Common,SIT
Swablu,142/195,Common,SIT
Altaria,143/195,Uncommon,SIT
Buneary,144/195,Common,SIT
Lopunny,145/195,Uncommon,SIT
Archen,146/195,Uncommon,SIT
Archeops,147/195,Rare Holo,SIT
Rufflet,148/195,Common,SIT
Braviary de Hisui,149/195,Rare,SIT
Fletchling,150/195,Common,SIT
Brandon,151/195,Uncommon,SIT
Candice,152/195,Uncommon,SIT
Aroma Cativante,153/195,Uncommon,SIT
Pedra Selada Terrestre,154/195,Rare Holo,SIT
Geleia Emergencial,155/195,Uncommon,SIT
Pedra Selada Florestal,156/195,Rare Holo,SIT
Garota Furisode,157/195,Uncommon,SIT
Treinador de Ginásio,158/195,Uncommon,SIT
Lance,159/195,Uncommon,SIT
Poncho Folhoso de Camuflagem,160/195,Uncommon,SIT
Altar Primordial,161/195,Uncommon,SIT
Professor Alfazema,162/195,Uncommon,SIT
Pedra Quádrupla,163/195,Uncommon,SIT
Serena,164/195,Uncommon,SIT
Fóssil Não Identificado,165/195,Uncommon,SIT
Wallace,166/195,Uncommon,SIT
Trabalhadora,167/195,Uncommon,SIT
Energia Regenerativa,168/195,Uncommon,SIT
Energia de Proteção V,169/195,Uncommon,SIT
Serperior V,170/195,Rare Ultra,SIT
Chesnaught V,171/195,Rare Ultra,SIT
Reshiram V,172/195,Rare Ultra,SIT
Vulpix de Alola V,173/195,Rare Ultra,SIT
Omastar V,174/195,Rare Ultra,SIT
Regieleki V,175/195,Rare Ultra,SIT
Unown V,176/195,Rare Ultra,SIT
Unown V,177/195,Rare Ultra,SIT
Mawile V,178/195,Rare Ultra,SIT
Arcanine de Hisui V,179/195,Rare Ultra,SIT
Skuntank V,180/195,Rare Ultra,SIT
Skuntank V,181/195,Rare Ultra,SIT
Magearna V,182/195,Rare Ultra,SIT
Regidrago V,183/195,Rare Ultra,SIT
Regidrago V,184/195,Rare Ultra,SIT
Lugia V,185/195,Rare Ultra,SIT
Lugia V,186/195,Rare Ultra,SIT
Ho-Oh V,187/195,Rare Ultra,SIT
Brandon,188/195,Rare Ultra,SIT
Candice,189/195,Rare Ultra,SIT
Garota Furisode,190/195,Rare Ultra,SIT
Treinador de Ginásio,191/195,Rare Ultra,SIT
Lance,192/195,Rare Ultra,SIT
Serena,193/195,Rare Ultra,SIT
Wallace,194/195,Rare Ultra,SIT
Trabalhadora,195/195,Rare Ultra,SIT
Serperior V-ASTRO,196/195,Rare Rainbow,SIT
Vulpix de Alola V-ASTRO,197/195,Rare Rainbow,SIT
Regieleki VMAX,198/195,Rare Rainbow,SIT
Unown V-ASTRO,199/195,Rare Rainbow,SIT
Mawile V-ASTRO,200/195,Rare Rainbow,SIT
Regidrago V-ASTRO,201/195,Rare Rainbow,SIT
Lugia V-ASTRO,202/195,Rare Rainbow,SIT
Brandon,203/195,Rare Rainbow,SIT
Candice,204/195,Rare Rainbow,SIT
Garota Furisode,205/195,Rare Rainbow,SIT
Lance,206/195,Rare Rainbow,SIT
Serena,207/195,Rare Rainbow,SIT
Wallace,208/195,Rare Rainbow,SIT
Trabalhadora,209/195,Rare Rainbow,SIT
Serperior V-ASTRO,210/195,Rare Secret,SIT
Lugia V-ASTRO,211/195,Rare Secret,SIT
Substituição de Energia,212/195,Rare Secret,SIT
Brejo Gapejaw,213/195,Rare Secret,SIT
Poncho Folhoso de Camuflagem,214/195,Rare Secret,SIT
Energia de Proteção V,215/195,Rare Secret,SIT
Celebi V,1/202,Rare Holo V,SSH
Roselia,2/202,Common,SSH
Roselia,3/202,Common,SSH
Roserade,4/202,Rare,SSH
Cottonee,5/202,Common,SSH
Whimsicott,6/202,Rare,SSH
Maractus,7/202,Common,SSH
Durant,8/202,Rare,SSH
Dhelmise V,9/202,Rare Holo V,SSH
Grookey,10/202,Common,SSH
Grookey,11/202,Common,SSH
Thwackey,12/202,Uncommon,SSH
Thwackey,13/202,Uncommon,SSH
Rillaboom,14/202,Rare Holo,SSH
Rillaboom,15/202,Rare,SSH
Blipbug,16/202,Common,SSH
Blipbug,17/202,Common,SSH
Dottler,18/202,Uncommon,SSH
Orbeetle,19/202,Rare,SSH
Gossifleur,20/202,Common,SSH
Eldegoss,21/202,Uncommon,SSH
Vulpix,22/202,Common,SSH
Ninetales,23/202,Rare,SSH
Torkoal V,24/202,Rare Holo V,SSH
Victini V,25/202,Rare Holo V,SSH
Heatmor,26/202,Uncommon,SSH
Salandit,27/202,Common,SSH
Salazzle,28/202,Uncommon,SSH
Turtonator,29/202,Rare,SSH
Scorbunny,30/202,Common,SSH
Scorbunny,31/202,Common,SSH
Raboot,32/202,Uncommon,SSH
Raboot,33/202,Uncommon,SSH
Cinderace,34/202,Rare Holo,SSH
Cinderace,35/202,Rare Holo,SSH
Cinderace,36/202,Rare,SSH
Sizzlipede,37/202,Common,SSH
Sizzlipede,38/202,Common,SSH
Centiskorch,39/202,Rare,SSH
Shellder,40/202,Common,SSH
Cloyster,41/202,Rare,SSH
Krabby,42/202,Common,SSH
Krabby,43/202,Common,SSH
Kingler,44/202,Uncommon,SSH
Goldeen,45/202,Common,SSH
Goldeen,46/202,Common,SSH
Seaking,47/202,Uncommon,SSH
Lapras,48/202,Rare,SSH
Lapras V,49/202,Rare Holo V,SSH
Lapras VMAX,50/202,Rare Holo VMAX,SSH
Qwilfish,51/202,Uncommon,SSH
Mantine,52/202,Uncommon,SSH
Keldeo V,53/202,Rare Holo V,SSH
Sobble,54/202,Common,SSH
Sobble,55/202,Common,SSH
Drizzile,56/202,Uncommon,SSH
Drizzile,57/202,Uncommon,SSH
Inteleon,58/202,Rare Holo,SSH
Inteleon,59/202,Rare,SSH
Chewtle,60/202,Common,SSH
Drednaw,61/202,Rare,SSH
Cramorant,62/202,Rare,SSH
Snom,63/202,Common,SSH
Frosmoth,64/202,Rare Holo,SSH
Pikachu,65/202,Common,SSH
Raichu,66/202,Rare,SSH
Chinchou,67/202,Common,SSH
Chinchou,68/202,Common,SSH
Lanturn,69/202,Rare,SSH
Joltik,70/202,Common,SSH
Galvantula,71/202,Uncommon,SSH
Tapu Koko V,72/202,Rare Holo V,SSH
Yamper,73/202,Common,SSH
Yamper,74/202,Common,SSH
Boltund,75/202,Rare Holo,SSH
Boltund,76/202,Rare Holo,SSH
Pincurchin,77/202,Common,SSH
Morpeko,78/202,Rare,SSH
Morpeko V,79/202,Rare Holo V,SSH
Morpeko VMAX,80/202,Rare Holo VMAX,SSH
Ponyta de Galar,81/202,Common,SSH
Rapidash de Galar,82/202,Rare,SSH
Gastly,83/202,Common,SSH
Haunter,84/202,Uncommon,SSH
Gengar,85/202,Rare Holo,SSH
Wobbuffet V,86/202,Rare Holo V,SSH
Munna,87/202,Common,SSH
Musharna,88/202,Rare,SSH
Sinistea,89/202,Common,SSH
Polteageist,90/202,Rare,SSH
Indeedee V,91/202,Rare Holo V,SSH
Diglett,92/202,Common,SSH
Dugtrio,93/202,Uncommon,SSH
Hitmonlee,94/202,Uncommon,SSH
Hitmonchan,95/202,Uncommon,SSH
Rhyhorn,96/202,Common,SSH
Rhyhorn,97/202,Common,SSH
Rhydon,98/202,Uncommon,SSH
Rhyperior,99/202,Rare Holo,SSH
Sudowoodo,100/202,Uncommon,SSH
Baltoy,101/202,Common,SSH
Baltoy,102/202,Common,SSH
Claydol,103/202,Rare,SSH
Regirock V,104/202,Rare Holo V,SSH
Mudbray,105/202,Common,SSH
Mudsdale,106/202,Rare,SSH
Silicobra,107/202,Common,SSH
Silicobra,108/202,Common,SSH
Sandaconda,109/202,Rare,SSH
Sandaconda,110/202,Rare Holo,SSH
Clobbopus,111/202,Common,SSH
Clobbopus,112/202,Common,SSH
Grapploct,113/202,Rare,SSH
Stonjourner,114/202,Rare,SSH
Stonjourner V,115/202,Rare Holo V,SSH
Stonjourner VMAX,116/202,Rare Holo VMAX,SSH
Zigzagoon de Galar,117/202,Common,SSH
Linoone de Galar,118/202,Uncommon,SSH
Obstagoon de Galar,119/202,Rare Holo,SSH
Sableye V,120/202,Rare Holo V,SSH
Skorupi,121/202,Common,SSH
Drapion,122/202,Rare,SSH
Croagunk,123/202,Common,SSH
Toxicroak,124/202,Rare Holo,SSH
Nickit,125/202,Common,SSH
Thievul,126/202,Rare,SSH
Meowth de Galar,127/202,Common,SSH
Perrserker de Galar,128/202,Rare Holo,SSH
Mawile,129/202,Common,SSH
Ferroseed,130/202,Common,SSH
Ferrothorn,131/202,Uncommon,SSH
Stunfisk de Galar,132/202,Uncommon,SSH
Pawniard,133/202,Common,SSH
Bisharp,134/202,Uncommon,SSH
Corviknight,135/202,Rare,SSH
Cufant,136/202,Common,SSH
Copperajah,137/202,Rare Holo,SSH
Zacian V,138/202,Rare Holo V,SSH
Zamazenta V,139/202,Rare Holo V,SSH
Snorlax,140/202,Rare,SSH
Snorlax V,141/202,Rare Holo V,SSH
Snorlax VMAX,142/202,Rare Holo VMAX,SSH
Hoothoot,143/202,Common,SSH
Noctowl,144/202,Rare,SSH
Minccino,145/202,Common,SSH
Minccino,146/202,Common,SSH
Cinccino,147/202,Rare,SSH
Oranguru,148/202,Rare Holo,SSH
Drampa,149/202,Rare,SSH
Rookidee,150/202,Common,SSH
Corvisquire,151/202,Uncommon,SSH
Wooloo,152/202,Common,SSH
Wooloo,153/202,Common,SSH
Dubwool,154/202,Uncommon,SSH
Cramorant V,155/202,Rare Holo V,SSH
Balão de Ar,156/202,Uncommon,SSH
Beda,157/202,Uncommon,SSH
Pingente Grande,158/202,Uncommon,SSH
Martelo Esmagador,159/202,Uncommon,SSH
Recuperação de Energia,160/202,Uncommon,SSH
Busca de Energia,161/202,Uncommon,SSH
Substituição de Energia,162/202,Uncommon,SSH
Incenso de Evolução,163/202,Uncommon,SSH
Grande Bola,164/202,Uncommon,SSH
Lupo,165/202,Uncommon,SSH
Hiperpoção,166/202,Uncommon,SSH
Ovo da Sorte,167/202,Uncommon,SSH
Fruta Lum,168/202,Uncommon,SSH
Marine,169/202,Rare Holo,SSH
Disco de Metal,170/202,Uncommon,SSH
Vara de Pescar Comum,171/202,Uncommon,SSH
Pal Pad,172/202,Uncommon,SSH
Poké Criança,173/202,Uncommon,SSH
Pokégear 3.0,174/202,Uncommon,SSH
Pegador de Pokémon,175/202,Uncommon,SSH
Dama do Centro Pokémon,176/202,Uncommon,SSH
Poção,177/202,Uncommon,SSH
Pesquisa de Professores,178/202,Rare Holo,SSH
Bola Rápida,179/202,Uncommon,SSH
Doce Raro,180/202,Uncommon,SSH
Bicicleta Rotom,181/202,Uncommon,SSH
Fruta Sitrus,182/202,Uncommon,SSH
Substituição,183/202,Uncommon,SSH
Recruta da Equipe Yell,184/202,Uncommon,SSH
Faixa de Vitalidade,185/202,Uncommon,SSH
Energia da Aurora,186/202,Uncommon,SSH
Dhelmise V,187/202,Rare Ultra,SSH
Torkoal V,188/202,Rare Ultra,SSH
Lapras V,189/202,Rare Ultra,SSH
Morpeko V,190/202,Rare Ultra,SSH
Wobbuffet V,191/202,Rare Ultra,SSH
Indeedee V,192/202,Rare Ultra,SSH
Stonjourner V,193/202,Rare Ultra,SSH
Sableye V,194/202,Rare Ultra,SSH
Zacian V,195/202,Rare Ultra,SSH
Zamazenta V,196/202,Rare Ultra,SSH
Snorlax V,197/202,Rare Ultra,SSH
Cramorant V,198/202,Rare Ultra,SSH
Beda,199/202,Rare Ultra,SSH
Marine,200/202,Rare Ultra,SSH
Pesquisa de Professores,201/202,Rare Ultra,SSH
Recruta da Equipe Yell,202/202,Rare Ultra,SSH
Lapras VMAX,203/202,Rare Rainbow,SSH
Morpeko VMAX,204/202,Rare Rainbow,SSH
Stonjourner VMAX,205/202,Rare Rainbow,SSH
Snorlax VMAX,206/202,Rare Rainbow,SSH
Beda,207/202,Rare Rainbow,SSH
Marine,208/202,Rare Rainbow,SSH
Pesquisa de Professores,209/202,Rare Rainbow,SSH
Recruta da Equipe Yell,210/202,Rare Rainbow,SSH
Zacian V,211/202,Rare Secret,SSH
Zamazenta V,212/202,Rare Secret,SSH
Balão de Ar,213/202,Rare Secret,SSH
Disco de Metal,214/202,Rare Secret,SSH
Vara de Pescar Comum,215/202,Rare Secret,SSH
Bola Rápida,216/202,Rare Secret,SSH
Grookey,SWSH001/307,Promo,SWSHP
Scorbunny,SWSH002/307,Promo,SWSHP
Sobble,SWSH003/307,Promo,SWSHP
Meowth V,SWSH004/307,Promo,SWSHP
Meowth VMAX,SWSH005/307,Promo,SWSHP
Rillaboom,SWSH006/307,Promo,SWSHP
Frosmoth,SWSH007/307,Promo,SWSHP
Perrserker de Galar,SWSH008/307,Promo,SWSHP
Cinccino,SWSH009/307,Promo,SWSHP
Gossifleur,SWSH010/307,Promo,SWSHP
Wooloo,SWSH011/307,Promo,SWSHP
Morpeko,SWSH012/307,Promo,SWSHP
Ponyta de Galar,SWSH013/307,Promo,SWSHP
Rillaboom V,SWSH014/307,Promo,SWSHP
Cinderace V,SWSH015/307,Promo,SWSHP
Inteleon V,SWSH016/307,Promo,SWSHP
Toxtricity V,SWSH017/307,Promo,SWSHP
Zacian V,SWSH018/307,Promo,SWSHP
Zamazenta V,SWSH019/307,Promo,SWSHP
Pikachu,SWSH020/307,Promo,SWSHP
Polteageist V,SWSH021/307,Promo,SWSHP
Flapple,SWSH022/307,Promo,SWSHP
Luxray,SWSH023/307,Promo,SWSHP
Coalossal,SWSH024/307,Promo,SWSHP
Garbodor,SWSH025/307,Promo,SWSHP
Mantine,SWSH026/307,Promo,SWSHP
Noctowl,SWSH027/307,Promo,SWSHP
Duraludon,SWSH028/307,Promo,SWSHP
Rayquaza,SWSH029/307,Promo,SWSHP
Copperajah V,SWSH030/307,Promo,SWSHP
Morpeko,SWSH031/307,Promo,SWSHP
Snorlax,SWSH032/307,Promo,SWSHP
Zacian,SWSH033/307,Promo,SWSHP
Zamazenta,SWSH034/307,Promo,SWSHP
Decidueye,SWSH035/307,Promo,SWSHP
Arctozolt,SWSH036/307,Promo,SWSHP
Hydreigon,SWSH037/307,Promo,SWSHP
Kangaskhan,SWSH038/307,Promo,SWSHP
Pikachu,SWSH039/307,Promo,SWSHP
Hatenna,SWSH040/307,Promo,SWSHP
Flareon,SWSH041/307,Promo,SWSHP
Eevee,SWSH042/307,Promo,SWSHP
Sirfetch'd de Galar V,SWSH043/307,Promo,SWSHP
Eternatus V,SWSH044/307,Promo,SWSHP
Eternatus VMAX,SWSH045/307,Promo,SWSHP
Eldegoss,SWSH046/307,Promo,SWSHP
Drednaw,SWSH047/307,Promo,SWSHP
Centiskorch,SWSH048/307,Promo,SWSHP
Dubwool V,SWSH049/307,Promo,SWSHP
Charizard V,SWSH050/307,Promo,SWSHP
Lapras,SWSH051/307,Promo,SWSHP
Gengar,SWSH052/307,Promo,SWSHP
Machamp,SWSH053/307,Promo,SWSHP
Coalossal,SWSH054/307,Promo,SWSHP
Hatterene V,SWSH055/307,Promo,SWSHP
Morpeko V,SWSH056/307,Promo,SWSHP
Grimmsnarl V,SWSH057/307,Promo,SWSHP
Alcremie,SWSH058/307,Promo,SWSHP
Obstagoon de Galar,SWSH059/307,Promo,SWSHP
Duraludon,SWSH060/307,Promo,SWSHP
Pikachu V,SWSH061/307,Promo,SWSHP
Pikachu VMAX,SWSH062/307,Promo,SWSHP
Pikachu V,SWSH063/307,Promo,SWSHP
Eternatus V,SWSH064/307,Promo,SWSHP
Eevee V,SWSH065/307,Promo,SWSHP
Charizard,SWSH066/307,Promo,SWSHP
Donphan,SWSH067/307,Promo,SWSHP
Snorlax,SWSH068/307,Promo,SWSHP
Lugia,SWSH069/307,Promo,SWSHP
Grookey,SWSH070/307,Promo,SWSHP
Scorbunny,SWSH071/307,Promo,SWSHP
Vaporeon,SWSH072/307,Promo,SWSHP
Sobble,SWSH073/307,Promo,SWSHP
Special Delivery Pikachu,SWSH074/307,Promo,SWSHP
Special Delivery Charizard,SWSH075/307,Promo,SWSHP
Zacian V,SWSH076/307,Promo,SWSHP
Zamazenta V,SWSH077/307,Promo,SWSHP
Orbeetle V,SWSH078/307,Promo,SWSHP
Mr. Rime de Galar,SWSH079/307,Promo,SWSHP
Dedenne,SWSH080/307,Promo,SWSHP
Polteageist,SWSH081/307,Promo,SWSHP
Bunnelby,SWSH082/307,Promo,SWSHP
Alakazam V,SWSH083/307,Promo,SWSHP
Eldegoss V,SWSH084/307,Promo,SWSHP
Boltund V,SWSH085/307,Promo,SWSHP
Cramorant V,SWSH086/307,Promo,SWSHP
Eevee VMAX,SWSH087/307,Promo,SWSHP
Cherrim,SWSH088/307,Promo,SWSHP
Octillery,SWSH089/307,Promo,SWSHP
Houndoom,SWSH090/307,Promo,SWSHP
Bronzong,SWSH091/307,Promo,SWSHP
Charmander,SWSH092/307,Promo,SWSHP
Arrokuda,SWSH093/307,Promo,SWSHP
Jolteon,SWSH094/307,Promo,SWSHP
Eevee,SWSH095/307,Promo,SWSHP
Dragapult V,SWSH096/307,Promo,SWSHP
Dragapult VMAX,SWSH097/307,Promo,SWSHP
Crobat V,SWSH098/307,Promo,SWSHP
Crobat VMAX,SWSH099/307,Promo,SWSHP
Venusaur V,SWSH100/307,Promo,SWSHP
Blastoise V,SWSH101/307,Promo,SWSHP
Venusaur VMAX,SWSH102/307,Promo,SWSHP
Blastoise VMAX,SWSH103/307,Promo,SWSHP
Victini V,SWSH104/307,Promo,SWSHP
Gardevoir V,SWSH105/307,Promo,SWSHP
Urshifu Golpe Decisivo V,SWSH106/307,Promo,SWSHP
Urshifu Golpe Fluido V,SWSH107/307,Promo,SWSHP
Empoleon V,SWSH108/307,Promo,SWSHP
Tyranitar V,SWSH109/307,Promo,SWSHP
Crobat V,SWSH110/307,Promo,SWSHP
Rapidash de Galar V,SWSH111/307,Promo,SWSHP
Cinderace,SWSH112/307,Promo,SWSHP
Inteleon,SWSH113/307,Promo,SWSHP
Cresselia,SWSH114/307,Promo,SWSHP
Passimian,SWSH115/307,Promo,SWSHP
Morpeko,SWSH116/307,Promo,SWSHP
Phanpy,SWSH117/307,Promo,SWSHP
Eevee,SWSH118/307,Promo,SWSHP
Snorlax,SWSH119/307,Promo,SWSHP
Marine,SWSH120/307,Promo,SWSHP
Marine,SWSH121/307,Promo,SWSHP
Flaaffy,SWSH122/307,Promo,SWSHP
Articuno de Galar,SWSH123/307,Promo,SWSHP
Zapdos de Galar,SWSH124/307,Promo,SWSHP
Moltres de Galar,SWSH125/307,Promo,SWSHP
Slowpoke de Galar,SWSH126/307,Promo,SWSHP
Eevee,SWSH127/307,Promo,SWSHP
Eiscue,SWSH128/307,Promo,SWSHP
Umbreon,SWSH129/307,Promo,SWSHP
Calyrex Cavaleiro Glacial V,SWSH130/307,Promo,SWSHP
Calyrex Cavaleiro Espectral V,SWSH131/307,Promo,SWSHP
Dragapult,SWSH132/307,Promo,SWSHP
Charizard V do Lance,SWSH133/307,Promo,SWSHP
Sylveon Sombrio V,SWSH134/307,Promo,SWSHP
Zacian,SWSH135/307,Promo,SWSHP
Mimikyu,SWSH136/307,Promo,SWSHP
Toxtricity Luminoso,SWSH137/307,Promo,SWSHP
Hydreigon C,SWSH138/307,Promo,SWSHP
Pikachu V-UNIÃO,SWSH139/307,Promo,SWSHP
Pikachu V-UNIÃO,SWSH140/307,Promo,SWSHP
Pikachu V-UNIÃO,SWSH141/307,Promo,SWSHP
Pikachu V-UNIÃO,SWSH142/307,Promo,SWSHP
Pikachu V,SWSH143/307,Promo,SWSHP
Greninja ☆,SWSH144/307,Promo,SWSHP
Pikachu V,SWSH145/307,Promo,SWSHP
Poké Bola,SWSH146/307,Promo,SWSHP
Rayquaza V,SWSH147/307,Promo,SWSHP
Noivern V,SWSH148/307,Promo,SWSHP
Flareon V,SWSH149/307,Promo,SWSHP
Vaporeon V,SWSH150/307,Promo,SWSHP
Jolteon V,SWSH151/307,Promo,SWSHP
Pesquisa de Professores,SWSH152/307,Promo,SWSHP
Pikachu,SWSH153/307,Promo,SWSHP
Dragonite V,SWSH154/307,Promo,SWSHP
Greninja V-UNIÃO,SWSH155/307,Promo,SWSHP
Greninja V-UNIÃO,SWSH156/307,Promo,SWSHP
Greninja V-UNIÃO,SWSH157/307,Promo,SWSHP
Greninja V-UNIÃO,SWSH158/307,Promo,SWSHP
Mewtwo V-UNIÃO,SWSH159/307,Promo,SWSHP
Mewtwo V-UNIÃO,SWSH160/307,Promo,SWSHP
Mewtwo V-UNIÃO,SWSH161/307,Promo,SWSHP
Mewtwo V-UNIÃO,SWSH162/307,Promo,SWSHP
Zacian V-UNIÃO,SWSH163/307,Promo,SWSHP
Zacian V-UNIÃO,SWSH164/307,Promo,SWSHP
Zacian V-UNIÃO,SWSH165/307,Promo,SWSHP
Zacian V-UNIÃO,SWSH166/307,Promo,SWSHP
Professora Bruna,SWSH167/307,Promo,SWSHP
Oricorio,SWSH168/307,Promo,SWSHP
Pyukumuku,SWSH169/307,Promo,SWSHP
Deoxys,SWSH170/307,Promo,SWSHP
Latias,SWSH171/307,Promo,SWSHP
Tepig,SWSH172/307,Promo,SWSHP
Blitzle,SWSH173/307,Promo,SWSHP
Espeon,SWSH174/307,Promo,SWSHP
Eevee,SWSH175/307,Promo,SWSHP
Hoopa V,SWSH176/307,Promo,SWSHP
Special Delivery Bidoof,SWSH177/307,Promo,SWSHP
Pesquisa de Professores,SWSH178/307,Promo,SWSHP
Flareon V,SWSH179/307,Promo,SWSHP
Flareon VMAX,SWSH180/307,Promo,SWSHP
Vaporeon V,SWSH181/307,Promo,SWSHP
Vaporeon VMAX,SWSH182/307,Promo,SWSHP
Jolteon V,SWSH183/307,Promo,SWSHP
Jolteon VMAX,SWSH184/307,Promo,SWSHP
Moltres,SWSH185/307,Promo,SWSHP
Lucario,SWSH186/307,Promo,SWSHP
Liepard,SWSH187/307,Promo,SWSHP
Bibarel,SWSH188/307,Promo,SWSHP
Flapple,SWSH189/307,Promo,SWSHP
Eevee,SWSH190/307,Promo,SWSHP
Leafeon,SWSH191/307,Promo,SWSHP
Glaceon,SWSH192/307,Promo,SWSHP
Obstagoon de Galar,SWSH193/307,Promo,SWSHP
Leafeon V,SWSH194/307,Promo,SWSHP
Leafeon V-ASTRO,SWSH195/307,Promo,SWSHP
Glaceon V,SWSH196/307,Promo,SWSHP
Glaceon V-ASTRO,SWSH197/307,Promo,SWSHP
Pikachu V,SWSH198/307,Promo,SWSHP
Lycanroc V,SWSH199/307,Promo,SWSHP
Corviknight V,SWSH200/307,Promo,SWSHP
Espeon V,SWSH201/307,Promo,SWSHP
Sylveon V,SWSH202/307,Promo,SWSHP
Umbreon V,SWSH203/307,Promo,SWSHP
Arceus V,SWSH204/307,Promo,SWSHP
Basculegion de Hisui,SWSH205/307,Promo,SWSHP
Wyrdeer,SWSH206/307,Promo,SWSHP
Samurott de Hisui,SWSH207/307,Promo,SWSHP
Magnezone,SWSH208/307,Promo,SWSHP
Toxel,SWSH209/307,Promo,SWSHP
Oricorio,SWSH210/307,Promo,SWSHP
Sylveon,SWSH211/307,Promo,SWSHP
Eevee,SWSH212/307,Promo,SWSHP
Lucario V,SWSH213/307,Promo,SWSHP
Lucario V-ASTRO,SWSH214/307,Promo,SWSHP
Morpeko V-UNIÃO,SWSH215/307,Promo,SWSHP
Morpeko V-UNIÃO,SWSH216/307,Promo,SWSHP
Morpeko V-UNIÃO,SWSH217/307,Promo,SWSHP
Morpeko V-UNIÃO,SWSH218/307,Promo,SWSHP
Boltund V,SWSH219/307,Promo,SWSHP
Rowlet,SWSH220/307,Promo,SWSHP
Cyndaquil,SWSH221/307,Promo,SWSHP
Oshawott,SWSH222/307,Promo,SWSHP
Mewtwo V,SWSH223/307,Promo,SWSHP
Melmetal V,SWSH224/307,Promo,SWSHP
Exeggutor de Alola V,SWSH225/307,Promo,SWSHP
Spark,SWSH226/307,Promo,SWSHP
Blanche,SWSH227/307,Promo,SWSHP
Candela,SWSH228/307,Promo,SWSHP
Mewtwo V,SWSH229/307,Promo,SWSHP
Eevee Radiante,SWSH230/307,Promo,SWSHP
Bulbasaur,SWSH231/307,Promo,SWSHP
Charmander,SWSH232/307,Promo,SWSHP
Squirtle,SWSH233/307,Promo,SWSHP
Pikachu,SWSH234/307,Promo,SWSHP
Dragonite V,SWSH235/307,Promo,SWSHP
Dragonite V-ASTRO,SWSH236/307,Promo,SWSHP
Typhlosion de Hisui V,SWSH237/307,Promo,SWSHP
Decidueye de Hisui V,SWSH238/307,Promo,SWSHP
Samurott de Hisui V,SWSH239/307,Promo,SWSHP
Finneon,SWSH240/307,Promo,SWSHP
Gengar,SWSH241/307,Promo,SWSHP
Comfey,SWSH242/307,Promo,SWSHP
Machamp,SWSH243/307,Promo,SWSHP
Scorbunny,SWSH244/307,Promo,SWSHP
Croagunk,SWSH245/307,Promo,SWSHP
Weavile,SWSH246/307,Promo,SWSHP
Regigigas,SWSH247/307,Promo,SWSHP
Kleavor V,SWSH248/307,Promo,SWSHP
Kleavor V-ASTRO,SWSH249/307,Promo,SWSHP
Lumineon V,SWSH250/307,Promo,SWSHP
Ordens da Chefia,SWSH251/307,Promo,SWSHP
Infernape V,SWSH252/307,Promo,SWSHP
Palkia Forma Origem V,SWSH253/307,Promo,SWSHP
Palkia Forma Origem V-ASTRO,SWSH254/307,Promo,SWSHP
Dialga Forma Origem V,SWSH255/307,Promo,SWSHP
Dialga Forma Origem V-ASTRO,SWSH256/307,Promo,SWSHP
Rotom V,SWSH257/307,Promo,SWSHP
Gallade V,SWSH258/307,Promo,SWSHP
Giratina V,SWSH259/307,Promo,SWSHP
Charizard V,SWSH260/307,Promo,SWSHP
Charizard VMAX,SWSH261/307,Promo,SWSHP
Charizard V-ASTRO,SWSH262/307,Promo,SWSHP
Zeraora V,SWSH263/307,Promo,SWSHP
Zeraora VMAX,SWSH264/307,Promo,SWSHP
Zeraora V-ASTRO,SWSH265/307,Promo,SWSHP
Deoxys V,SWSH266/307,Promo,SWSHP
Deoxys VMAX,SWSH267/307,Promo,SWSHP
Deoxys V-ASTRO,SWSH268/307,Promo,SWSHP
Sunflora,SWSH269/307,Promo,SWSHP
Rapidash,SWSH270/307,Promo,SWSHP
Kirlia,SWSH271/307,Promo,SWSHP
Archeops,SWSH272/307,Promo,SWSHP
Basculin de Hisui,SWSH273/307,Promo,SWSHP
Cranidos,SWSH274/307,Promo,SWSHP
Manaphy,SWSH275/307,Promo,SWSHP
Togetic,SWSH276/307,Promo,SWSHP
Rillaboom,SWSH277/307,Promo,SWSHP
Cinderace,SWSH278/307,Promo,SWSHP
Inteleon,SWSH279/307,Promo,SWSHP
Regieleki V,SWSH280/307,Promo,SWSHP
Regidrago V,SWSH281/307,Promo,SWSHP
Articuno de Galar,SWSH282/307,Promo,SWSHP
Zapdos de Galar,SWSH283/307,Promo,SWSHP
Moltres de Galar,SWSH284/307,Promo,SWSHP
Pikachu V,SWSH285/307,Promo,SWSHP
Pikachu VMAX,SWSH286/307,Promo,SWSHP
Morpeko V-UNIÃO,SWSH287/307,Promo,SWSHP
Morpeko V-UNIÃO,SWSH288/307,Promo,SWSHP
Morpeko V-UNIÃO,SWSH289/307,Promo,SWSHP
Morpeko V-UNIÃO,SWSH290/307,Promo,SWSHP
Lucario V-ASTRO,SWSH291/307,Promo,SWSHP
Zacian V,SWSH292/307,Promo,SWSHP
Zamazenta V,SWSH293/307,Promo,SWSHP
Electrode de Hisui V,SWSH294/307,Promo,SWSHP
Virizion V,SWSH295/307,Promo,SWSHP
Festival dos Campeões,SWSH296/307,Promo,SWSHP
Zoroark de Hisui V,SWSH297/307,Promo,SWSHP
Zoroark de Hisui V-ASTRO,SWSH298/307,Promo,SWSHP
Klara,SWSH302/307,Promo,SWSHP
Bulbasaur,SWSH303/307,Promo,SWSHP
Arcanine,SWSH304/307,Promo,SWSHP
Greninja,SWSH305/307,Promo,SWSHP
Arceus V,SWSH306/307,Promo,SWSHP
Arceus V-ASTRO,SWSH307/307,Promo,SWSHP
Weedle,1/185,Common,VIV
Kakuna,2/185,Uncommon,VIV
Beedrill,3/185,Rare,VIV
Exeggcute,4/185,Common,VIV
Exeggutor,5/185,Rare,VIV
Yanma,6/185,Common,VIV
Yanmega,7/185,Rare,VIV
Pineco,8/185,Common,VIV
Celebi,9/185,Amazing Rare,VIV
Seedot,10/185,Common,VIV
Nuzleaf,11/185,Uncommon,VIV
Shiftry,12/185,Rare,VIV
Nincada,13/185,Common,VIV
Ninjask,14/185,Rare,VIV
Shaymin,15/185,Rare Holo,VIV
Genesect,16/185,Rare Holo,VIV
Skiddo,17/185,Common,VIV
Gogoat,18/185,Uncommon,VIV
Dhelmise,19/185,Uncommon,VIV
Orbeetle V,20/185,Rare Holo V,VIV
Orbeetle VMAX,21/185,Rare Holo VMAX,VIV
Zarude V,22/185,Rare Holo V,VIV
Charmander,23/185,Common,VIV
Charmeleon,24/185,Uncommon,VIV
Charizard,25/185,Rare,VIV
Flareon,26/185,Rare,VIV
Slugma,27/185,Common,VIV
Magcargo,28/185,Uncommon,VIV
Talonflame V,29/185,Rare Holo V,VIV
Vaporeon,30/185,Rare,VIV
Wailmer,31/185,Common,VIV
Wailord,32/185,Rare Holo,VIV
Oshawott,33/185,Common,VIV
Dewott,34/185,Uncommon,VIV
Samurott,35/185,Rare,VIV
Darmanitan de Galar V,36/185,Rare Holo V,VIV
Darmanitan de Galar VMAX,37/185,Rare Holo VMAX,VIV
Chewtle,38/185,Common,VIV
Drednaw,39/185,Rare,VIV
Cramorant,40/185,Uncommon,VIV
Arrokuda,41/185,Common,VIV
Barraskewda,42/185,Rare,VIV
Pikachu V,43/185,Rare Holo V,VIV
Pikachu VMAX,44/185,Rare Holo VMAX,VIV
Voltorb,45/185,Common,VIV
Electrode,46/185,Rare Holo,VIV
Jolteon,47/185,Rare,VIV
Zapdos,48/185,Rare Holo,VIV
Ampharos V,49/185,Rare Holo V,VIV
Raikou,50/185,Amazing Rare,VIV
Electrike,51/185,Common,VIV
Manectric,52/185,Rare,VIV
Blitzle,53/185,Common,VIV
Zebstrika,54/185,Uncommon,VIV
Joltik,55/185,Common,VIV
Galvantula,56/185,Uncommon,VIV
Tynamo,57/185,Common,VIV
Eelektrik,58/185,Uncommon,VIV
Eelektross,59/185,Rare,VIV
Zekrom,60/185,Rare Holo,VIV
Zeraora,61/185,Rare Holo,VIV
Pincurchin,62/185,Uncommon,VIV
Clefairy,63/185,Common,VIV
Clefable,64/185,Rare,VIV
Girafarig,65/185,Uncommon,VIV
Shedinja,66/185,Rare,VIV
Shuppet,67/185,Common,VIV
Banette,68/185,Rare,VIV
Duskull,69/185,Common,VIV
Dusclops,70/185,Uncommon,VIV
Dusknoir,71/185,Rare Holo,VIV
Chimecho,72/185,Common,VIV
Woobat,73/185,Common,VIV
Swoobat,74/185,Uncommon,VIV
Cottonee,75/185,Common,VIV
Whimsicott,76/185,Rare,VIV
Dedenne,77/185,Common,VIV
Xerneas,78/185,Rare Holo,VIV
Diancie,79/185,Rare Holo,VIV
Milcery,80/185,Common,VIV
Alcremie,81/185,Rare,VIV
Zacian,82/185,Amazing Rare,VIV
Wooper,83/185,Common,VIV
Quagsire,84/185,Rare,VIV
Shuckle,85/185,Uncommon,VIV
Phanpy,86/185,Common,VIV
Donphan,87/185,Rare,VIV
Hitmontop,88/185,Uncommon,VIV
Regirock,89/185,Rare Holo,VIV
Riolu,90/185,Common,VIV
Drilbur,91/185,Common,VIV
Terrakion,92/185,Rare,VIV
Zygarde,93/185,Rare Holo,VIV
Rockruff,94/185,Common,VIV
Lycanroc,95/185,Rare,VIV
Mudbray,96/185,Common,VIV
Mudsdale,97/185,Rare,VIV
Coalossal V,98/185,Rare Holo V,VIV
Coalossal VMAX,99/185,Rare Holo VMAX,VIV
Clobbopus,100/185,Common,VIV
Grapploct,101/185,Rare,VIV
Zamazenta,102/185,Amazing Rare,VIV
Poochyena,103/185,Common,VIV
Mightyena,104/185,Uncommon,VIV
Sableye,105/185,Uncommon,VIV
Drapion V,106/185,Rare Holo V,VIV
Sandile,107/185,Common,VIV
Krokorok,108/185,Uncommon,VIV
Krookodile,109/185,Rare,VIV
Trubbish,110/185,Common,VIV
Garbodor,111/185,Rare,VIV
Meowth de Galar,112/185,Common,VIV
Perrserker de Galar,113/185,Rare,VIV
Forretress,114/185,Rare,VIV
Steelix V,115/185,Rare Holo V,VIV
Beldum,116/185,Common,VIV
Metang,117/185,Uncommon,VIV
Metagross,118/185,Rare,VIV
Jirachi,119/185,Amazing Rare,VIV
Lucario,120/185,Rare,VIV
Dialga,121/185,Rare Holo,VIV
Excadrill,122/185,Uncommon,VIV
Ferroseed,123/185,Common,VIV
Ferrothorn,124/185,Uncommon,VIV
Stunfisk de Galar,125/185,Uncommon,VIV
Aegislash V,126/185,Rare Holo V,VIV
Aegislash VMAX,127/185,Rare Holo VMAX,VIV
Magearna,128/185,Rare Holo,VIV
Duraludon,129/185,Rare Holo,VIV
Eevee,130/185,Common,VIV
Snorlax,131/185,Rare Holo,VIV
Lugia,132/185,Rare Holo,VIV
Taillow,133/185,Common,VIV
Swellow,134/185,Uncommon,VIV
Whismur,135/185,Common,VIV
Loudred,136/185,Uncommon,VIV
Exploud,137/185,Rare,VIV
Rayquaza,138/185,Amazing Rare,VIV
Chatot,139/185,Common,VIV
Togekiss V,140/185,Rare Holo V,VIV
Togekiss VMAX,141/185,Rare Holo VMAX,VIV
Tornadus,142/185,Rare Holo,VIV
Pikipek,143/185,Common,VIV
Trumbeak,144/185,Uncommon,VIV
Toucannon,145/185,Rare,VIV
Allister,146/185,Uncommon,VIV
Bia,147/185,Uncommon,VIV
Modelo,148/185,Uncommon,VIV
Clara Petra,149/185,Uncommon,VIV
Banho de Circhester,150/185,Uncommon,VIV
Drone Rotom,151/185,Uncommon,VIV
Medalha do Herói,152/185,Uncommon,VIV
Staff da Liga,153/185,Uncommon,VIV
Leon,154/185,Rare Holo,VIV
Cápsula de Memória,155/185,Uncommon,VIV
Queijo de Moomoo,156/185,Uncommon,VIV
Vanessa,157/185,Uncommon,VIV
Alba,158/185,Uncommon,VIV
Capacete de Pedra,159/185,Uncommon,VIV
Visão Telescópica,160/185,Uncommon,VIV
Estádio de Wyndon,161/185,Uncommon,VIV
Energia Grass Aromática,162/185,Uncommon,VIV
Energia Metal Revestida,163/185,Uncommon,VIV
Energia Fighting Pétrea,164/185,Uncommon,VIV
Energia Water Banhada,165/185,Uncommon,VIV
Orbeetle V,166/185,Rare Ultra,VIV
Zarude V,167/185,Rare Ultra,VIV
Talonflame V,168/185,Rare Ultra,VIV
Darmanitan de Galar V,169/185,Rare Ultra,VIV
Pikachu V,170/185,Rare Ultra,VIV
Ampharos V,171/185,Rare Ultra,VIV
Alakazam V,172/185,Rare Ultra,VIV
Coalossal V,173/185,Rare Ultra,VIV
Sirfetch'd de Galar V,174/185,Rare Ultra,VIV
Drapion V,175/185,Rare Ultra,VIV
Steelix V,176/185,Rare Ultra,VIV
Aegislash V,177/185,Rare Ultra,VIV
Togekiss V,178/185,Rare Ultra,VIV
Allister,179/185,Rare Ultra,VIV
Bia,180/185,Rare Ultra,VIV
Modelo,181/185,Rare Ultra,VIV
Leon,182/185,Rare Ultra,VIV
Vanessa,183/185,Rare Ultra,VIV
Alba,184/185,Rare Ultra,VIV
Dama do Centro Pokémon,185/185,Rare Ultra,VIV
Orbeetle VMAX,186/185,Rare Rainbow,VIV
Darmanitan de Galar VMAX,187/185,Rare Rainbow,VIV
Pikachu VMAX,188/185,Rare Rainbow,VIV
Coalossal VMAX,189/185,Rare Rainbow,VIV
Aegislash VMAX,190/185,Rare Rainbow,VIV
Togekiss VMAX,191/185,Rare Rainbow,VIV
Allister,192/185,Rare Rainbow,VIV
Bia,193/185,Rare Rainbow,VIV
Modelo,194/185,Rare Rainbow,VIV
Leon,195/185,Rare Rainbow,VIV
Vanessa,196/185,Rare Rainbow,VIV
Alba,197/185,Rare Rainbow,VIV
Obstagoon de Galar,198/185,Rare Secret,VIV
Oranguru,199/185,Rare Secret,VIV
Capa da Determinação,200/185,Rare Secret,VIV
Medalha do Herói,201/185,Rare Secret,VIV
Cápsula de Memória,202/185,Rare Secret,VIV
Visão Telescópica,203/185,Rare Secret,VIV
Oddish,1/98,Common,AOR
Gloom,2/98,Uncommon,AOR
Vileplume,3/98,Rare,AOR
Bellossom,4/98,Uncommon,AOR
Spinarak,5/98,Common,AOR
Ariados,6/98,Uncommon,AOR
Sceptile EX,7/98,Rare Holo EX,AOR
M-Sceptile EX,8/98,Rare Holo EX,AOR
Combee,9/98,Common,AOR
Vespiquen,10/98,Uncommon,AOR
Vespiquen,11/98,Rare,AOR
Virizion,12/98,Rare Holo,AOR
Flareon,13/98,Uncommon,AOR
Entei,14/98,Rare,AOR
Entei,15/98,Rare Holo,AOR
Larvesta,16/98,Common,AOR
Volcarona,17/98,Rare Holo,AOR
Volcarona,18/98,Rare,AOR
Magikarp,19/98,Common,AOR
Gyarados,20/98,Rare,AOR
Gyarados,21/98,Rare Holo,AOR
Vaporeon,22/98,Uncommon,AOR
Relicanth,23/98,Common,AOR
Regice,24/98,Rare,AOR
Kyurem EX,25/98,Rare Holo EX,AOR
Jolteon,26/98,Rare Holo,AOR
Ampharos EX,27/98,Rare Holo EX,AOR
M-Ampharos EX,28/98,Rare Holo EX,AOR
Rotom,29/98,Uncommon,AOR
Unown,30/98,Common,AOR
Baltoy,31/98,Common,AOR
Baltoy,32/98,Common,AOR
Claydol,33/98,Rare,AOR
Golett,34/98,Common,AOR
Golurk,35/98,Rare,AOR
Hoopa EX,36/98,Rare Holo EX,AOR
Machamp EX,37/98,Rare Holo EX,AOR
Wooper,38/98,Common,AOR
Quagsire,39/98,Common,AOR
Regirock,40/98,Rare,AOR
Golurk,41/98,Common,AOR
Tyranitar EX,42/98,Rare Holo EX,AOR
M-Tyranitar EX,43/98,Rare Holo EX,AOR
Sableye,44/98,Uncommon,AOR
Inkay,45/98,Common,AOR
Malamar,46/98,Common,AOR
Beldum,47/98,Common,AOR
Metang,48/98,Uncommon,AOR
Metagross,49/98,Rare,AOR
Metagross,50/98,Rare,AOR
Registeel,51/98,Rare,AOR
Ralts,52/98,Common,AOR
Kirlia,53/98,Uncommon,AOR
Gardevoir,54/98,Rare Holo,AOR
Cottonee,55/98,Common,AOR
Whimsicott,56/98,Uncommon,AOR
Giratina EX,57/98,Rare Holo EX,AOR
Goomy,58/98,Common,AOR
Sliggoo,59/98,Uncommon,AOR
Goodra,60/98,Rare Holo,AOR
Meowth,61/98,Common,AOR
Persian,62/98,Common,AOR
Eevee,63/98,Common,AOR
Porygon,64/98,Common,AOR
Porygon2,65/98,Uncommon,AOR
Porygon-Z,66/98,Rare,AOR
Porygon-Z,67/98,Rare Holo,AOR
Lugia EX,68/98,Rare Holo EX,AOR
Treinador Ás,69/98,Uncommon,AOR
Elo Espiritual de Ampharos,70/98,Uncommon,AOR
Braço de Eco,71/98,Uncommon,AOR
Reciclador de Energia,72/98,Uncommon,AOR
Cidade Desvanecida,73/98,Uncommon,AOR
Floresta das Plantas Gigantes,74/98,Uncommon,AOR
Maníaco de Feitiços,75/98,Uncommon,AOR
Maníaco de Feitiços,75a/98,Rare Ultra,AOR
Bola de Nível,76/98,Uncommon,AOR
Capacete da Sorte,77/98,Uncommon,AOR
Lysandre,78/98,Uncommon,AOR
Rolo de Pintura,79/98,Uncommon,AOR
Elo Espiritual de Sceptile,80/98,Uncommon,AOR
Elo Espiritual de Tyranitar,81/98,Uncommon,AOR
Energia Perigoso,82/98,Uncommon,AOR
Energia Lampejante,83/98,Uncommon,AOR
Sceptile EX,84/98,Rare Ultra,AOR
M-Sceptile EX,85/98,Rare Ultra,AOR
Kyurem EX,86/98,Rare Ultra,AOR
Ampharos EX,87/98,Rare Ultra,AOR
M-Ampharos EX,88/98,Rare Ultra,AOR
Hoopa EX,89/98,Rare Ultra,AOR
Machamp EX,90/98,Rare Ultra,AOR
Tyranitar EX,91/98,Rare Ultra,AOR
M-Tyranitar EX,92/98,Rare Ultra,AOR
Giratina EX,93/98,Rare Ultra,AOR
Lugia EX,94/98,Rare Ultra,AOR
Steven,95/98,Rare Ultra,AOR
Kyogre PrimitivoEX,96/98,Rare Secret,AOR
Groudon Primitivo EX,97/98,Rare Secret,AOR
M-Rayquaza EX,98/98,Rare Secret,AOR
Recuperação de Energia,99/98,Rare Secret,AOR
Correio de Treinadores,100/98,Rare Secret,AOR
Chikorita,1/122,Common,BKP
Bayleef,2/122,Uncommon,BKP
Meganium,3/122,Rare Holo,BKP
Seedot,4/122,Common,BKP
Kricketot,5/122,Common,BKP
Kricketune,6/122,Uncommon,BKP
Petilil,7/122,Common,BKP
Lilligant,8/122,Rare,BKP
Durant,9/122,Uncommon,BKP
Growlithe,10/122,Common,BKP
Arcanine,11/122,Uncommon,BKP
Numel,12/122,Common,BKP
Camerupt,13/122,Rare,BKP
Emboar EX,14/122,Rare Holo EX,BKP
Heatmor,15/122,Uncommon,BKP
Psyduck,16/122,Common,BKP
Golduck,17/122,Rare,BKP
Golduck TURBO,18/122,Rare BREAK,BKP
Slowpoke,19/122,Common,BKP
Slowbro,20/122,Uncommon,BKP
Slowking,21/122,Rare Holo,BKP
Shellder,22/122,Common,BKP
Shellder,23/122,Common,BKP
Cloyster,24/122,Uncommon,BKP
Staryu,25/122,Common,BKP
Gyarados EX,26/122,Rare Holo EX,BKP
M-Gyarados EX,27/122,Rare Holo EX,BKP
Lapras,28/122,Uncommon,BKP
Corsola,29/122,Common,BKP
Suicune,30/122,Rare Holo,BKP
Palkia EX,31/122,Rare Holo EX,BKP
Manaphy EX,32/122,Rare Holo EX,BKP
Tympole,33/122,Common,BKP
Palpitoad,34/122,Uncommon,BKP
Seismitoad,35/122,Rare,BKP
Ducklett,36/122,Common,BKP
Swanna,37/122,Uncommon,BKP
Froakie,38/122,Common,BKP
Frogadier,39/122,Uncommon,BKP
Greninja,40/122,Rare,BKP
Greninja TURBO,41/122,Rare BREAK,BKP
Electabuzz,42/122,Common,BKP
Electivire,43/122,Uncommon,BKP
Shinx,44/122,Common,BKP
Luxio,45/122,Uncommon,BKP
Luxray,46/122,Rare,BKP
Luxray TURBO,47/122,Rare BREAK,BKP
Blitzle,48/122,Common,BKP
Zebstrika,49/122,Rare,BKP
Drowzee,50/122,Common,BKP
Hypno,51/122,Rare,BKP
Espeon EX,52/122,Rare Holo EX,BKP
Skorupi,53/122,Common,BKP
Drapion,54/122,Rare,BKP
Sigilyph,55/122,Uncommon,BKP
Trubbish,56/122,Common,BKP
Garbodor,57/122,Rare Holo,BKP
Espurr,58/122,Common,BKP
Meowstic,59/122,Rare,BKP
Honedge,60/122,Common,BKP
Doublade,61/122,Uncommon,BKP
Aegislash,62/122,Rare Holo,BKP
Skrelp,63/122,Common,BKP
Phantump,64/122,Common,BKP
Trevenant,65/122,Rare,BKP
Trevenant TURBO,66/122,Rare BREAK,BKP
Sudowoodo,67/122,Uncommon,BKP
Gible,68/122,Common,BKP
Gabite,69/122,Uncommon,BKP
Garchomp,70/122,Rare Holo,BKP
Pancham,71/122,Common,BKP
Nuzleaf,72/122,Uncommon,BKP
Shiftry,73/122,Rare,BKP
Darkrai EX,74/122,Rare Holo EX,BKP
Pangoro,75/122,Rare,BKP
Scizor EX,76/122,Rare Holo EX,BKP
M-Scizor EX,77/122,Rare Holo EX,BKP
Mawile,78/122,Uncommon,BKP
Ferroseed,79/122,Common,BKP
Ferrothorn,80/122,Rare,BKP
Clefairy,81/122,Common,BKP
Clefable,82/122,Rare,BKP
Togekiss EX,83/122,Rare Holo EX,BKP
Spritzee,84/122,Common,BKP
Aromatisse,85/122,Uncommon,BKP
Dragalge,86/122,Rare Holo,BKP
Rattata,87/122,Common,BKP
Raticate,88/122,Rare,BKP
Raticate TURBO,89/122,Rare BREAK,BKP
Dunsparce,90/122,Uncommon,BKP
Stantler,91/122,Uncommon,BKP
Ho-Oh EX,92/122,Rare Holo EX,BKP
Glameow,93/122,Common,BKP
Purugly,94/122,Uncommon,BKP
Furfrou,95/122,Common,BKP
Festa a Noite Toda,96/122,Uncommon,BKP
Estouro de Balão,97/122,Uncommon,BKP
Delinquente,98/122,Uncommon,BKP
Delinquente,98a/122,Uncommon,BKP
Delinquente,98b/122,Rare Ultra,BKP
Cinto de Luta Furiosa,99/122,Uncommon,BKP
Grande Bola,100/122,Uncommon,BKP
Elo Espiritual de Gyarados,101/122,Uncommon,BKP
Elixir Máximo,102/122,Uncommon,BKP
Poção Máxima,103/122,Uncommon,BKP
Determinação da Misty,104/122,Uncommon,BKP
Pegador de Pokémon,105/122,Uncommon,BKP
Poção,106/122,Uncommon,BKP
Professor Sycamore,107/122,Uncommon,BKP
Professor Sycamore,107a/122,Uncommon,BKP
Terceiro Olho do Psíquico,108/122,Uncommon,BKP
Enigma do Tempo,109/122,Uncommon,BKP
Vale Invertido,110/122,Uncommon,BKP
Elo Espiritual de Scizor,111/122,Uncommon,BKP
Tierno,112/122,Uncommon,BKP
Energia Borrifada,113/122,Uncommon,BKP
Gyarados EX,114/122,Rare Ultra,BKP
M-Gyarados EX,115/122,Rare Ultra,BKP
Manaphy EX,116/122,Rare Ultra,BKP
Espeon EX,117/122,Rare Ultra,BKP
Darkrai EX,118/122,Rare Ultra,BKP
Scizor EX,119/122,Rare Ultra,BKP
M-Scizor EX,120/122,Rare Ultra,BKP
Ho-Oh EX,121/122,Rare Ultra,BKP
Skyla,122/122,Rare Ultra,BKP
Gyarados EX,123/122,Rare Secret,BKP
Paras,1/162,Common,BKT
Parasect,2/162,Rare,BKT
Pinsir,3/162,Uncommon,BKT
Cacnea,4/162,Common,BKT
Pansage,5/162,Common,BKT
Simisage,6/162,Rare,BKT
Chespin,7/162,Common,BKT
Chespin,8/162,Common,BKT
Chespin,9/162,Common,BKT
Quilladin,10/162,Uncommon,BKT
Chesnaught,11/162,Rare Holo,BKT
Chesnaught TURBO,12/162,Rare BREAK,BKT
Scatterbug,13/162,Common,BKT
Spewpa,14/162,Uncommon,BKT
Vivillon,15/162,Rare Holo,BKT
Skiddo,16/162,Common,BKT
Gogoat,17/162,Uncommon,BKT
Cyndaquil,18/162,Common,BKT
Quilava,19/162,Uncommon,BKT
Typhlosion,20/162,Rare Holo,BKT
Houndoom EX,21/162,Rare Holo EX,BKT
M-Houndoom EX,22/162,Rare Holo EX,BKT
Pansear,23/162,Common,BKT
Simisear,24/162,Rare,BKT
Fennekin,25/162,Common,BKT
Braixen,26/162,Uncommon,BKT
Goldeen,27/162,Common,BKT
Seaking,28/162,Uncommon,BKT
Staryu,29/162,Common,BKT
Starmie,30/162,Uncommon,BKT
Remoraid,31/162,Common,BKT
Remoraid,32/162,Common,BKT
Octillery,33/162,Rare Holo,BKT
Glalie EX,34/162,Rare Holo EX,BKT
M-Glalie EX,35/162,Rare Holo EX,BKT
Piplup,36/162,Common,BKT
Prinplup,37/162,Uncommon,BKT
Empoleon,38/162,Rare Holo,BKT
Snover,39/162,Common,BKT
Abomasnow,40/162,Rare,BKT
Panpour,41/162,Common,BKT
Simipour,42/162,Rare,BKT
Vanillite,43/162,Common,BKT
Vanillish,44/162,Uncommon,BKT
Vanilluxe,45/162,Rare,BKT
Froakie,46/162,Common,BKT
Frogadier,47/162,Uncommon,BKT
Pikachu,48/162,Common,BKT
Raichu,49/162,Rare,BKT
Raichu TURBO,50/162,Rare BREAK,BKT
Magnemite,51/162,Common,BKT
Magnemite,52/162,Common,BKT
Magneton,53/162,Uncommon,BKT
Magnezone,54/162,Rare Holo,BKT
Raikou,55/162,Rare Holo,BKT
Stunfisk,56/162,Uncommon,BKT
Dedenne,57/162,Uncommon,BKT
Gastly,58/162,Common,BKT
Haunter,59/162,Uncommon,BKT
Gengar,60/162,Rare Holo,BKT
Mewtwo EX,61/162,Rare Holo EX,BKT
Mewtwo EX,62/162,Rare Holo EX,BKT
M-Mewtwo EX,63/162,Rare Holo EX,BKT
M-Mewtwo EX,64/162,Rare Holo EX,BKT
Misdreavus,65/162,Common,BKT
Mismagius,66/162,Rare Holo,BKT
Wobbuffet,67/162,Uncommon,BKT
Ralts,68/162,Common,BKT
Kirlia,69/162,Uncommon,BKT
Cresselia,70/162,Rare,BKT
Woobat,71/162,Common,BKT
Swoobat,72/162,Uncommon,BKT
Elgyem,73/162,Common,BKT
Beheeyem,74/162,Uncommon,BKT
Sandshrew,75/162,Common,BKT
Sandslash,76/162,Uncommon,BKT
Cubone,77/162,Common,BKT
Marowak,78/162,Rare,BKT
Marowak TURBO,79/162,Rare BREAK,BKT
Swinub,80/162,Common,BKT
Piloswine,81/162,Uncommon,BKT
Mamoswine,82/162,Rare Holo,BKT
Hippopotas,83/162,Common,BKT
Gallade,84/162,Rare Holo,BKT
Meloetta,85/162,Rare Holo,BKT
Pancham,86/162,Common,BKT
Hawlucha,87/162,Rare,BKT
Cacturne,88/162,Uncommon,BKT
Zorua,89/162,Common,BKT
Zorua,90/162,Common,BKT
Zoroark,91/162,Rare Holo,BKT
Zoroark TURBO,92/162,Rare BREAK,BKT
Inkay,93/162,Common,BKT
Yveltal,94/162,Rare Holo,BKT
Bronzor,95/162,Common,BKT
Bronzong,96/162,Rare,BKT
Mr. Mime,97/162,Rare,BKT
Snubbull,98/162,Common,BKT
Granbull,99/162,Uncommon,BKT
Ralts,100/162,Common,BKT
Flabébé,101/162,Common,BKT
Floette,102/162,Uncommon,BKT
Florges,103/162,Rare,BKT
Florges TURBO,104/162,Rare BREAK,BKT
Spritzee,105/162,Common,BKT
Aromatisse,106/162,Rare,BKT
Xerneas,107/162,Rare Holo,BKT
Axew,108/162,Common,BKT
Axew,109/162,Common,BKT
Fraxure,110/162,Uncommon,BKT
Haxorus,111/162,Rare Holo,BKT
Noivern,112/162,Rare,BKT
Noivern TURBO,113/162,Rare BREAK,BKT
Meowth,114/162,Common,BKT
Doduo,115/162,Common,BKT
Doduo,116/162,Common,BKT
Dodrio,117/162,Rare,BKT
Snorlax,118/162,Uncommon,BKT
Hoothoot,119/162,Common,BKT
Noctowl,120/162,Rare,BKT
Teddiursa,121/162,Common,BKT
Ursaring,122/162,Uncommon,BKT
Smeargle,123/162,Rare,BKT
Swablu,124/162,Common,BKT
Starly,125/162,Common,BKT
Staravia,126/162,Uncommon,BKT
Staraptor,127/162,Rare,BKT
Chatot,128/162,Rare,BKT
Rufflet,129/162,Common,BKT
Braviary,130/162,Rare,BKT
Noibat,131/162,Common,BKT
Noibat,132/162,Common,BKT
Colete de Ataque,133/162,Uncommon,BKT
Brigette,134/162,Uncommon,BKT
Resgate de Colega,135/162,Uncommon,BKT
Pescador,136/162,Uncommon,BKT
Pedra Flutuante,137/162,Uncommon,BKT
Esquema do Giovanni,138/162,Uncommon,BKT
Elo Espiritual de Glalie,139/162,Uncommon,BKT
Bola Pesada,140/162,Uncommon,BKT
Botas Pesadas,141/162,Uncommon,BKT
Elo Espiritual de Houndoom,142/162,Uncommon,BKT
Juiz,143/162,Uncommon,BKT
Elo Espiritual de Mewtwo,144/162,Uncommon,BKT
Cidade Paralela,145/162,Uncommon,BKT
Carta do Professor,146/162,Uncommon,BKT
Carta do Professor,146a/162,Uncommon,BKT
Tíquete Reservado,147/162,Uncommon,BKT
Skyla,148/162,Uncommon,BKT
Super Bastão,149/162,Uncommon,BKT
Mapa da Cidade,150/162,Uncommon,BKT
Energia Ardente,151/162,Uncommon,BKT
Energia Arco-Íris,152/162,Uncommon,BKT
Houndoom EX,153/162,Rare Ultra,BKT
M-Houndoom EX,154/162,Rare Ultra,BKT
Glalie EX,155/162,Rare Ultra,BKT
M-Glalie EX,156/162,Rare Ultra,BKT
Mewtwo EX,157/162,Rare Ultra,BKT
Mewtwo EX,158/162,Rare Ultra,BKT
M-Mewtwo EX,159/162,Rare Ultra,BKT
M-Mewtwo EX,160/162,Rare Ultra,BKT
Brigette,161/162,Rare Ultra,BKT
Esquema do Giovanni,162/162,Rare Ultra,BKT
Mewtwo EX,163/162,Rare Secret,BKT
Mewtwo EX,164/162,Rare Secret,BKT
Numel da Equipe Magma,1/34,Common,DCR
Camerupt da Equipe Magma,2/34,Rare Holo,DCR
Spheal da Equipe Aqua,3/34,Common,DCR
Sealeo da Equipe Aqua,4/34,Common,DCR
Walrein da Equipe Aqua,5/34,Rare Holo,DCR
Kyogre-EX da Equipe Aqua,6/34,Rare Ultra,DCR
Grimer da Equipe Aqua,7/34,Common,DCR
Muk da Equipe Aqua,8/34,Rare Holo,DCR
Seviper da Equipe Aqua,9/34,Common,DCR
Baltoy da Equipe Magma,10/34,Common,DCR
Claydol da Equipe Magma,11/34,Rare Holo,DCR
Aron da Equipe Magma,12/34,Common,DCR
Lairon da Equipe Magma,13/34,Common,DCR
Aggron da Equipe Magma,14/34,Rare Holo,DCR
Groudon-EX da Equipe Magma,15/34,Rare Ultra,DCR
Poochyena da Equipe Aqua,16/34,Common,DCR
Poochyena da Equipe Magma,17/34,Common,DCR
Mightyena da Equipe Aqua,18/34,Common,DCR
Mightyena da Equipe Magma,19/34,Common,DCR
Carvanha da Equipe Aqua,20/34,Common,DCR
Sharpedo da Equipe Aqua,21/34,Rare Holo,DCR
Zangoose da Equipe Magma,22/34,Common,DCR
Difusor Aqua,23/34,Uncommon,DCR
Ponteiro Magma,24/34,Uncommon,DCR
Admin. da Equipe Aqua,25/34,Uncommon,DCR
Operário da Equipe Aqua,26/34,Uncommon,DCR
Grande Bola da Equipe Aqua,27/34,Uncommon,DCR
Base Secreta da Equipe Aqua,28/34,Uncommon,DCR
Admin. da Equipe Magma,29/34,Uncommon,DCR
Operário da Equipe Magma,30/34,Uncommon,DCR
Grande Bola da Equipe Magma,31/34,Uncommon,DCR
Base Secreta da Equipe Magma,32/34,Uncommon,DCR
Energia Aqua Dupla,33/34,Uncommon,DCR
Energia Magma Dupla,34/34,Uncommon,DCR
Venusaur EX,1/108,Rare Holo EX,EVO
M Venusaur EX,2/108,Rare Holo EX,EVO
Caterpie,3/108,Common,EVO
Metapod,4/108,Uncommon,EVO
Weedle,5/108,Common,EVO
Kakuna,6/108,Uncommon,EVO
Beedrill,7/108,Rare,EVO
Tangela,8/108,Common,EVO
Charmander,9/108,Common,EVO
Charmeleon,10/108,Uncommon,EVO
Charizard,11/108,Rare Holo,EVO
Charizard EX,12/108,Rare Holo EX,EVO
M-Charizard EX,13/108,Rare Holo EX,EVO
Vulpix,14/108,Common,EVO
Ninetales,15/108,Rare Holo,EVO
Ninetales TURBO,16/108,Rare BREAK,EVO
Growlithe,17/108,Common,EVO
Arcanine,18/108,Rare,EVO
Ponyta,19/108,Common,EVO
Magmar,20/108,Uncommon,EVO
Blastoise EX,21/108,Rare Holo EX,EVO
M-Blastoise EX,22/108,Rare Holo EX,EVO
Poliwag,23/108,Common,EVO
Poliwhirl,24/108,Uncommon,EVO
Poliwrath,25/108,Rare Holo,EVO
Slowbro EX,26/108,Rare Holo EX,EVO
M-Slowbro EX,27/108,Rare Holo EX,EVO
Seel,28/108,Common,EVO
Dewgong,29/108,Rare,EVO
Staryu,30/108,Common,EVO
Starmie,31/108,Rare,EVO
Starmie TURBO,32/108,Rare BREAK,EVO
Magikarp,33/108,Common,EVO
Gyarados,34/108,Rare Holo,EVO
Pikachu,35/108,Common,EVO
Raichu,36/108,Rare Holo,EVO
Magnemite,37/108,Common,EVO
Magneton,38/108,Rare Holo,EVO
Voltorb,39/108,Common,EVO
Electrode,40/108,Rare,EVO
Electabuzz,41/108,Common,EVO
Zapdos,42/108,Rare Holo,EVO
Nidoran♂,43/108,Common,EVO
Nidorino,44/108,Uncommon,EVO
Nidoking,45/108,Rare Holo,EVO
Nidoking TURBO,46/108,Rare BREAK,EVO
Gastly,47/108,Common,EVO
Haunter,48/108,Uncommon,EVO
Drowzee,49/108,Common,EVO
Koffing,50/108,Uncommon,EVO
Mewtwo,51/108,Rare,EVO
Mewtwo EX,52/108,Rare Holo EX,EVO
Mew,53/108,Rare Holo,EVO
Sandshrew,54/108,Common,EVO
Diglett,55/108,Common,EVO
Dugtrio,56/108,Rare,EVO
Machop,57/108,Common,EVO
Machoke,58/108,Uncommon,EVO
Machamp,59/108,Rare Holo,EVO
Machamp TURBO,60/108,Rare BREAK,EVO
Onix,61/108,Common,EVO
Hitmonchan,62/108,Rare Holo,EVO
Clefairy,63/108,Rare Holo,EVO
Pidgeot EX,64/108,Rare Holo EX,EVO
M-Pidgeot EX,65/108,Rare Holo EX,EVO
Rattata,66/108,Common,EVO
Raticate,67/108,Rare,EVO
Farfetch'd,68/108,Rare,EVO
Doduo,69/108,Common,EVO
Chansey,70/108,Rare Holo,EVO
Porygon,71/108,Uncommon,EVO
Dragonite EX,72/108,Rare Holo EX,EVO
Elo Espiritual de Blastoise,73/108,Uncommon,EVO
Valentia do Brock,74/108,Uncommon,EVO
Elo Espiritual de Charizard,75/108,Uncommon,EVO
Spray da Involução,76/108,Uncommon,EVO
Recuperação de Energia,77/108,Uncommon,EVO
Cura Total,78/108,Uncommon,EVO
Manutenção,79/108,Uncommon,EVO
Determinação da Misty,80/108,Uncommon,EVO
Elo Espiritual de Pidgeot,81/108,Uncommon,EVO
Pokédex,82/108,Uncommon,EVO
Poção,83/108,Uncommon,EVO
Dica do Professor Carvalho,84/108,Uncommon,EVO
Reviver,85/108,Uncommon,EVO
Elo Espiritual de Slowbro,86/108,Uncommon,EVO
Superpoção,87/108,Uncommon,EVO
Substituição,88/108,Uncommon,EVO
Elo Espiritual de Venusaur,89/108,Uncommon,EVO
Energia Incolor Dupla,90/108,Uncommon,EVO
Energia de Grama,91/108,Common,EVO
Energia de Fogo,92/108,Common,EVO
Energia de Água,93/108,Common,EVO
Energia de Raios,94/108,Common,EVO
Energia Psíquica,95/108,Common,EVO
Energia de Luta,96/108,Common,EVO
Energia de Escuridão,97/108,Common,EVO
Energia de Metal,98/108,Common,EVO
Energia de Fada,99/108,Common,EVO
M Venusaur EX,100/108,Rare Ultra,EVO
M-Charizard EX,101/108,Rare Ultra,EVO
M-Blastoise EX,102/108,Rare Ultra,EVO
Mewtwo EX,103/108,Rare Ultra,EVO
Pidgeot EX,104/108,Rare Ultra,EVO
M-Pidgeot EX,105/108,Rare Ultra,EVO
Dragonite EX,106/108,Rare Ultra,EVO
Valentia do Brock,107/108,Rare Ultra,EVO
Determinação da Misty,108/108,Rare Ultra,EVO
Exeggutor,109/108,Rare Secret,EVO
Pikachu Voador,110/108,Rare Secret,EVO
Pikachu Surfista,111/108,Rare Secret,EVO
Doduo de Imakuni?,112/108,Rare Secret,EVO
Lá vem a Equipe Rocket!,113/108,Rare Secret,EVO
Shuckle,1/124,Uncommon,FCO
Burmy,2/124,Common,FCO
Wormadam,3/124,Uncommon,FCO
Mothim,4/124,Rare,FCO
Snivy,5/124,Common,FCO
Servine,6/124,Uncommon,FCO
Serperior,7/124,Rare,FCO
Deerling,8/124,Common,FCO
Moltres,9/124,Rare,FCO
Fennekin,10/124,Common,FCO
Fennekin,11/124,Common,FCO
Braixen,12/124,Uncommon,FCO
Delphox,13/124,Rare Holo,FCO
Delphox TURBO,14/124,Rare BREAK,FCO
Seel,15/124,Common,FCO
Dewgong,16/124,Uncommon,FCO
Omanyte,17/124,Uncommon,FCO
Omastar,18/124,Rare,FCO
Omastar TURBO,19/124,Rare BREAK,FCO
Glaceon EX,20/124,Rare Holo EX,FCO
Kyurem Branco,21/124,Rare Holo,FCO
Binacle,22/124,Common,FCO
Barbaracle,23/124,Rare,FCO
Rotom,24/124,Rare,FCO
Alakazam EX,25/124,Rare Holo EX,FCO
M-Alakazam EX,26/124,Rare Holo EX,FCO
Koffing,27/124,Common,FCO
Weezing,28/124,Uncommon,FCO
Mew,29/124,Rare Holo,FCO
Spoink,30/124,Common,FCO
Grumpig,31/124,Rare,FCO
Gothita,32/124,Common,FCO
Solosis,33/124,Common,FCO
Duosion,34/124,Uncommon,FCO
Reuniclus,35/124,Rare,FCO
Diglett,36/124,Common,FCO
Marowak,37/124,Rare,FCO
Kabuto,38/124,Uncommon,FCO
Kabutops,39/124,Rare,FCO
Larvitar,40/124,Common,FCO
Larvitar,41/124,Common,FCO
Pupitar,42/124,Uncommon,FCO
Regirock EX,43/124,Rare Holo EX,FCO
Regirock EX,43a/124,Rare Ultra,FCO
Wormadam,44/124,Uncommon,FCO
Riolu,45/124,Common,FCO
Riolu,46/124,Common,FCO
Lucario,47/124,Rare,FCO
Hawlucha,48/124,Uncommon,FCO
Carbink,49/124,Rare,FCO
Carbink,50/124,Common,FCO
Carbink TURBO,51/124,Rare BREAK,FCO
Zygarde,52/124,Uncommon,FCO
Zygarde,53/124,Rare,FCO
Zygarde EX,54/124,Rare Holo EX,FCO
Zygarde EX,54a/124,Rare Ultra,FCO
Umbreon EX,55/124,Rare Holo EX,FCO
Tyranitar,56/124,Rare Holo,FCO
Vullaby,57/124,Common,FCO
Mandibuzz,58/124,Rare,FCO
Wormadam,59/124,Uncommon,FCO
Bronzor,60/124,Common,FCO
Bronzong,61/124,Rare,FCO
Bronzong TURBO,62/124,Rare BREAK,FCO
Lucario,63/124,Rare Holo,FCO
Genesect EX,64/124,Rare Holo EX,FCO
Jigglypuff,65/124,Common,FCO
Wigglytuff,66/124,Uncommon,FCO
Mr. Mime,67/124,Rare,FCO
Snubbull,68/124,Common,FCO
M-Altaria EX,69/124,Rare Holo EX,FCO
Cottonee,70/124,Common,FCO
Whimsicott,71/124,Uncommon,FCO
Diancie EX,72/124,Rare Holo EX,FCO
Kingdra EX,73/124,Rare Holo EX,FCO
Meowth,74/124,Common,FCO
Kangaskhan,75/124,Uncommon,FCO
Aerodactyl,76/124,Rare,FCO
Snorlax,77/124,Rare,FCO
Lugia,78/124,Rare,FCO
Lugia TURBO,79/124,Rare BREAK,FCO
Whismur,80/124,Common,FCO
Loudred,81/124,Uncommon,FCO
Exploud,82/124,Rare,FCO
Altaria EX,83/124,Rare Holo EX,FCO
Audino EX,84/124,Rare Holo EX,FCO
M-Audino EX,85/124,Rare Holo EX,FCO
Minccino,86/124,Common,FCO
Minccino,87/124,Common,FCO
Cinccino,88/124,Uncommon,FCO
Cinccino,89/124,Uncommon,FCO
Elo Espiritual de Alakazam,90/124,Uncommon,FCO
Elo Espiritual de Altaria,91/124,Uncommon,FCO
Elo Espiritual de Audino,92/124,Uncommon,FCO
Colher Torcida,93/124,Uncommon,FCO
Torre do Caos,94/124,Uncommon,FCO
Spray da Involução,95/124,Uncommon,FCO
Fóssil Cúpula de Kabuto,96/124,Uncommon,FCO
Bolsa de Energia,97/124,Uncommon,FCO
Energia Redefinida,98/124,Uncommon,FCO
Bolinha de Fada,99/124,Uncommon,FCO
Jardim das Fadas,100/124,Uncommon,FCO
Kit de Escavação de Fósseis,101/124,Uncommon,FCO
Fóssil Espiral de Omanyte,102/124,Uncommon,FCO
Especialidade da Garota,103/124,Uncommon,FCO
Megapegador,104/124,Uncommon,FCO
N,105/124,Uncommon,FCO
N,105a/124,Rare Ultra,FCO
Âmbar Velho de Aerodactyl,106/124,Uncommon,FCO
Fã Clube Pokémon,107/124,Uncommon,FCO
Memória Poderosa,108/124,Uncommon,FCO
Receptor Aleatório,109/124,Uncommon,FCO
Terra Queimada,110/124,Uncommon,FCO
Shauna,111/124,Uncommon,FCO
Shauna,111a/124,Rare Ultra,FCO
Obra da Equipe Rocket,112/124,Uncommon,FCO
Ultra Bola,113/124,Uncommon,FCO
Energia Incolor Dupla,114/124,Uncommon,FCO
Energia Intensa,115/124,Uncommon,FCO
Glaceon EX,116/124,Rare Ultra,FCO
Alakazam EX,117/124,Rare Ultra,FCO
M-Alakazam EX,118/124,Rare Ultra,FCO
Umbreon EX,119/124,Rare Ultra,FCO
Genesect EX,120/124,Rare Ultra,FCO
M-Altaria EX,121/124,Rare Ultra,FCO
Kingdra EX,122/124,Rare Ultra,FCO
Altaria EX,123/124,Rare Ultra,FCO
Obra da Equipe Rocket,124/124,Rare Ultra,FCO
Alakazam EX,125/124,Rare Secret,FCO
Caterpie,1/106,Common,FLF
Metapod,2/106,Uncommon,FLF
Butterfree,3/106,Rare,FLF
Pineco,4/106,Common,FLF
Seedot,5/106,Common,FLF
Nuzleaf,6/106,Uncommon,FLF
Shiftry,7/106,Rare Holo,FLF
Roselia,8/106,Common,FLF
Roserade,9/106,Uncommon,FLF
Maractus,10/106,Uncommon,FLF
Charizard EX,11/106,Rare Holo EX,FLF
Charizard EX,12/106,Rare Holo EX,FLF
M-Charizard EX,13/106,Rare Holo EX,FLF
Ponyta,14/106,Common,FLF
Rapidash,15/106,Uncommon,FLF
Torkoal,16/106,Uncommon,FLF
Fletchinder,17/106,Uncommon,FLF
Litleo,18/106,Common,FLF
Litleo,19/106,Common,FLF
Pyroar,20/106,Rare Holo,FLF
Qwilfish,21/106,Rare,FLF
Feebas,22/106,Common,FLF
Milotic,23/106,Rare Holo,FLF
Spheal,24/106,Common,FLF
Sealeo,25/106,Uncommon,FLF
Walrein,26/106,Rare,FLF
Luvdisc,27/106,Uncommon,FLF
Buizel,28/106,Common,FLF
Floatzel,29/106,Rare,FLF
Bergmite,30/106,Common,FLF
Avalugg,31/106,Uncommon,FLF
Shinx,32/106,Common,FLF
Luxio,33/106,Uncommon,FLF
Luxray,34/106,Rare,FLF
Magnezone EX,35/106,Rare Holo EX,FLF
Helioptile,36/106,Common,FLF
Heliolisk,37/106,Rare,FLF
Duskull,38/106,Common,FLF
Dusclops,39/106,Uncommon,FLF
Dusknoir,40/106,Rare Holo,FLF
Toxicroak EX,41/106,Rare Holo EX,FLF
Espurr,42/106,Common,FLF
Meowstic,43/106,Rare,FLF
Skrelp,44/106,Common,FLF
Geodude,45/106,Common,FLF
Graveler,46/106,Uncommon,FLF
Golem,47/106,Rare,FLF
Binacle,48/106,Common,FLF
Barbaracle,49/106,Rare,FLF
Sneasel,50/106,Uncommon,FLF
Sneasel,51/106,Common,FLF
Weavile,52/106,Rare,FLF
Stunky,53/106,Common,FLF
Stunky,54/106,Common,FLF
Skuntank,55/106,Rare,FLF
Sandile,56/106,Common,FLF
Krokorok,57/106,Uncommon,FLF
Scraggy,58/106,Common,FLF
Scrafty,59/106,Rare,FLF
Forretress,60/106,Rare,FLF
Durant,61/106,Rare,FLF
Flabébé,62/106,Common,FLF
Flabébé,63/106,Common,FLF
Floette,64/106,Rare,FLF
Floette,65/106,Uncommon,FLF
Florges,66/106,Rare Holo,FLF
Spritzee,67/106,Common,FLF
Carbink,68/106,Rare Holo,FLF
M-Charizard EX,69/106,Rare Holo EX,FLF
Druddigon,70/106,Rare Holo,FLF
Dragalge,71/106,Rare,FLF
Goomy,72/106,Common,FLF
Sliggoo,73/106,Uncommon,FLF
Goodra,74/106,Rare Holo,FLF
Pidgey,75/106,Common,FLF
Pidgeotto,76/106,Uncommon,FLF
Pidgeot,77/106,Rare,FLF
Kangaskhan EX,78/106,Rare Holo EX,FLF
M-Kangaskhan EX,79/106,Rare Holo EX,FLF
Snorlax,80/106,Rare,FLF
Sentret,81/106,Common,FLF
Furret,82/106,Rare,FLF
Miltank,83/106,Uncommon,FLF
Buneary,84/106,Common,FLF
Lopunny,85/106,Rare,FLF
Fletchling,86/106,Common,FLF
Furfrou,87/106,Uncommon,FLF
Ferreiro,88/106,Uncommon,FLF
Ferreiro,88a/106,Rare Ultra,FLF
Tocha Ardente,89/106,Uncommon,FLF
Lysandre,90/106,Uncommon,FLF
Tempestade Magnética,91/106,Uncommon,FLF
Pal Pad,92/106,Uncommon,FLF
Dama do Centro Pokémon,93/106,Uncommon,FLF
Fã Clube Pokémon,94/106,Uncommon,FLF
Cubo de Proteção,95/106,Uncommon,FLF
Cinza Sagrada,96/106,Uncommon,FLF
Megafone Assustador,97/106,Uncommon,FLF
Pá Travessa,98/106,Uncommon,FLF
Ultra Bola,99/106,Uncommon,FLF
Charizard EX,100/106,Rare Ultra,FLF
Magnezone EX,101/106,Rare Ultra,FLF
Toxicroak EX,102/106,Rare Ultra,FLF
Kangaskhan EX,103/106,Rare Ultra,FLF
Lysandre,104/106,Rare Ultra,FLF
Dama do Centro Pokémon,105/106,Rare Ultra,FLF
Fã Clube Pokémon,106/106,Rare Ultra,FLF
M-Charizard EX,107/106,Rare Secret,FLF
M-Charizard EX,108/106,Rare Secret,FLF
M-Kangaskhan EX,109/106,Rare Secret,FLF
Bellsprout,1/111,Common,FFI
Weepinbell,2/111,Uncommon,FFI
Victreebel,3/111,Rare Holo,FFI
Heracross EX,4/111,Rare Holo EX,FFI
M-Heracross EX,5/111,Rare Holo EX,FFI
Shroomish,6/111,Common,FFI
Leafeon,7/111,Rare,FFI
Shelmet,8/111,Common,FFI
Accelgor,9/111,Uncommon,FFI
Magmar,10/111,Common,FFI
Magmortar,11/111,Rare,FFI
Torchic,12/111,Common,FFI
Combusken,13/111,Uncommon,FFI
Blaziken,14/111,Rare Holo,FFI
Poliwag,15/111,Common,FFI
Poliwhirl,16/111,Uncommon,FFI
Poliwrath,17/111,Rare Holo,FFI
Politoed,18/111,Rare,FFI
Glaceon,19/111,Rare,FFI
Seismitoad EX,20/111,Rare Holo EX,FFI
Cubchoo,21/111,Common,FFI
Beartic,22/111,Rare,FFI
Clauncher,23/111,Common,FFI
Clawitzer,24/111,Rare Holo,FFI
Amaura,25/111,Uncommon,FFI
Aurorus,26/111,Rare,FFI
Pikachu,27/111,Common,FFI
Raichu,28/111,Uncommon,FFI
Electabuzz,29/111,Common,FFI
Electivire,30/111,Rare,FFI
Plusle,31/111,Common,FFI
Minun,32/111,Common,FFI
Thundurus,33/111,Rare,FFI
Dedenne,34/111,Uncommon,FFI
Drowzee,35/111,Common,FFI
Hypno,36/111,Rare,FFI
Jynx,37/111,Rare,FFI
Skorupi,38/111,Common,FFI
Gothita,39/111,Common,FFI
Gothorita,40/111,Uncommon,FFI
Gothitelle,41/111,Rare,FFI
Golett,42/111,Common,FFI
Golurk,43/111,Rare,FFI
Machop,44/111,Common,FFI
Machoke,45/111,Uncommon,FFI
Machamp,46/111,Rare Holo,FFI
Hitmonlee,47/111,Uncommon,FFI
Hitmonchan,48/111,Uncommon,FFI
Hitmontop,49/111,Uncommon,FFI
Breloom,50/111,Rare,FFI
Makuhita,51/111,Common,FFI
Hariyama,52/111,Rare,FFI
Trapinch,53/111,Common,FFI
Lucario EX,54/111,Rare Holo EX,FFI
M-Lucario EX,55/111,Rare Holo EX,FFI
M-Lucario EX,55a/111,Rare Ultra,FFI
Mienfoo,56/111,Common,FFI
Mienshao,57/111,Uncommon,FFI
Landorus,58/111,Rare Holo,FFI
Pancham,59/111,Uncommon,FFI
Pancham,60/111,Common,FFI
Tyrunt,61/111,Uncommon,FFI
Tyrantrum,62/111,Rare,FFI
Hawlucha,63/111,Rare Holo,FFI
Hawlucha EX,64/111,Rare Holo EX,FFI
Drapion,65/111,Rare,FFI
Scraggy,66/111,Common,FFI
Scrafty,67/111,Uncommon,FFI
Pangoro,68/111,Rare,FFI
Clefairy,69/111,Common,FFI
Clefairy,70/111,Common,FFI
Clefable,71/111,Uncommon,FFI
Sylveon,72/111,Rare,FFI
Klefki,73/111,Uncommon,FFI
Dragonite EX,74/111,Rare Holo EX,FFI
Vibrava,75/111,Uncommon,FFI
Flygon,76/111,Rare,FFI
Noivern,77/111,Rare Holo,FFI
Lickitung,78/111,Common,FFI
Lickilicky,79/111,Uncommon,FFI
Eevee,80/111,Common,FFI
Slakoth,81/111,Common,FFI
Vigoroth,82/111,Uncommon,FFI
Slaking,83/111,Rare Holo,FFI
Patrat,84/111,Common,FFI
Watchog,85/111,Uncommon,FFI
Tornadus,86/111,Rare,FFI
Noibat,87/111,Common,FFI
Repórter de Batalha,88/111,Uncommon,FFI
Substituição de Energia,89/111,Uncommon,FFI
Estádio de Combate,90/111,Uncommon,FFI
Cinta de Foco,91/111,Uncommon,FFI
Pesquisador de Fósseis,92/111,Uncommon,FFI
Cura Total,93/111,Uncommon,FFI
Fóssil de Mandíbula,94/111,Uncommon,FFI
Korrina,95/111,Uncommon,FFI
Manutenção,96/111,Uncommon,FFI
Anel de Montanhas,97/111,Uncommon,FFI
Fóssil de Vela,98/111,Uncommon,FFI
Veste Cintilante,99/111,Uncommon,FFI
Super Recolhida,100/111,Uncommon,FFI
Recuperador de Ferramentas,101/111,Uncommon,FFI
Centro de Treinamento,102/111,Uncommon,FFI
Energia Herbal,103/111,Uncommon,FFI
Energia Intensa,104/111,Uncommon,FFI
Heracross EX,105/111,Rare Ultra,FFI
Seismitoad EX,106/111,Rare Ultra,FFI
Lucario EX,107/111,Rare Ultra,FFI
Dragonite EX,108/111,Rare Ultra,FFI
Repórter de Batalha,109/111,Rare Ultra,FFI
Pesquisador de Fósseis,110/111,Rare Ultra,FFI
Korrina,111/111,Rare Ultra,FFI
M-Heracross EX,112/111,Rare Secret,FFI
M-Lucario EX,113/111,Rare Secret,FFI
Venusaur-EX,1/83,Rare Holo EX,GEN
M Venusaur-EX,2/83,Rare Holo EX,GEN
Caterpie,3/83,Common,GEN
Metapod,4/83,Uncommon,GEN
Butterfree,5/83,Rare Holo,GEN
Paras,6/83,Common,GEN
Parasect,7/83,Rare,GEN
Tangela,8/83,Common,GEN
Pinsir,9/83,Rare,GEN
Leafeon-EX,10/83,Rare Holo EX,GEN
Charizard-EX,11/83,Rare Holo EX,GEN
M Charizard-EX,12/83,Rare Holo EX,GEN
Ninetales-EX,13/83,Rare Holo EX,GEN
Ponyta,14/83,Common,GEN
Rapidash,15/83,Rare,GEN
Magmar,16/83,Common,GEN
Blastoise-EX,17/83,Rare Holo EX,GEN
M Blastoise-EX,18/83,Rare Holo EX,GEN
Shellder,19/83,Common,GEN
Cloyster,20/83,Uncommon,GEN
Krabby,21/83,Common,GEN
Magikarp,22/83,Common,GEN
Gyarados,23/83,Rare,GEN
Vaporeon-EX,24/83,Rare Holo EX,GEN
Articuno,25/83,Rare Holo,GEN
Pikachu,26/83,Common,GEN
Raichu,27/83,Rare Holo,GEN
Jolteon-EX,28/83,Rare Holo EX,GEN
Jolteon-EX,28a/83,Rare Ultra,GEN
Zapdos,29/83,Rare Holo,GEN
Zubat,30/83,Common,GEN
Golbat,31/83,Uncommon,GEN
Slowpoke,32/83,Common,GEN
Gastly,33/83,Common,GEN
Haunter,34/83,Uncommon,GEN
Gengar,35/83,Rare Holo,GEN
Jynx,36/83,Rare,GEN
Meowstic-EX,37/83,Rare Holo EX,GEN
Diglett,38/83,Common,GEN
Dugtrio,39/83,Rare,GEN
Machop,40/83,Common,GEN
Machoke,41/83,Uncommon,GEN
Machamp,42/83,Rare Holo,GEN
Geodude,43/83,Common,GEN
Graveler,44/83,Uncommon,GEN
Golem,45/83,Rare Holo,GEN
Golem-EX,46/83,Rare Holo EX,GEN
Hitmonlee,47/83,Rare,GEN
Hitmonchan,48/83,Rare,GEN
Rhyhorn,49/83,Common,GEN
Clefairy,50/83,Common,GEN
Clefable,51/83,Uncommon,GEN
Mr. Mime,52/83,Uncommon,GEN
Meowth,53/83,Common,GEN
Persian,54/83,Uncommon,GEN
Doduo,55/83,Common,GEN
Dodrio,56/83,Rare,GEN
Tauros,57/83,Rare,GEN
Snorlax,58/83,Rare,GEN
Clemont,59/83,Uncommon,GEN
Crushing Hammer,60/83,Uncommon,GEN
Energy Switch,61/83,Uncommon,GEN
Evosoda,62/83,Uncommon,GEN
Imakuni?,63/83,Uncommon,GEN
Maintenance,64/83,Uncommon,GEN
Max Revive,65/83,Uncommon,GEN
Olympia,66/83,Uncommon,GEN
Poké Ball,67/83,Uncommon,GEN
Pokémon Center Lady,68/83,Uncommon,GEN
Pokémon Fan Club,69/83,Uncommon,GEN
Revitalizer,70/83,Uncommon,GEN
Red Card,71/83,Uncommon,GEN
Shauna,72/83,Uncommon,GEN
Team Flare Grunt,73/83,Uncommon,GEN
Team Flare Grunt,73a/83,Rare Ultra,GEN
Double Colorless Energy,74/83,Uncommon,GEN
Grass Energy,75/83,Common,GEN
Fire Energy,76/83,Common,GEN
Water Energy,77/83,Common,GEN
Lightning Energy,78/83,Common,GEN
Psychic Energy,79/83,Common,GEN
Fighting Energy,80/83,Common,GEN
Darkness Energy,81/83,Common,GEN
Metal Energy,82/83,Common,GEN
Fairy Energy,83/83,Common,GEN
Chikorita,RC1/83,Common,GEN
Shroomish,RC2/83,Common,GEN
Charmander,RC3/83,Common,GEN
Charmeleon,RC4/83,Common,GEN
Charizard,RC5/83,Uncommon,GEN
Flareon-EX,RC6/83,Rare Holo EX,GEN
Snorunt,RC7/83,Common,GEN
Froslass,RC8/83,Uncommon,GEN
Raichu,RC9/83,Common,GEN
Dedenne,RC10/83,Uncommon,GEN
Wobbuffet,RC11/83,Common,GEN
Gulpin,RC12/83,Common,GEN
Jirachi,RC13/83,Uncommon,GEN
Espurr,RC14/83,Common,GEN
Meowstic,RC15/83,Uncommon,GEN
Yveltal,RC16/83,Uncommon,GEN
Flabébé,RC17/83,Common,GEN
Floette,RC18/83,Uncommon,GEN
Swirlix,RC19/83,Uncommon,GEN
Slurpuff,RC20/83,Uncommon,GEN
Sylveon-EX,RC21/83,Rare Holo EX,GEN
Diancie,RC22/83,Uncommon,GEN
Swablu,RC23/83,Common,GEN
Altaria,RC24/83,Uncommon,GEN
Fletchling,RC25/83,Common,GEN
Floral Crown,RC26/83,Common,GEN
Wally,RC27/83,Uncommon,GEN
Flareon-EX,RC28/83,Rare Ultra,GEN
Pikachu,RC29/83,Rare Ultra,GEN
Gardevoir-EX,RC30/83,Rare Ultra,GEN
M Gardevoir-EX,RC31/83,Rare Ultra,GEN
Sylveon-EX,RC32/83,Rare Ultra,GEN
Weedle,1/39,,KSS
Pansage,2/39,,KSS
Chespin,3/39,,KSS
Quilladin,4/39,,KSS
Chesnaught,5/39,,KSS
Slugma,6/39,,KSS
Pansear,7/39,,KSS
Fennekin,8/39,,KSS
Braixen,9/39,,KSS
Delphox,10/39,,KSS
Panpour,11/39,,KSS
Froakie,12/39,,KSS
Frogadier,13/39,,KSS
Greninja,14/39,,KSS
Clauncher,15/39,,KSS
Poochyena,16/39,,KSS
Mightyena,17/39,,KSS
Inkay,18/39,,KSS
Pawniard,19/39,,KSS
Bisharp,20/39,,KSS
Honedge,21/39,,KSS
Snubbull,22/39,,KSS
Granbull,23/39,,KSS
Swirlix,24/39,,KSS
Farfetch'd,25/39,,KSS
Snorlax,26/39,,KSS
Miltank,27/39,,KSS
Skitty,28/39,,KSS
Bidoof,29/39,,KSS
Bunnelby,30/39,,KSS
Fletchling,31/39,,KSS
Furfrou,32/39,,KSS
Furfrou,33/39,,KSS
Martelo Esmagador,34/39,,KSS
Poké Ball,35/39,,KSS
Pegador de Pokémon,36/39,,KSS
Poção,37/39,,KSS
Substituição,38/39,,KSS
Tierno,39/39,,KSS
Venonat,1/119,Common,PHF
Venomoth,2/119,Rare,PHF
Yanma,3/119,Common,PHF
Yanmega,4/119,Rare,PHF
Sewaddle,5/119,Common,PHF
Swadloon,6/119,Uncommon,PHF
Leavanny,7/119,Rare,PHF
Karrablast,8/119,Common,PHF
Fletchinder,9/119,Uncommon,PHF
Talonflame,10/119,Rare,PHF
Litleo,11/119,Common,PHF
Pyroar,12/119,Rare Holo,PHF
Krabby,13/119,Common,PHF
Kingler,14/119,Uncommon,PHF
Totodile,15/119,Common,PHF
Croconaw,16/119,Uncommon,PHF
Feraligatr,17/119,Rare Holo,PHF
Finneon,18/119,Common,PHF
Lumineon,19/119,Uncommon,PHF
Frillish,20/119,Common,PHF
Jellicent,21/119,Rare,PHF
Alomomola,22/119,Common,PHF
Manectric EX,23/119,Rare Holo EX,PHF
M-Manectric EX,24/119,Rare Holo EX,PHF
M-Manectric EX,24a/119,Rare Ultra,PHF
Pachirisu,25/119,Rare,PHF
Joltik,26/119,Common,PHF
Galvantula,27/119,Rare,PHF
Helioptile,28/119,Common,PHF
Helioptile,29/119,Common,PHF
Heliolisk,30/119,Rare Holo,PHF
Zubat,31/119,Common,PHF
Golbat,32/119,Uncommon,PHF
Crobat,33/119,Rare,PHF
Gengar EX,34/119,Rare Holo EX,PHF
M-Gengar EX,35/119,Rare Holo EX,PHF
Wobbuffet,36/119,Uncommon,PHF
Gulpin,37/119,Common,PHF
Swalot,38/119,Rare,PHF
Munna,39/119,Common,PHF
Musharna,40/119,Rare,PHF
Litwick,41/119,Common,PHF
Lampent,42/119,Uncommon,PHF
Chandelure,43/119,Rare Holo,PHF
Pumpkaboo,44/119,Common,PHF
Gourgeist,45/119,Rare Holo,PHF
Gligar,46/119,Common,PHF
Gliscor,47/119,Rare,PHF
Roggenrola,48/119,Common,PHF
Boldore,49/119,Uncommon,PHF
Gigalith,50/119,Rare Holo,PHF
Murkrow,51/119,Common,PHF
Honchkrow,52/119,Rare,PHF
Poochyena,53/119,Common,PHF
Mightyena,54/119,Rare,PHF
Spiritomb,55/119,Rare,PHF
Purrloin,56/119,Common,PHF
Liepard,57/119,Uncommon,PHF
Malamar EX,58/119,Rare Holo EX,PHF
Skarmory,59/119,Common,PHF
Bronzor,60/119,Common,PHF
Bronzong,61/119,Rare,PHF
Dialga EX,62/119,Rare Holo EX,PHF
Heatran,63/119,Rare Holo,PHF
Escavalier,64/119,Rare,PHF
Aegislash EX,65/119,Rare Holo EX,PHF
Aegislash EX,65a/119,Rare Ultra,PHF
Klefki,66/119,Uncommon,PHF
Florges EX,67/119,Rare Holo EX,PHF
Swirlix,68/119,Common,PHF
Slurpuff,69/119,Rare Holo,PHF
Dedenne,70/119,Common,PHF
Diancie,71/119,Rare Holo,PHF
Deino,72/119,Common,PHF
Zweilous,73/119,Uncommon,PHF
Hydreigon,74/119,Rare Holo,PHF
Goomy,75/119,Common,PHF
Sliggoo,76/119,Uncommon,PHF
Goodra,77/119,Rare Holo,PHF
Spearow,78/119,Common,PHF
Fearow,79/119,Uncommon,PHF
Chansey,80/119,Common,PHF
Blissey,81/119,Rare,PHF
Girafarig,82/119,Uncommon,PHF
Whismur,83/119,Common,PHF
Loudred,84/119,Uncommon,PHF
Exploud,85/119,Rare,PHF
Regigigas,86/119,Rare Holo,PHF
Bunnelby,87/119,Common,PHF
Diggersby,88/119,Rare,PHF
Fletchling,89/119,Common,PHF
Furfrou,90/119,Uncommon,PHF
AZ,91/119,Uncommon,PHF
Compressor de Batalha – Equipamento da Equipe Flare,92/119,Uncommon,PHF
Vale Dimensional,93/119,Uncommon,PHF
Martelo Avançado,94/119,Uncommon,PHF
Elo Espiritual de Gengar,95/119,Uncommon,PHF
Luneta,96/119,Uncommon,PHF
Campainha de Cabeça – Hiperequipamento da Equipe Flare,97/119,Rare Holo,PHF
Rede de Interferência – Hiperequipamento da Equipe Flare,98/119,Rare Holo,PHF
Coringa de Lysandre,99/119,Uncommon,PHF
Elo Espiritual de Manectric,100/119,Uncommon,PHF
Professor Sycamore,101/119,Uncommon,PHF
Robô Substituto – Equipamento da Equipe Flare,102/119,Uncommon,PHF
Patins,103/119,Uncommon,PHF
Shauna,104/119,Uncommon,PHF
Abrigo de Aço,105/119,Uncommon,PHF
Apito Alvo – Equipamento da Equipe Flare,106/119,Uncommon,PHF
Tierno,107/119,Uncommon,PHF
Moeda de Truque,108/119,Uncommon,PHF
Explorador VS,109/119,Uncommon,PHF
Xerosic,110/119,Uncommon,PHF
Energia Incolor Dupla,111/119,Uncommon,PHF
Energia de Mistério,112/119,Uncommon,PHF
Manectric EX,113/119,Rare Ultra,PHF
Gengar EX,114/119,Rare Ultra,PHF
Malamar EX,115/119,Rare Ultra,PHF
Florges EX,116/119,Rare Ultra,PHF
AZ,117/119,Rare Ultra,PHF
Coringa de Lysandre,118/119,Rare Ultra,PHF
Xerosic,119/119,Rare Ultra,PHF
M-Manectric EX,120/119,Rare Secret,PHF
M-Gengar EX,121/119,Rare Secret,PHF
Dialga EX,122/119,Rare Secret,PHF
Weedle,1/160,Common,PRC
Kakuna,2/160,Uncommon,PRC
Beedrill,3/160,Rare,PRC
Tangela,4/160,Common,PRC
Tangrowth,5/160,Rare,PRC
Treecko,6/160,Common,PRC
Grovyle,7/160,Uncommon,PRC
Sceptile,8/160,Rare,PRC
Sceptile,9/160,Rare Holo,PRC
Lotad,10/160,Common,PRC
Lombre,11/160,Uncommon,PRC
Ludicolo,12/160,Rare Holo,PRC
Surskit,13/160,Common,PRC
Masquerain,14/160,Uncommon,PRC
Shroomish,15/160,Common,PRC
Breloom,16/160,Rare,PRC
Volbeat,17/160,Common,PRC
Illumise,18/160,Common,PRC
Trevenant EX,19/160,Rare Holo EX,PRC
Vulpix,20/160,Common,PRC
Ninetales,21/160,Rare,PRC
Slugma,22/160,Common,PRC
Magcargo,23/160,Uncommon,PRC
Magcargo,24/160,Rare,PRC
Torchic,25/160,Common,PRC
Torchic,26/160,Uncommon,PRC
Combusken,27/160,Uncommon,PRC
Blaziken,28/160,Rare Holo,PRC
Camerupt EX,29/160,Rare Holo EX,PRC
Horsea,30/160,Common,PRC
Seadra,31/160,Uncommon,PRC
Staryu,32/160,Common,PRC
Mudkip,33/160,Common,PRC
Marshtomp,34/160,Uncommon,PRC
Swampert,35/160,Rare,PRC
Swampert,36/160,Rare Holo,PRC
Ludicolo,37/160,Rare,PRC
Wailord EX,38/160,Rare Holo EX,PRC
Barboach,39/160,Common,PRC
Whiscash,40/160,Uncommon,PRC
Whiscash,41/160,Rare,PRC
Corphish,42/160,Common,PRC
Feebas,43/160,Common,PRC
Milotic,44/160,Rare Holo,PRC
Spheal,45/160,Common,PRC
Spheal,46/160,Common,PRC
Sealeo,47/160,Uncommon,PRC
Walrein,48/160,Rare,PRC
Clamperl,49/160,Common,PRC
Huntail,50/160,Rare Holo,PRC
Gorebyss,51/160,Uncommon,PRC
Gorebyss,52/160,Rare,PRC
Kyogre,53/160,Rare,PRC
Kyogre EX,54/160,Rare Holo EX,PRC
Kyogre PrimitivoEX,55/160,Rare Holo EX,PRC
Manaphy,56/160,Rare Holo,PRC
Chinchou,57/160,Common,PRC
Lanturn,58/160,Uncommon,PRC
Electrike,59/160,Common,PRC
Electrike,60/160,Uncommon,PRC
Manectric,61/160,Rare Holo,PRC
Tynamo,62/160,Common,PRC
Eelektrik,63/160,Uncommon,PRC
Eelektrik,64/160,Rare,PRC
Eelektross,65/160,Rare Holo,PRC
Nidoran♀,66/160,Common,PRC
Nidorina,67/160,Uncommon,PRC
Nidoqueen,68/160,Uncommon,PRC
Nidoqueen,69/160,Rare,PRC
Tentacool,70/160,Common,PRC
Tentacool,71/160,Uncommon,PRC
Tentacruel,72/160,Rare,PRC
Starmie,73/160,Rare,PRC
Rhyhorn,74/160,Common,PRC
Rhydon,75/160,Uncommon,PRC
Rhyperior,76/160,Rare,PRC
Rhyperior,77/160,Rare Holo,PRC
Nosepass,78/160,Common,PRC
Meditite,79/160,Common,PRC
Medicham,80/160,Rare Holo,PRC
Medicham,81/160,Rare,PRC
Trapinch,82/160,Common,PRC
Solrock,83/160,Common,PRC
Groudon,84/160,Rare,PRC
Groudon EX,85/160,Rare Holo EX,PRC
Groudon Primitivo EX,86/160,Rare Holo EX,PRC
Hippopotas,87/160,Common,PRC
Hippowdon,88/160,Rare Holo,PRC
Drilbur,89/160,Common,PRC
Diggersby,90/160,Rare,PRC
Sharpedo EX,91/160,Rare Holo EX,PRC
Crawdaunt,92/160,Rare Holo,PRC
Aggron EX,93/160,Rare Holo EX,PRC
M-Aggron EX,94/160,Rare Holo EX,PRC
Probopass,95/160,Rare,PRC
Excadrill,96/160,Rare,PRC
Excadrill,97/160,Rare Holo,PRC
Honedge,98/160,Common,PRC
Doublade,99/160,Uncommon,PRC
Aegislash,100/160,Rare Holo,PRC
Mr. Mime,101/160,Uncommon,PRC
Marill,102/160,Common,PRC
Azumarill,103/160,Rare,PRC
Azumarill,104/160,Rare Holo,PRC
Gardevoir EX,105/160,Rare Holo EX,PRC
M-Gardevoir EX,106/160,Rare Holo EX,PRC
Kingdra,107/160,Rare,PRC
Kingdra,108/160,Rare Holo,PRC
Vibrava,109/160,Uncommon,PRC
Flygon,110/160,Rare Holo,PRC
Zigzagoon,111/160,Common,PRC
Linoone,112/160,Uncommon,PRC
Skitty,113/160,Common,PRC
Delcatty,114/160,Rare,PRC
Spinda,115/160,Common,PRC
Bidoof,116/160,Common,PRC
Bidoof,117/160,Uncommon,PRC
Bibarel,118/160,Uncommon,PRC
Bouffalant,119/160,Uncommon,PRC
Bunnelby,120/160,Common,PRC
Bunnelby,121/160,Uncommon,PRC
Bicicleta Acro,122/160,Uncommon,PRC
Elo Espiritual de Aggron,123/160,Uncommon,PRC
Ás na Manga de Archie,124/160,Uncommon,PRC
Bola Mergulho,125/160,Uncommon,PRC
Recuperação de Energia,126/160,Uncommon,PRC
Corda de Fuga,127/160,Uncommon,PRC
Compart. Exp.,128/160,Uncommon,PRC
Conjunto de Água Fresca,129/160,Uncommon,PRC
Elo Espiritual de Gardevoir,130/160,Uncommon,PRC
Elo Espiritual de Groudon,131/160,Uncommon,PRC
Elo Espiritual de Kyogre,132/160,Uncommon,PRC
Truque da Bola Escondida de Maxie,133/160,Uncommon,PRC
Observações do Professor Birch,134/160,Uncommon,PRC
Doce Raro,135/160,Uncommon,PRC
Bola da Repetição,136/160,Uncommon,PRC
Mares Agitados,137/160,Uncommon,PRC
Terra Queimada,138/160,Uncommon,PRC
Santuário das Memórias,139/160,Uncommon,PRC
Laboratório do Silêncio,140/160,Uncommon,PRC
Companheiros de Equipe,141/160,Uncommon,PRC
Política de Fraqueza,142/160,Uncommon,PRC
Energia de Escudo,143/160,Uncommon,PRC
Energia Encantada,144/160,Uncommon,PRC
Trevenant EX,145/160,Rare Ultra,PRC
Camerupt EX,146/160,Rare Ultra,PRC
Wailord EX,147/160,Rare Ultra,PRC
Kyogre EX,148/160,Rare Ultra,PRC
Kyogre PrimitivoEX,149/160,Rare Ultra,PRC
Groudon EX,150/160,Rare Ultra,PRC
Groudon Primitivo EX,151/160,Rare Ultra,PRC
Sharpedo EX,152/160,Rare Ultra,PRC
Aggron EX,153/160,Rare Ultra,PRC
M-Aggron EX,154/160,Rare Ultra,PRC
Gardevoir EX,155/160,Rare Ultra,PRC
M-Gardevoir EX,156/160,Rare Ultra,PRC
Ás na Manga de Archie,157/160,Rare Ultra,PRC
Truque da Bola Escondida de Maxie,158/160,Rare Ultra,PRC
Observações do Professor Birch,159/160,Rare Ultra,PRC
Companheiros de Equipe,160/160,Rare Ultra,PRC
Bola Mergulho,161/160,Rare Secret,PRC
Martelo Avançado,162/160,Rare Secret,PRC
Substituição,163/160,Rare Secret,PRC
Política de Fraqueza,164/160,Rare Secret,PRC
Exeggcute,1/108,Common,ROS
Exeggutor,2/108,Uncommon,ROS
Wurmple,3/108,Common,ROS
Silcoon,4/108,Uncommon,ROS
Beautifly,5/108,Rare Holo,ROS
Cascoon,6/108,Common,ROS
Dustox,7/108,Uncommon,ROS
Dustox,8/108,Rare,ROS
Nincada,9/108,Common,ROS
Ninjask,10/108,Uncommon,ROS
Shedinja,11/108,Rare,ROS
Tropius,12/108,Uncommon,ROS
Victini,13/108,Rare,ROS
Fletchinder,14/108,Uncommon,ROS
Talonflame,15/108,Rare,ROS
Articuno,16/108,Rare,ROS
Articuno,17/108,Rare,ROS
Wingull,18/108,Common,ROS
Pelipper,19/108,Uncommon,ROS
Pikachu,20/108,Common,ROS
Voltorb,21/108,Common,ROS
Electrode,22/108,Uncommon,ROS
Zapdos,23/108,Rare,ROS
Electrike,24/108,Common,ROS
Manectric,25/108,Uncommon,ROS
Thundurus EX,26/108,Rare Holo EX,ROS
Natu,27/108,Common,ROS
Natu,28/108,Common,ROS
Xatu,29/108,Rare,ROS
Shuppet,30/108,Common,ROS
Banette,31/108,Rare,ROS
Banette,32/108,Rare,ROS
Deoxys,33/108,Rare Holo,ROS
Gallade EX,34/108,Rare Holo EX,ROS
M-Gallade EX,35/108,Rare Holo EX,ROS
Gligar,36/108,Common,ROS
Gliscor,37/108,Uncommon,ROS
Binacle,38/108,Common,ROS
Hawlucha,39/108,Common,ROS
Absol,40/108,Rare Holo,ROS
Inkay,41/108,Common,ROS
Jirachi,42/108,Rare Holo,ROS
Togepi,43/108,Common,ROS
Togetic,44/108,Uncommon,ROS
Togekiss,45/108,Rare,ROS
Togekiss,46/108,Rare Holo,ROS
Carbink,47/108,Rare,ROS
Klefki,48/108,Rare,ROS
Dratini,49/108,Common,ROS
Dragonair,50/108,Uncommon,ROS
Dragonite,51/108,Rare,ROS
Dragonite,52/108,Rare Holo,ROS
Altaria,53/108,Uncommon,ROS
Bagon,54/108,Common,ROS
Bagon,55/108,Common,ROS
Shelgon,56/108,Uncommon,ROS
Salamence,57/108,Rare Holo,ROS
Latios EX,58/108,Rare Holo EX,ROS
M-Latios EX,59/108,Rare Holo EX,ROS
Rayquaza EX,60/108,Rare Holo EX,ROS
M-Rayquaza EX,61/108,Rare Holo EX,ROS
Hydreigon EX,62/108,Rare Holo EX,ROS
Reshiram,63/108,Rare Holo,ROS
Zekrom,64/108,Rare Holo,ROS
Spearow,65/108,Common,ROS
Fearow,66/108,Uncommon,ROS
Meowth,67/108,Common,ROS
Dunsparce,68/108,Common,ROS
Skarmory,69/108,Rare,ROS
Taillow,70/108,Common,ROS
Swellow,71/108,Rare,ROS
Swellow,72/108,Rare Holo,ROS
Swablu,73/108,Common,ROS
Altaria,74/108,Rare,ROS
Rayquaza EX,75/108,Rare Holo EX,ROS
M-Rayquaza EX,76/108,Rare Holo EX,ROS
Shaymin EX,77/108,Rare Holo EX,ROS
Shaymin EX,77a/108,Rare Ultra,ROS
Pidove,78/108,Common,ROS
Tranquill,79/108,Uncommon,ROS
Unfezant,80/108,Uncommon,ROS
Unfezant,81/108,Rare,ROS
Fletchling,82/108,Common,ROS
Elo Espiritual de Gallade,83/108,Uncommon,ROS
Cachecol da Cura,84/108,Uncommon,ROS
Elo Espiritual de Latios,85/108,Uncommon,ROS
Mega Turbo,86/108,Uncommon,ROS
Elo Espiritual de Rayquaza,87/108,Uncommon,ROS
Reviver,88/108,Uncommon,ROS
Campo Celeste,89/108,Uncommon,ROS
Steven,90/108,Uncommon,ROS
Substituição,91/108,Uncommon,ROS
Correio de Treinadores,92/108,Uncommon,ROS
Correio de Treinadores,92a/108,Uncommon,ROS
Ultra Bola,93/108,Uncommon,ROS
Wally,94/108,Uncommon,ROS
Lente Ampla,95/108,Uncommon,ROS
Winona,96/108,Uncommon,ROS
Energia Dragão Dupla,97/108,Uncommon,ROS
Thundurus EX,98/108,Rare Ultra,ROS
Gallade EX,99/108,Rare Ultra,ROS
M-Gallade EX,100/108,Rare Ultra,ROS
Latios EX,101/108,Rare Ultra,ROS
M-Latios EX,102/108,Rare Ultra,ROS
Hydreigon EX,103/108,Rare Ultra,ROS
Rayquaza EX,104/108,Rare Ultra,ROS
M-Rayquaza EX,105/108,Rare Ultra,ROS
Shaymin EX,106/108,Rare Ultra,ROS
Wally,107/108,Rare Ultra,ROS
Winona,108/108,Rare Ultra,ROS
Substituição de Energia,109/108,Rare Secret,ROS
Explorador VS,110/108,Rare Secret,ROS
Tangela,1/114,Common,STS
Tangrowth,2/114,Uncommon,STS
Hoppip,3/114,Common,STS
Skiploom,4/114,Uncommon,STS
Jumpluff,5/114,Rare,STS
Yanma,6/114,Common,STS
Yanmega,7/114,Rare,STS
Yanmega TURBO,8/114,Rare BREAK,STS
Seedot,9/114,Common,STS
Nuzleaf,10/114,Uncommon,STS
Shiftry,11/114,Rare Holo,STS
Foongus,12/114,Common,STS
Amoonguss,13/114,Rare,STS
Larvesta,14/114,Common,STS
Volcarona,15/114,Rare,STS
Ponyta,16/114,Common,STS
Rapidash,17/114,Uncommon,STS
Chimchar,18/114,Common,STS
Monferno,19/114,Uncommon,STS
Infernape,20/114,Rare Holo,STS
Talonflame TURBO,21/114,Rare BREAK,STS
Litleo,22/114,Common,STS
Pyroar,23/114,Rare,STS
Pyroar TURBO,24/114,Rare BREAK,STS
Volcanion,25/114,Rare,STS
Volcanion EX,26/114,Rare Holo EX,STS
Mantine,27/114,Common,STS
Shellos,28/114,Common,STS
Gastrodon,29/114,Rare,STS
Oshawott,30/114,Common,STS
Dewott,31/114,Uncommon,STS
Samurott,32/114,Rare,STS
Clauncher,33/114,Common,STS
Clawitzer,34/114,Rare,STS
Clawitzer TURBO,35/114,Rare BREAK,STS
Bergmite,36/114,Common,STS
Avalugg,37/114,Rare,STS
Mareep,38/114,Common,STS
Flaaffy,39/114,Uncommon,STS
Ampharos,40/114,Rare Holo,STS
Joltik,41/114,Common,STS
Galvantula,42/114,Rare,STS
Nidoran♂,43/114,Common,STS
Nidorino,44/114,Uncommon,STS
Nidoking,45/114,Rare,STS
Drifloon,46/114,Common,STS
Drifblim,47/114,Uncommon,STS
Litwick,48/114,Common,STS
Lampent,49/114,Uncommon,STS
Chandelure,50/114,Rare Holo,STS
Hoopa,51/114,Rare,STS
Mankey,52/114,Common,STS
Primeape,53/114,Rare,STS
Nosepass,54/114,Common,STS
Probopass,55/114,Rare,STS
Anorith,56/114,Uncommon,STS
Armaldo,57/114,Rare,STS
Croagunk,58/114,Common,STS
Toxicroak,59/114,Rare,STS
Sneasel,60/114,Common,STS
Weavile,61/114,Rare,STS
Spiritomb,62/114,Rare,STS
Pawniard,63/114,Common,STS
Bisharp,64/114,Rare Holo,STS
Yveltal,65/114,Rare Holo,STS
Yveltal TURBO,66/114,Rare BREAK,STS
Steelix EX,67/114,Rare Holo EX,STS
M-Steelix EX,68/114,Rare Holo EX,STS
Shieldon,69/114,Uncommon,STS
Bastiodon,70/114,Rare,STS
Klink,71/114,Common,STS
Klang,72/114,Uncommon,STS
Klinklang,73/114,Rare Holo,STS
Cobalion,74/114,Rare,STS
Magearna EX,75/114,Rare Holo EX,STS
Marill,76/114,Common,STS
Azumarill,77/114,Uncommon,STS
Gardevoir EX,78/114,Rare Holo EX,STS
M-Gardevoir EX,79/114,Rare Holo EX,STS
Klefki,80/114,Uncommon,STS
Xerneas,81/114,Rare Holo,STS
Xerneas TURBO,82/114,Rare BREAK,STS
Druddigon,83/114,Rare,STS
Deino,84/114,Common,STS
Zweilous,85/114,Uncommon,STS
Hydreigon,86/114,Rare Holo,STS
Hydreigon TURBO,87/114,Rare BREAK,STS
Meowth,88/114,Common,STS
Persian,89/114,Uncommon,STS
Aipom,90/114,Common,STS
Ambipom,91/114,Uncommon,STS
Rufflet,92/114,Common,STS
Braviary,93/114,Uncommon,STS
Fletchling,94/114,Common,STS
Fletchinder,95/114,Uncommon,STS
Talonflame,96/114,Rare,STS
Hawlucha,97/114,Uncommon,STS
Fóssil Armadura de Shieldon,98/114,Uncommon,STS
Pokélina Cativante,99/114,Uncommon,STS
Fóssil Garra de Anorith,100/114,Uncommon,STS
Elo Espiritual de Gardevoir,101/114,Uncommon,STS
Dado Ganancioso,102/114,Uncommon,STS
Menino Ninja,103/114,Uncommon,STS
Pokémon Ranger,104/114,Uncommon,STS
Carga Especial,105/114,Uncommon,STS
Elo Espiritual de Steelix,106/114,Uncommon,STS
Volcanion EX,107/114,Rare Ultra,STS
Steelix EX,108/114,Rare Ultra,STS
M-Steelix EX,109/114,Rare Ultra,STS
Magearna EX,110/114,Rare Ultra,STS
Gardevoir EX,111/114,Rare Ultra,STS
M-Gardevoir EX,112/114,Rare Ultra,STS
Pokémon Ranger,113/114,Rare Ultra,STS
Professor Sycamore,114/114,Rare Ultra,STS
Volcanion EX,115/114,Rare Secret,STS
Gardevoir EX,116/114,Rare Secret,STS
Chespin,XY01/211,Promo,XYP
Fennekin,XY02/211,Promo,XYP
Froakie,XY03/211,Promo,XYP
Sylveon,XY04/211,Promo,XYP
Xerneas,XY05/211,Promo,XYP
Yveltal,XY06/211,Promo,XYP
Xerneas-EX,XY07/211,Promo,XYP
Yveltal-EX,XY08/211,Promo,XYP
Garchomp-EX,XY09/211,Promo,XYP
Dragalge,XY10/211,Promo,XYP
Skiddo,XY11/211,Promo,XYP
Honedge,XY12/211,Promo,XYP
Machamp,XY13/211,Promo,XYP
Trevenant,XY14/211,Promo,XYP
Slurpuff,XY15/211,Promo,XYP
Gogoat,XY16/211,Promo,XYP
Charizard-EX,XY17/211,Promo,XYP
Chesnaught-EX,XY18/211,Promo,XYP
Delphox-EX,XY19/211,Promo,XYP
Greninja-EX,XY20/211,Promo,XYP
Bronzong,XY21/211,Promo,XYP
Darkrai,XY22/211,Promo,XYP
Shiftry,XY23/211,Promo,XYP
Greninja,XY24/211,Promo,XYP
Krookodile-EX,XY25/211,Promo,XYP
Pyroar,XY26/211,Promo,XYP
Champions Festival,XY27/211,Promo,XYP
Venusaur-EX,XY28/211,Promo,XYP
Charizard-EX,XY29/211,Promo,XYP
Blastoise-EX,XY30/211,Promo,XYP
Xerneas,XY31/211,Promo,XYP
Yveltal,XY32/211,Promo,XYP
Trevor,XY33/211,Promo,XYP
Metagross-EX,XY34/211,Promo,XYP
M Metagross-EX,XY35/211,Promo,XYP
Treecko,XY36/211,Promo,XYP
Torchic,XY37/211,Promo,XYP
Mudkip,XY38/211,Promo,XYP
Kingdra,XY39/211,Promo,XYP
Ditto,XY40/211,Promo,XYP
Kyogre-EX,XY41/211,Promo,XYP
Groudon-EX,XY42/211,Promo,XYP
Diancie-EX,XY43/211,Promo,XYP
M Diancie-EX,XY44/211,Promo,XYP
Gallade-EX,XY45/211,Promo,XYP
Altaria,XY46/211,Promo,XYP
Heliolisk,XY47/211,Promo,XYP
Meowstic,XY48/211,Promo,XYP
Regirock,XY49/211,Promo,XYP
Pangoro,XY50/211,Promo,XYP
Kyogre,XY51/211,Promo,XYP
Groudon,XY52/211,Promo,XYP
Sceptile-EX,XY53/211,Promo,XYP
Blaziken-EX,XY54/211,Promo,XYP
Swampert-EX,XY55/211,Promo,XYP
Blissey,XY56/211,Promo,XYP
Fearow,XY57/211,Promo,XYP
Malamar,XY58/211,Promo,XYP
Salamence,XY59/211,Promo,XYP
Gyarados,XY60/211,Promo,XYP
Flygon-EX,XY61/211,Promo,XYP
Absol-EX,XY62/211,Promo,XYP
M Absol-EX,XY63/211,Promo,XYP
Rayquaza,XY64/211,Promo,XYP
Latios,XY65/211,Promo,XYP
Rayquaza-EX,XY66/211,Promo,XYP
Jirachi,XY67/211,Promo,XYP
Jirachi,XY67a/211,Promo,XYP
Chesnaught,XY68/211,Promo,XYP
Rayquaza-EX,XY69/211,Promo,XYP
Tyrantrum-EX,XY70/211,Promo,XYP
Hoopa-EX,XY71/211,Promo,XYP
Latios-EX,XY72/211,Promo,XYP
Rayquaza-EX,XY73/211,Promo,XYP
Reshiram,XY74/211,Promo,XYP
Palkia,XY75/211,Promo,XYP
Zekrom,XY76/211,Promo,XYP
Dialga,XY77/211,Promo,XYP
Latias,XY78/211,Promo,XYP
Latios,XY79/211,Promo,XYP
Black Kyurem,XY80/211,Promo,XYP
White Kyurem,XY81/211,Promo,XYP
Regigigas,XY82/211,Promo,XYP
Arceus,XY83/211,Promo,XYP
Pikachu-EX,XY84/211,Promo,XYP
Hoopa-EX,XY85/211,Promo,XYP
M Blaziken-EX,XY86/211,Promo,XYP
M Swampert-EX,XY87/211,Promo,XYP
Chespin,XY88/211,Promo,XYP
Pikachu,XY89/211,Promo,XYP
Hoopa,XY90/211,Promo,XYP
Champions Festival,XY91/211,Promo,XYP
Sableye,XY92/211,Promo,XYP
Celebi,XY93/211,Promo,XYP
Trevenant,XY94/211,Promo,XYP
Pikachu,XY95/211,Promo,XYP
Umbreon,XY96/211,Promo,XYP
Aerodactyl-EX,XY97/211,Promo,XYP
M Aerodactyl-EX,XY98/211,Promo,XYP
Aerodactyl Spirit Link,XY99/211,Promo,XYP
Mewtwo,XY100/211,Promo,XYP
Mewtwo,XY101/211,Promo,XYP
Aurorus-EX,XY102/211,Promo,XYP
Mawile-EX,XY103/211,Promo,XYP
M Mawile-EX,XY104/211,Promo,XYP
Mawile Spirit Link,XY105/211,Promo,XYP
Gyarados-EX,XY106/211,Promo,XYP
Mewtwo-EX,XY107/211,Promo,XYP
Machamp-EX,XY108/211,Promo,XYP
Gyarados,XY109/211,Promo,XYP
Mew,XY110/211,Promo,XYP
Celebi,XY111/211,Promo,XYP
Jirachi,XY112/211,Promo,XYP
Manaphy,XY113/211,Promo,XYP
Darkrai,XY114/211,Promo,XYP
Shaymin,XY115/211,Promo,XYP
Arceus,XY116/211,Promo,XYP
Victini,XY117/211,Promo,XYP
Keldeo,XY118/211,Promo,XYP
Genesect,XY119/211,Promo,XYP
Meloetta,XY120/211,Promo,XYP
Charizard-EX,XY121/211,Promo,XYP
Blastoise-EX,XY122/211,Promo,XYP
Venusaur-EX,XY123/211,Promo,XYP
Pikachu-EX,XY124/211,Promo,XYP
Mewtwo-EX,XY125/211,Promo,XYP
Mew-EX,XY126/211,Promo,XYP
Moltres,XY127/211,Promo,XYP
White Kyurem,XY128/211,Promo,XYP
Zygarde,XY129/211,Promo,XYP
Tyranitar,XY130/211,Promo,XYP
Pansear,XY131/211,Promo,XYP
Gastly,XY132/211,Promo,XYP
Ash-Greninja-EX,XY133/211,Promo,XYP
Empoleon BREAK,XY134/211,Promo,XYP
Beheeyem BREAK,XY135/211,Promo,XYP
Noctowl BREAK,XY136/211,Promo,XYP
Vivillon,XY137/211,Promo,XYP
Froakie,XY138/211,Promo,XYP
Floette,XY139/211,Promo,XYP
Lucario,XY140/211,Promo,XYP
Rayquaza,XY141/211,Promo,XYP
Azelf,XY142/211,Promo,XYP
Magikarp,XY143/211,Promo,XYP
Yanmega,XY144/211,Promo,XYP
Volcanion,XY145/211,Promo,XYP
Clawitzer,XY146/211,Promo,XYP
Hoopa,XY147/211,Promo,XYP
Shaymin-EX,XY148/211,Promo,XYP
Xerneas-EX,XY149/211,Promo,XYP
Yveltal-EX,XY150/211,Promo,XYP
Yveltal-EX,XY150a/211,Promo,XYP
Zygarde-EX,XY151/211,Promo,XYP
Zygarde,XY152/211,Promo,XYP
Ho-Oh,XY153/211,Promo,XYP
Ho-Oh BREAK,XY154/211,Promo,XYP
Wobbuffet BREAK,XY155/211,Promo,XYP
Lugia,XY156/211,Promo,XYP
Beedrill-EX,XY157/211,Promo,XYP
M Beedrill-EX,XY158/211,Promo,XYP
Beedrill Spirit Link,XY159/211,Promo,XYP
Black Kyurem,XY160/211,Promo,XYP
Braixen,XY161/211,Promo,XYP
Greninja,XY162/211,Promo,XYP
Weezing,XY163/211,Promo,XYP
Volcanion,XY164/211,Promo,XYP
Magearna,XY165/211,Promo,XYP
M Gengar-EX,XY166/211,Promo,XYP
Garchomp-EX,XY167/211,Promo,XYP
M Garchomp-EX,XY168/211,Promo,XYP
Garchomp Spirit Link,XY169/211,Promo,XYP
Salamence-EX,XY170/211,Promo,XYP
M Salamence-EX,XY171/211,Promo,XYP
Salamence Spirit Link,XY172/211,Promo,XYP
Volcanion-EX,XY173/211,Promo,XYP
Pikachu-EX,XY174/211,Promo,XYP
Magearna-EX,XY175/211,Promo,XYP
Champions Festival,XY176/211,Promo,XYP
Karen,XY177/211,Promo,XYP
Karen,XY177a/211,Promo,XYP
Absol,XY178/211,Promo,XYP
Snorlax,XY179/211,Promo,XYP
Arcanine BREAK,XY180/211,Promo,XYP
Crobat BREAK,XY181/211,Promo,XYP
Mandibuzz BREAK,XY182/211,Promo,XYP
Mewtwo-EX,XY183/211,Promo,XYP
Giratina,XY184/211,Promo,XYP
Volcanion,XY185/211,Promo,XYP
Magearna,XY186/211,Promo,XYP
Celebi,XY187/211,Promo,XYP
Shaymin,XY188/211,Promo,XYP
Victini,XY189/211,Promo,XYP
Manaphy,XY190/211,Promo,XYP
Keldeo,XY191/211,Promo,XYP
Mew,XY192/211,Promo,XYP
Meloetta,XY193/211,Promo,XYP
Darkrai,XY194/211,Promo,XYP
Jirachi,XY195/211,Promo,XYP
Genesect,XY196/211,Promo,XYP
Arceus,XY197/211,Promo,XYP
M Camerupt-EX,XY198/211,Promo,XYP
M Camerupt-EX,XY198a/211,Promo,XYP
Camerupt Spirit Link,XY199/211,Promo,XYP
M Sharpedo-EX,XY200/211,Promo,XYP
M Sharpedo-EX,XY200a/211,Promo,XYP
Sharpedo Spirit Link,XY201/211,Promo,XYP
Pikachu,XY202/211,Promo,XYP
Gym Badge,XY203/211,Promo,XYP
Gym Badge,XY204/211,Promo,XYP
Gym Badge,XY205/211,Promo,XYP
Gym Badge,XY206/211,Promo,XYP
Gym Badge,XY207/211,Promo,XYP
Gym Badge,XY208/211,Promo,XYP
Gym Badge,XY209/211,Promo,XYP
Gym Badge,XY210/211,Promo,XYP
Lucario Spirit Link,XY211/211,Promo,XYP
Venusaur EX,1/146,Rare Holo EX,XY
M Venusaur EX,2/146,Rare Holo EX,XY
Weedle,3/146,Common,XY
Kakuna,4/146,Uncommon,XY
Beedrill,5/146,Rare,XY
Ledyba,6/146,Common,XY
Ledian,7/146,Uncommon,XY
Volbeat,8/146,Uncommon,XY
Illumise,9/146,Uncommon,XY
Pansage,10/146,Common,XY
Simisage,11/146,Rare,XY
Chespin,12/146,Common,XY
Quilladin,13/146,Uncommon,XY
Chesnaught,14/146,Rare Holo,XY
Scatterbug,15/146,Common,XY
Spewpa,16/146,Uncommon,XY
Vivillon,17/146,Rare Holo,XY
Skiddo,18/146,Common,XY
Gogoat,19/146,Rare Holo,XY
Slugma,20/146,Common,XY
Magcargo,21/146,Rare,XY
Pansear,22/146,Common,XY
Simisear,23/146,Rare,XY
Fennekin,24/146,Common,XY
Braixen,25/146,Uncommon,XY
Delphox,26/146,Rare Holo,XY
Fletchinder,27/146,Uncommon,XY
Talonflame,28/146,Rare Holo,XY
Blastoise EX,29/146,Rare Holo EX,XY
M-Blastoise EX,30/146,Rare Holo EX,XY
Shellder,31/146,Common,XY
Cloyster,32/146,Rare,XY
Staryu,33/146,Common,XY
Starmie,34/146,Rare,XY
Lapras,35/146,Rare Holo,XY
Corsola,36/146,Uncommon,XY
Panpour,37/146,Common,XY
Simipour,38/146,Rare,XY
Froakie,39/146,Common,XY
Frogadier,40/146,Uncommon,XY
Greninja,41/146,Rare Holo,XY
Pikachu,42/146,Common,XY
Raichu,43/146,Rare Holo,XY
Voltorb,44/146,Common,XY
Electrode,45/146,Uncommon,XY
Emolga EX,46/146,Rare Holo EX,XY
Ekans,47/146,Common,XY
Arbok,48/146,Rare,XY
Spoink,49/146,Common,XY
Grumpig,50/146,Rare,XY
Venipede,51/146,Common,XY
Whirlipede,52/146,Uncommon,XY
Scolipede,53/146,Rare,XY
Phantump,54/146,Common,XY
Trevenant,55/146,Rare Holo,XY
Pumpkaboo,56/146,Common,XY
Gourgeist,57/146,Rare Holo,XY
Diglett,58/146,Common,XY
Dugtrio,59/146,Rare,XY
Rhyhorn,60/146,Common,XY
Rhydon,61/146,Rare,XY
Rhyperior,62/146,Rare Holo,XY
Lunatone,63/146,Uncommon,XY
Solrock,64/146,Uncommon,XY
Timburr,65/146,Common,XY
Gurdurr,66/146,Uncommon,XY
Conkeldurr,67/146,Rare,XY
Sableye,68/146,Uncommon,XY
Sandile,69/146,Common,XY
Krokorok,70/146,Uncommon,XY
Krookodile,71/146,Rare,XY
Zorua,72/146,Common,XY
Zoroark,73/146,Rare Holo,XY
Inkay,74/146,Uncommon,XY
Inkay,75/146,Common,XY
Malamar,76/146,Rare,XY
Malamar,77/146,Rare,XY
Yveltal,78/146,Rare,XY
Yveltal EX,79/146,Rare Holo EX,XY
Skarmory EX,80/146,Rare Holo EX,XY
Pawniard,81/146,Common,XY
Bisharp,82/146,Rare,XY
Honedge,83/146,Common,XY
Doublade,84/146,Uncommon,XY
Aegislash,85/146,Rare,XY
Aegislash,86/146,Rare Holo,XY
Jigglypuff,87/146,Common,XY
Jigglypuff,88/146,Common,XY
Wigglytuff,89/146,Rare,XY
Wigglytuff,90/146,Rare,XY
Mr. Mime,91/146,Uncommon,XY
Spritzee,92/146,Common,XY
Aromatisse,93/146,Rare Holo,XY
Swirlix,94/146,Common,XY
Slurpuff,95/146,Rare Holo,XY
Xerneas,96/146,Rare,XY
Xerneas EX,97/146,Rare Holo EX,XY
Doduo,98/146,Common,XY
Dodrio,99/146,Uncommon,XY
Tauros,100/146,Rare,XY
Dunsparce,101/146,Uncommon,XY
Taillow,102/146,Common,XY
Swellow,103/146,Rare,XY
Skitty,104/146,Common,XY
Delcatty,105/146,Uncommon,XY
Bidoof,106/146,Common,XY
Bibarel,107/146,Rare,XY
Lillipup,108/146,Common,XY
Herdier,109/146,Uncommon,XY
Stoutland,110/146,Rare,XY
Bunnelby,111/146,Common,XY
Diggersby,112/146,Uncommon,XY
Fletchling,113/146,Common,XY
Furfrou,114/146,Rare Holo,XY
Cassius,115/146,Uncommon,XY
Evosoda,116/146,Uncommon,XY
Jardim das Fadas,117/146,Uncommon,XY
Grande Bola,118/146,Uncommon,XY
Encanto Severo,119/146,Uncommon,XY
Máximo Reviver,120/146,Uncommon,XY
Faixa Musculosa,121/146,Uncommon,XY
Professor Sycamore,122/146,Uncommon,XY
Carta do Professor,123/146,Uncommon,XY
Cartão Vermelho,124/146,Uncommon,XY
Patins,125/146,Uncommon,XY
Círculo das Sombras,126/146,Uncommon,XY
Shauna,127/146,Uncommon,XY
Super Poção,128/146,Uncommon,XY
Grunhido da Equipe Flare,129/146,Uncommon,XY
Energia Incolor Dupla,130/146,Uncommon,XY
Energia Arco-Íris,131/146,Uncommon,XY
Energia de Grama,132/146,Common,XY
Energia de Fogo,133/146,Common,XY
Energia de Água,134/146,Common,XY
Energia de Raios,135/146,Common,XY
Energia Psíquica,136/146,Common,XY
Energia de Luta,137/146,Common,XY
Energia de Escuridão,138/146,Common,XY
Energia de Metal,139/146,Common,XY
Energia de Fada,140/146,Common,XY
Venusaur EX,141/146,Rare Ultra,XY
Blastoise EX,142/146,Rare Ultra,XY
Emolga EX,143/146,Rare Ultra,XY
Yveltal EX,144/146,Rare Ultra,XY
Skarmory EX,145/146,Rare Ultra,XY
Xerneas EX,146/146,Rare Ultra,XY
