Name,Number,Rarity,setId
Alakazam,1/130,Rare Holo,B2
Blastoise,2/130,Rare Holo,B2
Chansey,3/130,Rare Holo,B2
Charizard,4/130,Rare Holo,B2
Clefable,5/130,Rare Holo,B2
Clefairy,6/130,Rare Holo,B2
Gyarados,7/130,Rare Holo,B2
Hitmonchan,8/130,Rare Holo,B2
Magneton,9/130,Rare Holo,B2
Mewtwo,10/130,Rare Holo,B2
Nidoking,11/130,Rare Holo,B2
Nidoqueen,12/130,Rare Holo,B2
Ninetales,13/130,Rare Holo,B2
Pidgeot,14/130,Rare Holo,B2
Poliwrath,15/130,Rare Holo,B2
Raichu,16/130,Rare Holo,B2
Scyther,17/130,Rare Holo,B2
Venusaur,18/130,Rare Holo,B2
Wigglytuff,19/130,Rare Holo,B2
Zapdos,20/130,Rare Holo,B2
Beedrill,21/130,Rare,B2
Dragonair,22/130,Rare,B2
Dugtrio,23/130,Rare,B2
Electabuzz,24/130,Rare,B2
Electrode,25/130,Rare,B2
Kangaskhan,26/130,Rare,B2
Mr. Mime,27/130,Rare,B2
Pidgeotto,28/130,Rare,B2
Pinsir,29/130,Rare,B2
Snorlax,30/130,Rare,B2
Venomoth,31/130,Rare,B2
Victreebel,32/130,Rare,B2
Arcanine,33/130,Uncommon,B2
Butterfree,34/130,Uncommon,B2
Charmeleon,35/130,Uncommon,B2
Dewgong,36/130,Uncommon,B2
Dodrio,37/130,Uncommon,B2
Dratini,38/130,Uncommon,B2
Exeggutor,39/130,Uncommon,B2
Farfetch'd,40/130,Uncommon,B2
Fearow,41/130,Uncommon,B2
Growlithe,42/130,Uncommon,B2
Haunter,43/130,Uncommon,B2
Ivysaur,44/130,Uncommon,B2
Jynx,45/130,Uncommon,B2
Kadabra,46/130,Uncommon,B2
Kakuna,47/130,Uncommon,B2
Lickitung,48/130,Uncommon,B2
Machoke,49/130,Uncommon,B2
Magikarp,50/130,Uncommon,B2
Magmar,51/130,Uncommon,B2
Marowak,52/130,Uncommon,B2
Nidorina,53/130,Uncommon,B2
Nidorino,54/130,Uncommon,B2
Parasect,55/130,Uncommon,B2
Persian,56/130,Uncommon,B2
Poliwhirl,57/130,Uncommon,B2
Raticate,58/130,Uncommon,B2
Rhydon,59/130,Uncommon,B2
Seaking,60/130,Uncommon,B2
Seel,61/130,Uncommon,B2
Tauros,62/130,Uncommon,B2
Wartortle,63/130,Uncommon,B2
Weepinbell,64/130,Uncommon,B2
Abra,65/130,Common,B2
Bellsprout,66/130,Common,B2
Bulbasaur,67/130,Common,B2
Caterpie,68/130,Common,B2
Charmander,69/130,Common,B2
Cubone,70/130,Common,B2
Diglett,71/130,Common,B2
Doduo,72/130,Common,B2
Drowzee,73/130,Common,B2
Exeggcute,74/130,Common,B2
Gastly,75/130,Common,B2
Goldeen,76/130,Common,B2
Jigglypuff,77/130,Common,B2
Machop,78/130,Common,B2
Magnemite,79/130,Common,B2
Meowth,80/130,Common,B2
Metapod,81/130,Common,B2
Nidoran ♀,82/130,Common,B2
Nidoran ♂,83/130,Common,B2
Onix,84/130,Common,B2
Paras,85/130,Common,B2
Pidgey,86/130,Common,B2
Pikachu,87/130,Common,B2
Poliwag,88/130,Common,B2
Rattata,89/130,Common,B2
Rhyhorn,90/130,Common,B2
Sandshrew,91/130,Common,B2
Spearow,92/130,Common,B2
Squirtle,93/130,Common,B2
Starmie,94/130,Common,B2
Staryu,95/130,Common,B2
Tangela,96/130,Common,B2
Venonat,97/130,Common,B2
Voltorb,98/130,Common,B2
Vulpix,99/130,Common,B2
Weedle,100/130,Common,B2
Computer Search,101/130,Rare,B2
Imposter Professor Oak,102/130,Rare,B2
Item Finder,103/130,Rare,B2
Lass,104/130,Rare,B2
Pokémon Breeder,105/130,Rare,B2
Pokémon Trader,106/130,Rare,B2
Scoop Up,107/130,Rare,B2
Super Energy Removal,108/130,Rare,B2
Defender,109/130,Uncommon,B2
Energy Retrieval,110/130,Uncommon,B2
Full Heal,111/130,Uncommon,B2
Maintenance,112/130,Uncommon,B2
PlusPower,113/130,Uncommon,B2
Pokémon Center,114/130,Uncommon,B2
Pokédex,115/130,Uncommon,B2
Professor Oak,116/130,Uncommon,B2
Super Potion,117/130,Uncommon,B2
Bill,118/130,Common,B2
Energy Removal,119/130,Common,B2
Gust of Wind,120/130,Common,B2
Poké Ball,121/130,Common,B2
Potion,122/130,Common,B2
Switch,123/130,Common,B2
Double Colorless Energy,124/130,Uncommon,B2
Fighting Energy,125/130,,B2
Fire Energy,126/130,,B2
Grass Energy,127/130,,B2
Lightning Energy,128/130,,B2
Psychic Energy,129/130,,B2
Water Energy,130/130,,B2
Simsala,1/102,Rare Holo,BS
Turtok,2/102,Rare Holo,BS
Chaneira,3/102,Rare Holo,BS
Glurak,4/102,Rare Holo,BS
Piepi,5/102,Rare Holo,BS
Garados,6/102,Rare Holo,BS
Nockchan,7/102,Rare Holo,BS
Machomei,8/102,Rare Holo,BS
Magneton,9/102,Rare Holo,BS
Mewtu,10/102,Rare Holo,BS
Nidoking,11/102,Rare Holo,BS
Vulnona,12/102,Rare Holo,BS
Quappo,13/102,Rare Holo,BS
Raichu,14/102,Rare Holo,BS
Bisaflor,15/102,Rare Holo,BS
Zapdos,16/102,Rare Holo,BS
Bibor,17/102,Rare,BS
Dragonir,18/102,Rare,BS
Digdri,19/102,Rare,BS
Elektek,20/102,Rare,BS
Lektrobal,21/102,Rare,BS
Tauboga,22/102,Rare,BS
Arkani,23/102,Uncommon,BS
Glutexo,24/102,Uncommon,BS
Jugong,25/102,Uncommon,BS
Dratini,26/102,Uncommon,BS
Porenta,27/102,Uncommon,BS
Fukano,28/102,Uncommon,BS
Alpollo,29/102,Uncommon,BS
Bisaknosp,30/102,Uncommon,BS
Rossana,31/102,Uncommon,BS
Kadabra,32/102,Uncommon,BS
Kokuna,33/102,Uncommon,BS
Maschock,34/102,Uncommon,BS
Karpador,35/102,Uncommon,BS
Magmar,36/102,Uncommon,BS
Nidorino,37/102,Uncommon,BS
Quaputzi,38/102,Uncommon,BS
Porygon,39/102,Uncommon,BS
Rattikarl,40/102,Uncommon,BS
Jurob,41/102,Uncommon,BS
Schillok,42/102,Uncommon,BS
Abra,43/102,Common,BS
Bisasam,44/102,Common,BS
Raupy,45/102,Common,BS
Glumanda,46/102,Common,BS
Digda,47/102,Common,BS
Dodu,48/102,Common,BS
Traumato,49/102,Common,BS
Nebulak,50/102,Common,BS
Smogon,51/102,Common,BS
Machollo,52/102,Common,BS
Magnetilo,53/102,Common,BS
Safcon,54/102,Common,BS
Nidoran M,55/102,Common,BS
Onix,56/102,Common,BS
Taubsi,57/102,Common,BS
Pikachu,58/102,Common,BS
Quapsel,59/102,Common,BS
Ponita,60/102,Common,BS
Rattfratz,61/102,Common,BS
Sandan,62/102,Common,BS
Schiggy,63/102,Common,BS
Starmie,64/102,Common,BS
Sterndu,65/102,Common,BS
Tangela,66/102,Common,BS
Voltobal,67/102,Common,BS
Vulpix,68/102,Common,BS
Hornliu,69/102,Common,BS
Piepi-Puppe,70/102,Rare,BS
Computersuche,71/102,Rare,BS
Rückentwicklungs-Spray,72/102,Rare,BS
Falscher Professor Eich,73/102,Rare,BS
Detektor,74/102,Rare,BS
Göre,75/102,Rare,BS
Pokémon-Züchter,76/102,Rare,BS
Pokémon-Händler,77/102,Rare,BS
Aufwisch,78/102,Rare,BS
Super Energie-Absauger,79/102,Rare,BS
Defender,80/102,Uncommon,BS
Energiezugewinnung,81/102,Uncommon,BS
Hyperheiler,82/102,Uncommon,BS
Wartung,83/102,Uncommon,BS
PlusPower,84/102,Uncommon,BS
Pokémon Center,85/102,Uncommon,BS
Pokémon-Flöte,86/102,Uncommon,BS
Pokédex,87/102,Uncommon,BS
Professor Eich,88/102,Uncommon,BS
Beleber,89/102,Uncommon,BS
Supertrank,90/102,Uncommon,BS
Bill,91/102,Common,BS
Energie-Absauger,92/102,Common,BS
Windhauch,93/102,Common,BS
Trank,94/102,Common,BS
Tausch,95/102,Common,BS
Doppelte farblose Energie,96/102,Uncommon,BS
Kampfenergie,97/102,,BS
Feuerenergie,98/102,,BS
Pflanzenenergie,99/102,,BS
Elektroenergie,100/102,,BS
Psychoenergie,101/102,,BS
Wasserenergie,102/102,,BS
Aerodactyl,1/62,Rare Holo,FO
Arktos,2/62,Rare Holo,FO
Ditto,3/62,Rare Holo,FO
Dragoran,4/62,Rare Holo,FO
Gengar,5/62,Rare Holo,FO
Alpollo,6/62,Rare Holo,FO
Kicklee,7/62,Rare Holo,FO
Hypno,8/62,Rare Holo,FO
Kabutops,9/62,Rare Holo,FO
Lapras,10/62,Rare Holo,FO
Magneton,11/62,Rare Holo,FO
Lavados,12/62,Rare Holo,FO
Sleimok,13/62,Rare Holo,FO
Raichu,14/62,Rare Holo,FO
Zapdos,15/62,Rare Holo,FO
Aerodactyl,16/62,Rare,FO
Arktos,17/62,Rare,FO
Ditto,18/62,Rare,FO
Dragoran,19/62,Rare,FO
Gengar,20/62,Rare,FO
Alpollo,21/62,Rare,FO
Kicklee,22/62,Rare,FO
Hypno,23/62,Rare,FO
Kabutops,24/62,Rare,FO
Lapras,25/62,Rare,FO
Magneton,26/62,Rare,FO
Lavados,27/62,Rare,FO
Sleimok,28/62,Rare,FO
Raichu,29/62,Rare,FO
Zapdos,30/62,Rare,FO
Arbok,31/62,Uncommon,FO
Austos,32/62,Uncommon,FO
Nebulak,33/62,Uncommon,FO
Golbat,34/62,Uncommon,FO
Entoron,35/62,Uncommon,FO
Geowaz,36/62,Uncommon,FO
Georok,37/62,Uncommon,FO
Kingler,38/62,Uncommon,FO
Magmar,39/62,Uncommon,FO
Amoroso,40/62,Uncommon,FO
Sandamer,41/62,Uncommon,FO
Seemon,42/62,Uncommon,FO
Lahmus,43/62,Uncommon,FO
Tentoxa,44/62,Uncommon,FO
Smogmog,45/62,Uncommon,FO
Rettan,46/62,Common,FO
Kleinstein,47/62,Common,FO
Sleima,48/62,Common,FO
Seeper,49/62,Common,FO
Kabuto,50/62,Common,FO
Krabby,51/62,Common,FO
Amonitas,52/62,Common,FO
Enton,53/62,Common,FO
Muschas,54/62,Common,FO
Flegmon,55/62,Common,FO
Tentacha,56/62,Common,FO
Zubat,57/62,Common,FO
Mr. Fuji,58/62,Uncommon,FO
Energiesuche,59/62,Common,FO
Spieler,60/62,Common,FO
Wiederverwertung,61/62,Common,FO
Geheimnis-Fossil,62/62,Common,FO
Pixi,1/64,Rare Holo,JU
Lektrobal,2/64,Rare Holo,JU
Flamara,3/64,Rare Holo,JU
Blitza,4/64,Rare Holo,JU
Kangama,5/64,Rare Holo,JU
Pantimos,6/64,Rare Holo,JU
Nidoqueen,7/64,Rare Holo,JU
Tauboss,8/64,Rare Holo,JU
Pinsir,9/64,Rare Holo,JU
Sichlor,10/64,Rare Holo,JU
Relaxo,11/64,Rare Holo,JU
Aquana,12/64,Rare Holo,JU
Omot,13/64,Rare Holo,JU
Sarzenia,14/64,Rare Holo,JU
Giflor,15/64,Rare Holo,JU
Knuddeluff,16/64,Rare Holo,JU
Pixi,17/64,Rare,JU
Lektrobal,18/64,Rare,JU
Flamara,19/64,Rare,JU
Blitza,20/64,Rare,JU
Kangama,21/64,Rare,JU
Pantimos,22/64,Rare,JU
Nidoqueen,23/64,Rare,JU
Tauboss,24/64,Rare,JU
Pinsir,25/64,Rare,JU
Sichlor,26/64,Rare,JU
Relaxo,27/64,Rare,JU
Aquana,28/64,Rare,JU
Omot,29/64,Rare,JU
Sarzenia,30/64,Rare,JU
Giflor,31/64,Rare,JU
Knuddeluff,32/64,Rare,JU
Smettbo,33/64,Uncommon,JU
Dodri,34/64,Uncommon,JU
Kokowei,35/64,Uncommon,JU
Ibitak,36/64,Uncommon,JU
Duflor,37/64,Uncommon,JU
Schlurp,38/64,Uncommon,JU
Knogga,39/64,Uncommon,JU
Nidorina,40/64,Uncommon,JU
Parasek,41/64,Uncommon,JU
Snobilikat,42/64,Uncommon,JU
Rasaff,43/64,Uncommon,JU
Gallopa,44/64,Uncommon,JU
Rizeros,45/64,Uncommon,JU
Golking,46/64,Uncommon,JU
Tauros,47/64,Uncommon,JU
Ultrigaria,48/64,Uncommon,JU
Knofensa,49/64,Common,JU
Tragosso,50/64,Common,JU
Evoli,51/64,Common,JU
Owei,52/64,Common,JU
Goldini,53/64,Common,JU
Pummeluff,54/64,Common,JU
Menki,55/64,Common,JU
Mauzi,56/64,Common,JU
Nidoran W,57/64,Common,JU
Myrapla,58/64,Common,JU
Paras,59/64,Common,JU
Pikachu,60/64,Common,JU
Rihorn,61/64,Common,JU
Habitak,62/64,Common,JU
Bluzuk,63/64,Common,JU
Poké Ball,64/64,Common,JU
Dunkles Simsala,1/82,Rare Holo,RO
Dunkles Arbok,2/82,Rare Holo,RO
Dunkles Turtok,3/82,Rare Holo,RO
Dunkles Glurak,4/82,Rare Holo,RO
Dunkles Dragoran,5/82,Rare Holo,RO
Dunkles Digdri,6/82,Rare Holo,RO
Dunkles Golbat,7/82,Rare Holo,RO
Dunkles Garados,8/82,Rare Holo,RO
Dunkles Hypno,9/82,Rare Holo,RO
Dunkles Machomei,10/82,Rare Holo,RO
Dunkles Magneton,11/82,Rare Holo,RO
Dunkles Lahmus,12/82,Rare Holo,RO
Dunkles Giflor,13/82,Rare Holo,RO
Dunkles Smogmog,14/82,Rare Holo,RO
Hier kommt Team Rocket!,15/82,Rare Holo,RO
Rockets Überraschungsangriff,16/82,Rare Holo,RO
Regenbogen-Energie,17/82,Rare Holo,RO
Dunkles Simsala,18/82,Rare,RO
Dunkles Arbok,19/82,Rare,RO
Dunkles Turtok,20/82,Rare,RO
Dunkles Glurak,21/82,Rare,RO
Dunkles Dragoran,22/82,Rare,RO
Dunkles Digdri,23/82,Rare,RO
Dunkles Golbat,24/82,Rare,RO
Dunkles Garados,25/82,Rare,RO
Dunkles Hypno,26/82,Rare,RO
Dunkles Machomei,27/82,Rare,RO
Dunkles Magneton,28/82,Rare,RO
Dunkles Lahmus,29/82,Rare,RO
Dunkles Giflor,30/82,Rare,RO
Dunkles Smogmog,31/82,Rare,RO
Dunkles Glutexo,32/82,Uncommon,RO
Dunkles Dragonir,33/82,Uncommon,RO
Dunkles Lektrobal,34/82,Uncommon,RO
Dunkles Flamara,35/82,Uncommon,RO
Dunkles Duflor,36/82,Uncommon,RO
Dunkles Entoron,37/82,Uncommon,RO
Dunkles Blitza,38/82,Uncommon,RO
Dunkles Kadabra,39/82,Uncommon,RO
Dunkles Maschock,40/82,Uncommon,RO
Dunkles Sleimok,41/82,Uncommon,RO
Dunkles Snobilikat,42/82,Uncommon,RO
Dunkles Rasaff,43/82,Uncommon,RO
Dunkles Gallopa,44/82,Uncommon,RO
Dunkles Aquana,45/82,Uncommon,RO
Dunkles Schillok,46/82,Uncommon,RO
Karpador,47/82,Uncommon,RO
Porygon,48/82,Uncommon,RO
Abra,49/82,Common,RO
Glumanda,50/82,Common,RO
Dunkles Rattikarl,51/82,Common,RO
Digda,52/82,Common,RO
Dratini,53/82,Common,RO
Traumato,54/82,Common,RO
Evoli,55/82,Common,RO
Rettan,56/82,Common,RO
Sleima,57/82,Common,RO
Smogon,58/82,Common,RO
Machollo,59/82,Common,RO
Magnetilo,60/82,Common,RO
Menki,61/82,Common,RO
Mauzi,62/82,Common,RO
Myrapla,63/82,Common,RO
Ponita,64/82,Common,RO
Enton,65/82,Common,RO
Rattfratz,66/82,Common,RO
Flegmon,67/82,Common,RO
Schiggy,68/82,Common,RO
Voltobal,69/82,Common,RO
Zubat,70/82,Common,RO
Hier kommt Team Rocket!,71/82,Rare,RO
Rockets Überraschungsangriff,72/82,Rare,RO
Der Boss hat immer Recht,73/82,Uncommon,RO
Herausforderung!,74/82,Uncommon,RO
Bagger,75/82,Uncommon,RO
Die Rache des falschen Profess,76/82,Uncommon,RO
Nächtliche Müllabfuhr,77/82,Uncommon,RO
Uhu-Gasangriff,78/82,Common,RO
Schlaf!,79/82,Common,RO
Regenbogen-Energie,80/82,Rare,RO
Hyperheiler-Energie,81/82,Uncommon,RO
Trank-Energie,82/82,Uncommon,RO
Dunkles Raichu,83/82,Rare Secret,RO
Pikachu,1/53,Promo,WBP
Elektek,2/53,Promo,WBP
Mewtu,3/53,Promo,WBP
Pikachu,4/53,Promo,WBP
Dragoran (Dragonit),5/53,Promo,WBP
Arkani,6/53,Promo,WBP
Jigglypuff,7/53,Promo,WBP
Mew,8/53,Promo,WBP
Mew,9/53,Promo,WBP
Meowth,10/53,Promo,WBP
Eevee,11/53,Promo,WBP
Mewtwo,12/53,Promo,WBP
Venusaur,13/53,Promo,WBP
Mewtu,14/53,Promo,WBP
Cool Porygon,15/53,Promo,WBP
Computer Error,16/53,Promo,WBP
Dark Persian,17/53,Promo,WBP
Team Rocket's Meowth,18/53,Promo,WBP
Sabrina's Abra,19/53,Promo,WBP
Psyduck,20/53,Promo,WBP
Lavados,21/53,Promo,WBP
Arktos,22/53,Promo,WBP
Zapdos,23/53,Promo,WBP
S Pikachu,24/53,Promo,WBP
Fliegendes Pikachu,25/53,Promo,WBP
Pikachu,26/53,Promo,WBP
Pikachu,27/53,Promo,WBP
Surfing Pikachu,28/53,Promo,WBP
Marill,29/53,Promo,WBP
Togepi,30/53,Promo,WBP
Pii,31/53,Promo,WBP
Farbeagle,32/53,Promo,WBP
Scherox,33/53,Promo,WBP
Entei,34/53,Promo,WBP
Pichu,35/53,Promo,WBP
Fluffeluff,36/53,Promo,WBP
Kapoera,37/53,Promo,WBP
Icognito [J],38/53,Promo,WBP
Traunfugil,39/53,Promo,WBP
Pokémon Center,40/53,Promo,WBP
Lucky Stadium,41/53,Promo,WBP
Pokémon Tower,42/53,Promo,WBP
Machamp,43/53,Promo,WBP
Magmar,44/53,Promo,WBP
Scyther,45/53,Promo,WBP
Electabuzz,46/53,Promo,WBP
Mew,47/53,Promo,WBP
Articuno,48/53,Promo,WBP
Snorlax,49/53,Promo,WBP
Celebi,50/53,Promo,WBP
Rapidash,51/53,Promo,WBP
Ho-oh,52/53,Promo,WBP
Suicune,53/53,Promo,WBP
Serpifeu,1/114,Common,BLW
Serpifeu,2/114,Common,BLW
Efoserp,3/114,Uncommon,BLW
Efoserp,4/114,Uncommon,BLW
Serpiroyal,5/114,Rare Holo,BLW
Serpiroyal,6/114,Rare Holo,BLW
Vegimak,7/114,Common,BLW
Vegichita,8/114,Uncommon,BLW
Lilminip,9/114,Common,BLW
Dressella,10/114,Rare,BLW
Maracamba,11/114,Uncommon,BLW
Maracamba,12/114,Rare,BLW
Sesokitz,13/114,Common,BLW
Kronjuwild,14/114,Rare,BLW
Floink,15/114,Common,BLW
Floink,16/114,Common,BLW
Ferkokel,17/114,Uncommon,BLW
Ferkokel,18/114,Uncommon,BLW
Flambirex,19/114,Rare Holo,BLW
Flambirex,20/114,Rare Holo,BLW
Grillmak,21/114,Common,BLW
Grillchita,22/114,Uncommon,BLW
Flampion,23/114,Common,BLW
Flampion,24/114,Uncommon,BLW
Flampivian,25/114,Rare,BLW
Reshiram,26/114,Rare Holo,BLW
Ottaro,27/114,Common,BLW
Ottaro,28/114,Common,BLW
Zwottronin,29/114,Uncommon,BLW
Zwottronin,30/114,Uncommon,BLW
Admurai,31/114,Rare Holo,BLW
Admurai,32/114,Rare Holo,BLW
Sodamak,33/114,Common,BLW
Sodachita,34/114,Uncommon,BLW
Barschuft,35/114,Uncommon,BLW
Piccolente,36/114,Common,BLW
Swaroness,37/114,Rare,BLW
Mamolida,38/114,Uncommon,BLW
Mamolida,39/114,Rare,BLW
Elezeba,40/114,Common,BLW
Elezeba,41/114,Common,BLW
Zebritz,42/114,Uncommon,BLW
Zebritz,43/114,Rare,BLW
Wattzapf,44/114,Common,BLW
Wattzapf,45/114,Common,BLW
Voltula,46/114,Rare,BLW
Zekrom,47/114,Rare Holo,BLW
Somniam,48/114,Uncommon,BLW
Somnivora,49/114,Rare,BLW
Fleknoil,50/114,Common,BLW
Fletiamo,51/114,Uncommon,BLW
Toxiped,52/114,Common,BLW
Rollum,53/114,Uncommon,BLW
Cerapendra,54/114,Rare,BLW
Monozyto,55/114,Common,BLW
Mitodos,56/114,Uncommon,BLW
Zytomega,57/114,Rare Holo,BLW
Praktibalk,58/114,Common,BLW
Praktibalk,59/114,Common,BLW
Strepoli,60/114,Uncommon,BLW
Jiutesto,61/114,Rare,BLW
Karadonis,62/114,Rare,BLW
Ganovil,63/114,Common,BLW
Rokkaiman,64/114,Uncommon,BLW
Rabigator,65/114,Rare Holo,BLW
Felilou,66/114,Common,BLW
Kleoparda,67/114,Rare,BLW
Zurrokex,68/114,Common,BLW
Irokex,69/114,Rare,BLW
Zorua,70/114,Common,BLW
Zoroark,71/114,Rare Holo,BLW
Skallyk,72/114,Uncommon,BLW
Grypheldis,73/114,Rare,BLW
Klikk,74/114,Common,BLW
Kliklak,75/114,Uncommon,BLW
Klikdiklak,76/114,Rare Holo,BLW
Nagelotz,77/114,Common,BLW
Nagelotz,78/114,Common,BLW
Kukmarda,79/114,Uncommon,BLW
Yorkleff,80/114,Common,BLW
Yorkleff,81/114,Common,BLW
Terribark,82/114,Uncommon,BLW
Bissbark,83/114,Rare,BLW
Dusselgurr,84/114,Common,BLW
Navitaub,85/114,Uncommon,BLW
Fasasnob,86/114,Rare,BLW
Ohrdoch,87/114,Uncommon,BLW
Picochilla,88/114,Common,BLW
Chillabell,89/114,Rare,BLW
Bisofank,90/114,Uncommon,BLW
Bisofank,91/114,Rare,BLW
Energie-Rückgewinnung,92/114,Uncommon,BLW
Energiesuche,93/114,Common,BLW
Energie-Umschalter,94/114,Uncommon,BLW
Hyperheiler,95/114,Uncommon,BLW
PlusPower,96/114,Uncommon,BLW
Pokéball,97/114,Uncommon,BLW
Pokédex,98/114,Uncommon,BLW
Pokémon-Kommunikation,99/114,Uncommon,BLW
Trank,100/114,Common,BLW
Prof. Esche,101/114,Uncommon,BLW
Beleber,102/114,Uncommon,BLW
Super-Anziehungskraft,103/114,Uncommon,BLW
Tausch,104/114,Common,BLW
Pflanze-Energie,105/114,Common,BLW
Feuer-Energie,106/114,Common,BLW
Wasser-Energie,107/114,Common,BLW
Elektro-Energie,108/114,Common,BLW
Psycho-Energie,109/114,Common,BLW
Kampf-Energie,110/114,Common,BLW
Finsternis-Energie,111/114,Common,BLW
Metall-Energie,112/114,Common,BLW
Reshiram,113/114,Rare Ultra,BLW
Zekrom,114/114,Rare Ultra,BLW
Pikachu,115/114,Rare Secret,BLW
Myrapla,1/149,Common,BCR
Duflor,2/149,Uncommon,BCR
Giflor,3/149,Rare Holo,BCR
Blubella,4/149,Rare,BCR
Tangela,5/149,Common,BCR
Tangoloss,6/149,Rare Holo,BCR
Sichlor,7/149,Common,BCR
Skaraborn,8/149,Uncommon,BCR
Celebi-EX,9/149,Rare Holo EX,BCR
Shaymin,10/149,Rare,BCR
Serpifeu,11/149,Common,BCR
Efoserp,12/149,Uncommon,BCR
Serpiroyal,13/149,Rare Holo,BCR
Waumboll,14/149,Common,BCR
Elfun,15/149,Rare,BCR
Lilminip,16/149,Uncommon,BCR
Dressella,17/149,Rare,BCR
Glumanda,18/149,Common,BCR
Glutexo,19/149,Uncommon,BCR
Glurak,20/149,Rare Holo,BCR
Camaub,21/149,Common,BCR
Camerupt,22/149,Rare,BCR
Victini,23/149,Rare,BCR
Floink,24/149,Common,BCR
Ferkokel,25/149,Uncommon,BCR
Flambirex,26/149,Rare Holo,BCR
Flampion,27/149,Common,BCR
Flampivian,28/149,Uncommon,BCR
Schiggy,29/149,Common,BCR
Schillok,30/149,Uncommon,BCR
Turtok,31/149,Rare Holo,BCR
Enton,32/149,Common,BCR
Enton,33/149,Common,BCR
Entoron,34/149,Uncommon,BCR
Entoron,35/149,Rare,BCR
Marill,36/149,Common,BCR
Azumarill,37/149,Uncommon,BCR
Botogel,38/149,Uncommon,BCR
Ottaro,39/149,Common,BCR
Zwottronin,40/149,Uncommon,BCR
Admurai,41/149,Rare Holo,BCR
Piccolente,42/149,Common,BCR
Swaroness,43/149,Uncommon,BCR
Quabbel,44/149,Common,BCR
Apoquallyp,45/149,Rare,BCR
Frigometri,46/149,Uncommon,BCR
Keldeo,47/149,Rare Holo,BCR
Keldeo,48/149,Rare,BCR
Keldeo-EX,49/149,Rare Holo EX,BCR
Pikachu,50/149,Common,BCR
Voltobal,51/149,Common,BCR
Lektrobal,52/149,Uncommon,BCR
Elektek,53/149,Common,BCR
Elevoltek,54/149,Rare Holo,BCR
Lampi,55/149,Common,BCR
Elezeba,56/149,Common,BCR
Zebritz,57/149,Rare Holo,BCR
Woingenau,58/149,Uncommon,BCR
Spoink,59/149,Common,BCR
Groink,60/149,Rare,BCR
Zwirrlicht,61/149,Common,BCR
Zwirrklop,62/149,Uncommon,BCR
Zwirrfinst,63/149,Rare Holo,BCR
Glibunkel,64/149,Common,BCR
Glibunkel,65/149,Uncommon,BCR
Toxiquak,66/149,Rare,BCR
Cresselia-EX,67/149,Rare Holo EX,BCR
Somniam,68/149,Uncommon,BCR
Somnivora,69/149,Rare,BCR
Fleknoil,70/149,Common,BCR
Fletiamo,71/149,Rare,BCR
Toxiped,72/149,Common,BCR
Rollum,73/149,Uncommon,BCR
Cerapendra,74/149,Rare Holo,BCR
Mollimorba,75/149,Common,BCR
Hypnomorba,76/149,Uncommon,BCR
Meloetta,77/149,Rare Holo,BCR
Sandan,78/149,Common,BCR
Sandamer,79/149,Uncommon,BCR
Skorgla,80/149,Common,BCR
Skorgro,81/149,Rare Holo,BCR
Makuhita,82/149,Common,BCR
Knacklion,83/149,Common,BCR
Lithomith,84/149,Common,BCR
Castellith,85/149,Rare Holo,BCR
Lin-Fu,86/149,Common,BCR
Lin-Fu,87/149,Uncommon,BCR
Wie-Shu,88/149,Uncommon,BCR
Demeteros-EX,89/149,Rare Holo EX,BCR
Felilou,90/149,Common,BCR
Kleoparda,91/149,Rare Holo,BCR
Skallyk,92/149,Common,BCR
Grypheldis,93/149,Uncommon,BCR
Scherox,94/149,Rare Holo,BCR
Panzaeron,95/149,Uncommon,BCR
Panzaeron,96/149,Uncommon,BCR
Klikk,97/149,Uncommon,BCR
Vibrava,98/149,Uncommon,BCR
Libelldra,99/149,Rare Holo,BCR
Schwarzes Kyurem,100/149,Rare,BCR
Schwarzes Kyurem-EX,101/149,Rare Holo EX,BCR
Weißes Kyurem,102/149,Rare,BCR
Weißes Kyurem-EX,103/149,Rare Holo EX,BCR
Rattfratz,104/149,Common,BCR
Rattikarl,105/149,Uncommon,BCR
Mauzi,106/149,Common,BCR
Porenta,107/149,Uncommon,BCR
Ditto,108/149,Rare Holo,BCR
Relaxo,109/149,Uncommon,BCR
Togepi,110/149,Common,BCR
Dummisel,111/149,Common,BCR
Schwalbini,112/149,Common,BCR
Eneco,113/149,Common,BCR
Enekoro,114/149,Uncommon,BCR
Pandir,115/149,Common,BCR
Haspiror,116/149,Common,BCR
Schlapor,117/149,Uncommon,BCR
Nagelotz,118/149,Common,BCR
Kukmarda,119/149,Uncommon,BCR
Yorkleff,120/149,Common,BCR
Terribark,121/149,Uncommon,BCR
Bissbark,122/149,Rare Holo,BCR
Dusselgurr,123/149,Common,BCR
Navitaub,124/149,Uncommon,BCR
Fasasnob,125/149,Rare,BCR
Ohrdoch,126/149,Rare,BCR
Eventura City-Arena,127/149,Uncommon,BCR
Energiesuche,128/149,Common,BCR
Superball,129/149,Uncommon,BCR
Matisse,130/149,Uncommon,BCR
Pokéball,131/149,Common,BCR
Trank,132/149,Common,BCR
Beulenhelm,133/149,Uncommon,BCR
Géraldine,134/149,Uncommon,BCR
Tausch,135/149,Common,BCR
Karte,136/149,Uncommon,BCR
Computersuche,137/149,Rare ACE,BCR
Kristallklinge,138/149,Rare ACE,BCR
Kristallschild,139/149,Rare ACE,BCR
Goldtrank,140/149,Rare ACE,BCR
Celebi-EX,141/149,Rare Ultra,BCR
Keldeo-EX,142/149,Rare Ultra,BCR
Cresselia-EX,143/149,Rare Ultra,BCR
Demeteros-EX,144/149,Rare Ultra,BCR
Schwarzes Kyurem-EX,145/149,Rare Ultra,BCR
Weißes Kyurem-EX,146/149,Rare Ultra,BCR
Bell,147/149,Rare Ultra,BCR
Cheren,148/149,Rare Ultra,BCR
Géraldine,149/149,Rare Ultra,BCR
Golgantes,150/149,Rare Secret,BCR
Terrakium,151/149,Rare Secret,BCR
Altaria,152/149,Rare Secret,BCR
Beulenhelm,153/149,Rare Secret,BCR
Snivy,BW01/101,Promo,BWP
Tepig,BW02/101,Promo,BWP
Oshawott,BW03/101,Promo,BWP
Reshiram,BW004/101,Promo,BWP
Zekrom,BW005/101,Promo,BWP
Snivy,BW06/101,Promo,BWP
Tepig,BW07/101,Promo,BWP
Oshawott,BW08/101,Promo,BWP
Zoroark,BW09/101,Promo,BWP
Axew,BW10/101,Promo,BWP
Pansage,BW11/101,Promo,BWP
Zorua,BW12/101,Promo,BWP
Minccino,BW13/101,Promo,BWP
Pansage,BW14/101,Promo,BWP
Pidove,BW15/101,Promo,BWP
Axew,BW16/101,Promo,BWP
Ducklett,BW17/101,Promo,BWP
Darumaka,BW18/101,Promo,BWP
Zoroark,BW19/101,Promo,BWP
Serperior,BW20/101,Promo,BWP
Emboar,BW21/101,Promo,BWP
Samurott,BW22/101,Promo,BWP
Reshiram,BW23/101,Promo,BWP
Zekrom,BW24/101,Promo,BWP
Scraggy,BW25/101,Promo,BWP
Axew,BW26/101,Promo,BWP
Litwick,BW27/101,Promo,BWP
Tropical Beach,BW28/101,Promo,BWP
Victory Cup,BW29/101,Promo,BWP
Victory Cup,BW30/101,Promo,BWP
Victory Cup,BW31/101,Promo,BWP
Victini,BW32/101,Promo,BWP
Riolu,BW33/101,Promo,BWP
Luxio,BW34/101,Promo,BWP
Meowth,BW35/101,Promo,BWP
Reshiram-EX,BW36/101,Promo,BWP
Kyurem-EX,BW37/101,Promo,BWP
Zekrom-EX,BW38/101,Promo,BWP
Battle City,BW39/101,Promo,BWP
Volcarona,BW40/101,Promo,BWP
Thundurus,BW41/101,Promo,BWP
Tornadus,BW42/101,Promo,BWP
Landorus,BW43/101,Promo,BWP
Kyurem,BW44/101,Promo,BWP
Mewtwo-EX,BW45/101,Promo,BWP
Darkrai-EX,BW46/101,Promo,BWP
Rayquaza-EX,BW47/101,Promo,BWP
Altaria,BW48/101,Promo,BWP
Lilligant,BW49/101,Promo,BWP
Tropical Beach,BW50/101,Promo,BWP
Crobat,BW51/101,Promo,BWP
Lillipup,BW52/101,Promo,BWP
Flygon,BW53/101,Promo,BWP
Pikachu,BW54/101,Promo,BWP
Elgyem,BW55/101,Promo,BWP
Empoleon,BW56/101,Promo,BWP
Haxorus,BW57/101,Promo,BWP
Black Kyurem,BW58/101,Promo,BWP
White Kyurem,BW59/101,Promo,BWP
Keldeo,BW60/101,Promo,BWP
Keldeo-EX,BW61/101,Promo,BWP
Black Kyurem-EX,BW62/101,Promo,BWP
White Kyurem-EX,BW63/101,Promo,BWP
Drifblim,BW64/101,Promo,BWP
Jigglypuff,BW65/101,Promo,BWP
Ninetales,BW66/101,Promo,BWP
Ampharos,BW67/101,Promo,BWP
Meloetta,BW68/101,Promo,BWP
Meloetta,BW69/101,Promo,BWP
Virizion,BW70/101,Promo,BWP
Terrakion,BW71/101,Promo,BWP
Cobalion,BW72/101,Promo,BWP
Darkrai,BW73/101,Promo,BWP
Giratina,BW74/101,Promo,BWP
Metagross,BW75/101,Promo,BWP
Electrode,BW76/101,Promo,BWP
Pikachu,BW77/101,Promo,BWP
Raichu,BW78/101,Promo,BWP
Landorus,BW79/101,Promo,BWP
Druddigon,BW80/101,Promo,BWP
Thundurus-EX,BW81/101,Promo,BWP
Deoxys-EX,BW82/101,Promo,BWP
Lugia-EX,BW83/101,Promo,BWP
Porygon-Z,BW84/101,Promo,BWP
Lucario,BW85/101,Promo,BWP
Genesect,BW86/101,Promo,BWP
Leafeon,BW87/101,Promo,BWP
Flareon,BW88/101,Promo,BWP
Vaporeon,BW89/101,Promo,BWP
Glaceon,BW90/101,Promo,BWP
Jolteon,BW91/101,Promo,BWP
Espeon,BW92/101,Promo,BWP
Umbreon,BW93/101,Promo,BWP
Eevee,BW94/101,Promo,BWP
Champions Festival,BW95/101,Promo,BWP
Tornadus-EX,BW96/101,Promo,BWP
Eevee,BW97/101,Promo,BWP
Mew,BW98/101,Promo,BWP
Genesect,BW99/101,Promo,BWP
N,BW100/101,Promo,BWP
Genesect,BW101/101,Promo,BWP
Bisasam,1/108,Common,DEX
Bisaknosp,2/108,Uncommon,DEX
Bisaflor,3/108,Rare Holo,DEX
Sichlor,4/108,Uncommon,DEX
Venuflibis,5/108,Rare,DEX
Folipurba,6/108,Rare,DEX
Lithomith,7/108,Common,DEX
Castellith,8/108,Uncommon,DEX
Laukaps,9/108,Common,DEX
Schnuthelm,10/108,Common,DEX
Hydragil,11/108,Rare,DEX
Flamara,12/108,Uncommon,DEX
Entei-EX,13/108,Rare Holo EX,DEX
Flemmli,14/108,Common,DEX
Flemmli,15/108,Common,DEX
Jungglut,16/108,Uncommon,DEX
Lohgock,17/108,Rare Holo,DEX
Qurtel,18/108,Uncommon,DEX
Furnifraß,19/108,Rare,DEX
Ignivor,20/108,Common,DEX
Ignivor,21/108,Common,DEX
Ramoth,22/108,Rare Holo,DEX
Flegmon,23/108,Common,DEX
Lahmus,24/108,Uncommon,DEX
Aquana,25/108,Uncommon,DEX
Kyogre-EX,26/108,Rare Holo EX,DEX
Plinfa,27/108,Common,DEX
Pliprin,28/108,Uncommon,DEX
Impoleon,29/108,Rare Holo,DEX
Glaziola,30/108,Rare,DEX
Schallquap,31/108,Common,DEX
Mebrana,32/108,Uncommon,DEX
Gelatini,33/108,Common,DEX
Gelatroppo,34/108,Uncommon,DEX
Piccolente,35/108,Common,DEX
Swaroness,36/108,Rare,DEX
Blitza,37/108,Uncommon,DEX
Raikou-EX,38/108,Rare Holo EX,DEX
Plusle,39/108,Common,DEX
Minun,40/108,Common,DEX
Wattzapf,41/108,Common,DEX
Wattzapf,42/108,Common,DEX
Voltula,43/108,Rare,DEX
Zapplardin,44/108,Common,DEX
Zapplardin,45/108,Common,DEX
Zapplalek,46/108,Uncommon,DEX
Zapplarang,47/108,Rare Holo,DEX
Psiana,48/108,Rare,DEX
Laschoking,49/108,Rare,DEX
Fleknoil,50/108,Common,DEX
Makabaja,51/108,Uncommon,DEX
Echnatoll,52/108,Rare,DEX
Aerodactyl,53/108,Rare,DEX
Groudon-EX,54/108,Rare Holo EX,DEX
Rotomurf,55/108,Common,DEX
Stalobor,56/108,Rare,DEX
Stalobor,57/108,Rare,DEX
Praktibalk,58/108,Common,DEX
Strepoli,59/108,Uncommon,DEX
Nachtara,60/108,Uncommon,DEX
Nachtara,61/108,Uncommon,DEX
Zobiris,62/108,Uncommon,DEX
Darkrai-EX,63/108,Rare Holo EX,DEX
Ganovil,64/108,Common,DEX
Rokkaiman,65/108,Uncommon,DEX
Rabigator,66/108,Rare Holo,DEX
Zurrokex,67/108,Common,DEX
Irokex,68/108,Rare,DEX
Zorua,69/108,Common,DEX
Zorua,70/108,Common,DEX
Zoroark,71/108,Rare,DEX
Caesurio,72/108,Rare,DEX
Skallyk,73/108,Uncommon,DEX
Cavalanzas,74/108,Rare,DEX
Klikk,75/108,Common,DEX
Kliklak,76/108,Uncommon,DEX
Klikdiklak,77/108,Rare Holo,DEX
Gladiantri,78/108,Common,DEX
Caesurio,79/108,Rare,DEX
Chaneira,80/108,Common,DEX
Chaneira,81/108,Common,DEX
Heiteira,82/108,Rare Holo,DEX
Evoli,83/108,Common,DEX
Evoli,84/108,Common,DEX
Plaudagei,85/108,Uncommon,DEX
Yorkleff,86/108,Common,DEX
Terribark,87/108,Uncommon,DEX
Bissbark,88/108,Rare,DEX
Maxax,89/108,Rare Holo,DEX
Boreos-EX,90/108,Rare Holo EX,DEX
Cheren,91/108,Uncommon,DEX
Finsterklaue,92/108,Uncommon,DEX
Finsterpflaster,93/108,Uncommon,DEX
Spezial-Hammer,94/108,Uncommon,DEX
Rabauken Bob & Rob,95/108,Uncommon,DEX
N,96/108,Uncommon,DEX
Altbernstein Aerodactyl,97/108,Uncommon,DEX
Prof. Esche,98/108,Uncommon,DEX
Zufallsempfänger,99/108,Uncommon,DEX
Sonderbonbon,100/108,Uncommon,DEX
Wendelberg,101/108,Uncommon,DEX
Hyperball,102/108,Uncommon,DEX
Entei-EX,103/108,Rare Ultra,DEX
Kyogre-EX,104/108,Rare Ultra,DEX
Raikou-EX,105/108,Rare Ultra,DEX
Groudon-EX,106/108,Rare Ultra,DEX
Darkrai-EX,107/108,Rare Ultra,DEX
Boreos-EX,108/108,Rare Ultra,DEX
Guardevoir,109/108,Rare Secret,DEX
Aeropteryx,110/108,Rare Secret,DEX
Pokémon-Fänger,111/108,Rare Secret,DEX
Dratini,1/20,Rare Holo,DRV
Dratini,2/20,Rare Holo,DRV
Dragonair,3/20,Rare Holo,DRV
Dragonair,4/20,Rare Holo,DRV
Dragonite,5/20,Rare Holo,DRV
Bagon,6/20,Rare Holo,DRV
Shelgon,7/20,Rare Holo,DRV
Salamence,8/20,Rare Holo,DRV
Latias,9/20,Rare Holo,DRV
Latios,10/20,Rare Holo,DRV
Rayquaza,11/20,Rare Holo,DRV
Axew,12/20,Rare Holo,DRV
Axew,13/20,Rare Holo,DRV
Fraxure,14/20,Rare Holo,DRV
Fraxure,15/20,Rare Holo,DRV
Haxorus,16/20,Rare Holo,DRV
Druddigon,17/20,Rare Holo,DRV
Exp. Share,18/20,,DRV
First Ticket,19/20,,DRV
Super Rod,20/20,Rare Holo,DRV
Kyurem,21/20,,DRV
Hoppspross,1/124,Common,DRX
Hubelupf,2/124,Uncommon,DRX
Papungha,3/124,Rare,DRX
Yanma,4/124,Common,DRX
Yanmega,5/124,Rare,DRX
Waumpel,6/124,Common,DRX
Schaloko,7/124,Uncommon,DRX
Papinella,8/124,Rare,DRX
Panekon,9/124,Uncommon,DRX
Nincada,10/124,Common,DRX
Ninjask,11/124,Uncommon,DRX
Roselia,12/124,Uncommon,DRX
Roselia,13/124,Common,DRX
Roserade,14/124,Uncommon,DRX
Roserade,15/124,Rare,DRX
Maracamba,16/124,Uncommon,DRX
Tarnpignon,17/124,Common,DRX
Vulpix,18/124,Common,DRX
Vulnona,19/124,Rare Holo,DRX
Magmar,20/124,Common,DRX
Magbrant,21/124,Rare,DRX
Ho-Oh-EX,22/124,Rare Holo EX,DRX
Karpador,23/124,Common,DRX
Garados,24/124,Rare,DRX
Wailmer,25/124,Uncommon,DRX
Wailord,26/124,Rare Holo,DRX
Barschwa,27/124,Common,DRX
Milotic,28/124,Rare Holo,DRX
Seemops,29/124,Common,DRX
Seejong,30/124,Uncommon,DRX
Walraisa,31/124,Rare,DRX
Bamelin,32/124,Common,DRX
Bojelin,33/124,Uncommon,DRX
Schallquap,34/124,Common,DRX
Mebrana,35/124,Uncommon,DRX
Branawarz,36/124,Rare,DRX
Mamolida,37/124,Rare,DRX
Voltilamm,38/124,Common,DRX
Waaty,39/124,Uncommon,DRX
Ampharos,40/124,Rare Holo,DRX
Frizelbliz,41/124,Common,DRX
Frizelbliz,42/124,Common,DRX
Voltenso,43/124,Rare,DRX
Voltenso,44/124,Rare,DRX
Emolga,45/124,Uncommon,DRX
Mew-EX,46/124,Rare Holo EX,DRX
Pudox,47/124,Rare,DRX
Ninjatom,48/124,Rare,DRX
Driftlon,49/124,Common,DRX
Driftlon,50/124,Common,DRX
Drifzepeli,51/124,Rare,DRX
Symvolara,52/124,Rare Holo,DRX
Unratütox,53/124,Common,DRX
Deponitox,54/124,Rare Holo,DRX
Mollimorba,55/124,Common,DRX
Hypnomorba,56/124,Uncommon,DRX
Morbitesse,57/124,Rare,DRX
Golbit,58/124,Common,DRX
Golgantes,59/124,Rare Holo,DRX
Tragosso,60/124,Common,DRX
Knogga,61/124,Rare,DRX
Nasgnet,62/124,Common,DRX
Puppance,63/124,Common,DRX
Lepumentas,64/124,Rare,DRX
Kiesling,65/124,Common,DRX
Sedimantur,66/124,Uncommon,DRX
Brockoloss,67/124,Rare Holo,DRX
Jiutesto,68/124,Uncommon,DRX
Karadonis,69/124,Uncommon,DRX
Flunschlik,70/124,Uncommon,DRX
Terrakium-EX,71/124,Rare Holo EX,DRX
Kramurx,72/124,Common,DRX
Kramshef,73/124,Rare,DRX
Hunduster,74/124,Common,DRX
Hundemon,75/124,Rare,DRX
Skunkapuh,76/124,Common,DRX
Skuntank,77/124,Uncommon,DRX
Stollunior,78/124,Common,DRX
Stollrak,79/124,Uncommon,DRX
Stolloss,80/124,Rare Holo,DRX
Registeel-EX,81/124,Rare Holo EX,DRX
Voluminas,82/124,Rare,DRX
Fermicula,83/124,Uncommon,DRX
Altaria,84/124,Rare Holo,DRX
Rayquaza-EX,85/124,Rare Holo EX,DRX
Kaumalat,86/124,Common,DRX
Kaumalat,87/124,Common,DRX
Knarksel,88/124,Uncommon,DRX
Knarksel,89/124,Uncommon,DRX
Knakrack,90/124,Rare Holo,DRX
Knakrack,91/124,Rare,DRX
Giratina-EX,92/124,Rare Holo EX,DRX
Kapuno,93/124,Common,DRX
Kapuno,94/124,Common,DRX
Duodino,95/124,Uncommon,DRX
Duodino,96/124,Uncommon,DRX
Trikephalo,97/124,Rare Holo,DRX
Trikephalo,98/124,Rare,DRX
Griffel,99/124,Common,DRX
Ambidiffel,100/124,Rare,DRX
Bummelz,101/124,Common,DRX
Muntier,102/124,Uncommon,DRX
Letarking,103/124,Rare Holo,DRX
Wablu,104/124,Uncommon,DRX
Wablu,105/124,Common,DRX
Bidiza,106/124,Common,DRX
Bidifas,107/124,Uncommon,DRX
Ohrdoch,108/124,Uncommon,DRX
Picochilla,109/124,Common,DRX
Bisofank,110/124,Uncommon,DRX
Geronimatz,111/124,Common,DRX
Washakwil,112/124,Rare,DRX
Rückentwicklungsspray,113/124,Uncommon,DRX
Riesige Robe,114/124,Uncommon,DRX
Rettender Schal,115/124,Uncommon,DRX
Ausrüstungsentsorger,116/124,Uncommon,DRX
Allerlei-Energie GrassFirePsychicDarkness,117/124,Uncommon,DRX
Allerlei-Energie WaterLightningFightingMetal,118/124,Uncommon,DRX
Ho-Oh-EX,119/124,Rare Ultra,DRX
Mew-EX,120/124,Rare Ultra,DRX
Terrakium-EX,121/124,Rare Ultra,DRX
Registeel-EX,122/124,Rare Ultra,DRX
Rayquaza-EX,123/124,Rare Ultra,DRX
Giratina-EX,124/124,Rare Ultra,DRX
Serpiroyal,125/124,Rare Secret,DRX
Zytomega,126/124,Rare Secret,DRX
Rabigator,127/124,Rare Secret,DRX
Rayquaza,128/124,Rare Secret,DRX
Vegimak,1/98,Common,EPO
Vegichita,2/98,Rare,EPO
Strawickl,3/98,Common,EPO
Strawickl,4/98,Common,EPO
Folikon,5/98,Uncommon,EPO
Folikon,6/98,Uncommon,EPO
Matrifol,7/98,Rare,EPO
Matrifol,8/98,Rare,EPO
Waumboll,9/98,Common,EPO
Waumboll,10/98,Common,EPO
Elfun,11/98,Uncommon,EPO
Elfun,12/98,Rare,EPO
Lilminip,13/98,Common,EPO
Dressella,14/98,Uncommon,EPO
Sesokitz,15/98,Common,EPO
Kronjuwild,16/98,Rare,EPO
Viridium,17/98,Rare Holo,EPO
Grillmak,18/98,Common,EPO
Grillchita,19/98,Rare,EPO
Flampion,20/98,Common,EPO
Flampivian,21/98,Rare,EPO
Sodamak,22/98,Common,EPO
Sodachita,23/98,Rare,EPO
Barschuft,24/98,Common,EPO
Barschuft,25/98,Uncommon,EPO
Piccolente,26/98,Common,EPO
Swaroness,27/98,Rare,EPO
Petznief,28/98,Common,EPO
Petznief,29/98,Common,EPO
Siberio,30/98,Rare Holo,EPO
Siberio,31/98,Rare,EPO
Emolga,32/98,Common,EPO
Wattzapf,33/98,Common,EPO
Voltula,34/98,Uncommon,EPO
Voltolos,35/98,Rare Holo,EPO
Fleknoil,36/98,Common,EPO
Fletiamo,37/98,Rare,EPO
Toxiped,38/98,Common,EPO
Rollum,39/98,Uncommon,EPO
Cerapendra,40/98,Rare,EPO
Symvolara,41/98,Uncommon,EPO
Symvolara,42/98,Uncommon,EPO
Mollimorba,43/98,Common,EPO
Mollimorba,44/98,Common,EPO
Hypnomorba,45/98,Uncommon,EPO
Hypnomorba,46/98,Uncommon,EPO
Morbitesse,47/98,Rare Holo,EPO
Morbitesse,48/98,Rare,EPO
Kiesling,49/98,Common,EPO
Kiesling,50/98,Common,EPO
Sedimantur,51/98,Uncommon,EPO
Sedimantur,52/98,Uncommon,EPO
Brockoloss,53/98,Rare,EPO
Rotomurf,54/98,Uncommon,EPO
Rotomurf,55/98,Common,EPO
Stalobor,56/98,Rare Holo,EPO
Stalobor,57/98,Rare,EPO
Jiutesto,58/98,Uncommon,EPO
Karadonis,59/98,Uncommon,EPO
Ganovil,60/98,Common,EPO
Rokkaiman,61/98,Uncommon,EPO
Rabigator,62/98,Rare,EPO
Terrakium,63/98,Rare Holo,EPO
Felilou,64/98,Common,EPO
Kleoparda,65/98,Rare,EPO
Zorua,66/98,Uncommon,EPO
Zoroark,67/98,Rare Holo,EPO
Skallyk,68/98,Common,EPO
Grypheldis,69/98,Rare,EPO
Kastadur,70/98,Common,EPO
Kastadur,71/98,Common,EPO
Tentantel,72/98,Rare,EPO
Tentantel,73/98,Uncommon,EPO
Klikk,74/98,Common,EPO
Kliklak,75/98,Uncommon,EPO
Klikdiklak,76/98,Rare,EPO
Kobalium,77/98,Rare Holo,EPO
Nagelotz,78/98,Common,EPO
Kukmarda,79/98,Uncommon,EPO
Dusselgurr,80/98,Common,EPO
Navitaub,81/98,Uncommon,EPO
Fasasnob,82/98,Rare,EPO
Ohrdoch,83/98,Uncommon,EPO
Picochilla,84/98,Common,EPO
Chillabell,85/98,Uncommon,EPO
Geronimatz,86/98,Common,EPO
Geronimatz,87/98,Common,EPO
Washakwil,88/98,Rare Holo,EPO
Boreos,89/98,Rare Holo,EPO
Bell,90/98,Uncommon,EPO
Cheren,91/98,Uncommon,EPO
Schmetterhammer,92/98,Uncommon,EPO
Superball,93/98,Uncommon,EPO
Top-Trank,94/98,Uncommon,EPO
Pokémon-Fänger,95/98,Uncommon,EPO
Aufbereitung,96/98,Uncommon,EPO
Voltolos,97/98,Rare Ultra,EPO
Boreos,98/98,Rare Ultra,EPO
Tangela,1/113,Common,LTR
Tangrowth,2/113,Rare,LTR
Shuckle,3/113,Uncommon,LTR
Cherubi,4/113,Uncommon,LTR
Carnivine,5/113,Uncommon,LTR
Snivy,6/113,Common,LTR
Servine,7/113,Uncommon,LTR
Serperior,8/113,Rare Holo,LTR
Sewaddle,9/113,Common,LTR
Sewaddle,10/113,Common,LTR
Swadloon,11/113,Uncommon,LTR
Leavanny,12/113,Rare Holo,LTR
Dwebble,13/113,Common,LTR
Crustle,14/113,Uncommon,LTR
Virizion,15/113,Rare Holo,LTR
Genesect,16/113,Rare Holo,LTR
Charmander,17/113,Common,LTR
Charmeleon,18/113,Uncommon,LTR
Charizard,19/113,Rare Holo,LTR
Vulpix,20/113,Common,LTR
Ninetales,21/113,Rare,LTR
Moltres,22/113,Rare Holo,LTR
Victini,23/113,Rare Holo,LTR
Victini-EX,24/113,Rare Holo EX,LTR
Tepig,25/113,Common,LTR
Pignite,26/113,Uncommon,LTR
Emboar,27/113,Rare Holo,LTR
Reshiram,28/113,Rare Holo,LTR
Reshiram-EX,29/113,Rare Holo EX,LTR
Magikarp,30/113,Common,LTR
Gyarados,31/113,Rare,LTR
Articuno,32/113,Rare Holo,LTR
Piplup,33/113,Common,LTR
Prinplup,34/113,Uncommon,LTR
Empoleon,35/113,Rare,LTR
Phione,36/113,Rare,LTR
Oshawott,37/113,Common,LTR
Dewott,38/113,Uncommon,LTR
Samurott,39/113,Rare Holo,LTR
Tympole,40/113,Common,LTR
Palpitoad,41/113,Uncommon,LTR
Seismitoad,42/113,Rare,LTR
Kyurem,43/113,Rare Holo,LTR
Kyurem-EX,44/113,Rare Holo EX,LTR
Keldeo-EX,45/113,Rare Holo EX,LTR
Zapdos,46/113,Rare Holo,LTR
Plusle,47/113,Uncommon,LTR
Minun,48/113,Uncommon,LTR
Emolga,49/113,Uncommon,LTR
Thundurus,50/113,Rare Holo,LTR
Zekrom,51/113,Rare Holo,LTR
Zekrom-EX,52/113,Rare Holo EX,LTR
Mewtwo,53/113,Rare Holo,LTR
Mewtwo-EX,54/113,Rare Holo EX,LTR
Natu,55/113,Common,LTR
Xatu,56/113,Rare,LTR
Misdreavus,57/113,Common,LTR
Mismagius,58/113,Rare,LTR
Ralts,59/113,Common,LTR
Kirlia,60/113,Uncommon,LTR
Sableye,61/113,Uncommon,LTR
Croagunk,62/113,Common,LTR
Toxicroak,63/113,Rare,LTR
Woobat,64/113,Common,LTR
Swoobat,65/113,Uncommon,LTR
Sigilyph,66/113,Rare Holo,LTR
Trubbish,67/113,Common,LTR
Garbodor,68/113,Rare Holo,LTR
Gothita,69/113,Common,LTR
Gothita,70/113,Common,LTR
Gothorita,71/113,Uncommon,LTR
Gothitelle,72/113,Rare Holo,LTR
Solosis,73/113,Common,LTR
Solosis,74/113,Common,LTR
Duosion,75/113,Uncommon,LTR
Reuniclus,76/113,Rare,LTR
Chandelure-EX,77/113,Rare Holo EX,LTR
Meloetta,78/113,Rare Holo,LTR
Riolu,79/113,Uncommon,LTR
Lucario,80/113,Rare Holo,LTR
Gallade,81/113,Rare,LTR
Excadrill-EX,82/113,Rare Holo EX,LTR
Stunfisk,83/113,Uncommon,LTR
Terrakion,84/113,Rare Holo,LTR
Landorus,85/113,Rare Holo,LTR
Meloetta,86/113,Rare,LTR
Spiritomb,87/113,Uncommon,LTR
Darkrai-EX,88/113,Rare Holo EX,LTR
Zorua,89/113,Common,LTR
Zoroark,90/113,Rare Holo,LTR
Cobalion,91/113,Rare Holo,LTR
Altaria,92/113,Uncommon,LTR
Rayquaza,93/113,Rare Holo,LTR
Gible,94/113,Common,LTR
Gabite,95/113,Uncommon,LTR
Garchomp,96/113,Rare Holo,LTR
Deino,97/113,Common,LTR
Zweilous,98/113,Uncommon,LTR
Hydreigon,99/113,Rare Holo,LTR
Black Kyurem-EX,100/113,Rare Holo EX,LTR
White Kyurem-EX,101/113,Rare Holo EX,LTR
Lugia-EX,102/113,Rare Holo EX,LTR
Swablu,103/113,Common,LTR
Minccino,104/113,Common,LTR
Cinccino,105/113,Rare Holo,LTR
Druddigon,106/113,Uncommon,LTR
Bouffalant,107/113,Uncommon,LTR
Tornadus,108/113,Rare Holo,LTR
Bianca,109/113,Uncommon,LTR
Cedric Juniper,110/113,Uncommon,LTR
Crushing Hammer,111/113,Uncommon,LTR
Energy Switch,112/113,Uncommon,LTR
Double Colorless Energy,113/113,Uncommon,LTR
Reshiram,114/113,Rare Secret,LTR
Zekrom,115/113,Rare Secret,LTR
Snivy,RC1/113,Common,LTR
Servine,RC2/113,Common,LTR
Serperior,RC3/113,Uncommon,LTR
Growlithe,RC4/113,Uncommon,LTR
Torchic,RC5/113,Common,LTR
Piplup,RC6/113,Uncommon,LTR
Pikachu,RC7/113,Uncommon,LTR
Ralts,RC8/113,Common,LTR
Kirlia,RC9/113,Common,LTR
Gardevoir,RC10/113,Uncommon,LTR
Meloetta-EX,RC11/113,Rare,LTR
Stunfisk,RC12/113,Uncommon,LTR
Purrloin,RC13/113,Uncommon,LTR
Eevee,RC14/113,Uncommon,LTR
Teddiursa,RC15/113,Common,LTR
Ursaring,RC16/113,Common,LTR
Audino,RC17/113,Common,LTR
Minccino,RC18/113,Common,LTR
Cinccino,RC19/113,Uncommon,LTR
Elesa,RC20/113,Common,LTR
Shaymin-EX,RC21/113,Rare Ultra,LTR
Reshiram,RC22/113,Rare Ultra,LTR
Emolga,RC23/113,Rare Ultra,LTR
Mew-EX,RC24/113,Rare Ultra,LTR
Meloetta-EX,RC25/113,Rare Ultra,LTR
Pinsir,1/99,Rare,NXD
Samurzel,2/99,Common,NXD
Zirpurze,3/99,Common,NXD
Zirpeise,4/99,Uncommon,NXD
Shaymin-EX,5/99,Rare Holo EX,NXD
Vegimak,6/99,Common,NXD
Vegichita,7/99,Rare,NXD
Tarnpignon,8/99,Common,NXD
Hutsassa,9/99,Rare,NXD
Fukano,10/99,Common,NXD
Fukano,11/99,Common,NXD
Arkani,12/99,Rare,NXD
Arkani,13/99,Uncommon,NXD
Lavados,14/99,Rare Holo,NXD
Grillmak,15/99,Common,NXD
Grillchita,16/99,Rare,NXD
Flampion,17/99,Common,NXD
Lichtel,18/99,Common,NXD
Laternecto,19/99,Uncommon,NXD
Skelabra,20/99,Rare Holo,NXD
Reshiram,21/99,Rare,NXD
Reshiram-EX,22/99,Rare Holo EX,NXD
Sterndu,23/99,Common,NXD
Starmie,24/99,Uncommon,NXD
Lapras,25/99,Rare,NXD
Lapras,26/99,Uncommon,NXD
Arktos,27/99,Rare Holo,NXD
Sodamak,28/99,Common,NXD
Sodachita,29/99,Rare,NXD
Barschuft,30/99,Uncommon,NXD
Gelatini,31/99,Common,NXD
Gelatroppo,32/99,Uncommon,NXD
Gelatwino,33/99,Rare Holo,NXD
Quabbel,34/99,Uncommon,NXD
Apoquallyp,35/99,Rare,NXD
Petznief,36/99,Common,NXD
Siberio,37/99,Rare,NXD
Kyurem-EX,38/99,Rare Holo EX,NXD
Pikachu,39/99,Common,NXD
Raichu,40/99,Uncommon,NXD
Zapdos,41/99,Rare Holo,NXD
Sheinux,42/99,Common,NXD
Sheinux,43/99,Common,NXD
Luxio,44/99,Uncommon,NXD
Luxio,45/99,Uncommon,NXD
Luxtra,46/99,Rare Holo,NXD
Elezeba,47/99,Common,NXD
Zebritz,48/99,Rare,NXD
Emolga,49/99,Uncommon,NXD
Zekrom,50/99,Rare,NXD
Zekrom-EX,51/99,Rare Holo EX,NXD
Sleima,52/99,Common,NXD
Sleimok,53/99,Rare,NXD
Mewtu-EX,54/99,Rare Holo EX,NXD
Trasla,55/99,Common,NXD
Kirlia,56/99,Uncommon,NXD
Guardevoir,57/99,Rare Holo,NXD
Somniam,58/99,Common,NXD
Somnivora,59/99,Rare,NXD
Flampivian,60/99,Rare,NXD
Pygraulon,61/99,Common,NXD
Megalon,62/99,Rare,NXD
Riolu,63/99,Common,NXD
Lucario,64/99,Rare Holo,NXD
Hippopotas,65/99,Common,NXD
Hippoterus,66/99,Uncommon,NXD
Lin-Fu,67/99,Common,NXD
Wie-Shu,68/99,Uncommon,NXD
Sniebel,69/99,Common,NXD
Snibunna,70/99,Rare,NXD
Blanas,71/99,Uncommon,NXD
Tengulist,72/99,Rare,NXD
Zurrokex,73/99,Uncommon,NXD
Irokex,74/99,Rare Holo,NXD
Bronzel,75/99,Common,NXD
Bronzong,76/99,Rare,NXD
Kastadur,77/99,Common,NXD
Pummeluff,78/99,Uncommon,NXD
Knuddeluff,79/99,Rare,NXD
Mauzi,80/99,Common,NXD
Snobilikat,81/99,Rare,NXD
Regigigas-EX,82/99,Rare Holo EX,NXD
Dusselgurr,83/99,Common,NXD
Picochilla,84/99,Uncommon,NXD
Chillabell,85/99,Rare Holo,NXD
Benny,86/99,Uncommon,NXD
EP-Teiler,87/99,Uncommon,NXD
Schwerball,88/99,Uncommon,NXD
Levelball,89/99,Uncommon,NXD
Pokémon-Center,90/99,Uncommon,NXD
Himmelspfeilbrücke,91/99,Uncommon,NXD
Doppel-Farblos-Energie,92/99,Uncommon,NXD
Prisma-Energie,93/99,Uncommon,NXD
Shaymin-EX,94/99,Rare Ultra,NXD
Reshiram-EX,95/99,Rare Ultra,NXD
Kyurem-EX,96/99,Rare Ultra,NXD
Zekrom-EX,97/99,Rare Ultra,NXD
Mewtu-EX,98/99,Rare Ultra,NXD
Regigigas-EX,99/99,Rare Ultra,NXD
Flambirex,100/99,Rare Secret,NXD
Skelabra,101/99,Rare Secret,NXD
Zoroark,102/99,Rare Secret,NXD
Trikephalo,103/99,Rare Secret,NXD
Strawickl,1/101,Common,NVI
Folikon,2/101,Uncommon,NVI
Matrifol,3/101,Rare Holo,NVI
Lilminip,4/101,Common,NVI
Dressella,5/101,Rare,NVI
Lithomith,6/101,Common,NVI
Castellith,7/101,Uncommon,NVI
Laukaps,8/101,Common,NVI
Tarnpignon,9/101,Common,NVI
Hutsassa,10/101,Uncommon,NVI
Schnuthelm,11/101,Common,NVI
Hydragil,12/101,Rare,NVI
Viridium,13/101,Rare Holo,NVI
Victini,14/101,Rare Holo,NVI
Victini,15/101,Rare Holo,NVI
Grillmak,16/101,Common,NVI
Grillchita,17/101,Uncommon,NVI
Furnifraß,18/101,Uncommon,NVI
Ignivor,19/101,Common,NVI
Ignivor,20/101,Common,NVI
Ramoth,21/101,Rare,NVI
Schallquap,22/101,Common,NVI
Mebrana,23/101,Uncommon,NVI
Branawarz,24/101,Rare,NVI
Galapaflos,25/101,Uncommon,NVI
Karippas,26/101,Rare,NVI
Gelatini,27/101,Common,NVI
Gelatroppo,28/101,Uncommon,NVI
Gelatwino,29/101,Rare,NVI
Quabbel,30/101,Common,NVI
Apoquallyp,31/101,Rare,NVI
Frigometri,32/101,Uncommon,NVI
Frigometri,33/101,Rare,NVI
Kyurem,34/101,Rare Holo,NVI
Elezeba,35/101,Common,NVI
Zebritz,36/101,Rare,NVI
Emolga,37/101,Uncommon,NVI
Zapplardin,38/101,Common,NVI
Zapplardin,39/101,Common,NVI
Zapplalek,40/101,Uncommon,NVI
Zapplarang,41/101,Rare Holo,NVI
Flunschlik,42/101,Common,NVI
Victini,43/101,Rare,NVI
Makabaja,44/101,Common,NVI
Makabaja,45/101,Common,NVI
Echnatoll,46/101,Rare,NVI
Echnatoll,47/101,Rare,NVI
Unratütox,48/101,Common,NVI
Deponitox,49/101,Uncommon,NVI
Monozyto,50/101,Common,NVI
Mitodos,51/101,Uncommon,NVI
Zytomega,52/101,Rare,NVI
Zytomega,53/101,Rare,NVI
Pygraulon,54/101,Common,NVI
Pygraulon,55/101,Common,NVI
Megalon,56/101,Rare,NVI
Lichtel,57/101,Common,NVI
Lichtel,58/101,Common,NVI
Laternecto,59/101,Uncommon,NVI
Skelabra,60/101,Rare,NVI
Brockoloss,61/101,Rare,NVI
Praktibalk,62/101,Common,NVI
Strepoli,63/101,Uncommon,NVI
Meistagrif,64/101,Rare Holo,NVI
Meistagrif,65/101,Rare,NVI
Flapteryx,66/101,Uncommon,NVI
Aeropteryx,67/101,Rare,NVI
Flunschlik,68/101,Uncommon,NVI
Lin-Fu,69/101,Common,NVI
Wie-Shu,70/101,Uncommon,NVI
Golbit,71/101,Common,NVI
Golgantes,72/101,Rare,NVI
Terrakium,73/101,Rare Holo,NVI
Demeteros,74/101,Rare Holo,NVI
Gladiantri,75/101,Common,NVI
Caesurio,76/101,Uncommon,NVI
Kapuno,77/101,Common,NVI
Duodino,78/101,Uncommon,NVI
Trikephalo,79/101,Rare Holo,NVI
Cavalanzas,80/101,Rare,NVI
Gladiantri,81/101,Common,NVI
Caesurio,82/101,Rare Holo,NVI
Fermicula,83/101,Uncommon,NVI
Kobalium,84/101,Rare Holo,NVI
Ohrdoch,85/101,Uncommon,NVI
Milza,86/101,Common,NVI
Sharfax,87/101,Uncommon,NVI
Maxax,88/101,Rare Holo,NVI
Shardrago,89/101,Rare,NVI
Schildfossil,90/101,Uncommon,NVI
Evolith,91/101,Uncommon,NVI
N,92/101,Uncommon,NVI
Federfossil,93/101,Uncommon,NVI
Beulenhelm,94/101,Uncommon,NVI
Superangel,95/101,Uncommon,NVI
Viso-Caster,96/101,Uncommon,NVI
Viridium,97/101,Rare Ultra,NVI
Victini,98/101,Rare Ultra,NVI
Terrakium,99/101,Rare Ultra,NVI
Kobalium,100/101,Rare Ultra,NVI
N,101/101,Rare Ultra,NVI
Mauzi,102/101,Rare Secret,NVI
Gehweiher,1/101,Common,PLB
Maskeregen,2/101,Rare,PLB
Liliep,3/101,Uncommon,PLB
Wielie,4/101,Rare,PLB
Tropius,5/101,Uncommon,PLB
Laukaps,6/101,Common,PLB
Schnuthelm,7/101,Common,PLB
Hydragil,8/101,Rare,PLB
Viridium-EX,9/101,Rare Holo EX,PLB
Genesect,10/101,Rare,PLB
Genesect-EX,11/101,Rare Holo EX,PLB
Ignivor,12/101,Common,PLB
Ramoth,13/101,Rare,PLB
Schiggy,14/101,Common,PLB
Schillok,15/101,Uncommon,PLB
Turtok,16/101,Rare Holo,PLB
Lapras,17/101,Common,PLB
Remoraid,18/101,Common,PLB
Octillery,19/101,Uncommon,PLB
Suicune,20/101,Rare,PLB
Schneppke,21/101,Common,PLB
Firnontor,22/101,Uncommon,PLB
Frosdedje,23/101,Rare,PLB
Relicanth,24/101,Uncommon,PLB
Shnebedeck,25/101,Common,PLB
Rexblisar,26/101,Uncommon,PLB
Galapaflos,27/101,Uncommon,PLB
Karippas,28/101,Rare,PLB
Piccolente,29/101,Common,PLB
Kyurem-EX,30/101,Rare Holo EX,PLB
Zapplardin,31/101,Common,PLB
Zapplalek,32/101,Uncommon,PLB
Zapplarang,33/101,Rare Holo,PLB
Driftlon,34/101,Common,PLB
Drifzepeli,35/101,Rare,PLB
Selfe,36/101,Rare,PLB
Vesprit,37/101,Rare Holo,PLB
Tobutz,38/101,Rare,PLB
Somniam,39/101,Common,PLB
Somnivora,40/101,Uncommon,PLB
Symvolara,41/101,Rare Holo,PLB
Monozyto,42/101,Common,PLB
Mitodos,43/101,Uncommon,PLB
Zytomega,44/101,Rare,PLB
Golbit,45/101,Common,PLB
Golgantes,46/101,Rare Holo,PLB
Machollo,47/101,Common,PLB
Maschock,48/101,Uncommon,PLB
Machomei,49/101,Rare Holo,PLB
Machomei,50/101,Rare,PLB
Jiutesto,51/101,Common,PLB
Karadonis,52/101,Common,PLB
Flapteryx,53/101,Uncommon,PLB
Aeropteryx,54/101,Rare Holo,PLB
Hunduster,55/101,Common,PLB
Hundemon,56/101,Rare Holo,PLB
Stollunior,57/101,Common,PLB
Stollrak,58/101,Uncommon,PLB
Stolloss,59/101,Rare,PLB
Jirachi-EX,60/101,Rare Holo EX,PLB
Cavalanzas,61/101,Rare,PLB
Kindwurm,62/101,Common,PLB
Draschel,63/101,Uncommon,PLB
Brutalanda,64/101,Rare Holo,PLB
Dialga-EX,65/101,Rare Holo EX,PLB
Palkia-EX,66/101,Rare Holo EX,PLB
Milza,67/101,Common,PLB
Sharfax,68/101,Uncommon,PLB
Maxax,69/101,Rare Holo,PLB
Shardrago,70/101,Common,PLB
Kangama,71/101,Common,PLB
Porygon,72/101,Common,PLB
Porygon2,73/101,Uncommon,PLB
Porygon-Z,74/101,Rare Holo,PLB
Teddiursa,75/101,Common,PLB
Ursaring,76/101,Uncommon,PLB
Plaudagei,77/101,Uncommon,PLB
Kattlea,78/101,Uncommon,PLB
Schildfossil,79/101,Uncommon,PLB
Energie-Zugewinn,80/101,Uncommon,PLB
Lilia,81/101,Uncommon,PLB
Federfossil,82/101,Uncommon,PLB
Pokémon-Fänger,83/101,Uncommon,PLB
Prof. Esche,84/101,Uncommon,PLB
Sonderbonbon,85/101,Uncommon,PLB
Rückauslöser,86/101,Uncommon,PLB
Wurzelfossil Liliep,87/101,Uncommon,PLB
Silberreif,88/101,Uncommon,PLB
Silberspiegel,89/101,Uncommon,PLB
Hyperball,90/101,Uncommon,PLB
Plasma-Energie,91/101,Uncommon,PLB
G-Booster,92/101,Rare ACE,PLB
G-Skop,93/101,Rare ACE,PLB
Meisterball,94/101,Rare ACE,PLB
Aufwisch-Zyklon,95/101,Rare ACE,PLB
Viridium-EX,96/101,Rare Ultra,PLB
Genesect-EX,97/101,Rare Ultra,PLB
Jirachi-EX,98/101,Rare Ultra,PLB
Dialga-EX,99/101,Rare Ultra,PLB
Palkia-EX,100/101,Rare Ultra,PLB
Lilia,101/101,Rare Ultra,PLB
Owei,102/101,Rare Secret,PLB
Viridium,103/101,Rare Secret,PLB
Zwirrfinst,104/101,Rare Secret,PLB
Sonderbonbon,105/101,Rare Secret,PLB
Hornliu,1/116,Common,PLF
Kokuna,2/116,Uncommon,PLF
Bibor,3/116,Rare,PLF
Owei,4/116,Uncommon,PLF
Kokowei,5/116,Rare,PLF
Geckarbor,6/116,Common,PLF
Reptain,7/116,Uncommon,PLF
Gewaldro,8/116,Rare Holo,PLF
Tuska,9/116,Common,PLF
Noktuska,10/116,Rare,PLF
Folipurba,11/116,Rare,PLF
Flamara,12/116,Uncommon,PLF
Heatran-EX,13/116,Rare Holo EX,PLF
Lichtel,14/116,Common,PLF
Laternecto,15/116,Uncommon,PLF
Skelabra,16/116,Rare Holo,PLF
Reshiram,17/116,Rare Holo,PLF
Seeper,18/116,Common,PLF
Seemon,19/116,Uncommon,PLF
Aquana,20/116,Uncommon,PLF
Felino,21/116,Common,PLF
Morlord,22/116,Rare,PLF
Glaziola,23/116,Rare,PLF
Schallquap,24/116,Common,PLF
Mebrana,25/116,Uncommon,PLF
Branawarz,26/116,Rare,PLF
Gelatini,27/116,Common,PLF
Gelatroppo,28/116,Uncommon,PLF
Gelatwino,29/116,Rare,PLF
Frigometri,30/116,Uncommon,PLF
Kyurem,31/116,Rare Holo,PLF
Voltobal,32/116,Common,PLF
Lektrobal,33/116,Rare Holo,PLF
Blitza,34/116,Uncommon,PLF
Lampi,35/116,Common,PLF
Lanturn,36/116,Uncommon,PLF
Pachirisu,37/116,Common,PLF
Voltolos-EX,38/116,Rare Holo EX,PLF
Zekrom,39/116,Rare Holo,PLF
Nidoran♀,40/116,Common,PLF
Nidorina,41/116,Uncommon,PLF
Nidoqueen,42/116,Rare,PLF
Nidoran♂,43/116,Common,PLF
Nidorino,44/116,Uncommon,PLF
Sleima,45/116,Common,PLF
Sleimok,46/116,Rare,PLF
Pantimos,47/116,Rare,PLF
Psiana,48/116,Uncommon,PLF
Zobiris,49/116,Rare,PLF
Tanhel,50/116,Common,PLF
Metang,51/116,Uncommon,PLF
Metagross,52/116,Rare Holo,PLF
Deoxys-EX,53/116,Rare Holo EX,PLF
Makabaja,54/116,Common,PLF
Makabaja,55/116,Common,PLF
Echnatoll,56/116,Rare Holo,PLF
Echnatoll,57/116,Rare,PLF
Nidoking,58/116,Rare,PLF
Menki,59/116,Common,PLF
Rasaff,60/116,Common,PLF
Onix,61/116,Uncommon,PLF
Makuhita,62/116,Common,PLF
Hariyama,63/116,Rare,PLF
Nachtara,64/116,Rare Holo,PLF
Sniebel,65/116,Common,PLF
Snibunna,66/116,Rare,PLF
Absol,67/116,Rare Holo,PLF
Ganovil,68/116,Common,PLF
Rokkaiman,69/116,Uncommon,PLF
Rabigator,70/116,Rare,PLF
Gladiantri,71/116,Common,PLF
Gladiantri,72/116,Common,PLF
Caesurio,73/116,Rare,PLF
Caesurio,74/116,Uncommon,PLF
Kapuno,75/116,Common,PLF
Kapuno,76/116,Common,PLF
Duodino,77/116,Uncommon,PLF
Trikephalo,78/116,Rare Holo,PLF
Stahlos,79/116,Rare,PLF
Flunkifer,80/116,Uncommon,PLF
Dratini,81/116,Common,PLF
Dragonir,82/116,Uncommon,PLF
Dragoran,83/116,Rare Holo,PLF
Seedraking,84/116,Rare Holo,PLF
Latias-EX,85/116,Rare Holo EX,PLF
Latios-EX,86/116,Rare Holo EX,PLF
Rattfratz,87/116,Common,PLF
Rattikarl,88/116,Rare,PLF
Evoli,89/116,Common,PLF
Evoli,90/116,Common,PLF
Hoothoot,91/116,Common,PLF
Noctuh,92/116,Uncommon,PLF
Miltank,93/116,Uncommon,PLF
Kecleon,94/116,Rare,PLF
Staralili,95/116,Common,PLF
Staravia,96/116,Uncommon,PLF
Staraptor,97/116,Rare,PLF
Boreos-EX,98/116,Rare Holo EX,PLF
Leichtstein,99/116,Uncommon,PLF
Starrstadt,100/116,Uncommon,PLF
G-Cis,101/116,Rare Holo,PLF
Finstrio,102/116,Uncommon,PLF
Überragender Energie-Zugewinn,103/116,Uncommon,PLF
Team-Plasma-Orden,104/116,Uncommon,PLF
Team-Plasma-Ball,105/116,Uncommon,PLF
Plasma-Energie,106/116,Uncommon,PLF
Lebenstau,107/116,Rare ACE,PLF
Schutzfels,108/116,Rare ACE,PLF
Heatran-EX,109/116,Rare Ultra,PLF
Voltolos-EX,110/116,Rare Ultra,PLF
Deoxys-EX,111/116,Rare Ultra,PLF
Latias-EX,112/116,Rare Ultra,PLF
Latios-EX,113/116,Rare Ultra,PLF
Boreos-EX,114/116,Rare Ultra,PLF
G-Cis,115/116,Rare Ultra,PLF
Prof. Esche,116/116,Rare Ultra,PLF
Impoleon,117/116,Rare Secret,PLF
Symvolara,118/116,Rare Secret,PLF
Deponitox,119/116,Rare Secret,PLF
Knakrack,120/116,Rare Secret,PLF
Top-Trank,121/116,Rare Secret,PLF
Hyperball,122/116,Rare Secret,PLF
Chelast,1/135,Common,PLS
Chelcarain,2/135,Uncommon,PLS
Chelterrar,3/135,Rare,PLS
Wadribie,4/135,Common,PLS
Honweisel,5/135,Rare,PLS
Kikugi,6/135,Common,PLS
Kinoso,7/135,Rare,PLS
Strawickl,8/135,Common,PLS
Folikon,9/135,Uncommon,PLS
Matrifol,10/135,Rare,PLS
Maracamba,11/135,Uncommon,PLS
Tarnpignon,12/135,Common,PLS
Hutsassa,13/135,Uncommon,PLS
Lavados-EX,14/135,Rare Holo EX,PLS
Panflam,15/135,Common,PLS
Panpyro,16/135,Uncommon,PLS
Panferno,17/135,Rare Holo,PLS
Victini-EX,18/135,Rare Holo EX,PLS
Grillmak,19/135,Common,PLS
Grillchita,20/135,Uncommon,PLS
Lichtel,21/135,Common,PLS
Laternecto,22/135,Uncommon,PLS
Furnifraß,23/135,Uncommon,PLS
Schiggy,24/135,Common,PLS
Arktos-EX,25/135,Rare Holo EX,PLS
Quiekel,26/135,Common,PLS
Keifel,27/135,Uncommon,PLS
Mamutel,28/135,Rare,PLS
Loturzel,29/135,Common,PLS
Lombrero,30/135,Uncommon,PLS
Kappalores,31/135,Rare,PLS
Kanivanha,32/135,Common,PLS
Tohaido,33/135,Rare,PLS
Manaphy,34/135,Rare Holo,PLS
Gelatini,35/135,Common,PLS
Gelatroppo,36/135,Uncommon,PLS
Gelatwino,37/135,Rare,PLS
Quabbel,38/135,Common,PLS
Apoquallyp,39/135,Rare,PLS
Petznief,40/135,Common,PLS
Siberio,41/135,Rare,PLS
Magnetilo,42/135,Common,PLS
Magnetilo,43/135,Common,PLS
Magneton,44/135,Uncommon,PLS
Magneton,45/135,Uncommon,PLS
Magnezone,46/135,Rare Holo,PLS
Magnezone,47/135,Rare,PLS
Zapdos-EX,48/135,Rare Holo EX,PLS
Rotom,49/135,Uncommon,PLS
Wattzapf,50/135,Common,PLS
Voltula,51/135,Uncommon,PLS
Zubat,52/135,Common,PLS
Zubat,53/135,Common,PLS
Golbat,54/135,Uncommon,PLS
Iksbat,55/135,Rare Holo,PLS
Smogon,56/135,Common,PLS
Smogon,57/135,Uncommon,PLS
Smogmog,58/135,Rare Holo,PLS
Trasla,59/135,Common,PLS
Kirlia,60/135,Uncommon,PLS
Galagladi,61/135,Rare Holo,PLS
Giratina,62/135,Rare,PLS
Unratütox,63/135,Uncommon,PLS
Unratütox,64/135,Common,PLS
Unratütox,65/135,Common,PLS
Deponitox,66/135,Rare Holo,PLS
Deponitox,67/135,Rare,PLS
Pygraulon,68/135,Common,PLS
Pygraulon,69/135,Uncommon,PLS
Megalon,70/135,Rare,PLS
Phanpy,71/135,Common,PLS
Donphan,72/135,Uncommon,PLS
Lunastein,73/135,Uncommon,PLS
Sonnfel,74/135,Uncommon,PLS
Riolu,75/135,Common,PLS
Riolu,76/135,Common,PLS
Lucario,77/135,Uncommon,PLS
Lucario,78/135,Rare Holo,PLS
Praktibalk,79/135,Common,PLS
Strepoli,80/135,Uncommon,PLS
Meistagrif,81/135,Rare,PLS
Felilou,82/135,Common,PLS
Felilou,83/135,Common,PLS
Kleoparda,84/135,Rare,PLS
Zurrokex,85/135,Common,PLS
Irokex,86/135,Rare,PLS
Panzaeron,87/135,Rare,PLS
Klikk,88/135,Common,PLS
Kliklak,89/135,Uncommon,PLS
Klikdiklak,90/135,Rare Holo,PLS
Fermicula,91/135,Uncommon,PLS
Fermicula,92/135,Uncommon,PLS
Kobalium-EX,93/135,Rare Holo EX,PLS
Shardrago,94/135,Rare,PLS
Schwarzes Kyurem-EX,95/135,Rare Holo EX,PLS
Weißes Kyurem-EX,96/135,Rare Holo EX,PLS
Piepi,97/135,Common,PLS
Pixi,98/135,Rare,PLS
Dodu,99/135,Common,PLS
Dodri,100/135,Rare,PLS
Relaxo,101/135,Rare,PLS
Togepi,102/135,Common,PLS
Togetic,103/135,Uncommon,PLS
Togekiss,104/135,Rare Holo,PLS
Flurmel,105/135,Common,PLS
Krakeelo,106/135,Uncommon,PLS
Krawumms,107/135,Rare,PLS
Lugia-EX,108/135,Rare Holo EX,PLS
Eneco,109/135,Common,PLS
Nagelotz,110/135,Common,PLS
Nagelotz,111/135,Common,PLS
Kukmarda,112/135,Uncommon,PLS
Kukmarda,113/135,Rare,PLS
Bisofank,114/135,Rare,PLS
Geronimatz,115/135,Common,PLS
Washakwil,116/135,Rare,PLS
Fahrrad,117/135,Uncommon,PLS
Achromas,118/135,Uncommon,PLS
Achromat,119/135,Uncommon,PLS
Fluchtseil,120/135,Uncommon,PLS
Äther,121/135,Uncommon,PLS
Evolith,122/135,Uncommon,PLS
Hypnotoxinlaser,123/135,Uncommon,PLS
Plasma-Fregatte,124/135,Uncommon,PLS
Team Plasma Rüpel,125/135,Uncommon,PLS
Vapydro City-Arena,126/135,Uncommon,PLS
Plasma-Energie,127/135,Uncommon,PLS
Itemradar,128/135,Rare ACE,PLS
Wechselschalter,129/135,Rare ACE,PLS
TriumVant,130/135,Rare ACE,PLS
Victini-EX,131/135,Rare Ultra,PLS
Arktos-EX,132/135,Rare Ultra,PLS
Kobalium-EX,133/135,Rare Ultra,PLS
Lugia-EX,134/135,Rare Ultra,PLS
Achromas,135/135,Rare Ultra,PLS
Glurak,136/135,Rare Secret,PLS
Turtok,137/135,Rare Secret,PLS
Zufallsempfänger,138/135,Rare Secret,PLS
Dialga,1/130,Rare Holo,DP
Zwirrfinst,2/130,Rare Holo,DP
Elevoltek,3/130,Rare Holo,DP
Impoleon,4/130,Rare Holo,DP
Panferno,5/130,Rare Holo,DP
Lucario,6/130,Rare Holo,DP
Luxtra,7/130,Rare Holo,DP
Magnezone,8/130,Rare Holo,DP
Manaphy,9/130,Rare Holo,DP
Traunmagil,10/130,Rare Holo,DP
Palkia,11/130,Rare Holo,DP
Rihornior,12/130,Rare Holo,DP
Roserade,13/130,Rare Holo,DP
Tengulist,14/130,Rare Holo,DP
Skuntank,15/130,Rare Holo,DP
Staraptor,16/130,Rare Holo,DP
Chelterrar,17/130,Rare Holo,DP
Azumarill,18/130,Rare,DP
Papinella,19/130,Rare,DP
Bidifas,20/130,Rare,DP
Venuflibis,21/130,Rare,DP
Pixi,22/130,Rare,DP
Piondragi,23/130,Rare,DP
Drifzepeli,24/130,Rare,DP
Pudox,25/130,Rare,DP
Bojelin,26/130,Rare,DP
Gengar,27/130,Rare,DP
Skaraborn,28/130,Rare,DP
Hippoterus,29/130,Rare,DP
Schlapor,30/130,Rare,DP
Machomei,31/130,Rare,DP
Meditalis,32/130,Rare,DP
Mampfaxo,33/130,Rare,DP
Noctuh,34/130,Rare,DP
Pachirisu,35/130,Rare,DP
Shnurgarst,36/130,Rare,DP
Relaxo,37/130,Rare,DP
Stahlos,38/130,Rare,DP
Honweisel,39/130,Rare,DP
Snibunna,40/130,Rare,DP
Woingenau,41/130,Rare,DP
Isso,42/130,Rare,DP
Knospi,43/130,Uncommon,DP
Panekon,44/130,Uncommon,DP
Kinoso,45/130,Uncommon,DP
Driftlon,46/130,Uncommon,DP
Zwirrklop,47/130,Uncommon,DP
Elekid,48/130,Uncommon,DP
Chelcarain,49/130,Uncommon,DP
Alpollo,50/130,Uncommon,DP
Hippopotas,51/130,Uncommon,DP
Luxio,52/130,Uncommon,DP
Maschock,53/130,Uncommon,DP
Magneton,54/130,Uncommon,DP
Mantirps,55/130,Uncommon,DP
Panpyro,56/130,Uncommon,DP
Blanas,57/130,Uncommon,DP
Pliprin,58/130,Uncommon,DP
Gallopa,59/130,Uncommon,DP
Rizeros,60/130,Uncommon,DP
Riolu,61/130,Uncommon,DP
Golking,62/130,Uncommon,DP
Schaloko,63/130,Uncommon,DP
Staravia,64/130,Uncommon,DP
Icognito A,65/130,Uncommon,DP
Icognito B,66/130,Uncommon,DP
Icognito C,67/130,Uncommon,DP
Icognito D,68/130,Uncommon,DP
Azurill,69/130,Common,DP
Bidiza,70/130,Common,DP
Mobai,71/130,Common,DP
Bamelin,72/130,Common,DP
Haspiror,73/130,Common,DP
Plaudagei,74/130,Common,DP
Kikugi,75/130,Common,DP
Panflam,76/130,Common,DP
Piepi,77/130,Common,DP
Pii,78/130,Common,DP
Wadribie,79/130,Common,DP
Zwirrlicht,80/130,Common,DP
Elektek,81/130,Common,DP
Nebulak,82/130,Common,DP
Charmian,83/130,Common,DP
Goldini,84/130,Common,DP
Hoothoot,85/130,Common,DP
Machollo,86/130,Common,DP
Magnetilo,87/130,Common,DP
Marill,88/130,Common,DP
Meditie,89/130,Common,DP
Pantimimi,90/130,Common,DP
Traunfugil,91/130,Common,DP
Onix,92/130,Common,DP
Plinfa,93/130,Common,DP
Ponita,94/130,Common,DP
Rihorn,95/130,Common,DP
Roselia,96/130,Common,DP
Samurzel,97/130,Common,DP
Sheinux,98/130,Common,DP
Pionskora,99/130,Common,DP
Sniebel,100/130,Common,DP
Staralili,101/130,Common,DP
Skunkapuh,102/130,Common,DP
Chelast,103/130,Common,DP
Waumpel,104/130,Common,DP
Doppel Hyperheiler,105/130,Uncommon,DP
Energiewiederherstellung,106/130,Uncommon,DP
Energie-Umschalter,107/130,Uncommon,DP
Pokémon-Nachtcenter,108/130,Uncommon,DP
PlusPower,109/130,Uncommon,DP
Pokéball,110/130,Uncommon,DP
Pokédex HANDY910is,111/130,Uncommon,DP
Professor Eibe,112/130,Uncommon,DP
Rivale,113/130,Uncommon,DP
Tempodrom,114/130,Uncommon,DP
Super-Anziehungskraft,115/130,Uncommon,DP
Wurmloch,116/130,Uncommon,DP
Energiesuche,117/130,Common,DP
Trank,118/130,Common,DP
Tausch,119/130,Common,DP
Impoleon,120/130,Rare Holo LV.X,DP
Panferno,121/130,Rare Holo LV.X,DP
Chelterrar,122/130,Rare Holo LV.X,DP
Pflanzenenergie,123/130,Common,DP
Feuerenergie,124/130,Common,DP
Wasserenergie,125/130,Common,DP
Elektroenergie,126/130,Common,DP
Psychoenergie,127/130,Common,DP
Kampfenergie,128/130,Common,DP
Finsternis-Energie,129/130,Common,DP
Metall-Energie,130/130,Common,DP
Chelast,DP01/56,Promo,DPP
Panflam,DP02/56,Promo,DPP
Plinfa,DP03/56,Promo,DPP
Pachirisu,DP04/56,Promo,DPP
Tropenwinde,DP05/56,Promo,DPP
Haspiror,DP06/56,Promo,DPP
Koknodon,DP07/56,Promo,DPP
Schilterus,DP08/56,Promo,DPP
Chelterrar,DP09/56,Promo,DPP
Panferno,DP10/56,Promo,DPP
Impoleon,DP11/56,Promo,DPP
Lucario,DP12/56,Promo,DPP
Bamelin,DP13/56,Promo,DPP
Plaudagei,DP14/56,Promo,DPP
Sheinux,DP15/56,Promo,DPP
Pikachu,DP16/56,Promo,DPP
Dialga,DP17/56,Promo,DPP
Palkia,DP18/56,Promo,DPP
Darkrai,DP19/56,Promo,DPP
Magbrant,DP20/56,Promo,DPP
Raichu,DP21/56,Promo,DPP
Pantimimi,DP22/56,Promo,DPP
Charmian,DP23/56,Promo,DPP
Darkrai,DP24/56,Promo,DPP
Tropenwinde,DP25/56,Promo,DPP
Dialga,DP26/56,Promo,DPP
Palkia,DP27/56,Promo,DPP
Mewtu,DP28/56,Promo,DPP
Rihornior,DP29/56,Promo,DPP
Regigigas,DP30/56,Promo,DPP
Heatran,DP31/56,Promo,DPP
Magnezone,DP32/56,Promo,DPP
Zwirrfinst,DP33/56,Promo,DPP
Drifzepeli,DP34/56,Promo,DPP
Porygon-Z,DP35/56,Promo,DPP
Skorgro,DP36/56,Promo,DPP
Dialga,DP37/56,Promo,DPP
Giratina,DP38/56,Promo,DPP
Shaymin,DP39/56,Promo,DPP
Regigigas,DP40/56,Promo,DPP
Toxiquak G,DP41/56,Promo,DPP
Venuflibis G,DP42/56,Promo,DPP
Voluminas G,DP43/56,Promo,DPP
Magnezone,DP44/56,Promo,DPP
Glurak G,DP45/56,Promo,DPP
Knakrack C,DP46/56,Promo,DPP
Rayquaza C,DP47/56,Promo,DPP
Tropenwinde,DP48/56,Promo,DPP
Dialga,DP49/56,Promo,DPP
Arceus,DP50/56,Promo,DPP
Cresselia,DP51/56,Promo,DPP
Darkrai,DP52/56,Promo,DPP
Arceus,DP53/56,Promo,DPP
Tor des Ursprungs,DP54/56,Promo,DPP
Ultimativ-Zone,DP55/56,Promo,DPP
Arceus,DP56/56,Promo,DPP
Lohgock,1/106,Rare Holo,GE
Cresselia,2/106,Rare Holo,GE
Darkrai,3/106,Rare Holo,GE
Darkrai,4/106,Rare Holo,GE
Pachirisu,5/106,Rare Holo,GE
Porygon-Z,6/106,Rare Holo,GE
Rotom,7/106,Rare Holo,GE
Gewaldro,8/106,Rare Holo,GE
Sumpex,9/106,Rare Holo,GE
Tangoloss,10/106,Rare Holo,GE
Togekiss,11/106,Rare Holo,GE
Altaria,12/106,Rare,GE
Bibor,13/106,Rare,GE
Smettbo,14/106,Rare,GE
Lepumentas,15/106,Rare,GE
Dialga,16/106,Rare,GE
Krawumms,17/106,Rare,GE
Hundemon,18/106,Rare,GE
Hypno,19/106,Rare,GE
Kingler,20/106,Rare,GE
Lapras,21/106,Rare,GE
Latias,22/106,Rare,GE
Latios,23/106,Rare,GE
Flunkifer,24/106,Rare,GE
Milotic,25/106,Rare,GE
Palkia,26/106,Rare,GE
Rasaff,27/106,Rare,GE
Laschoking,28/106,Rare,GE
Icognito H,29/106,Rare,GE
Wailord,30/106,Rare,GE
Smogmog,31/106,Rare,GE
Knuddeluff,32/106,Rare,GE
Arbok,33/106,Uncommon,GE
Noktuska,34/106,Uncommon,GE
Jungglut,35/106,Uncommon,GE
Botogel,36/106,Uncommon,GE
Bojelin,37/106,Uncommon,GE
Saganabyss,38/106,Uncommon,GE
Granbull,39/106,Uncommon,GE
Reptain,40/106,Common,GE
Hariyama,41/106,Uncommon,GE
Aalabyss,42/106,Uncommon,GE
Geradaks,43/106,Uncommon,GE
Krakeelo,44/106,Uncommon,GE
Magcargo,45/106,Uncommon,GE
Moorabbel,46/106,Uncommon,GE
Safcon,47/106,Uncommon,GE
Pelipper,48/106,Uncommon,GE
Porygon2,49/106,Uncommon,GE
Shnurgarst,50/106,Uncommon,GE
Relicanth,51/106,Uncommon,GE
Vipitis,52/106,Uncommon,GE
Panzaeron,53/106,Uncommon,GE
Lahmus,54/106,Uncommon,GE
Togetic,55/106,Uncommon,GE
Icognito F,56/106,Uncommon,GE
Icognito G,57/106,Uncommon,GE
Wailmer,58/106,Uncommon,GE
Sengo,59/106,Uncommon,GE
Puppance,60/106,Common,GE
Bamelin,61/106,Common,GE
Tuska,62/106,Common,GE
Raupy,63/106,Common,GE
Perlu,64/106,Common,GE
Traumato,65/106,Common,GE
Rettan,66/106,Common,GE
Barschwa,67/106,Common,GE
Charmian,68/106,Common,GE
Hunduster,69/106,Common,GE
Fluffeluff,70/106,Common,GE
Illumise,71/106,Common,GE
Pummeluff,72/106,Common,GE
Kokuna,73/106,Common,GE
Smogon,74/106,Common,GE
Krabby,75/106,Common,GE
Lunastein,76/106,Common,GE
Liebiskus,77/106,Common,GE
Makuhita,78/106,Common,GE
Menki,79/106,Common,GE
Hydropi,80/106,Common,GE
Porygon,81/106,Common,GE
Flegmon,82/106,Common,GE
Schneckmag,83/106,Common,GE
Snubbull,84/106,Common,GE
Sonnfel,85/106,Common,GE
Wablu,86/106,Common,GE
Tangela,87/106,Common,GE
Togepi,88/106,Common,GE
Flemmli,89/106,Common,GE
Geckarbor,90/106,Common,GE
Icognito L,91/106,Common,GE
Volbeat,92/106,Common,GE
Hornliu,93/106,Common,GE
Flurmel,94/106,Common,GE
Wingull,95/106,Common,GE
Zigzachs,96/106,Common,GE
Münzamulett,97/106,Uncommon,GE
Beates Ziehung,98/106,Uncommon,GE
Überreste,99/106,Uncommon,GE
Mondscheinstadion,100/106,Uncommon,GE
Premierball,101/106,Uncommon,GE
Sonderbonbon,102/106,Uncommon,GE
Cresselia,103/106,Rare Holo LV.X,GE
Darkrai,104/106,Rare Holo LV.X,GE
Dialga,105/106,Rare Holo LV.X,GE
Palkia,106/106,Rare Holo LV.X,GE
Deoxys Normalform,1/146,Rare Holo,LA
Dragoran,2/146,Rare Holo,LA
Frosdedje,3/146,Rare Holo,LA
Giratina,4/146,Rare Holo,LA
Skorgro,5/146,Rare Holo,LA
Heatran,6/146,Rare Holo,LA
Seedraking,7/146,Rare Holo,LA
Luxtra,8/146,Rare Holo,LA
Mamutel,9/146,Rare Holo,LA
Metagross,10/146,Rare Holo,LA
Mewtu,11/146,Rare Holo,LA
Quaxo,12/146,Rare Holo,LA
Voluminas,13/146,Rare Holo,LA
Rayquaza,14/146,Rare Holo,LA
Regigigas,15/146,Rare Holo,LA
Kryppuck,16/146,Rare Holo,LA
Yanmega,17/146,Rare Holo,LA
Armaldo,18/146,Rare,LA
Tobutz,19/146,Rare,LA
Blubella,20/146,Rare,LA
Wielie,21/146,Rare,LA
Krebutack,22/146,Rare,LA
Enokoro,23/146,Rare,LA
Deoxys Angriffsform,24/146,Rare,LA
Deoxys Verteidigungsform,25/146,Rare,LA
Deoxys Initiativform,26/146,Rare,LA
Ditto,27/146,Rare,LA
Forstellka,28/146,Rare,LA
Groudon,29/146,Rare,LA
Heatran,30/146,Rare,LA
Jirachi,31/146,Rare,LA
Kyogre,32/146,Rare,LA
Schlapor,33/146,Rare,LA
Vesprit,34/146,Rare,LA
Quappo,35/146,Rare,LA
Regice,36/146,Rare,LA
Regigigas,37/146,Rare,LA
Regirock,38/146,Rare,LA
Registeel,39/146,Rare,LA
Ninjatom,40/146,Rare,LA
Qurtel,41/146,Rare,LA
Icognito !,42/146,Rare,LA
Selfe,43/146,Rare,LA
Sarzenia,44/146,Rare,LA
Giflor,45/146,Rare,LA
Anorith,46/146,Uncommon,LA
Camerupt,47/146,Uncommon,LA
Formeo,48/146,Uncommon,LA
Formeo Regenform,49/146,Uncommon,LA
Formeo Schneewolkenform,50/146,Uncommon,LA
Formeo Sonnenform,51/146,Uncommon,LA
Dragonir,52/146,Uncommon,LA
Drifzepli,53/146,Uncommon,LA
Kokowei,54/146,Uncommon,LA
Skorgro,55/146,Uncommon,LA
Groink,56/146,Uncommon,LA
Hundemon,57/146,Uncommon,LA
Lanturn,58/146,Uncommon,LA
Lanturn,59/146,Uncommon,LA
Ledian,60/146,Uncommon,LA
Lucario,61/146,Uncommon,LA
Luxio,62/146,Uncommon,LA
Knogga,63/146,Uncommon,LA
Metang,64/146,Uncommon,LA
Metang,65/146,Uncommon,LA
Magnayen,66/146,Uncommon,LA
Ninjask,67/146,Uncommon,LA
Snobilikat,68/146,Uncommon,LA
Keifel,69/146,Uncommon,LA
Seemon,70/146,Uncommon,LA
Starmie,71/146,Uncommon,LA
Schlukwech,72/146,Uncommon,LA
Schwalboss,73/146,Uncommon,LA
Tauros,74/146,Uncommon,LA
Tentoxa,75/146,Uncommon,LA
Icognito J,76/146,Uncommon,LA
Icognito R,77/146,Uncommon,LA
Icognito U,78/146,Uncommon,LA
Icognito V,79/146,Uncommon,LA
Icognito W,80/146,Uncommon,LA
Icognito Y,81/146,Uncommon,LA
Icognito ?,82/146,Uncommon,LA
Tanhel,83/146,Common,LA
Tanhel,84/146,Common,LA
Knofensa,85/146,Common,LA
Haspiror,86/146,Common,LA
Lampi,87/146,Common,LA
Lampi,88/146,Common,LA
Krebscorps,89/146,Common,LA
Tragosso,90/146,Common,LA
Dratini,91/146,Common,LA
Driftlon,92/146,Common,LA
Owei,93/146,Common,LA
Skorgla,94/146,Common,LA
Skorgla,95/146,Common,LA
Duflor,96/146,Common,LA
Duflor,97/146,Common,LA
Schluppuck,98/146,Common,LA
Nockchan,99/146,Common,LA
Kicklee,100/146,Common,LA
Kapoera,101/146,Common,LA
Seeper,102/146,Common,LA
Hunduster,103/146,Common,LA
Ledyba,104/146,Common,LA
Liliep,105/146,Common,LA
Mauzi,106/146,Common,LA
Traunfugil,107/146,Common,LA
Nincada,108/146,Common,LA
Nasgnet,109/146,Common,LA
Camaub,110/146,Common,LA
Myrapla,111/146,Common,LA
Myrapla,112/146,Common,LA
Tannza,113/146,Common,LA
Quapsel,114/146,Common,LA
Quaputzi,115/146,Common,LA
Fiffyen,116/146,Common,LA
Riolu,117/146,Common,LA
Sheinux,118/146,Common,LA
Eneco,119/146,Common,LA
Sniebel,120/146,Common,LA
Spoink,121/146,Common,LA
Sterndu,122/146,Common,LA
Quiekel,123/146,Common,LA
Schwalbini,124/146,Common,LA
Tentacha,125/146,Common,LA
Rabauz,126/146,Common,LA
Ultrigaria,127/146,Common,LA
Yanma,128/146,Common,LA
Blubberschutz,129/146,Uncommon,LA
Avenaros Training,130/146,Uncommon,LA
Cynthias Gefühle,131/146,Uncommon,LA
Energieaufsammlung,132/146,Uncommon,LA
Poké-Radar,133/146,Uncommon,LA
Blizzach-Tempel,134/146,Uncommon,LA
Kahlberg,135/146,Uncommon,LA
Technische Maschine TS-1,136/146,Uncommon,LA
Technische Maschine TS-2,137/146,Uncommon,LA
Klauenfossil,138/146,Common,LA
Wurzelfossil,139/146,Common,LA
Tobutz,140/146,Rare Holo LV.X,LA
Skorgro,141/146,Rare Holo LV.X,LA
Magnezone,142/146,Rare Holo LV.X,LA
Vesprit,143/146,Rare Holo LV.X,LA
Mewtu,144/146,Rare Holo LV.X,LA
Rihornior,145/146,Rare Holo LV.X,LA
Selfe,146/146,Rare Holo LV.X,LA
Arktos,1/100,Rare Holo,MD
Cresselia,2/100,Rare Holo,MD
Darkrai,3/100,Rare Holo,MD
Dialga,4/100,Rare Holo,MD
Glaziola,5/100,Rare Holo,MD
Kabutops,6/100,Rare Holo,MD
Folipurba,7/100,Rare Holo,MD
Manaphy,8/100,Rare Holo,MD
Mewtu,9/100,Rare Holo,MD
Lavados,10/100,Rare Holo,MD
Palkia,11/100,Rare Holo,MD
Phione,12/100,Rare Holo,MD
Rotom,13/100,Rare Holo,MD
Zapdos,14/100,Rare Holo,MD
Aerodactyl,15/100,Rare,MD
Bronzong,16/100,Rare,MD
Impoleon,17/100,Rare,MD
Psiana,18/100,Rare,MD
Flamara,19/100,Rare,MD
Glaziola,20/100,Rare,MD
Hippoterus,21/100,Rare,MD
Panferno,22/100,Rare,MD
Blitza,23/100,Rare,MD
Folipurba,24/100,Rare,MD
Minun,25/100,Rare,MD
Amoroso,26/100,Rare,MD
Phione,27/100,Rare,MD
Plusle,28/100,Rare,MD
Scherox,29/100,Rare,MD
Chelterrar,30/100,Rare,MD
Toxiquak,31/100,Rare,MD
Nachtara,32/100,Rare,MD
Icognito P,33/100,Rare,MD
Aquana,34/100,Rare,MD
Ambidiffel,35/100,Uncommon,MD
Ibitak,36/100,Uncommon,MD
Chelcarain,37/100,Uncommon,MD
Kangama,38/100,Uncommon,MD
Schlurp,39/100,Uncommon,MD
Voltenso,40/100,Uncommon,MD
Panpyro,41/100,Uncommon,MD
Moterpel,42/100,Uncommon,MD
Pachirisu,43/100,Uncommon,MD
Pliprin,44/100,Uncommon,MD
Raichu,45/100,Uncommon,MD
Sichlor,46/100,Uncommon,MD
Staravia,47/100,Uncommon,MD
Mogelbaum,48/100,Uncommon,MD
Icognito Q,49/100,Uncommon,MD
Griffel,50/100,Common,MD
Griffel,51/100,Common,MD
Bronzel,52/100,Common,MD
Haspiror,53/100,Common,MD
Burmy Sandumhang,54/100,Common,MD
Plaudagei,55/100,Common,MD
Panflam,56/100,Common,MD
Panflam,57/100,Common,MD
Klingplim,58/100,Common,MD
Wadribie,59/100,Common,MD
Glibunkel,60/100,Common,MD
Driftlon,61/100,Common,MD
Evoli,62/100,Common,MD
Evoli,63/100,Common,MD
Frizelbliz,64/100,Common,MD
Charmian,65/100,Common,MD
Hippopotas,66/100,Common,MD
Kabuto,67/100,Common,MD
Mampfaxo,68/100,Common,MD
Amonitas,69/100,Common,MD
Pikachu,70/100,Common,MD
Plinfa,71/100,Common,MD
Plinfa,72/100,Common,MD
Schalellos Östliches Meer,73/100,Common,MD
Habitak,74/100,Common,MD
Staralili,75/100,Common,MD
Skunkapuh,76/100,Common,MD
Chelast,77/100,Common,MD
Chelast,78/100,Common,MD
Morgen-Stadion,79/100,Uncommon,MD
Finsterball,80/100,Uncommon,MD
Energiewiederherstellung,81/100,Uncommon,MD
Fossilienbagger,82/100,Uncommon,MD
Mutters Fürsorge,83/100,Uncommon,MD
Altbernstein,84/100,Uncommon,MD
Pokéball,85/100,Uncommon,MD
Flottball,86/100,Uncommon,MD
Super-Anziehungskraft,87/100,Uncommon,MD
Wurmloch,88/100,Uncommon,MD
Domfossil,89/100,Common,MD
Energiesuche,90/100,Common,MD
Helixfossil,91/100,Common,MD
Ruf-Energie,92/100,Uncommon,MD
Finsternis-Energie,93/100,Uncommon,MD
Heil-Energie,94/100,Uncommon,MD
Metall-Energie,95/100,Uncommon,MD
Erhol-Energie,96/100,Uncommon,MD
Knakrack,97/100,Rare Holo LV.X,MD
Glaziola,98/100,Rare Holo LV.X,MD
Folipurba,99/100,Rare Holo LV.X,MD
Porygon-Z,100/100,Rare Holo LV.X,MD
Stollos,1/123,Rare Holo,MT
Simsala,2/123,Rare Holo,MT
Ambidiffel,3/123,Rare Holo,MT
Tobutz,4/123,Rare Holo,MT
Heiteira,5/123,Rare Holo,MT
Bronzong,6/123,Rare Holo,MT
Celebi,7/123,Rare Holo,MT
Impergator,8/123,Rare Holo,MT
Knakrack,9/123,Rare Holo,MT
Kramshef,10/123,Rare Holo,MT
Lumineon,11/123,Rare Holo,MT
Magbrant,12/123,Rare Holo,MT
Meganie,13/123,Rare Holo,MT
Vesprit,14/123,Rare Holo,MT
Raichu,15/123,Rare Holo,MT
Tornupto,16/123,Rare Holo,MT
Despotar,17/123,Rare Holo,MT
Selfe,18/123,Rare Holo,MT
Rexblisar,19/123,Rare,MT
Ariados,20/123,Rare,MT
Bollterus,21/123,Rare,MT
Palimpalim,22/123,Rare,MT
Iksbat,23/123,Rare,MT
Kokowei,24/123,Rare,MT
Firnontor,25/123,Rare,MT
Garados,26/123,Rare,MT
Zirpeise,27/123,Rare,MT
Voltenso,28/123,Rare,MT
Mantax,29/123,Rare,MT
Pantimos,30/123,Rare,MT
Nidoqueen,31/123,Rare,MT
Vulnona,32/123,Rare,MT
Rameidon,33/123,Rare,MT
Letarking,34/123,Rare,MT
Mogelbaum,35/123,Rare,MT
Toxiquak,36/123,Rare,MT
Icognito I,37/123,Rare,MT
Ursaring,38/123,Rare,MT
Walraisa,39/123,Rare,MT
Welsar,40/123,Rare,MT
Lorblatt,41/123,Uncommon,MT
Klingplim,42/123,Uncommon,MT
Koknodon,43/123,Uncommon,MT
Tyracroc,44/123,Uncommon,MT
Jugong,45/123,Uncommon,MT
Dodri,46/123,Uncommon,MT
Dummisel,47/123,Uncommon,MT
Knarksel,48/123,Uncommon,MT
Girafarig,49/123,Uncommon,MT
Golbat,50/123,Uncommon,MT
Georok,51/123,Uncommon,MT
Wonneira,52/123,Uncommon,MT
Stollrak,53/123,Uncommon,MT
Magmar,54/123,Uncommon,MT
Maskeregen,55/123,Uncommon,MT
Nidorina,56/123,Uncommon,MT
Octillery,57/123,Uncommon,MT
Parasek,58/123,Uncommon,MT
Pupitar,59/123,Uncommon,MT
Igelavar,60/123,Uncommon,MT
Sandamer,61/123,Uncommon,MT
Seejong,62/123,Uncommon,MT
Schilterus,63/123,Uncommon,MT
Tropius,64/123,Uncommon,MT
Icognito E,65/123,Uncommon,MT
Icognito M,66/123,Uncommon,MT
Icognito T,67/123,Uncommon,MT
Muntier,68/123,Uncommon,MT
Abra,69/123,Common,MT
Griffel,70/123,Common,MT
Stollunior,71/123,Common,MT
Schmerbe,72/123,Common,MT
Bidiza,73/123,Common,MT
Bronzel,74/123,Common,MT
Bamelin,75/123,Common,MT
Chaneira,76/123,Common,MT
Endivie,77/123,Common,MT
Glibunkel,78/123,Common,MT
Feurigel,79/123,Common,MT
Dodu,80/123,Common,MT
Frizelbliz,81/123,Common,MT
Owei,82/123,Common,MT
Finneon,83/123,Common,MT
Kleinstein,84/123,Common,MT
Kaumalat,85/123,Common,MT
Zirpurze,86/123,Common,MT
Larvitar,87/123,Common,MT
Magby,88/123,Common,MT
Karpador,89/123,Common,MT
Kramurx,90/123,Common,MT
Nidoran w,91/123,Common,MT
Paras,92/123,Common,MT
Pichu,93/123,Common,MT
Pikachu,94/123,Common,MT
Remoraid,95/123,Common,MT
Sandan,96/123,Common,MT
Jurob,97/123,Common,MT
Sheinux,98/123,Common,MT
Bummelz,99/123,Common,MT
Schneppke,100/123,Common,MT
Shnebedeck,101/123,Common,MT
Seemops,102/123,Common,MT
Webarak,103/123,Common,MT
Gehweiher,104/123,Common,MT
Teddiursa,105/123,Common,MT
Karnimani,106/123,Common,MT
Vulpix,107/123,Common,MT
Zubat,108/123,Common,MT
Lanas Suche,109/123,Uncommon,MT
Finsterball,110/123,Uncommon,MT
Fossilienbagger,111/123,Uncommon,MT
Seeufer,112/123,Uncommon,MT
Nächtliche Wartung,113/123,Uncommon,MT
Flottball,114/123,Uncommon,MT
Team Galaktiks Wette,115/123,Uncommon,MT
Panzerfossil,116/123,Common,MT
Kopffossil,117/123,Common,MT
Multi Energie,118/123,Rare,MT
Finsternis-Energie,119/123,Uncommon,MT
Metall-Energie,120/123,Uncommon,MT
Elevoltek,121/123,Rare Holo LV.X,MT
Lucario,122/123,Rare Holo LV.X,MT
Magbrant,123/123,Rare Holo LV.X,MT
Raum-Zeit-Verzerrung,124/123,Rare Secret,MT
Ampharos,1/132,Rare Holo,SW
Turtok,2/132,Rare Holo,SW
Glurak,3/132,Rare Holo,SW
Entei,4/132,Rare Holo,SW
Libelldra,5/132,Rare Holo,SW
Galagladi,6/132,Rare Holo,SW
Guardevoir,7/132,Rare Holo,SW
Gastrodon Östliches Meer,8/132,Rare Holo,SW
Gastrodon Westliches Meer,9/132,Rare Holo,SW
Ho-Oh,10/132,Rare Holo,SW
Papungha,11/132,Rare Holo,SW
Schlurplek,12/132,Rare Holo,SW
Kappalores,13/132,Rare Holo,SW
Lugia,14/132,Rare Holo,SW
Mew,15/132,Rare Holo,SW
Raikou,16/132,Rare Holo,SW
Roserade,17/132,Rare Holo,SW
Brutalanda,18/132,Rare Holo,SW
Suicune,19/132,Rare Holo,SW
Bisaflor,20/132,Rare Holo,SW
Absol,21/132,Rare,SW
Arkani,22/132,Rare,SW
Banette,23/132,Rare,SW
Digdri,24/132,Rare,SW
Elevoltek,25/132,Rare,SW
Lektrobal,26/132,Rare,SW
Wiesenior,27/132,Rare,SW
Entoron,28/132,Rare,SW
Geowaz,29/132,Rare,SW
Rossana,30/132,Rare,SW
Magbrant,31/132,Rare,SW
Minun,32/132,Rare,SW
Moterpel,33/132,Rare,SW
Nidoking,34/132,Rare,SW
Tauboss,35/132,Rare,SW
Plusle,36/132,Rare,SW
Tohaido,37/132,Rare,SW
Sonnflora,38/132,Rare,SW
Icognito S,39/132,Rare,SW
Snibunna,40/132,Rare,SW
Burmadame Pflanzenumhang,41/132,Rare,SW
Burmadame Sandumhang,42/132,Rare,SW
Burmadame Lumpenumhang,43/132,Rare,SW
Xatu,44/132,Rare,SW
Kapilz,45/132,Uncommon,SW
Glutexo,46/132,Uncommon,SW
Austos,47/132,Uncommon,SW
Donphan,48/132,Uncommon,SW
Porenta,49/132,Uncommon,SW
Waaty,50/132,Uncommon,SW
Bisaknosp,51/132,Uncommon,SW
Kecleon,52/132,Uncommon,SW
Kirlia,53/132,Uncommon,SW
Lombrero,54/132,Uncommon,SW
Miltank,55/132,Uncommon,SW
Sleimok,56/132,Uncommon,SW
Nidorino,57/132,Uncommon,SW
Tauboga,58/132,Uncommon,SW
Pinsir,59/132,Uncommon,SW
Morlord,60/132,Uncommon,SW
Rattikarl,61/132,Uncommon,SW
Roselia,62/132,Uncommon,SW
Zobiris,63/132,Uncommon,SW
Draschel,64/132,Uncommon,SW
Hubelupf,65/132,Uncommon,SW
Farbeagle,66/132,Uncommon,SW
Kussilla,67/132,Uncommon,SW
Icognito K,68/132,Uncommon,SW
Icognito N,69/132,Uncommon,SW
Icognito O,70/132,Uncommon,SW
Icognito X,71/132,Uncommon,SW
Icognito Z,72/132,Uncommon,SW
Omot,73/132,Uncommon,SW
Vibrava,74/132,Uncommon,SW
Schillok,75/132,Uncommon,SW
Kindwurm,76/132,Common,SW
Bisasam,77/132,Common,SW
Burmy Pflanzenumhang,78/132,Common,SW
Burmy Sandumhang,79/132,Common,SW
Burmy Lumpenumhang,80/132,Common,SW
Kanivanha,81/132,Common,SW
Glumanda,82/132,Common,SW
Piepi,83/132,Common,SW
Corasonn,84/132,Common,SW
Digda,85/132,Common,SW
Zwirrlicht,86/132,Common,SW
Elektek,87/132,Common,SW
Sleima,88/132,Common,SW
Fukano,89/132,Common,SW
Hoppspross,90/132,Common,SW
Schlurp,91/132,Common,SW
Loturzel,92/132,Common,SW
Magmar,93/132,Common,SW
Voltilamm,94/132,Common,SW
Kramurx,95/132,Common,SW
Natu,96/132,Common,SW
Nidoran m,97/132,Common,SW
Phanpy,98/132,Common,SW
Taubsi,99/132,Common,SW
Enton,100/132,Common,SW
Baldorfish,101/132,Common,SW
Trasla,102/132,Common,SW
Rattfratz,103/132,Common,SW
Wiesor,104/132,Common,SW
Muschas,105/132,Common,SW
Schalellos Östliches Meer,106/132,Common,SW
Schalellos Westliches Meer,107/132,Common,SW
Knilz,108/132,Common,SW
Pottrott,109/132,Common,SW
Shuppet,110/132,Common,SW
Pandir,111/132,Common,SW
Schiggy,112/132,Common,SW
Damhirplex,113/132,Common,SW
Sonnkern,114/132,Common,SW
Knacklion,115/132,Common,SW
Bluzuk,116/132,Common,SW
Voltobal,117/132,Common,SW
Felino,118/132,Common,SW
Lanas Suche,119/132,Uncommon,SW
Nächtliche Wartung,120/132,Uncommon,SW
PlusPower,121/132,Uncommon,SW
Professor Eichs Besuch,122/132,Uncommon,SW
Professor Eibe,123/132,Uncommon,SW
Rivale,124/132,Uncommon,SW
Roxanas Nachforschungen,125/132,Uncommon,SW
Team Galaktiks Mars,126/132,Uncommon,SW
Trank,127/132,Common,SW
Tausch,128/132,Common,SW
Finsternis-Energie,129/132,Uncommon,SW
Metall-Energie,130/132,Uncommon,SW
Guardevoir,131/132,Rare Holo LV.X,SW
Kramshef,132/132,Rare Holo LV.X,SW
Zwirrfinst,1/100,Rare Holo,SF
Impoleon,2/100,Rare Holo,SF
Panferno,3/100,Rare Holo,SF
Lumineon,4/100,Rare Holo,SF
Magnezone,5/100,Rare Holo,SF
Magnezone,6/100,Rare Holo,SF
Traunmagil,7/100,Rare Holo,SF
Raichu,8/100,Rare Holo,SF
Regigigas,9/100,Rare Holo,SF
Gewaldro,10/100,Rare Holo,SF
Chelterrar,11/100,Rare Holo,SF
Rexblisar,12/100,Rare,SF
Bronzong,13/100,Rare,SF
Kinoso,14/100,Rare,SF
Piondragi,15/100,Rare,SF
Drifzepeli,16/100,Rare,SF
Zwirrfinst,17/100,Rare,SF
Gengar,18/100,Rare,SF
Garados,19/100,Rare,SF
Machomei,20/100,Rare,SF
Mamutel,21/100,Rare,SF
Gallopa,22/100,Rare,SF
Roserade,23/100,Rare,SF
Brutalanda,24/100,Rare,SF
Scherox,25/100,Rare,SF
Skuntank,26/100,Rare,SF
Staraptor,27/100,Rare,SF
Stahlos,28/100,Rare,SF
Tangoloss,29/100,Rare,SF
Despotar,30/100,Rare,SF
Honweisel,31/100,Rare,SF
Bidifas,32/100,Uncommon,SF
Knospi,33/100,Uncommon,SF
Zwirrklop,34/100,Uncommon,SF
Zwirrklop,35/100,Uncommon,SF
Lektrobal,36/100,Uncommon,SF
Lektrobal,37/100,Uncommon,SF
Porenta,38/100,Uncommon,SF
Reptain,39/100,Uncommon,SF
Alpollo,40/100,Uncommon,SF
Maschock,41/100,Uncommon,SF
Magneton,42/100,Uncommon,SF
Magneton,43/100,Uncommon,SF
Miltank,44/100,Uncommon,SF
Pichu,45/100,Uncommon,SF
Keifel,46/100,Uncommon,SF
Pupitar,47/100,Uncommon,SF
Zobiris,48/100,Uncommon,SF
Sichlor,49/100,Uncommon,SF
Draschel,50/100,Uncommon,SF
Panzaeron,51/100,Uncommon,SF
Staravia,52/100,Uncommon,SF
Kindwurm,53/100,Common,SF
Bidiza,54/100,Common,SF
Bronzel,55/100,Common,SF
Kikugi,56/100,Common,SF
Wadribie,57/100,Common,SF
Driftlon,58/100,Common,SF
Zwirrlicht,59/100,Common,SF
Zwirrlicht,60/100,Common,SF
Finneon,61/100,Common,SF
Nebulak,62/100,Common,SF
Larvitar,63/100,Common,SF
Machollo,64/100,Common,SF
Karpador,65/100,Common,SF
Magnetilo,66/100,Common,SF
Magnetilo,67/100,Common,SF
Traunfugil,68/100,Common,SF
Onix,69/100,Common,SF
Pikachu,70/100,Common,SF
Ponita,71/100,Common,SF
Roselia,72/100,Common,SF
Pionskora,73/100,Common,SF
Shnebedeck,74/100,Common,SF
Staralili,75/100,Common,SF
Skunkapuh,76/100,Common,SF
Quiekel,77/100,Common,SF
Tangela,78/100,Common,SF
Geckarbor,79/100,Common,SF
Voltobal,80/100,Common,SF
Voltobal,81/100,Common,SF
Leitmetall-Mine,82/100,Uncommon,SF
Energie-Koppler,83/100,Uncommon,SF
Energie-Umschalter,84/100,Uncommon,SF
Superball,85/100,Uncommon,SF
Luxusball,86/100,Uncommon,SF
Charlies Anfrage,87/100,Uncommon,SF
Poké-Puster +,88/100,Uncommon,SF
Poké-Zieher +,89/100,Uncommon,SF
Poké-Heiler +,90/100,Uncommon,SF
Premierball,91/100,Uncommon,SF
Trank,92/100,Common,SF
Tausch,93/100,Common,SF
Zyklon-Energie,94/100,Uncommon,SF
Verkrümmungs-Energie,95/100,Uncommon,SF
Zwirrfinst,96/100,Rare Holo LV.X,SF
Heatran,97/100,Rare Holo LV.X,SF
Machomei,98/100,Rare Holo LV.X,SF
Raichu,99/100,Rare Holo LV.X,SF
Regigigas,100/100,Rare Holo LV.X,SF
Glumanda,101/100,Rare Secret,SF
Glutexo,102/100,Rare Secret,SF
Glurak,103/100,Rare Secret,SF
Driftlon,SH1/100,Rare,SF
Zwirrlicht,SH2/100,Rare,SF
Voltobal,SH3/100,Rare,SF
Ampharos,1/147,Rare,AQ
Arkani,2/147,Rare,AQ
Ariados,3/147,Rare,AQ
Azumarill,4/147,Rare,AQ
Blubella,5/147,Rare,AQ
Heiteira,6/147,Rare,AQ
Donphan,7/147,Rare,AQ
Lektrobal,8/147,Rare,AQ
Elekid,9/147,Rare,AQ
Entei,10/147,Rare,AQ
Psiana,11/147,Rare,AQ
Kokowei,12/147,Rare,AQ
Kokowei,13/147,Rare,AQ
Hundemon,14/147,Rare,AQ
Hundemon,15/147,Rare,AQ
Hypno,16/147,Rare,AQ
Papungha,17/147,Rare,AQ
Rossana,18/147,Rare,AQ
Seedraking,19/147,Rare,AQ
Lanturn,20/147,Rare,AQ
Lanturn,21/147,Rare,AQ
Magneton,22/147,Rare,AQ
Sleimok,23/147,Rare,AQ
Nidoking,24/147,Rare,AQ
Vulnona,25/147,Rare,AQ
Octillery,26/147,Rare,AQ
Parasek,27/147,Rare,AQ
Porygon2,28/147,Rare,AQ
Rasaff,29/147,Rare,AQ
Morlord,30/147,Rare,AQ
Gallopa,31/147,Rare,AQ
Scherox,32/147,Rare,AQ
Lahmus,33/147,Rare,AQ
Laschoking,34/147,Rare,AQ
Stahlos,35/147,Rare,AQ
Mogelbaum,36/147,Rare,AQ
Suicune,37/147,Rare,AQ
Tentoxa,38/147,Rare,AQ
Togetic,39/147,Rare,AQ
Despotar,40/147,Rare,AQ
Nachtara,41/147,Rare,AQ
Sarzenia,42/147,Rare,AQ
Giflor,43/147,Rare,AQ
Zapdos,44/147,Rare,AQ
Knofensa,45/147,Uncommon,AQ
Dodri,46/147,Uncommon,AQ
Waaty,47/147,Uncommon,AQ
Wiesenior,48/147,Uncommon,AQ
Duflor,49/147,Uncommon,AQ
Golduck,50/147,Uncommon,AQ
Fukano,51/147,Uncommon,AQ
Magnetilo,52/147,Uncommon,AQ
Marill,53/147,Uncommon,AQ
Knogga,54/147,Uncommon,AQ
Nidorino,55/147,Uncommon,AQ
Pupitar,56/147,Uncommon,AQ
Sichlor,57/147,Uncommon,AQ
Seemon,58/147,Uncommon,AQ
Golking,59/147,Uncommon,AQ
Hubelupf,60/147,Uncommon,AQ
Kussilla,61/147,Uncommon,AQ
Webarak,62/147,Uncommon,AQ
Rabauz,63/147,Uncommon,AQ
Voltobal,64/147,Uncommon,AQ
Ultrigaria,65/147,Uncommon,AQ
Felino,66/147,Uncommon,AQ
Griffel,67/147,Common,AQ
Knofensa,68/147,Common,AQ
Chaneira,69/147,Common,AQ
Lampi,70/147,Common,AQ
Lampi,71/147,Common,AQ
Tragosso,72/147,Common,AQ
Dodu,73/147,Common,AQ
Drowzee,74/147,Common,AQ
Evoli,75/147,Common,AQ
Owei,76/147,Common,AQ
Owei,77/147,Common,AQ
Goldini,78/147,Common,AQ
Sleima,79/147,Common,AQ
Fukano,80/147,Common,AQ
Nockchan,81/147,Common,AQ
Kapoera,82/147,Common,AQ
Hoppspross,83/147,Common,AQ
Seeper,84/147,Common,AQ
Seeper,85/147,Common,AQ
Hunduster,86/147,Common,AQ
Hunduster,87/147,Common,AQ
Kangama,88/147,Common,AQ
Larvitar,89/147,Common,AQ
Schlurp,90/147,Common,AQ
Magnetilo,91/147,Common,AQ
Menki,92/147,Common,AQ
Voltilamm,93/147,Common,AQ
Miltank,94/147,Common,AQ
Mr. Mime,95/147,Common,AQ
Nidoran M,96/147,Common,AQ
Myrapla,97/147,Common,AQ
Onix,98/147,Common,AQ
Paras,99/147,Common,AQ
Phanpy,100/147,Common,AQ
Pinsir,101/147,Common,AQ
Ponita,102/147,Common,AQ
Porygon,103/147,Common,AQ
Enton,104/147,Common,AQ
Remoraid,105/147,Common,AQ
Sichlor,106/147,Common,AQ
Wiesor,107/147,Common,AQ
Flegmon,108/147,Common,AQ
Farbeagle,109/147,Common,AQ
Sniebel,110/147,Common,AQ
Webarak,111/147,Common,AQ
Tangela,112/147,Common,AQ
Tentacha,113/147,Common,AQ
Togepi,114/147,Common,AQ
Voltobal,115/147,Common,AQ
Vulpix,116/147,Common,AQ
Felino,117/147,Common,AQ
Apricorn Forest*,118/147,Rare,AQ
Unlicht Würfel 01,119/147,Uncommon,AQ
Energie-Umschalter,120/147,Uncommon,AQ
Kampf-Würfel 01,121/147,Uncommon,AQ
Feuer-Würfel 01,122/147,Uncommon,AQ
Waldwächter,123/147,Uncommon,AQ
Gras-Würfel 01,124/147,Uncommon,AQ
Heilungsbeere,125/147,Uncommon,AQ
Jongleur,126/147,Uncommon,AQ
Elektro-Würfel 01,127/147,Uncommon,AQ
Memory Berry,128/147,Uncommon,AQ
Metall-Würfel 01,129/147,Uncommon,AQ
Pokémon Fan-Club,130/147,Uncommon,AQ
Pokémon Park*,131/147,Uncommon,AQ
Psycho-Würfel 01,132/147,Uncommon,AQ
Seher,133/147,Uncommon,AQ
Super Energy Removal 2*,134/147,Uncommon,AQ
Zeitscherbe,135/147,Uncommon,AQ
Stadt-Freiwillige,136/147,Uncommon,AQ
Traveling Salesman*,137/147,Uncommon,AQ
Unterwasser-Ruinen,138/147,Uncommon,AQ
Power Plant*,139/147,Uncommon,AQ
Wasser-Würfel 01,140/147,Uncommon,AQ
Weakness Guard*,141/147,Uncommon,AQ
Finsternis-Energie,142/147,Rare,AQ
Metall Energie,143/147,Rare,AQ
Regenbogen-Energie,144/147,Rare,AQ
Boost Energy*,145/147,Uncommon,AQ
Kristall-Energie,146/147,Uncommon,AQ
Verkrümmungs-Energie,147/147,Uncommon,AQ
Seedraking,148/147,Rare Secret,AQ
Lugia,149/147,Rare Secret,AQ
Nidoking,150/147,Rare Secret,AQ
Ampharos,H1/147,Rare Holo,AQ
Arcanine,H2/147,Rare Holo,AQ
Ariados,H3/147,Rare Holo,AQ
Azumarill,H4/147,Rare Holo,AQ
Bellossom,H5/147,Rare Holo,AQ
Blissey,H6/147,Rare Holo,AQ
Electrode,H7/147,Rare Holo,AQ
Entei,H8/147,Rare Holo,AQ
Espeon,H9/147,Rare Holo,AQ
Kokowei,H10/147,Rare Holo,AQ
Hundemon,H11/147,Rare Holo,AQ
Hypno,H12/147,Rare Holo,AQ
Papungha,H13/147,Rare Holo,AQ
Seedraking,H14/147,Rare Holo,AQ
Lanturn,H15/147,Rare Holo,AQ
Magneton,H16/147,Rare Holo,AQ
Sleimok,H17/147,Rare Holo,AQ
Nidoking,H18/147,Rare Holo,AQ
Vulnona,H19/147,Rare Holo,AQ
Octillery,H20/147,Rare Holo,AQ
Scherox,H21/147,Rare Holo,AQ
Laschoking,H22/147,Rare Holo,AQ
Stahlos,H23/147,Rare Holo,AQ
Mogelbaum,H24/147,Rare Holo,AQ
Suicune,H25/147,Rare Holo,AQ
Tentoxa,H26/147,Rare Holo,AQ
Togetic,H27/147,Rare Holo,AQ
Despotar,H28/147,Rare Holo,AQ
Nachtara,H29/147,Rare Holo,AQ
Sarzenia,H30/147,Rare Holo,AQ
Giflor,H31/147,Rare Holo,AQ
Zapdos,H32/147,Rare Holo,AQ
Simsala,1/165,Rare Holo,EX
Ampharos,2/165,Rare Holo,EX
Arbok,3/165,Rare Holo,EX
Turtok,4/165,Rare Holo,EX
Smettbo,5/165,Rare Holo,EX
Glurak,6/165,Rare Holo,EX
Pixi,7/165,Rare Holo,EX
Austos,8/165,Rare Holo,EX
Dragoran,9/165,Rare Holo,EX
Digdri,10/165,Rare Holo,EX
Ibitak,11/165,Rare Holo,EX
Impergator,12/165,Rare Holo,EX
Gengar,13/165,Rare Holo,EX
Geowaz,14/165,Rare Holo,EX
Kingler,15/165,Rare Holo,EX
Machomei,16/165,Rare Holo,EX
Magby,17/165,Rare Holo,EX
Meganie,18/165,Rare Holo,EX
Mew,19/165,Rare Holo,EX
Mewtu,20/165,Rare Holo,EX
Vulnona,21/165,Rare Holo,EX
Pichu,22/165,Rare Holo,EX
Tauboss,23/165,Rare Holo,EX
Quappo,24/165,Rare Holo,EX
Raichu,25/165,Rare Holo,EX
Gallopa,26/165,Rare Holo,EX
Panzaeron,27/165,Rare Holo,EX
Tornupto,28/165,Rare Holo,EX
Despotar,29/165,Rare Holo,EX
Bisaflor,30/165,Rare Holo,EX
Giflor,31/165,Rare Holo,EX
Smogmog,32/165,Rare Holo,EX
Simsala,33/165,Rare,EX
Ampharos,34/165,Rare,EX
Arbok,35/165,Rare,EX
Turtok,36/165,Rare,EX
Turtok,37/165,Rare,EX
Smettbo,38/165,Rare,EX
Glurak,39/165,Rare,EX
Glurak,40/165,Rare,EX
Pixi,41/165,Rare,EX
Austos,42/165,Rare,EX
Dragoran,43/165,Rare,EX
Digdri,44/165,Rare,EX
Ibitak,45/165,Rare,EX
Impergator,46/165,Rare,EX
Impergator,47/165,Rare,EX
Gengar,48/165,Rare,EX
Geowaz,49/165,Rare,EX
Kingler,50/165,Rare,EX
Machomei,51/165,Rare,EX
Magby,52/165,Rare,EX
Meganie,53/165,Rare,EX
Meganie,54/165,Rare,EX
Mew,55/165,Rare,EX
Mewtu,56/165,Rare,EX
Vulnona,57/165,Rare,EX
Pichu,58/165,Rare,EX
Tauboss,59/165,Rare,EX
Quappo,60/165,Rare,EX
Raichu,61/165,Rare,EX
Gallopa,62/165,Rare,EX
Panzaeron,63/165,Rare,EX
Tornupto,64/165,Rare,EX
Tornupto,65/165,Rare,EX
Despotar,66/165,Rare,EX
Bisaflor,67/165,Rare,EX
Bisaflor,68/165,Rare,EX
Giflor,69/165,Rare,EX
Smogmog,70/165,Rare,EX
Lorblatt,71/165,Uncommon,EX
Chaneira,72/165,Uncommon,EX
Glutexo,73/165,Uncommon,EX
Tyracroc,74/165,Uncommon,EX
Dragonir,75/165,Uncommon,EX
Elektek,76/165,Uncommon,EX
Waaty,77/165,Uncommon,EX
Duflor,78/165,Uncommon,EX
Georok,79/165,Uncommon,EX
Alpollo,80/165,Uncommon,EX
Kicklee,81/165,Uncommon,EX
Bisaknosp,82/165,Uncommon,EX
Rossana,83/165,Uncommon,EX
Kadabra,84/165,Uncommon,EX
Maschock,85/165,Uncommon,EX
Magmar,86/165,Uncommon,EX
Safcon,87/165,Uncommon,EX
Tauboga,88/165,Uncommon,EX
Quaputzi,89/165,Uncommon,EX
Pupitar,90/165,Uncommon,EX
Igelavar,91/165,Uncommon,EX
Schillok,92/165,Uncommon,EX
Abra,93/165,Common,EX
Bisasam,94/165,Common,EX
Bisasam,95/165,Common,EX
Raupy,96/165,Common,EX
Glumanda,97/165,Common,EX
Glumanda,98/165,Common,EX
Endivie,99/165,Common,EX
Endivie,100/165,Common,EX
Piepi,101/165,Common,EX
Corasonn,102/165,Common,EX
Tragosso,103/165,Common,EX
Feurigel,104/165,Common,EX
Feurigel,105/165,Common,EX
Digda,106/165,Common,EX
Dratini,107/165,Common,EX
Rettan,108/165,Common,EX
Nebulak,109/165,Common,EX
Kleinstein,110/165,Common,EX
Goldini,111/165,Common,EX
Hoppspross,112/165,Common,EX
Hunduster,113/165,Common,EX
Smogon,114/165,Common,EX
Krabby,115/165,Common,EX
Larvitar,116/165,Common,EX
Machollo,117/165,Common,EX
Karpador,118/165,Common,EX
Voltilamm,119/165,Common,EX
Marill,120/165,Common,EX
Mauzi,121/165,Common,EX
Myrapla,122/165,Common,EX
Taubsi,123/165,Common,EX
Pikachu,124/165,Common,EX
Quapsel,125/165,Common,EX
Ponita,126/165,Common,EX
Baldorfish,127/165,Common,EX
Rattfratz,128/165,Common,EX
Muschas,129/165,Common,EX
Habitak,130/165,Common,EX
Schiggy,131/165,Common,EX
Schiggy,132/165,Common,EX
Tauros,133/165,Common,EX
Karnimani,134/165,Common,EX
Karnimani,135/165,Common,EX
Vulpix,136/165,Common,EX
Bills Wartung,137/165,Uncommon,EX
Nachahmerin,138/165,Uncommon,EX
Dual Ball*,139/165,Uncommon,EX
Energie-Absauger 2,140/165,Uncommon,EX
Energiewiederherstellung,141/165,Uncommon,EX
Mary's Impulse*,142/165,Uncommon,EX
Meisterball,143/165,Uncommon,EX
Vielzweckmaschine 01,144/165,Uncommon,EX
Pokémon-Krankenschwester,145/165,Uncommon,EX
Pokémon-Umkehrung,146/165,Uncommon,EX
Energieaufladung,147/165,Uncommon,EX
Professor Linds Trainingsmethoden,148/165,Uncommon,EX
Professor Eichs Nachforschunge,149/165,Uncommon,EX
Stärkeamulett,150/165,Uncommon,EX
Super-Anziehungskraft,151/165,Uncommon,EX
Verkrümmungspunkt,152/165,Uncommon,EX
Energiesuche,153/165,Common,EX
Hyperheiler,154/165,Common,EX
Kuhmuh-Milch,155/165,Common,EX
Trank,156/165,Common,EX
Tausch,157/165,Common,EX
Finsternis-Energie,158/165,Rare,EX
Metall-Energie,159/165,Rare,EX
Kampfenergie,160/165,,EX
Feuerenergie,161/165,,EX
Pflanzenenergie,162/165,,EX
Elektroenergie,163/165,,EX
Psychoenergie,164/165,,EX
Wasserenergie,165/165,,EX
Aerodactyl,1/144,Rare,SK
Simsala,2/144,Rare,SK
Arkani,3/144,Rare,SK
Arktos,4/144,Rare,SK
Bibor,5/144,Rare,SK
Iksbat,6/144,Rare,SK
Jugong,7/144,Rare,SK
Flamara,8/144,Rare,SK
Forstellka,9/144,Rare,SK
Gengar,10/144,Rare,SK
Garados,11/144,Rare,SK
Hundemon,12/144,Rare,SK
Blitza,13/144,Rare,SK
Kabutops,14/144,Rare,SK
Ledian,15/144,Rare,SK
Machomei,16/144,Rare,SK
Magcargo,17/144,Rare,SK
Magcargo,18/144,Rare,SK
Magneton,19/144,Rare,SK
Magneton,20/144,Rare,SK
Lavados,21/144,Rare,SK
Nidoqueen,22/144,Rare,SK
Amoroso,23/144,Rare,SK
Keifel,24/144,Rare,SK
Quaxo,25/144,Rare,SK
Quappo,26/144,Rare,SK
Raichu,27/144,Rare,SK
Raikou,28/144,Rare,SK
Rizeros,29/144,Rare,SK
Starmie,30/144,Rare,SK
Stahlos,31/144,Rare,SK
Nachtara,32/144,Rare,SK
Aquana,33/144,Rare,SK
Knuddeluff,34/144,Rare,SK
Xatu,35/144,Rare,SK
Lektrobal,36/144,Uncommon,SK
Kabuto,37/144,Uncommon,SK
Maschock,38/144,Uncommon,SK
Traunfugil,39/144,Uncommon,SK
Noctuh,40/144,Uncommon,SK
Amonitas,41/144,Uncommon,SK
Snobilikat,42/144,Uncommon,SK
Keifel,43/144,Uncommon,SK
Starmie,44/144,Uncommon,SK
Woingenau,45/144,Uncommon,SK
Abra,46/144,Common,SK
Vergrabenes Fossil,47/144,Common,SK
Pii,48/144,Common,SK
Botogel,49/144,Common,SK
Digda,50/144,Common,SK
Ditto,51/144,Common,SK
Digdri,52/144,Common,SK
Dummisel,53/144,Common,SK
Evoli,54/144,Common,SK
Porenta,55/144,Common,SK
Forstellka,56/144,Common,SK
Nebulak,57/144,Common,SK
Girafarig,58/144,Common,SK
Skorgla,59/144,Common,SK
Golbat,60/144,Common,SK
Granbull,61/144,Common,SK
Fukano,62/144,Common,SK
Alpollo,63/144,Common,SK
Skaraborn,64/144,Common,SK
Hoothoot,65/144,Common,SK
Hunduster,66/144,Common,SK
Fluffeluff,67/144,Common,SK
Pummeluff,68/144,Common,SK
Kadabra,69/144,Common,SK
Kokuna,70/144,Common,SK
Lapras,71/144,Common,SK
Ledyba,72/144,Common,SK
Ledyba,73/144,Common,SK
Machollo,74/144,Common,SK
Karpador,75/144,Common,SK
Magnetilo,76/144,Common,SK
Mantax,77/144,Common,SK
Mauzi,78/144,Common,SK
Kramurx,79/144,Common,SK
Natu,80/144,Common,SK
Nidoran W,81/144,Common,SK
Nidoran W,82/144,Common,SK
Nidorina,83/144,Common,SK
Pikachu,84/144,Common,SK
Tannza,85/144,Common,SK
Tannza,86/144,Common,SK
Quapsel,87/144,Common,SK
Quaputzi,88/144,Common,SK
Rattikarl,89/144,Common,SK
Rattfratz,90/144,Common,SK
Rihorn,91/144,Common,SK
Sandan,92/144,Common,SK
Sandamer,93/144,Common,SK
Jurob,94/144,Common,SK
Jurob,95/144,Common,SK
Pottrott,96/144,Common,SK
Panzaeron,97/144,Common,SK
Schneckmag,98/144,Common,SK
Schneckmag,99/144,Common,SK
Relaxo,100/144,Common,SK
Snubbull,101/144,Common,SK
Damhirplex,102/144,Common,SK
Sterndu,103/144,Common,SK
Sterndu,104/144,Common,SK
Sonnflora,105/144,Common,SK
Sonnkern,106/144,Common,SK
Quiekel,107/144,Common,SK
Quiekel,108/144,Common,SK
Teddiursa,109/144,Common,SK
Ursaring,110/144,Common,SK
Omot,111/144,Common,SK
Bluzuk,112/144,Common,SK
Voltobal,113/144,Common,SK
Hornliu,114/144,Common,SK
Hornliu,115/144,Common,SK
Yanma,116/144,Common,SK
Zubat,117/144,Common,SK
Zubat,118/144,Common,SK
Uralte Ruinen,119/144,Uncommon,SK
Antiquitätenjäger,120/144,Uncommon,SK
Aprikoko Hersteller,121/144,Uncommon,SK
Kristallscherbe,122/144,Uncommon,SK
Wüsten -Schamane,123/144,Uncommon,SK
Schneller Ball,124/144,Uncommon,SK
Angler,125/144,Uncommon,SK
Freunde-Ball,126/144,Uncommon,SK
Hyper-Trank,127/144,Uncommon,SK
Köder Ball,128/144,Uncommon,SK
Wunder Sphäre α,129/144,Uncommon,SK
Wunder-Sphäre β,130/144,Uncommon,SK
Wunder-Sphäre γ,131/144,Uncommon,SK
Fata Morgana-Stadion,132/144,Uncommon,SK
Geheimnis-Schild α,133/144,Uncommon,SK
Geheimnis-Schild β,134/144,Uncommon,SK
Geheimnis-Schild γ,135/144,Uncommon,SK
Geheimnis-Schild δ,136/144,Uncommon,SK
Geheimnis-Zone,137/144,Uncommon,SK
Orakel,138/144,Uncommon,SK
Sternenstück,139/144,Uncommon,SK
Expedition ins Unterirdische,140/144,Uncommon,SK
Unterirdischer See,141/144,Uncommon,SK
Abprall-Energie,142/144,Uncommon,SK
Zyklon-Energie,143/144,Uncommon,SK
Retro Energie,144/144,Uncommon,SK
Celebi,145/144,Rare Secret,SK
Glurak,146/144,Rare Secret,SK
Iksbat,147/144,Rare Secret,SK
Geowaz,148/144,Rare Secret,SK
Ho-oh,149/144,Rare Secret,SK
Kabutops,150/144,Rare Secret,SK
Alakazam,H1/144,Rare Holo,SK
Arcanine,H2/144,Rare Holo,SK
Articuno,H3/144,Rare Holo,SK
Beedrill,H4/144,Rare Holo,SK
Crobat,H5/144,Rare Holo,SK
Dewgong,H6/144,Rare Holo,SK
Flareon,H7/144,Rare Holo,SK
Forretress,H8/144,Rare Holo,SK
Gengar,H9/144,Rare Holo,SK
Garados,H10/144,Rare Holo,SK
Hundemon,H11/144,Rare Holo,SK
Blitza,H12/144,Rare Holo,SK
Kabutops,H13/144,Rare Holo,SK
Ledian,H14/144,Rare Holo,SK
Machomei,H15/144,Rare Holo,SK
Magcargo,H16/144,Rare Holo,SK
Magcargo,H17/144,Rare Holo,SK
Magneton,H18/144,Rare Holo,SK
Magneton,H19/144,Rare Holo,SK
Lavados,H20/144,Rare Holo,SK
Nidoqueen,H21/144,Rare Holo,SK
Keifel,H22/144,Rare Holo,SK
Quaxo,H23/144,Rare Holo,SK
Quappo,H24/144,Rare Holo,SK
Raichu,H25/144,Rare Holo,SK
Raikou,H26/144,Rare Holo,SK
Rizeros,H27/144,Rare Holo,SK
Starmie,H28/144,Rare Holo,SK
Stahlos,H29/144,Rare Holo,SK
Nachtara,H30/144,Rare Holo,SK
Aquana,H31/144,Rare Holo,SK
Xatu,H32/144,Rare Holo,SK
Banette,1/100,Rare Holo,CG
Turtok δ,2/100,Rare Holo,CG
Camerupt,3/100,Rare Holo,CG
Glurak δ,4/100,Rare Holo,CG
Digdri,5/100,Rare Holo,CG
Kappalores δ,6/100,Rare Holo,CG
Liebiskus,7/100,Rare Holo,CG
Voltenso,8/100,Rare Holo,CG
Flunkifer,9/100,Rare Holo,CG
Zobiris,10/100,Rare Holo,CG
Schlukwech,11/100,Rare Holo,CG
Tauros,12/100,Rare Holo,CG
Knuddeluff,13/100,Rare Holo,CG
Turtok,14/100,Rare,CG
Noktuska δ,15/100,Rare,CG
Jungglut,16/100,Rare,CG
Zwirrklop,17/100,Rare,CG
Ibitak δ,18/100,Rare,CG
Reptain δ,19/100,Rare,CG
Groink,20/100,Rare,CG
Fluffeluff,21/100,Rare,CG
Kingler δ,22/100,Rare,CG
Krakeelo,23/100,Rare,CG
Moorabbel,24/100,Rare,CG
Meditalis,25/100,Rare,CG
Pelipper δ,26/100,Rare,CG
Sumpex,27/100,Rare,CG
Bisaflor,28/100,Rare,CG
Glutexo,29/100,Uncommon,CG
Glutexo δ,30/100,Uncommon,CG
Jungglut,31/100,Uncommon,CG
Reptain,32/100,Uncommon,CG
Schluppuck,33/100,Uncommon,CG
Bisaknosp,34/100,Uncommon,CG
Bisaknosp,35/100,Uncommon,CG
Stollrak,36/100,Uncommon,CG
Lombrero,37/100,Uncommon,CG
Moorabbel,38/100,Uncommon,CG
Blanas,39/100,Uncommon,CG
Shuppet,40/100,Uncommon,CG
Eneco,41/100,Uncommon,CG
Schillok,42/100,Uncommon,CG
Schillok,43/100,Uncommon,CG
Stollunior,44/100,Common,CG
Bisasam,45/100,Common,CG
Bisasam,46/100,Common,CG
Tuska,47/100,Common,CG
Glumanda,48/100,Common,CG
Glumanda δ,49/100,Common,CG
Digda,50/100,Common,CG
Zwirrlicht,51/100,Common,CG
Frizelbliz,52/100,Common,CG
Pummeluff,53/100,Common,CG
Krabby,54/100,Common,CG
Loturzel,55/100,Common,CG
Meditie,56/100,Common,CG
Hydropi,57/100,Common,CG
Hydropi,58/100,Common,CG
Camaub,59/100,Common,CG
Samurzel,60/100,Common,CG
Habitak,61/100,Common,CG
Spoink,62/100,Common,CG
Schiggy,63/100,Common,CG
Schiggy,64/100,Common,CG
Flemmli,65/100,Common,CG
Flemmli,66/100,Common,CG
Geckarbor,67/100,Common,CG
Geckarbor δ,68/100,Common,CG
Flurmel,69/100,Common,CG
Wingull,70/100,Common,CG
Bills Wartung,71/100,Uncommon,CG
Schiffbrüchiger,72/100,Uncommon,CG
Celios Netzwerk,73/100,Uncommon,CG
Kristall des Stillstandes,74/100,Uncommon,CG
Kristallstrand,75/100,Uncommon,CG
Kristallscherbe,76/100,Uncommon,CG
Doppel Hyperheiler,77/100,Uncommon,CG
Doppelball,78/100,Uncommon,CG
Holon-Kreis,79/100,Uncommon,CG
Erinnerungsbeere,80/100,Uncommon,CG
Mysteriöser Splitter,81/100,Uncommon,CG
Pokéball,82/100,Uncommon,CG
PokéNav,83/100,Uncommon,CG
Wurmloch,84/100,Uncommon,CG
Sturmwind,85/100,Uncommon,CG
Energiesuche,86/100,Common,CG
Trank,87/100,Common,CG
Doppel-Regenbogen-Energie,88/100,Rare,CG
Stolloss-ex,89/100,Rare Holo EX,CG
Lohgock-ex,90/100,Rare Holo EX,CG
Enekoro-ex,91/100,Rare Holo EX,CG
Krawumms-ex,92/100,Rare Holo EX,CG
Groudon-ex,93/100,Rare Holo EX,CG
Jirachi-ex,94/100,Rare Holo EX,CG
Kyogre-ex,95/100,Rare Holo EX,CG
Gewaldro-ex δ,96/100,Rare Holo EX,CG
Tengulist-ex,97/100,Rare Holo EX,CG
Sumpex-ex,98/100,Rare Holo EX,CG
Simsala ☆,99/100,Rare Holo Star,CG
Celebi ☆,100/100,Rare Holo Star,CG
Bibor δ,1/113,Rare Holo,DS
Iksbat δ,2/113,Rare Holo,DS
Dragoran δ,3/113,Rare Holo,DS
Psiana δ,4/113,Rare Holo,DS
Flamara δ,5/113,Rare Holo,DS
Guardevoir δ,6/113,Rare Holo,DS
Blitza δ,7/113,Rare Holo,DS
Latias δ,8/113,Rare Holo,DS
Latios δ,9/113,Rare Holo,DS
Knogga δ,10/113,Rare Holo,DS
Metagross δ,11/113,Rare Holo,DS
Mewtu δ,12/113,Rare Holo,DS
Rayquaza δ,13/113,Rare Holo,DS
Brutalanda δ,14/113,Rare Holo,DS
Starmie δ,15/113,Rare Holo,DS
Despotar δ,16/113,Rare Holo,DS
Nachtara δ,17/113,Rare Holo,DS
Aquana δ,18/113,Rare Holo,DS
Azumarill δ,19/113,Rare,DS
Azurill,20/113,Rare,DS
Holon-Lektrobal,21/113,Rare,DS
Holon-Magneton,22/113,Rare,DS
Hypno,23/113,Rare,DS
Magnayen δ,24/113,Rare,DS
Porygon2,25/113,Rare,DS
Regen-Formeo,26/113,Rare,DS
Sandamer δ,27/113,Rare,DS
Laschoking,28/113,Rare,DS
Schneesturm Formeo,29/113,Rare,DS
Starmie δ,30/113,Rare,DS
Sonnenschein Formeo,31/113,Rare,DS
Schwalboss,32/113,Rare,DS
Smogmog,33/113,Rare,DS
Formeo,34/113,Uncommon,DS
Ditto,35/113,Uncommon,DS
Ditto,36/113,Uncommon,DS
Ditto,37/113,Uncommon,DS
Ditto,38/113,Uncommon,DS
Ditto,39/113,Uncommon,DS
Ditto,40/113,Uncommon,DS
Dragonir δ,41/113,Uncommon,DS
Dragonir δ,42/113,Uncommon,DS
Golbat,43/113,Uncommon,DS
Hariyama,44/113,Uncommon,DS
Illumise,45/113,Uncommon,DS
Kokuna,46/113,Uncommon,DS
Kirlia,47/113,Uncommon,DS
Magneton,48/113,Uncommon,DS
Metang δ,49/113,Uncommon,DS
Snobilikat,50/113,Uncommon,DS
Pupitar δ,51/113,Uncommon,DS
Gallopa,52/113,Uncommon,DS
Draschel δ,53/113,Uncommon,DS
Draschel δ,54/113,Uncommon,DS
Panzaeron,55/113,Uncommon,DS
Volbeat,56/113,Uncommon,DS
Kindwurm δ,57/113,Common,DS
Kindwurm δ,58/113,Common,DS
Tanhel δ,59/113,Common,DS
Tragosso,60/113,Common,DS
Ditto,61/113,Common,DS
Ditto,62/113,Common,DS
Ditto,63/113,Common,DS
Ditto,64/113,Common,DS
Dratini δ,65/113,Common,DS
Dratini δ,66/113,Common,DS
Traumato,67/113,Common,DS
Evoli δ,68/113,Common,DS
Evoli,69/113,Common,DS
Holon-Magnetilo,70/113,Common,DS
Holon-Voltobal,71/113,Common,DS
Smogon,72/113,Common,DS
Larvitar δ,73/113,Common,DS
Magnetilo,74/113,Common,DS
Makuhita,75/113,Common,DS
Marill,76/113,Common,DS
Mauzi,77/113,Common,DS
Ponita,78/113,Common,DS
Fiffyen,79/113,Common,DS
Porygon,80/113,Common,DS
Trasla,81/113,Common,DS
Sandan,82/113,Common,DS
Flegmon,83/113,Common,DS
Sterndu,84/113,Common,DS
Sterndu,85/113,Common,DS
Schwalbini,86/113,Common,DS
Hornliu,87/113,Common,DS
Zubat,88/113,Common,DS
Doppelter Ball,89/113,Uncommon,DS
Superball,90/113,Uncommon,DS
Holon-Bauer,91/113,Uncommon,DS
Holon-Mädel,92/113,Uncommon,DS
Holon-Lehrer,93/113,Uncommon,DS
Holon-Forschungsturm,94/113,Uncommon,DS
Holon-Forscher,95/113,Uncommon,DS
Holon-Ruinen,96/113,Uncommon,DS
Holon-Wissenschaftler,97/113,Uncommon,DS
Holon-Funkgerät,98/113,Uncommon,DS
Meisterball,99/113,Uncommon,DS
Super-Anziehungskraft,100/113,Uncommon,DS
Trank,101/113,Common,DS
Tausch,102/113,Common,DS
Finsternis-Energie,103/113,Rare,DS
Holon-Energie FK,104/113,Rare,DS
Holon-Energie PE,105/113,Rare,DS
Holon-Energie WP,106/113,Rare,DS
Metallenergie,107/113,Rare,DS
Flamara-ex,108/113,Rare Holo EX,DS
Blitza-ex,109/113,Rare Holo EX,DS
Aquana-ex,110/113,Rare Holo EX,DS
Groudon *,111/113,Rare Holo Star,DS
Kyogre *,112/113,Rare Holo Star,DS
Metagross *,113/113,Rare Holo Star,DS
Azumarill,114/113,Rare Secret,DS
Altaria,1/107,Rare Holo,DX
Papinella,2/107,Rare Holo,DX
Kapilz,3/107,Rare Holo,DX
Camerupt,4/107,Rare Holo,DX
Lepumentas,5/107,Rare Holo,DX
Krebutack,6/107,Rare Holo,DX
Zwirrklop,7/107,Rare Holo,DX
Garados,8/107,Rare Holo,DX
Jirachi,9/107,Rare Holo,DX
Kappalores,10/107,Rare Holo,DX
Metagross,11/107,Rare Holo,DX
Magnayen,12/107,Rare Holo,DX
Ninjask,13/107,Rare Holo,DX
Ninjatom,14/107,Rare Holo,DX
Letarking,15/107,Rare Holo,DX
Deoxys,16/107,Rare,DX
Deoxys,17/107,Rare,DX
Deoxys,18/107,Rare,DX
Kappalores,19/107,Rare,DX
Magcargo,20/107,Rare,DX
Pelipper,21/107,Rare,DX
Rayquaza,22/107,Rare,DX
Zobiris,23/107,Rare,DX
Golking,24/107,Rare,DX
Tengulist,25/107,Rare,DX
Panzaeron,26/107,Rare,DX
Tropius,27/107,Rare,DX
Welsar,28/107,Rare,DX
Xatu,29/107,Rare,DX
Donphan,30/107,Uncommon,DX
Golbat,31/107,Uncommon,DX
Groink,32/107,Uncommon,DX
Lombrero,33/107,Uncommon,DX
Lombrero,34/107,Uncommon,DX
Loturzel,35/107,Uncommon,DX
Lunastein,36/107,Uncommon,DX
Magcargo,37/107,Uncommon,DX
Voltenso,38/107,Uncommon,DX
Maskeregen,39/107,Uncommon,DX
Metang,40/107,Uncommon,DX
Minun,41/107,Uncommon,DX
Nasgnet,42/107,Uncommon,DX
Blanas,43/107,Uncommon,DX
Plusle,44/107,Uncommon,DX
Draschel,45/107,Uncommon,DX
Schaloko,46/107,Uncommon,DX
Sonnfel,47/107,Uncommon,DX
Starmie,48/107,Uncommon,DX
Schwalboss,49/107,Uncommon,DX
Muntier,50/107,Uncommon,DX
Smogmog,51/107,Uncommon,DX
Kindwurm,52/107,Common,DX
Puppance,53/107,Common,DX
Schmerbe,54/107,Common,DX
Tanhel,55/107,Common,DX
Kanivanha,56/107,Common,DX
Krebscorps,57/107,Common,DX
Zwirrlicht,58/107,Common,DX
Frizelbliz,59/107,Common,DX
Frizelbliz,60/107,Common,DX
Goldini,61/107,Common,DX
Smogon,62/107,Common,DX
Loturzel,63/107,Common,DX
Karpador,64/107,Common,DX
Makuhita,65/107,Common,DX
Natu,66/107,Common,DX
Nincada,67/107,Common,DX
Camaub,68/107,Common,DX
Phanpy,69/107,Common,DX
Fiffyen,70/107,Common,DX
Samurzel,71/107,Common,DX
Knilz,72/107,Common,DX
Bummelz,73/107,Common,DX
Schneckmag,74/107,Common,DX
Schneckmag,75/107,Common,DX
Spoink,76/107,Common,DX
Sterndu,77/107,Common,DX
Gehweiher,78/107,Common,DX
Wablu,79/107,Common,DX
Schwalbini,80/107,Common,DX
Wingull,81/107,Common,DX
Waumpel,82/107,Common,DX
Zubat,83/107,Common,DX
Balloon Berry*,84/107,Uncommon,DX
Kristallscherbe,85/107,Uncommon,DX
Energieaufladung,86/107,Uncommon,DX
Lady Outing,87/107,Uncommon,DX
Meisterball,88/107,Uncommon,DX
Meteorfälle,89/107,Uncommon,DX
Professor Kosmos Entdeckung,90/107,Uncommon,DX
Space Center*,91/107,Uncommon,DX
Stärkeamulett,92/107,Uncommon,DX
Antriebs-Energie,93/107,Uncommon,DX
Heilungs-Energie,94/107,Uncommon,DX
Misch-Energie,95/107,Uncommon,DX
Iksbat-ex,96/107,Rare Holo EX,DX
Deoxys-ex,97/107,Rare Holo EX,DX
Deoxys-ex,98/107,Rare Holo EX,DX
Deoxys-ex,99/107,Rare Holo EX,DX
Hariyama-ex,100/107,Rare Holo EX,DX
Voltenso-ex,101/107,Rare Holo EX,DX
Rayquaza-ex,102/107,Rare Holo EX,DX
Brutalanda-ex,103/107,Rare Holo EX,DX
Tohaido-ex,104/107,Rare Holo EX,DX
Latias ☆,105/107,Rare Holo Star,DX
Latios ☆,106/107,Rare Holo Star,DX
Rayquaza ☆,107/107,Rare Holo Star,DX
Rockets Raikou-ex,108/107,Rare Secret,DX
Ampharos δ,1/101,Rare Holo,DF
Impergator δ,2/101,Rare Holo,DF
Skaraborn δ,3/101,Rare Holo,DF
Meganie δ,4/101,Rare Holo,DF
Milotic δ,5/101,Rare Holo,DF
Nidoking δ,6/101,Rare Holo,DF
Nidoqueen δ,7/101,Rare Holo,DF
Vulnona δ,8/101,Rare Holo,DF
Pinsir δ,9/101,Rare Holo,DF
Relaxo δ,10/101,Rare Holo,DF
Togetic δ,11/101,Rare Holo,DF
Tornupto δ,12/101,Rare Holo,DF
Arbok δ,13/101,Rare,DF
Austos δ,14/101,Rare,DF
Jugong δ,15/101,Rare,DF
Skorgla δ,16/101,Rare,DF
Rossana δ,17/101,Rare,DF
Ledian δ,18/101,Rare,DF
Schlurp δ,19/101,Rare,DF
Mantax δ,20/101,Rare,DF
Morlord δ,21/101,Rare,DF
Seemon δ,22/101,Rare,DF
Tropius δ,23/101,Rare,DF
Vibrava δ,24/101,Rare,DF
Xatu δ,25/101,Rare,DF
Lorblatt δ,26/101,Uncommon,DF
Tyracroc δ,27/101,Uncommon,DF
Dragonir δ,28/101,Uncommon,DF
Elektek δ,29/101,Uncommon,DF
Waaty δ,30/101,Uncommon,DF
Seeper δ,31/101,Uncommon,DF
Kirlia,32/101,Uncommon,DF
Kirlia δ,33/101,Uncommon,DF
Nidorina δ,34/101,Uncommon,DF
Nidorino δ,35/101,Uncommon,DF
Igelavar δ,36/101,Uncommon,DF
Seemon δ,37/101,Uncommon,DF
Draschel δ,38/101,Uncommon,DF
Farbeagle δ,39/101,Uncommon,DF
Schwalboss δ,40/101,Uncommon,DF
Togepi δ,41/101,Uncommon,DF
Vibrava δ,42/101,Uncommon,DF
Kindwurm δ,43/101,Common,DF
Endivie δ,44/101,Common,DF
Feurigel δ,45/101,Common,DF
Dratini δ,46/101,Common,DF
Rettan δ,47/101,Common,DF
Elekid δ,48/101,Common,DF
Barschwa δ,49/101,Common,DF
Seeper δ,50/101,Common,DF
Larvitar,51/101,Common,DF
Larvitar δ,52/101,Common,DF
Ledyba δ,53/101,Common,DF
Voltilamm δ,54/101,Common,DF
Natu δ,55/101,Common,DF
Nidoran W δ,56/101,Common,DF
Nidoran M δ,57/101,Common,DF
Pupitar,58/101,Common,DF
Pupitar δ,59/101,Common,DF
Trasla,60/101,Common,DF
Trasla δ,61/101,Common,DF
Jurob δ,62/101,Common,DF
Muschas δ,63/101,Common,DF
Kussilla δ,64/101,Common,DF
Wablu δ,65/101,Common,DF
Schwalbini δ,66/101,Common,DF
Karnimani δ,67/101,Common,DF
Knacklion δ,68/101,Common,DF
Knacklion δ,69/101,Common,DF
Vulpix δ,70/101,Common,DF
Felino δ,71/101,Common,DF
Dämpfender Talisman,72/101,Uncommon,DF
Nachahmerin,73/101,Uncommon,DF
Holon-Vermächtnis,74/101,Uncommon,DF
Holon Lehrer,75/101,Uncommon,DF
Insel-Eremit,76/101,Uncommon,DF
Mr. Trumms Projekt,77/101,Uncommon,DF
Angel,78/101,Uncommon,DF
Professor Linds Trainingsmethoden,79/101,Uncommon,DF
Prof. Eichs Nachforschungen,80/101,Uncommon,DF
Stärkeamulett,81/101,Uncommon,DF
TV Reporter,82/101,Uncommon,DF
Tausch,83/101,Common,DF
Holon-Energie FK,84/101,Rare,DF
Holon-Energie PE,85/101,Rare,DF
Holon-Energie WP,86/101,Rare,DF
Antriebs-Energie,87/101,Uncommon,DF
δ Regenbogen-Energie,88/101,Uncommon,DF
Misch-Energie,89/101,Uncommon,DF
Altaria-ex δ,90/101,Rare Holo EX,DF
Dragoran-ex δ,91/101,Rare Holo EX,DF
Libelldra-ex δ,92/101,Rare Holo EX,DF
Guardevoir-ex δ,93/101,Rare Holo EX,DF
Seedraking-ex δ,94/101,Rare Holo EX,DF
Latias-ex δ,95/101,Rare Holo EX,DF
Latios-ex δ,96/101,Rare Holo EX,DF
Rayquaza-ex δ,97/101,Rare Holo EX,DF
Brutalanda-ex δ,98/101,Rare Holo EX,DF
Despotar-ex δ,99/101,Rare Holo EX,DF
Glurak ☆ δ,100/101,Rare Holo Star,DF
Mew ☆ δ,101/101,Rare Holo Star,DF
Absol,1/97,Rare Holo,DR
Altaria,2/97,Rare Holo,DR
Krebutack,3/97,Rare Holo,DR
Libelldra,4/97,Rare Holo,DR
Geowaz,5/97,Rare Holo,DR
Groink,6/97,Rare Holo,DR
Minun,7/97,Rare Holo,DR
Plusle,8/97,Rare Holo,DR
Roselia,9/97,Rare Holo,DR
Brutalanda,10/97,Rare Holo,DR
Ninjatom,11/97,Rare Holo,DR
Qurtel,12/97,Rare Holo,DR
Krebutack,13/97,Rare,DR
Dragonir,14/97,Rare,DR
Libelldra,15/97,Rare,DR
Girafarig,16/97,Rare,DR
Magneton,17/97,Rare,DR
Ninjask,18/97,Rare,DR
Brutalanda,19/97,Rare,DR
Draschel,20/97,Rare,DR
Panzaeron,21/97,Rare,DR
Vibrava,22/97,Rare,DR
Kindwurm,23/97,Uncommon,DR
Camerupt,24/97,Uncommon,DR
Jungglut,25/97,Uncommon,DR
Dratini,26/97,Uncommon,DR
Waaty,27/97,Uncommon,DR
Forstellka,28/97,Uncommon,DR
Georok,29/97,Uncommon,DR
Georok,30/97,Uncommon,DR
Reptain,31/97,Uncommon,DR
Garados,32/97,Uncommon,DR
Seeper,33/97,Uncommon,DR
Hundemon,34/97,Uncommon,DR
Magneton,35/97,Uncommon,DR
Moorabbel,36/97,Uncommon,DR
Meditie,37/97,Uncommon,DR
Ninjask,38/97,Uncommon,DR
Seemon,39/97,Uncommon,DR
Seemon,40/97,Uncommon,DR
Draschel,41/97,Uncommon,DR
Draschel,42/97,Uncommon,DR
Shuppet,43/97,Uncommon,DR
Schneppke,44/97,Uncommon,DR
Schwalboss,45/97,Uncommon,DR
Vibrava,46/97,Uncommon,DR
Vibrava,47/97,Uncommon,DR
Welsar,48/97,Uncommon,DR
Kindwurm,49/97,Common,DR
Kindwurm,50/97,Common,DR
Schmerbe,51/97,Common,DR
Krebscorps,52/97,Common,DR
Krebscorps,53/97,Common,DR
Krebscorps,54/97,Common,DR
Kleinstein,55/97,Common,DR
Kleinstein,56/97,Common,DR
Sleima,57/97,Common,DR
Seeper,58/97,Common,DR
Hunduster,59/97,Common,DR
Karpador,60/97,Common,DR
Magnetilo,61/97,Common,DR
Magnetilo,62/97,Common,DR
Magnetilo,63/97,Common,DR
Voltilamm,64/97,Common,DR
Hydropi,65/97,Common,DR
Nincada,66/97,Common,DR
Nincada,67/97,Common,DR
Nincada,68/97,Common,DR
Camaub,69/97,Common,DR
Camaub,70/97,Common,DR
Tannza,71/97,Common,DR
Schneckmag,72/97,Common,DR
Spoink,73/97,Common,DR
Spoink,74/97,Common,DR
Wablu,75/97,Common,DR
Schwalbini,76/97,Common,DR
Flemmli,77/97,Common,DR
Knacklion,78/97,Common,DR
Knacklion,79/97,Common,DR
Geckarbor,80/97,Common,DR
Waumpel,81/97,Common,DR
Ballonbeere,82/97,Uncommon,DR
Dämpfender Talisman,83/97,Uncommon,DR
Energie Wiederverwertung,84/97,Uncommon,DR
Hochdrucksystem,85/97,Uncommon,DR
Tiefdrucksystem,86/97,Uncommon,DR
Mr. Bracks Mitgefühl,87/97,Uncommon,DR
TV Reporter,88/97,Uncommon,DR
Ampharos-ex,89/97,Rare Holo EX,DR
Dragoran-ex,90/97,Rare Holo EX,DR
Geowaz-ex,91/97,Rare Holo EX,DR
Seedraking-ex,92/97,Rare Holo EX,DR
Latias-ex,93/97,Rare Holo EX,DR
Latios-ex,94/97,Rare Holo EX,DR
Magcargo-ex,95/97,Rare Holo EX,DR
Sleimok-ex,96/97,Rare Holo EX,DR
Rayquaza-ex,97/97,Rare Holo EX,DR
Glumanda,98/97,Rare Secret,DR
Glutexo,99/97,Rare Secret,DR
Glurak,100/97,Rare Secret,DR
Lohgock,1/106,Rare Holo,EM
Deoxys,2/106,Rare Holo,EM
Krawumms,3/106,Rare Holo,EM
Guardevoir,4/106,Rare Holo,EM
Groudon,5/106,Rare Holo,EM
Kyogre,6/106,Rare Holo,EM
Voltenso,7/106,Rare Holo,EM
Milotic,8/106,Rare Holo,EM
Rayquaza,9/106,Rare Holo,EM
Gewaldro,10/106,Rare Holo,EM
Sumpex,11/106,Rare Holo,EM
Palimpalim,12/106,Rare,EM
Firnontor,13/106,Rare,EM
Groudon,14/106,Rare,EM
Kyogre,15/106,Rare,EM
Voltenso,16/106,Rare,EM
Nasgnet,17/106,Rare,EM
Relicanth,18/106,Rare,EM
Rizeros,19/106,Rare,EM
Vipitis,20/106,Rare,EM
Sengo,21/106,Rare,EM
Kapilz,22/106,Uncommon,EM
Camerupt,23/106,Uncommon,EM
Lepumentas,24/106,Uncommon,EM
Jungglut,25/106,Uncommon,EM
Dodri,26/106,Uncommon,EM
Lektrobal,27/106,Uncommon,EM
Reptain,28/106,Uncommon,EM
Groink,29/106,Uncommon,EM
Groink,30/106,Uncommon,EM
Hariyama,31/106,Uncommon,EM
Illumise,32/106,Uncommon,EM
Kirlia,33/106,Uncommon,EM
Geradaks,34/106,Uncommon,EM
Krakeelo,35/106,Uncommon,EM
Moorabbel,36/106,Uncommon,EM
Minun,37/106,Uncommon,EM
Vulnona,38/106,Uncommon,EM
Plusle,39/106,Uncommon,EM
Schlukwech,40/106,Uncommon,EM
Schwalboss,41/106,Uncommon,EM
Volbeat,42/106,Uncommon,EM
Puppance,43/106,Common,EM
Tuska,44/106,Common,EM
Dodu,45/106,Common,EM
Zwirrlicht,46/106,Common,EM
Frizelbliz,47/106,Common,EM
Frizelbliz,48/106,Common,EM
Barschwa,49/106,Common,EM
Barschwa,50/106,Common,EM
Schluppuck,51/106,Common,EM
Larvitar,52/106,Common,EM
Liebiskus,53/106,Common,EM
Makuhita,54/106,Common,EM
Meditie,55/106,Common,EM
Hydropi,56/106,Common,EM
Camaub,57/106,Common,EM
Camaub,58/106,Common,EM
Pichu,59/106,Common,EM
Pikachu,60/106,Common,EM
Trasla,61/106,Common,EM
Rihorn,62/106,Common,EM
Knilz,63/106,Common,EM
Schneppke,64/106,Common,EM
Spoink,65/106,Common,EM
Spoink,66/106,Common,EM
Wablu,67/106,Common,EM
Schwalbini,68/106,Common,EM
Flemmli,69/106,Common,EM
Geckarbor,70/106,Common,EM
Voltobal,71/106,Common,EM
Vulpix,72/106,Common,EM
Flurmel,73/106,Common,EM
Zigzachs,74/106,Common,EM
Kampfzone,75/106,Uncommon,EM
Doppel Hyperheiler,76/106,Uncommon,EM
Lanette's Internet Suche,77/106,Uncommon,EM
Prunusbeere,78/106,Uncommon,EM
Mr. Trumms Projekt,79/106,Uncommon,EM
Oran Berry*,80/106,Uncommon,EM
PokéNav,81/106,Uncommon,EM
Professor Birk,82/106,Uncommon,EM
Sonderbonbon,83/106,Uncommon,EM
Scott,84/106,Uncommon,EM
Heikos Training,85/106,Uncommon,EM
Finsternis-Energie,86/106,Rare,EM
Doppelte Regenbogen Energie,87/106,Rare,EM
Metall-Energie,88/106,Rare,EM
Multi-Energie,89/106,Rare,EM
Altaria-ex,90/106,Rare Holo EX,EM
Noktuska-ex,91/106,Rare Holo EX,EM
Camerupt-ex,92/106,Rare Holo EX,EM
Deoxys-ex,93/106,Rare Holo EX,EM
Zwirrklop-ex,94/106,Rare Holo EX,EM
Meditalis-ex,95/106,Rare Holo EX,EM
Milotic-ex,96/106,Rare Holo EX,EM
Raichu-ex,97/106,Rare Holo EX,EM
Regice-ex,98/106,Rare Holo EX,EM
Regirock-ex,99/106,Rare Holo EX,EM
Registeel-ex,100/106,Rare Holo EX,EM
Pflanzenenergie,101/106,Rare Holo,EM
Feuerenergie,102/106,Rare Holo,EM
Wasserenergie,103/106,Rare Holo,EM
Elektroenergie,104/106,Rare Holo,EM
Psychoenergie,105/106,Rare Holo,EM
Kampfenergie,106/106,Rare Holo,EM
Porenta,107/106,Rare Secret,EM
Arcanine,1/12,,TK2M
Charmander,2/12,,TK2M
Charmeleon,3/12,Uncommon,TK2M
Growlithe,4/12,,TK2M
Mareep,5/12,,TK2M
Minun,6/12,,TK2M
Vulpix,7/12,,TK2M
Celio's Network,8/12,,TK2M
Energy Search,9/12,,TK2M
Potion,10/12,,TK2M
Fire Energy,11/12,,TK2M
Lightning Energy,12/12,,TK2M
Beldum,1/12,,TK2P
Electrike,2/12,,TK2P
Grumpig,3/12,,TK2P
Meowth,4/12,,TK2P
Metang,5/12,,TK2P
Plusle,6/12,,TK2P
Spoink,7/12,,TK2P
Energy Search,8/12,,TK2P
Potion,9/12,,TK2P
Professor Cozmo's Discovery,10/12,,TK2P
Lightning Energy,11/12,,TK2P
Psychic Energy,12/12,,TK2P
Kindwurm,1/10,,TK1A
Jungglut,2/10,,TK1A
Enekoro,3/10,,TK1A
Latias,4/10,,TK1A
Camaub,5/10,,TK1A
Eneco,6/10,,TK1A
Flemmli,7/10,,TK1A
Trank,8/10,,TK1A
Energiesuche,9/10,,TK1A
Feuer-Energie,10/10,,TK1A
Frizelbliz,1/10,,TK1O
Latios,2/10,,TK1O
Geradaks,3/10,,TK1O
Magnetilo,4/10,,TK1O
Magneton,5/10,,TK1O
Pikachu,6/10,,TK1O
Zigzachs,7/10,,TK1O
Trank,8/10,,TK1O
Energiesuche,9/10,,TK1O
Elektro-Energie,10/10,,TK1O
Bibor,1/112,Rare Holo,RG
Smettbo,2/112,Rare Holo,RG
Jugong,3/112,Rare Holo,RG
Ditto,4/112,Rare Holo,RG
Kokowei,5/112,Rare Holo,RG
Kangama,6/112,Rare Holo,RG
Knogga,7/112,Rare Holo,RG
Nidoking,8/112,Rare Holo,RG
Nidoqueen,9/112,Rare Holo,RG
Tauboss,10/112,Rare Holo,RG
Quappo,11/112,Rare Holo,RG
Raichu,12/112,Rare Holo,RG
Gallopa,13/112,Rare Holo,RG
Lahmus,14/112,Rare Holo,RG
Relaxo,15/112,Rare Holo,RG
Tauros,16/112,Rare Holo,RG
Sarzenia,17/112,Rare Holo,RG
Arkani,18/112,Rare,RG
Chaneira,19/112,Rare,RG
Austos,20/112,Rare,RG
Dodri,21/112,Rare,RG
Digdri,22/112,Rare,RG
Porenta,23/112,Rare,RG
Ibitak,24/112,Rare,RG
Hypno,25/112,Rare,RG
Kingler,26/112,Rare,RG
Magneton,27/112,Rare,RG
Rasaff,28/112,Rare,RG
Sichlor,29/112,Rare,RG
Tangela,30/112,Rare,RG
Glutexo,31/112,Uncommon,RG
Traumato,32/112,Uncommon,RG
Owei,33/112,Uncommon,RG
Alpollo,34/112,Uncommon,RG
Bisaknosp,35/112,Uncommon,RG
Kokuna,36/112,Uncommon,RG
Schlurp,37/112,Uncommon,RG
Menki,38/112,Uncommon,RG
Safcon,39/112,Uncommon,RG
Nidorina,40/112,Uncommon,RG
Nidorino,41/112,Uncommon,RG
Onix,42/112,Uncommon,RG
Parasek,43/112,Uncommon,RG
Snobilikat,44/112,Uncommon,RG
Tauboga,45/112,Uncommon,RG
Quaputzi,46/112,Uncommon,RG
Porygon,47/112,Uncommon,RG
Rattikarl,48/112,Uncommon,RG
Omot,49/112,Uncommon,RG
Schillok,50/112,Uncommon,RG
Ultrigaria,51/112,Uncommon,RG
Knuddeluff,52/112,Uncommon,RG
Knofensa,53/112,Common,RG
Bisasam,54/112,Common,RG
Bisasam,55/112,Common,RG
Raupy,56/112,Common,RG
Glumanda,57/112,Common,RG
Glumanda,58/112,Common,RG
Piepi,59/112,Common,RG
Tragosso,60/112,Common,RG
Digda,61/112,Common,RG
Dodu,62/112,Common,RG
Nebulak,63/112,Common,RG
Fukano,64/112,Common,RG
Pummeluff,65/112,Common,RG
Krabby,66/112,Common,RG
Karpador,67/112,Common,RG
Magnetilo,68/112,Common,RG
Mauzi,69/112,Common,RG
Nidoran W,70/112,Common,RG
Nidoran M,71/112,Common,RG
Paras,72/112,Common,RG
Taubsi,73/112,Common,RG
Pikachu,74/112,Common,RG
Quapsel,75/112,Common,RG
Ponita,76/112,Common,RG
Rattfratz,77/112,Common,RG
Jurob,78/112,Common,RG
Muschas,79/112,Common,RG
Flegmon,80/112,Common,RG
Habitak,81/112,Common,RG
Schiggy,82/112,Common,RG
Schiggy,83/112,Common,RG
Bluzuk,84/112,Common,RG
Voltobal,85/112,Common,RG
Hornliu,86/112,Common,RG
Bills Wartung,87/112,Uncommon,RG
Celios Netzwerk,88/112,Uncommon,RG
Energie-Absauger 2,89/112,Uncommon,RG
Energie-Umschalter,90/112,Uncommon,RG
EP-Teiler,91/112,Uncommon,RG
Superball,92/112,Uncommon,RG
Lebenskräuter,93/112,Uncommon,RG
Mondberg,94/112,Uncommon,RG
Pokéball,95/112,Uncommon,RG
PokéDex HANDY909,96/112,Uncommon,RG
Pokémon-Umkehrung,97/112,Uncommon,RG
Professor Eichs Nachforschunge,98/112,Uncommon,RG
Super-Anziehungskraft,99/112,Uncommon,RG
Kampffahnder,100/112,Uncommon,RG
Trank,101/112,Common,RG
Tausch,102/112,Common,RG
Multi-Energie,103/112,Rare,RG
Turtok-ex,104/112,Rare Holo EX,RG
Glurak-ex,105/112,Rare Holo EX,RG
Pixi-ex,106/112,Rare Holo EX,RG
Lektrobal-ex,107/112,Rare Holo EX,RG
Gengar-ex,108/112,Rare Holo EX,RG
Garados-ex,109/112,Rare Holo EX,RG
Pantimos-ex,110/112,Rare Holo EX,RG
Pantimos-ex,111/112,Rare Holo EX,RG
Bisaflor-ex,112/112,Rare Holo EX,RG
Glumanda,113/112,Rare Secret,RG
Arktos-ex,114/112,Rare Secret,RG
Lavados-ex,115/112,Rare Secret,RG
Zapdos-ex,116/112,Rare Secret,RG
Banette,1/101,Rare Holo,HL
Claydol,2/101,Rare Holo,HL
Crobat,3/101,Rare Holo,HL
Dark Celebi,4/101,Rare Holo,HL
Electrode,5/101,Rare Holo,HL
Exploud,6/101,Rare Holo,HL
Heracross,7/101,Rare Holo,HL
Jirachi,8/101,Rare Holo,HL
Machamp,9/101,Rare Holo,HL
Medicham,10/101,Rare Holo,HL
Metagross,11/101,Rare Holo,HL
Milotic,12/101,Rare Holo,HL
Pinsir,13/101,Rare Holo,HL
Shiftry,14/101,Rare Holo,HL
Walrein,15/101,Rare Holo,HL
Bellossom,16/101,Rare,HL
Chimecho,17/101,Rare,HL
Gorebyss,18/101,Rare,HL
Huntail,19/101,Rare,HL
Masquerain,20/101,Rare,HL
Metang,21/101,Rare,HL
Ninetales,22/101,Rare,HL
Rain Castform,23/101,Rare,HL
Relicanth,24/101,Rare,HL
Snow-cloud Castform,25/101,Rare,HL
Sunny Castform,26/101,Rare,HL
Tropius,27/101,Rare,HL
Beldum,28/101,Uncommon,HL
Beldum,29/101,Uncommon,HL
Castform,30/101,Uncommon,HL
Claydol,31/101,Uncommon,HL
Corsola,32/101,Uncommon,HL
Dodrio,33/101,Uncommon,HL
Glalie,34/101,Uncommon,HL
Gloom,35/101,Uncommon,HL
Golbat,36/101,Uncommon,HL
Igglybuff,37/101,Uncommon,HL
Lanturn,38/101,Uncommon,HL
Loudred,39/101,Uncommon,HL
Luvdisc,40/101,Uncommon,HL
Machoke,41/101,Uncommon,HL
Medicham,42/101,Uncommon,HL
Metang,43/101,Uncommon,HL
Metang,44/101,Uncommon,HL
Nuzleaf,45/101,Uncommon,HL
Rhydon,46/101,Uncommon,HL
Sealeo,47/101,Uncommon,HL
Spinda,48/101,Uncommon,HL
Starmie,49/101,Uncommon,HL
Swalot,50/101,Uncommon,HL
Tentacruel,51/101,Uncommon,HL
Baltoy,52/101,Common,HL
Baltoy,53/101,Common,HL
Beldum,54/101,Common,HL
Chikorita,55/101,Common,HL
Chinchou,56/101,Common,HL
Chinchou,57/101,Common,HL
Clamperl,58/101,Common,HL
Cyndaquil,59/101,Common,HL
Doduo,60/101,Common,HL
Feebas,61/101,Common,HL
Gulpin,62/101,Common,HL
Jigglypuff,63/101,Common,HL
Machop,64/101,Common,HL
Meditite,65/101,Common,HL
Meditite,66/101,Common,HL
Minun,67/101,Common,HL
Oddish,68/101,Common,HL
Plusle,69/101,Common,HL
Rhyhorn,70/101,Common,HL
Seedot,71/101,Common,HL
Shuppet,72/101,Common,HL
Snorunt,73/101,Common,HL
Spheal,74/101,Common,HL
Staryu,75/101,Common,HL
Surskit,76/101,Common,HL
Tentacool,77/101,Common,HL
Togepi,78/101,Common,HL
Totodile,79/101,Common,HL
Voltorb,80/101,Common,HL
Vulpix,81/101,Common,HL
Whismur,82/101,Common,HL
Zubat,83/101,Common,HL
Ancient Technical Machine [Ice],84/101,Uncommon,HL
Ancient Technical Machine [Rock],85/101,Uncommon,HL
Ancient Technical Machine [Steel],86/101,Uncommon,HL
Ancient Tomb,87/101,Uncommon,HL
Desert Ruins,88/101,Uncommon,HL
Island Cave,89/101,Uncommon,HL
Life Herb,90/101,Uncommon,HL
Magnetic Storm,91/101,Uncommon,HL
Steven's Advice,92/101,Uncommon,HL
Groudon ex,93/101,Rare Holo EX,HL
Kyogre ex,94/101,Rare Holo EX,HL
Metagross ex,95/101,Rare Holo EX,HL
Ninetales ex,96/101,Rare Holo EX,HL
Regice ex,97/101,Rare Holo EX,HL
Regirock ex,98/101,Rare Holo EX,HL
Registeel ex,99/101,Rare Holo EX,HL
Vileplume ex,100/101,Rare Holo EX,HL
Wigglytuff ex,101/101,Rare Holo EX,HL
Groudon,102/101,Rare Secret,HL
Armaldo δ,1/110,Rare Holo,HP
Wielie δ,2/110,Rare Holo,HP
Deoxys δ,3/110,Rare Holo,HP
Deoxys δ,4/110,Rare Holo,HP
Deoxys δ,5/110,Rare Holo,HP
Deoxys δ,6/110,Rare Holo,HP
Libelldra δ,7/110,Rare Holo,HP
Garados δ,8/110,Rare Holo,HP
Kabutops δ,9/110,Rare Holo,HP
Seedraking δ,10/110,Rare Holo,HP
Latias δ,11/110,Rare Holo,HP
Latios δ,12/110,Rare Holo,HP
Amoroso δ,13/110,Rare Holo,HP
Tauboss δ,14/110,Rare Holo,HP
Raichu δ,15/110,Rare Holo,HP
Rayquaza δ,16/110,Rare Holo,HP
Giflor δ,17/110,Rare Holo,HP
Absol,18/110,Rare,HP
Blubella δ,19/110,Rare,HP
Lohgock,20/110,Rare,HP
Latias δ,21/110,Rare,HP
Latios δ,22/110,Rare,HP
Flunkifer,23/110,Rare,HP
Mewtu δ,24/110,Rare,HP
Nasgnet,25/110,Rare,HP
Rayquaza δ,26/110,Rare,HP
Regice,27/110,Rare,HP
Regirock,28/110,Rare,HP
Registeel,29/110,Rare,HP
Relicanth,30/110,Rare,HP
Zobiris,31/110,Rare,HP
Vipitis,32/110,Rare,HP
Qurtel,33/110,Rare,HP
Sengo,34/110,Rare,HP
Aerodactyl δ,35/110,Uncommon,HP
Camerupt,36/110,Uncommon,HP
Palimpalim δ,37/110,Uncommon,HP
Lepumentas,38/110,Uncommon,HP
Jungglut,39/110,Uncommon,HP
Donphan,40/110,Uncommon,HP
Kokowei δ,41/110,Uncommon,HP
Duflor δ,42/110,Uncommon,HP
Entoron δ,43/110,Uncommon,HP
Holon-Formeo,44/110,Uncommon,HP
Stollrak,45/110,Uncommon,HP
Voltenso,46/110,Uncommon,HP
Maskeregen,47/110,Uncommon,HP
Snobilikat δ,48/110,Uncommon,HP
Tauboga δ,49/110,Uncommon,HP
Rasaff δ,50/110,Uncommon,HP
Raichu,51/110,Uncommon,HP
Seemon δ,52/110,Uncommon,HP
Tohaido δ,53/110,Uncommon,HP
Vibrava δ,54/110,Uncommon,HP
Welsar,55/110,Uncommon,HP
Woingenau,56/110,Uncommon,HP
Anorith δ,57/110,Common,HP
Stollunior,58/110,Common,HP
Puppance,59/110,Common,HP
Schmerbe,60/110,Common,HP
Kanivanha δ,61/110,Common,HP
Krebscorps,62/110,Common,HP
Krebscorps,63/110,Common,HP
Frizelbliz,64/110,Common,HP
Owei δ,65/110,Common,HP
Seeper δ,66/110,Common,HP
Kabuto δ,67/110,Common,HP
Liliep δ,68/110,Common,HP
Karpador δ,69/110,Common,HP
Menki δ,70/110,Common,HP
Mauzi δ,71/110,Common,HP
Camaub,72/110,Common,HP
Myrapla δ,73/110,Common,HP
Amonitas δ,74/110,Common,HP
Phanpy,75/110,Common,HP
Pichu δ,76/110,Common,HP
Taubsi δ,77/110,Common,HP
Pikachu,78/110,Common,HP
Pikachu δ,79/110,Common,HP
Fiffyen,80/110,Common,HP
Enton δ,81/110,Common,HP
Gehweiher,82/110,Common,HP
Flemmli,83/110,Common,HP
Knacklion δ,84/110,Common,HP
Holon-Abenteurer,85/110,Uncommon,HP
Holon-Fossil,86/110,Uncommon,HP
Holon-See,87/110,Uncommon,HP
Mr. Trumms Projekt,88/110,Uncommon,HP
Professor Kosmos Entdeckung,89/110,Uncommon,HP
Sonderbonbon,90/110,Uncommon,HP
Klauenfossil,91/110,Common,HP
Geheimnis-Fossil,92/110,Common,HP
Wurzelfossil,93/110,Common,HP
Finsternis-Energie,94/110,Rare,HP
Metall-Energie,95/110,Rare,HP
Multi-Energie,96/110,Rare,HP
Finstere Metall-Energie,97/110,Uncommon,HP
δ Regenbogen-Energie,98/110,Uncommon,HP
Krebutack-ex,99/110,Rare Holo EX,HP
Mew-ex,100/110,Rare Holo EX,HP
Magnayen-ex,101/110,Rare Holo EX,HP
Garados ☆ δ,102/110,Rare Holo Star,HP
Mewtu *,103/110,Rare Holo Star,HP
Pikachu *,104/110,Rare Holo Star,HP
Pflanzenenergie,105/110,Rare Holo,HP
Feuerenergie,106/110,Rare Holo,HP
Wasserenergie,107/110,Rare Holo,HP
Elektroenergie,108/110,Rare Holo,HP
Psychoenergie,109/110,Rare Holo,HP
Kampfenergie,110/110,Rare Holo,HP
Mew,111/110,Rare Secret,HP
Aerodactyl,1/92,Rare Holo,LM
Stolloss,2/92,Rare Holo,LM
Wielie,3/92,Rare Holo,LM
Enekoro,4/92,Rare Holo,LM
Gengar,5/92,Rare Holo,LM
Geowaz,6/92,Rare Holo,LM
Kabutops,7/92,Rare Holo,LM
Lapras,8/92,Rare Holo,LM
Machomei,9/92,Rare Holo,LM
Mew,10/92,Rare Holo,LM
Sleimok,11/92,Rare Holo,LM
Tengulist,12/92,Rare Holo,LM
Sarzenia,13/92,Rare Holo,LM
Wailord,14/92,Rare Holo,LM
Absol,15/92,Rare,LM
Girafarig,16/92,Rare,LM
Saganabyss,17/92,Rare,LM
Aalabyss,18/92,Rare,LM
Lanturn,19/92,Rare,LM
Lunastein,20/92,Rare,LM
Magmar,21/92,Rare,LM
Magneton,22/92,Rare,LM
Amoroso,23/92,Rare,LM
Pinsir,24/92,Rare,LM
Sonnfel,25/92,Rare,LM
Pandir,26/92,Rare,LM
Qurtel,27/92,Rare,LM
Woingenau,28/92,Rare,LM
Anorith,29/92,Uncommon,LM
Panekon,30/92,Uncommon,LM
Dummisel,31/92,Uncommon,LM
Lektrobal,32/92,Uncommon,LM
Wiesenior,33/92,Uncommon,LM
Georok,34/92,Uncommon,LM
Alpollo,35/92,Uncommon,LM
Kabuto,36/92,Uncommon,LM
Kecleon,37/92,Uncommon,LM
Stollrak,38/92,Uncommon,LM
Maschock,39/92,Uncommon,LM
Traunfugil,40/92,Uncommon,LM
Blanas,41/92,Uncommon,LM
Roselia,42/92,Uncommon,LM
Seejong,43/92,Uncommon,LM
Tangela,44/92,Uncommon,LM
Tentoxa,45/92,Uncommon,LM
Vibrava,46/92,Uncommon,LM
Ultrigaria,47/92,Uncommon,LM
Stollunior,48/92,Common,LM
Knofensa,49/92,Common,LM
Lampi,50/92,Common,LM
Perlu,51/92,Common,LM
Nebulak,52/92,Common,LM
Kleinstein,53/92,Common,LM
Sleima,54/92,Common,LM
Fukano,55/92,Common,LM
Liliep,56/92,Common,LM
Machollo,57/92,Common,LM
Magby,58/92,Common,LM
Magnetilo,59/92,Common,LM
Amonitas,60/92,Common,LM
Samurzel,61/92,Common,LM
Wiesor,62/92,Common,LM
Shuppet,63/92,Common,LM
Eneco,64/92,Common,LM
Seemops,65/92,Common,LM
Tentacha,66/92,Common,LM
Knacklion,67/92,Common,LM
Voltobal,68/92,Common,LM
Wailmer,69/92,Common,LM
Waumpel,70/92,Common,LM
Isso,71/92,Common,LM
Verfluchter Stein,72/92,Uncommon,LM
Feldarbeiter,73/92,Uncommon,LM
Volle Flamme,74/92,Uncommon,LM
Riesiger Baumstumpf,75/92,Uncommon,LM
Energiebaum,76/92,Uncommon,LM
Seltsame Höhle,77/92,Uncommon,LM
Klauenfossil,78/92,Common,LM
Geheimnis-Fossil,79/92,Common,LM
Wurzelfossil,80/92,Common,LM
Regenbogen Energie,81/92,Rare,LM
Reaktions-Energie,82/92,Uncommon,LM
Arkani-ex,83/92,Rare Holo EX,LM
Armaldo-ex,84/92,Rare Holo EX,LM
Banette-ex,85/92,Rare Holo EX,LM
Pudox-ex,86/92,Rare Holo EX,LM
Libelldra-ex,87/92,Rare Holo EX,LM
Mew-ex,88/92,Rare Holo EX,LM
Walraisa-ex,89/92,Rare Holo EX,LM
Regice ☆,90/92,Rare Holo Star,LM
Regirock ☆,91/92,Rare Holo Star,LM
Registeel ☆,92/92,Rare Holo Star,LM
Pikachu δ,93/92,Rare Secret,LM
Stolloss,1/108,Rare Holo,PK
Altaria,2/108,Rare Holo,PK
Armaldo,3/108,Rare Holo,PK
Banette,4/108,Rare Holo,PK
Lohgock,5/108,Rare Holo,PK
Glurak,6/108,Rare Holo,PK
Wielie,7/108,Rare Holo,PK
Enekoro,8/108,Rare Holo,PK
Guardevoir,9/108,Rare Holo,PK
Kabutops,10/108,Rare Holo,PK
Machomei,11/108,Rare Holo,PK
Raichu,12/108,Rare Holo,PK
Letarking,13/108,Rare Holo,PK
Zwirrklop,14/108,Rare,PK
Lanturn,15/108,Rare,PK
Magneton,16/108,Rare,PK
Flunkifer,17/108,Rare,PK
Magnayen,18/108,Rare,PK
Vulnona,19/108,Rare,PK
Amoroso,20/108,Rare,PK
Pichu,21/108,Rare,PK
Zobiris,22/108,Rare,PK
Vipitis,23/108,Rare,PK
Woingenau,24/108,Rare,PK
Sengo,25/108,Rare,PK
Anorith,26/108,Uncommon,PK
Noktuska,27/108,Uncommon,PK
Glutexo,28/108,Uncommon,PK
Jungglut,29/108,Uncommon,PK
Firnontor,30/108,Uncommon,PK
Kirlia,31/108,Uncommon,PK
Stollrak,32/108,Uncommon,PK
Maschock,33/108,Uncommon,PK
Meditalis,34/108,Uncommon,PK
Metang,35/108,Uncommon,PK
Blanas,36/108,Uncommon,PK
Seejong,37/108,Uncommon,PK
Tohaido,38/108,Uncommon,PK
Draschel,39/108,Uncommon,PK
Vibrava,40/108,Uncommon,PK
Muntier,41/108,Uncommon,PK
Stollunior,42/108,Common,PK
Kindwurm,43/108,Common,PK
Puppance,44/108,Common,PK
Tanhel,45/108,Common,PK
Tuska,46/108,Common,PK
Kanivanha,47/108,Common,PK
Glumanda,48/108,Common,PK
Lampi,49/108,Common,PK
Zwirrlicht,50/108,Common,PK
Kabuto,51/108,Common,PK
Liliep,52/108,Common,PK
Machollo,53/108,Common,PK
Magnetilo,54/108,Common,PK
Meditie,55/108,Common,PK
Amonitas,56/108,Common,PK
Pikachu,57/108,Common,PK
Fiffyen,58/108,Common,PK
Trasla,59/108,Common,PK
Samurzel,60/108,Common,PK
Shuppet,61/108,Common,PK
Eneco,62/108,Common,PK
Bummelz,63/108,Common,PK
Schneppke,64/108,Common,PK
Seemops,65/108,Common,PK
Wablu,66/108,Common,PK
Flemmli,67/108,Common,PK
Knacklion,68/108,Common,PK
Vulpix,69/108,Common,PK
Isso,70/108,Common,PK
Kampfzone,71/108,Uncommon,PK
Dragans Stadion,72/108,Uncommon,PK
Energie-Wiederverwertung,73/108,Uncommon,PK
Energie-Absauger 2,74/108,Uncommon,PK
Energie-Umschalter,75/108,Uncommon,PK
Frosinas Stadion,76/108,Uncommon,PK
Superball,77/108,Uncommon,PK
Meisterball,78/108,Uncommon,PK
Antonias Stadion,79/108,Uncommon,PK
Professor Birk,80/108,Uncommon,PK
Scott,81/108,Uncommon,PK
Ulrichs Stadion,82/108,Uncommon,PK
Troys Rat,83/108,Uncommon,PK
Klauenfossil,84/108,Common,PK
Geheimnis-Fossil,85/108,Common,PK
Wurzelfossil,86/108,Common,PK
Finsternis-Energie,87/108,Rare,PK
Metall-Energie,88/108,Rare,PK
Multi-Energie,89/108,Rare,PK
Zyklon-Energie,90/108,Uncommon,PK
Verkrümmungs-Energie,91/108,Uncommon,PK
Absol-ex,92/108,Rare Holo EX,PK
Lepumentas-ex,93/108,Rare Holo EX,PK
Libelldra-ex,94/108,Rare Holo EX,PK
Metagross-ex,95/108,Rare Holo EX,PK
Brutalanda-ex,96/108,Rare Holo EX,PK
Tengulist-ex,97/108,Rare Holo EX,PK
Panzaeron-ex,98/108,Rare Holo EX,PK
Walraisa-ex,99/108,Rare Holo EX,PK
Flamara ☆,100/108,Rare Holo Star,PK
Blitza ☆,101/108,Rare Holo Star,PK
Aquana ☆,102/108,Rare Holo Star,PK
Pflanzenenergie,103/108,Rare Holo,PK
Feuerenergie,104/108,Rare Holo,PK
Wasserenergie,105/108,Rare Holo,PK
Elektroenergie,106/108,Rare Holo,PK
Psychoenergie,107/108,Rare Holo,PK
Kampfenergie,108/108,Rare Holo,PK
Stolloss,1/109,Rare Holo,RS
Papinella,2/109,Rare Holo,RS
Lohgock,3/109,Rare Holo,RS
Camerupt,4/109,Rare Holo,RS
Enekoro,5/109,Rare Holo,RS
Pudox,6/109,Rare Holo,RS
Guardevoir,7/109,Rare Holo,RS
Hariyama,8/109,Rare Holo,RS
Voltenso,9/109,Rare Holo,RS
Magnayen,10/109,Rare Holo,RS
Gewaldro,11/109,Rare Holo,RS
Letarking,12/109,Rare Holo,RS
Sumpex,13/109,Rare Holo,RS
Wailord,14/109,Rare Holo,RS
Lohgock,15/109,Rare,RS
Kapilz,16/109,Rare,RS
Donphan,17/109,Rare,RS
Nasgnet,18/109,Rare,RS
Pelipper,19/109,Rare,RS
Gewaldro,20/109,Rare,RS
Golking,21/109,Rare,RS
Tohaido,22/109,Rare,RS
Sumpex,23/109,Rare,RS
Smogmog,24/109,Rare,RS
Stollunior,25/109,Uncommon,RS
Panekon,26/109,Uncommon,RS
Jungglut,27/109,Uncommon,RS
Jungglut,28/109,Uncommon,RS
Enekoro,29/109,Uncommon,RS
Frizelbliz,30/109,Uncommon,RS
Reptain,31/109,Uncommon,RS
Reptain,32/109,Uncommon,RS
Hariyama,33/109,Uncommon,RS
Kirlia,34/109,Uncommon,RS
Kirlia,35/109,Uncommon,RS
Stollrak,36/109,Uncommon,RS
Stollrak,37/109,Uncommon,RS
Geradaks,38/109,Uncommon,RS
Voltenso,39/109,Uncommon,RS
Moorabbel,40/109,Uncommon,RS
Moorabbel,41/109,Uncommon,RS
Magnayen,42/109,Uncommon,RS
Schaloko,43/109,Uncommon,RS
Eneco,44/109,Uncommon,RS
Bummelz,45/109,Uncommon,RS
Schwalboss,46/109,Uncommon,RS
Muntier,47/109,Uncommon,RS
Wailmer,48/109,Uncommon,RS
Stollunior,49/109,Common,RS
Stollunior,50/109,Common,RS
Kanivanha,51/109,Common,RS
Frizelbliz,52/109,Common,RS
Frizelbliz,53/109,Common,RS
Smogon,54/109,Common,RS
Goldini,55/109,Common,RS
Makuhita,56/109,Common,RS
Makuhita,57/109,Common,RS
Makuhita,58/109,Common,RS
Hydropi,59/109,Common,RS
Hydropi,60/109,Common,RS
Camaub,61/109,Common,RS
Phanpy,62/109,Common,RS
Fiffyen,63/109,Common,RS
Fiffyen,64/109,Common,RS
Fiffyen,65/109,Common,RS
Trasla,66/109,Common,RS
Trasla,67/109,Common,RS
Trasla,68/109,Common,RS
Knilz,69/109,Common,RS
Eneco,70/109,Common,RS
Eneco,71/109,Common,RS
Schwalbini,72/109,Common,RS
Flemmli,73/109,Common,RS
Flemmli,74/109,Common,RS
Geckarbor,75/109,Common,RS
Geckarbor,76/109,Common,RS
Wingull,77/109,Common,RS
Waumpel,78/109,Common,RS
Zigzachs,79/109,Common,RS
Energie-Absauger 2,80/109,Uncommon,RS
Energiewiederherstellung,81/109,Uncommon,RS
Energietausch,82/109,Uncommon,RS
Lady Outing,83/109,Uncommon,RS
Prunusbeere,84/109,Uncommon,RS
Sinelbeere,85/109,Uncommon,RS
Poké Ball,86/109,Uncommon,RS
Pokémon-Umkehrung,87/109,Uncommon,RS
PokéNav,88/109,Uncommon,RS
Professor Birk,89/109,Uncommon,RS
Energiesuche,90/109,Common,RS
Trank,91/109,Common,RS
Tausch,92/109,Common,RS
Finsternis-Energie,93/109,Rare,RS
Metall-Energie,94/109,Rare,RS
Regenbogen Energie,95/109,Rare,RS
Chaneira-ex,96/109,Rare Holo EX,RS
Elektek-ex,97/109,Rare Holo EX,RS
Nockchan-ex,98/109,Rare Holo EX,RS
Lapras-ex,99/109,Rare Holo EX,RS
Magmar-ex,100/109,Rare Holo EX,RS
Mewtu-ex,101/109,Rare Holo EX,RS
Sichlor-ex,102/109,Rare Holo EX,RS
Sniebel-ex,103/109,Rare Holo EX,RS
Pflanzenenergie,104/109,Common,RS
Kampfenergie,105/109,Common,RS
Wasserenergie,106/109,Common,RS
Psychoenergie,107/109,Common,RS
Feuerenergie,108/109,Common,RS
Elektroenergie,109/109,Common,RS
Armaldo,1/100,Rare Holo,SS
Noktuska,2/100,Rare Holo,SS
Wielie,3/100,Rare Holo,SS
Zwirrklop,4/100,Rare Holo,SS
Flamara,5/100,Rare Holo,SS
Blitza,6/100,Rare Holo,SS
Kappalores,7/100,Rare Holo,SS
Lunastein,8/100,Rare Holo,SS
Flunkifer,9/100,Rare Holo,SS
Zobiris,10/100,Rare Holo,SS
Vipitis,11/100,Rare Holo,SS
Tengulist,12/100,Rare Holo,SS
Sonnfel,13/100,Rare Holo,SS
Sengo,14/100,Rare Holo,SS
Arkani,15/100,Rare,SS
Psiana,16/100,Rare,SS
Entoron,17/100,Rare,SS
Kecleon,18/100,Rare,SS
Amoroso,19/100,Rare,SS
Pichu,20/100,Rare,SS
Sandamer,21/100,Rare,SS
Tengulist,22/100,Rare,SS
Stahlos,23/100,Rare,SS
Nachtara,24/100,Rare,SS
Aquana,25/100,Rare,SS
Woingenau,26/100,Rare,SS
Anorith,27/100,Uncommon,SS
Anorith,28/100,Uncommon,SS
Arbok,29/100,Uncommon,SS
Azumarill,30/100,Uncommon,SS
Azurill,31/100,Uncommon,SS
Puppance,32/100,Uncommon,SS
Kapilz,33/100,Uncommon,SS
Enekoro,34/100,Uncommon,SS
Elektek,35/100,Uncommon,SS
Elekid,36/100,Uncommon,SS
Ibitak,37/100,Uncommon,SS
Illumise,38/100,Uncommon,SS
Kabuto,39/100,Uncommon,SS
Kirlia,40/100,Uncommon,SS
Stollrak,41/100,Uncommon,SS
Liliep,42/100,Uncommon,SS
Liliep,43/100,Uncommon,SS
Geradaks,44/100,Uncommon,SS
Lombrero,45/100,Uncommon,SS
Lombrero,46/100,Uncommon,SS
Kramurx,47/100,Uncommon,SS
Blanas,48/100,Uncommon,SS
Blanas,49/100,Uncommon,SS
Pelipper,50/100,Uncommon,SS
Igelavar,51/100,Uncommon,SS
Muntier,52/100,Uncommon,SS
Volbeat,53/100,Uncommon,SS
Isso,54/100,Uncommon,SS
Xatu,55/100,Uncommon,SS
Stollunior,56/100,Common,SS
Tuska,57/100,Common,SS
Tuska,58/100,Common,SS
Feurigel,59/100,Common,SS
Dummisel,60/100,Common,SS
Zwirrlicht,61/100,Common,SS
Zwirrlicht,62/100,Common,SS
Evoli,63/100,Common,SS
Rettan,64/100,Common,SS
Fukano,65/100,Common,SS
Loturzel,66/100,Common,SS
Loturzel,67/100,Common,SS
Marill,68/100,Common,SS
Natu,69/100,Common,SS
Amonitas,70/100,Common,SS
Onix,71/100,Common,SS
Pikachu,72/100,Common,SS
Enton,73/100,Common,SS
Trasla,74/100,Common,SS
Sandan,75/100,Common,SS
Samurzel,76/100,Common,SS
Samurzel,77/100,Common,SS
Knilz,78/100,Common,SS
Eneco,79/100,Common,SS
Bummelz,80/100,Common,SS
Habitak,81/100,Common,SS
Knacklion,82/100,Common,SS
Wailmer,83/100,Common,SS
Wingull,84/100,Common,SS
Zigzachs,85/100,Common,SS
Doppel Hyperheiler,86/100,Uncommon,SS
Lanettes Internetsuche,87/100,Uncommon,SS
Sonderbonbon,88/100,Uncommon,SS
Heikos Training,89/100,Uncommon,SS
Klauenfossil,90/100,Common,SS
Geheimnis-Fossil,91/100,Common,SS
Wurzelfossil,92/100,Common,SS
Multi-Energie,93/100,Rare,SS
Aerodactyl-ex,94/100,Rare Holo EX,SS
Stollos-ex,95/100,Rare Holo EX,SS
Guardevoir-ex,96/100,Rare Holo EX,SS
Kabutops-ex,97/100,Rare Holo EX,SS
Raichu-ex,98/100,Rare Holo EX,SS
Tornupto-ex,99/100,Rare Holo EX,SS
Wailord-ex,100/100,Rare Holo EX,SS
Team Aquas Noktuska,1/95,Rare Holo,MA
Team Aquas Krebutack,2/95,Rare Holo,MA
Team Aquas Kyogre,3/95,Rare Holo,MA
Team Aquas Voltenso,4/95,Rare Holo,MA
Team Aquas Tohaido,5/95,Rare Holo,MA
Team Aquas Walraisa,6/95,Rare Holo,MA
Team Magmas Stolloss,7/95,Rare Holo,MA
Team Magmas Lepumentas,8/95,Rare Holo,MA
Team Magmas Groudon,9/95,Rare Holo,MA
Team Magmas Hundemon,10/95,Rare Holo,MA
Team Magmas Rizeros,11/95,Rare Holo,MA
Team Magmas Qurtel,12/95,Rare Holo,MA
Raichu,13/95,Rare,MA
Team Aquas Krebutack,14/95,Rare,MA
Team Aquas Magnayen,15/95,Rare,MA
Team Aquas Seejong,16/95,Rare,MA
Team Aquas Vipitis,17/95,Rare,MA
Team Aquas Tohaido,18/95,Rare,MA
Team Magmas Camerupt,19/95,Rare,MA
Team Magmas Stollrak,20/95,Rare,MA
Team Magmas Magnayen,21/95,Rare,MA
Team Magmas Rizeros,22/95,Rare,MA
Team Magmas Sengo,23/95,Rare,MA
Team Aquas Tuska,24/95,Uncommon,MA
Team Aquas Kanivanha,25/95,Uncommon,MA
Team Aquas Krebscorps,26/95,Uncommon,MA
Team Aquas Frizelbliz,27/95,Uncommon,MA
Team Aquas Lanturn,28/95,Uncommon,MA
Team Aquas Voltenso,29/95,Uncommon,MA
Team Aquas Magnayen,30/95,Uncommon,MA
Team Aquas Seejong,31/95,Uncommon,MA
Team Magmas Puppance,32/95,Uncommon,MA
Team Magmas Lepumentas,33/95,Uncommon,MA
Team Magmas Hundemon,34/95,Uncommon,MA
Team Magmas Hunduster,35/95,Uncommon,MA
Team Magmas Stollrak,36/95,Uncommon,MA
Team Magmas Magnayen,37/95,Uncommon,MA
Team Magmas Rihorn,38/95,Uncommon,MA
Bisasam,39/95,Common,MA
Tragosso,40/95,Common,MA
Pummeluff,41/95,Common,MA
Mauzi,42/95,Common,MA
Pikachu,43/95,Common,MA
Enton,44/95,Common,MA
Flegmon,45/95,Common,MA
Schiggy,46/95,Common,MA
Team Aquas Kanivanha,47/95,Common,MA
Team Aquas Kanivanha,48/95,Common,MA
Team Aquas Lampi,49/95,Common,MA
Team Aquas Krebscorps,50/95,Common,MA
Team Aquas Krebscorps,51/95,Common,MA
Team Aquas Frizelbliz,52/95,Common,MA
Team Aquas Frizelbliz,53/95,Common,MA
Team Aquas Fiffyen,54/95,Common,MA
Team Aquas Fiffyen,55/95,Common,MA
Team Aquas Seemops,56/95,Common,MA
Team Aquas Seemops,57/95,Common,MA
Team Magmas Stollunior,58/95,Common,MA
Team Magmas Stollunior,59/95,Common,MA
Team Magmas Puppance,60/95,Common,MA
Team Magmas Puppance,61/95,Common,MA
Team Magmas Hunduster,62/95,Common,MA
Team Magmas Hunduster,63/95,Common,MA
Team Magmas Camaub,64/95,Common,MA
Team Magmas Fiffyen,65/95,Common,MA
Team Magmas Fiffyen,66/95,Common,MA
Team Magmas Rihorn,67/95,Common,MA
Team Magmas Rihorn,68/95,Common,MA
Team Aqua Intrigant,69/95,Common,MA
Team Magma Intrigant,70/95,Common,MA
Adrian,71/95,Uncommon,MA
Doppelter Ball,72/95,Uncommon,MA
Marc,73/95,Uncommon,MA
Stärkeamulett,74/95,Uncommon,MA
Team Aqua Ball,75/95,Uncommon,MA
Team Aqua Gürtel,76/95,Uncommon,MA
Team Aqua Verschwörer,77/95,Uncommon,MA
Team Aquas Versteck,78/95,Uncommon,MA
Team Aqua Technical Machine 01,79/95,Uncommon,MA
Team Magma Ball,80/95,Uncommon,MA
Team Magma Gürtel,81/95,Uncommon,MA
Team Magma Verschwörer,82/95,Uncommon,MA
Team Magmas Versteck,83/95,Uncommon,MA
Team Magma Technische Maschine,84/95,Uncommon,MA
Verkrümmungspunkt,85/95,Uncommon,MA
Aqua-Energie,86/95,Uncommon,MA
Magma-Energie,87/95,Uncommon,MA
Doppel-Regenbogen-Energie,88/95,Rare,MA
Lohgock-ex,89/95,Rare Holo EX,MA
Wielie-ex,90/95,Rare Holo EX,MA
Entei-ex,91/95,Rare Holo EX,MA
Raikou-ex,92/95,Rare Holo EX,MA
Gewaldro-ex,93/95,Rare Holo EX,MA
Suicune-ex,94/95,Rare Holo EX,MA
Sumpex-ex,95/95,Rare Holo EX,MA
Absol,96/95,Rare Secret,MA
Jirachi,97/95,Rare Secret,MA
Azumarill,1/109,Rare Holo,TR
Dark Ampharos,2/109,Rare Holo,TR
Dark Crobat,3/109,Rare Holo,TR
Dark Electrode,4/109,Rare Holo,TR
Dark Houndoom,5/109,Rare Holo,TR
Dark Hypno,6/109,Rare Holo,TR
Dark Marowak,7/109,Rare Holo,TR
Dark Octillery,8/109,Rare Holo,TR
Dark Slowking,9/109,Rare Holo,TR
Dark Steelix,10/109,Rare Holo,TR
Jumpluff,11/109,Rare Holo,TR
Kingdra,12/109,Rare Holo,TR
Piloswine,13/109,Rare Holo,TR
Togetic,14/109,Rare Holo,TR
Dark Dragonite,15/109,Rare,TR
Dark Muk,16/109,Rare,TR
Dark Raticate,17/109,Rare,TR
Dark Sandslash,18/109,Rare,TR
Dark Tyranitar,19/109,Rare,TR
Dark Tyranitar,20/109,Rare,TR
Delibird,21/109,Rare,TR
Furret,22/109,Rare,TR
Ledian,23/109,Rare,TR
Magby,24/109,Rare,TR
Misdreavus,25/109,Rare,TR
Quagsire,26/109,Rare,TR
Qwilfish,27/109,Rare,TR
Yanma,28/109,Rare,TR
Dark Arbok,29/109,Uncommon,TR
Dark Ariados,30/109,Uncommon,TR
Dark Dragonair,31/109,Uncommon,TR
Dark Dragonair,32/109,Uncommon,TR
Dark Flaaffy,33/109,Uncommon,TR
Dark Golbat,34/109,Uncommon,TR
Dark Golduck,35/109,Uncommon,TR
Dark Gyarados,36/109,Uncommon,TR
Dark Houndoom,37/109,Uncommon,TR
Dark Magcargo,38/109,Uncommon,TR
Dark Magneton,39/109,Uncommon,TR
Dark Pupitar,40/109,Uncommon,TR
Dark Pupitar,41/109,Uncommon,TR
Dark Weezing,42/109,Uncommon,TR
Heracross,43/109,Uncommon,TR
Magmar,44/109,Uncommon,TR
Mantine,45/109,Uncommon,TR
Rocket's Meowth,46/109,Uncommon,TR
Rocket's Wobbuffet,47/109,Uncommon,TR
Seadra,48/109,Uncommon,TR
Skiploom,49/109,Uncommon,TR
Togepi,50/109,Uncommon,TR
Cubone,51/109,Common,TR
Dratini,52/109,Common,TR
Dratini,53/109,Common,TR
Drowzee,54/109,Common,TR
Ekans,55/109,Common,TR
Grimer,56/109,Common,TR
Hoppip,57/109,Common,TR
Horsea,58/109,Common,TR
Houndour,59/109,Common,TR
Houndour,60/109,Common,TR
Koffing,61/109,Common,TR
Larvitar,62/109,Common,TR
Larvitar,63/109,Common,TR
Ledyba,64/109,Common,TR
Magikarp,65/109,Common,TR
Magnemite,66/109,Common,TR
Mareep,67/109,Common,TR
Marill,68/109,Common,TR
Onix,69/109,Common,TR
Psyduck,70/109,Common,TR
Rattata,71/109,Common,TR
Rattata,72/109,Common,TR
Remoraid,73/109,Common,TR
Sandshrew,74/109,Common,TR
Sentret,75/109,Common,TR
Slowpoke,76/109,Common,TR
Slugma,77/109,Common,TR
Spinarak,78/109,Common,TR
Swinub,79/109,Common,TR
Voltorb,80/109,Common,TR
Wooper,81/109,Common,TR
Zubat,82/109,Common,TR
Copycat,83/109,Uncommon,TR
Pokémon Retriever,84/109,Uncommon,TR
Pow! Hand Extension,85/109,Uncommon,TR
Rocket's Admin.,86/109,Uncommon,TR
Rocket's Hideout,87/109,Uncommon,TR
Rocket's Mission,88/109,Uncommon,TR
Rocket's Poké Ball,89/109,Uncommon,TR
Rocket's Tricky Gym,90/109,Uncommon,TR
Surprise! Time Machine,91/109,Uncommon,TR
Swoop! Teleporter,92/109,Uncommon,TR
Venture Bomb,93/109,Uncommon,TR
Dark Metal Energy,94/109,Uncommon,TR
R Energy,95/109,Uncommon,TR
Rocket's Articuno ex,96/109,Rare Holo EX,TR
Rocket's Entei ex,97/109,Rare Holo EX,TR
Rocket's Hitmonchan ex,98/109,Rare Holo EX,TR
Rocket's Mewtwo ex,99/109,Rare Holo EX,TR
Rocket's Moltres ex,100/109,Rare Holo EX,TR
Rocket's Scizor ex,101/109,Rare Holo EX,TR
Rocket's Scyther ex,102/109,Rare Holo EX,TR
Rocket's Sneasel ex,103/109,Rare Holo EX,TR
Rocket's Snorlax ex,104/109,Rare Holo EX,TR
Rocket's Suicune ex,105/109,Rare Holo EX,TR
Rocket's Zapdos ex,106/109,Rare Holo EX,TR
Mudkip ★,107/109,Rare Holo Star,TR
Torchic ★,108/109,Rare Holo Star,TR
Treecko ★,109/109,Rare Holo Star,TR
Charmeleon,110/109,Rare Secret,TR
Here Comes Team Rocket!,111/109,Rare Secret,TR
Ampharos,1/115,Rare Holo,UF
Ariados,2/115,Rare Holo,UF
Blubella,3/115,Rare Holo,UF
Impergator,4/115,Rare Holo,UF
Flamara,5/115,Rare Holo,UF
Forstellka,6/115,Rare Holo,UF
Hundemon,7/115,Rare Holo,UF
Blitza,8/115,Rare Holo,UF
Meganie,9/115,Rare Holo,UF
Octillery,10/115,Rare Holo,UF
Quappo,11/115,Rare Holo,UF
Porygon2,12/115,Rare Holo,UF
Lahmus,13/115,Rare Holo,UF
Laschoking,14/115,Rare Holo,UF
Mogelbaum,15/115,Rare Holo,UF
Sonnflora,16/115,Rare Holo,UF
Tornupto,17/115,Rare Holo,UF
Ursaring,18/115,Rare Holo,UF
Aquana,19/115,Rare Holo,UF
Chaneira,20/115,Rare,UF
Pii,21/115,Rare,UF
Elektek,22/115,Rare,UF
Elekid,23/115,Rare,UF
Nockchan,24/115,Rare,UF
Kicklee,25/115,Rare,UF
Kapoera,26/115,Rare,UF
Ho-oh,27/115,Rare,UF
Rossana,28/115,Rare,UF
Lugia,29/115,Rare,UF
Kramurx,30/115,Rare,UF
Kussilla,31/115,Rare,UF
Damhirplex,32/115,Rare,UF
Rabauz,33/115,Rare,UF
Griffel,34/115,Uncommon,UF
Lorblatt,35/115,Uncommon,UF
Pixi,36/115,Uncommon,UF
Corasonn,37/115,Uncommon,UF
Tyracroc,38/115,Uncommon,UF
Granbull,39/115,Uncommon,UF
Lanturn,40/115,Uncommon,UF
Magcargo,41/115,Uncommon,UF
Miltank,42/115,Uncommon,UF
Noctuh,43/115,Uncommon,UF
Morlord,44/115,Uncommon,UF
Igelavar,45/115,Uncommon,UF
Sichlor,46/115,Uncommon,UF
Pottrott,47/115,Uncommon,UF
Farbeagle,48/115,Uncommon,UF
Xatu,49/115,Uncommon,UF
Yanma,50/115,Uncommon,UF
Endivie,51/115,Common,UF
Lampi,52/115,Common,UF
Piepi,53/115,Common,UF
Feurigel,54/115,Common,UF
Evoli,55/115,Common,UF
Waaty,56/115,Common,UF
Skorgla,57/115,Common,UF
Duflor,58/115,Common,UF
Hoothoot,59/115,Common,UF
Hunduster,60/115,Common,UF
Larvitar,61/115,Common,UF
Voltilamm,62/115,Common,UF
Natu,63/115,Common,UF
Myrapla,64/115,Common,UF
Onix,65/115,Common,UF
Tannza,66/115,Common,UF
Quapsel,67/115,Common,UF
Quaputzi,68/115,Common,UF
Porygon,69/115,Common,UF
Pupitar,70/115,Common,UF
Remoraid,71/115,Common,UF
Flegmon,72/115,Common,UF
Schneckmag,73/115,Common,UF
Snubbull,74/115,Common,UF
Webarak,75/115,Common,UF
Sonnkern,76/115,Common,UF
Teddiursa,77/115,Common,UF
Karnimani,78/115,Common,UF
Felino,79/115,Common,UF
Verfluchtes Pulver,80/115,Uncommon,UF
Energie Wiederverwertung,81/115,Uncommon,UF
Energy Removal 2*,82/115,Uncommon,UF
Energiewurzel,83/115,Uncommon,UF
Energie-Umschalter,84/115,Uncommon,UF
Fluffige Beere,85/115,Uncommon,UF
Magits Anfrage,86/115,Uncommon,UF
Poké Ball,87/115,Uncommon,UF
Pokémon-Umkehrung,88/115,Uncommon,UF
Professor Linds Trainingsmethoden,89/115,Uncommon,UF
Schützende Kugel,90/115,Uncommon,UF
Tsitrubeere,91/115,Uncommon,UF
Massive Wut,92/115,Uncommon,UF
Wurmloch,93/115,Uncommon,UF
Energiesuche,94/115,Common,UF
Trank,95/115,Common,UF
Darkness Energy*,96/115,Rare,UF
Metal Energy*,97/115,Rare,UF
Antriebs-Energie,98/115,Uncommon,UF
Cyclone Energy*,99/115,Uncommon,UF
Warp Energy*,100/115,Uncommon,UF
Heiteira-ex,101/115,Rare Holo EX,UF
Psiana-ex,102/115,Rare Holo EX,UF
Impergator-ex,103/115,Rare Holo EX,UF
Ho-oh-ex,104/115,Rare Holo EX,UF
Lugia-ex,105/115,Rare Holo EX,UF
Meganie-ex,106/115,Rare Holo EX,UF
Quaxo-ex,107/115,Rare Holo EX,UF
Scherox-ex,108/115,Rare Holo EX,UF
Stahlos-ex,109/115,Rare Holo EX,UF
Tornupto-ex,110/115,Rare Holo EX,UF
Despotar-ex,111/115,Rare Holo EX,UF
Nachtara-ex,112/115,Rare Holo EX,UF
Entei ☆,113/115,Rare Holo Star,UF
Raikou ☆,114/115,Rare Holo Star,UF
Suicune ☆,115/115,Rare Holo Star,UF
Rockets Snobilikat-ex,116/115,Rare Secret,UF
Celebi-ex,117/115,Rare Secret,UF
Unown,A/115,Rare,UF
Unown,B/115,Rare,UF
Unown,C/115,Rare,UF
Unown,D/115,Rare,UF
Unown,E/115,Rare,UF
Unown,F/115,Rare,UF
Unown,G/115,Rare,UF
Unown,H/115,Rare,UF
Unown,I/115,Rare,UF
Unown,J/115,Rare,UF
Unown,K/115,Rare,UF
Unown,L/115,Rare,UF
Unown,M/115,Rare,UF
Unown,N/115,Rare,UF
Unown,O/115,Rare,UF
Unown,P/115,Rare,UF
Unown,Q/115,Rare,UF
Unown,R/115,Rare,UF
Unown,S/115,Rare,UF
Unown,T/115,Rare,UF
Unown,U/115,Rare,UF
Unown,V/115,Rare,UF
Unown,W/115,Rare,UF
Unown,X/115,Rare,UF
Unown,Y/115,Rare,UF
Unown,Z/115,Rare,UF
Unown,!/115,Rare,UF
Unown,?/115,Rare,UF
Blaine's Arcanine,1/132,Rare Holo,G2
Blaine's Charizard,2/132,Rare Holo,G2
Brock's Ninetales,3/132,Rare Holo,G2
Erika's Venusaur,4/132,Rare Holo,G2
Giovanni's Gyarados,5/132,Rare Holo,G2
Giovanni's Machamp,6/132,Rare Holo,G2
Giovanni's Nidoking,7/132,Rare Holo,G2
Giovanni's Persian,8/132,Rare Holo,G2
Koga's Beedrill,9/132,Rare Holo,G2
Koga's Ditto,10/132,Rare Holo,G2
Lt. Surge's Raichu,11/132,Rare Holo,G2
Misty's Golduck,12/132,Rare Holo,G2
Misty's Gyarados,13/132,Rare Holo,G2
Rocket's Mewtwo,14/132,Rare Holo,G2
Rocket's Zapdos,15/132,Rare Holo,G2
Sabrina's Alakazam,16/132,Rare Holo,G2
Blaine,17/132,Rare Holo,G2
Giovanni,18/132,Rare Holo,G2
Koga,19/132,Rare Holo,G2
Sabrina,20/132,Rare Holo,G2
Blaine's Ninetales,21/132,Rare,G2
Brock's Dugtrio,22/132,Rare,G2
Giovanni's Nidoqueen,23/132,Rare,G2
Giovanni's Pinsir,24/132,Rare,G2
Koga's Arbok,25/132,Rare,G2
Koga's Muk,26/132,Rare,G2
Koga's Pidgeotto,27/132,Rare,G2
Lt. Surge's Jolteon,28/132,Rare,G2
Sabrina's Gengar,29/132,Rare,G2
Sabrina's Golduck,30/132,Rare,G2
Blaine's Charmeleon,31/132,Uncommon,G2
Blaine's Dodrio,32/132,Uncommon,G2
Blaine's Rapidash,33/132,Uncommon,G2
Brock's Graveler,34/132,Uncommon,G2
Brock's Primeape,35/132,Uncommon,G2
Brock's Sandslash,36/132,Uncommon,G2
Brock's Vulpix,37/132,Uncommon,G2
Erika's Bellsprout,38/132,Uncommon,G2
Erika's Bulbasaur,39/132,Uncommon,G2
Erika's Clefairy,40/132,Uncommon,G2
Erika's Ivysaur,41/132,Uncommon,G2
Giovanni's Machoke,42/132,Uncommon,G2
Giovanni's Meowth,43/132,Uncommon,G2
Giovanni's Nidorina,44/132,Uncommon,G2
Giovanni's Nidorino,45/132,Uncommon,G2
Koga's Golbat,46/132,Uncommon,G2
Koga's Kakuna,47/132,Uncommon,G2
Koga's Koffing,48/132,Uncommon,G2
Koga's Pidgey,49/132,Uncommon,G2
Koga's Weezing,50/132,Uncommon,G2
Lt. Surge's Eevee,51/132,Uncommon,G2
Lt. Surge's Electrode,52/132,Uncommon,G2
Lt. Surge's Raticate,53/132,Uncommon,G2
Misty's Dewgong,54/132,Uncommon,G2
Sabrina's Haunter,55/132,Uncommon,G2
Sabrina's Hypno,56/132,Uncommon,G2
Sabrina's Jynx,57/132,Uncommon,G2
Sabrina's Kadabra,58/132,Uncommon,G2
Sabrina's Mr. Mime,59/132,Uncommon,G2
Blaine's Charmander,60/132,Common,G2
Blaine's Doduo,61/132,Common,G2
Blaine's Growlithe,62/132,Common,G2
Blaine's Mankey,63/132,Common,G2
Blaine's Ponyta,64/132,Common,G2
Blaine's Rhyhorn,65/132,Common,G2
Blaine's Vulpix,66/132,Common,G2
Brock's Diglett,67/132,Common,G2
Brock's Geodude,68/132,Common,G2
Erika's Jigglypuff,69/132,Common,G2
Erika's Oddish,70/132,Common,G2
Erika's Paras,71/132,Common,G2
Giovanni's Machop,72/132,Common,G2
Giovanni's Magikarp,73/132,Common,G2
Giovanni's Meowth,74/132,Common,G2
Giovanni's Nidoran ♀,75/132,Common,G2
Giovanni's Nidoran ♂,76/132,Common,G2
Koga's Ekans,77/132,Common,G2
Koga's Grimer,78/132,Common,G2
Koga's Koffing,79/132,Common,G2
Koga's Pidgey,80/132,Common,G2
Koga's Tangela,81/132,Common,G2
Koga's Weedle,82/132,Common,G2
Koga's Zubat,83/132,Common,G2
Lt. Surge's Pikachu,84/132,Common,G2
Lt. Surge's Rattata,85/132,Common,G2
Lt. Surge's Voltorb,86/132,Common,G2
Misty's Horsea,87/132,Common,G2
Misty's Magikarp,88/132,Common,G2
Misty's Poliwag,89/132,Common,G2
Misty's Psyduck,90/132,Common,G2
Misty's Seel,91/132,Common,G2
Misty's Staryu,92/132,Common,G2
Sabrina's Abra,93/132,Common,G2
Sabrina's Abra,94/132,Common,G2
Sabrina's Drowzee,95/132,Common,G2
Sabrina's Gastly,96/132,Common,G2
Sabrina's Gastly,97/132,Common,G2
Sabrina's Porygon,98/132,Common,G2
Sabrina's Psyduck,99/132,Common,G2
Blaine,100/132,Rare,G2
Brock's Protection,101/132,Rare,G2
Chaos Gym,102/132,Rare,G2
Erika's Kindness,103/132,Rare,G2
Giovanni,104/132,Rare,G2
Giovanni's Last Resort,105/132,Rare,G2
Koga,106/132,Rare,G2
Lt. Surge's Secret Plan,107/132,Rare,G2
Misty's Wish,108/132,Rare,G2
Resistance Gym,109/132,Rare,G2
Sabrina,110/132,Rare,G2
Blaine's Quiz #2,111/132,Uncommon,G2
Blaine's Quiz #3,112/132,Uncommon,G2
Cinnabar City Gym,113/132,Uncommon,G2
Fuchsia City Gym,114/132,Uncommon,G2
Koga's Ninja Trick,115/132,Uncommon,G2
Master Ball,116/132,Uncommon,G2
Max Revive,117/132,Uncommon,G2
Misty's Tears,118/132,Uncommon,G2
Rocket's Minefield Gym,119/132,Uncommon,G2
Rocket's Secret Experiment,120/132,Uncommon,G2
Sabrina's Psychic Control,121/132,Uncommon,G2
Saffron City Gym,122/132,Uncommon,G2
Viridian City Gym,123/132,Uncommon,G2
Fervor,124/132,Common,G2
Transparent Walls,125/132,Common,G2
Warp Point,126/132,Common,G2
Fighting Energy,127/132,,G2
Fire Energy,128/132,,G2
Grass Energy,129/132,,G2
Lightning Energy,130/132,,G2
Psychic Energy,131/132,,G2
Water Energy,132/132,,G2
Blaine's Moltres,1/132,Rare Holo,G1
Brock's Rhydon,2/132,Rare Holo,G1
Erika's Clefable,3/132,Rare Holo,G1
Erika's Dragonair,4/132,Rare Holo,G1
Erika's Vileplume,5/132,Rare Holo,G1
Lt. Surge's Electabuzz,6/132,Rare Holo,G1
Lt. Surge's Fearow,7/132,Rare Holo,G1
Lt. Surge's Magneton,8/132,Rare Holo,G1
Misty's Seadra,9/132,Rare Holo,G1
Misty's Tentacruel,10/132,Rare Holo,G1
Rocket's Hitmonchan,11/132,Rare Holo,G1
Rocket's Moltres,12/132,Rare Holo,G1
Rocket's Scyther,13/132,Rare Holo,G1
Sabrina's Gengar,14/132,Rare Holo,G1
Brock,15/132,Rare Holo,G1
Erika,16/132,Rare Holo,G1
Lt. Surge,17/132,Rare Holo,G1
Misty,18/132,Rare Holo,G1
The Rocket's Trap,19/132,Rare Holo,G1
Brock's Golem,20/132,Rare,G1
Brock's Onix,21/132,Rare,G1
Brock's Rhyhorn,22/132,Rare,G1
Brock's Sandslash,23/132,Rare,G1
Brock's Zubat,24/132,Rare,G1
Erika's Clefairy,25/132,Rare,G1
Erika's Victreebel,26/132,Rare,G1
Lt. Surge's Electabuzz,27/132,Rare,G1
Lt. Surge's Raichu,28/132,Rare,G1
Misty's Cloyster,29/132,Rare,G1
Misty's Goldeen,30/132,Rare,G1
Misty's Poliwrath,31/132,Rare,G1
Misty's Tentacool,32/132,Rare,G1
Rocket's Snorlax,33/132,Rare,G1
Sabrina's Venomoth,34/132,Rare,G1
Blaine's Growlithe,35/132,Uncommon,G1
Blaine's Kangaskhan,36/132,Uncommon,G1
Blaine's Magmar,37/132,Uncommon,G1
Brock's Geodude,38/132,Uncommon,G1
Brock's Golbat,39/132,Uncommon,G1
Brock's Graveler,40/132,Uncommon,G1
Brock's Lickitung,41/132,Uncommon,G1
Erika's Dratini,42/132,Uncommon,G1
Erika's Exeggcute,43/132,Uncommon,G1
Erika's Exeggutor,44/132,Uncommon,G1
Erika's Gloom,45/132,Uncommon,G1
Erika's Gloom,46/132,Uncommon,G1
Erika's Oddish,47/132,Uncommon,G1
Erika's Weepinbell,48/132,Uncommon,G1
Erika's Weepinbell,49/132,Uncommon,G1
Lt. Surge's Magnemite,50/132,Uncommon,G1
Lt. Surge's Raticate,51/132,Uncommon,G1
Lt. Surge's Spearow,52/132,Uncommon,G1
Misty's Poliwhirl,53/132,Uncommon,G1
Misty's Psyduck,54/132,Uncommon,G1
Misty's Seaking,55/132,Uncommon,G1
Misty's Starmie,56/132,Uncommon,G1
Misty's Tentacool,57/132,Uncommon,G1
Sabrina's Haunter,58/132,Uncommon,G1
Sabrina's Jynx,59/132,Uncommon,G1
Sabrina's Slowbro,60/132,Uncommon,G1
Blaine's Charmander,61/132,Common,G1
Blaine's Growlithe,62/132,Common,G1
Blaine's Ponyta,63/132,Common,G1
Blaine's Tauros,64/132,Common,G1
Blaine's Vulpix,65/132,Common,G1
Brock's Geodude,66/132,Common,G1
Brock's Mankey,67/132,Common,G1
Brock's Mankey,68/132,Common,G1
Brock's Onix,69/132,Common,G1
Brock's Rhyhorn,70/132,Common,G1
Brock's Sandshrew,71/132,Common,G1
Brock's Sandshrew,72/132,Common,G1
Brock's Vulpix,73/132,Common,G1
Brock's Zubat,74/132,Common,G1
Erika's Bellsprout,75/132,Common,G1
Erika's Bellsprout,76/132,Common,G1
Erika's Exeggcute,77/132,Common,G1
Erika's Oddish,78/132,Common,G1
Erika's Tangela,79/132,Common,G1
Lt. Surge's Magnemite,80/132,Common,G1
Lt. Surge's Pikachu,81/132,Common,G1
Lt. Surge's Rattata,82/132,Common,G1
Lt. Surge's Spearow,83/132,Common,G1
Lt. Surge's Voltorb,84/132,Common,G1
Misty's Goldeen,85/132,Common,G1
Misty's Horsea,86/132,Common,G1
Misty's Poliwag,87/132,Common,G1
Misty's Seel,88/132,Common,G1
Misty's Shellder,89/132,Common,G1
Misty's Staryu,90/132,Common,G1
Sabrina's Abra,91/132,Common,G1
Sabrina's Drowzee,92/132,Common,G1
Sabrina's Gastly,93/132,Common,G1
Sabrina's Mr. Mime,94/132,Common,G1
Sabrina's Slowpoke,95/132,Common,G1
Sabrina's Venonat,96/132,Common,G1
Blaine's Quiz #1,97/132,Rare,G1
Brock,98/132,Rare,G1
Charity,99/132,Rare,G1
Erika,100/132,Rare,G1
Lt. Surge,101/132,Rare,G1
Misty,102/132,Rare,G1
No Removal Gym,103/132,Rare,G1
The Rocket's Training Gym,104/132,Rare,G1
Blaine's Last Resort,105/132,Uncommon,G1
Brock's Training Method,106/132,Uncommon,G1
Celadon City Gym,107/132,Uncommon,G1
Cerulean City Gym,108/132,Uncommon,G1
Erika's Maids,109/132,Uncommon,G1
Erika's Perfume,110/132,Uncommon,G1
Good Manners,111/132,Uncommon,G1
Lt. Surge's Treaty,112/132,Uncommon,G1
Minion of Team Rocket,113/132,Uncommon,G1
Misty's Wrath,114/132,Uncommon,G1
Pewter City Gym,115/132,Uncommon,G1
Recall,116/132,Uncommon,G1
Sabrina's ESP,117/132,Uncommon,G1
Secret Mission,118/132,Uncommon,G1
Tickling Machine,119/132,Uncommon,G1
Vermilion City Gym,120/132,Uncommon,G1
Blaine's Gamble,121/132,Common,G1
Energy Flow,122/132,Common,G1
Misty's Duel,123/132,Common,G1
Narrow Gym,124/132,Common,G1
Sabrina's Gaze,125/132,Common,G1
Trash Exchange,126/132,Common,G1
Fighting Energy,127/132,,G1
Fire Energy,128/132,,G1
Grass Energy,129/132,,G1
Lightning Energy,130/132,,G1
Psychic Energy,131/132,,G1
Water Energy,132/132,,G1
Pixi,1/95,Rare Holo,CL
Deoxys,2/95,Rare Holo,CL
Dialga,3/95,Rare Holo,CL
Psiana,4/95,Rare Holo,CL
Forstellka,5/95,Rare Holo,CL
Groudon,6/95,Rare Holo,CL
Garados,7/95,Rare Holo,CL
Kapoera,8/95,Rare Holo,CL
Ho-Oh,9/95,Rare Holo,CL
Hundemon,10/95,Rare Holo,CL
Jirachi,11/95,Rare Holo,CL
Kyogre,12/95,Rare Holo,CL
Folipurba,13/95,Rare Holo,CL
Lucario,14/95,Rare Holo,CL
Lugia,15/95,Rare Holo,CL
Magbrant,16/95,Rare Holo,CL
Vulnona,17/95,Rare Holo,CL
Pachirisu,18/95,Rare Holo,CL
Palkia,19/95,Rare Holo,CL
Rayquaza,20/95,Rare Holo,CL
Farbeagle,21/95,Rare Holo,CL
Nachtara,22/95,Rare Holo,CL
Ampharos,23/95,Rare,CL
Pii,24/95,Rare,CL
Impergator,25/95,Rare,CL
Granbull,26/95,Rare,CL
Meganie,27/95,Rare,CL
Traunmagil,28/95,Rare,CL
Pantimos,29/95,Rare,CL
Tauboss,30/95,Rare,CL
Panzaeron,31/95,Rare,CL
Laschoking,32/95,Rare,CL
Relaxo,33/95,Rare,CL
Tangoloss,34/95,Rare,CL
Tornupto,35/95,Rare,CL
Rabauz,36/95,Rare,CL
Ursaring,37/95,Rare,CL
Smogmog,38/95,Rare,CL
Sengo,39/95,Rare,CL
Lorblatt,40/95,Uncommon,CL
Tyracroc,41/95,Uncommon,CL
Donphan,42/95,Uncommon,CL
Waaty,43/95,Uncommon,CL
Flamara,44/95,Uncommon,CL
Blitza,45/95,Uncommon,CL
Magby,46/95,Uncommon,CL
Pantimimi,47/95,Uncommon,CL
Tauboga,48/95,Uncommon,CL
Igelavar,49/95,Uncommon,CL
Riolu,50/95,Uncommon,CL
Vipitis,51/95,Uncommon,CL
Aquana,52/95,Uncommon,CL
Endivie,53/95,Common,CL
Piepi,54/95,Common,CL
Feurigel,55/95,Common,CL
Evoli,56/95,Common,CL
Nockchan,57/95,Common,CL
Kicklee,58/95,Common,CL
Hunduster,59/95,Common,CL
Smogon,60/95,Common,CL
Karpador,61/95,Common,CL
Magmar,62/95,Common,CL
Voltilamm,63/95,Common,CL
Flunkifer,64/95,Common,CL
Traunfugil,65/95,Common,CL
Phanpy,66/95,Common,CL
Taubsi,67/95,Common,CL
Tannza,68/95,Common,CL
Relicanth,69/95,Common,CL
Flegmon,70/95,Common,CL
Snubbull,71/95,Common,CL
Tangela,72/95,Common,CL
Teddiursa,73/95,Common,CL
Karnimani,74/95,Common,CL
Vulpix,75/95,Common,CL
Cheerleader-Jubel,76/95,Uncommon,CL
Nachahmerin,77/95,Uncommon,CL
Doppelball,78/95,Uncommon,CL
Befragung,79/95,Uncommon,CL
Nirgendwo-Entferner,80/95,Uncommon,CL
Nirgendwo-Welt,81/95,Uncommon,CL
Professor Linds Trainingsmethoden,82/95,Uncommon,CL
Professor Eichs neue Theorie,83/95,Uncommon,CL
Forschungsdaten,84/95,Uncommon,CL
Training des Weisen,85/95,Uncommon,CL
Finsternis-Energie,86/95,Uncommon,CL
Metall-Energie,87/95,Uncommon,CL
Pflanzenenergie,88/95,Common,CL
Feuerenergie,89/95,Common,CL
Wasserenergie,90/95,Common,CL
Elektroenergie,91/95,Common,CL
Psychoenergie,92/95,Common,CL
Kampfenergie,93/95,Common,CL
Finsternis-Energie,94/95,Common,CL
Metall-Energie,95/95,Common,CL
Deoxys,SL1/95,Rare Holo,CL
Dialga,SL2/95,Rare Holo,CL
Entei,SL3/95,Rare Holo,CL
Groudon,SL4/95,Rare Holo,CL
Ho-Oh,SL5/95,Rare Holo,CL
Kyogre,SL6/95,Rare Holo,CL
Lugia,SL7/95,Rare Holo,CL
Palkia,SL8/95,Rare Holo,CL
Raikou,SL9/95,Rare Holo,CL
Rayquaza,SL10/95,Rare Holo,CL
Suicune,SL11/95,Rare Holo,CL
Arkani,1/123,Rare Holo,HS
Azumarill,2/123,Rare Holo,HS
Pixi,3/123,Rare Holo,HS
Garados,4/123,Rare Holo,HS
Kapoera,5/123,Rare Holo,HS
Papungha,6/123,Rare Holo,HS
Vulnona,7/123,Rare Holo,HS
Noctuh,8/123,Rare Holo,HS
Morlord,9/123,Rare Holo,HS
Raichu,10/123,Rare Holo,HS
Pottrott,11/123,Rare Holo,HS
Laschoking,12/123,Rare Holo,HS
Woingenau,13/123,Rare Holo,HS
Ampharos,14/123,Rare,HS
Ariados,15/123,Rare,HS
Smettbo,16/123,Rare,HS
Pii,17/123,Rare,HS
Kokowei,18/123,Rare,HS
Porenta,19/123,Rare,HS
Impergator,20/123,Rare,HS
Wiesenior,21/123,Rare,HS
Granbull,22/123,Rare,HS
Hypno,23/123,Rare,HS
Lapras,24/123,Rare,HS
Ledian,25/123,Rare,HS
Meganie,26/123,Rare,HS
Snobilikat,27/123,Rare,HS
Pichu,28/123,Rare,HS
Sandamer,29/123,Rare,HS
Kussilla,30/123,Rare,HS
Sonnflora,31/123,Rare,HS
Tornupto,32/123,Rare,HS
Rabauz,33/123,Rare,HS
Smogmog,34/123,Rare,HS
Lorblatt,35/123,Uncommon,HS
Heiteira,36/123,Uncommon,HS
Corasonn,37/123,Uncommon,HS
Tyracroc,38/123,Uncommon,HS
Botogel,39/123,Uncommon,HS
Donphan,40/123,Uncommon,HS
Dummisel,41/123,Uncommon,HS
Waaty,42/123,Uncommon,HS
Skaraborn,43/123,Uncommon,HS
Fluffeluff,44/123,Uncommon,HS
Mantax,45/123,Uncommon,HS
Safcon,46/123,Uncommon,HS
Miltank,47/123,Uncommon,HS
Parasek,48/123,Uncommon,HS
Igelavar,49/123,Uncommon,HS
Baldorfish,50/123,Uncommon,HS
Hubelupf,51/123,Uncommon,HS
Lahmus,52/123,Uncommon,HS
Starmie,53/123,Uncommon,HS
Icognito,54/123,Uncommon,HS
Icognito,55/123,Uncommon,HS
Knuddeluff,56/123,Uncommon,HS
Raupy,57/123,Common,HS
Chaneira,58/123,Common,HS
Endivie,59/123,Common,HS
Piepi,60/123,Common,HS
Feurigel,61/123,Common,HS
Traumato,62/123,Common,HS
Owei,63/123,Common,HS
Girafarig,64/123,Common,HS
Fukano,65/123,Common,HS
Hoothoot,66/123,Common,HS
Hoppspross,67/123,Common,HS
Pummeluff,68/123,Common,HS
Rossana,69/123,Common,HS
Smogon,70/123,Common,HS
Ledyba,71/123,Common,HS
Karpador,72/123,Common,HS
Voltilamm,73/123,Common,HS
Marill,74/123,Common,HS
Mauzi,75/123,Common,HS
Paras,76/123,Common,HS
Phanpy,77/123,Common,HS
Pikachu,78/123,Common,HS
Sandan,79/123,Common,HS
Wiesor,80/123,Common,HS
Flegmon,81/123,Common,HS
Snubbull,82/123,Common,HS
Webarak,83/123,Common,HS
Sterndu,84/123,Common,HS
Sonnkern,85/123,Common,HS
Karnimani,86/123,Common,HS
Vulpix,87/123,Common,HS
Felino,88/123,Common,HS
Bill,89/123,Uncommon,HS
Nachahmerin,90/123,Uncommon,HS
Energie-Umschalter,91/123,Uncommon,HS
Angler,92/123,Uncommon,HS
Hyperheiler,93/123,Uncommon,HS
Kuhmuh-Milch,94/123,Uncommon,HS
Pokéball,95/123,Uncommon,HS
Pokécom 3.0,96/123,Uncommon,HS
Pokémon-Sammler,97/123,Uncommon,HS
Pokémon-Kommunikation,98/123,Uncommon,HS
Pokémon-Umkehrung,99/123,Uncommon,HS
Professor Linds Trainingsmethoden,100/123,Uncommon,HS
Professor Eichs neue Theorie,101/123,Uncommon,HS
Tausch,102/123,Uncommon,HS
Doppel-Farblos-Energie,103/123,Uncommon,HS
Regenbogen-Energie,104/123,Uncommon,HS
Ampharos,105/123,Rare Prime,HS
Heiteira,106/123,Rare Prime,HS
Donphan,107/123,Rare Prime,HS
Impergator,108/123,Rare Prime,HS
Meganie,109/123,Rare Prime,HS
Tornupto,110/123,Rare Prime,HS
Ho-Oh LEGENDE,111/123,LEGEND,HS
Ho-Oh LEGENDE,112/123,LEGEND,HS
Lugia LEGENDE,113/123,LEGEND,HS
Lugia LEGENDE,114/123,LEGEND,HS
Pflanzenenergie,115/123,Common,HS
Feuerenergie,116/123,Common,HS
Wasserenergie,117/123,Common,HS
Elektroenergie,118/123,Common,HS
Psychoenergie,119/123,Common,HS
Kampfenergie,120/123,Common,HS
Finsternis-Energie,121/123,Common,HS
Metall-Energie,122/123,Common,HS
Garados,123/123,Rare Holo,HS
Alph Lithograph,ONE/123,Rare Secret,HS
Ho-Oh,HGSS01/25,Promo,HSP
Lugia,HGSS02/25,Promo,HSP
Pikachu,HGSS03/25,Promo,HSP
Wobbuffet,HGSS04/25,Promo,HSP
Hoothoot,HGSS05/25,Promo,HSP
Noctowl,HGSS06/25,Promo,HSP
Feraligatr,HGSS07/25,Promo,HSP
Meganium,HGSS08/25,Promo,HSP
Typhlosion,HGSS09/25,Promo,HSP
Latias,HGSS10/25,Promo,HSP
Latios,HGSS11/25,Promo,HSP
Cleffa,HGSS12/25,Promo,HSP
Smoochum,HGSS13/25,Promo,HSP
Lapras,HGSS14/25,Promo,HSP
Shuckle,HGSS15/25,Promo,HSP
Plusle,HGSS16/25,Promo,HSP
Minun,HGSS17/25,Promo,HSP
Tropical Tidal Wave,HGSS18/25,Promo,HSP
Raikou,HGSS19/25,Promo,HSP
Entei,HGSS20/25,Promo,HSP
Suicune,HGSS21/25,Promo,HSP
Porygon,HGSS22/25,Promo,HSP
Porygon2,HGSS23/25,Promo,HSP
Hitmonchan,HGSS24/25,Promo,HSP
Hitmonlee,HGSS25/25,Promo,HSP
Stolloss,1/102,Rare Holo,TM
Altaria,2/102,Rare Holo,TM
Celebi,3/102,Rare Holo,TM
Piondragi,4/102,Rare Holo,TM
Mamutel,5/102,Rare Holo,TM
Nidoking,6/102,Rare Holo,TM
Porygon-Z,7/102,Rare Holo,TM
Gallopa,8/102,Rare Holo,TM
Sonnfel,9/102,Rare Holo,TM
Kryppuk,10/102,Rare Holo,TM
Omot,11/102,Rare Holo,TM
Sarzenia,12/102,Rare Holo,TM
Ambidiffel,13/102,Rare,TM
Banette,14/102,Rare,TM
Bronzong,15/102,Rare,TM
Venuflibis,16/102,Rare,TM
Ditto,17/102,Rare,TM
Dragoran,18/102,Rare,TM
Digdri,19/102,Rare,TM
Elevoltek,20/102,Rare,TM
Elekid,21/102,Rare,TM
Entoron,22/102,Rare,TM
Groink,23/102,Rare,TM
Zirpeise,24/102,Rare,TM
Lunastein,25/102,Rare,TM
Machomei,26/102,Rare,TM
Magbrant,27/102,Rare,TM
Nidoqueen,28/102,Rare,TM
Tauboss,29/102,Rare,TM
Tohaido,30/102,Rare,TM
Wailord,31/102,Rare,TM
Dragonir,32/102,Uncommon,TM
Elektek,33/102,Uncommon,TM
Lektrobal,34/102,Uncommon,TM
Alpollo,35/102,Uncommon,TM
Kangama,36/102,Uncommon,TM
Stollrak,37/102,Uncommon,TM
Schlurplek,38/102,Uncommon,TM
Liebiskus,39/102,Uncommon,TM
Maschock,40/102,Uncommon,TM
Magby,41/102,Uncommon,TM
Magmar,42/102,Uncommon,TM
Magneton,43/102,Uncommon,TM
Knogga,44/102,Uncommon,TM
Nidorina,45/102,Uncommon,TM
Nidorino,46/102,Uncommon,TM
Tauboga,47/102,Uncommon,TM
Keifel,48/102,Uncommon,TM
Porygon2,49/102,Uncommon,TM
Tentoxa,50/102,Uncommon,TM
Icognito,51/102,Uncommon,TM
Wailmer,52/102,Uncommon,TM
Ultrigaria,53/102,Uncommon,TM
Yanmega,54/102,Uncommon,TM
Griffel,55/102,Common,TM
Stollunior,56/102,Common,TM
Knofensa,57/102,Common,TM
Bronzel,58/102,Common,TM
Kanivanha,59/102,Common,TM
Tragosso,60/102,Common,TM
Digda,61/102,Common,TM
Dratini,62/102,Common,TM
Nebulak,63/102,Common,TM
Illumise,64/102,Common,TM
Zirpurze,65/102,Common,TM
Schlurp,66/102,Common,TM
Machollo,67/102,Common,TM
Magnetilo,68/102,Common,TM
Nidoran w,69/102,Common,TM
Nidoran m,70/102,Common,TM
Taubsi,71/102,Common,TM
Ponita,72/102,Common,TM
Porygon,73/102,Common,TM
Enton,74/102,Common,TM
Shuppet,75/102,Common,TM
Pionskora,76/102,Common,TM
Spoink,77/102,Common,TM
Wablu,78/102,Common,TM
Quiekel,79/102,Common,TM
Tentacha,80/102,Common,TM
Bluzuk,81/102,Common,TM
Volbeat,82/102,Common,TM
Voltobal,83/102,Common,TM
Yanma,84/102,Common,TM
Schwarzgurt,85/102,Uncommon,TM
Indigo Plateau,86/102,Uncommon,TM
Müllgreifer,87/102,Uncommon,TM
Fahnder,88/102,Uncommon,TM
Zwillinge,89/102,Uncommon,TM
Berge-Energie,90/102,Uncommon,TM
Absol,91/102,Rare Prime,TM
Celebi,92/102,Rare Prime,TM
Lektrobal,93/102,Rare Prime,TM
Gengar,94/102,Rare Prime,TM
Machomei,95/102,Rare Prime,TM
Magnezone,96/102,Rare Prime,TM
Mew,97/102,Rare Prime,TM
Yanmega,98/102,Rare Prime,TM
Darkrai & Cresselia LEGENDE,99/102,LEGEND,TM
Darkrai & Cresselia LEGENDE,100/102,LEGEND,TM
Palkia & Dialga LEGENDE,101/102,LEGEND,TM
Palkia & Dialga LEGENDE,102/102,LEGEND,TM
Alph Lithograph,FOUR/102,Rare Secret,TM
Blubella,1/90,Rare Holo,UD
Psiana,2/90,Rare Holo,UD
Forstellka,3/90,Rare Holo,UD
Skorgro,4/90,Rare Holo,UD
Hundemon,5/90,Rare Holo,UD
Magcargo,6/90,Rare Holo,UD
Scherox,7/90,Rare Holo,UD
Farbeagle,8/90,Rare Holo,UD
Togekiss,9/90,Rare Holo,UD
Nachtara,10/90,Rare Holo,UD
Dodri,11/90,Rare,UD
Drifzepeli,12/90,Rare,UD
Forstellka,13/90,Rare,UD
Hariyama,14/90,Rare,UD
Kramshef,15/90,Rare,UD
Kramshef,16/90,Rare,UD
Folipurba,17/90,Rare,UD
Metagross,18/90,Rare,UD
Traunmagil,19/90,Rare,UD
Rotom,20/90,Rare,UD
Panzaeron,21/90,Rare,UD
Tropius,22/90,Rare,UD
Honweisel,23/90,Rare,UD
Giflor,24/90,Rare,UD
Snibunna,25/90,Rare,UD
Flamara,26/90,Uncommon,UD
Duflor,27/90,Uncommon,UD
Blitza,28/90,Uncommon,UD
Stollrak,29/90,Uncommon,UD
Metang,30/90,Uncommon,UD
Sleimok,31/90,Uncommon,UD
Pinsir,32/90,Uncommon,UD
Raichu,33/90,Uncommon,UD
Rattikarl,34/90,Uncommon,UD
Zobiris,35/90,Uncommon,UD
Sichlor,36/90,Uncommon,UD
Skunktank,37/90,Uncommon,UD
Lahmus,38/90,Uncommon,UD
Togetic,39/90,Uncommon,UD
Icognito,40/90,Uncommon,UD
Aquana,41/90,Uncommon,UD
Stollunior,42/90,Common,UD
Tanhel,43/90,Common,UD
Wadribie,44/90,Common,UD
Dodu,45/90,Common,UD
Driftlon,46/90,Common,UD
Evoli,47/90,Common,UD
Evoli,48/90,Common,UD
Skorgla,49/90,Common,UD
Sleima,50/90,Common,UD
Nockchan,51/90,Common,UD
Kicklee,52/90,Common,UD
Hunduster,53/90,Common,UD
Hunduster,54/90,Common,UD
Makuhita,55/90,Common,UD
Flunkifer,56/90,Common,UD
Traunfugil,57/90,Common,UD
Kramurx,58/90,Common,UD
Kramurx,59/90,Common,UD
Myrapla,60/90,Common,UD
Pikachu,61/90,Common,UD
Tannza,62/90,Common,UD
Tannza,63/90,Common,UD
Rattfratz,64/90,Common,UD
Sichlor,65/90,Common,UD
Flegmon,66/90,Common,UD
Schneckmag,67/90,Common,UD
Sniebel,68/90,Common,UD
Skunkapuh,69/90,Common,UD
Togepi,70/90,Common,UD
Turmruine,71/90,Uncommon,UD
Defender,72/90,Uncommon,UD
Energieaustausch,73/90,Uncommon,UD
Blumenfrau,74/90,Uncommon,UD
Legendenkiste,75/90,Uncommon,UD
Alph-Ruinen,76/90,Uncommon,UD
Training des Weisen,77/90,Uncommon,UD
Team Rockets Trickserei,78/90,Uncommon,UD
Finsternis-Energie,79/90,Uncommon,UD
Metall-Energie,80/90,Uncommon,UD
Psiana,81/90,Rare Prime,UD
Hundemon,82/90,Rare Prime,UD
Raichu,83/90,Rare Prime,UD
Scherox,84/90,Rare Prime,UD
Laschoking,85/90,Rare Prime,UD
Nachtara,86/90,Rare Prime,UD
Kyogre & Groudon LEGENDE,87/90,LEGEND,UD
Kyogre & Groudon LEGENDE,88/90,LEGEND,UD
Rayquaza & Deoxys LEGENDE,89/90,LEGEND,UD
Rayquaza & Deoxys LEGENDE,90/90,LEGEND,UD
Alph Lithograph,THREE/90,Rare Secret,UD
Jirachi,1/95,Rare Holo,UL
Magbrant,2/95,Rare Holo,UL
Manaphy,3/95,Rare Holo,UL
Metagross,4/95,Rare Holo,UL
Traunmagil,5/95,Rare Holo,UL
Octillery,6/95,Rare Holo,UL
Quaxo,7/95,Rare Holo,UL
Shaymin,8/95,Rare Holo,UL
Mogelbaum,9/95,Rare Holo,UL
Chelterrar,10/95,Rare Holo,UL
Xatu,11/95,Rare Holo,UL
Bibor,12/95,Rare,UL
Turtok,13/95,Rare,UL
Iksbat,14/95,Rare,UL
Ibitak,15/95,Rare,UL
Bojelin,16/95,Rare,UL
Seedraking,17/95,Rare,UL
Lanturn,18/95,Rare,UL
Lucario,19/95,Rare,UL
Vulnona,20/95,Rare,UL
Quappo,21/95,Rare,UL
Rasaff,22/95,Rare,UL
Roserade,23/95,Rare,UL
Stahlos,24/95,Rare,UL
Qurtel,25/95,Rare,UL
Despotar,26/95,Rare,UL
Ursaring,27/95,Rare,UL
Kinoso,28/95,Uncommon,UL
Dummisel,29/95,Uncommon,UL
Golbat,30/95,Uncommon,UL
Chelcarain,31/95,Uncommon,UL
Kokuna,32/95,Uncommon,UL
Metang,33/95,Uncommon,UL
Minun,34/95,Uncommon,UL
Camaub,35/95,Uncommon,UL
Plusle,36/95,Uncommon,UL
Quaputzi,37/95,Uncommon,UL
Pupitar,38/95,Uncommon,UL
Pupitar,39/95,Uncommon,UL
Seemon,40/95,Uncommon,UL
Tauros,41/95,Uncommon,UL
Schillok,42/95,Uncommon,UL
Griffel,43/95,Common,UL
Tanhel,44/95,Common,UL
Bamelin,45/95,Common,UL
Venuflibis,46/95,Common,UL
Kikugi,47/95,Common,UL
Lampi,48/95,Common,UL
Seeper,49/95,Common,UL
Larvitar,50/95,Common,UL
Larvitar,51/95,Common,UL
Magmar,52/95,Common,UL
Menki,53/95,Common,UL
Traunfugil,54/95,Common,UL
Natu,55/95,Common,UL
Onix,56/95,Common,UL
Onix,57/95,Common,UL
Quapsel,58/95,Common,UL
Remoraid,59/95,Common,UL
Riolu,60/95,Common,UL
Roselia,61/95,Common,UL
Habitak,62/95,Common,UL
Schiggy,63/95,Common,UL
Damhirplex,64/95,Common,UL
Teddiursa,65/95,Common,UL
Tropius,66/95,Common,UL
Chelast,67/95,Common,UL
Vulpix,68/95,Common,UL
Hornliu,69/95,Common,UL
Zubat,70/95,Common,UL
Cheerleader-Jubel,71/95,Uncommon,UL
Doppelball,72/95,Uncommon,UL
MCs Geschwätz,73/95,Uncommon,UL
Energie-Rückgewinnung,74/95,Uncommon,UL
Ingenieurkniffe,75/95,Uncommon,UL
Gute Angel,76/95,Uncommon,UL
Befragung,77/95,Uncommon,UL
Richter,78/95,Uncommon,UL
Lebenskräuter,79/95,Uncommon,UL
PlusPower,80/95,Uncommon,UL
Pokémon-Kreislauf,81/95,Uncommon,UL
Sonderbonbon,82/95,Uncommon,UL
Super-Anziehungskraft,83/95,Uncommon,UL
Iksbat,84/95,Rare Prime,UL
Seedraking,85/95,Rare Prime,UL
Lanturn,86/95,Rare Prime,UL
Stahlos,87/95,Rare Prime,UL
Despotar,88/95,Rare Prime,UL
Ursaring,89/95,Rare Prime,UL
Entei & Raikou LEGENDE,90/95,LEGEND,UL
Entei & Raikou LEGENDE,91/95,LEGEND,UL
Raikou & Suicune LEGENDE,92/95,LEGEND,UL
Raikou & Suicune LEGENDE,93/95,LEGEND,UL
Suicune & Entei LEGENDE,94/95,LEGEND,UL
Suicune & Entei LEGENDE,95/95,LEGEND,UL
Alph Lithograph,TWO/95,Rare Secret,UL
Erikas Myrapla,1/217,Common,ASC
Erikas Duflor,2/217,Uncommon,ASC
Erikas Giflor-ex,3/217,Double Rare,ASC
Erikas Knofensa,4/217,Common,ASC
Erikas Ultrigaria,5/217,Uncommon,ASC
Erikas Sarzenia,6/217,Rare,ASC
Erikas Tangela,7/217,Common,ASC
Endivie,8/217,Common,ASC
Lorblatt,9/217,Uncommon,ASC
Mega-Meganie-ex,10/217,Double Rare,ASC
Waumpel,11/217,Common,ASC
Schaloko,12/217,Common,ASC
Papinella,13/217,Uncommon,ASC
Panekon,14/217,Common,ASC
Pudox,15/217,Uncommon,ASC
Knospi,16/217,Common,ASC
Mabula,17/217,Common,ASC
Team Rockets Tarundel,18/217,Common,ASC
Team Rockets Spinsidias,19/217,Rare,ASC
Glumanda,20/217,Common,ASC
Glutexo,21/217,Uncommon,ASC
Mega-Glurak Y-ex,22/217,Double Rare,ASC
Klarins Schneckmag,23/217,Common,ASC
Klarins Magcargo,24/217,Rare,ASC
Entei,25/217,Rare,ASC
Klarins Ho-Oh-ex,26/217,Double Rare,ASC
Camaub,27/217,Common,ASC
Camerupt,28/217,Uncommon,ASC
Floink,29/217,Common,ASC
Ferkokel,30/217,Uncommon,ASC
Mega-Flambirex-ex,31/217,Double Rare,ASC
Ns Flampion,32/217,Common,ASC
Ns Flampivian,33/217,Uncommon,ASC
Molunk,34/217,Common,ASC
Amfira,35/217,Uncommon,ASC
Hopplo,36/217,Common,ASC
Kickerlo,37/217,Common,ASC
Liberlo-ex,38/217,Double Rare,ASC
Enton,39/217,Common,ASC
Entoron,40/217,Uncommon,ASC
Karnimani,41/217,Common,ASC
Tyracroc,42/217,Uncommon,ASC
Mega-Impergator-ex,43/217,Double Rare,ASC
Sniebel,44/217,Common,ASC
Snibunna,45/217,Uncommon,ASC
Schneppke,46/217,Common,ASC
Mega-Frosdedje-ex,47/217,Double Rare,ASC
Regice-ex,48/217,Double Rare,ASC
Ns Gelatini,49/217,Common,ASC
Ns Gelatroppo,50/217,Common,ASC
Ns Gelatwino,51/217,Uncommon,ASC
Snomnom,52/217,Common,ASC
Mottineva,53/217,Uncommon,ASC
Polaross,54/217,Uncommon,ASC
Pikachu,55/217,Common,ASC
Raichu,56/217,Uncommon,ASC
Pikachu-ex,57/217,Double Rare,ASC
Voltobal-ex,58/217,Double Rare,ASC
Zapplardin,59/217,Common,ASC
Zapplalek,60/217,Uncommon,ASC
Mega-Zapplarang-ex,61/217,Double Rare,ASC
Flunschlik,62/217,Common,ASC
Eguana,63/217,Common,ASC
Elezard,64/217,Uncommon,ASC
Akkup,65/217,Common,ASC
Donarion,66/217,Uncommon,ASC
Kapu-Riki,67/217,Rare,ASC
Hops Britzigel-ex,68/217,Double Rare,ASC
Enigmaras Blipp,69/217,Common,ASC
Enigmaras Wampitz-ex,70/217,Double Rare,ASC
Enigmaras Voltrel,71/217,Common,ASC
Enigmaras Voltrean,72/217,Rare,ASC
Miraidon-ex,73/217,Double Rare,ASC
Piepi,74/217,Common,ASC
Pixi,75/217,Uncommon,ASC
Lillys Piepi-ex,76/217,Double Rare,ASC
Team Rockets Owei,77/217,Common,ASC
Team Rockets Kokowei,78/217,Rare,ASC
Team Rockets Mewtu-ex,79/217,Double Rare,ASC
Togepi,80/217,Common,ASC
Togetic,81/217,Common,ASC
Togekiss,82/217,Rare,ASC
Marill,83/217,Common,ASC
Azumarill-ex,84/217,Double Rare,ASC
Traunfugil,85/217,Common,ASC
Traunmagil,86/217,Rare,ASC
Trasla,87/217,Common,ASC
Kirlia,88/217,Common,ASC
Mega-Guardevoir-ex,89/217,Double Rare,ASC
Shuppet,90/217,Common,ASC
Banette,91/217,Uncommon,ASC
Rotom,92/217,Common,ASC
Flauschling,93/217,Common,ASC
Sabbaione,94/217,Uncommon,ASC
Hops Paragoni,95/217,Common,ASC
Hops Trombork,96/217,Rare,ASC
Team Rockets Mimigma,97/217,Uncommon,ASC
Phantoross,98/217,Rare,ASC
Benesaru,99/217,Rare,ASC
Team Rockets Digda,100/217,Common,ASC
Team Rockets Digdri,101/217,Uncommon,ASC
Kapoera,102/217,Common,ASC
Meditie,103/217,Common,ASC
Meditalis,104/217,Common,ASC
Lunastein,105/217,Rare,ASC
Sonnfel,106/217,Uncommon,ASC
Regirock-ex,107/217,Double Rare,ASC
Groudon,108/217,Rare,ASC
Cynthias Kaumalat,109/217,Common,ASC
Cynthias Knarksel,110/217,Uncommon,ASC
Cynthias Knakrack-ex,111/217,Double Rare,ASC
Riolu,112/217,Common,ASC
Mega-Lucario-ex,113/217,Double Rare,ASC
Flunschlik-ex,114/217,Double Rare,ASC
Pam-Pam,115/217,Common,ASC
Mega-Resladero-ex,116/217,Double Rare,ASC
Rocara,117/217,Uncommon,ASC
Klonkett,118/217,Common,ASC
Wagong,119/217,Common,ASC
Montecarbo,120/217,Rare,ASC
Koraidon-ex,121/217,Double Rare,ASC
Boninu,122/217,Rare,ASC
Nebulak,123/217,Common,ASC
Alpollo,124/217,Uncommon,ASC
Mega-Gengar-ex,125/217,Double Rare,ASC
Team Rockets Kramurx,126/217,Common,ASC
Team Rockets Kramshef,127/217,Rare,ASC
Fiffyen,128/217,Common,ASC
Magnayen,129/217,Uncommon,ASC
Galar-Zigzachs,130/217,Common,ASC
Galar-Geradaks,131/217,Common,ASC
Galar-Barrikadax,132/217,Uncommon,ASC
Cynthias Kryppuk,133/217,Uncommon,ASC
Zurrokex,134/217,Common,ASC
Mega-Irokex-ex,135/217,Double Rare,ASC
Ns Zorua,136/217,Common,ASC
Ns Zoroark-ex,137/217,Double Rare,ASC
Skallyk,138/217,Common,ASC
Grypheldis-ex,139/217,Double Rare,ASC
Pandagro,140/217,Uncommon,ASC
Hoopa,141/217,Rare,ASC
Beatori-ex,142/217,Double Rare,ASC
Infamomo,143/217,Rare,ASC
Flunkifer,144/217,Uncommon,ASC
Registeel-ex,145/217,Double Rare,ASC
Gladiantri,146/217,Common,ASC
Caesurio,147/217,Common,ASC
Gladimperio,148/217,Rare,ASC
Togedemaru-ex,149/217,Double Rare,ASC
Dratini,150/217,Common,ASC
Dragonir,151/217,Uncommon,ASC
Mega-Dragoran-ex,152/217,Double Rare,ASC
Rayquaza,153/217,Rare,ASC
Ns Reshiram,154/217,Rare,ASC
Ns Zekrom,155/217,Rare,ASC
eF-eM,156/217,Common,ASC
UHaFnir,157/217,Uncommon,ASC
Grolldra,158/217,Common,ASC
Phandra,159/217,Common,ASC
Katapuldra-ex,160/217,Double Rare,ASC
Team Rockets Mauzi,161/217,Common,ASC
Team Rockets Kangama-ex,162/217,Double Rare,ASC
Aokis Dummisel,163/217,Common,ASC
Aokis Dummimisel-ex,164/217,Double Rare,ASC
Eneco,165/217,Common,ASC
Enekoro,166/217,Uncommon,ASC
Sengo-ex,167/217,Double Rare,ASC
Aokis Staralili,168/217,Common,ASC
Aokis Staravia,169/217,Uncommon,ASC
Aokis Staraptor,170/217,Rare,ASC
Wirbel-Rotom,171/217,Common,ASC
Mega-Ohrdoch-ex,172/217,Double Rare,ASC
Aokis Geronimatz,173/217,Common,ASC
Aokis Washakwil,174/217,Uncommon,ASC
Aokis Koalelu,175/217,Common,ASC
Sen-Long,176/217,Uncommon,ASC
Hops Urgl,177/217,Uncommon,ASC
Terapagos,178/217,Rare,ASC
Terapagos-ex,179/217,Double Rare,ASC
Lolas Schabernack,180/217,Uncommon,ASC
Luftballon,181/217,Uncommon,ASC
Minna und Elfriede,182/217,Uncommon,ASC
Befehl vom Boss,183/217,Uncommon,ASC
Dicke-Freunde-Knursp,184/217,Common,ASC
Canary,185/217,Uncommon,ASC
Kontergewinn,186/217,Common,ASC
Kampfgong,187/217,Uncommon,ASC
Wald der Vitalität,188/217,Uncommon,ASC
Glastrompete,189/217,Common,ASC
Lilias Kampfgeist,190/217,Uncommon,ASC
Kugelblitz,191/217,Uncommon,ASC
Lillys Entschlossenheit,192/217,Uncommon,ASC
Mega-Signal,193/217,Common,ASC
Geheimnisvoller Garten,194/217,Uncommon,ASC
Ns AP-Plus,195/217,Uncommon,ASC
Nachttrage,196/217,Common,ASC
Nachtmine,197/217,Uncommon,ASC
Poképad,198/217,Common,ASC
Premium Power Pro,199/217,Uncommon,ASC
Surfer,200/217,Common,ASC
Team Rockets Atlas,201/217,Uncommon,ASC
Team Rockets Athena,202/217,Uncommon,ASC
Team Rockets Fabrik,203/217,Uncommon,ASC
Team Rockets Giovanni,204/217,Uncommon,ASC
Team Rockets Superball,205/217,Uncommon,ASC
Team Rockets Hypnotizer,206/217,Uncommon,ASC
Team Rockets Lambda,207/217,Uncommon,ASC
Team Rockets Lance,208/217,Uncommon,ASC
Team Rockets Transceiver,209/217,Uncommon,ASC
Team Rockets Wachturm,210/217,Uncommon,ASC
Harte Schuppe,211/217,Uncommon,ASC
Ausrüstungsentsorger,212/217,Common,ASC
Hyperball,213/217,Common,ASC
Alton,214/217,Uncommon,ASC
Serviererin,215/217,Common,ASC
Prisma-Energie,216/217,Uncommon,ASC
Team Rockets Energie,217/217,Uncommon,ASC
Erikas Tangela,218/217,Illustration Rare,ASC
Papinella,219/217,Illustration Rare,ASC
Pudox,220/217,Illustration Rare,ASC
Knospi,221/217,Illustration Rare,ASC
Klarins Magcargo,222/217,Illustration Rare,ASC
Camaub,223/217,Illustration Rare,ASC
Amfira,224/217,Illustration Rare,ASC
Hopplo,225/217,Illustration Rare,ASC
Enton,226/217,Illustration Rare,ASC
Schneppke,227/217,Illustration Rare,ASC
Snibunna,228/217,Illustration Rare,ASC
Elezard,229/217,Illustration Rare,ASC
Donarion,230/217,Illustration Rare,ASC
Enigmaras Voltrel,231/217,Illustration Rare,ASC
Marill,232/217,Illustration Rare,ASC
Traunfugil,233/217,Illustration Rare,ASC
Banette,234/217,Illustration Rare,ASC
Togekiss,235/217,Illustration Rare,ASC
Sabbaione,236/217,Illustration Rare,ASC
Hops Trombork,237/217,Illustration Rare,ASC
Team Rockets Mimigma,238/217,Illustration Rare,ASC
Team Rockets Digdri,239/217,Illustration Rare,ASC
Kapoera,240/217,Illustration Rare,ASC
Meditalis,241/217,Illustration Rare,ASC
Rocara,242/217,Illustration Rare,ASC
Magnayen,243/217,Illustration Rare,ASC
Cynthias Kryppuk,244/217,Illustration Rare,ASC
Galar-Barrikadax,245/217,Illustration Rare,ASC
Flunkifer,246/217,Illustration Rare,ASC
Grolldra,247/217,Illustration Rare,ASC
Phandra,248/217,Illustration Rare,ASC
Aokis Staraptor,249/217,Illustration Rare,ASC
Wirbel-Rotom,250/217,Illustration Rare,ASC
Felori-ex,251/217,Ultra Rare,ASC
Flunschlik-ex,252/217,Ultra Rare,ASC
Mega-Ohrdoch-ex,253/217,Ultra Rare,ASC
Minna und Elfriede,254/217,Ultra Rare,ASC
Schwarzgurt-Training,255/217,Ultra Rare,ASC
Befehl vom Boss,256/217,Ultra Rare,ASC
Canary,257/217,Ultra Rare,ASC
Cheren,258/217,Ultra Rare,ASC
Kontergewinn,259/217,Ultra Rare,ASC
Glastrompete,260/217,Ultra Rare,ASC
Störturm,261/217,Ultra Rare,ASC
Ns AP-Plus,262/217,Ultra Rare,ASC
Team Rockets Transceiver,263/217,Ultra Rare,ASC
Hyperball,264/217,Ultra Rare,ASC
Mega-Frosdedje-ex,265/217,MEGA_ATTACK_RARE,ASC
Mega-Zapplarang-ex,266/217,MEGA_ATTACK_RARE,ASC
Mega-Diancie-ex,267/217,MEGA_ATTACK_RARE,ASC
Mega-Resladero-ex,268/217,MEGA_ATTACK_RARE,ASC
Mega-Gengar-ex,269/217,MEGA_ATTACK_RARE,ASC
Mega-Irokex-ex,270/217,MEGA_ATTACK_RARE,ASC
Mega-Dragoran-ex,271/217,MEGA_ATTACK_RARE,ASC
Mega-Meganie-ex,272/217,Special Illustration Rare,ASC
Mega-Flambirex-ex,273/217,Special Illustration Rare,ASC
Mega-Impergator-ex,274/217,Special Illustration Rare,ASC
Mega-Frosdedje-ex,275/217,Special Illustration Rare,ASC
Pikachu-ex,276/217,Special Illustration Rare,ASC
Pikachu-ex,277/217,Special Illustration Rare,ASC
Mega-Zapplarang-ex,278/217,Special Illustration Rare,ASC
Enigmaras Wampitz-ex,279/217,Special Illustration Rare,ASC
Lillys Piepi-ex,280/217,Special Illustration Rare,ASC
Team Rockets Mewtu-ex,281/217,Special Illustration Rare,ASC
Mega-Diancie-ex,282/217,Special Illustration Rare,ASC
Mega-Resladero-ex,283/217,Special Illustration Rare,ASC
Mega-Gengar-ex,284/217,Special Illustration Rare,ASC
Mega-Irokex-ex,285/217,Special Illustration Rare,ASC
Ns Zoroark-ex,286/217,Special Illustration Rare,ASC
Marys Olangaar-ex,287/217,Special Illustration Rare,ASC
Beatori-ex,288/217,Special Illustration Rare,ASC
Troys Metagross-ex,289/217,Special Illustration Rare,ASC
Mega-Dragoran-ex,290/217,Special Illustration Rare,ASC
Canary,291/217,Special Illustration Rare,ASC
Lilias Kampfgeist,292/217,Special Illustration Rare,ASC
Surfer,293/217,Special Illustration Rare,ASC
Mega-Glurak Y-ex,294/217,Mega Hyper Rare,ASC
Mega-Dragoran-ex,295/217,Mega Hyper Rare,ASC
Bisasam,1/132,Common,MEG
Bisaknosp,2/132,Common,MEG
Mega-Bisaflor-ex,3/132,Double Rare,MEG
Owei,4/132,Common,MEG
Kokowei,5/132,Uncommon,MEG
Tangela,6/132,Common,MEG
Tangoloss,7/132,Uncommon,MEG
Endivie,8/132,Common,MEG
Lorblatt,9/132,Common,MEG
Meganie,10/132,Rare,MEG
Pottrott,11/132,Uncommon,MEG
Celebi,12/132,Uncommon,MEG
Samurzel,13/132,Common,MEG
Blanas,14/132,Common,MEG
Tengulist,15/132,Uncommon,MEG
Nincada,16/132,Common,MEG
Ninjask,17/132,Uncommon,MEG
Moruda,18/132,Common,MEG
Vulpix,19/132,Common,MEG
Vulnona,20/132,Uncommon,MEG
Camaub,21/132,Common,MEG
Mega-Camerupt-ex,22/132,Double Rare,MEG
Leufeo,23/132,Common,MEG
Pyroleo,24/132,Uncommon,MEG
Volcanion,25/132,Uncommon,MEG
Hopplo,26/132,Common,MEG
Kickerlo,27/132,Common,MEG
Liberlo,28/132,Rare,MEG
Thermopod,29/132,Common,MEG
Infernopod,30/132,Uncommon,MEG
Yuyu,31/132,Uncommon,MEG
Mantax,32/132,Common,MEG
Krebscorps,33/132,Common,MEG
Kyogre,34/132,Rare,MEG
Shnebedeck,35/132,Common,MEG
Mega-Rexblisar-ex,36/132,Double Rare,MEG
Scampisto,37/132,Common,MEG
Wummer,38/132,Rare,MEG
Memmeon,39/132,Common,MEG
Phlegleon,40/132,Common,MEG
Intelleon,41/132,Uncommon,MEG
Snomnom,42/132,Common,MEG
Mottineva,43/132,Uncommon,MEG
Kubuin,44/132,Common,MEG
Magnetilo,45/132,Common,MEG
Magneton,46/132,Common,MEG
Magnezone,47/132,Uncommon,MEG
Raikou,48/132,Rare,MEG
Frizelbliz,49/132,Common,MEG
Mega Voltenso-ex,50/132,Double Rare,MEG
Pachirisu,51/132,Common,MEG
Eguana,52/132,Common,MEG
Elezard,53/132,Common,MEG
Abra,54/132,Common,MEG
Kadabra,55/132,Uncommon,MEG
Simsala,56/132,Rare,MEG
Rossana,57/132,Common,MEG
Trasla,58/132,Common,MEG
Kirlia,59/132,Common,MEG
Mega-Guardevoir-ex,60/132,Double Rare,MEG
Ninjatom,61/132,Uncommon,MEG
Spoink,62/132,Common,MEG
Groink,63/132,Uncommon,MEG
Xerneas,64/132,Rare,MEG
Gruff,65/132,Common,MEG
Friedwuff,66/132,Uncommon,MEG
Gierspenst,67/132,Common,MEG
Sandan,68/132,Common,MEG
Sandamer,69/132,Common,MEG
Onix,70/132,Common,MEG
Rabauz,71/132,Common,MEG
Makuhita,72/132,Common,MEG
Hariyama,73/132,Rare,MEG
Lunastein,74/132,Rare,MEG
Sonnfel,75/132,Uncommon,MEG
Riolu,76/132,Common,MEG
Mega-Lucario-ex,77/132,Double Rare,MEG
Glibunkel,78/132,Common,MEG
Toxiquak,79/132,Common,MEG
Marshadow,80/132,Uncommon,MEG
Humanolith,81/132,Uncommon,MEG
Geosali,82/132,Common,MEG
Sedisal,83/132,Common,MEG
Saltigant,84/132,Uncommon,MEG
Krebutack,85/132,Uncommon,MEG
Mega-Absol-ex,86/132,Double Rare,MEG
Kryppuk,87/132,Uncommon,MEG
Yveltal,88/132,Rare,MEG
Kleptifux,89/132,Common,MEG
Gaunux,90/132,Common,MEG
Sproxi,91/132,Common,MEG
Affiti,92/132,Common,MEG
Stahlos,93/132,Rare,MEG
Mega-Flunkifer-ex,94/132,Double Rare,MEG
Dialga,95/132,Rare,MEG
Forgita,96/132,Common,MEG
Tafforgita,97/132,Common,MEG
Granforgita,98/132,Uncommon,MEG
Monetigo,99/132,Uncommon,MEG
Mega-Latias-ex,100/132,Double Rare,MEG
Latios,101/132,Uncommon,MEG
Habitak,102/132,Common,MEG
Ibitak,103/132,Common,MEG
Mega-Kangama-ex,104/132,Double Rare,MEG
Botogel,105/132,Common,MEG
Miltank,106/132,Common,MEG
Haspiror,107/132,Common,MEG
Schlapor,108/132,Common,MEG
Mangunior,109/132,Common,MEG
Manguspektor,110/132,Uncommon,MEG
Velursi,111/132,Common,MEG
Kosturso,112/132,Common,MEG
Lolas Schabernack,113/132,Uncommon,MEG
Befehl vom Boss,114/132,Uncommon,MEG
Energie-Umschalter,115/132,Common,MEG
Kampfgong,116/132,Uncommon,MEG
Wald der Vitalität,117/132,Uncommon,MEG
Eisendefensive,118/132,Uncommon,MEG
Lillys Entschlossenheit,119/132,Uncommon,MEG
Major Bobs Abmachung,120/132,Uncommon,MEG
Mega-Signal,121/132,Uncommon,MEG
Geheimnisvoller Garten,122/132,Uncommon,MEG
Pokémon-Center-Dame,123/132,Common,MEG
Premium Power Pro,124/132,Uncommon,MEG
Sonderbonbon,125/132,Common,MEG
Schutz,126/132,Uncommon,MEG
Riskante Ruinen,127/132,Uncommon,MEG
Seltsamer Zeitmesser,128/132,Uncommon,MEG
Surfstrand,129/132,Uncommon,MEG
Tausch,130/132,Common,MEG
Hyperball,131/132,Common,MEG
Heikos Mitgefühl,132/132,Uncommon,MEG
Bisasam,133/132,Illustration Rare,MEG
Bisaknosp,134/132,Illustration Rare,MEG
Kokowei,135/132,Illustration Rare,MEG
Pottrott,136/132,Illustration Rare,MEG
Ninjask,137/132,Illustration Rare,MEG
Vulpix,138/132,Illustration Rare,MEG
Leufeo,139/132,Illustration Rare,MEG
Shnebedeck,140/132,Illustration Rare,MEG
Wummer,141/132,Illustration Rare,MEG
Intelleon,142/132,Illustration Rare,MEG
Eguana,143/132,Illustration Rare,MEG
Ninjatom,144/132,Illustration Rare,MEG
Friedwuff,145/132,Illustration Rare,MEG
Marshadow,146/132,Illustration Rare,MEG
Saltigant,147/132,Illustration Rare,MEG
Kryppuk,148/132,Illustration Rare,MEG
Sproxi,149/132,Illustration Rare,MEG
Stahlos,150/132,Illustration Rare,MEG
Habitak,151/132,Illustration Rare,MEG
Botogel,152/132,Illustration Rare,MEG
Manguspektor,153/132,Illustration Rare,MEG
Velursi,154/132,Illustration Rare,MEG
Mega-Bisaflor-ex,155/132,Ultra Rare,MEG
Mega-Camerupt-ex,156/132,Ultra Rare,MEG
Mega-Rexblisar-ex,157/132,Ultra Rare,MEG
Mega Voltenso-ex,158/132,Ultra Rare,MEG
Mega-Guardevoir-ex,159/132,Ultra Rare,MEG
Mega-Lucario-ex,160/132,Ultra Rare,MEG
Mega-Absol-ex,161/132,Ultra Rare,MEG
Mega-Flunkifer-ex,162/132,Ultra Rare,MEG
Mega-Latias-ex,163/132,Ultra Rare,MEG
Mega-Kangama-ex,164/132,Ultra Rare,MEG
Lolas Schabernack,165/132,Ultra Rare,MEG
Luftballon,166/132,Ultra Rare,MEG
Dicke-Freunde-Knursp,167/132,Ultra Rare,MEG
Kampfgong,168/132,Ultra Rare,MEG
Lillys Entschlossenheit,169/132,Ultra Rare,MEG
Major Bobs Abmachung,170/132,Ultra Rare,MEG
Mega-Signal,171/132,Ultra Rare,MEG
Geheimnisvoller Garten,172/132,Ultra Rare,MEG
Nachttrage,173/132,Ultra Rare,MEG
Premium Power Pro,174/132,Ultra Rare,MEG
Sonderbonbon,175/132,Ultra Rare,MEG
Heikos Mitgefühl,176/132,Ultra Rare,MEG
Mega-Bisaflor-ex,177/132,Special Illustration Rare,MEG
Mega-Guardevoir-ex,178/132,Special Illustration Rare,MEG
Mega-Lucario-ex,179/132,Special Illustration Rare,MEG
Mega-Absol-ex,180/132,Special Illustration Rare,MEG
Mega-Latias-ex,181/132,Special Illustration Rare,MEG
Mega-Kangama-ex,182/132,Special Illustration Rare,MEG
Lolas Schabernack,183/132,Special Illustration Rare,MEG
Lillys Entschlossenheit,184/132,Special Illustration Rare,MEG
Major Bobs Abmachung,185/132,Special Illustration Rare,MEG
Heikos Mitgefühl,186/132,Special Illustration Rare,MEG
Mega-Guardevoir-ex,187/132,Mega Hyper Rare,MEG
Mega-Lucario-ex,188/132,Mega Hyper Rare,MEG
Webarak,1/88,Common,POR
Ariados,2/88,Common,POR
Shaymin,3/88,Uncommon,POR
Serpifeu,4/88,Common,POR
Efoserp,5/88,Common,POR
Serpiroyal,6/88,Rare,POR
Purmel,7/88,Common,POR
Puponcho,8/88,Common,POR
Vivillon,9/88,Uncommon,POR
Bauz,10/88,Common,POR
Arboretoss,11/88,Common,POR
Silvarro-ex,12/88,Double Rare,POR
Dartignis,13/88,Common,POR
Fiaro,14/88,Uncommon,POR
Molunk,15/88,Common,POR
Amfira-ex,16/88,Double Rare,POR
Tortunator,17/88,Uncommon,POR
Jurob,18/88,Common,POR
Jugong,19/88,Rare,POR
Sterndu,20/88,Common,POR
Mega-Starmie-ex,21/88,Double Rare,POR
Lapras-ex,22/88,Double Rare,POR
Amarino,23/88,Common,POR
Amagarga,24/88,Rare,POR
Volcanion,25/88,Uncommon,POR
Sheinux,26/88,Common,POR
Luxio,27/88,Uncommon,POR
Luxtra,28/88,Rare,POR
Dedenne,29/88,Common,POR
Piepi,30/88,Common,POR
Mega-Pixi-ex,31/88,Double Rare,POR
Flunkifer,32/88,Common,POR
Psiau,33/88,Common,POR
Psiaugon,34/88,Uncommon,POR
Parfi,35/88,Common,POR
Parfinesse,36/88,Uncommon,POR
Nasgnet,37/88,Common,POR
Voluminas,38/88,Common,POR
Hippopotas,39/88,Common,POR
Hippoterus,40/88,Uncommon,POR
Demeteros,41/88,Rare,POR
Bithora,42/88,Common,POR
Thanathora,43/88,Uncommon,POR
Balgoras,44/88,Common,POR
Monargoras,45/88,Rare,POR
Resladero,46/88,Common,POR
Mega-Zygarde-ex,47/88,Double Rare,POR
Nebulak,48/88,Common,POR
Alpollo,49/88,Common,POR
Gengar,50/88,Rare,POR
Pionskora,51/88,Common,POR
Piondragi,52/88,Uncommon,POR
Yveltal-ex,53/88,Double Rare,POR
Baojian,54/88,Rare,POR
Mega-Panzaeron-ex,55/88,Double Rare,POR
Gramokles,56/88,Common,POR
Duokles,57/88,Common,POR
Durengard,58/88,Uncommon,POR
Clavion,59/88,Common,POR
Rattfratz,60/88,Common,POR
Rattikarl,61/88,Uncommon,POR
Mauzi-ex,62/88,Double Rare,POR
Relaxo,63/88,Common,POR
Scoppel,64/88,Common,POR
Grebbit,65/88,Uncommon,POR
Dartiri,66/88,Common,POR
Coiffwaff,67/88,Common,POR
Antikes Kieferfossil,68/88,Common,POR
Antikes Flossenfossil,69/88,Common,POR
Datenkern,70/88,Uncommon,POR
Schmetterhammer,71/88,Common,POR
Energiesuche,72/88,Common,POR
Energieklatsche,73/88,Uncommon,POR
Buddelschaufel,74/88,Common,POR
Violette,75/88,Uncommon,POR
Richter,76/88,Uncommon,POR
Illumina City,77/88,Uncommon,POR
Illumina-Galette,78/88,Uncommon,POR
Kaylen,79/88,Uncommon,POR
Pokéball,80/88,Common,POR
Poképad,81/88,Uncommon,POR
Pokémon-Fänger,82/88,Common,POR
Trank,83/88,Common,POR
Rosys Ermutigung,84/88,Uncommon,POR
Tarragon,85/88,Uncommon,POR
Wachsende Grass-Energie,86/88,Rare,POR
Steinharte Fighting-Energie,87/88,Rare,POR
Telepathische Psychic-Energie,88/88,Rare,POR
Puponcho,89/88,Illustration Rare,POR
Bauz,90/88,Illustration Rare,POR
Fiaro,91/88,Illustration Rare,POR
Amagarga,92/88,Illustration Rare,POR
Dedenne,93/88,Illustration Rare,POR
Piepi,94/88,Illustration Rare,POR
Psiau,95/88,Illustration Rare,POR
Voluminas,96/88,Illustration Rare,POR
Piondragi,97/88,Illustration Rare,POR
Duokles,98/88,Illustration Rare,POR
Rattikarl,99/88,Illustration Rare,POR
Silvarro-ex,100/88,Ultra Rare,POR
Amfira-ex,101/88,Ultra Rare,POR
Mega-Starmie-ex,102/88,Ultra Rare,POR
Mega-Pixi-ex,103/88,Ultra Rare,POR
Mega-Zygarde-ex,104/88,Ultra Rare,POR
Yveltal-ex,105/88,Ultra Rare,POR
Mega-Panzaeron-ex,106/88,Ultra Rare,POR
Mauzi-ex,107/88,Ultra Rare,POR
Energieaufbereitung,108/88,Ultra Rare,POR
Wald der Vitalität,109/88,Ultra Rare,POR
Violette,110/88,Ultra Rare,POR
Illumina City,111/88,Ultra Rare,POR
Kaylen,112/88,Ultra Rare,POR
Poképad,113/88,Ultra Rare,POR
Rosys Ermutigung,114/88,Ultra Rare,POR
Zauberasche,115/88,Ultra Rare,POR
Tarragon,116/88,Ultra Rare,POR
Wunderpflaster,117/88,Ultra Rare,POR
Mega-Starmie-ex,118/88,Special Illustration Rare,POR
Mega-Pixi-ex,119/88,Special Illustration Rare,POR
Mega-Zygarde-ex,120/88,Special Illustration Rare,POR
Mauzi-ex,121/88,Special Illustration Rare,POR
Violette,122/88,Special Illustration Rare,POR
Rosys Ermutigung,123/88,Special Illustration Rare,POR
Mega-Zygarde-ex,124/88,Mega Hyper Rare,POR
Myrapla,1/94,Common,PFL
Duflor,2/94,Common,PFL
Giflor,3/94,Rare,PFL
Mega-Skaraborn-ex,4/94,Double Rare,PFL
Loturzel,5/94,Common,PFL
Lombrero,6/94,Common,PFL
Kappalores,7/94,Uncommon,PFL
Genesect,8/94,Rare,PFL
Micrick,9/94,Common,PFL
Lextremo,10/94,Uncommon,PFL
Glumanda,11/94,Common,PFL
Glutexo,12/94,Common,PFL
Mega-Glurak X-ex,13/94,Double Rare,PFL
Lavados,14/94,Rare,PFL
Flampion,15/94,Common,PFL
Flampivian,16/94,Uncommon,PFL
Reshiram,17/94,Rare,PFL
Choreogel-ex,18/94,Double Rare,PFL
Knarbon,19/94,Common,PFL
Azugladis,20/94,Uncommon,PFL
Jurob,21/94,Common,PFL
Jugong,22/94,Common,PFL
Quiekel,23/94,Common,PFL
Keifel,24/94,Common,PFL
Mamutel,25/94,Uncommon,PFL
Suicune,26/94,Rare,PFL
Plinfa,27/94,Common,PFL
Pliprin,28/94,Common,PFL
Rotom-ex,29/94,Double Rare,PFL
Voldi,30/94,Common,PFL
Bellektro,31/94,Common,PFL
Pamo,32/94,Common,PFL
Pamamo,33/94,Common,PFL
Pamomamo,34/94,Rare,PFL
Traunfugil,35/94,Common,PFL
Traunmagil-ex,36/94,Double Rare,PFL
Snubbull,37/94,Common,PFL
Granbull,38/94,Uncommon,PFL
Cresselia,39/94,Uncommon,PFL
Meloetta,40/94,Uncommon,PFL
Mega-Diancie-ex,41/94,Double Rare,PFL
Mimigma,42/94,Common,PFL
Hokumil,43/94,Common,PFL
Pokusan,44/94,Uncommon,PFL
Zacian,45/94,Rare,PFL
Weherba,46/94,Common,PFL
Horrerba,47/94,Uncommon,PFL
Paldea-Tauros,48/94,Uncommon,PFL
Skorgla,49/94,Common,PFL
Skorgro,50/94,Uncommon,PFL
Knacklion,51/94,Common,PFL
Vibrava,52/94,Common,PFL
Libelldra,53/94,Rare,PFL
Nebulak,54/94,Common,PFL
Alpollo,55/94,Uncommon,PFL
Mega-Gengar-ex,56/94,Double Rare,PFL
Kramurx,57/94,Common,PFL
Kramshef,58/94,Uncommon,PFL
Zobiris,59/94,Common,PFL
Kanivanha,60/94,Common,PFL
Mega-Tohaido-ex,61/94,Double Rare,PFL
Vipitis,62/94,Uncommon,PFL
Absol,63/94,Common,PFL
Ganovil,64/94,Common,PFL
Rokkaiman,65/94,Common,PFL
Rabigator,66/94,Uncommon,PFL
Toxel,67/94,Common,PFL
Riffex,68/94,Rare,PFL
Endynalos,69/94,Uncommon,PFL
Impoleon-ex,70/94,Double Rare,PFL
Bronzel,71/94,Common,PFL
Bronzong,72/94,Uncommon,PFL
Togedemaru,73/94,Common,PFL
Duraludon,74/94,Common,PFL
Briduradon,75/94,Uncommon,PFL
Pummeluff,76/94,Common,PFL
Knuddeluff,77/94,Uncommon,PFL
Griffel,78/94,Common,PFL
Ambidiffel,79/94,Rare,PFL
Farbeagle,80/94,Common,PFL
Zigzachs,81/94,Common,PFL
Geradaks,82/94,Uncommon,PFL
Haspiror,83/94,Common,PFL
Mega-Schlapor-ex,84/94,Double Rare,PFL
Kampfkäfig,85/94,Uncommon,PFL
Schweißbrenner,86/94,Uncommon,PFL
Lucia,87/94,Uncommon,PFL
Taumeltal,88/94,Uncommon,PFL
Feuerspucker,89/94,Uncommon,PFL
Astors Zug,90/94,Uncommon,PFL
Rieseneis,91/94,Uncommon,PFL
Punk-Helm,92/94,Uncommon,PFL
Geweihtes Amulett,93/94,Uncommon,PFL
Wunderpflaster,94/94,Uncommon,PFL
Kappalores,95/94,Illustration Rare,PFL
Micrick,96/94,Illustration Rare,PFL
Jugong,97/94,Illustration Rare,PFL
Plinfa,98/94,Illustration Rare,PFL
Voldi,99/94,Illustration Rare,PFL
Zacian,100/94,Illustration Rare,PFL
Libelldra,101/94,Illustration Rare,PFL
Paldea-Felino,102/94,Illustration Rare,PFL
Riffex,103/94,Illustration Rare,PFL
Togedemaru,104/94,Illustration Rare,PFL
Knuddeluff,105/94,Illustration Rare,PFL
Mauzi,106/94,Illustration Rare,PFL
Ambidiffel,107/94,Illustration Rare,PFL
Mega-Skaraborn-ex,108/94,Ultra Rare,PFL
Mega-Glurak X-ex,109/94,Ultra Rare,PFL
Choreogel-ex,110/94,Ultra Rare,PFL
Rotom-ex,111/94,Ultra Rare,PFL
Traunmagil-ex,112/94,Ultra Rare,PFL
Mega-Tohaido-ex,113/94,Ultra Rare,PFL
Impoleon-ex,114/94,Ultra Rare,PFL
Mega-Schlapor-ex,115/94,Ultra Rare,PFL
Kampfkäfig,116/94,Ultra Rare,PFL
Schweißbrenner,117/94,Ultra Rare,PFL
Lucia,118/94,Ultra Rare,PFL
Feuerspucker,119/94,Ultra Rare,PFL
Astors Zug,120/94,Ultra Rare,PFL
Punk-Helm,121/94,Ultra Rare,PFL
Geweihtes Amulett,122/94,Ultra Rare,PFL
Tausch,123/94,Ultra Rare,PFL
Zünd-Energie,124/94,Ultra Rare,PFL
Mega-Glurak X-ex,125/94,Special Illustration Rare,PFL
Rotom-ex,126/94,Special Illustration Rare,PFL
Mega-Tohaido-ex,127/94,Special Illustration Rare,PFL
Mega-Schlapor-ex,128/94,Special Illustration Rare,PFL
Lucia,129/94,Special Illustration Rare,PFL
Mega-Glurak X-ex,130/94,Mega Hyper Rare,PFL
Dunkles Ampharos,1/105,Rare Holo,N4
Dunkles Iksbat,2/105,Rare Holo,N4
Dunkles Donphan,3/105,Rare Holo,N4
Dunkles Psiana,4/105,Rare Holo,N4
Dunkles Impergator,5/105,Rare Holo,N4
Dunkles Gengar,6/105,Rare Holo,N4
Dunkles Hundemon,7/105,Rare Holo,N4
Dunkles Porygon2,8/105,Rare Holo,N4
Dunkles Scherox,9/105,Rare Holo,N4
Dunkles Tornupto,10/105,Rare Holo,N4
Dunkles Despotar,11/105,Rare Holo,N4
Helles Arkani,12/105,Rare Holo,N4
Helles Azumarill,13/105,Rare Holo,N4
Helles Dragoran,14/105,Rare Holo,N4
Helles Togetic,15/105,Rare Holo,N4
Wunder-Energie,16/105,Rare Holo,N4
Dunkles Ariados,17/105,Rare,N4
Dunkles Magcargo,18/105,Rare,N4
Dunkles Amoroso,19/105,Rare,N4
Dunkles Laschoking,20/105,Rare,N4
Dunkles Ursaring,21/105,Rare,N4
Helles Dragonir,22/105,Rare,N4
Helles Lanturn,23/105,Rare,N4
Helles Ledian,24/105,Rare,N4
Helles Machomei,25/105,Rare,N4
Helles Keifel,26/105,Rare,N4
Icognito G,27/105,Rare,N4
Icognito H,28/105,Rare,N4
Icognito W,29/105,Rare,N4
Icognito X,30/105,Rare,N4
Chaneira,31/105,Uncommon,N4
Dunkles Tyracroc,32/105,Uncommon,N4
Dunkles Kokowei,33/105,Uncommon,N4
Dunkles Waaty,34/105,Uncommon,N4
Dunkles Forstellka,35/105,Uncommon,N4
Dunkles Alpollo,36/105,Uncommon,N4
Dunkles Amonitas,37/105,Uncommon,N4
Dunkles Pupitar,38/105,Uncommon,N4
Dunkles Igelavar,39/105,Uncommon,N4
Dunkles Knuddeluff,40/105,Uncommon,N4
Skaraborn,41/105,Uncommon,N4
Kicklee,42/105,Uncommon,N4
Hunduster,43/105,Uncommon,N4
Pummeluff,44/105,Uncommon,N4
Helles Jugong,45/105,Uncommon,N4
Helles Flamara,46/105,Uncommon,N4
Helles Entoron,47/105,Uncommon,N4
Helles Blitza,48/105,Uncommon,N4
Helles Maschock,49/105,Uncommon,N4
Helles Vulnona,50/105,Uncommon,N4
Helles Lahmus,51/105,Uncommon,N4
Helles Aquana,52/105,Uncommon,N4
Helles Omot,53/105,Uncommon,N4
Helles Knuddeluff,54/105,Uncommon,N4
Sichlor,55/105,Uncommon,N4
Togepi,56/105,Uncommon,N4
Icognito C,57/105,Uncommon,N4
Icognito P,58/105,Uncommon,N4
Icognito Q,59/105,Uncommon,N4
Icognito Z,60/105,Uncommon,N4
Feurigel,61/105,Common,N4
Dunkles Octillery,62/105,Common,N4
Dratini,63/105,Common,N4
Owei,64/105,Common,N4
Nebulak,65/105,Common,N4
Girafarig,66/105,Common,N4
Skorgla,67/105,Common,N4
Fukano,68/105,Common,N4
Nockchan,69/105,Common,N4
Larvitar,70/105,Common,N4
Ledyba,71/105,Common,N4
Helles Sonnflora,72/105,Common,N4
Machollo,73/105,Common,N4
Mantax,74/105,Common,N4
Voltilamm,75/105,Common,N4
Phanpy,76/105,Common,N4
Tannza,77/105,Common,N4
Porygon,78/105,Common,N4
Enton,79/105,Common,N4
Remoraid,80/105,Common,N4
Jurob,81/105,Common,N4
Schneckmag,82/105,Common,N4
Sonnkern,83/105,Common,N4
Quiekel,84/105,Common,N4
Karnimani,85/105,Common,N4
Icognito L,86/105,Common,N4
Icognito S,87/105,Common,N4
Icognito T,88/105,Common,N4
Icognito V,89/105,Common,N4
Bluzuk,90/105,Common,N4
Vulpix,91/105,Common,N4
Broken Ground Gym*,92/105,Rare,N4
EXP.ALL*,93/105,Rare,N4
Erfindung des falschen Professor Eich,94/105,Rare,N4
Radio Turm,95/105,Rare,N4
Thought Wave Machine*,96/105,Rare,N4
Gegenangriffs-Klauen,97/105,Uncommon,N4
Energie-Verstärker,98/105,Uncommon,N4
Energie-Arena,99/105,Uncommon,N4
Glücksarena,100/105,Uncommon,N4
Vergrößerungsglas,101/105,Uncommon,N4
Pokémon-Persönlichkeitstest,102/105,Uncommon,N4
Die Übeltaten des Team Rocket,103/105,Uncommon,N4
Heilpuder,104/105,Common,N4
Post von Bill,105/105,Common,N4
Schimmerndes Celebi,106/105,Rare Shining,N4
Schimmerndes Glurak,107/105,Rare Shining,N4
Schimmerndes Kabutops,108/105,Rare Shining,N4
Schimmerndes Mewtu,109/105,Rare Shining,N4
Schimmerndes Noctuh,110/105,Rare Shining,N4
Schimmerndes Raichu,111/105,Rare Shining,N4
Schimmerndes Stahlos,112/105,Rare Shining,N4
Schimmerndes Despotar,113/105,Rare Shining,N4
Psiana,1/75,Rare Holo,N2
Forstellka,2/75,Rare Holo,N2
Kapoera,3/75,Rare Holo,N2
Hundemon,4/75,Rare Holo,N2
Hunduster,5/75,Rare Holo,N2
Kabutops,6/75,Rare Holo,N2
Magnetilo,7/75,Rare Holo,N2
Quaxo,8/75,Rare Holo,N2
Quappo,9/75,Rare Holo,N2
Scherox,10/75,Rare Holo,N2
Farbeagle,11/75,Rare Holo,N2
Despotar,12/75,Rare Holo,N2
Nachtara,13/75,Rare Holo,N2
Icognito A,14/75,Rare Holo,N2
Ursaring,15/75,Rare Holo,N2
Woingenau,16/75,Rare Holo,N2
Yanma,17/75,Rare Holo,N2
Bibor,18/75,Rare,N2
Smettbo,19/75,Rare,N2
Psiana,20/75,Rare,N2
Forstellka,21/75,Rare,N2
Kapoera,22/75,Rare,N2
Hundemon,23/75,Rare,N2
Hunduster,24/75,Rare,N2
Kabutops,25/75,Rare,N2
Magnetilo,26/75,Rare,N2
Quaxo,27/75,Rare,N2
Quappo,28/75,Rare,N2
Scherox,29/75,Rare,N2
Farbeagle,30/75,Rare,N2
Despotar,31/75,Rare,N2
Nachtara,32/75,Rare,N2
Icognito A,33/75,Rare,N2
Ursaring,34/75,Rare,N2
Woingenau,35/75,Rare,N2
Yanma,36/75,Rare,N2
Corasonn,37/75,Uncommon,N2
Evoli,38/75,Uncommon,N2
Hunduster,39/75,Uncommon,N2
Fluffeluff,40/75,Uncommon,N2
Kokuna,41/75,Uncommon,N2
Safcon,42/75,Uncommon,N2
Amoroso,43/75,Uncommon,N2
Quaputzi,44/75,Uncommon,N2
Pupitar,45/75,Uncommon,N2
Sichlor,46/75,Uncommon,N2
Icognito D,47/75,Uncommon,N2
Icognito F,48/75,Uncommon,N2
Icognito M,49/75,Uncommon,N2
Icognito N,50/75,Uncommon,N2
Icognito U,51/75,Uncommon,N2
Xatu,52/75,Uncommon,N2
Raupy,53/75,Common,N2
Dummisel,54/75,Common,N2
Hoppspross,55/75,Common,N2
Kabuto,56/75,Common,N2
Larvitar,57/75,Common,N2
Voltilamm,58/75,Common,N2
Natu,59/75,Common,N2
Amonitas,60/75,Common,N2
Tannza,61/75,Common,N2
Quapsel,62/75,Common,N2
Wiesor,63/75,Common,N2
Weberak,64/75,Common,N2
Teddiursa,65/75,Common,N2
Rabauz,66/75,Common,N2
Icognito E,67/75,Common,N2
Icognito I,68/75,Common,N2
Icognito O,69/75,Common,N2
Hornliu,70/75,Common,N2
Felino,71/75,Common,N2
Fossil-Ei,72/75,Uncommon,N2
Hyper-Rückentwicklungs-Spray,73/75,Uncommon,N2
Ruinenwand,74/75,Uncommon,N2
Energy Ark,75/75,Common,N2
Ampharos,1/111,Rare Holo,N1
Azumarill,2/111,Rare Holo,N1
Blubella,3/111,Rare Holo,N1
Impergator,4/111,Rare Holo,N1
Impergator,5/111,Rare Holo,N1
Skaraborn,6/111,Rare Holo,N1
Papungha,7/111,Rare Holo,N1
Seedraking,8/111,Rare Holo,N1
Lugia,9/111,Rare Holo,N1
Meganie,10/111,Rare Holo,N1
Meganie,11/111,Rare Holo,N1
Pichu,12/111,Rare Holo,N1
Panzaeron,13/111,Rare Holo,N1
Laschoking,14/111,Rare Holo,N1
Stahlos,15/111,Rare Holo,N1
Togetic,16/111,Rare Holo,N1
Tornupto,17/111,Rare Holo,N1
Tornupto,18/111,Rare Holo,N1
Metal Energy*,19/111,Rare Holo,N1
Pii,20/111,Rare,N1
Donphan,21/111,Rare,N1
Elekid,22/111,Rare,N1
Magby,23/111,Rare,N1
Kramurx,24/111,Rare,N1
Sniebel,25/111,Rare,N1
Griffel,26/111,Uncommon,N1
Ariados,27/111,Uncommon,N1
Lorblatt,28/111,Uncommon,N1
Lorblatt,29/111,Uncommon,N1
Piepi,30/111,Uncommon,N1
Tyracroc,31/111,Uncommon,N1
Tyracroc,32/111,Uncommon,N1
Elektek,33/111,Uncommon,N1
Waaty,34/111,Uncommon,N1
Wiesenior,35/111,Uncommon,N1
Duflor,36/111,Uncommon,N1
Granbull,37/111,Uncommon,N1
Lanturn,38/111,Uncommon,N1
Ledian,39/111,Uncommon,N1
Magmar,40/111,Uncommon,N1
Miltank,41/111,Uncommon,N1
Noctuh,42/111,Uncommon,N1
Phanpy,43/111,Uncommon,N1
Keifel,44/111,Uncommon,N1
Morlord,45/111,Uncommon,N1
Igelavar,46/111,Uncommon,N1
Igelavar,47/111,Uncommon,N1
Seemon,48/111,Uncommon,N1
Hubelupf,49/111,Uncommon,N1
Sonnflora,50/111,Uncommon,N1
Togepi,51/111,Uncommon,N1
Xatu,52/111,Uncommon,N1
Endivie,53/111,Common,N1
Endivie,54/111,Common,N1
Lampi,55/111,Common,N1
Feurigel,56/111,Common,N1
Feurigel,57/111,Common,N1
Girafarig,58/111,Common,N1
Skorgla,59/111,Common,N1
Hoothoot,60/111,Common,N1
Hoppspross,61/111,Common,N1
Seeper,62/111,Common,N1
Ledyba,63/111,Common,N1
Mantax,64/111,Common,N1
Voltilamm,65/111,Common,N1
Marill,66/111,Common,N1
Natu,67/111,Common,N1
Myrapla,68/111,Common,N1
Onix,69/111,Common,N1
Pikachu,70/111,Common,N1
Wiesor,71/111,Common,N1
Pottrott,72/111,Common,N1
Flegmon,73/111,Common,N1
Snubbull,74/111,Common,N1
Webarak,75/111,Common,N1
Damhirplex,76/111,Common,N1
Mogelbaum,77/111,Common,N1
Sonnkern,78/111,Common,N1
Quiekel,79/111,Common,N1
Karnimani,80/111,Common,N1
Karnimani,81/111,Common,N1
Felino,82/111,Common,N1
Spielautomat,83/111,Rare,N1
Ecogym*,84/111,Rare,N1
Energy Charge*,85/111,Rare,N1
Focus Band*,86/111,Rare,N1
Margit,87/111,Rare,N1
PokéCom,88/111,Rare,N1
Super-Energiezurückgewinnung,89/111,Rare,N1
Zeitmaschine,90/111,Rare,N1
Bills Teleporter,91/111,Uncommon,N1
Ratespiel,92/111,Uncommon,N1
Goldbeere,93/111,Uncommon,N1
Wunderbeere,94/111,Uncommon,N1
Neuer Pokedex,95/111,Uncommon,N1
Professor Lind,96/111,Uncommon,N1
Sprösslings-Turm,97/111,Uncommon,N1
Super-Anziehungskraft,98/111,Uncommon,N1
Beere,99/111,Common,N1
Doppelter Windhauch,100/111,Common,N1
Kuhmuh-Milch,101/111,Common,N1
Pokémon Marsch,102/111,Common,N1
Super-Angel,103/111,Common,N1
Finsternis-Energie,104/111,Rare,N1
Recycle-Energie,105/111,Rare,N1
Kampfenergie,106/111,,N1
Feuerenergie,107/111,,N1
Pflanzenenergie,108/111,,N1
Elektroenergie,109/111,,N1
Psychoenergie,110/111,,N1
Wasserenergie,111/111,,N1
Ampharos,1/64,Rare Holo,N3
Heiteira,2/64,Rare Holo,N3
Celebi,3/64,Rare Holo,N3
Iksbat,4/64,Rare Holo,N3
Botogel,5/64,Rare Holo,N3
Entei,6/64,Rare Holo,N3
Ho-oh,7/64,Rare Holo,N3
Hundemon,8/64,Rare Holo,N3
Papungha,9/64,Rare Holo,N3
Magneton,10/64,Rare Holo,N3
Traunfugil,11/64,Rare Holo,N3
Porygon2,12/64,Rare Holo,N3
Raikou,13/64,Rare Holo,N3
Suicune,14/64,Rare Holo,N3
Aerodactyl,15/64,Rare,N3
Celebi,16/64,Rare,N3
Entei,17/64,Rare,N3
Ho-oh,18/64,Rare,N3
Seedraking,19/64,Rare,N3
Lugia,20/64,Rare,N3
Raichu,21/64,Rare,N3
Raikou,22/64,Rare,N3
Panzaeron,23/64,Rare,N3
Sniebel,24/64,Rare,N3
Starmie,25/64,Rare,N3
Mogelbaum,26/64,Rare,N3
Suicune,27/64,Rare,N3
Waaty,28/64,Uncommon,N3
Golbat,29/64,Uncommon,N3
Georok,30/64,Uncommon,N3
Rossana,31/64,Uncommon,N3
Lanturn,32/64,Uncommon,N3
Magcargo,33/64,Uncommon,N3
Octillery,34/64,Uncommon,N3
Parasek,35/64,Uncommon,N3
Keifel,36/64,Uncommon,N3
Golking,37/64,Uncommon,N3
Damhirplex,38/64,Uncommon,N3
Icognito B,39/64,Uncommon,N3
Icognito Y,40/64,Uncommon,N3
Griffel,41/64,Common,N3
Lampi,42/64,Common,N3
Porenta,43/64,Common,N3
Kleinstein,44/64,Common,N3
Goldini,45/64,Common,N3
Kramurx,46/64,Common,N3
Paras,47/64,Common,N3
Morlord,48/64,Common,N3
Baldorfish,49/64,Common,N3
Remoraid,50/64,Common,N3
Pottrott,51/64,Common,N3
Hubelupf,52/64,Common,N3
Schneckmag,53/64,Common,N3
Kussilla,54/64,Common,N3
Snubbull,55/64,Common,N3
Sterndu,56/64,Common,N3
Quiekel,57/64,Common,N3
Icognito K,58/64,Common,N3
Zubat,59/64,Common,N3
Ballonbeere,60/64,Uncommon,N3
Healing Field*,61/64,Uncommon,N3
Pokémon-Aufzuchtsfelder,62/64,Uncommon,N3
Rockets Versteck,63/64,Uncommon,N3
Angel,64/64,Common,N3
Schimmerndes Garados,65/64,Rare Shining,N3
Schimmerndes Karpador,66/64,Rare Shining,N3
Kyogre ex,1/40,Promo,NP
Groudon ex,2/40,Promo,NP
Treecko,3/40,Promo,NP
Grovyle,4/40,Promo,NP
Mudkip,5/40,Promo,NP
Torchic,6/40,Promo,NP
Treecko,7/40,Promo,NP
Torchic,8/40,Promo,NP
Combusken,9/40,Promo,NP
Mudkip,10/40,Promo,NP
Marshtomp,11/40,Promo,NP
Pikachu,12/40,Promo,NP
Meowth,13/40,Promo,NP
Latias,14/40,Promo,NP
Latios,15/40,Promo,NP
Treecko,16/40,Promo,NP
Torchic,17/40,Promo,NP
Mudkip,18/40,Promo,NP
Whismur,19/40,Promo,NP
Ludicolo,20/40,Promo,NP
Jirachi,21/40,Promo,NP
Beldum,22/40,Promo,NP
Metang,23/40,Promo,NP
Chimecho,24/40,Promo,NP
Flygon,25/40,Promo,NP
Tropical Wind,26/40,Promo,NP
Tropical Tidal Wave,27/40,Promo,NP
Championship Arena,28/40,Promo,NP
Celebi,29/40,Promo,NP
Suicune,30/40,Promo,NP
Moltres ex,31/40,Promo,NP
Articuno ex,32/40,Promo,NP
Zapdos ex,33/40,Promo,NP
Typhlosion,34/40,Promo,NP
Pikachu δ,35/40,Promo,NP
Tropical Tidal Wave,36/40,Promo,NP
Kyogre ex,37/40,Promo,NP
Groudon ex,38/40,Promo,NP
Rayquaza ex,39/40,Promo,NP
Mew,40/40,Promo,NP
Electabuzz,1/9,Promo,BOG
Hitmonchan,2/9,Promo,BOG
Professor Elm,3/9,Promo,BOG
Rocket's Scizor,4/9,Promo,BOG
Rocket's Sneasel,5/9,Promo,BOG
Dark Ivysaur,6/9,Promo,BOG
Dark Venusaur,7/9,Promo,BOG
Rocket's Mewtwo,8/9,Promo,BOG
Rocket's Hitmonchan,9/9,Promo,BOG
Pikachu on the Ball,1/5,,FUT20
Eevee on the Ball,2/5,,FUT20
Grookey on the Ball,3/5,,FUT20
Scorbunny on the Ball,4/5,,FUT20
Sobble on the Ball,5/5,,FUT20
Alakazam,1/110,Rare Holo,LC
Articuno,2/110,Rare Holo,LC
Charizard,3/110,Rare Holo,LC
Dark Blastoise,4/110,Rare Holo,LC
Dark Dragonite,5/110,Rare Holo,LC
Dark Persian,6/110,Rare Holo,LC
Dark Raichu,7/110,Rare Holo,LC
Dark Slowbro,8/110,Rare Holo,LC
Dark Vaporeon,9/110,Rare Holo,LC
Flareon,10/110,Rare Holo,LC
Gengar,11/110,Rare Holo,LC
Gyarados,12/110,Rare Holo,LC
Hitmonlee,13/110,Rare Holo,LC
Jolteon,14/110,Rare Holo,LC
Machamp,15/110,Rare Holo,LC
Muk,16/110,Rare Holo,LC
Ninetales,17/110,Rare Holo,LC
Venusaur,18/110,Rare Holo,LC
Zapdos,19/110,Rare Holo,LC
Beedrill,20/110,Rare,LC
Butterfree,21/110,Rare,LC
Electrode,22/110,Rare,LC
Exeggutor,23/110,Rare,LC
Golem,24/110,Rare,LC
Hypno,25/110,Rare,LC
Jynx,26/110,Rare,LC
Kabutops,27/110,Rare,LC
Magneton,28/110,Rare,LC
Mewtwo,29/110,Rare,LC
Moltres,30/110,Rare,LC
Nidoking,31/110,Rare,LC
Nidoqueen,32/110,Rare,LC
Pidgeot,33/110,Rare,LC
Pidgeotto,34/110,Rare,LC
Rhydon,35/110,Rare,LC
Arcanine,36/110,Uncommon,LC
Charmeleon,37/110,Uncommon,LC
Dark Dragonair,38/110,Uncommon,LC
Dark Wartortle,39/110,Uncommon,LC
Dewgong,40/110,Uncommon,LC
Dodrio,41/110,Uncommon,LC
Fearow,42/110,Uncommon,LC
Golduck,43/110,Uncommon,LC
Graveler,44/110,Uncommon,LC
Growlithe,45/110,Uncommon,LC
Haunter,46/110,Uncommon,LC
Ivysaur,47/110,Uncommon,LC
Kabuto,48/110,Uncommon,LC
Kadabra,49/110,Uncommon,LC
Kakuna,50/110,Uncommon,LC
Machoke,51/110,Uncommon,LC
Magikarp,52/110,Uncommon,LC
Meowth,53/110,Uncommon,LC
Metapod,54/110,Uncommon,LC
Nidorina,55/110,Uncommon,LC
Nidorino,56/110,Uncommon,LC
Omanyte,57/110,Uncommon,LC
Omastar,58/110,Uncommon,LC
Primeape,59/110,Uncommon,LC
Rapidash,60/110,Uncommon,LC
Raticate,61/110,Uncommon,LC
Sandslash,62/110,Uncommon,LC
Seadra,63/110,Uncommon,LC
Snorlax,64/110,Uncommon,LC
Tauros,65/110,Uncommon,LC
Tentacruel,66/110,Uncommon,LC
Abra,67/110,Common,LC
Bulbasaur,68/110,Common,LC
Caterpie,69/110,Common,LC
Charmander,70/110,Common,LC
Doduo,71/110,Common,LC
Dratini,72/110,Common,LC
Drowzee,73/110,Common,LC
Eevee,74/110,Common,LC
Exeggcute,75/110,Common,LC
Gastly,76/110,Common,LC
Geodude,77/110,Common,LC
Grimer,78/110,Common,LC
Machop,79/110,Common,LC
Magnemite,80/110,Common,LC
Mankey,81/110,Common,LC
Nidoran ♀,82/110,Common,LC
Nidoran ♂,83/110,Common,LC
Onix,84/110,Common,LC
Pidgey,85/110,Common,LC
Pikachu,86/110,Common,LC
Ponyta,87/110,Common,LC
Psyduck,88/110,Common,LC
Rattata,89/110,Common,LC
Rhyhorn,90/110,Common,LC
Sandshrew,91/110,Common,LC
Seel,92/110,Common,LC
Slowpoke,93/110,Common,LC
Spearow,94/110,Common,LC
Squirtle,95/110,Common,LC
Tentacool,96/110,Common,LC
Voltorb,97/110,Common,LC
Vulpix,98/110,Common,LC
Weedle,99/110,Common,LC
Full Heal Energy,100/110,Uncommon,LC
Potion Energy,101/110,Uncommon,LC
Pokémon Breeder,102/110,Rare,LC
Pokémon Trader,103/110,Rare,LC
Scoop Up,104/110,Rare,LC
The Boss's Way,105/110,Uncommon,LC
Challenge!,106/110,Uncommon,LC
Energy Retrieval,107/110,Uncommon,LC
Bill,108/110,Common,LC
Mysterious Fossil,109/110,Common,LC
Potion,110/110,Common,LC
Serpifeu,1/12,,MCD11
Maracamba,2/12,,MCD11
Floink,3/12,,MCD11
Ottaro,4/12,,MCD11
Mamolida,5/12,,MCD11
Elezeba,6/12,,MCD11
Somniam,7/12,,MCD11
Ganovil,8/12,,MCD11
Zorua,9/12,,MCD11
Klikk,10/12,,MCD11
Dusselgurr,11/12,,MCD11
Ohrdoch,12/12,,MCD11
Servine,1/12,,MCD12
Pansage,2/12,,MCD12
Dwebble,3/12,,MCD12
Pignite,4/12,,MCD12
Dewott,5/12,,MCD12
Emolga,6/12,,MCD12
Woobat,7/12,,MCD12
Drilbur,8/12,,MCD12
Purrloin,9/12,,MCD12
Scraggy,10/12,,MCD12
Klang,11/12,,MCD12
Axew,12/12,,MCD12
Weedle,1/12,,MCD14
Chespin,2/12,,MCD14
Fennekin,3/12,,MCD14
Froakie,4/12,,MCD14
Pikachu,5/12,,MCD14
Inkay,6/12,,MCD14
Honedge,7/12,,MCD14
Snubbull,8/12,,MCD14
Swirlix,9/12,,MCD14
Bunnelby,10/12,,MCD14
Fletchling,11/12,,MCD14
Furfrou,12/12,,MCD14
Treecko,1/12,,MCD15
Lotad,2/12,,MCD15
Torchic,3/12,,MCD15
Staryu,4/12,,MCD15
Mudkip,5/12,,MCD15
Pikachu,6/12,,MCD15
Electrike,7/12,,MCD15
Rhyhorn,8/12,Common,MCD15
Meditite,9/12,,MCD15
Marill,10/12,,MCD15
Zigzagoon,11/12,,MCD15
Skitty,12/12,,MCD15
Vulpix,1/12,,MCD16
Torchic,2/12,,MCD16
Fennekin,3/12,,MCD16
Magikarp,4/12,,MCD16
Totodile,5/12,,MCD16
Pikachu,6/12,,MCD16
Scraggy,7/12,,MCD16
Jigglypuff,8/12,,MCD16
Togepi,9/12,,MCD16
Dedenne,10/12,,MCD16
Meowth,11/12,,MCD16
Eevee,12/12,,MCD16
Rowlet,1/12,,MCD17
Grubbin,2/12,,MCD17
Litten,3/12,,MCD17
Popplio,4/12,,MCD17
Pikachu,5/12,,MCD17
Cosmog,6/12,,MCD17
Crabrawler,7/12,,MCD17
Alolan Meowth,8/12,,MCD17
Alolan Diglett,9/12,,MCD17
Cutiefly,10/12,,MCD17
Pikipek,11/12,,MCD17
Yungoos,12/12,,MCD17
Growlithe,1/12,,MCD18
Psyduck,2/12,,MCD18
Horsea,3/12,,MCD18
Pikachu,4/12,,MCD18
Slowpoke,5/12,,MCD18
Machop,6/12,,MCD18
Cubone,7/12,,MCD18
Magnemite,8/12,,MCD18
Dratini,9/12,,MCD18
Chansey,10/12,,MCD18
Eevee,11/12,,MCD18
Porygon,12/12,,MCD18
Raupy,1/12,,MCD19
Alola-Kokowei,2/12,,MCD19
Magmar,3/12,,MCD19
Alola-Sandan,4/12,,MCD19
Lapras,5/12,,MCD19
Pikachu,6/12,,MCD19
Nebulak,7/12,,MCD19
Menki,8/12,,MCD19
Onix,9/12,,MCD19
Alola-Mauzi,10/12,,MCD19
Alola-Digdri,11/12,,MCD19
Evoli,12/12,,MCD19
Bisasam,1/25,,MCD21
Endivie,2/25,,MCD21
Geckarbor,3/25,,MCD21
Chelast,4/25,,MCD21
Serpifeu,5/25,,MCD21
Igamaro,6/25,,MCD21
Bauz,7/25,,MCD21
Chimpep,8/25,,MCD21
Glumanda,9/25,,MCD21
Feurigel,10/25,,MCD21
Flemmli,11/25,,MCD21
Panflam,12/25,,MCD21
Floink,13/25,,MCD21
Fynx,14/25,,MCD21
Flamiau,15/25,,MCD21
Hopplo,16/25,,MCD21
Schiggy,17/25,,MCD21
Karnimani,18/25,,MCD21
Hydropi,19/25,,MCD21
Plinfa,20/25,,MCD21
Ottaro,21/25,,MCD21
Froxy,22/25,,MCD21
Robball,23/25,,MCD21
Memmeon,24/25,,MCD21
Pikachu,25/25,,MCD21
Ledyba,1/15,,MCD22
Bauz,2/15,,MCD22
Cottini,3/15,,MCD22
Fukano,4/15,,MCD22
Victini,5/15,,MCD22
Lapras,6/15,,MCD22
Pikachu,7/15,,MCD22
Lampi,8/15,,MCD22
Waaty,9/15,,MCD22
Zapplardin,10/15,,MCD22
Wommel,11/15,,MCD22
Kosturso,12/15,,MCD22
Pandagro,13/15,,MCD22
Sen-Long,14/15,,MCD22
Farbeagle,15/15,,MCD22
Venusaur,1/16,,RM
Cherrim,2/16,,RM
Ninetales,3/16,,RM
Heatran,4/16,,RM
Starmie,5/16,,RM
Gyarados,6/16,,RM
Pikachu,7/16,,RM
Zapdos,8/16,,RM
Mewtwo,9/16,,RM
Mew,10/16,,RM
Diglett,11/16,,RM
Lucario,12/16,,RM
Skuntank,13/16,,RM
Bastiodon,14/16,,RM
Rattata,15/16,,RM
Bibarel,16/16,,RM
Mew,1/18,,SI
Pidgeot,2/18,,SI
Onix,3/18,,SI
Togepi,4/18,,SI
Ivysaur,5/18,,SI
Raticate,6/18,,SI
Ledyba,7/18,,SI
Jigglypuff,8/18,,SI
Butterfree,9/18,,SI
Tentacruel,10/18,,SI
Marill,11/18,,SI
Lapras,12/18,,SI
Exeggutor,13/18,,SI
Slowking,14/18,,SI
Wartortle,15/18,,SI
Lickitung,16/18,,SI
Vileplume,17/18,,SI
Primeape,18/18,,SI
Glurak,1/99,Rare Holo,AR
Frosdedje,2/99,Rare Holo,AR
Heatran,3/99,Rare Holo,AR
Kabutops,4/99,Rare Holo,AR
Luxtra,5/99,Rare Holo,AR
Moterpel,6/99,Rare Holo,AR
Voluminas,7/99,Rare Holo,AR
Brutalanda,8/99,Rare Holo,AR
Schlukwech,9/99,Rare Holo,AR
Tangoloss,10/99,Rare Holo,AR
Toxiquak,11/99,Rare Holo,AR
Zapdos G,12/99,Rare Holo,AR
Aerodactyl,13/99,Rare,AR
Bronzong,14/99,Rare,AR
Kinoso,15/99,Rare,AR
Gengar,16/99,Rare,AR
Gengar,17/99,Rare,AR
Firnontor,18/99,Rare,AR
Geowaz,19/99,Rare,AR
Hariyama,20/99,Rare,AR
Schlapor,21/99,Rare,AR
Voltenso,22/99,Rare,AR
Amoroso,23/99,Rare,AR
Pelipper,24/99,Rare,AR
Pichu,25/99,Rare,AR
Porygon-Z G,26/99,Rare,AR
Raichu,27/99,Rare,AR
Gallopa,28/99,Rare,AR
Rattikarl,29/99,Rare,AR
Gewaldro,30/99,Rare,AR
Gewaldro,31/99,Rare,AR
Kryppuk,32/99,Rare,AR
Bronzong,33/99,Uncommon,AR
Bronzel,34/99,Uncommon,AR
Glutexo,35/99,Uncommon,AR
Nebulak,36/99,Uncommon,AR
Georok,37/99,Uncommon,AR
Reptain,38/99,Uncommon,AR
Reptain,39/99,Uncommon,AR
Schluppuck,40/99,Uncommon,AR
Alpollo,41/99,Uncommon,AR
Alpollo,42/99,Uncommon,AR
Luxio,43/99,Uncommon,AR
Voltenso,44/99,Uncommon,AR
Pelipper,45/99,Uncommon,AR
Ponita,46/99,Uncommon,AR
Gallopa,47/99,Uncommon,AR
Draschel,48/99,Uncommon,AR
Burmadame Pflanzenumhang,49/99,Uncommon,AR
Burmadame Sandumhang,50/99,Uncommon,AR
Burmadame Lumpenumhang,51/99,Uncommon,AR
Kindwurm,52/99,Common,AR
Bibor G,53/99,Common,AR
Bronzel,54/99,Common,AR
Haspiror,55/99,Common,AR
Burmy Pflanzenumhang,56/99,Common,AR
Burmy Sandumhang,57/99,Common,AR
Burmy Lumpenumhang,58/99,Common,AR
Glumanda,59/99,Common,AR
Kikugi,60/99,Common,AR
Glibunkel,61/99,Common,AR
Frizelbliz,62/99,Common,AR
Frizelbliz,63/99,Common,AR
Nebulak,64/99,Common,AR
Kleinstein,65/99,Common,AR
Schluppuck,66/99,Common,AR
Kabuto,67/99,Common,AR
Makuhita,68/99,Common,AR
Nasgnet,69/99,Common,AR
Amonitas,70/99,Common,AR
Pikachu,71/99,Common,AR
Ponita,72/99,Common,AR
Rattfratz,73/99,Common,AR
Sheinux,74/99,Common,AR
Schneppke,75/99,Common,AR
Tangela,76/99,Common,AR
Tangela,77/99,Common,AR
Geckarbor,78/99,Common,AR
Geckarbor,79/99,Common,AR
Wingull,80/99,Common,AR
Wingull,81/99,Common,AR
Tor des Ursprungs,82/99,Uncommon,AR
Bank-Schutzschild,83/99,Uncommon,AR
Dämpfender Talisman,84/99,Uncommon,AR
Kaufhausmädchen,85/99,Uncommon,AR
Energiewiederherstellung,86/99,Uncommon,AR
Expertengurt,87/99,Uncommon,AR
Glücks-Ei,88/99,Uncommon,AR
Altbernstein,89/99,Common,AR
Professor Eichs Besuch,90/99,Uncommon,AR
Ultimativ-Zone,91/99,Uncommon,AR
Domfossil,92/99,Common,AR
Helixfossil,93/99,Common,AR
Arceus,94/99,Rare Holo LV.X,AR
Arceus,95/99,Rare Holo LV.X,AR
Arceus,96/99,Rare Holo LV.X,AR
Gengar,97/99,Rare Holo LV.X,AR
Brutalanda,98/99,Rare Holo LV.X,AR
Tangoloss,99/99,Rare Holo LV.X,AR
Kindwurm,SH10/99,Rare,AR
Ponita,SH11/99,Rare,AR
Sheinux,SH12/99,Rare,AR
Arceus,AR1/99,Rare,AR
Arceus,AR2/99,Rare,AR
Arceus,AR3/99,Rare,AR
Arceus,AR4/99,Rare,AR
Arceus,AR5/99,Rare,AR
Arceus,AR6/99,Rare,AR
Arceus,AR7/99,Rare,AR
Arceus,AR8/99,Rare,AR
Arceus,AR9/99,Rare,AR
Ampharos,1/127,Rare Holo,PL
Turtok,2/127,Rare Holo,PL
Lohgock,3/127,Rare Holo,PL
Enekoro,4/127,Rare Holo,PL
Dialga,5/127,Rare Holo,PL
Dialga,6/127,Rare Holo,PL
Dialga G,7/127,Rare Holo,PL
Guardevoir,8/127,Rare Holo,PL
Giratina,9/127,Rare Holo,PL
Giratina,10/127,Rare Holo,PL
Voltenso,11/127,Rare Holo,PL
Palkia G,12/127,Rare Holo,PL
Rameidon,13/127,Rare Holo,PL
Shaymin,14/127,Rare Holo,PL
Shaymin,15/127,Rare Holo,PL
Letarking,16/127,Rare Holo,PL
Snibunna G,17/127,Rare Holo,PL
Altaria,18/127,Rare,PL
Banette,19/127,Rare,PL
Bollterus,20/127,Rare,PL
Papinella,21/127,Rare,PL
Heiteira,22/127,Rare,PL
Dialga,23/127,Rare,PL
Digdri,24/127,Rare,PL
Pudox,25/127,Rare,PL
Impoleon,26/127,Rare,PL
Giratina,27/127,Rare,PL
Giratina,28/127,Rare,PL
Entoron,29/127,Rare,PL
Garados G,30/127,Rare,PL
Panferno,31/127,Rare,PL
Zirpeise,32/127,Rare,PL
Schlurplek,33/127,Rare,PL
Kappalores,34/127,Rare,PL
Liebiskus,35/127,Rare,PL
Vulnona,36/127,Rare,PL
Palkia,37/127,Rare,PL
Shaymin,38/127,Rare,PL
Chelterrar,39/127,Rare,PL
Toxiquak G,40/127,Rare,PL
Bronzong G,41/127,Uncommon,PL
Noktuska,42/127,Uncommon,PL
Venuflibis,43/127,Uncommon,PL
Panekon,44/127,Uncommon,PL
Junglut,45/127,Uncommon,PL
Koknodon,46/127,Uncommon,PL
Iksbat G,47/127,Uncommon,PL
Waaty,48/127,Uncommon,PL
Chelcarain,49/127,Uncommon,PL
Hundemon G,50/127,Uncommon,PL
Kirlia,51/127,Uncommon,PL
Lombrero,52/127,Uncommon,PL
Lucario,53/127,Uncommon,PL
Magnayen,54/127,Uncommon,PL
Traunmagil,55/127,Uncommon,PL
Panpyro,56/127,Uncommon,PL
Sleimok,57/127,Uncommon,PL
Octillery,58/127,Uncommon,PL
Pliprin,59/127,Uncommon,PL
Voluminas,60/127,Uncommon,PL
Vipitis,61/127,Uncommon,PL
Schilterus,62/127,Uncommon,PL
Schaloko,63/127,Uncommon,PL
Muntier,64/127,Uncommon,PL
Schillok,65/127,Uncommon,PL
Sengo,66/127,Uncommon,PL
Tuska,67/127,Common,PL
Venuflibis,68/127,Common,PL
Chaneira,69/127,Common,PL
Panflam,70/127,Common,PL
Wadribie,71/127,Common,PL
Digda,72/127,Common,PL
Dummisel,73/127,Common,PL
Frizelbliz,74/127,Common,PL
Sleima,75/127,Common,PL
Wonneira,76/127,Common,PL
Kramshef G,77/127,Common,PL
Zirpurze,78/127,Common,PL
Lapras,79/127,Common,PL
Schlurp,80/127,Common,PL
Loturzel,81/127,Common,PL
Voltilamm,82/127,Common,PL
Traunfugil,83/127,Common,PL
Nasgnet,84/127,Common,PL
Plinfa,85/127,Common,PL
Fiffyen,86/127,Common,PL
Enton,87/127,Common,PL
Shnurgarst G,88/127,Common,PL
Trasla,89/127,Common,PL
Remoraid,90/127,Common,PL
Riolu,91/127,Common,PL
Shuppet,92/127,Common,PL
Eneco,93/127,Common,PL
Skuntank G,94/127,Common,PL
Bummelz,95/127,Common,PL
Schiggy,96/127,Common,PL
Wablu,97/127,Common,PL
Tauros,98/127,Common,PL
Flemmli,99/127,Common,PL
Qurtel,100/127,Common,PL
Chelast,101/127,Common,PL
Vulpix,102/127,Common,PL
Waumpel,103/127,Common,PL
Raum-Zeit-Anomalie,104/127,Uncommon,PL
Zyrus' Komplott,105/127,Uncommon,PL
Galaktik-Zentrale,106/127,Uncommon,PL
Level Max.,107/127,Uncommon,PL
Lebenskräuter,108/127,Uncommon,PL
LeBelles Recherche,109/127,Uncommon,PL
Erinnerungsbeere,110/127,Uncommon,PL
Gifthauchtal,111/127,Uncommon,PL
PlusPower,112/127,Uncommon,PL
Pokéball,113/127,Uncommon,PL
Pokédex HANDY910is,114/127,Uncommon,PL
Pokémon-Rettungsaktion,115/127,Uncommon,PL
Team Galaktiks Erfindung G-101 Energiegewinn,116/127,Uncommon,PL
Team Galaktiks Erfindung G-103 Kraftspray,117/127,Uncommon,PL
Team Galaktiks Erfindung G-105 Poké-Dreher,118/127,Uncommon,PL
Schildfossil,119/127,Common,PL
Kopffossil,120/127,Common,PL
Regenbogen-Energie,121/127,Uncommon,PL
Dialga G,122/127,Rare Holo LV.X,PL
Piondragi,123/127,Rare Holo LV.X,PL
Giratina,124/127,Rare Holo LV.X,PL
Palkia G,125/127,Rare Holo LV.X,PL
Shaymin,126/127,Rare Holo LV.X,PL
Shaymin,127/127,Rare Holo LV.X,PL
Elektek,128/127,Rare Secret,PL
Nockchan,129/127,Rare Secret,PL
Sichlor,130/127,Rare Secret,PL
Loturzel,SH4/127,Rare,PL
Wablu,SH5/127,Rare,PL
Vulpix,SH6/127,Rare,PL
Arkani,1/111,Rare Holo,RR
Bollterus GL,2/111,Rare Holo,RR
Darkrai G,3/111,Rare Holo,RR
Bojelin GL,4/111,Rare Holo,RR
Libelldra,5/111,Rare Holo,RR
Frosdeje GL,6/111,Rare Holo,RR
Jirachi,7/111,Rare Holo,RR
Lucario GL,8/111,Rare Holo,RR
Luxtra GL,9/111,Rare Holo,RR
Traunmagil GL,10/111,Rare Holo,RR
Rameidon GL,11/111,Rare Holo,RR
Roserade GL,12/111,Rare Holo,RR
Tengulist,13/111,Rare Holo,RR
Stolloss,14/111,Rare,RR
Bibor,15/111,Rare,RR
Bronzong 4,16/111,Rare,RR
Piondragi 4,17/111,Rare,RR
Psiana 4,18/111,Rare,RR
Flamara,19/111,Rare,RR
Galagladi 4,20/111,Rare,RR
Gastrodon Östliches Meer,21/111,Rare,RR
Gastrodon Westliches Meer,22/111,Rare,RR
Geowaz 4,23/111,Rare,RR
Skaraborn 4,24/111,Rare,RR
Hippoterus,25/111,Rare,RR
Blitza,26/111,Rare,RR
Mamutel GL,27/111,Rare,RR
Pantimos 4,28/111,Rare,RR
Nidoking,29/111,Rare,RR
Nidoqueen,30/111,Rare,RR
Raichu GL,31/111,Rare,RR
Rihornior 4,32/111,Rare,RR
Relaxo,33/111,Rare,RR
Aquana,34/111,Rare,RR
Honweisel 4,35/111,Rare,RR
Walraisa,36/111,Rare,RR
Yanmega 4,37/111,Rare,RR
Simsala 4,38/111,Uncommon,RR
Lektrobal G,39/111,Uncommon,RR
Gengar GL,40/111,Uncommon,RR
Glaziola,41/111,Uncommon,RR
Hippoterus 4,42/111,Uncommon,RR
Panferno 4,43/111,Uncommon,RR
Stollrak,44/111,Uncommon,RR
Folipurba,45/111,Uncommon,RR
Machomei GL,46/111,Uncommon,RR
Gallopa 4,47/111,Uncommon,RR
Scherox 4,48/111,Uncommon,RR
Tohaido,49/111,Uncommon,RR
Starmie,50/111,Uncommon,RR
Stahlos GL,51/111,Uncommon,RR
Tropius,52/111,Uncommon,RR
Vibrava,53/111,Uncommon,RR
Welsar 4,54/111,Uncommon,RR
Aerodactyl GL,55/111,Common,RR
Ambidiffel G,56/111,Common,RR
Stollunior,57/111,Common,RR
Kanivanha,58/111,Common,RR
Evoli,59/111,Common,RR
Flamara 4,60/111,Common,RR
Forstellka G,61/111,Common,RR
Skorgo 4,62/111,Common,RR
Fukano,63/111,Common,RR
Hippopotas,64/111,Common,RR
Hundemon 4,65/111,Common,RR
Kokuna,66/111,Common,RR
Kecleon,67/111,Common,RR
Smogon,68/111,Common,RR
Mampfaxo,69/111,Common,RR
Mampfaxo,70/111,Common,RR
Nidoran w,71/111,Common,RR
Nidoran m,72/111,Common,RR
Nidorina,73/111,Common,RR
Nidorino,74/111,Common,RR
Blanas,75/111,Common,RR
Morlord GL,76/111,Common,RR
Seejong,77/111,Common,RR
Samurzel,78/111,Common,RR
Schalellos Östliches Meer,79/111,Common,RR
Schalellos Westliches Meer,80/111,Common,RR
Relaxo,81/111,Common,RR
Seemops,82/111,Common,RR
Sterndu,83/111,Common,RR
Knacklion,84/111,Common,RR
Chelast GL,85/111,Common,RR
Hornliu,86/111,Common,RR
Smogmog,87/111,Common,RR
Herbaros Sammlung,88/111,Uncommon,RR
Lanas Suche,89/111,Uncommon,RR
Teresas Herzlichkeit,90/111,Uncommon,RR
Ignaz' Willensstärke,91/111,Uncommon,RR
Lucians Auftrag,92/111,Uncommon,RR
Pokémon-Wettbewerbshalle,93/111,Uncommon,RR
Sonnewik-Arena,94/111,Uncommon,RR
Team Galaktiks Erfindung G-107 Technische Maschine,95/111,Uncommon,RR
Team Galaktiks Erfindung G-109 SP Radar,96/111,Uncommon,RR
Expedition ins Unterirdische,97/111,Uncommon,RR
Volkners Philosophie,98/111,Uncommon,RR
Finsternis-Energie,99/111,Uncommon,RR
Metall-Energie,100/111,Uncommon,RR
SP-Energie,101/111,Uncommon,RR
Aufputsch-Energie,102/111,Uncommon,RR
Simsala 4,103/111,Rare Holo LV.X,RR
Bojelin GL,104/111,Rare Holo LV.X,RR
Libelldra,105/111,Rare Holo LV.X,RR
Galagladi 4,106/111,Rare Holo LV.X,RR
Hippoterus,107/111,Rare Holo LV.X,RR
Panferno 4,108/111,Rare Holo LV.X,RR
Luxtra GL,109/111,Rare Holo LV.X,RR
Traunmagil GL,110/111,Rare Holo LV.X,RR
Relaxo,111/111,Rare Holo LV.X,RR
Pikachu,112/111,Rare Secret,RR
Fliegendes Pikachu,113/111,Rare Secret,RR
Surfendes Pikachu,114/111,Rare Secret,RR
Wirbel-Rotom,RT1/111,Rare,RR
Frost-Rotom,RT2/111,Rare,RR
Hitze-Rotom,RT3/111,Rare,RR
Schneid-Rotom,RT4/111,Rare,RR
Wasch-Rotom,RT5/111,Rare,RR
Charons Wahl,RT6/111,Rare,RR
Absol G,1/147,Rare Holo,SV
Lohgock FB,2/147,Rare Holo,SV
Drifzepeli FB,3/147,Rare Holo,SV
Elevoltek FB,4/147,Rare Holo,SV
Knakrack,5/147,Rare Holo,SV
Magbrant,6/147,Rare Holo,SV
Metagross,7/147,Rare Holo,SV
Rayquaza C,8/147,Rare Holo,SV
Regigigas FB,9/147,Rare Holo,SV
Rihornior,10/147,Rare Holo,SV
Staraptor FB,11/147,Rare Holo,SV
Sumpex,12/147,Rare Holo,SV
Bisaflor,13/147,Rare Holo,SV
Yanmega,14/147,Rare Holo,SV
Arkani G,15/147,Rare,SV
Arktos,16/147,Rare,SV
Smettbo FB,17/147,Rare,SV
Camerupt,18/147,Rare,SV
Camerupt G,19/147,Rare,SV
Glurak G,20/147,Rare,SV
Palimpalim,21/147,Rare,SV
Lepumentas,22/147,Rare,SV
Krebutack G,23/147,Rare,SV
Jugong,24/147,Rare,SV
Dodri,25/147,Rare,SV
Zwirrfinst FB,26/147,Rare,SV
Impoleon FB,27/147,Rare,SV
Krawumms,28/147,Rare,SV
Kramshef,29/147,Rare,SV
Schlurplek C,30/147,Rare,SV
Lucario C,31/147,Rare,SV
Lunastein,32/147,Rare,SV
Flunkifer,33/147,Rare,SV
Meditalis,34/147,Rare,SV
Milotic C,35/147,Rare,SV
Lavados,36/147,Rare,SV
Pantimos,37/147,Rare,SV
Parasek,38/147,Rare,SV
Rasaff,39/147,Rare,SV
Roserade C,40/147,Rare,SV
Zobiris G,41/147,Rare,SV
Sandamer,42/147,Rare,SV
Golking,43/147,Rare,SV
Ninjatom,44/147,Rare,SV
Sonnfel,45/147,Rare,SV
Pandir,46/147,Rare,SV
Wailord,47/147,Rare,SV
Zapdos,48/147,Rare,SV
Altaria C,49/147,Uncommon,SV
Arkani,50/147,Uncommon,SV
Bidifas,51/147,Uncommon,SV
Kapilz,52/147,Uncommon,SV
Venuflibis,53/147,Uncommon,SV
Plaudagei G,54/147,Uncommon,SV
Kinoso,55/147,Uncommon,SV
Dragoran FB,56/147,Uncommon,SV
Drifzepeli,57/147,Uncommon,SV
Bojelin,58/147,Uncommon,SV
Knarksel,59/147,Uncommon,SV
Knakrack C,60/147,Uncommon,SV
Hippopotas,61/147,Uncommon,SV
Bisaknosp,62/147,Uncommon,SV
Schlapor,63/147,Uncommon,SV
Krakeelo,64/147,Uncommon,SV
Magmar,65/147,Uncommon,SV
Voltenso G,66/147,Uncommon,SV
Moorabbel,67/147,Uncommon,SV
Maskeregen,68/147,Uncommon,SV
Metang,69/147,Uncommon,SV
Milotic,70/147,Uncommon,SV
Minun,71/147,Uncommon,SV
Kramurx,72/147,Uncommon,SV
Ninjask,73/147,Uncommon,SV
Camaub,74/147,Uncommon,SV
Pinsir,75/147,Uncommon,SV
Plusle,76/147,Uncommon,SV
Raichu,77/147,Uncommon,SV
Rattikarl G,78/147,Uncommon,SV
Relicanth,79/147,Uncommon,SV
Rizeros,80/147,Uncommon,SV
Roserade,81/147,Uncommon,SV
Rotom,82/147,Uncommon,SV
Panzaeron FB,83/147,Uncommon,SV
Kryppuk C,84/147,Uncommon,SV
Staravia,85/147,Uncommon,SV
Togekiss C,86/147,Uncommon,SV
Wailmer,87/147,Uncommon,SV
Yanma,88/147,Uncommon,SV
Puppance,89/147,Common,SV
Tanhel,90/147,Common,SV
Biditza,91/147,Common,SV
Bamelin,92/147,Common,SV
Bisasam,93/147,Common,SV
Haspiror,94/147,Common,SV
Plaudagei,95/147,Common,SV
Kikugi,96/147,Common,SV
Panflam,97/147,Common,SV
Klingplim,98/147,Common,SV
Wadribie,99/147,Common,SV
Krebscorps,100/147,Common,SV
Glibunkel,101/147,Common,SV
Dodu,102/147,Common,SV
Driftlon,103/147,Common,SV
Barschwa,104/147,Common,SV
Kleinstein,105/147,Common,SV
Kaumalat,106/147,Common,SV
Goldini,107/147,Common,SV
Fukano,108/147,Common,SV
Zirpurze,109/147,Common,SV
Karpador,110/147,Common,SV
Magnetilo,111/147,Common,SV
Menki,112/147,Common,SV
Meditie,113/147,Common,SV
Mauzi,114/147,Common,SV
Pantimimi,115/147,Common,SV
Hydropi,116/147,Common,SV
Nincada,117/147,Common,SV
Pachirisu,118/147,Common,SV
Paras,119/147,Common,SV
Pikachu,120/147,Common,SV
Plinfa,121/147,Common,SV
Rihorn,122/147,Common,SV
Roselia,123/147,Common,SV
Sandan,124/147,Common,SV
Jurob,125/147,Common,SV
Sheinux,126/147,Common,SV
Kniltz,127/147,Common,SV
Pionskora,128/147,Common,SV
Staralilli,129/147,Common,SV
Gehweiher,130/147,Common,SV
Chelast,131/147,Common,SV
Flurmel,132/147,Common,SV
Zubat,133/147,Common,SV
Duellturm,134/147,Uncommon,SV
Kammer des Champs,135/147,Uncommon,SV
Cynthias Hilfe,136/147,Uncommon,SV
Zyrus' Entschlusskraft,137/147,Uncommon,SV
Nachtteleporter,138/147,Uncommon,SV
Viktors Beitrag,139/147,Uncommon,SV
Kampffahnder,140/147,Uncommon,SV
Absol G,141/147,Rare Holo LV.X,SV
Lohgock FB,142/147,Rare Holo LV.X,SV
Glurak G,143/147,Rare Holo LV.X,SV
Elevoltek FB,144/147,Rare Holo LV.X,SV
Knackrak C,145/147,Rare Holo LV.X,SV
Rayquaza C,146/147,Rare Holo LV.X,SV
Staraptor FB,147/147,Rare Holo LV.X,SV
Arktos,148/147,Rare Secret,SV
Lavados,149/147,Rare Secret,SV
Zapdos,150/147,Rare Secret,SV
Milotic,SH7/147,Rare,SV
Relicanth,SH8/147,Rare,SV
Yanma,SH9/147,Rare,SV
Lohgock,1/17,Rare,P1
Metagross,2/17,Rare,P1
Rayquaza,3/17,Rare,P1
Gewaldro,4/17,Rare,P1
Sumpex,5/17,Rare,P1
Papinella,6/17,Uncommon,P1
Maskergen,7/17,Uncommon,P1
Kramurx,8/17,Uncommon,P1
Pupitar,9/17,Uncommon,P1
Qurtel,10/17,Uncommon,P1
Larvitar,11/17,Common,P1
Minun,12/17,Common,P1
Plusle,13/17,Common,P1
Gehweiher,14/17,Common,P1
Schwalboss,15/17,Common,P1
Armaldo-ex,16/17,Rare,P1
Despotar-ex,17/17,Rare,P1
Entei,1/17,Rare,P2
Tauboss,2/17,Rare,P2
Raikou,3/17,Rare,P2
Suicune,4/17,Rare,P2
Tauros,5/17,Rare,P2
Bisaflor,6/17,Rare,P2
Bisaknosp,7/17,Uncommon,P2
Mr. Bracks Mitgefühl,8/17,Uncommon,P2
Vielzweckmaschine 01,9/17,Uncommon,P2
Pokémon Park*,10/17,Uncommon,P2
TV Reporter,11/17,Uncommon,P2
Bisasam,12/17,Common,P2
Tuska,13/17,Common,P2
Liebiskus,14/17,Common,P2
Phanpy,15/17,Common,P2
Pikachu,16/17,Common,P2
Celebi-ex,17/17,Rare,P2
Turtok,1/17,Rare,P3
Flamara,2/17,Rare,P3
Blitza,3/17,Rare,P3
Minun,4/17,Rare,P3
Plusle,5/17,Rare,P3
Aquana,6/17,Rare,P3
Jungglut,7/17,Uncommon,P3
Donphan,8/17,Uncommon,P3
Forstellka,9/17,Uncommon,P3
Hochdrucksystem,10/17,Uncommon,P3
Tiefdrucksystem,11/17,Uncommon,P3
Ditto,12/17,Common,P3
Evoli,13/17,Common,P3
Bisaknosp,14/17,Common,P3
Moorabbel,15/17,Common,P3
Gebrüder Pichu,16/17,Common,P3
Ho-oh-ex,17/17,Rare,P3
Palimpalim δ,1/17,Rare,P4
Deoxys δ,2/17,Rare,P4
Libelldra,3/17,Rare,P4
Mew,4/17,Rare,P4
Gewaldro,5/17,Rare,P4
Jungglut,6/17,Uncommon,P4
Reptain,7/17,Uncommon,P4
Heilungs-Energie,8/17,Uncommon,P4
Pokémon Fan Club,9/17,Uncommon,P4
Misch-Energie,10/17,Uncommon,P4
Hydropi,11/17,Common,P4
Taubsi,12/17,Common,P4
Pikachu,13/17,Common,P4
Schiggy,14/17,Common,P4
Geckarbor δ,15/17,Common,P4
Woingenau,16/17,Common,P4
Deoxys-ex,17/17,Rare,P4
Ho-Oh,1/17,Rare,P5
Lugia,2/17,Rare,P5
Mew δ,3/17,Rare,P5
Double Rainbow Energy,4/17,Rare,P5
Charmeleon δ,5/17,Uncommon,P5
Bill's Maintenance,6/17,Uncommon,P5
Rare Candy,7/17,Uncommon,P5
Boost Energy,8/17,Uncommon,P5
δ Rainbow Energy,9/17,Uncommon,P5
Charmander δ,10/17,Common,P5
Meowth δ,11/17,Common,P5
Pikachu,12/17,Common,P5
Pikachu δ,13/17,Common,P5
Pelipper δ,14/17,Common,P5
Zangoose δ,15/17,Common,P5
Espeon ★,16/17,Rare,P5
Umbreon ★,17/17,Rare,P5
Bollterus,1/17,Rare,P6
Lucario,2/17,Rare,P6
Manaphy,3/17,Rare,P6
Pachirisu,4/17,Rare,P6
Rameidon,5/17,Rare,P6
Driftlon,6/17,Uncommon,P6
Kaumalat,7/17,Uncommon,P6
Riolu,8/17,Uncommon,P6
Pikachu,9/17,Uncommon,P6
Staravia,10/17,Uncommon,P6
Bidiza,11/17,Common,P6
Haspiror,12/17,Common,P6
Kikugi,13/17,Common,P6
Panflam,14/17,Common,P6
Plinfa,15/17,Common,P6
Staralili,16/17,Common,P6
Chelast,17/17,Common,P6
Ampharos,1/17,Rare,P7
Galagladi,2/17,Rare,P7
Latias,3/17,Rare,P7
Latios,4/17,Rare,P7
Moterpel,5/17,Rare,P7
Botogel,6/17,Uncommon,P7
Waaty,7/17,Uncommon,P7
Kirlia,8/17,Uncommon,P7
Damhirplex,9/17,Uncommon,P7
Burmadame Sandumhang,10/17,Uncommon,P7
Burmy Pflanzenumhang,11/17,Common,P7
Burmy Sandumhang,12/17,Common,P7
Corasonn,13/17,Common,P7
Voltilamm,14/17,Common,P7
Trasla,15/17,Common,P7
Wiesor,16/17,Common,P7
Pandir,17/17,Common,P7
Heatran,1/17,Rare,P8
Lucario,2/17,Rare,P8
Luxtra,3/17,Rare,P8
Voluminas,4/17,Rare,P8
Yanmega,5/17,Rare,P8
Kinoso,6/17,Uncommon,P8
Venuflibis,7/17,Uncommon,P8
Luxio,8/17,Uncommon,P8
Nächtliche Wartung,9/17,Uncommon,P8
Sonderbonbon,10/17,Uncommon,P8
Roxanas Nachforschungen,11/17,Uncommon,P8
Panflam,12/17,Common,P8
Glibunkel,13/17,Common,P8
Wonneira,14/17,Common,P8
Plinfa,15/17,Common,P8
Riolu,16/17,Common,P8
Chelast,17/17,Common,P8
Knakrack,1/17,Rare,P9
Manaphy,2/17,Rare,P9
Raichu,3/17,Rare,P9
Regigigas,4/17,Rare,P9
Rotom,5/17,Rare,P9
Bamelin,6/17,Uncommon,P9
Glibunkel,7/17,Uncommon,P9
Knarksel,8/17,Uncommon,P9
Schlapor,9/17,Uncommon,P9
Pachirisu,10/17,Uncommon,P9
Pichu,11/17,Uncommon,P9
Haspiror,12/17,Common,P9
Panflam,13/17,Common,P9
Kaumalat,14/17,Common,P9
Pikachu,15/17,Common,P9
Plinfa,16/17,Common,P9
Chelast,17/17,Common,P9
Bisasam,1/165,Common,MEW
Bisaknosp,2/165,Uncommon,MEW
Bisaflor-ex,3/165,Double Rare,MEW
Glumanda,4/165,Common,MEW
Glutexo,5/165,Uncommon,MEW
Glurak-ex,6/165,Double Rare,MEW
Schiggy,7/165,Common,MEW
Schillok,8/165,Uncommon,MEW
Turtok-ex,9/165,Double Rare,MEW
Raupy,10/165,Common,MEW
Safcon,11/165,Common,MEW
Smettbo,12/165,Uncommon,MEW
Hornliu,13/165,Common,MEW
Kokuna,14/165,Common,MEW
Bibor,15/165,Rare,MEW
Taubsi,16/165,Common,MEW
Tauboga,17/165,Common,MEW
Tauboss,18/165,Uncommon,MEW
Rattfratz,19/165,Common,MEW
Rattikarl,20/165,Uncommon,MEW
Habitak,21/165,Common,MEW
Ibitak,22/165,Uncommon,MEW
Rettan,23/165,Common,MEW
Arbok-ex,24/165,Double Rare,MEW
Pikachu,25/165,Common,MEW
Raichu,26/165,Rare,MEW
Sandan,27/165,Common,MEW
Sandamer,28/165,Uncommon,MEW
Nidoran♀,29/165,Common,MEW
Nidorina,30/165,Uncommon,MEW
Nidoqueen,31/165,Uncommon,MEW
Nidoran♂,32/165,Common,MEW
Nidorino,33/165,Uncommon,MEW
Nidoking,34/165,Rare,MEW
Piepi,35/165,Common,MEW
Pixi,36/165,Uncommon,MEW
Vulpix,37/165,Common,MEW
Vulnona-ex,38/165,Double Rare,MEW
Pummeluff,39/165,Common,MEW
Knuddeluff-ex,40/165,Double Rare,MEW
Zubat,41/165,Common,MEW
Golbat,42/165,Uncommon,MEW
Myrapla,43/165,Common,MEW
Duflor,44/165,Uncommon,MEW
Giflor,45/165,Rare,MEW
Paras,46/165,Common,MEW
Parasek,47/165,Uncommon,MEW
Bluzuk,48/165,Common,MEW
Omot,49/165,Uncommon,MEW
Digda,50/165,Common,MEW
Digdri,51/165,Uncommon,MEW
Mauzi,52/165,Common,MEW
Snobilikat,53/165,Uncommon,MEW
Enton,54/165,Common,MEW
Entoron,55/165,Uncommon,MEW
Menki,56/165,Common,MEW
Rasaff,57/165,Uncommon,MEW
Fukano,58/165,Common,MEW
Arkani,59/165,Uncommon,MEW
Quapsel,60/165,Common,MEW
Quaputzi,61/165,Common,MEW
Quappo,62/165,Uncommon,MEW
Abra,63/165,Common,MEW
Kadabra,64/165,Uncommon,MEW
Simsala-ex,65/165,Double Rare,MEW
Machollo,66/165,Common,MEW
Maschock,67/165,Uncommon,MEW
Machomei,68/165,Rare,MEW
Knofensa,69/165,Common,MEW
Ultrigaria,70/165,Common,MEW
Sarzenia,71/165,Uncommon,MEW
Tentacha,72/165,Common,MEW
Tentoxa,73/165,Uncommon,MEW
Kleinstein,74/165,Common,MEW
Georok,75/165,Uncommon,MEW
Geowaz-ex,76/165,Double Rare,MEW
Ponita,77/165,Common,MEW
Gallopa,78/165,Uncommon,MEW
Flegmon,79/165,Common,MEW
Lahmus,80/165,Uncommon,MEW
Magnetilo,81/165,Common,MEW
Magneton,82/165,Uncommon,MEW
Porenta,83/165,Common,MEW
Dodu,84/165,Common,MEW
Dodri,85/165,Rare,MEW
Jurob,86/165,Common,MEW
Jugong,87/165,Uncommon,MEW
Sleima,88/165,Common,MEW
Sleimok,89/165,Uncommon,MEW
Muschas,90/165,Common,MEW
Austos,91/165,Uncommon,MEW
Nebulak,92/165,Common,MEW
Alpollo,93/165,Uncommon,MEW
Gengar,94/165,Rare,MEW
Onix,95/165,Uncommon,MEW
Traumato,96/165,Common,MEW
Hypno,97/165,Uncommon,MEW
Krabby,98/165,Common,MEW
Kingler,99/165,Uncommon,MEW
Voltobal,100/165,Common,MEW
Lektrobal,101/165,Rare,MEW
Owei,102/165,Common,MEW
Kokowei,103/165,Uncommon,MEW
Tragosso,104/165,Common,MEW
Knogga,105/165,Rare,MEW
Kicklee,106/165,Uncommon,MEW
Nockchan,107/165,Uncommon,MEW
Schlurp,108/165,Common,MEW
Smogon,109/165,Common,MEW
Smogmog,110/165,Rare,MEW
Rihorn,111/165,Common,MEW
Rizeros,112/165,Uncommon,MEW
Chaneira,113/165,Rare,MEW
Tangela,114/165,Common,MEW
Kangama-ex,115/165,Double Rare,MEW
Seeper,116/165,Common,MEW
Seemon,117/165,Uncommon,MEW
Goldini,118/165,Common,MEW
Golking,119/165,Uncommon,MEW
Sterndu,120/165,Common,MEW
Starmie,121/165,Rare,MEW
Pantimos,122/165,Rare,MEW
Sichlor,123/165,Uncommon,MEW
Rossana-ex,124/165,Double Rare,MEW
Elektek,125/165,Common,MEW
Magmar,126/165,Common,MEW
Pinsir,127/165,Uncommon,MEW
Tauros,128/165,Uncommon,MEW
Karpador,129/165,Common,MEW
Garados,130/165,Rare,MEW
Lapras,131/165,Uncommon,MEW
Ditto,132/165,Rare,MEW
Evoli,133/165,Common,MEW
Aquana,134/165,Rare,MEW
Blitza,135/165,Rare,MEW
Flamara,136/165,Rare,MEW
Porygon,137/165,Common,MEW
Amonitas,138/165,Uncommon,MEW
Amoroso,139/165,Rare,MEW
Kabuto,140/165,Uncommon,MEW
Kabutops,141/165,Rare,MEW
Aerodactyl,142/165,Rare,MEW
Relaxo,143/165,Uncommon,MEW
Arktos,144/165,Rare,MEW
Zapdos-ex,145/165,Double Rare,MEW
Lavados,146/165,Rare,MEW
Dratini,147/165,Common,MEW
Dragonir,148/165,Uncommon,MEW
Dragoran,149/165,Rare,MEW
Mewtu,150/165,Rare,MEW
Mew-ex,151/165,Double Rare,MEW
Antikes Domfossil,152/165,Common,MEW
Antikes Helixfossil,153/165,Common,MEW
Antiker Altbernstein,154/165,Common,MEW
Großer Luftballon,155/165,Uncommon,MEW
Bills Transfer,156/165,Uncommon,MEW
Radweg,157/165,Uncommon,MEW
Sarahs Hilfe,158/165,Uncommon,MEW
Energiesticker,159/165,Uncommon,MEW
Erikas Einladung,160/165,Uncommon,MEW
Giovannis Charisma,161/165,Uncommon,MEW
Greifarm,162/165,Uncommon,MEW
Überreste,163/165,Uncommon,MEW
Sicherheitsbrille,164/165,Uncommon,MEW
Härteband,165/165,Uncommon,MEW
Bisasam,166/165,Illustration Rare,MEW
Bisaknosp,167/165,Illustration Rare,MEW
Glumanda,168/165,Illustration Rare,MEW
Glutexo,169/165,Illustration Rare,MEW
Schiggy,170/165,Illustration Rare,MEW
Schillok,171/165,Illustration Rare,MEW
Raupy,172/165,Illustration Rare,MEW
Pikachu,173/165,Illustration Rare,MEW
Nidoking,174/165,Illustration Rare,MEW
Enton,175/165,Illustration Rare,MEW
Quaputzi,176/165,Illustration Rare,MEW
Maschock,177/165,Illustration Rare,MEW
Tangela,178/165,Illustration Rare,MEW
Pantimos,179/165,Illustration Rare,MEW
Amonitas,180/165,Illustration Rare,MEW
Dragonir,181/165,Illustration Rare,MEW
Bisaflor-ex,182/165,Ultra Rare,MEW
Glurak-ex,183/165,Ultra Rare,MEW
Turtok-ex,184/165,Ultra Rare,MEW
Arbok-ex,185/165,Ultra Rare,MEW
Vulnona-ex,186/165,Ultra Rare,MEW
Knuddeluff-ex,187/165,Ultra Rare,MEW
Simsala-ex,188/165,Ultra Rare,MEW
Geowaz-ex,189/165,Ultra Rare,MEW
Kangama-ex,190/165,Ultra Rare,MEW
Rossana-ex,191/165,Ultra Rare,MEW
Zapdos-ex,192/165,Ultra Rare,MEW
Mew-ex,193/165,Ultra Rare,MEW
Bills Transfer,194/165,Ultra Rare,MEW
Sarahs Hilfe,195/165,Ultra Rare,MEW
Erikas Einladung,196/165,Ultra Rare,MEW
Giovannis Charisma,197/165,Ultra Rare,MEW
Bisaflor-ex,198/165,Special Illustration Rare,MEW
Glurak-ex,199/165,Special Illustration Rare,MEW
Turtok-ex,200/165,Special Illustration Rare,MEW
Simsala-ex,201/165,Special Illustration Rare,MEW
Zapdos-ex,202/165,Special Illustration Rare,MEW
Erikas Einladung,203/165,Special Illustration Rare,MEW
Giovannis Charisma,204/165,Special Illustration Rare,MEW
Mew-ex,205/165,Hyper Rare,MEW
Tausch,206/165,Hyper Rare,MEW
Basis-Psychic-Energie,207/165,Hyper Rare,MEW
Serpifeu,1/86,Common,BLK
Efoserp,2/86,Common,BLK
Serpiroyal-ex,3/86,Double Rare,BLK
Vegimak,4/86,Common,BLK
Vegichita,5/86,Uncommon,BLK
Lilminip,6/86,Common,BLK
Dressella,7/86,Uncommon,BLK
Maracamba,8/86,Common,BLK
Laukaps,9/86,Common,BLK
Tarnpignon,10/86,Common,BLK
Hutsassa,11/86,Uncommon,BLK
Victini,12/86,Rare,BLK
Flampion,13/86,Common,BLK
Flampivian,14/86,Uncommon,BLK
Ignivor,15/86,Common,BLK
Ramoth,16/86,Rare,BLK
Sodamak,17/86,Common,BLK
Sodachita,18/86,Uncommon,BLK
Schallquap,19/86,Common,BLK
Mebrana,20/86,Common,BLK
Branawarz,21/86,Uncommon,BLK
Galapaflos,22/86,Uncommon,BLK
Karippas,23/86,Rare,BLK
Mamolida,24/86,Uncommon,BLK
Petznief,25/86,Common,BLK
Siberio,26/86,Rare,BLK
Frigometri,27/86,Uncommon,BLK
Kyurem-ex,28/86,Double Rare,BLK
Emolga,29/86,Common,BLK
Zapplardin,30/86,Common,BLK
Zapplalek,31/86,Uncommon,BLK
Zapplarang,32/86,Uncommon,BLK
Voltolos,33/86,Rare,BLK
Zekrom-ex,34/86,Double Rare,BLK
Somniam,35/86,Common,BLK
Somnivora,36/86,Uncommon,BLK
Monozyto,37/86,Common,BLK
Mitodos,38/86,Common,BLK
Zytomega,39/86,Uncommon,BLK
Pygraulon,40/86,Common,BLK
Megalon,41/86,Uncommon,BLK
Golbit,42/86,Common,BLK
Golgantes,43/86,Uncommon,BLK
Meloetta-ex,44/86,Double Rare,BLK
Rotomurf,45/86,Common,BLK
Stalobor-ex,46/86,Double Rare,BLK
Praktibalk,47/86,Common,BLK
Strepoli,48/86,Common,BLK
Meistagrif,49/86,Rare,BLK
Jiutesto,50/86,Uncommon,BLK
Lithomith,51/86,Common,BLK
Castellith,52/86,Uncommon,BLK
Demeteros,53/86,Rare,BLK
Toxiped,54/86,Common,BLK
Rollum,55/86,Common,BLK
Cerapendra,56/86,Uncommon,BLK
Ganovil,57/86,Common,BLK
Rokkaiman,58/86,Common,BLK
Rabigator,59/86,Uncommon,BLK
Cavalanzas,60/86,Uncommon,BLK
Klikk,61/86,Common,BLK
Kliklak,62/86,Common,BLK
Klikdiklak,63/86,Rare,BLK
Gladiantri,64/86,Common,BLK
Caesurio,65/86,Uncommon,BLK
Kobalium,66/86,Rare,BLK
Genesect-ex,67/86,Double Rare,BLK
Milza,68/86,Common,BLK
Sharfax,69/86,Common,BLK
Maxax,70/86,Rare,BLK
Dusselgurr,71/86,Common,BLK
Navitaub,72/86,Common,BLK
Fasasnob,73/86,Uncommon,BLK
Ohrdoch,74/86,Common,BLK
Picochilla,75/86,Common,BLK
Chillabell,76/86,Uncommon,BLK
Geronimatz,77/86,Common,BLK
Washakwil,78/86,Uncommon,BLK
Luftballon,79/86,Uncommon,BLK
Cavalanzas,60/86,Common,BLK
Energiemünze,81/86,Uncommon,BLK
Vivian,82/86,Uncommon,BLK
Ns Plan,83/86,Uncommon,BLK
Pokécom 3.0,84/86,Uncommon,BLK
Forschung des Professors,85/86,Uncommon,BLK
Prisma-Energie,86/86,Uncommon,BLK
Serpifeu,87/86,Illustration Rare,BLK
Efoserp,88/86,Illustration Rare,BLK
Vegimak,89/86,Illustration Rare,BLK
Vegichita,90/86,Illustration Rare,BLK
Lilminip,91/86,Illustration Rare,BLK
Dressella,92/86,Illustration Rare,BLK
Maracamba,93/86,Illustration Rare,BLK
Laukaps,94/86,Illustration Rare,BLK
Tarnpignon,95/86,Illustration Rare,BLK
Hutsassa,96/86,Illustration Rare,BLK
Flampion,97/86,Illustration Rare,BLK
Flampivian,98/86,Illustration Rare,BLK
Ignivor,99/86,Illustration Rare,BLK
Ramoth,100/86,Illustration Rare,BLK
Sodamak,101/86,Illustration Rare,BLK
Sodachita,102/86,Illustration Rare,BLK
Schallquap,103/86,Illustration Rare,BLK
Mebrana,104/86,Illustration Rare,BLK
Branawarz,105/86,Illustration Rare,BLK
Galapaflos,106/86,Illustration Rare,BLK
Karippas,107/86,Illustration Rare,BLK
Mamolida,108/86,Illustration Rare,BLK
Petznief,109/86,Illustration Rare,BLK
Siberio,110/86,Illustration Rare,BLK
Frigometri,111/86,Illustration Rare,BLK
Emolga,112/86,Illustration Rare,BLK
Zapplardin,113/86,Illustration Rare,BLK
Zapplalek,114/86,Illustration Rare,BLK
Zapplarang,115/86,Illustration Rare,BLK
Somniam,116/86,Illustration Rare,BLK
Somnivora,117/86,Illustration Rare,BLK
Monozyto,118/86,Illustration Rare,BLK
Mitodos,119/86,Illustration Rare,BLK
Pygraulon,120/86,Illustration Rare,BLK
Megalon,121/86,Illustration Rare,BLK
Golbit,122/86,Illustration Rare,BLK
Golgantes,123/86,Illustration Rare,BLK
Rotomurf,124/86,Illustration Rare,BLK
Praktibalk,125/86,Illustration Rare,BLK
Strepoli,126/86,Illustration Rare,BLK
Meistagrif,127/86,Illustration Rare,BLK
Jiutesto,128/86,Illustration Rare,BLK
Lithomith,129/86,Illustration Rare,BLK
Castellith,130/86,Illustration Rare,BLK
Demeteros,131/86,Illustration Rare,BLK
Toxiped,132/86,Illustration Rare,BLK
Rollum,133/86,Illustration Rare,BLK
Cerapendra,134/86,Illustration Rare,BLK
Ganovil,135/86,Illustration Rare,BLK
Rokkaiman,136/86,Illustration Rare,BLK
Rabigator,137/86,Illustration Rare,BLK
Cavalanzas,138/86,Illustration Rare,BLK
Klikk,139/86,Illustration Rare,BLK
Kliklak,140/86,Illustration Rare,BLK
Klikdiklak,141/86,Illustration Rare,BLK
Gladiantri,142/86,Illustration Rare,BLK
Caesurio,143/86,Illustration Rare,BLK
Kobalium,144/86,Illustration Rare,BLK
Milza,145/86,Illustration Rare,BLK
Sharfax,146/86,Illustration Rare,BLK
Maxax,147/86,Illustration Rare,BLK
Dusselgurr,148/86,Illustration Rare,BLK
Navitaub,149/86,Illustration Rare,BLK
Fasasnob,150/86,Illustration Rare,BLK
Ohrdoch,151/86,Illustration Rare,BLK
Picochilla,152/86,Illustration Rare,BLK
Chillabell,153/86,Illustration Rare,BLK
Geronimatz,154/86,Illustration Rare,BLK
Washakwil,155/86,Illustration Rare,BLK
Serpiroyal-ex,156/86,Ultra Rare,BLK
Kyurem-ex,157/86,Ultra Rare,BLK
Zekrom-ex,158/86,Ultra Rare,BLK
Meloetta-ex,159/86,Ultra Rare,BLK
Stalobor-ex,160/86,Ultra Rare,BLK
Genesect-ex,161/86,Ultra Rare,BLK
Vivian,162/86,Ultra Rare,BLK
Ns Plan,163/86,Ultra Rare,BLK
Serpiroyal-ex,164/86,Special Illustration Rare,BLK
Kyurem-ex,165/86,Special Illustration Rare,BLK
Zekrom-ex,166/86,Special Illustration Rare,BLK
Meloetta-ex,167/86,Special Illustration Rare,BLK
Stalobor-ex,168/86,Special Illustration Rare,BLK
Genesect-ex,169/86,Special Illustration Rare,BLK
Ns Plan,170/86,Special Illustration Rare,BLK
Victini,171/86,Rare,BLK
Zekrom-ex,172/86,Black White Rare,BLK
Klarins Pinsir,1/182,Uncommon,DRI
Yanma,2/182,Common,DRI
Yanmega-ex,3/182,Double Rare,DRI
Tannza,4/182,Common,DRI
Knilz,5/182,Common,DRI
Kapilz,6/182,Common,DRI
Cynthias Roselia,7/182,Common,DRI
Cynthias Roserade,8/182,Rare,DRI
Schneid-Rotom,9/182,Common,DRI
Shaymin,10/182,Uncommon,DRI
Lithomith,11/182,Common,DRI
Castellith,12/182,Rare,DRI
Imantis,13/182,Common,DRI
Mantidea,14/182,Uncommon,DRI
Team Rockets Sensect,15/182,Common,DRI
Knapfel,16/182,Common,DRI
Sirapfel,17/182,Common,DRI
Hydrapfel,18/182,Rare,DRI
Team Rockets Tarundel,19/182,Common,DRI
Team Rockets Spinsidias,20/182,Rare,DRI
Olini,21/182,Common,DRI
Olivinio,22/182,Common,DRI
Olithena-ex,23/182,Double Rare,DRI
Relluk,24/182,Common,DRI
Skarabaks-ex,25/182,Double Rare,DRI
Türkisgrüne-Maske-Ogerpon,26/182,Uncommon,DRI
Fukano,27/182,Common,DRI
Arkani,28/182,Uncommon,DRI
Ponita,29/182,Common,DRI
Gallopa,30/182,Uncommon,DRI
Team Rockets Lavados-ex,31/182,Double Rare,DRI
Klarins Feurigel,32/182,Common,DRI
Klarins Igelavar,33/182,Common,DRI
Klarins Tornupto,34/182,Rare,DRI
Klarins Schneckmag,35/182,Common,DRI
Klarins Magcargo,36/182,Rare,DRI
Team Rockets Hunduster,37/182,Common,DRI
Team Rockets Hundemon,38/182,Uncommon,DRI
Klarins Ho-Oh-ex,39/182,Double Rare,DRI
Flemmli,40/182,Common,DRI
Jungglut,41/182,Common,DRI
Lohgock,42/182,Rare,DRI
Hitze-Rotom,43/182,Common,DRI
Ofenmaske-Ogerpon,44/182,Uncommon,DRI
Mistys Enton,45/182,Uncommon,DRI
Mistys Sterndu,46/182,Common,DRI
Mistys Starmie,47/182,Uncommon,DRI
Mistys Karpador,48/182,Common,DRI
Mistys Garados,49/182,Rare,DRI
Mistys Lapras,50/182,Common,DRI
Team Rockets Arktos,51/182,Rare,DRI
Cynthias Barschwa,52/182,Common,DRI
Cynthias Milotic,53/182,Uncommon,DRI
Perlu,54/182,Common,DRI
Aalabyss,55/182,Uncommon,DRI
Saganabyss,56/182,Rare,DRI
Bamelin,57/182,Common,DRI
Bojelin,58/182,Uncommon,DRI
Shnebedeck,59/182,Common,DRI
Rexblisar,60/182,Uncommon,DRI
Wasch-Rotom,61/182,Common,DRI
Pikuda,62/182,Common,DRI
Barrakiefa,63/182,Uncommon,DRI
Flaniwal,64/182,Common,DRI
Kolowal-ex,65/182,Double Rare,DRI
Heerashai-ex,66/182,Double Rare,DRI
Brunnenmaske-Ogerpon,67/182,Uncommon,DRI
Elektek,68/182,Common,DRI
Elevoltek-ex,69/182,Double Rare,DRI
Team Rockets Zapdos,70/182,Rare,DRI
Klarins Pichu,71/182,Common,DRI
Team Rockets Voltilamm,72/182,Common,DRI
Team Rockets Waaty,73/182,Common,DRI
Team Rockets Ampharos,74/182,Uncommon,DRI
Frizelbliz,75/182,Common,DRI
Voltenso,76/182,Uncommon,DRI
Rotom,77/182,Common,DRI
Zeraora,78/182,Rare,DRI
Team Rockets Traumato,79/182,Common,DRI
Team Rockets Hypno,80/182,Uncommon,DRI
Team Rockets Mewtu-ex,81/182,Double Rare,DRI
Team Rockets Woingenau,82/182,Rare,DRI
Troys Puppance,83/182,Common,DRI
Troys Lepumentas,84/182,Uncommon,DRI
Team Rockets Klingplim,85/182,Common,DRI
Troys Rocara,86/182,Common,DRI
Team Rockets Mimigma,87/182,Uncommon,DRI
Team Rockets Keradar,88/182,Common,DRI
Team Rockets Maritellit,89/182,Uncommon,DRI
Menki,90/182,Common,DRI
Rasaff,91/182,Common,DRI
Epitaff,92/182,Rare,DRI
Klarins Mogelbaum,93/182,Common,DRI
Team Rockets Larvitar,94/182,Common,DRI
Team Rockets Pupitar,95/182,Common,DRI
Team Rockets Despotar,96/182,Rare,DRI
Nasgnet,97/182,Common,DRI
Voluminas,98/182,Uncommon,DRI
Meditie,99/182,Common,DRI
Meditalis,100/182,Uncommon,DRI
Regirock-ex,101/182,Double Rare,DRI
Cynthias Kaumalat,102/182,Common,DRI
Cynthias Knarksel,103/182,Common,DRI
Cynthias Knakrack-ex,104/182,Double Rare,DRI
Hippopotas,105/182,Common,DRI
Hippoterus,106/182,Uncommon,DRI
Pampuli,107/182,Common,DRI
Pampross,108/182,Uncommon,DRI
Peppers Tentagra,109/182,Common,DRI
Peppers Tenterra,110/182,Uncommon,DRI
Fundamentmaske-Ogerpon,111/182,Uncommon,DRI
Team Rockets Rettan,112/182,Common,DRI
Team Rockets Arbok,113/182,Uncommon,DRI
Team Rockets Nidoran♀,114/182,Common,DRI
Team Rockets Nidorina,115/182,Common,DRI
Team Rockets Nidoqueen,116/182,Uncommon,DRI
Team Rockets Nidoran♂,117/182,Common,DRI
Team Rockets Nidorino,118/182,Common,DRI
Team Rockets Nidoking-ex,119/182,Double Rare,DRI
Team Rockets Zubat,120/182,Common,DRI
Team Rockets Golbat,121/182,Uncommon,DRI
Team Rockets Iksbat-ex,122/182,Double Rare,DRI
Team Rockets Sleima,123/182,Common,DRI
Team Rockets Sleimok,124/182,Uncommon,DRI
Team Rockets Smogon,125/182,Common,DRI
Team Rockets Smogmog,126/182,Uncommon,DRI
Team Rockets Kramurx,127/182,Uncommon,DRI
Team Rockets Sniebel,128/182,Rare,DRI
Cynthias Kryppuk,129/182,Uncommon,DRI
Marys Felilou,130/182,Common,DRI
Marys Kleoparda,131/182,Uncommon,DRI
Marys Zurrokex,132/182,Common,DRI
Marys Irokex,133/182,Uncommon,DRI
Marys Bähmon,134/182,Common,DRI
Marys Pelzebub,135/182,Uncommon,DRI
Marys Olangaar-ex,136/182,Double Rare,DRI
Marys Morpeko,137/182,Common,DRI
Peppers Mobtiff,138/182,Common,DRI
Peppers Mastifioso-ex,139/182,Double Rare,DRI
Forstellka,140/182,Uncommon,DRI
Panzaeron,141/182,Common,DRI
Troys Panzaeron,142/182,Common,DRI
Troys Tanhel,143/182,Common,DRI
Troys Metang,144/182,Uncommon,DRI
Troys Metagross-ex,145/182,Double Rare,DRI
Zamazenta,146/182,Rare,DRI
Team Rockets Rattfratz,147/182,Common,DRI
Team Rockets Rattikarl,148/182,Common,DRI
Team Rockets Mauzi,149/182,Common,DRI
Team Rockets Snobilikat-ex,150/182,Double Rare,DRI
Kangama,151/182,Common,DRI
Tauros,152/182,Common,DRI
Team Rockets Porygon,153/182,Common,DRI
Team Rockets Porygon2,154/182,Common,DRI
Team Rockets Porygon-Z,155/182,Uncommon,DRI
Schwalbini,156/182,Common,DRI
Schwalboss,157/182,Common,DRI
Peppers Raffel,158/182,Common,DRI
Peppers Schlaraffel,159/182,Rare,DRI
Krawalloro,160/182,Common,DRI
Peppers Sandwich,161/182,Uncommon,DRI
Cynthias Machtgewicht,162/182,Uncommon,DRI
MCs Hype,163/182,Common,DRI
Energieaufbereitung,164/182,Uncommon,DRI
Klarins Abenteuer,165/182,Uncommon,DRI
Granithöhle,166/182,Uncommon,DRI
Richter,167/182,Uncommon,DRI
Zauberasche,168/182,Uncommon,DRI
Spikeford-Arena,169/182,Uncommon,DRI
Team Rockets Atlas,170/182,Uncommon,DRI
Team Rockets Athena,171/182,Uncommon,DRI
Team Rockets Stör-Bot,172/182,Uncommon,DRI
Team Rockets Fabrik,173/182,Uncommon,DRI
Team Rockets Giovanni,174/182,Uncommon,DRI
Team Rockets Superball,175/182,Uncommon,DRI
Team Rockets Lambda,176/182,Uncommon,DRI
Team Rockets Lance,177/182,Uncommon,DRI
Team Rockets Transceiver,178/182,Uncommon,DRI
Team Rockets Wagnisbombe,179/182,Uncommon,DRI
Team Rockets Wachturm,180/182,Uncommon,DRI
TM-Maschine,181/182,Uncommon,DRI
Team Rockets Energie,182/182,Uncommon,DRI
Yanma,183/182,Illustration Rare,DRI
Cynthias Roserade,184/182,Illustration Rare,DRI
Shaymin,185/182,Illustration Rare,DRI
Castellith,186/182,Illustration Rare,DRI
Team Rockets Spinsidias,187/182,Illustration Rare,DRI
Hydrapfel,188/182,Illustration Rare,DRI
Gallopa,189/182,Illustration Rare,DRI
Klarins Tornupto,190/182,Illustration Rare,DRI
Team Rockets Hundemon,191/182,Illustration Rare,DRI
Lohgock,192/182,Illustration Rare,DRI
Mistys Enton,193/182,Illustration Rare,DRI
Mistys Lapras,194/182,Illustration Rare,DRI
Perlu,195/182,Illustration Rare,DRI
Frizelbliz,196/182,Illustration Rare,DRI
Rotom,197/182,Illustration Rare,DRI
Team Rockets Maritellit,198/182,Illustration Rare,DRI
Team Rockets Smogmog,199/182,Illustration Rare,DRI
Team Rockets Kramurx,200/182,Illustration Rare,DRI
Zamazenta,201/182,Illustration Rare,DRI
Team Rockets Rattikarl,202/182,Illustration Rare,DRI
Team Rockets Mauzi,203/182,Illustration Rare,DRI
Kangama,204/182,Illustration Rare,DRI
Peppers Schlaraffel,205/182,Illustration Rare,DRI
Yanmega-ex,206/182,Ultra Rare,DRI
Olithena-ex,207/182,Ultra Rare,DRI
Team Rockets Lavados-ex,208/182,Ultra Rare,DRI
Klarins Ho-Oh-ex,209/182,Ultra Rare,DRI
Kolowal-ex,210/182,Ultra Rare,DRI
Heerashai-ex,211/182,Ultra Rare,DRI
Elevoltek-ex,212/182,Ultra Rare,DRI
Team Rockets Mewtu-ex,213/182,Ultra Rare,DRI
Regirock-ex,214/182,Ultra Rare,DRI
Cynthias Knakrack-ex,215/182,Ultra Rare,DRI
Team Rockets Nidoking-ex,216/182,Ultra Rare,DRI
Team Rockets Iksbat-ex,217/182,Ultra Rare,DRI
Peppers Mastifioso-ex,218/182,Ultra Rare,DRI
Team Rockets Snobilikat-ex,219/182,Ultra Rare,DRI
MCs Hype,220/182,Ultra Rare,DRI
Klarins Abenteuer,221/182,Ultra Rare,DRI
Richter,222/182,Ultra Rare,DRI
Team Rockets Atlas,223/182,Ultra Rare,DRI
Team Rockets Athena,224/182,Ultra Rare,DRI
Team Rockets Giovanni,225/182,Ultra Rare,DRI
Team Rockets Lambda,226/182,Ultra Rare,DRI
Team Rockets Lance,227/182,Ultra Rare,DRI
Yanmega-ex,228/182,Special Illustration Rare,DRI
Team Rockets Lavados-ex,229/182,Special Illustration Rare,DRI
Klarins Ho-Oh-ex,230/182,Special Illustration Rare,DRI
Team Rockets Mewtu-ex,231/182,Special Illustration Rare,DRI
Cynthias Knakrack-ex,232/182,Special Illustration Rare,DRI
Team Rockets Nidoking-ex,233/182,Special Illustration Rare,DRI
Team Rockets Iksbat-ex,234/182,Special Illustration Rare,DRI
Peppers Mastifioso-ex,235/182,Special Illustration Rare,DRI
Klarins Abenteuer,236/182,Special Illustration Rare,DRI
Team Rockets Athena,237/182,Special Illustration Rare,DRI
Team Rockets Giovanni,238/182,Special Illustration Rare,DRI
Klarins Ho-Oh-ex,239/182,Hyper Rare,DRI
Team Rockets Mewtu-ex,240/182,Hyper Rare,DRI
Cynthias Knakrack-ex,241/182,Hyper Rare,DRI
Team Rockets Iksbat-ex,242/182,Hyper Rare,DRI
Störturm,243/182,Hyper Rare,DRI
Fermanca City,244/182,Hyper Rare,DRI
Raupy,1/159,Common,JTG
Safcon,2/159,Common,JTG
Smettbo,3/159,Rare,JTG
Paras,4/159,Common,JTG
Parasek,5/159,Common,JTG
Lilminip,6/159,Common,JTG
Dressella,7/159,Common,JTG
Maracamba,8/159,Uncommon,JTG
Laukaps,9/159,Common,JTG
Tarnpignon,10/159,Common,JTG
Hutsassa-ex,11/159,Double Rare,JTG
Schnuthelm,12/159,Common,JTG
Hydragil,13/159,Uncommon,JTG
Fermicula,14/159,Common,JTG
Viridium,15/159,Uncommon,JTG
Felori,16/159,Common,JTG
Feliospa,17/159,Common,JTG
Maskagato,18/159,Rare,JTG
Micrick,19/159,Common,JTG
Magmar,20/159,Common,JTG
Magbrant,21/159,Rare,JTG
Flemmli,22/159,Common,JTG
Jungglut,23/159,Uncommon,JTG
Lohgock-ex,24/159,Double Rare,JTG
Qurtel,25/159,Common,JTG
Ns Flampion,26/159,Common,JTG
Ns Flampivian,27/159,Uncommon,JTG
Ignivor,28/159,Common,JTG
Ramoth,29/159,Uncommon,JTG
Reshiram-ex,30/159,Double Rare,JTG
Volcanion-ex,31/159,Double Rare,JTG
Arktos,32/159,Uncommon,JTG
Remoraid,33/159,Common,JTG
Octillery,34/159,Uncommon,JTG
Loturzel,35/159,Common,JTG
Lombrero,36/159,Common,JTG
Kappalores,37/159,Rare,JTG
Wingull,38/159,Common,JTG
Pelipper,39/159,Uncommon,JTG
Wailmer,40/159,Common,JTG
Wailord,41/159,Rare,JTG
Regice,42/159,Uncommon,JTG
Agiluza-ex,43/159,Double Rare,JTG
Alola-Kleinstein,44/159,Common,JTG
Alola-Georok,45/159,Common,JTG
Alola-Geowaz,46/159,Uncommon,JTG
Enigmaras Voltobal,47/159,Common,JTG
Enigmaras Lektrobal,48/159,Uncommon,JTG
Ns Wattzapf,49/159,Common,JTG
Togedemaru,50/159,Common,JTG
Kapu-Riki-ex,51/159,Double Rare,JTG
Enigmaras Blipp,52/159,Common,JTG
Enigmaras Wampitz-ex,53/159,Double Rare,JTG
Enigmaras Voltrel,54/159,Common,JTG
Enigmaras Voltrean,55/159,Rare,JTG
Lillys Piepi-ex,56/159,Double Rare,JTG
Alola-Knogga,57/159,Uncommon,JTG
Pantimos,58/159,Common,JTG
Shuppet,59/159,Common,JTG
Banette,60/159,Uncommon,JTG
Tanhel,61/159,Common,JTG
Metang,62/159,Common,JTG
Metagross,63/159,Rare,JTG
Ns Symvolara,64/159,Common,JTG
Choreogel,65/159,Common,JTG
Lillys Wommel,66/159,Common,JTG
Lillys Bandelby,67/159,Rare,JTG
Lillys Curelei,68/159,Common,JTG
Mimigma-ex,69/159,Double Rare,JTG
Moruda,70/159,Common,JTG
Bähmon,71/159,Common,JTG
Pelzebub,72/159,Common,JTG
Olangaar,73/159,Uncommon,JTG
Hokumil,74/159,Common,JTG
Pokusan-ex,75/159,Double Rare,JTG
Tragosso,76/159,Common,JTG
Quiekel,77/159,Common,JTG
Keifel,78/159,Common,JTG
Mamutel-ex,79/159,Double Rare,JTG
Larvitar,80/159,Common,JTG
Pupitar,81/159,Common,JTG
Regirock,82/159,Rare,JTG
Pam-Pam,83/159,Common,JTG
Wuffels,84/159,Common,JTG
Wolwerock,85/159,Rare,JTG
Hops Salanga,86/159,Common,JTG
Hops Sanaconda,87/159,Uncommon,JTG
Tentagra,88/159,Common,JTG
Tenterra,89/159,Uncommon,JTG
Klibbe,90/159,Uncommon,JTG
Smogon,91/159,Common,JTG
Smogmog,92/159,Uncommon,JTG
Paldea-Felino,93/159,Common,JTG
Paldea-Suelord-ex,94/159,Double Rare,JTG
Despotar,95/159,Rare,JTG
Ns Felilou,96/159,Common,JTG
Ns Zorua,97/159,Common,JTG
Ns Zoroark-ex,98/159,Double Rare,JTG
Pandagro,99/159,Uncommon,JTG
Lextremo,100/159,Uncommon,JTG
Adebom,101/159,Common,JTG
Cavalanzas,102/159,Uncommon,JTG
Ns Klikk,103/159,Common,JTG
Ns Kliklak,104/159,Common,JTG
Ns Klikdiklak,105/159,Uncommon,JTG
Galar-Flunschlik,106/159,Common,JTG
Magearna,107/159,Rare,JTG
Hops Krarmor,108/159,Uncommon,JTG
Kupfanti,109/159,Common,JTG
Patinaraja,110/159,Uncommon,JTG
Hops Zacian-ex,111/159,Double Rare,JTG
Kindwurm,112/159,Common,JTG
Draschel,113/159,Common,JTG
Brutalanda-ex,114/159,Double Rare,JTG
Shardrago,115/159,Common,JTG
Ns Reshiram,116/159,Rare,JTG
Hops Relaxo,117/159,Rare,JTG
Wiesor,118/159,Common,JTG
Wiesenior,119/159,Common,JTG
Dummisel,120/159,Common,JTG
Dummimisel-ex,121/159,Double Rare,JTG
Kecleon,122/159,Common,JTG
Tropius,123/159,Common,JTG
Ohrdoch,124/159,Common,JTG
Picochilla,125/159,Common,JTG
Chillabell,126/159,Uncommon,JTG
eF-eM,127/159,Common,JTG
UHaFnir,128/159,Rare,JTG
Koalelu,129/159,Common,JTG
Sen-Long,130/159,Common,JTG
Raffel,131/159,Common,JTG
Schlaraffel,132/159,Uncommon,JTG
Hops Meikro,133/159,Common,JTG
Hops Kranoviz,134/159,Common,JTG
Hops Wolly,135/159,Common,JTG
Hops Zwollock,136/159,Rare,JTG
Urgl,137/159,Common,JTG
Hops Urgl,138/159,Uncommon,JTG
Ferkuli,139/159,Common,JTG
Fragrunz,140/159,Uncommon,JTG
Krawalloro,141/159,Common,JTG
Billy & Onea,142/159,Common,JTG
Schwarzgurt-Training,143/159,Common,JTG
Schwarzgurt-Training,144/159,Common,JTG
Schwarzgurt-Training,145/159,Common,JTG
Rockos Erkundung,146/159,Uncommon,JTG
Hops Tasche,147/159,Uncommon,JTG
Hops Wahlband,148/159,Uncommon,JTG
Lilias Kampfgeist,149/159,Uncommon,JTG
Fermanca City,150/159,Uncommon,JTG
Lillys Perle,151/159,Uncommon,JTG
Schloss von N,152/159,Uncommon,JTG
Ns AP-Plus,153/159,Uncommon,JTG
Furlongham,154/159,Uncommon,JTG
Forschung des Professors,155/159,Common,JTG
Einlösbares Ticket,156/159,Uncommon,JTG
Halbstarker,157/159,Uncommon,JTG
Supertrank,158/159,Uncommon,JTG
Stachel-Energie,159/159,Uncommon,JTG
Maracamba,160/159,Illustration Rare,JTG
Arktos,161/159,Illustration Rare,JTG
Wailord,162/159,Illustration Rare,JTG
Enigmaras Voltrean,163/159,Illustration Rare,JTG
Lillys Bandelby,164/159,Illustration Rare,JTG
Quiekel,165/159,Illustration Rare,JTG
Wolwerock,166/159,Illustration Rare,JTG
Ns Reshiram,167/159,Illustration Rare,JTG
Wiesenior,168/159,Illustration Rare,JTG
eF-eM,169/159,Illustration Rare,JTG
Hops Wolly,170/159,Illustration Rare,JTG
Volcanion-ex,171/159,Ultra Rare,JTG
Enigmaras Wampitz-ex,172/159,Ultra Rare,JTG
Lillys Piepi-ex,173/159,Ultra Rare,JTG
Mamutel-ex,174/159,Ultra Rare,JTG
Ns Zoroark-ex,175/159,Ultra Rare,JTG
Hops Zacian-ex,176/159,Ultra Rare,JTG
Brutalanda-ex,177/159,Ultra Rare,JTG
Dummimisel-ex,178/159,Ultra Rare,JTG
Rockos Erkundung,179/159,Ultra Rare,JTG
Lilias Kampfgeist,180/159,Ultra Rare,JTG
Halbstarker,181/159,Ultra Rare,JTG
Volcanion-ex,182/159,Special Illustration Rare,JTG
Enigmaras Wampitz-ex,183/159,Special Illustration Rare,JTG
Lillys Piepi-ex,184/159,Special Illustration Rare,JTG
Ns Zoroark-ex,185/159,Special Illustration Rare,JTG
Hops Zacian-ex,186/159,Special Illustration Rare,JTG
Brutalanda-ex,187/159,Special Illustration Rare,JTG
Enigmaras Wampitz-ex,188/159,Hyper Rare,JTG
Ns Zoroark-ex,189/159,Hyper Rare,JTG
Stachel-Energie,190/159,Hyper Rare,JTG
Myrapla,1/197,Common,OBF
Duflor,2/197,Common,OBF
Blubella,3/197,Uncommon,OBF
Sichlor,4/197,Common,OBF
Pottrott,5/197,Common,OBF
Gehweiher,6/197,Common,OBF
Maskeregen,7/197,Uncommon,OBF
Wadribie,8/197,Common,OBF
Tarnpignon,9/197,Common,OBF
Hutsassa,10/197,Uncommon,OBF
Paragoni,11/197,Common,OBF
Trombork,12/197,Uncommon,OBF
Bauz,13/197,Common,OBF
Arboretoss,14/197,Uncommon,OBF
Silvarro-ex,15/197,Double Rare,OBF
Frubberl,16/197,Common,OBF
Frubaila,17/197,Common,OBF
Fruyal,18/197,Uncommon,OBF
Olini,19/197,Common,OBF
Olivinio,20/197,Common,OBF
Olithena,21/197,Uncommon,OBF
Tenterra-ex,22/197,Double Rare,OBF
Chilingel,23/197,Common,OBF
Chilingel,24/197,Common,OBF
Halupenjo,25/197,Rare,OBF
Glumanda,26/197,Common,OBF
Glutexo,27/197,Uncommon,OBF
Vulpix,28/197,Common,OBF
Vulnona,29/197,Uncommon,OBF
Entei,30/197,Rare,OBF
Camaub,31/197,Common,OBF
Camerupt,32/197,Uncommon,OBF
Victini-ex,33/197,Double Rare,OBF
Flampion,34/197,Common,OBF
Flampivian,35/197,Uncommon,OBF
Lichtel,36/197,Common,OBF
Laternecto,37/197,Common,OBF
Skelabra,38/197,Uncommon,OBF
Furnifraß,39/197,Common,OBF
Ignivor,40/197,Common,OBF
Ramoth,41/197,Uncommon,OBF
Kubuin-ex,42/197,Double Rare,OBF
Knarbon,43/197,Common,OBF
Crimanzo,44/197,Uncommon,OBF
Lapras,45/197,Uncommon,OBF
Kanivanha,46/197,Common,OBF
Tohaido,47/197,Uncommon,OBF
Bamelin,48/197,Common,OBF
Bojelin,49/197,Uncommon,OBF
Schallquap,50/197,Common,OBF
Mebrana,51/197,Common,OBF
Branawarz,52/197,Uncommon,OBF
Petznief,53/197,Common,OBF
Siberio,54/197,Uncommon,OBF
Frigometri,55/197,Common,OBF
Froxy,56/197,Common,OBF
Amphizel,57/197,Uncommon,OBF
Schligda,58/197,Common,OBF
Schligdri,59/197,Uncommon,OBF
Normifin,60/197,Common,OBF
Normifin,61/197,Common,OBF
Delfinator,62/197,Rare,OBF
Magnetilo,63/197,Common,OBF
Magneton,64/197,Common,OBF
Magnezone,65/197,Uncommon,OBF
Despotar-ex,66/197,Double Rare,OBF
Zapplardin,67/197,Common,OBF
Zapplalek,68/197,Common,OBF
Zapplarang,69/197,Uncommon,OBF
Voltolos,70/197,Rare,OBF
Toxel,71/197,Common,OBF
Riffex,72/197,Rare,OBF
Pamomamo-ex,73/197,Double Rare,OBF
Blipp,74/197,Common,OBF
Blipp,75/197,Common,OBF
Blipp,76/197,Common,OBF
Wampitz,77/197,Uncommon,OBF
Wampitz,78/197,Uncommon,OBF
Miraidon-ex,79/197,Double Rare,OBF
Pii,80/197,Common,OBF
Piepi,81/197,Common,OBF
Pixi-ex,82/197,Double Rare,OBF
Togepi,83/197,Common,OBF
Togetic,84/197,Uncommon,OBF
Togekiss,85/197,Rare,OBF
Psiana,86/197,Uncommon,OBF
Snubbull,87/197,Common,OBF
Granbull,88/197,Uncommon,OBF
Flunkifer,89/197,Common,OBF
Spoink,90/197,Common,OBF
Groink,91/197,Uncommon,OBF
Lunastein,92/197,Uncommon,OBF
Sonnfel,93/197,Uncommon,OBF
Puppance,94/197,Common,OBF
Lepumentas,95/197,Rare,OBF
Honweisel-ex,96/197,Double Rare,OBF
Fatalitee,97/197,Common,OBF
Mortipot,98/197,Uncommon,OBF
Gruff,99/197,Common,OBF
Gruff,100/197,Common,OBF
Friedwuff,101/197,Uncommon,OBF
Friedwuff-ex,102/197,Double Rare,OBF
Digda,103/197,Common,OBF
Digdri,104/197,Uncommon,OBF
Larvitar,105/197,Common,OBF
Pupitar,106/197,Uncommon,OBF
Nasgnet,107/197,Common,OBF
Schmerbe,108/197,Common,OBF
Welsar,109/197,Uncommon,OBF
Mobai,110/197,Common,OBF
Rotomurf,111/197,Common,OBF
Flunschlik,112/197,Uncommon,OBF
Grebbit,113/197,Uncommon,OBF
Krabbox,114/197,Common,OBF
Krawell,115/197,Uncommon,OBF
Wuffels,116/197,Common,OBF
Wolwerock,117/197,Uncommon,OBF
Tentagra,118/197,Common,OBF
Tenterra,119/197,Uncommon,OBF
Klibbe-ex,120/197,Double Rare,OBF
Lumispross,121/197,Common,OBF
Lumispross,122/197,Common,OBF
Lumiflora-ex,123/197,Double Rare,OBF
Koraidon-ex,124/197,Double Rare,OBF
Glurak-ex,125/197,Double Rare,OBF
Paldea-Felino,126/197,Common,OBF
Paldea-Felino,127/197,Common,OBF
Paldea-Suelord,128/197,Uncommon,OBF
Paldea-Suelord,129/197,Uncommon,OBF
Nachtara,130/197,Uncommon,OBF
Hunduster,131/197,Common,OBF
Hunduster,132/197,Common,OBF
Hundemon,133/197,Uncommon,OBF
Hundemon-ex,134/197,Double Rare,OBF
Absol-ex,135/197,Double Rare,OBF
Darkrai,136/197,Rare,OBF
Iscalar,137/197,Common,OBF
Calamanero,138/197,Uncommon,OBF
Molunk,139/197,Common,OBF
Amfira,140/197,Uncommon,OBF
Scherox,141/197,Rare,OBF
Panzaeron,142/197,Uncommon,OBF
Flunkifer,143/197,Uncommon,OBF
Bronzel,144/197,Common,OBF
Bronzong,145/197,Uncommon,OBF
Voluminas,146/197,Uncommon,OBF
Stalobor,147/197,Uncommon,OBF
Gladiantri,148/197,Common,OBF
Caesurio,149/197,Common,OBF
Gladimperio,150/197,Uncommon,OBF
Togedemaru,151/197,Common,OBF
Meltan,152/197,Common,OBF
Melmetal-ex,153/197,Double Rare,OBF
Knattox,154/197,Common,OBF
Knattox,155/197,Common,OBF
Knattatox-ex,156/197,Double Rare,OBF
Dratini,157/197,Common,OBF
Dragonir,158/197,Uncommon,OBF
Dragoran-ex,159/197,Double Rare,OBF
Altaria,160/197,Uncommon,OBF
Sen-Long,161/197,Uncommon,OBF
Taubsi,162/197,Common,OBF
Tauboga,163/197,Uncommon,OBF
Tauboss-ex,164/197,Double Rare,OBF
Kangama,165/197,Uncommon,OBF
Evoli,166/197,Common,OBF
Zigzachs,167/197,Common,OBF
Geradaks,168/197,Uncommon,OBF
Wablu,169/197,Common,OBF
Yorkleff,170/197,Common,OBF
Terribark,171/197,Common,OBF
Bissbark,172/197,Uncommon,OBF
Ohrdoch,173/197,Common,OBF
Bisofank,174/197,Uncommon,OBF
Scoppel,175/197,Common,OBF
Mangunior,176/197,Common,OBF
Manguspektor,177/197,Uncommon,OBF
Raffel,178/197,Common,OBF
Schlaraffel-ex,179/197,Double Rare,OBF
Ferkuli,180/197,Common,OBF
Ferkuli,181/197,Common,OBF
Ferkuli,182/197,Common,OBF
Fragrunz,183/197,Uncommon,OBF
Fragrunz,184/197,Uncommon,OBF
Flaminkno,185/197,Uncommon,OBF
Pepper,186/197,Uncommon,OBF
Colzo,187/197,Uncommon,OBF
Sagaria,188/197,Rare,OBF
Ermutigender Brief,189/197,Uncommon,OBF
Otis,190/197,Uncommon,OBF
Patrouillenkappe,191/197,Uncommon,OBF
Pokémon-Liga-Hauptquartier,192/197,Uncommon,OBF
Poppy,193/197,Uncommon,OBF
Etta,194/197,Common,OBF
Rüpel von Team Star,195/197,Uncommon,OBF
Stadtgeschäft,196/197,Common,OBF
Rächender Boxhieb,197/197,Uncommon,OBF
Duflor,198/197,Illustration Rare,OBF
Vulnona,199/197,Illustration Rare,OBF
Delfinator,200/197,Illustration Rare,OBF
Wampitz,201/197,Illustration Rare,OBF
Pii,202/197,Illustration Rare,OBF
Larvitar,203/197,Illustration Rare,OBF
Hunduster,204/197,Illustration Rare,OBF
Scherox,205/197,Illustration Rare,OBF
Knattox,206/197,Illustration Rare,OBF
Taubsi,207/197,Illustration Rare,OBF
Tauboga,208/197,Illustration Rare,OBF
Ferkuli,209/197,Illustration Rare,OBF
Kubuin-ex,210/197,Ultra Rare,OBF
Despotar-ex,211/197,Ultra Rare,OBF
Honweisel-ex,212/197,Ultra Rare,OBF
Lumiflora-ex,213/197,Ultra Rare,OBF
Absol-ex,214/197,Ultra Rare,OBF
Glurak-ex,215/197,Ultra Rare,OBF
Knattatox-ex,216/197,Ultra Rare,OBF
Tauboss-ex,217/197,Ultra Rare,OBF
Sagaria,218/197,Ultra Rare,OBF
Otis,219/197,Ultra Rare,OBF
Poppy,220/197,Ultra Rare,OBF
Etta,221/197,Ultra Rare,OBF
Kubuin-ex,222/197,Special Illustration Rare,OBF
Glurak-ex,223/197,Special Illustration Rare,OBF
Knattatox-ex,224/197,Special Illustration Rare,OBF
Tauboss-ex,225/197,Special Illustration Rare,OBF
Sagaria,226/197,Special Illustration Rare,OBF
Poppy,227/197,Special Illustration Rare,OBF
Glurak-ex,228/197,Hyper Rare,OBF
Bolardin,229/197,Hyper Rare,OBF
Basis-Fire-Energie,230/197,Hyper Rare,OBF
Hoppspross,1/193,Common,PAL
Hubelupf,2/193,Uncommon,PAL
Papungha,3/193,Rare,PAL
Tannza,4/193,Common,PAL
Forstellka-ex,5/193,Double Rare,PAL
Skaraborn,6/193,Uncommon,PAL
Tropius,7/193,Common,PAL
Wadribie,8/193,Common,PAL
Honweisel,9/193,Uncommon,PAL
Shnebedeck,10/193,Common,PAL
Rexblisar,11/193,Rare,PAL
Felori,12/193,Common,PAL
Felori,13/193,Common,PAL
Feliospa,14/193,Uncommon,PAL
Maskagato-ex,15/193,Double Rare,PAL
Tarundel,16/193,Common,PAL
Tarundel,17/193,Common,PAL
Spinsidias,18/193,Uncommon,PAL
Micrick,19/193,Common,PAL
Micrick,20/193,Common,PAL
Lextremo,21/193,Rare,PAL
Weherba,22/193,Common,PAL
Weherba,23/193,Common,PAL
Horrerba,24/193,Uncommon,PAL
Relluk,25/193,Common,PAL
Relluk,26/193,Common,PAL
Chongjian-ex,27/193,Double Rare,PAL
Paldea-Tauros,28/193,Uncommon,PAL
Dartignis,29/193,Uncommon,PAL
Fiaro,30/193,Uncommon,PAL
Leufeo,31/193,Common,PAL
Pyroleo,32/193,Uncommon,PAL
Choreogel,33/193,Rare,PAL
Krokel,34/193,Common,PAL
Krokel,35/193,Common,PAL
Lokroko,36/193,Uncommon,PAL
Skelokrok-ex,37/193,Double Rare,PAL
Knarbon,38/193,Common,PAL
Knarbon,39/193,Common,PAL
Yuyu-ex,40/193,Double Rare,PAL
Paldea-Tauros,41/193,Uncommon,PAL
Karpador,42/193,Common,PAL
Garados,43/193,Rare,PAL
Marill,44/193,Common,PAL
Azumarill,45/193,Uncommon,PAL
Botogel,46/193,Common,PAL
Liebiskus,47/193,Common,PAL
Kubuin,48/193,Uncommon,PAL
Kwaks,49/193,Common,PAL
Kwaks,50/193,Common,PAL
Fuentente,51/193,Uncommon,PAL
Bailonda-ex,52/193,Double Rare,PAL
Flaniwal,53/193,Common,PAL
Flaniwal,54/193,Common,PAL
Kolowal,55/193,Uncommon,PAL
Agiluza,56/193,Rare,PAL
Frospino,57/193,Common,PAL
Frospino,58/193,Common,PAL
Cryospino,59/193,Uncommon,PAL
Espinodon,60/193,Rare,PAL
Baojian-ex,61/193,Double Rare,PAL
Pikachu,62/193,Common,PAL
Pikachu-ex,63/193,Double Rare,PAL
Raichu,64/193,Uncommon,PAL
Magnetilo,65/193,Common,PAL
Voltobal,66/193,Common,PAL
Lektrobal,67/193,Uncommon,PAL
Sheinux,68/193,Common,PAL
Sheinux,69/193,Common,PAL
Luxio,70/193,Uncommon,PAL
Luxtra,71/193,Rare,PAL
Britzigel,72/193,Common,PAL
Britzigel,73/193,Uncommon,PAL
Pamo,74/193,Common,PAL
Pamamo,75/193,Uncommon,PAL
Pamomamo,76/193,Rare,PAL
Blipp,77/193,Common,PAL
Blipp,78/193,Common,PAL
Wampitz-ex,79/193,Double Rare,PAL
Voltrel,80/193,Common,PAL
Voltrel,81/193,Common,PAL
Voltrean,82/193,Uncommon,PAL
Pummeluff,83/193,Common,PAL
Knuddeluff,84/193,Rare,PAL
Flegmon,85/193,Common,PAL
Laschoking-ex,86/193,Double Rare,PAL
Traunfugil,87/193,Common,PAL
Traunmagil,88/193,Uncommon,PAL
Kryppuk,89/193,Rare,PAL
Mollimorba,90/193,Common,PAL
Hypnomorba,91/193,Uncommon,PAL
Morbitesse,92/193,Uncommon,PAL
Dedenne-ex,93/193,Double Rare,PAL
Kommandutan,94/193,Uncommon,PAL
Sankabuh,95/193,Common,PAL
Colossand,96/193,Uncommon,PAL
Mimigma,97/193,Rare,PAL
Azugladis,98/193,Rare,PAL
Skarabaks,99/193,Rare,PAL
Forgita,100/193,Common,PAL
Forgita,101/193,Common,PAL
Forgita,102/193,Common,PAL
Tafforgita,103/193,Uncommon,PAL
Tafforgita,104/193,Uncommon,PAL
Granforgita,105/193,Rare,PAL
Menki,106/193,Common,PAL
Rasaff,107/193,Uncommon,PAL
Paldea-Tauros,108/193,Uncommon,PAL
Mogelbaum,109/193,Uncommon,PAL
Larvitar,110/193,Common,PAL
Pupitar,111/193,Uncommon,PAL
Makuhita,112/193,Common,PAL
Hariyama,113/193,Rare,PAL
Glibunkel,114/193,Common,PAL
Toxiquak,115/193,Uncommon,PAL
Wuffels,116/193,Common,PAL
Wolwerock-ex,117/193,Double Rare,PAL
Quartermak,118/193,Uncommon,PAL
Legios,119/193,Common,PAL
Geosali,120/193,Common,PAL
Geosali,121/193,Common,PAL
Sedisal,122/193,Uncommon,PAL
Saltigant,123/193,Rare,PAL
Lumispross,124/193,Common,PAL
Lumispross,125/193,Common,PAL
Lumiflora,126/193,Rare,PAL
Dinglu-ex,127/193,Double Rare,PAL
Paldea-Felino,128/193,Common,PAL
Paldea-Felino,129/193,Common,PAL
Paldea-Suelord-ex,130/193,Double Rare,PAL
Kramurx,131/193,Common,PAL
Kramshef,132/193,Uncommon,PAL
Sniebel,133/193,Common,PAL
Snibunna,134/193,Rare,PAL
Despotar,135/193,Rare,PAL
Zobiris,136/193,Rare,PAL
Vipitis,137/193,Uncommon,PAL
Kapuno,138/193,Common,PAL
Duodino,139/193,Uncommon,PAL
Trikephalo,140/193,Rare,PAL
Mobtiff,141/193,Common,PAL
Mobtiff,142/193,Common,PAL
Mastifioso,143/193,Uncommon,PAL
Sproxi,144/193,Common,PAL
Sproxi,145/193,Common,PAL
Affiti,146/193,Uncommon,PAL
Adebom,147/193,Uncommon,PAL
Krarmor,148/193,Uncommon,PAL
Kupfanti,149/193,Common,PAL
Patinaraja-ex,150/193,Double Rare,PAL
Schlurm,151/193,Rare,PAL
eF-eM,152/193,Common,PAL
UHaFnir-ex,153/193,Double Rare,PAL
Girafarig,154/193,Common,PAL
Farigiraf,155/193,Uncommon,PAL
Dummisel,156/193,Common,PAL
Dummimisel,157/193,Uncommon,PAL
Wingull,158/193,Common,PAL
Pelipper,159/193,Uncommon,PAL
Bummelz,160/193,Common,PAL
Muntier,161/193,Uncommon,PAL
Letarking,162/193,Rare,PAL
Dartiri,163/193,Common,PAL
Meikro,164/193,Common,PAL
Kranoviz,165/193,Uncommon,PAL
Zwieps,166/193,Common,PAL
Zwieps,167/193,Common,PAL
Famieps,168/193,Uncommon,PAL
Krawalloro-ex,169/193,Double Rare,PAL
Flaminkno,170/193,Uncommon,PAL
Bolardin,171/193,Uncommon,PAL
Befehl vom Boss,172/193,Rare,PAL
Amulett der Tapferkeit,173/193,Uncommon,PAL
Unheilvolles Schneegebirge,174/193,Uncommon,PAL
Unheilvolle Einöde,175/193,Uncommon,PAL
Wahlgürtel,176/193,Uncommon,PAL
Clavel,177/193,Common,PAL
Lieferdrohne,178/193,Uncommon,PAL
Amura,179/193,Uncommon,PAL
Falk,180/193,Uncommon,PAL
Kampf au Lait,181/193,Uncommon,PAL
Pinio,182/193,Uncommon,PAL
Superball,183/193,Common,PAL
Grusha,184/193,Uncommon,PAL
Enigmara,185/193,Uncommon,PAL
Trainingsstudio,186/193,Uncommon,PAL
Saguaro,187/193,Uncommon,PAL
Superangel,188/193,Common,PAL
Hochwertiger Energie-Zugewinn,189/193,Uncommon,PAL
Jet-Energie,190/193,Uncommon,PAL
Leucht-Energie,191/193,Uncommon,PAL
Wandel-Energie,192/193,Uncommon,PAL
Therapie-Energie,193/193,Uncommon,PAL
Skaraborn,194/193,Illustration Rare,PAL
Tropius,195/193,Illustration Rare,PAL
Felori,196/193,Illustration Rare,PAL
Feliospa,197/193,Illustration Rare,PAL
Weherba,198/193,Illustration Rare,PAL
Dartignis,199/193,Illustration Rare,PAL
Pyroleo,200/193,Illustration Rare,PAL
Krokel,201/193,Illustration Rare,PAL
Lokroko,202/193,Illustration Rare,PAL
Karpador,203/193,Illustration Rare,PAL
Marill,204/193,Illustration Rare,PAL
Kubuin,205/193,Illustration Rare,PAL
Kwaks,206/193,Illustration Rare,PAL
Fuentente,207/193,Illustration Rare,PAL
Frospino,208/193,Illustration Rare,PAL
Cryospino,209/193,Illustration Rare,PAL
Espinodon,210/193,Illustration Rare,PAL
Raichu,211/193,Illustration Rare,PAL
Traunmagil,212/193,Illustration Rare,PAL
Hypnomorba,213/193,Illustration Rare,PAL
Sankabuh,214/193,Illustration Rare,PAL
Skarabaks,215/193,Illustration Rare,PAL
Forgita,216/193,Illustration Rare,PAL
Tafforgita,217/193,Illustration Rare,PAL
Paldea-Tauros,218/193,Illustration Rare,PAL
Mogelbaum,219/193,Illustration Rare,PAL
Geosali,220/193,Illustration Rare,PAL
Paldea-Felino,221/193,Illustration Rare,PAL
Despotar,222/193,Illustration Rare,PAL
Affiti,223/193,Illustration Rare,PAL
Schlurm,224/193,Illustration Rare,PAL
Meikro,225/193,Illustration Rare,PAL
Famieps,226/193,Illustration Rare,PAL
Flaminkno,227/193,Illustration Rare,PAL
Farigiraf,228/193,Illustration Rare,PAL
Dummimisel,229/193,Illustration Rare,PAL
Forstellka-ex,230/193,Ultra Rare,PAL
Maskagato-ex,231/193,Ultra Rare,PAL
Chongjian-ex,232/193,Ultra Rare,PAL
Skelokrok-ex,233/193,Ultra Rare,PAL
Yuyu-ex,234/193,Ultra Rare,PAL
Bailonda-ex,235/193,Ultra Rare,PAL
Baojian-ex,236/193,Ultra Rare,PAL
Wampitz-ex,237/193,Ultra Rare,PAL
Laschoking-ex,238/193,Ultra Rare,PAL
Dedenne-ex,239/193,Ultra Rare,PAL
Granforgita-ex,240/193,Ultra Rare,PAL
Wolwerock-ex,241/193,Ultra Rare,PAL
Epitaff-ex,242/193,Ultra Rare,PAL
Dinglu-ex,243/193,Ultra Rare,PAL
Paldea-Suelord-ex,244/193,Ultra Rare,PAL
Patinaraja-ex,245/193,Ultra Rare,PAL
UHaFnir-ex,246/193,Ultra Rare,PAL
Krawalloro-ex,247/193,Ultra Rare,PAL
Befehl vom Boss,248/193,Ultra Rare,PAL
Clavel,249/193,Ultra Rare,PAL
Amura,250/193,Ultra Rare,PAL
Falk,251/193,Ultra Rare,PAL
Pinio,252/193,Ultra Rare,PAL
Grusha,253/193,Ultra Rare,PAL
Enigmara,254/193,Ultra Rare,PAL
Saguaro,255/193,Ultra Rare,PAL
Maskagato-ex,256/193,Special Illustration Rare,PAL
Chongjian-ex,257/193,Special Illustration Rare,PAL
Skelokrok-ex,258/193,Special Illustration Rare,PAL
Yuyu-ex,259/193,Special Illustration Rare,PAL
Bailonda-ex,260/193,Special Illustration Rare,PAL
Baojian-ex,261/193,Special Illustration Rare,PAL
Granforgita-ex,262/193,Special Illustration Rare,PAL
Dinglu-ex,263/193,Special Illustration Rare,PAL
Krawalloro-ex,264/193,Special Illustration Rare,PAL
Befehl vom Boss,265/193,Special Illustration Rare,PAL
Amura,266/193,Special Illustration Rare,PAL
Pinio,267/193,Special Illustration Rare,PAL
Grusha,268/193,Special Illustration Rare,PAL
Enigmara,269/193,Special Illustration Rare,PAL
Saguaro,270/193,Special Illustration Rare,PAL
Maskagato-ex,271/193,Hyper Rare,PAL
Skelokrok-ex,272/193,Hyper Rare,PAL
Bailonda-ex,273/193,Hyper Rare,PAL
Baojian-ex,274/193,Hyper Rare,PAL
Dinglu-ex,275/193,Hyper Rare,PAL
Superangel,276/193,Hyper Rare,PAL
Hochwertiger Energie-Zugewinn,277/193,Hyper Rare,PAL
Basis-Grass-Energie,278/193,Hyper Rare,PAL
Basis-Water-Energie,279/193,Hyper Rare,PAL
Tannza,1/91,Common,PAF
Forstellka-ex,2/91,Double Rare,PAF
Maracamba,3/91,Common,PAF
Tentagra,4/91,Common,PAF
Tenterra-ex,5/91,Double Rare,PAF
Psiopatra-ex,6/91,Double Rare,PAF
Glumanda,7/91,Common,PAF
Glutexo,8/91,Uncommon,PAF
Magmar,9/91,Common,PAF
Magbrant,10/91,Rare,PAF
Camaub,11/91,Common,PAF
Camerupt,12/91,Uncommon,PAF
Hitze-Rotom,13/91,Rare,PAF
Knarbon,14/91,Common,PAF
Crimanzo,15/91,Rare,PAF
Lapras,16/91,Common,PAF
Frospino,17/91,Common,PAF
Pikachu,18/91,Common,PAF
Raichu,19/91,Rare,PAF
Lampi,20/91,Common,PAF
Lanturn,21/91,Uncommon,PAF
Voltrean,22/91,Uncommon,PAF
Owei,23/91,Common,PAF
Kokowei,24/91,Rare,PAF
Natu,25/91,Common,PAF
Xatu,26/91,Rare,PAF
Trasla,27/91,Common,PAF
Kirlia,28/91,Uncommon,PAF
Guardevoir-ex,29/91,Double Rare,PAF
Palimpalim,30/91,Common,PAF
Pantimimi,31/91,Common,PAF
Fleknoil,32/91,Common,PAF
Fletiamo,33/91,Uncommon,PAF
Waumboll,34/91,Common,PAF
Elfun,35/91,Uncommon,PAF
Dedenne,36/91,Common,PAF
Mimigma,37/91,Rare,PAF
Hefel,38/91,Common,PAF
Backel,39/91,Uncommon,PAF
Azugladis,40/91,Rare,PAF
Flattutu,41/91,Common,PAF
Gruff,42/91,Common,PAF
Friedwuff,43/91,Rare,PAF
Gierspenst,44/91,Common,PAF
Menki,45/91,Common,PAF
Rasaff,46/91,Uncommon,PAF
Epitaff,47/91,Rare,PAF
Phanpy,48/91,Common,PAF
Donphan,49/91,Uncommon,PAF
Schmerbe,50/91,Common,PAF
Klopptopus,51/91,Common,PAF
Kaocto,52/91,Uncommon,PAF
Riesenzahn-ex,53/91,Double Rare,PAF
Glurak-ex,54/91,Double Rare,PAF
Nebulak,55/91,Common,PAF
Alpollo,56/91,Common,PAF
Gengar,57/91,Uncommon,PAF
Paldea-Felino,58/91,Common,PAF
Paldea-Suelord-ex,59/91,Double Rare,PAF
Zurrokex,60/91,Common,PAF
Irokex,61/91,Uncommon,PAF
Mobtiff,62/91,Common,PAF
Mastifioso,63/91,Rare,PAF
Knattox,64/91,Common,PAF
Knattatox,65/91,Rare,PAF
Eisenrad-ex,66/91,Double Rare,PAF
Monetigo,67/91,Rare,PAF
eF-eM,68/91,Common,PAF
UHaFnir-ex,69/91,Double Rare,PAF
Mopex,70/91,Rare,PAF
Ferkuli,71/91,Common,PAF
Fragrunz,72/91,Uncommon,PAF
Zwieps,73/91,Common,PAF
Famieps,74/91,Uncommon,PAF
Krawalloro-ex,75/91,Double Rare,PAF
Bolardin,76/91,Uncommon,PAF
Shugi,77/91,Uncommon,PAF
Leval,78/91,Uncommon,PAF
Elektrischer Generator,79/91,Uncommon,PAF
Enigmara,80/91,Uncommon,PAF
Mondscheinhügel,81/91,Uncommon,PAF
Nemila,82/91,Common,PAF
Nemilas Rucksack,83/91,Uncommon,PAF
Nestball,84/91,Uncommon,PAF
Paldea-Schüler,85/91,Common,PAF
Paldea-Schüler,86/91,Common,PAF
Forschung des Professors,87/91,Rare,PAF
Forschung des Professors,88/91,Rare,PAF
Sonderbonbon,89/91,Common,PAF
Technische Maschine: Krisenhieb,90/91,Uncommon,PAF
Hyperball,91/91,Uncommon,PAF
Myrapla,92/91,Shiny Rare,PAF
Duflor,93/91,Shiny Rare,PAF
Giflor,94/91,Shiny Rare,PAF
Sichlor,95/91,Shiny Rare,PAF
Hoppspross,96/91,Shiny Rare,PAF
Hubelupf,97/91,Shiny Rare,PAF
Papungha,98/91,Shiny Rare,PAF
Tannza,99/91,Shiny Rare,PAF
Shnebedeck,100/91,Shiny Rare,PAF
Rexblisar,101/91,Shiny Rare,PAF
Olini,102/91,Shiny Rare,PAF
Olivinio,103/91,Shiny Rare,PAF
Olithena,104/91,Shiny Rare,PAF
Tentagra,105/91,Shiny Rare,PAF
Chilingel,106/91,Shiny Rare,PAF
Halupenjo,107/91,Shiny Rare,PAF
Relluk,108/91,Shiny Rare,PAF
Glumanda,109/91,Shiny Rare,PAF
Glutexo,110/91,Shiny Rare,PAF
Paldea-Tauros,111/91,Shiny Rare,PAF
Entei,112/91,Shiny Rare,PAF
Choreogel,113/91,Shiny Rare,PAF
Knarbon,114/91,Shiny Rare,PAF
Crimanzo,115/91,Shiny Rare,PAF
Flegmon,116/91,Shiny Rare,PAF
Lahmus,117/91,Shiny Rare,PAF
Sterndu,118/91,Shiny Rare,PAF
Starmie,119/91,Shiny Rare,PAF
Paldea-Tauros,120/91,Shiny Rare,PAF
Schligda,121/91,Shiny Rare,PAF
Schligdri,122/91,Shiny Rare,PAF
Normifin,123/91,Shiny Rare,PAF
Delfinator,124/91,Shiny Rare,PAF
Agiluza,125/91,Shiny Rare,PAF
Heerashai,126/91,Shiny Rare,PAF
Nigiragi,127/91,Shiny Rare,PAF
Frospino,128/91,Shiny Rare,PAF
Cryospino,129/91,Shiny Rare,PAF
Espinodon,130/91,Shiny Rare,PAF
Pikachu,131/91,Shiny Rare,PAF
Raichu,132/91,Shiny Rare,PAF
Voltobal,133/91,Shiny Rare,PAF
Lektrobal,134/91,Shiny Rare,PAF
Sheinux,135/91,Shiny Rare,PAF
Luxio,136/91,Shiny Rare,PAF
Luxtra,137/91,Shiny Rare,PAF
Pachirisu,138/91,Shiny Rare,PAF
Voltolos,139/91,Shiny Rare,PAF
Toxel,140/91,Shiny Rare,PAF
Riffex,141/91,Shiny Rare,PAF
Pamo,142/91,Shiny Rare,PAF
Pamamo,143/91,Shiny Rare,PAF
Pamomamo,144/91,Shiny Rare,PAF
Voltrel,145/91,Shiny Rare,PAF
Voltrean,146/91,Shiny Rare,PAF
Knuddeluff,147/91,Shiny Rare,PAF
Abra,148/91,Shiny Rare,PAF
Kadabra,149/91,Shiny Rare,PAF
Pii,150/91,Shiny Rare,PAF
Natu,151/91,Shiny Rare,PAF
Xatu,152/91,Shiny Rare,PAF
Trasla,153/91,Shiny Rare,PAF
Kirlia,154/91,Shiny Rare,PAF
Driftlon,155/91,Shiny Rare,PAF
Drifzepeli,156/91,Shiny Rare,PAF
Pantimimi,157/91,Shiny Rare,PAF
Kryppuk,158/91,Shiny Rare,PAF
Clavion,159/91,Shiny Rare,PAF
Mimigma,160/91,Shiny Rare,PAF
Backel,161/91,Shiny Rare,PAF
Azugladis,162/91,Shiny Rare,PAF
Skarabaks,163/91,Shiny Rare,PAF
Flattutu,164/91,Shiny Rare,PAF
Forgita,165/91,Shiny Rare,PAF
Tafforgita,166/91,Shiny Rare,PAF
Granforgita,167/91,Shiny Rare,PAF
Friedwuff,168/91,Shiny Rare,PAF
Menki,169/91,Shiny Rare,PAF
Rasaff,170/91,Shiny Rare,PAF
Epitaff,171/91,Shiny Rare,PAF
Paldea-Tauros,172/91,Shiny Rare,PAF
Riolu,173/91,Shiny Rare,PAF
Lucario,174/91,Shiny Rare,PAF
Resladero,175/91,Shiny Rare,PAF
Geosali,176/91,Shiny Rare,PAF
Sedisal,177/91,Shiny Rare,PAF
Saltigant,178/91,Shiny Rare,PAF
Lumispross,179/91,Shiny Rare,PAF
Paldea-Felino,180/91,Shiny Rare,PAF
Kramurx,181/91,Shiny Rare,PAF
Sniebel,182/91,Shiny Rare,PAF
Snibunna,183/91,Shiny Rare,PAF
Zobiris,184/91,Shiny Rare,PAF
Gladiantri,185/91,Shiny Rare,PAF
Caesurio,186/91,Shiny Rare,PAF
Gladimperio,187/91,Shiny Rare,PAF
Mastifioso,188/91,Shiny Rare,PAF
Sproxi,189/91,Shiny Rare,PAF
Affiti,190/91,Shiny Rare,PAF
Scherox,191/91,Shiny Rare,PAF
Knattox,192/91,Shiny Rare,PAF
Knattatox,193/91,Shiny Rare,PAF
eF-eM,194/91,Shiny Rare,PAF
Mopex,195/91,Shiny Rare,PAF
Taubsi,196/91,Shiny Rare,PAF
Tauboga,197/91,Shiny Rare,PAF
Pummeluff,198/91,Shiny Rare,PAF
Dodu,199/91,Shiny Rare,PAF
Dodri,200/91,Shiny Rare,PAF
Ditto,201/91,Shiny Rare,PAF
Relaxo,202/91,Shiny Rare,PAF
Wingull,203/91,Shiny Rare,PAF
Pelipper,204/91,Shiny Rare,PAF
Raffel,205/91,Shiny Rare,PAF
Schlaraffel,206/91,Shiny Rare,PAF
Ferkuli,207/91,Shiny Rare,PAF
Fragrunz,208/91,Shiny Rare,PAF
Zwieps,209/91,Shiny Rare,PAF
Famieps,210/91,Shiny Rare,PAF
Flaminkno,211/91,Shiny Rare,PAF
Forstellka-ex,212/91,Shiny Ultra Rare,PAF
Tenterra-ex,213/91,Shiny Ultra Rare,PAF
Psiopatra-ex,214/91,Shiny Ultra Rare,PAF
Simsala-ex,215/91,Shiny Ultra Rare,PAF
Mew-ex,216/91,Shiny Ultra Rare,PAF
Guardevoir-ex,217/91,Shiny Ultra Rare,PAF
Lumiflora-ex,218/91,Shiny Ultra Rare,PAF
Paldea-Suelord-ex,219/91,Shiny Ultra Rare,PAF
UHaFnir-ex,220/91,Shiny Ultra Rare,PAF
Tauboss-ex,221/91,Shiny Ultra Rare,PAF
Knuddeluff-ex,222/91,Shiny Ultra Rare,PAF
Krawalloro-ex,223/91,Shiny Ultra Rare,PAF
Schligdri,224/91,Illustration Rare,PAF
Delfinator,225/91,Illustration Rare,PAF
Pamo,226/91,Illustration Rare,PAF
Leval,227/91,Ultra Rare,PAF
Richter,228/91,Ultra Rare,PAF
Nemila,229/91,Ultra Rare,PAF
Paldea-Schüler,230/91,Ultra Rare,PAF
Paldea-Schüler,231/91,Ultra Rare,PAF
Mew-ex,232/91,Special Illustration Rare,PAF
Guardevoir-ex,233/91,Special Illustration Rare,PAF
Glurak-ex,234/91,Special Illustration Rare,PAF
Pepper,235/91,Special Illustration Rare,PAF
Leval,236/91,Special Illustration Rare,PAF
Enigmara,237/91,Special Illustration Rare,PAF
Nemila,238/91,Special Illustration Rare,PAF
Cosima,239/91,Special Illustration Rare,PAF
Chongjian-ex,240/91,Hyper Rare,PAF
Yuyu-ex,241/91,Hyper Rare,PAF
Baojian-ex,242/91,Hyper Rare,PAF
Miraidon-ex,243/91,Hyper Rare,PAF
Dinglu-ex,244/91,Hyper Rare,PAF
Koraidon-ex,245/91,Hyper Rare,PAF
Gehweiher,1/182,Common,PAR
Maskeregen,2/182,Uncommon,PAR
Frosdedje-ex,3/182,Double Rare,PAR
Vegimak,4/182,Common,PAR
Vegichita,5/182,Uncommon,PAR
Lithomith,6/182,Common,PAR
Castellith,7/182,Common,PAR
Frubberl,8/182,Common,PAR
Frubaila,9/182,Uncommon,PAR
Sensect,10/182,Common,PAR
Keradar,11/182,Common,PAR
Maritellit,12/182,Uncommon,PAR
Micrick,13/182,Common,PAR
Micrick,14/182,Common,PAR
Tentagra,15/182,Common,PAR
Tentagra,16/182,Common,PAR
Tenterra,17/182,Uncommon,PAR
Chongjian,18/182,Rare,PAR
Magby,19/182,Common,PAR
Grillmak,20/182,Common,PAR
Grillchita,21/182,Uncommon,PAR
Volcanion,22/182,Rare,PAR
Krokel,23/182,Common,PAR
Lokroko,24/182,Uncommon,PAR
Knarbon,25/182,Common,PAR
Knarbon,26/182,Common,PAR
Crimanzo-ex,27/182,Double Rare,PAR
Eisenfalter,28/182,Rare,PAR
Yuyu,29/182,Rare,PAR
Seeper,30/182,Common,PAR
Seemon,31/182,Common,PAR
Seedraking,32/182,Rare,PAR
Remoraid,33/182,Common,PAR
Octillery,34/182,Common,PAR
Barschwa,35/182,Common,PAR
Milotic,36/182,Rare,PAR
Schneppke,37/182,Common,PAR
Knakrack-ex,38/182,Double Rare,PAR
Mantirps,39/182,Common,PAR
Palkia,40/182,Rare,PAR
Sodamak,41/182,Common,PAR
Sodachita,42/182,Uncommon,PAR
Gelatini,43/182,Common,PAR
Gelatroppo,44/182,Common,PAR
Gelatwino,45/182,Uncommon,PAR
Fruyal-ex,46/182,Double Rare,PAR
Reißlaus,47/182,Common,PAR
Reißlaus,48/182,Common,PAR
Tectass,49/182,Rare,PAR
Tectass-ex,50/182,Double Rare,PAR
Schligda,51/182,Common,PAR
Schligda,52/182,Common,PAR
Schligdri,53/182,Uncommon,PAR
Agiluza,54/182,Uncommon,PAR
Heerashai,55/182,Uncommon,PAR
Eisenbündel,56/182,Uncommon,PAR
Baojian,57/182,Rare,PAR
Mewtu-ex,58/182,Double Rare,PAR
Elekid,59/182,Common,PAR
Plusle,60/182,Common,PAR
Minun,61/182,Common,PAR
Elezeba,62/182,Common,PAR
Zebritz,63/182,Uncommon,PAR
Wattzapf,64/182,Common,PAR
Voltula,65/182,Common,PAR
Zekrom,66/182,Rare,PAR
Choreogel,67/182,Common,PAR
Kapu-Riki-ex,68/182,Double Rare,PAR
Toxel,69/182,Common,PAR
Eisenhand-ex,70/182,Double Rare,PAR
Natu,71/182,Common,PAR
Xatu,72/182,Rare,PAR
Latios,73/182,Rare,PAR
Deoxys,74/182,Rare,PAR
Makabaja,75/182,Common,PAR
Echnatoll-ex,76/182,Double Rare,PAR
Irrbis,77/182,Common,PAR
Pumpdjinn,78/182,Uncommon,PAR
Flattutu,79/182,Common,PAR
Flattutu,80/182,Common,PAR
Psiopatra,81/182,Rare,PAR
Forgita,82/182,Common,PAR
Forgita,83/182,Common,PAR
Tafforgita,84/182,Common,PAR
Granforgita,85/182,Uncommon,PAR
Brüllschweif,86/182,Uncommon,PAR
Gierspenst,87/182,Common,PAR
Gierspenst,88/182,Common,PAR
Eisenkrieger-ex,89/182,Double Rare,PAR
Onix,90/182,Common,PAR
Skorgla,91/182,Common,PAR
Skorgro,92/182,Uncommon,PAR
Groudon,93/182,Rare,PAR
Kaumalat,94/182,Common,PAR
Knarksel,95/182,Common,PAR
Lin-Fu,96/182,Common,PAR
Wie-Shu,97/182,Uncommon,PAR
Hoopa-ex,98/182,Double Rare,PAR
Meteno,99/182,Uncommon,PAR
Riffex-ex,100/182,Double Rare,PAR
Geosali,101/182,Common,PAR
Geosali,102/182,Common,PAR
Sedisal,103/182,Common,PAR
Saltigant,104/182,Rare,PAR
Klibbe,105/182,Uncommon,PAR
Flaminkno,106/182,Common,PAR
Kriechflügel,107/182,Uncommon,PAR
Sandfell-ex,108/182,Double Rare,PAR
Dinglu,109/182,Rare,PAR
Zubat,110/182,Common,PAR
Golbat,111/182,Common,PAR
Iksbat,112/182,Uncommon,PAR
Absol,113/182,Uncommon,PAR
Felilou,114/182,Common,PAR
Kleoparda,115/182,Common,PAR
Unratütox,116/182,Common,PAR
Deponitox,117/182,Uncommon,PAR
Yveltal,118/182,Rare,PAR
Kleptifux,119/182,Common,PAR
Gaunux,120/182,Rare,PAR
Morpeko,121/182,Rare,PAR
Lextremo,122/182,Rare,PAR
Wutpilz,123/182,Rare,PAR
Donnersichel-ex,124/182,Double Rare,PAR
Stahlos,125/182,Rare,PAR
Jirachi,126/182,Common,PAR
Kastadur,127/182,Common,PAR
Tentantel,128/182,Uncommon,PAR
Fermicula,129/182,Uncommon,PAR
Gramokles,130/182,Common,PAR
Gramokles,131/182,Common,PAR
Duokles,132/182,Common,PAR
Duokles,133/182,Common,PAR
Durengard,134/182,Rare,PAR
Durengard-ex,135/182,Double Rare,PAR
Zacian,136/182,Rare,PAR
Skelokrok-ex,137/182,Double Rare,PAR
Schlurm,138/182,Uncommon,PAR
Monetigo-ex,139/182,Double Rare,PAR
Altaria-ex,140/182,Double Rare,PAR
Nigiragi,141/182,Uncommon,PAR
Porygon,142/182,Common,PAR
Porygon2,143/182,Common,PAR
Porygon-Z,144/182,Rare,PAR
Griffel,145/182,Common,PAR
Ambidiffel,146/182,Uncommon,PAR
Miltank,147/182,Common,PAR
Flurmel,148/182,Common,PAR
Krakeelo,149/182,Common,PAR
Krawumms,150/182,Uncommon,PAR
Pandir,151/182,Common,PAR
Wablu,152/182,Common,PAR
Zwieps,153/182,Common,PAR
Zwieps,154/182,Common,PAR
Famieps-ex,155/182,Double Rare,PAR
Adebom-ex,156/182,Double Rare,PAR
Mopex,157/182,Uncommon,PAR
Eisenhals,158/182,Rare,PAR
Energiekapsel aus der Vergangenheit,159/182,Uncommon,PAR
Konterfänger,160/182,Uncommon,PAR
Verfluchter Staubwedel,161/182,Uncommon,PAR
Trotzweste,162/182,Uncommon,PAR
Irdengefäß,163/182,Uncommon,PAR
Energiekapsel aus der Zukunft,164/182,Uncommon,PAR
Aoki,165/182,Common,PAR
Luxuriöser Umhang,166/182,Uncommon,PAR
Irsa,167/182,Uncommon,PAR
Norman,168/182,Uncommon,PAR
Schirmdame,169/182,Common,PAR
Prof. Antiquas Vitalität,170/182,Uncommon,PAR
Prof. Futurus' Szenario,171/182,Uncommon,PAR
Cay,172/182,Uncommon,PAR
Veit,173/182,Uncommon,PAR
Anissa,174/182,Uncommon,PAR
Relaxo-Puppe,175/182,Uncommon,PAR
Technische Maschine: Aus heiterem Himmel,176/182,Uncommon,PAR
Technische Maschine: Rückentwicklung,177/182,Uncommon,PAR
Technische Maschine: Entwicklung,178/182,Uncommon,PAR
Technische Maschine: Schubenergie,179/182,Uncommon,PAR
Techradar,180/182,Uncommon,PAR
Tulia,181/182,Uncommon,PAR
Medizin-Energie,182/182,Uncommon,PAR
Castellith,183/182,Illustration Rare,PAR
Keradar,184/182,Illustration Rare,PAR
Tenterra,185/182,Illustration Rare,PAR
Magby,186/182,Illustration Rare,PAR
Eisenfalter,187/182,Illustration Rare,PAR
Schneppke,188/182,Illustration Rare,PAR
Mantirps,189/182,Illustration Rare,PAR
Gelatroppo,190/182,Illustration Rare,PAR
Reißlaus,191/182,Illustration Rare,PAR
Agiluza,192/182,Illustration Rare,PAR
Plusle,193/182,Illustration Rare,PAR
Minun,194/182,Illustration Rare,PAR
Elezeba,195/182,Illustration Rare,PAR
Wattzapf,196/182,Illustration Rare,PAR
Psiopatra,197/182,Illustration Rare,PAR
Gierspenst,198/182,Illustration Rare,PAR
Groudon,199/182,Illustration Rare,PAR
Wie-Shu,200/182,Illustration Rare,PAR
Meteno,201/182,Illustration Rare,PAR
Saltigant,202/182,Illustration Rare,PAR
Kriechflügel,203/182,Illustration Rare,PAR
Deponitox,204/182,Illustration Rare,PAR
Yveltal,205/182,Illustration Rare,PAR
Morpeko,206/182,Illustration Rare,PAR
Wutpilz,207/182,Illustration Rare,PAR
Stahlos,208/182,Illustration Rare,PAR
Tentantel,209/182,Illustration Rare,PAR
Durengard,210/182,Illustration Rare,PAR
Griffel,211/182,Illustration Rare,PAR
Krakeelo,212/182,Illustration Rare,PAR
Wablu,213/182,Illustration Rare,PAR
Porygon-Z,214/182,Illustration Rare,PAR
Mopex,215/182,Illustration Rare,PAR
Eisenhals,216/182,Illustration Rare,PAR
Frosdedje-ex,217/182,Ultra Rare,PAR
Crimanzo-ex,218/182,Ultra Rare,PAR
Knakrack-ex,219/182,Ultra Rare,PAR
Fruyal-ex,220/182,Ultra Rare,PAR
Tectass-ex,221/182,Ultra Rare,PAR
Kapu-Riki-ex,222/182,Ultra Rare,PAR
Eisenhand-ex,223/182,Ultra Rare,PAR
Echnatoll-ex,224/182,Ultra Rare,PAR
Eisenkrieger-ex,225/182,Ultra Rare,PAR
Hoopa-ex,226/182,Ultra Rare,PAR
Riffex-ex,227/182,Ultra Rare,PAR
Sandfell-ex,228/182,Ultra Rare,PAR
Donnersichel-ex,229/182,Ultra Rare,PAR
Durengard-ex,230/182,Ultra Rare,PAR
Monetigo-ex,231/182,Ultra Rare,PAR
Altaria-ex,232/182,Ultra Rare,PAR
Famieps-ex,233/182,Ultra Rare,PAR
Adebom-ex,234/182,Ultra Rare,PAR
Aoki,235/182,Ultra Rare,PAR
Irsa,236/182,Ultra Rare,PAR
Norman,237/182,Ultra Rare,PAR
Schirmdame,238/182,Ultra Rare,PAR
Prof. Antiquas Vitalität,239/182,Ultra Rare,PAR
Prof. Futurus' Szenario,240/182,Ultra Rare,PAR
Cay,241/182,Ultra Rare,PAR
Veit,242/182,Ultra Rare,PAR
Anissa,243/182,Ultra Rare,PAR
Tulia,244/182,Ultra Rare,PAR
Knakrack-ex,245/182,Special Illustration Rare,PAR
Tectass-ex,246/182,Special Illustration Rare,PAR
Kapu-Riki-ex,247/182,Special Illustration Rare,PAR
Eisenhand-ex,248/182,Special Illustration Rare,PAR
Eisenkrieger-ex,249/182,Special Illustration Rare,PAR
Sandfell-ex,250/182,Special Illustration Rare,PAR
Donnersichel-ex,251/182,Special Illustration Rare,PAR
Monetigo-ex,252/182,Special Illustration Rare,PAR
Altaria-ex,253/182,Special Illustration Rare,PAR
Irsa,254/182,Special Illustration Rare,PAR
Schirmdame,255/182,Special Illustration Rare,PAR
Prof. Antiquas Vitalität,256/182,Special Illustration Rare,PAR
Prof. Futurus' Szenario,257/182,Special Illustration Rare,PAR
Cay,258/182,Special Illustration Rare,PAR
Tulia,259/182,Special Illustration Rare,PAR
Knakrack-ex,260/182,Hyper Rare,PAR
Eisenkrieger-ex,261/182,Hyper Rare,PAR
Donnersichel-ex,262/182,Hyper Rare,PAR
Strandplatz,263/182,Hyper Rare,PAR
Konterfänger,264/182,Hyper Rare,PAR
Luxuriöser Umhang,265/182,Hyper Rare,PAR
Wandel-Energie,266/182,Hyper Rare,PAR
Owei,1/131,Common,PRE
Kokowei,2/131,Uncommon,PRE
Pinsir,3/131,Common,PRE
Knospi,4/131,Common,PRE
Folipurba,5/131,Rare,PRE
Folipurba-ex,6/131,Double Rare,PRE
Waumboll,7/131,Common,PRE
Elfun,8/131,Rare,PRE
Knapfel,9/131,Common,PRE
Sirapfel,10/131,Uncommon,PRE
Hydrapfel-ex,11/131,Double Rare,PRE
Türkisgrüne-Maske-Ogerpon-ex,12/131,Double Rare,PRE
Flamara,13/131,Rare,PRE
Flamara-ex,14/131,Double Rare,PRE
Leufeo,15/131,Common,PRE
Pyroleo,16/131,Uncommon,PRE
Ofenmaske-Ogerpon-ex,17/131,Double Rare,PRE
Flegmon,18/131,Common,PRE
Laschoking,19/131,Uncommon,PRE
Goldini,20/131,Common,PRE
Golking,21/131,Uncommon,PRE
Aquana,22/131,Rare,PRE
Aquana-ex,23/131,Double Rare,PRE
Suicune,24/131,Uncommon,PRE
Glaziola,25/131,Rare,PRE
Glaziola-ex,26/131,Double Rare,PRE
Brunnenmaske-Ogerpon-ex,27/131,Double Rare,PRE
Pikachu-ex,28/131,Double Rare,PRE
Blitza,29/131,Rare,PRE
Blitza-ex,30/131,Double Rare,PRE
Eisenhand-ex,31/131,Double Rare,PRE
Eisendorn-ex,32/131,Double Rare,PRE
Psiana,33/131,Rare,PRE
Psiana-ex,34/131,Double Rare,PRE
Zwirrlicht,35/131,Common,PRE
Zwirrklop,36/131,Common,PRE
Zwirrfinst,37/131,Rare,PRE
Parfi,38/131,Common,PRE
Parfinesse,39/131,Common,PRE
Feelinara,40/131,Rare,PRE
Feelinara-ex,41/131,Double Rare,PRE
Brüllschweif,42/131,Uncommon,PRE
Flatterhaar,43/131,Rare,PRE
Benesaru,44/131,Rare,PRE
Beatori,45/131,Rare,PRE
Eisenfels,46/131,Rare,PRE
Larvitar,47/131,Common,PRE
Pupitar,48/131,Common,PRE
Groudon,49/131,Rare,PRE
Riolu,50/131,Common,PRE
Lucario-ex,51/131,Double Rare,PRE
Hippopotas,52/131,Common,PRE
Hippoterus,53/131,Common,PRE
Blutmond-Ursaluna,54/131,Rare,PRE
Riesenzahn,55/131,Uncommon,PRE
Sandfell-ex,56/131,Double Rare,PRE
Boninu,57/131,Rare,PRE
Fundamentmaske-Ogerpon-ex,58/131,Double Rare,PRE
Nachtara,59/131,Rare,PRE
Nachtara-ex,60/131,Double Rare,PRE
Sniebel,61/131,Common,PRE
Hunduster,62/131,Common,PRE
Hundemon,63/131,Common,PRE
Despotar-ex,64/131,Double Rare,PRE
Donnersichel,65/131,Rare,PRE
Bronzel,66/131,Common,PRE
Bronzong,67/131,Uncommon,PRE
Heatran,68/131,Uncommon,PRE
Duraludon,69/131,Common,PRE
Briduradon,70/131,Rare,PRE
Grolldra,71/131,Common,PRE
Phandra,72/131,Common,PRE
Katapuldra-ex,73/131,Double Rare,PRE
Evoli,74/131,Common,PRE
Evoli-ex,75/131,Double Rare,PRE
Relaxo-ex,76/131,Double Rare,PRE
Hoothoot,77/131,Common,PRE
Noctuh,78/131,Rare,PRE
Dummisel,79/131,Common,PRE
Dummimisel,80/131,Rare,PRE
Miltank,81/131,Common,PRE
Lugia-ex,82/131,Double Rare,PRE
Haspiror,83/131,Common,PRE
Schlapor,84/131,Common,PRE
Wirbel-Rotom,85/131,Common,PRE
Regigigas,86/131,Uncommon,PRE
Shaymin,87/131,Uncommon,PRE
Coiffwaff,88/131,Common,PRE
Resladero,89/131,Uncommon,PRE
eF-eM,90/131,Common,PRE
UHaFnir-ex,91/131,Double Rare,PRE
Terapagos-ex,92/131,Double Rare,PRE
Erin,93/131,Common,PRE
Höhlensystem Null,94/131,Uncommon,PRE
Ketten-Mochi,95/131,Uncommon,PRE
Schwarzgurt-Training,96/131,Common,PRE
Schwarzgurt-Training,97/131,Common,PRE
Schwarzgurt-Training,98/131,Common,PRE
Schwarzgurt-Training,99/131,Common,PRE
Brianna,100/131,Uncommon,PRE
Dicke-Freunde-Knursp,101/131,Uncommon,PRE
Käfersammlerset,102/131,Uncommon,PRE
Hana,103/131,Uncommon,PRE
Ciphermaniacs Decodierung,104/131,Uncommon,PRE
Matt,105/131,Uncommon,PRE
Irdengefäß,106/131,Uncommon,PRE
Führung des Entdeckers,107/131,Uncommon,PRE
Festplatz,108/131,Uncommon,PRE
Freunde aus Paldea,109/131,Common,PRE
Glastrompete,110/131,Uncommon,PRE
Terirobeere,111/131,Common,PRE
Janinas Geheimkunst,112/131,Uncommon,PRE
Jo,113/131,Uncommon,PRE
Tara,114/131,Uncommon,PRE
Aokis Geschick,115/131,Common,PRE
Maximale Angel,116/131,ACE SPEC Rare,PRE
Maximalgürtel,117/131,ACE SPEC Rare,PRE
Maske des Oni,118/131,Uncommon,PRE
Erstklassiger Fänger,119/131,ACE SPEC Rare,PRE
Prof. Antiquas Vitalität,120/131,Uncommon,PRE
Prof. Futurus' Szenario,121/131,Uncommon,PRE
Forschung des Professors,122/131,Common,PRE
Forschung des Professors,123/131,Common,PRE
Forschung des Professors,124/131,Common,PRE
Forschung des Professors,125/131,Common,PRE
Rettungsboard,126/131,Uncommon,PRE
Rotom-Stick,127/131,Common,PRE
Aufwischwirbel,128/131,ACE SPEC Rare,PRE
Funkelnder Kristall,129/131,ACE SPEC Rare,PRE
Techradar,130/131,Uncommon,PRE
Schatz-Tracker,131/131,ACE SPEC Rare,PRE
Erin,132/131,Ultra Rare,PRE
Shugi,133/131,Ultra Rare,PRE
Shugi,134/131,Ultra Rare,PRE
Colzo,135/131,Ultra Rare,PRE
Rioba,136/131,Ultra Rare,PRE
Freunde aus Paldea,137/131,Ultra Rare,PRE
Pinio,138/131,Ultra Rare,PRE
Aokis Geschick,139/131,Ultra Rare,PRE
Irsa,140/131,Ultra Rare,PRE
Otis,141/131,Ultra Rare,PRE
Moira,142/131,Ultra Rare,PRE
Quendella,143/131,Ultra Rare,PRE
Folipurba-ex,144/131,Special Illustration Rare,PRE
Türkisgrüne-Maske-Ogerpon-ex,145/131,Special Illustration Rare,PRE
Flamara-ex,146/131,Special Illustration Rare,PRE
Azugladis-ex,147/131,Special Illustration Rare,PRE
Ofenmaske-Ogerpon-ex,148/131,Special Illustration Rare,PRE
Aquana-ex,149/131,Special Illustration Rare,PRE
Glaziola-ex,150/131,Special Illustration Rare,PRE
Delfinator-ex,151/131,Special Illustration Rare,PRE
Brunnenmaske-Ogerpon-ex,152/131,Special Illustration Rare,PRE
Blitza-ex,153/131,Special Illustration Rare,PRE
Eisenhand-ex,154/131,Special Illustration Rare,PRE
Psiana-ex,155/131,Special Illustration Rare,PRE
Feelinara-ex,156/131,Special Illustration Rare,PRE
Eisenkrieger-ex,157/131,Special Illustration Rare,PRE
Eisenhaupt-ex,158/131,Special Illustration Rare,PRE
Sandfell-ex,159/131,Special Illustration Rare,PRE
Fundamentmaske-Ogerpon-ex,160/131,Special Illustration Rare,PRE
Nachtara-ex,161/131,Special Illustration Rare,PRE
Donnersichel-ex,162/131,Special Illustration Rare,PRE
Infamomo-ex,163/131,Special Illustration Rare,PRE
Monetigo-ex,164/131,Special Illustration Rare,PRE
Katapuldra-ex,165/131,Special Illustration Rare,PRE
Furienblitz-ex,166/131,Special Illustration Rare,PRE
Evoli-ex,167/131,Special Illustration Rare,PRE
Blutmond-Ursaluna-ex,168/131,Special Illustration Rare,PRE
Terapagos-ex,169/131,Special Illustration Rare,PRE
Erin,170/131,Special Illustration Rare,PRE
Matt,171/131,Special Illustration Rare,PRE
Levy,172/131,Special Illustration Rare,PRE
Janinas Geheimkunst,173/131,Special Illustration Rare,PRE
Jo,174/131,Special Illustration Rare,PRE
Tara,175/131,Special Illustration Rare,PRE
Eisenblatt-ex,176/131,Hyper Rare,PRE
Türkisgrüne-Maske-Ogerpon-ex,177/131,Hyper Rare,PRE
Windewoge-ex,178/131,Hyper Rare,PRE
Pikachu-ex,179/131,Hyper Rare,PRE
Terapagos-ex,180/131,Hyper Rare,PRE
Felori,1/102,Promo,SVP
Krokel,2/102,Promo,SVP
Kwaks,3/102,Promo,SVP
Mimigma-ex,4/102,Promo,SVP
Bailonda,5/102,Promo,SVP
Pamomamo,6/102,Promo,SVP
Resladero,7/102,Promo,SVP
Knattatox,8/102,Promo,SVP
Spinsidias,9/102,Promo,SVP
Psiopatra,10/102,Promo,SVP
Arkani,11/102,Promo,SVP
Heerashai,12/102,Promo,SVP
Miraidon,13/102,Promo,SVP
Koraidon,14/102,Promo,SVP
Waaty,15/102,Promo,SVP
Ampharos-ex,16/102,Promo,SVP
Lucario-ex,17/102,Promo,SVP
Mopex-ex,18/102,Promo,SVP
Espinodon,19/102,Promo,SVP
Granforgita,20/102,Promo,SVP
Kramurx,21/102,Promo,SVP
Pelipper,22/102,Promo,SVP
Olini,23/102,Promo,SVP
Fukano,24/102,Promo,SVP
Forgita,25/102,Promo,SVP
Knattox,26/102,Promo,SVP
Pikachu,27/102,Promo,SVP
Miraidon-ex,28/102,Promo,SVP
Koraidon-ex,29/102,Promo,SVP
Baojian-ex,30/102,Promo,SVP
Granforgita-ex,31/102,Promo,SVP
Epitaff-ex,32/102,Promo,SVP
Maskagato-ex,33/102,Promo,SVP
Skelokrok-ex,34/102,Promo,SVP
Bailonda-ex,35/102,Promo,SVP
Delfinator,36/102,Promo,SVP
Pii,37/102,Promo,SVP
Togekiss,38/102,Promo,SVP
Flunkifer,39/102,Promo,SVP
Pamo,40/102,Promo,SVP
Paldea-Felino,41/102,Promo,SVP
Friedwuff,42/102,Promo,SVP
Evoli,43/102,Promo,SVP
Glumanda,44/102,Promo,SVP
Paradies Resort,45/102,Promo,SVP
Bisasam,46/102,Promo,SVP
Glumanda,47/102,Promo,SVP
Schiggy,48/102,Promo,SVP
Zapdos-ex,49/102,Promo,SVP
Simsala-ex,50/102,Promo,SVP
Relaxo,51/102,Promo,SVP
Mewtu,52/102,Promo,SVP
Mew-ex,53/102,Promo,SVP
Quajutsu-ex,54/102,Promo,SVP
Kangama-ex,55/102,Promo,SVP
Glurak-ex,56/102,Promo,SVP
Yuyu,57/102,Promo,SVP
Eisenbündel,58/102,Promo,SVP
Xatu,59/102,Promo,SVP
Durengard,60/102,Promo,SVP
Tannza,61/102,Promo,SVP
Fatalitee,62/102,Promo,SVP
Kolowal,63/102,Promo,SVP
Cryospino,64/102,Promo,SVP
Brüllschweif,65/102,Promo,SVP
Eisenbündel,66/102,Promo,SVP
Donnersichel-ex,67/102,Promo,SVP
Eisenkrieger-ex,68/102,Promo,SVP
Hefel,69/102,Promo,SVP
Gruff,70/102,Promo,SVP
Mobtiff,71/102,Promo,SVP
Riesenzahn-ex,72/102,Promo,SVP
Eisenrad-ex,73/102,Promo,SVP
Glurak-ex,74/102,Promo,SVP
Mimigma,75/102,Promo,SVP
Felori,76/102,Promo,SVP
Feliospa,77/102,Promo,SVP
Maskagato-ex,78/102,Promo,SVP
Krokel,79/102,Promo,SVP
Lokroko,80/102,Promo,SVP
Skelokrok-ex,81/102,Promo,SVP
Kwaks,82/102,Promo,SVP
Fuentente,83/102,Promo,SVP
Bailonda-ex,84/102,Promo,SVP
Pikachu with Grey Felt Hat,85/102,Promo,SVP
Mastifioso-ex,86/102,Promo,SVP
Felori-ex,87/102,Promo,SVP
Pikachu,88/102,Promo,SVP
Impergator,89/102,Promo,SVP
Metang,90/102,Promo,SVP
Koraidon,91/102,Promo,SVP
Miraidon,92/102,Promo,SVP
Kanivanha,93/102,Promo,SVP
Wampitz,94/102,Promo,SVP
Pii,95/102,Promo,SVP
Mopex,96/102,Promo,SVP
Flatterhaar,97/102,Promo,SVP
Eisendorn,98/102,Promo,SVP
Sproxi,99/102,Promo,SVP
Affiti-ex,100/102,Promo,SVP
Pikachu,101/102,Promo,SVP
Oddish,102/102,Promo,SVP
Hundemon-ex,103/102,Promo,SVP
Melmetal-ex,104/102,Promo,SVP
Crimanzo-ex,105/102,Promo,SVP
Pikachu-ex,106/102,Promo,SVP
Voltilamm,107/102,Promo,SVP
Waaty,108/102,Promo,SVP
Ampharos,109/102,Promo,SVP
Darkrai-ex,110/102,Promo,SVP
Gladiantri,111/102,Promo,SVP
Caesurio,112/102,Promo,SVP
Gladimperio,113/102,Promo,SVP
Picknickerin,114/102,Promo,SVP
Chimstix,115/102,Promo,SVP
Panferno,116/102,Promo,SVP
Frosdedje,117/102,Promo,SVP
Nigiragi,118/102,Promo,SVP
Toxel,119/102,Promo,SVP
Pupitar,120/102,Promo,SVP
Knattatox,121/102,Promo,SVP
Relaxo,122/102,Promo,SVP
Türkisgrüne-Maske-Ogerpon,123/102,Promo,SVP
Enigmara,124/102,Promo,SVP
Crimanzo-ex,125/102,Promo,SVP
Delfinator-ex,126/102,Promo,SVP
Windewoge-ex,127/102,Promo,SVP
Eisenblatt-ex,128/102,Promo,SVP
Infamomo,129/102,Promo,SVP
Gladimperio,130/102,Promo,SVP
Seedraking-ex,131/102,Promo,SVP
Quajutsu-ex,132/102,Promo,SVP
Ledian,133/102,Promo,SVP
Krawell,134/102,Promo,SVP
Drifzepeli,135/102,Promo,SVP
Bisofank,136/102,Promo,SVP
Seeper,137/102,Promo,SVP
Porygon2,138/102,Promo,SVP
Latias,139/102,Promo,SVP
Granforgita,140/102,Promo,SVP
Noctuh,141/102,Promo,SVP
Victini-ex,142/102,Promo,SVP
Miraidon-ex,143/102,Promo,SVP
Keilflamme-ex,144/102,Promo,SVP
Furienblitz-ex,145/102,Promo,SVP
Eisenhaupt-ex,146/102,Promo,SVP
Eisenfels-ex,147/102,Promo,SVP
Miraidon,148/102,Promo,SVP
Infamomo,149/102,Promo,SVP
Paradies Resort,150/102,Promo,SVP
Keilflamme,151/102,Promo,SVP
Baojian,152/102,Promo,SVP
Magneton,153/102,Promo,SVP
Servol,154/102,Promo,SVP
Felino,155/102,Promo,SVP
Morlord,156/102,Promo,SVP
Zapdos,157/102,Promo,SVP
Pachirisu,158/102,Promo,SVP
Magneton,159/102,Promo,SVP
Krawalloro-ex,160/102,Promo,SVP
Glurak-ex,161/102,Promo,SVP
Friedwuff-ex,162/102,Promo,SVP
Liberlo-ex,163/102,Promo,SVP
Lapras-ex,164/102,Promo,SVP
Terapagos-ex,165/102,Promo,SVP
Pflanze-Energie,1/8,Common,SVE
Feuer-Energie,2/8,Common,SVE
Wasser-Energie,3/8,Common,SVE
Elektro-Energie,4/8,Common,SVE
Psycho-Energie,5/8,Common,SVE
Kampf-Energie,6/8,Common,SVE
Finsternis-Energie,7/8,Common,SVE
Metall-Energie,8/8,Common,SVE
Pflanze-Energie,9/8,Common,SVE
Feuer-Energie,10/8,Common,SVE
Wasser-Energie,11/8,Common,SVE
Elektro-Energie,12/8,Common,SVE
Psycho-Energie,13/8,Common,SVE
Kampf-Energie,14/8,Common,SVE
Finsternis-Energie,15/8,Common,SVE
Metall-Energie,16/8,Common,SVE
Tannza,1/198,Common,SVI
Skaraborn,2/198,Uncommon,SVI
Knilz,3/198,Common,SVI
Kapilz,4/198,Uncommon,SVI
Tuska,5/198,Common,SVI
Noktuska,6/198,Uncommon,SVI
Tropius,7/198,Common,SVI
Purmel,8/198,Common,SVI
Puponcho,9/198,Common,SVI
Vivillon,10/198,Uncommon,SVI
Mähikel,11/198,Common,SVI
Chevrumm,12/198,Common,SVI
Felori,13/198,Common,SVI
Feliospa,14/198,Uncommon,SVI
Maskagato,15/198,Rare,SVI
Tarundel,16/198,Common,SVI
Tarundel,17/198,Common,SVI
Tarundel,18/198,Common,SVI
Spinsidias-ex,19/198,Double Rare,SVI
Olini,20/198,Common,SVI
Olini,21/198,Common,SVI
Olivinio,22/198,Common,SVI
Olithena,23/198,Rare,SVI
Tentagra,24/198,Common,SVI
Tentagra,25/198,Common,SVI
Tenterra,26/198,Uncommon,SVI
Chilingel,27/198,Common,SVI
Chilingel,28/198,Common,SVI
Halupenjo,29/198,Uncommon,SVI
Fukano,30/198,Common,SVI
Fukano,31/198,Common,SVI
Arkani-ex,32/198,Double Rare,SVI
Hunduster,33/198,Common,SVI
Hundemon,34/198,Common,SVI
Qurtel,35/198,Uncommon,SVI
Krokel,36/198,Common,SVI
Lokroko,37/198,Uncommon,SVI
Skelokrok,38/198,Rare,SVI
Knarbon,39/198,Common,SVI
Knarbon,40/198,Common,SVI
Crimanzo,41/198,Rare,SVI
Flegmon,42/198,Common,SVI
Lahmus,43/198,Rare,SVI
Karpador,44/198,Common,SVI
Garados-ex,45/198,Double Rare,SVI
Bamelin,46/198,Common,SVI
Bojelin,47/198,Uncommon,SVI
Mamolida,48/198,Common,SVI
Scampisto,49/198,Common,SVI
Wummer,50/198,Common,SVI
Knirfish,51/198,Common,SVI
Kwaks,52/198,Common,SVI
Fuentente,53/198,Uncommon,SVI
Bailonda,54/198,Rare,SVI
Schligda,55/198,Common,SVI
Schligda,56/198,Common,SVI
Schligdri,57/198,Uncommon,SVI
Flaniwal,58/198,Common,SVI
Flaniwal,59/198,Common,SVI
Kolowal,60/198,Uncommon,SVI
Heerashai,61/198,Rare,SVI
Nigiragi,62/198,Uncommon,SVI
Magnetilo,63/198,Common,SVI
Magneton,64/198,Common,SVI
Magnezone-ex,65/198,Double Rare,SVI
Voltilamm,66/198,Common,SVI
Waaty,67/198,Uncommon,SVI
Pachirisu,68/198,Uncommon,SVI
Rotom,69/198,Common,SVI
Rotom,70/198,Common,SVI
Toxel,71/198,Common,SVI
Riffex,72/198,Uncommon,SVI
Pamo,73/198,Common,SVI
Pamo,74/198,Common,SVI
Pamamo,75/198,Common,SVI
Pamomamo,76/198,Rare,SVI
Voltrel,77/198,Common,SVI
Voltrel,78/198,Common,SVI
Voltrean,79/198,Uncommon,SVI
Miraidon,80/198,Rare,SVI
Miraidon-ex,81/198,Double Rare,SVI
Traumato,82/198,Common,SVI
Hypno,83/198,Uncommon,SVI
Trasla,84/198,Common,SVI
Kirlia,85/198,Common,SVI
Guardevoir-ex,86/198,Double Rare,SVI
Shuppet,87/198,Common,SVI
Banette-ex,88/198,Double Rare,SVI
Driftlon,89/198,Common,SVI
Drifzepeli,90/198,Uncommon,SVI
Flabébé,91/198,Common,SVI
Floette,92/198,Common,SVI
Florges,93/198,Uncommon,SVI
Dedenne,94/198,Common,SVI
Dedenne,95/198,Common,SVI
Clavion,96/198,Rare,SVI
Hefel,97/198,Common,SVI
Hefel,98/198,Common,SVI
Backel,99/198,Uncommon,SVI
Flattutu,100/198,Common,SVI
Flattutu,101/198,Common,SVI
Flattutu,102/198,Common,SVI
Psiopatra,103/198,Uncommon,SVI
Gruff,104/198,Common,SVI
Gruff,105/198,Common,SVI
Friedwuff,106/198,Rare,SVI
Menki,107/198,Common,SVI
Rasaff,108/198,Common,SVI
Epitaff,109/198,Rare,SVI
Meditie,110/198,Common,SVI
Meditalis,111/198,Uncommon,SVI
Riolu,112/198,Common,SVI
Riolu,113/198,Common,SVI
Lucario,114/198,Uncommon,SVI
Ganovil,115/198,Common,SVI
Rokkaiman,116/198,Common,SVI
Rabigator,117/198,Uncommon,SVI
Resladero,118/198,Rare,SVI
Salanga,119/198,Common,SVI
Sanaconda,120/198,Uncommon,SVI
Humanolith,121/198,Uncommon,SVI
Klibbe,122/198,Rare,SVI
Riesenzahn-ex,123/198,Double Rare,SVI
Koraidon,124/198,Rare,SVI
Koraidon-ex,125/198,Double Rare,SVI
Sleima,126/198,Common,SVI
Sleimok,127/198,Uncommon,SVI
Vipitis,128/198,Common,SVI
Kryppuk,129/198,Uncommon,SVI
Glibunkel,130/198,Common,SVI
Toxiquak-ex,131/198,Double Rare,SVI
Gladiantri,132/198,Common,SVI
Caesurio,133/198,Common,SVI
Gladimperio,134/198,Rare,SVI
Mobtiff,135/198,Common,SVI
Mobtiff,136/198,Common,SVI
Mastifioso,137/198,Uncommon,SVI
Adebom,138/198,Uncommon,SVI
Forstellka,139/198,Uncommon,SVI
Knattox,140/198,Common,SVI
Knattox,141/198,Common,SVI
Knattatox,142/198,Rare,SVI
Eisenrad-ex,143/198,Double Rare,SVI
Chaneira,144/198,Common,SVI
Heiteira,145/198,Uncommon,SVI
Sengo,146/198,Common,SVI
Sengo,147/198,Uncommon,SVI
Staralili,148/198,Common,SVI
Staravia,149/198,Common,SVI
Staraptor,150/198,Uncommon,SVI
Raffel,151/198,Common,SVI
Schlaraffel,152/198,Uncommon,SVI
Servol,153/198,Rare,SVI
Ferkuli,154/198,Common,SVI
Ferkuli,155/198,Common,SVI
Ferkuli,156/198,Common,SVI
Fragrunz,157/198,Uncommon,SVI
Fragrunz-ex,158/198,Double Rare,SVI
Zwieps,159/198,Common,SVI
Zwieps,160/198,Common,SVI
Famieps,161/198,Uncommon,SVI
Krawalloro,162/198,Common,SVI
Mopex,163/198,Uncommon,SVI
Mopex,164/198,Rare,SVI
Flaminkno,165/198,Uncommon,SVI
Pepper,166/198,Uncommon,SVI
Strandplatz,167/198,Uncommon,SVI
Schmetterhammer,168/198,Common,SVI
Trotzband,169/198,Uncommon,SVI
Elektrischer Generator,170/198,Uncommon,SVI
Energie-Zugewinn,171/198,Common,SVI
Energiesuche,172/198,Common,SVI
Energie-Umschalter,173/198,Common,SVI
EP-Teiler,174/198,Uncommon,SVI
Jim,175/198,Uncommon,SVI
Richter,176/198,Uncommon,SVI
Ronah,177/198,Uncommon,SVI
Mesalona City,178/198,Uncommon,SVI
Mimi,179/198,Uncommon,SVI
Nemila,180/198,Common,SVI
Nestball,181/198,Uncommon,SVI
Adressbuch,182/198,Common,SVI
Cosima,183/198,Uncommon,SVI
Picknickkorb,184/198,Uncommon,SVI
Pokéball,185/198,Common,SVI
Pokécom 3.0,186/198,Common,SVI
Pokémon-Fänger,187/198,Common,SVI
Trank,188/198,Common,SVI
Forschung des Professors,189/198,Rare,SVI
Forschung des Professors,190/198,Rare,SVI
Sonderbonbon,191/198,Common,SVI
Steinbrustpanzer,192/198,Uncommon,SVI
Beulenhelm,193/198,Uncommon,SVI
Tausch,194/198,Common,SVI
Rüpel von Team Star,195/198,Uncommon,SVI
Hyperball,196/198,Uncommon,SVI
Vitalitätsband,197/198,Uncommon,SVI
Knirps,198/198,Uncommon,SVI
Tarundel,199/198,Illustration Rare,SVI
Olivinio,200/198,Illustration Rare,SVI
Tentagra,201/198,Illustration Rare,SVI
Halupenjo,202/198,Illustration Rare,SVI
Crimanzo,203/198,Illustration Rare,SVI
Flegmon,204/198,Illustration Rare,SVI
Scampisto,205/198,Illustration Rare,SVI
Schligda,206/198,Illustration Rare,SVI
Heerashai,207/198,Illustration Rare,SVI
Pachirisu,208/198,Illustration Rare,SVI
Pamomamo,209/198,Illustration Rare,SVI
Traumato,210/198,Illustration Rare,SVI
Trasla,211/198,Illustration Rare,SVI
Kirlia,212/198,Illustration Rare,SVI
Hefel,213/198,Illustration Rare,SVI
Gruff,214/198,Illustration Rare,SVI
Riolu,215/198,Illustration Rare,SVI
Ganovil,216/198,Illustration Rare,SVI
Klibbe,217/198,Illustration Rare,SVI
Mastifioso,218/198,Illustration Rare,SVI
Adebom,219/198,Illustration Rare,SVI
Gladimperio,220/198,Illustration Rare,SVI
Staralili,221/198,Illustration Rare,SVI
Raffel,222/198,Illustration Rare,SVI
Spinsidias-ex,223/198,Ultra Rare,SVI
Arkani-ex,224/198,Ultra Rare,SVI
Garados-ex,225/198,Ultra Rare,SVI
Magnezone-ex,226/198,Ultra Rare,SVI
Miraidon-ex,227/198,Ultra Rare,SVI
Guardevoir-ex,228/198,Ultra Rare,SVI
Banette-ex,229/198,Ultra Rare,SVI
Riesenzahn-ex,230/198,Ultra Rare,SVI
Koraidon-ex,231/198,Ultra Rare,SVI
Toxiquak-ex,232/198,Ultra Rare,SVI
Eisenrad-ex,233/198,Ultra Rare,SVI
Fragrunz-ex,234/198,Ultra Rare,SVI
Pepper,235/198,Ultra Rare,SVI
Jim,236/198,Ultra Rare,SVI
Ronah,237/198,Ultra Rare,SVI
Mimi,238/198,Ultra Rare,SVI
Cosima,239/198,Ultra Rare,SVI
Forschung des Professors,240/198,Ultra Rare,SVI
Forschung des Professors,241/198,Ultra Rare,SVI
Rüpel von Team Star,242/198,Ultra Rare,SVI
Spinsidias-ex,243/198,Special Illustration Rare,SVI
Miraidon-ex,244/198,Special Illustration Rare,SVI
Guardevoir-ex,245/198,Special Illustration Rare,SVI
Riesenzahn-ex,246/198,Special Illustration Rare,SVI
Koraidon-ex,247/198,Special Illustration Rare,SVI
Eisenrad-ex,248/198,Special Illustration Rare,SVI
Pepper,249/198,Special Illustration Rare,SVI
Jim,250/198,Special Illustration Rare,SVI
Mimi,251/198,Special Illustration Rare,SVI
Cosima,252/198,Special Illustration Rare,SVI
Miraidon-ex,253/198,Hyper Rare,SVI
Koraidon-ex,254/198,Hyper Rare,SVI
Nestball,255/198,Hyper Rare,SVI
Sonderbonbon,256/198,Hyper Rare,SVI
Basis-Lightning-Energie,257/198,Hyper Rare,SVI
Basis-Fighting-Energie,258/198,Hyper Rare,SVI
Wattzapf,1/64,Common,SFA
Voltula,2/64,Uncommon,SFA
Bauz,3/64,Common,SFA
Arboretoss,4/64,Common,SFA
Silvarro,5/64,Uncommon,SFA
Kapu-Toro,6/64,Rare,SFA
Hunduster,7/64,Common,SFA
Hundemon,8/64,Common,SFA
Eisenfalter,9/64,Uncommon,SFA
Seeper,10/64,Common,SFA
Seemon,11/64,Common,SFA
Seedraking-ex,12/64,Double Rare,SFA
Sniebel,13/64,Common,SFA
Snibunna,14/64,Uncommon,SFA
Knattatox-ex,15/64,Double Rare,SFA
Traumato,16/64,Common,SFA
Hypno,17/64,Uncommon,SFA
Zwirrlicht,18/64,Common,SFA
Zwirrklop,19/64,Common,SFA
Zwirrfinst,20/64,Rare,SFA
Cresselia,21/64,Rare,SFA
Feelinara,22/64,Uncommon,SFA
Glibunkel,23/64,Common,SFA
Toxiquak,24/64,Common,SFA
Blutmond-Ursaluna,25/64,Rare,SFA
Kriechflügel,26/64,Uncommon,SFA
Zubat,27/64,Common,SFA
Golbat,28/64,Common,SFA
Iksbat,29/64,Uncommon,SFA
Absol,30/64,Common,SFA
Zorua,31/64,Common,SFA
Zoroark,32/64,Rare,SFA
Iscalar,33/64,Common,SFA
Calamanero,34/64,Uncommon,SFA
Yveltal,35/64,Uncommon,SFA
Boninu-ex,36/64,Double Rare,SFA
Benesaru-ex,37/64,Double Rare,SFA
Beatori-ex,38/64,Double Rare,SFA
Infamomo-ex,39/64,Double Rare,SFA
Genesect,40/64,Uncommon,SFA
Kupfanti,41/64,Common,SFA
Patinaraja,42/64,Rare,SFA
Knattox,43/64,Common,SFA
Milza,44/64,Common,SFA
Sharfax,45/64,Common,SFA
Maxax,46/64,Rare,SFA
Kyurem,47/64,Uncommon,SFA
Mauzi,48/64,Common,SFA
Snobilikat,49/64,Common,SFA
Evoli,50/64,Common,SFA
Coiffwaff,51/64,Common,SFA
Velursi,52/64,Common,SFA
Kosturso,53/64,Common,SFA
Akademie bei Nacht,54/64,Uncommon,SFA
Ketten-Mochi,55/64,Uncommon,SFA
Cassiopeia,56/64,Uncommon,SFA
Achromas' Beharrlichkeit,57/64,Uncommon,SFA
Gefährlicher Laser,58/64,ACE SPEC Rare,SFA
Janinas Geheimkunst,59/64,Uncommon,SFA
Neutralisierungszone,60/64,ACE SPEC Rare,SFA
Nachttrage,61/64,Uncommon,SFA
Poké Vital A,62/64,ACE SPEC Rare,SFA
Power-Sanduhr,63/64,Uncommon,SFA
Xeros' Machinationen,64/64,Uncommon,SFA
Kapu-Toro,65/64,Illustration Rare,SFA
Hundemon,66/64,Illustration Rare,SFA
Seeper,67/64,Illustration Rare,SFA
Zwirrlicht,68/64,Illustration Rare,SFA
Zwirrklop,69/64,Illustration Rare,SFA
Zwirrfinst,70/64,Illustration Rare,SFA
Cresselia,71/64,Illustration Rare,SFA
Benesaru,72/64,Illustration Rare,SFA
Beatori,73/64,Illustration Rare,SFA
Boninu,74/64,Illustration Rare,SFA
Zorua,75/64,Illustration Rare,SFA
Kupfanti,76/64,Illustration Rare,SFA
Sharfax,77/64,Illustration Rare,SFA
Snobilikat,78/64,Illustration Rare,SFA
Kosturso,79/64,Illustration Rare,SFA
Seedraking-ex,80/64,Ultra Rare,SFA
Knattatox-ex,81/64,Ultra Rare,SFA
Boninu-ex,82/64,Ultra Rare,SFA
Benesaru-ex,83/64,Ultra Rare,SFA
Beatori-ex,84/64,Ultra Rare,SFA
Infamomo-ex,85/64,Ultra Rare,SFA
Cassiopeia,86/64,Ultra Rare,SFA
Achromas' Beharrlichkeit,87/64,Ultra Rare,SFA
Janinas Geheimkunst,88/64,Ultra Rare,SFA
Xeros' Machinationen,89/64,Ultra Rare,SFA
Boninu-ex,90/64,Special Illustration Rare,SFA
Benesaru-ex,91/64,Special Illustration Rare,SFA
Beatori-ex,92/64,Special Illustration Rare,SFA
Infamomo-ex,93/64,Special Illustration Rare,SFA
Cassiopeia,94/64,Special Illustration Rare,SFA
Infamomo-ex,95/64,Hyper Rare,SFA
Irdengefäß,96/64,Hyper Rare,SFA
Power-Sanduhr,97/64,Hyper Rare,SFA
Basis-Darkness-Energie,98/64,Hyper Rare,SFA
Basis-Metal-Energie,99/64,Hyper Rare,SFA
Bisaflor-ex,1/142,Double Rare,SCR
Ledyba,2/142,Common,SCR
Ledian,3/142,Rare,SCR
Celebi,4/142,Uncommon,SCR
Liliep,5/142,Common,SCR
Wielie,6/142,Rare,SCR
Venuflibis,7/142,Common,SCR
Schneid-Rotom,8/142,Common,SCR
Mabula,9/142,Common,SCR
Cottini,10/142,Common,SCR
Cottomi,11/142,Uncommon,SCR
Knapfel,12/142,Common,SCR
Sirapfel,13/142,Common,SCR
Hydrapfel-ex,14/142,Double Rare,SCR
Micrick,15/142,Common,SCR
Lextremo,16/142,Common,SCR
Tentagra,17/142,Common,SCR
Tenterra,18/142,Uncommon,SCR
Ponita,19/142,Common,SCR
Gallopa,20/142,Uncommon,SCR
Grillmak,21/142,Common,SCR
Reshiram,22/142,Uncommon,SCR
Molunk,23/142,Common,SCR
Amfira,24/142,Uncommon,SCR
Tortunator,25/142,Common,SCR
Hopplo,26/142,Common,SCR
Kickerlo,27/142,Common,SCR
Liberlo-ex,28/142,Double Rare,SCR
Knarbon,29/142,Common,SCR
Turtok-ex,30/142,Double Rare,SCR
Lapras,31/142,Uncommon,SCR
Lapras-ex,32/142,Double Rare,SCR
Marill,33/142,Common,SCR
Azumarill,34/142,Uncommon,SCR
Finneon,35/142,Common,SCR
Lumineon,36/142,Uncommon,SCR
Galapaflos,37/142,Common,SCR
Karippas,38/142,Rare,SCR
Froxy,39/142,Common,SCR
Amphizel,40/142,Uncommon,SCR
Quajutsu-ex,41/142,Double Rare,SCR
Krawell,42/142,Uncommon,SCR
Kamehaps,43/142,Common,SCR
Kamalm,44/142,Rare,SCR
Agiluza,45/142,Uncommon,SCR
Elektek,46/142,Common,SCR
Elevoltek,47/142,Uncommon,SCR
Lampi,48/142,Common,SCR
Lanturn,49/142,Uncommon,SCR
Wattzapf,50/142,Common,SCR
Voltula-ex,51/142,Double Rare,SCR
Akkup,52/142,Common,SCR
Donarion,53/142,Uncommon,SCR
Togedemaru,54/142,Uncommon,SCR
Zeraora,55/142,Rare,SCR
Pamo,56/142,Common,SCR
Flegmon,57/142,Common,SCR
Laschoking,58/142,Uncommon,SCR
Mewtu,59/142,Uncommon,SCR
Driftlon,60/142,Common,SCR
Drifzepeli,61/142,Uncommon,SCR
Makabaja,62/142,Common,SCR
Curelei,63/142,Common,SCR
Hokumil,64/142,Common,SCR
Pokusan,65/142,Rare,SCR
Hefel,66/142,Common,SCR
Backel-ex,67/142,Double Rare,SCR
Flattutu,68/142,Common,SCR
Psiopatra,69/142,Common,SCR
Gruff,70/142,Common,SCR
Eisenfels,71/142,Rare,SCR
Tragosso,72/142,Common,SCR
Knogga,73/142,Uncommon,SCR
Rihorn,74/142,Common,SCR
Rizeros,75/142,Common,SCR
Rihornior,76/142,Rare,SCR
Meditie,77/142,Common,SCR
Meditie,78/142,Common,SCR
Meditalis,79/142,Common,SCR
Meditalis-ex,80/142,Double Rare,SCR
Riolu,81/142,Common,SCR
Lucario-ex,82/142,Double Rare,SCR
Lin-Fu,83/142,Common,SCR
Wie-Shu,84/142,Uncommon,SCR
Pam-Pam,85/142,Common,SCR
Diancie,86/142,Uncommon,SCR
Krabbox,87/142,Common,SCR
Legios,88/142,Common,SCR
Saltigant-ex,89/142,Double Rare,SCR
Koraidon,90/142,Uncommon,SCR
Schluppuck,91/142,Common,SCR
Schlukwech,92/142,Uncommon,SCR
Pandagro,93/142,Uncommon,SCR
Bähmon,94/142,Common,SCR
Pelzebub,95/142,Common,SCR
Olangaar,96/142,Rare,SCR
Adebom,97/142,Common,SCR
Jirachi,98/142,Uncommon,SCR
Klikk,99/142,Common,SCR
Kliklak,100/142,Common,SCR
Klikdiklak,101/142,Rare,SCR
Meltan,102/142,Common,SCR
Meltan,103/142,Common,SCR
Melmetal,104/142,Rare,SCR
Melmetal-ex,105/142,Double Rare,SCR
Duraludon,106/142,Common,SCR
Briduradon,107/142,Rare,SCR
Knattox,108/142,Common,SCR
Knattatox,109/142,Uncommon,SCR
Schlurm-ex,110/142,Double Rare,SCR
Furienblitz,111/142,Rare,SCR
Tauros,112/142,Common,SCR
Evoli,113/142,Common,SCR
Hoothoot,114/142,Common,SCR
Noctuh,115/142,Rare,SCR
Charmian,116/142,Common,SCR
Shnurgarst,117/142,Common,SCR
Wirbel-Rotom,118/142,Common,SCR
Bisofank,119/142,Rare,SCR
Boreos,120/142,Uncommon,SCR
Dartiri,121/142,Common,SCR
Dartignis,122/142,Common,SCR
Fiaro,123/142,Uncommon,SCR
Wolly,124/142,Common,SCR
Zwollock,125/142,Uncommon,SCR
Ferkuli,126/142,Common,SCR
Mopex,127/142,Common,SCR
Terapagos-ex,128/142,Double Rare,SCR
Antikes Schildfossil,129/142,Common,SCR
Antikes Wurzelfossil,130/142,Common,SCR
Höhlensystem Null,131/142,Uncommon,SCR
Brianna,132/142,Uncommon,SCR
Matt,133/142,Uncommon,SCR
Luxusbombe,134/142,ACE SPEC Rare,SCR
Glastrompete,135/142,Uncommon,SCR
Prachtbaum,136/142,ACE SPEC Rare,SCR
Erdanziehungsedelstein,137/142,Uncommon,SCR
Kombu,138/142,Uncommon,SCR
Tara,139/142,Uncommon,SCR
Koakobeere,140/142,Uncommon,SCR
Pyapabeere,141/142,Uncommon,SCR
Funkelnder Kristall,142/142,ACE SPEC Rare,SCR
Bisasam,143/142,Illustration Rare,SCR
Ledian,144/142,Illustration Rare,SCR
Liliep,145/142,Illustration Rare,SCR
Tortunator,146/142,Illustration Rare,SCR
Kickerlo,147/142,Illustration Rare,SCR
Schiggy,148/142,Illustration Rare,SCR
Krawell,149/142,Illustration Rare,SCR
Wattzapf,150/142,Illustration Rare,SCR
Zeraora,151/142,Illustration Rare,SCR
Hokumil,152/142,Illustration Rare,SCR
Meditie,153/142,Illustration Rare,SCR
Schluppuck,154/142,Illustration Rare,SCR
Briduradon,155/142,Illustration Rare,SCR
Hydrapfel-ex,156/142,Ultra Rare,SCR
Liberlo-ex,157/142,Ultra Rare,SCR
Lapras-ex,158/142,Ultra Rare,SCR
Voltula-ex,159/142,Ultra Rare,SCR
Backel-ex,160/142,Ultra Rare,SCR
Meditalis-ex,161/142,Ultra Rare,SCR
Schlurm-ex,162/142,Ultra Rare,SCR
Brianna,163/142,Ultra Rare,SCR
Matt,164/142,Ultra Rare,SCR
Kombu,165/142,Ultra Rare,SCR
Tara,166/142,Ultra Rare,SCR
Hydrapfel-ex,167/142,Special Illustration Rare,SCR
Voltula-ex,168/142,Special Illustration Rare,SCR
Backel-ex,169/142,Special Illustration Rare,SCR
Terapagos-ex,170/142,Special Illustration Rare,SCR
Brianna,171/142,Special Illustration Rare,SCR
Tara,172/142,Special Illustration Rare,SCR
Terapagos-ex,173/142,Hyper Rare,SCR
Höhlensystem Null,174/142,Hyper Rare,SCR
Amulett der Tapferkeit,175/142,Hyper Rare,SCR
Owei,1/191,Common,SSP
Owei,2/191,Common,SSP
Kokowei,3/191,Uncommon,SSP
Fermicula-ex,4/191,Double Rare,SSP
Purmel,5/191,Common,SSP
Puponcho,6/191,Common,SSP
Vivillon,7/191,Uncommon,SSP
Bubungus,8/191,Common,SSP
Lamellux,9/191,Uncommon,SSP
Moruda,10/191,Common,SSP
Zarude,11/191,Rare,SSP
Chilingel,12/191,Common,SSP
Relluk,13/191,Common,SSP
Skarabaks,14/191,Rare,SSP
Chongjian,15/191,Uncommon,SSP
Vulpix,16/191,Common,SSP
Vulnona,17/191,Uncommon,SSP
Paldea-Tauros,18/191,Uncommon,SSP
Ho-Oh,19/191,Uncommon,SSP
Formeo Sonnenform,20/191,Common,SSP
Victini,21/191,Uncommon,SSP
Grillmak,22/191,Common,SSP
Grillchita,23/191,Common,SSP
Ignivor,24/191,Common,SSP
Ramoth,25/191,Common,SSP
Choreogel,26/191,Common,SSP
Thermopod,27/191,Common,SSP
Infernopod,28/191,Common,SSP
Krokel,29/191,Common,SSP
Lokroko,30/191,Common,SSP
Skelokrok,31/191,Rare,SSP
Knarbon,32/191,Common,SSP
Knarbon,33/191,Common,SSP
Crimanzo,34/191,Uncommon,SSP
Azugladis,35/191,Uncommon,SSP
Azugladis-ex,36/191,Double Rare,SSP
Halupenjo-ex,37/191,Double Rare,SSP
Keilflamme,38/191,Rare,SSP
Paldea-Tauros,39/191,Uncommon,SSP
Mantax,40/191,Common,SSP
Barschwa,41/191,Common,SSP
Milotic-ex,42/191,Double Rare,SSP
Seemops,43/191,Common,SSP
Seejong,44/191,Common,SSP
Walraisa,45/191,Uncommon,SSP
Schalellos,46/191,Common,SSP
Frigometri,47/191,Common,SSP
Schwarzes Kyurem-ex,48/191,Double Rare,SSP
Knirfish,49/191,Uncommon,SSP
Kwaks,50/191,Common,SSP
Fuentente,51/191,Common,SSP
Bailonda,52/191,Uncommon,SSP
Flaniwal,53/191,Common,SSP
Kolowal,54/191,Common,SSP
Eisenbündel,55/191,Uncommon,SSP
Baojian,56/191,Rare,SSP
Pikachu-ex,57/191,Double Rare,SSP
Magnetilo,58/191,Common,SSP
Magneton,59/191,Uncommon,SSP
Magnezone,60/191,Uncommon,SSP
Rotom,61/191,Common,SSP
Elezeba,62/191,Common,SSP
Zebritz,63/191,Common,SSP
Flunschlik,64/191,Common,SSP
Kapu-Riki,65/191,Rare,SSP
Voltrel,66/191,Common,SSP
Voltrean,67/191,Uncommon,SSP
Voltrean-ex,68/191,Double Rare,SSP
Miraidon,69/191,Uncommon,SSP
Togepi,70/191,Common,SSP
Togetic,71/191,Common,SSP
Togekiss,72/191,Rare,SSP
Marill,73/191,Common,SSP
Azumarill,74/191,Uncommon,SSP
Kussilla,75/191,Common,SSP
Latias-ex,76/191,Double Rare,SSP
Latios,77/191,Uncommon,SSP
Selfe,78/191,Common,SSP
Vesprit,79/191,Common,SSP
Tobutz,80/191,Common,SSP
Symvolara,81/191,Common,SSP
Makabaja,82/191,Common,SSP
Echnatoll,83/191,Rare,SSP
Psiau,84/191,Common,SSP
Psiaugon,85/191,Uncommon,SSP
Feelinara-ex,86/191,Double Rare,SSP
Dedenne,87/191,Common,SSP
Xerneas,88/191,Uncommon,SSP
Choreogel,89/191,Common,SSP
Sankabuh,90/191,Common,SSP
Colossand-ex,91/191,Double Rare,SSP
Kapu-Fala,92/191,Rare,SSP
Servol,93/191,Uncommon,SSP
Flattutu,94/191,Common,SSP
Psiopatra,95/191,Uncommon,SSP
Flatterhaar,96/191,Uncommon,SSP
Gierspenst,97/191,Common,SSP
Menki,98/191,Common,SSP
Rasaff,99/191,Common,SSP
Epitaff,100/191,Uncommon,SSP
Paldea-Tauros,101/191,Uncommon,SSP
Phanpy,102/191,Common,SSP
Donphan,103/191,Common,SSP
Knacklion,104/191,Common,SSP
Vibrava,105/191,Common,SSP
Libelldra-ex,106/191,Double Rare,SSP
Gastrodon,107/191,Rare,SSP
Rotomurf,108/191,Common,SSP
Stalobor,109/191,Common,SSP
Demeteros,110/191,Rare,SSP
Quartermak,111/191,Uncommon,SSP
Klopptopus,112/191,Common,SSP
Kaocto,113/191,Common,SSP
Lumispross,114/191,Common,SSP
Lumiflora,115/191,Common,SSP
Koraidon,116/191,Uncommon,SSP
Kapuno,117/191,Common,SSP
Duodino,118/191,Common,SSP
Trikephalo-ex,119/191,Double Rare,SSP
Sproxi,120/191,Common,SSP
Affiti,121/191,Uncommon,SSP
Alola-Digda,122/191,Common,SSP
Alola-Digdri,123/191,Uncommon,SSP
Panzaeron,124/191,Common,SSP
Registeel,125/191,Uncommon,SSP
Bronzel,126/191,Common,SSP
Bronzong,127/191,Common,SSP
Clavion,128/191,Common,SSP
Duraludon,129/191,Common,SSP
Briduradon-ex,130/191,Double Rare,SSP
Monetigo,131/191,Uncommon,SSP
Eisenhaupt,132/191,Rare,SSP
Alola-Kokowei-ex,133/191,Double Rare,SSP
Altaria,134/191,Uncommon,SSP
Dialga,135/191,Rare,SSP
Palkia,136/191,Rare,SSP
Tortunator,137/191,Uncommon,SSP
Knapfel,138/191,Common,SSP
Drapfel,139/191,Uncommon,SSP
Schlapfel,140/191,Uncommon,SSP
Endynalos,141/191,Rare,SSP
Nigiragi-ex,142/191,Double Rare,SSP
Evoli,143/191,Common,SSP
Relaxo,144/191,Common,SSP
Bummelz,145/191,Common,SSP
Muntier,146/191,Common,SSP
Letarking-ex,147/191,Double Rare,SSP
Wablu,148/191,Common,SSP
Sengo,149/191,Common,SSP
Kecleon,150/191,Common,SSP
Bisofank,151/191,Common,SSP
Geronimatz,152/191,Common,SSP
Washakwil,153/191,Uncommon,SSP
Eguana,154/191,Common,SSP
Elezard,155/191,Common,SSP
Kommandutan,156/191,Common,SSP
Zwieps,157/191,Common,SSP
Famieps,158/191,Uncommon,SSP
Mopex-ex,159/191,Double Rare,SSP
Flaminkno-ex,160/191,Double Rare,SSP
Terapagos,161/191,Rare,SSP
Amulett der Hoffnung,162/191,ACE SPEC Rare,SSP
Babiribeere,163/191,Uncommon,SSP
Prächtiger Mixer,164/191,ACE SPEC Rare,SSP
Rufklingel,165/191,Uncommon,SSP
Lockwedel,166/191,Uncommon,SSP
Citros Scharfsinn,167/191,Uncommon,SSP
Burleobeere,168/191,Uncommon,SSP
Kontergewinn,169/191,Uncommon,SSP
Cyano,170/191,Uncommon,SSP
Ermittlerset,171/191,Uncommon,SSP
Drachenelixier,172/191,Uncommon,SSP
Dracena,173/191,Common,SSP
Levy,174/191,Uncommon,SSP
Finsterball,175/191,Uncommon,SSP
Profi-Energiesuche,176/191,ACE SPEC Rare,SSP
Erdanziehungsberg,177/191,Uncommon,SSP
Jasmins Blick,178/191,Uncommon,SSP
Xenias Aufruf,179/191,Uncommon,SSP
Belebtes Stadion,180/191,Uncommon,SSP
Einmischende Notiz,181/191,Uncommon,SSP
Megatonnengebläse,182/191,ACE SPEC Rare,SSP
Wunder-Headset,183/191,ACE SPEC Rare,SSP
Foepasbeere,184/191,Uncommon,SSP
Edler Rollwagen,185/191,ACE SPEC Rare,SSP
Wechselschalter,186/191,ACE SPEC Rare,SSP
Surfer,187/191,Uncommon,SSP
Technische Maschine: Fluorit,188/191,Uncommon,SSP
Terakristall-Orb,189/191,Uncommon,SSP
Quendella,190/191,Uncommon,SSP
Gewinn-Energie,191/191,ACE SPEC Rare,SSP
Owei,192/191,Illustration Rare,SSP
Vivillon,193/191,Illustration Rare,SSP
Lamellux,194/191,Illustration Rare,SSP
Formeo Sonnenform,195/191,Illustration Rare,SSP
Ignivor,196/191,Illustration Rare,SSP
Azugladis,197/191,Illustration Rare,SSP
Barschwa,198/191,Illustration Rare,SSP
Seemops,199/191,Illustration Rare,SSP
Knirfish,200/191,Illustration Rare,SSP
Kolowal,201/191,Illustration Rare,SSP
Flunschlik,202/191,Illustration Rare,SSP
Latios,203/191,Illustration Rare,SSP
Vesprit,204/191,Illustration Rare,SSP
Phanpy,205/191,Illustration Rare,SSP
Vibrava,206/191,Illustration Rare,SSP
Klopptopus,207/191,Illustration Rare,SSP
Alola-Digdri,208/191,Illustration Rare,SSP
Panzaeron,209/191,Illustration Rare,SSP
Drapfel,210/191,Illustration Rare,SSP
Schlapfel,211/191,Illustration Rare,SSP
Bummelz,212/191,Illustration Rare,SSP
Kecleon,213/191,Illustration Rare,SSP
Washakwil,214/191,Illustration Rare,SSP
Fermicula-ex,215/191,Ultra Rare,SSP
Halupenjo-ex,216/191,Ultra Rare,SSP
Milotic-ex,217/191,Ultra Rare,SSP
Schwarzes Kyurem-ex,218/191,Ultra Rare,SSP
Pikachu-ex,219/191,Ultra Rare,SSP
Latias-ex,220/191,Ultra Rare,SSP
Colossand-ex,221/191,Ultra Rare,SSP
Libelldra-ex,222/191,Ultra Rare,SSP
Trikephalo-ex,223/191,Ultra Rare,SSP
Briduradon-ex,224/191,Ultra Rare,SSP
Alola-Kokowei-ex,225/191,Ultra Rare,SSP
Nigiragi-ex,226/191,Ultra Rare,SSP
Letarking-ex,227/191,Ultra Rare,SSP
Mopex-ex,228/191,Ultra Rare,SSP
Citros Scharfsinn,229/191,Ultra Rare,SSP
Cyano,230/191,Ultra Rare,SSP
Dracena,231/191,Ultra Rare,SSP
Levy,232/191,Ultra Rare,SSP
Jasmins Blick,233/191,Ultra Rare,SSP
Xenias Aufruf,234/191,Ultra Rare,SSP
Surfer,235/191,Ultra Rare,SSP
Fermicula-ex,236/191,Special Illustration Rare,SSP
Milotic-ex,237/191,Special Illustration Rare,SSP
Pikachu-ex,238/191,Special Illustration Rare,SSP
Latias-ex,239/191,Special Illustration Rare,SSP
Trikephalo-ex,240/191,Special Illustration Rare,SSP
Briduradon-ex,241/191,Special Illustration Rare,SSP
Alola-Kokowei-ex,242/191,Special Illustration Rare,SSP
Citros Scharfsinn,243/191,Special Illustration Rare,SSP
Levy,244/191,Special Illustration Rare,SSP
Jasmins Blick,245/191,Special Illustration Rare,SSP
Xenias Aufruf,246/191,Special Illustration Rare,SSP
Pikachu-ex,247/191,Hyper Rare,SSP
Alola-Kokowei-ex,248/191,Hyper Rare,SSP
Kontergewinn,249/191,Hyper Rare,SSP
Erdanziehungsberg,250/191,Hyper Rare,SSP
Nachttrage,251/191,Hyper Rare,SSP
Jet-Energie,252/191,Hyper Rare,SSP
Sichlor,1/162,Common,TEF
Tannza,2/162,Common,TEF
Samurzel,3/162,Common,TEF
Blanas,4/162,Common,TEF
Tengulist,5/162,Uncommon,TEF
Knilz,6/162,Common,TEF
Kapilz,7/162,Common,TEF
Roselia,8/162,Common,TEF
Roserade,9/162,Uncommon,TEF
Chelast,10/162,Common,TEF
Chelcarain,11/162,Common,TEF
Chelterrar-ex,12/162,Double Rare,TEF
Shaymin,13/162,Uncommon,TEF
Waumboll,14/162,Common,TEF
Elfun,15/162,Rare,TEF
Sesokitz,16/162,Common,TEF
Kronjuwild,17/162,Uncommon,TEF
Mabula,18/162,Common,TEF
Moruda,19/162,Uncommon,TEF
Weherba,20/162,Common,TEF
Horrerba,21/162,Rare,TEF
Halupenjo-ex,22/162,Double Rare,TEF
Relluk,23/162,Common,TEF
Skarabaks,24/162,Uncommon,TEF
Eisenblatt-ex,25/162,Double Rare,TEF
Ponita,26/162,Common,TEF
Gallopa,27/162,Uncommon,TEF
Schneckmag,28/162,Common,TEF
Magcargo,29/162,Rare,TEF
Victini,30/162,Common,TEF
Furnifraß,31/162,Common,TEF
Flamiau,32/162,Common,TEF
Miezunder,33/162,Common,TEF
Fuegro-ex,34/162,Double Rare,TEF
Tortunator,35/162,Common,TEF
Thermopod,36/162,Common,TEF
Infernopod,37/162,Uncommon,TEF
Keilflamme-ex,38/162,Double Rare,TEF
Karnimani,39/162,Common,TEF
Tyracroc,40/162,Common,TEF
Impergator,41/162,Rare,TEF
Kanivanha,42/162,Common,TEF
Tohaido,43/162,Uncommon,TEF
Keldeo,44/162,Uncommon,TEF
Snomnom,45/162,Common,TEF
Mottineva,46/162,Common,TEF
Schligda,47/162,Common,TEF
Normifin,48/162,Common,TEF
Delfinator,49/162,Uncommon,TEF
Windewoge-ex,50/162,Double Rare,TEF
Pikachu,51/162,Common,TEF
Raichu,52/162,Common,TEF
Elektek,53/162,Common,TEF
Elevoltek,54/162,Uncommon,TEF
Akkup,55/162,Common,TEF
Donarion,56/162,Uncommon,TEF
Zeraora,57/162,Uncommon,TEF
Voldi,58/162,Common,TEF
Bellektro,59/162,Uncommon,TEF
Schligdri-ex,60/162,Double Rare,TEF
Eisenhand,61/162,Uncommon,TEF
Eisendorn,62/162,Rare,TEF
Pantimos,63/162,Common,TEF
Marill,64/162,Common,TEF
Azumarill,65/162,Common,TEF
Girafarig,66/162,Common,TEF
Latias,67/162,Uncommon,TEF
Bronzel,68/162,Common,TEF
Bronzong,69/162,Uncommon,TEF
Monozyto,70/162,Common,TEF
Mitodos,71/162,Common,TEF
Zytomega,72/162,Uncommon,TEF
Pygraulon,73/162,Common,TEF
Megalon,74/162,Uncommon,TEF
Wommel,75/162,Common,TEF
Bandelby,76/162,Uncommon,TEF
Brüllschweif,77/162,Uncommon,TEF
Flatterhaar,78/162,Rare,TEF
Eisenkrieger,79/162,Uncommon,TEF
Eisenkrieger,80/162,Rare,TEF
Eisenhaupt-ex,81/162,Double Rare,TEF
Meditie,82/162,Common,TEF
Meditalis,83/162,Common,TEF
Relicanth,84/162,Rare,TEF
Rotomurf,85/162,Common,TEF
Stalobor,86/162,Uncommon,TEF
Golbit,87/162,Common,TEF
Golgantes,88/162,Uncommon,TEF
Wuffels,89/162,Common,TEF
Wolwerock,90/162,Uncommon,TEF
Pampuli,91/162,Common,TEF
Pampross,92/162,Uncommon,TEF
Klonkett,93/162,Common,TEF
Wagong,94/162,Common,TEF
Montecarbo,95/162,Uncommon,TEF
Riesenzahn,96/162,Uncommon,TEF
Riesenzahn,97/162,Uncommon,TEF
Sandfell,98/162,Uncommon,TEF
Eisenfels-ex,99/162,Double Rare,TEF
Rettan,100/162,Common,TEF
Arbok,101/162,Common,TEF
Nebulak,102/162,Common,TEF
Alpollo,103/162,Common,TEF
Gengar-ex,104/162,Double Rare,TEF
Fiffyen,105/162,Common,TEF
Magnayen,106/162,Common,TEF
Zobiris,107/162,Uncommon,TEF
Farigiraf-ex,108/162,Double Rare,TEF
Donnersichel,109/162,Rare,TEF
Forstellka,110/162,Uncommon,TEF
Scherox-ex,111/162,Double Rare,TEF
Flunkifer,112/162,Common,TEF
Tanhel,113/162,Common,TEF
Metang,114/162,Common,TEF
Metagross,115/162,Uncommon,TEF
Meltan,116/162,Common,TEF
Melmetal,117/162,Rare,TEF
Eisenrad,118/162,Uncommon,TEF
Koraidon,119/162,Rare,TEF
Koraidon-ex,120/162,Double Rare,TEF
Miraidon,121/162,Rare,TEF
Miraidon-ex,122/162,Double Rare,TEF
Furienblitz-ex,123/162,Double Rare,TEF
Schlurp,124/162,Common,TEF
Schlurplek,125/162,Common,TEF
Hoothoot,126/162,Common,TEF
Noctuh,127/162,Common,TEF
Dummisel,128/162,Common,TEF
Dummimisel,129/162,Rare,TEF
Eneco,130/162,Common,TEF
Enekoro,131/162,Uncommon,TEF
Plaudagei,132/162,Common,TEF
Dusselgurr,133/162,Common,TEF
Navitaub,134/162,Common,TEF
Fasasnob,135/162,Uncommon,TEF
Picochilla,136/162,Common,TEF
Chillabell,137/162,Uncommon,TEF
Sen-Long,138/162,Rare,TEF
Eisenhals,139/162,Uncommon,TEF
Energiekapsel aus der Vergangenheit,140/162,Uncommon,TEF
Erweckende Trommel,141/162,ACE SPEC Rare,TEF
Bells Hingabe,142/162,Uncommon,TEF
Verpackte Bestellung,143/162,Uncommon,TEF
Dicke-Freunde-Knursp,144/162,Uncommon,TEF
Ciphermaniacs Decodierung,145/162,Uncommon,TEF
Rioba,146/162,Uncommon,TEF
Führung des Entdeckers,147/162,Uncommon,TEF
Vollmetall-Labor,148/162,Uncommon,TEF
Energiekapsel aus der Zukunft,149/162,Uncommon,TEF
Handtrimmer,150/162,Uncommon,TEF
Schweres Staffelholz,151/162,Uncommon,TEF
Heldenumhang,152/162,ACE SPEC Rare,TEF
Meisterball,153/162,ACE SPEC Rare,TEF
Maximalgürtel,154/162,ACE SPEC Rare,TEF
Jens' Überzeugung,155/162,Uncommon,TEF
Gefährlicher Dschungel,156/162,Uncommon,TEF
Erstklassiger Fänger,157/162,ACE SPEC Rare,TEF
Reboot-Modul,158/162,ACE SPEC Rare,TEF
Rettungsboard,159/162,Uncommon,TEF
Salvatore,160/162,Uncommon,TEF
Nebelschleier-Energie,161/162,Uncommon,TEF
Neo-Aufputsch-Energie,162/162,ACE SPEC Rare,TEF
Tengulist,163/162,Illustration Rare,TEF
Chelcarain,164/162,Illustration Rare,TEF
Sesokitz,165/162,Illustration Rare,TEF
Kronjuwild,166/162,Illustration Rare,TEF
Flamiau,167/162,Illustration Rare,TEF
Snomnom,168/162,Illustration Rare,TEF
Akkup,169/162,Illustration Rare,TEF
Bronzel,170/162,Illustration Rare,TEF
Zytomega,171/162,Illustration Rare,TEF
Wommel,172/162,Illustration Rare,TEF
Relicanth,173/162,Illustration Rare,TEF
Stalobor,174/162,Illustration Rare,TEF
Pampross,175/162,Illustration Rare,TEF
Arbok,176/162,Illustration Rare,TEF
Nebulak,177/162,Illustration Rare,TEF
Metagross,178/162,Illustration Rare,TEF
Meltan,179/162,Illustration Rare,TEF
Schlurp,180/162,Illustration Rare,TEF
Plaudagei,181/162,Illustration Rare,TEF
Picochilla,182/162,Illustration Rare,TEF
Chillabell,183/162,Illustration Rare,TEF
Sen-Long,184/162,Illustration Rare,TEF
Chelterrar-ex,185/162,Ultra Rare,TEF
Eisenblatt-ex,186/162,Ultra Rare,TEF
Fuegro-ex,187/162,Ultra Rare,TEF
Keilflamme-ex,188/162,Ultra Rare,TEF
Windewoge-ex,189/162,Ultra Rare,TEF
Schligdri-ex,190/162,Ultra Rare,TEF
Eisenhaupt-ex,191/162,Ultra Rare,TEF
Eisenfels-ex,192/162,Ultra Rare,TEF
Gengar-ex,193/162,Ultra Rare,TEF
Farigiraf-ex,194/162,Ultra Rare,TEF
Scherox-ex,195/162,Ultra Rare,TEF
Furienblitz-ex,196/162,Ultra Rare,TEF
Bells Hingabe,197/162,Ultra Rare,TEF
Ciphermaniacs Decodierung,198/162,Ultra Rare,TEF
Rioba,199/162,Ultra Rare,TEF
Führung des Entdeckers,200/162,Ultra Rare,TEF
Jens' Überzeugung,201/162,Ultra Rare,TEF
Salvatore,202/162,Ultra Rare,TEF
Eisenblatt-ex,203/162,Special Illustration Rare,TEF
Keilflamme-ex,204/162,Special Illustration Rare,TEF
Windewoge-ex,205/162,Special Illustration Rare,TEF
Eisenhaupt-ex,206/162,Special Illustration Rare,TEF
Eisenfels-ex,207/162,Special Illustration Rare,TEF
Furienblitz-ex,208/162,Special Illustration Rare,TEF
Bells Hingabe,209/162,Special Illustration Rare,TEF
Rioba,210/162,Special Illustration Rare,TEF
Jens' Überzeugung,211/162,Special Illustration Rare,TEF
Salvatore,212/162,Special Illustration Rare,TEF
Eisenblatt-ex,213/162,Hyper Rare,TEF
Keilflamme-ex,214/162,Hyper Rare,TEF
Windewoge-ex,215/162,Hyper Rare,TEF
Eisenhaupt-ex,216/162,Hyper Rare,TEF
Eisenfels-ex,217/162,Hyper Rare,TEF
Furienblitz-ex,218/162,Hyper Rare,TEF
Tangela,1/167,Common,TWM
Tangoloss,2/167,Common,TWM
Pinsir,3/167,Common,TWM
Webarak,4/167,Common,TWM
Ariados,5/167,Uncommon,TWM
Sonnkern,6/167,Common,TWM
Sonnflora,7/167,Uncommon,TWM
Skaraborn,8/167,Uncommon,TWM
Volbeat,9/167,Common,TWM
Illumise,10/167,Common,TWM
Folipurba,11/167,Uncommon,TWM
Paragoni,12/167,Common,TWM
Trombork,13/167,Common,TWM
Chimpep,14/167,Common,TWM
Chimstix,15/167,Common,TWM
Gortrom,16/167,Uncommon,TWM
Knapfel,17/167,Common,TWM
Sirapfel,18/167,Uncommon,TWM
Eisenblatt,19/167,Rare,TWM
Mortcha,20/167,Common,TWM
Mortcha,21/167,Common,TWM
Fatalitcha,22/167,Rare,TWM
Fatalitcha-ex,23/167,Double Rare,TWM
Türkisgrüne-Maske-Ogerpon,24/167,Rare,TWM
Türkisgrüne-Maske-Ogerpon-ex,25/167,Double Rare,TWM
Vulpix,26/167,Common,TWM
Vulnona,27/167,Common,TWM
Schneckmag,28/167,Common,TWM
Magcargo-ex,29/167,Double Rare,TWM
Qurtel,30/167,Common,TWM
Panflam,31/167,Common,TWM
Panpyro,32/167,Common,TWM
Panferno,33/167,Rare,TWM
Flampion,34/167,Common,TWM
Flampivian,35/167,Uncommon,TWM
Lichtel,36/167,Common,TWM
Laternecto,37/167,Common,TWM
Skelabra,38/167,Rare,TWM
Yuyu,39/167,Uncommon,TWM
Ofenmaske-Ogerpon-ex,40/167,Double Rare,TWM
Quapsel,41/167,Common,TWM
Quaputzi,42/167,Common,TWM
Quappo,43/167,Uncommon,TWM
Goldini,44/167,Common,TWM
Golking,45/167,Common,TWM
Rossana,46/167,Common,TWM
Krebscorps,47/167,Common,TWM
Krebutack,48/167,Common,TWM
Barschwa,49/167,Common,TWM
Milotic,50/167,Uncommon,TWM
Schneppke,51/167,Common,TWM
Firnontor,52/167,Uncommon,TWM
Frosdedje,53/167,Rare,TWM
Glaziola,54/167,Uncommon,TWM
Phione,55/167,Common,TWM
Froxy,56/167,Common,TWM
Amphizel,57/167,Common,TWM
Urgl,58/167,Uncommon,TWM
Normifin,59/167,Common,TWM
Delfinator,60/167,Uncommon,TWM
Delfinator-ex,61/167,Double Rare,TWM
Eisenbündel,62/167,Uncommon,TWM
Windewoge,63/167,Rare,TWM
Brunnenmaske-Ogerpon-ex,64/167,Double Rare,TWM
Zapdos,65/167,Rare,TWM
Sheinux,66/167,Common,TWM
Luxio,67/167,Common,TWM
Luxtra-ex,68/167,Double Rare,TWM
Emolga,69/167,Common,TWM
Eguana,70/167,Common,TWM
Elezard,71/167,Common,TWM
Morpeko,72/167,Uncommon,TWM
Blipp,73/167,Common,TWM
Wampitz,74/167,Uncommon,TWM
Voltrel,75/167,Common,TWM
Voltrean,76/167,Uncommon,TWM
Eisendorn-ex,77/167,Double Rare,TWM
Piepi,78/167,Common,TWM
Pixi,79/167,Uncommon,TWM
Abra,80/167,Common,TWM
Kadabra,81/167,Common,TWM
Simsala,82/167,Rare,TWM
Girafarig,83/167,Common,TWM
Farigiraf,84/167,Uncommon,TWM
Palimpalim,85/167,Common,TWM
Flabébé,86/167,Common,TWM
Floette,87/167,Common,TWM
Florges,88/167,Uncommon,TWM
Flauschling,89/167,Common,TWM
Sabbaione,90/167,Uncommon,TWM
Sankabuh,91/167,Common,TWM
Colossand,92/167,Common,TWM
Cupidos,93/167,Rare,TWM
Brüllschweif-ex,94/167,Double Rare,TWM
Benesaru,95/167,Rare,TWM
Beatori,96/167,Rare,TWM
Sandan,97/167,Common,TWM
Sandamer,98/167,Uncommon,TWM
Hisui-Fukano,99/167,Common,TWM
Hisui-Arkani,100/167,Rare,TWM
Nasgnet,101/167,Common,TWM
Voluminas,102/167,Uncommon,TWM
Praktibalk,103/167,Common,TWM
Strepoli,104/167,Common,TWM
Meistagrif,105/167,Uncommon,TWM
Quajutsu-ex,106/167,Double Rare,TWM
Resladero,107/167,Common,TWM
Lumispross,108/167,Common,TWM
Lumiflora,109/167,Uncommon,TWM
Dinglu,110/167,Rare,TWM
Boninu,111/167,Rare,TWM
Fundamentmaske-Ogerpon-ex,112/167,Double Rare,TWM
Fiffyen,113/167,Common,TWM
Magnayen,114/167,Uncommon,TWM
Toxiped,115/167,Common,TWM
Rollum,116/167,Common,TWM
Cerapendra,117/167,Uncommon,TWM
Wutpilz,118/167,Uncommon,TWM
Panzaeron,119/167,Common,TWM
Stollunior,120/167,Common,TWM
Stollrak,121/167,Common,TWM
Stolloss,122/167,Uncommon,TWM
Heatran,123/167,Rare,TWM
Knattox,124/167,Common,TWM
Knattatox,125/167,Uncommon,TWM
Knapfel,126/167,Common,TWM
Sirapfel,127/167,Uncommon,TWM
Grolldra,128/167,Common,TWM
Phandra,129/167,Common,TWM
Katapuldra-ex,130/167,Double Rare,TWM
Nigiragi,131/167,Uncommon,TWM
Porenta,132/167,Common,TWM
Chaneira,133/167,Common,TWM
Heiteira-ex,134/167,Double Rare,TWM
Evoli,135/167,Common,TWM
Relaxo,136/167,Uncommon,TWM
Griffel,137/167,Common,TWM
Ambidiffel,138/167,Uncommon,TWM
Piccolente,139/167,Common,TWM
Swaroness,140/167,Uncommon,TWM
Blutmond-Ursaluna-ex,141/167,Double Rare,TWM
Begleitende Flöte,142/167,Uncommon,TWM
Käfersammlerset,143/167,Uncommon,TWM
Verwalter,144/167,Common,TWM
Hana,145/167,Uncommon,TWM
Gemeindehaus,146/167,Uncommon,TWM
Küchenchef,147/167,Uncommon,TWM
Spezial-Hammer,148/167,Uncommon,TWM
Festplatz,149/167,Uncommon,TWM
Handventilator,150/167,Uncommon,TWM
Sinius,151/167,Uncommon,TWM
Hyperaroma,152/167,ACE SPEC Rare,TWM
Störturm,153/167,Uncommon,TWM
Jo,154/167,Uncommon,TWM
Tracys Unterstützung,155/167,Uncommon,TWM
Sympaball,156/167,Uncommon,TWM
Lucian,157/167,Uncommon,TWM
Glückshelm,158/167,Uncommon,TWM
Maske des Oni,159/167,Uncommon,TWM
Gemma,160/167,Uncommon,TWM
Moira,161/167,Uncommon,TWM
Aufwischwirbel,162/167,ACE SPEC Rare,TWM
Geheime Box,163/167,ACE SPEC Rare,TWM
Überlebensschiene,164/167,ACE SPEC Rare,TWM
Unfairer Stempel,165/167,ACE SPEC Rare,TWM
Bumerang-Energie,166/167,Uncommon,TWM
Vermächtnis-Energie,167/167,ACE SPEC Rare,TWM
Pinsir,168/167,Illustration Rare,TWM
Sonnflora,169/167,Illustration Rare,TWM
Sirapfel,170/167,Illustration Rare,TWM
Mortcha,171/167,Illustration Rare,TWM
Qurtel,172/167,Illustration Rare,TWM
Panferno,173/167,Illustration Rare,TWM
Frosdedje,174/167,Illustration Rare,TWM
Phione,175/167,Illustration Rare,TWM
Urgl,176/167,Illustration Rare,TWM
Elezard,177/167,Illustration Rare,TWM
Voltrel,178/167,Illustration Rare,TWM
Palimpalim,179/167,Illustration Rare,TWM
Cupidos,180/167,Illustration Rare,TWM
Hisui-Fukano,181/167,Illustration Rare,TWM
Voluminas,182/167,Illustration Rare,TWM
Praktibalk,183/167,Illustration Rare,TWM
Stollrak,184/167,Illustration Rare,TWM
Knapfel,185/167,Illustration Rare,TWM
Nigiragi,186/167,Illustration Rare,TWM
Chaneira,187/167,Illustration Rare,TWM
Evoli,188/167,Illustration Rare,TWM
Fatalitcha-ex,189/167,Ultra Rare,TWM
Türkisgrüne-Maske-Ogerpon-ex,190/167,Ultra Rare,TWM
Magcargo-ex,191/167,Ultra Rare,TWM
Ofenmaske-Ogerpon-ex,192/167,Ultra Rare,TWM
Delfinator-ex,193/167,Ultra Rare,TWM
Brunnenmaske-Ogerpon-ex,194/167,Ultra Rare,TWM
Luxtra-ex,195/167,Ultra Rare,TWM
Eisendorn-ex,196/167,Ultra Rare,TWM
Brüllschweif-ex,197/167,Ultra Rare,TWM
Quajutsu-ex,198/167,Ultra Rare,TWM
Fundamentmaske-Ogerpon-ex,199/167,Ultra Rare,TWM
Katapuldra-ex,200/167,Ultra Rare,TWM
Heiteira-ex,201/167,Ultra Rare,TWM
Blutmond-Ursaluna-ex,202/167,Ultra Rare,TWM
Verwalter,203/167,Ultra Rare,TWM
Hana,204/167,Ultra Rare,TWM
Sinius,205/167,Ultra Rare,TWM
Jo,206/167,Ultra Rare,TWM
Tracys Unterstützung,207/167,Ultra Rare,TWM
Lucian,208/167,Ultra Rare,TWM
Gemma,209/167,Ultra Rare,TWM
Fatalitcha-ex,210/167,Special Illustration Rare,TWM
Türkisgrüne-Maske-Ogerpon-ex,211/167,Special Illustration Rare,TWM
Ofenmaske-Ogerpon-ex,212/167,Special Illustration Rare,TWM
Brunnenmaske-Ogerpon-ex,213/167,Special Illustration Rare,TWM
Quajutsu-ex,214/167,Special Illustration Rare,TWM
Fundamentmaske-Ogerpon-ex,215/167,Special Illustration Rare,TWM
Blutmond-Ursaluna-ex,216/167,Special Illustration Rare,TWM
Hana,217/167,Special Illustration Rare,TWM
Jo,218/167,Special Illustration Rare,TWM
Tracys Unterstützung,219/167,Special Illustration Rare,TWM
Gemma,220/167,Special Illustration Rare,TWM
Türkisgrüne-Maske-Ogerpon-ex,221/167,Hyper Rare,TWM
Blutmond-Ursaluna-ex,222/167,Hyper Rare,TWM
Dicke-Freunde-Knursp,223/167,Hyper Rare,TWM
Spezial-Hammer,224/167,Hyper Rare,TWM
Rettungsboard,225/167,Hyper Rare,TWM
Leucht-Energie,226/167,Hyper Rare,TWM
Strawickl,1/86,Common,WHT
Folikon,2/86,Common,WHT
Matrifol,3/86,Uncommon,WHT
Waumboll,4/86,Common,WHT
Elfun-ex,5/86,Double Rare,WHT
Sesokitz,6/86,Common,WHT
Kronjuwild,7/86,Uncommon,WHT
Schnuthelm,8/86,Common,WHT
Hydragil,9/86,Uncommon,WHT
Viridium,10/86,Rare,WHT
Floink,11/86,Common,WHT
Ferkokel,12/86,Common,WHT
Flambirex,13/86,Rare,WHT
Grillmak,14/86,Common,WHT
Grillchita,15/86,Uncommon,WHT
Lichtel,16/86,Common,WHT
Laternecto,17/86,Common,WHT
Skelabra,18/86,Rare,WHT
Furnifraß,19/86,Uncommon,WHT
Reshiram-ex,20/86,Double Rare,WHT
Ottaro,21/86,Common,WHT
Zwottronin,22/86,Common,WHT
Admurai,23/86,Rare,WHT
Barschuft,24/86,Common,WHT
Piccolente,25/86,Common,WHT
Swaroness,26/86,Uncommon,WHT
Gelatini,27/86,Common,WHT
Gelatroppo,28/86,Common,WHT
Gelatwino,29/86,Uncommon,WHT
Keldeo-ex,30/86,Double Rare,WHT
Elezeba,31/86,Common,WHT
Zebritz,32/86,Uncommon,WHT
Wattzapf,33/86,Common,WHT
Voltula,34/86,Uncommon,WHT
Flunschlik,35/86,Uncommon,WHT
Fleknoil,36/86,Common,WHT
Fletiamo,37/86,Uncommon,WHT
Symvolara,38/86,Uncommon,WHT
Makabaja,39/86,Common,WHT
Echnatoll,40/86,Rare,WHT
Mollimorba,41/86,Common,WHT
Hypnomorba,42/86,Common,WHT
Morbitesse,43/86,Rare,WHT
Quabbel,44/86,Common,WHT
Apoquallyp-ex,45/86,Double Rare,WHT
Kiesling,46/86,Common,WHT
Sedimantur,47/86,Common,WHT
Brockoloss,48/86,Uncommon,WHT
Karadonis,49/86,Uncommon,WHT
Flapteryx,50/86,Uncommon,WHT
Aeropteryx,51/86,Rare,WHT
Lin-Fu,52/86,Common,WHT
Wie-Shu,53/86,Uncommon,WHT
Terrakium,54/86,Rare,WHT
Felilou,55/86,Common,WHT
Kleoparda,56/86,Uncommon,WHT
Zurrokex,57/86,Common,WHT
Irokex,58/86,Uncommon,WHT
Unratütox,59/86,Common,WHT
Deponitox,60/86,Uncommon,WHT
Zorua,61/86,Common,WHT
Zoroark,62/86,Rare,WHT
Skallyk,63/86,Common,WHT
Grypheldis,64/86,Uncommon,WHT
Kapuno,65/86,Common,WHT
Duodino,66/86,Common,WHT
Trikephalo-ex,67/86,Double Rare,WHT
Kastadur,68/86,Common,WHT
Tentantel,69/86,Uncommon,WHT
Fermicula,70/86,Uncommon,WHT
Shardrago,71/86,Uncommon,WHT
Nagelotz,72/86,Common,WHT
Kukmarda,73/86,Uncommon,WHT
Yorkleff,74/86,Common,WHT
Terribark,75/86,Common,WHT
Bissbark,76/86,Uncommon,WHT
Bisofank-ex,77/86,Double Rare,WHT
Boreos,78/86,Rare,WHT
Antikes Federfossil,79/86,Common,WHT
Reif der Tapferkeit,80/86,Uncommon,WHT
Cheren,81/86,Uncommon,WHT
Energie-Zugewinn,82/86,Uncommon,WHT
Kasper,83/86,Uncommon,WHT
Lotta,84/86,Uncommon,WHT
Ausrüstungsentsorger,85/86,Uncommon,WHT
Zünd-Energie,86/86,Uncommon,WHT
Strawickl,87/86,Illustration Rare,WHT
Folikon,88/86,Illustration Rare,WHT
Matrifol,89/86,Illustration Rare,WHT
Waumboll,90/86,Illustration Rare,WHT
Sesokitz,91/86,Illustration Rare,WHT
Kronjuwild,92/86,Illustration Rare,WHT
Schnuthelm,93/86,Illustration Rare,WHT
Hydragil,94/86,Illustration Rare,WHT
Viridium,95/86,Illustration Rare,WHT
Floink,96/86,Illustration Rare,WHT
Ferkokel,97/86,Illustration Rare,WHT
Flambirex,98/86,Illustration Rare,WHT
Grillmak,99/86,Illustration Rare,WHT
Grillchita,100/86,Illustration Rare,WHT
Lichtel,101/86,Illustration Rare,WHT
Laternecto,102/86,Illustration Rare,WHT
Skelabra,103/86,Illustration Rare,WHT
Furnifraß,104/86,Illustration Rare,WHT
Ottaro,105/86,Illustration Rare,WHT
Zwottronin,106/86,Illustration Rare,WHT
Admurai,107/86,Illustration Rare,WHT
Barschuft,108/86,Illustration Rare,WHT
Piccolente,109/86,Illustration Rare,WHT
Swaroness,110/86,Illustration Rare,WHT
Gelatini,111/86,Illustration Rare,WHT
Gelatroppo,112/86,Illustration Rare,WHT
Gelatwino,113/86,Illustration Rare,WHT
Elezeba,114/86,Illustration Rare,WHT
Zebritz,115/86,Illustration Rare,WHT
Wattzapf,116/86,Illustration Rare,WHT
Voltula,117/86,Illustration Rare,WHT
Flunschlik,118/86,Illustration Rare,WHT
Fleknoil,119/86,Illustration Rare,WHT
Fletiamo,120/86,Illustration Rare,WHT
Symvolara,121/86,Illustration Rare,WHT
Makabaja,122/86,Illustration Rare,WHT
Echnatoll,123/86,Illustration Rare,WHT
Mollimorba,124/86,Illustration Rare,WHT
Hypnomorba,125/86,Illustration Rare,WHT
Quabbel,126/86,Illustration Rare,WHT
Kiesling,127/86,Illustration Rare,WHT
Sedimantur,128/86,Illustration Rare,WHT
Brockoloss,129/86,Illustration Rare,WHT
Karadonis,130/86,Illustration Rare,WHT
Flapteryx,131/86,Uncommon,WHT
Aeropteryx,132/86,Illustration Rare,WHT
Lin-Fu,133/86,Illustration Rare,WHT
Wie-Shu,134/86,Illustration Rare,WHT
Terrakium,135/86,Illustration Rare,WHT
Felilou,136/86,Illustration Rare,WHT
Kleoparda,137/86,Illustration Rare,WHT
Zurrokex,138/86,Illustration Rare,WHT
Irokex,139/86,Illustration Rare,WHT
Unratütox,140/86,Illustration Rare,WHT
Deponitox,141/86,Illustration Rare,WHT
Zorua,142/86,Illustration Rare,WHT
Zoroark,143/86,Illustration Rare,WHT
Skallyk,144/86,Illustration Rare,WHT
Grypheldis,145/86,Illustration Rare,WHT
Kapuno,146/86,Illustration Rare,WHT
Duodino,147/86,Illustration Rare,WHT
Kastadur,148/86,Illustration Rare,WHT
Tentantel,149/86,Illustration Rare,WHT
Fermicula,150/86,Illustration Rare,WHT
Shardrago,151/86,Illustration Rare,WHT
Nagelotz,152/86,Illustration Rare,WHT
Kukmarda,153/86,Illustration Rare,WHT
Yorkleff,154/86,Illustration Rare,WHT
Terribark,155/86,Illustration Rare,WHT
Bissbark,156/86,Illustration Rare,WHT
Elfun-ex,157/86,Ultra Rare,WHT
Reshiram-ex,158/86,Ultra Rare,WHT
Keldeo-ex,159/86,Ultra Rare,WHT
Apoquallyp-ex,160/86,Ultra Rare,WHT
Trikephalo-ex,161/86,Ultra Rare,WHT
Bisofank-ex,162/86,Ultra Rare,WHT
Kasper,163/86,Ultra Rare,WHT
Lotta,164/86,Ultra Rare,WHT
Elfun-ex,165/86,Special Illustration Rare,WHT
Reshiram-ex,166/86,Special Illustration Rare,WHT
Keldeo-ex,167/86,Special Illustration Rare,WHT
Apoquallyp-ex,168/86,Special Illustration Rare,WHT
Trikephalo-ex,169/86,Special Illustration Rare,WHT
Bisofank-ex,170/86,Special Illustration Rare,WHT
Lotta,171/86,Special Illustration Rare,WHT
Victini,172/86,Rare,WHT
Reshiram-ex,173/86,Black White Rare,WHT
Raupy,1/147,Common,BUS
Safcon,2/147,Uncommon,BUS
Smettbo,3/147,Rare,BUS
Myrapla,4/147,Common,BUS
Duflor,5/147,Uncommon,BUS
Giflor,6/147,Rare Holo,BUS
Tangela,7/147,Common,BUS
Tangoloss,8/147,Rare,BUS
Ledyba,9/147,Common,BUS
Ledian,10/147,Rare,BUS
Skaraborn,11/147,Rare,BUS
Vegimak,12/147,Common,BUS
Vegichita,13/147,Uncommon,BUS
Araqua,14/147,Common,BUS
Aranestro,15/147,Rare,BUS
Reißlaus,16/147,Common,BUS
Tectass GX,17/147,Rare Holo GX,BUS
Glumanda,18/147,Common,BUS
Glumanda,18a/147,Common,BUS
Glutexo,19/147,Uncommon,BUS
Glurak GX,20/147,Rare Holo GX,BUS
Ho-Oh GX,21/147,Rare Holo GX,BUS
Grillmak,22/147,Common,BUS
Grillchita,23/147,Uncommon,BUS
Furnifraß,24/147,Uncommon,BUS
Amfira GX,25/147,Rare Holo GX,BUS
Tortunator,26/147,Rare,BUS
Alola Vulpix,27/147,Common,BUS
Alola Vulnona,28/147,Rare,BUS
Seeper,29/147,Common,BUS
Seemon,30/147,Uncommon,BUS
Seedraking,31/147,Rare Holo,BUS
Karpador,32/147,Common,BUS
Garados,33/147,Rare Holo,BUS
Marill,34/147,Common,BUS
Azumarill,35/147,Rare,BUS
Sodamak,36/147,Common,BUS
Sodachita,37/147,Uncommon,BUS
Knirfish,38/147,Rare,BUS
Kapu-Kime GX,39/147,Rare Holo GX,BUS
Tapu Fini-GX,39a/147,Rare Holo GX,BUS
Pikachu,40/147,Common,BUS
Raichu,41/147,Rare Holo,BUS
Elektek,42/147,Uncommon,BUS
Elevoltek,43/147,Rare,BUS
Zapplardin,44/147,Common,BUS
Zapplalek,45/147,Uncommon,BUS
Zapplarang,46/147,Rare,BUS
Togedemaru,47/147,Common,BUS
Laschoking,48/147,Rare,BUS
Woingenau,49/147,Uncommon,BUS
Vipitis,50/147,Uncommon,BUS
Zwirrlicht,51/147,Common,BUS
Zwirrklop,52/147,Uncommon,BUS
Zwirrfinst,53/147,Rare Holo,BUS
Glibunkel,54/147,Common,BUS
Toxiquak,55/147,Rare,BUS
Toxiped,56/147,Common,BUS
Rollum,57/147,Uncommon,BUS
Cerapendra,58/147,Rare,BUS
Psiau,59/147,Common,BUS
Psiaugon,60/147,Rare,BUS
Sankabuh,61/147,Common,BUS
Colossand,62/147,Rare Holo,BUS
Necrozma GX,63/147,Rare Holo GX,BUS
Machomei GX,64/147,Rare Holo GX,BUS
Rihorn,65/147,Common,BUS
Rizeros,66/147,Uncommon,BUS
Rihornior,67/147,Rare Holo,BUS
Lunastein,68/147,Uncommon,BUS
Sonnfel,69/147,Uncommon,BUS
Riolu,70/147,Common,BUS
Lucario,71/147,Rare Holo,BUS
Karadonis,72/147,Common,BUS
Krabbox,73/147,Common,BUS
Krawell,74/147,Rare,BUS
Wolwerock,75/147,Rare Holo,BUS
Wolwerock,76/147,Rare,BUS
Pampuli,77/147,Common,BUS
Pampross,78/147,Rare,BUS
Quartermak,79/147,Rare,BUS
Marshadow GX,80/147,Rare Holo GX,BUS
Alola-Rattfratz,81/147,Common,BUS
Alola-Rattikarl,82/147,Rare,BUS
Alola-Sleima,83/147,Common,BUS
Alola-Sleimok GX,84/147,Rare Holo GX,BUS
Sniebel,85/147,Common,BUS
Snibunna,86/147,Rare,BUS
Darkrai,87/147,Rare Holo,BUS
Darkrai GX,88/147,Rare Holo GX,BUS
Darkrai-GX,88a/147,Rare Holo GX,BUS
Iscalar,89/147,Common,BUS
Calamanero,90/147,Rare,BUS
Trasla,91/147,Common,BUS
Kirlia,92/147,Uncommon,BUS
Kirlia,92a/147,Uncommon,BUS
Guardevoir GX,93/147,Rare Holo GX,BUS
Diancie,94/147,Rare Holo,BUS
Wommel,95/147,Common,BUS
Bandelby,96/147,Uncommon,BUS
Bubungus,97/147,Common,BUS
Lamellux,98/147,Rare,BUS
UHaFnir GX,99/147,Rare Holo GX,BUS
Zygarde,100/147,Rare Holo,BUS
Mauzi,101/147,Common,BUS
Snobilikat,102/147,Rare,BUS
Porygon,103/147,Common,BUS
Porygon2,104/147,Uncommon,BUS
Porygon-Z,105/147,Rare Holo,BUS
Porygon-Z,105a/147,Rare Holo,BUS
Hoothoot,106/147,Common,BUS
Noctuh,107/147,Uncommon,BUS
Bisofank,108/147,Uncommon,BUS
eF-eM,109/147,Common,BUS
Velursi,110/147,Common,BUS
Kosturso,111/147,Rare,BUS
Lola,112/147,Uncommon,BUS
Acerola,112a/147,Uncommon,BUS
Bodybuilding-Hanteln,113/147,Uncommon,BUS
Fluchtseil,114/147,Uncommon,BUS
Bromley,115/147,Uncommon,BUS
Guzma,115a/147,Uncommon,BUS
Kiawe,116/147,Uncommon,BUS
Kiawe,116a/147,Uncommon,BUS
Tracy,117/147,Uncommon,BUS
Mount Lanakila,118/147,Uncommon,BUS
Mayla,119/147,Uncommon,BUS
Fran,120/147,Uncommon,BUS
Po’u,121/147,Uncommon,BUS
Rotom-Pokédex: Pokémon-Sucher-Modus,122/147,Uncommon,BUS
Chrys,123/147,Uncommon,BUS
Super-Anziehungskraft,124/147,Uncommon,BUS
Quälendes Spray,125/147,Uncommon,BUS
Schwächenschutz,126/147,Uncommon,BUS
Pia,127/147,Uncommon,BUS
Fleißiges Staffelholz,128/147,Uncommon,BUS
Tectass GX,129/147,Rare Ultra,BUS
Kapu-Toro GX,130/147,Rare Ultra,BUS
Ho-Oh GX,131/147,Rare Ultra,BUS
Amfira GX,132/147,Rare Ultra,BUS
Kapu-Kime GX,133/147,Rare Ultra,BUS
Necrozma GX,134/147,Rare Ultra,BUS
Machomei GX,135/147,Rare Ultra,BUS
Wolwerock GX,136/147,Rare Ultra,BUS
Marshadow GX,137/147,Rare Ultra,BUS
Alola-Sleimok GX,138/147,Rare Ultra,BUS
Darkrai GX,139/147,Rare Ultra,BUS
Guardevoir GX,140/147,Rare Ultra,BUS
UHaFnir GX,141/147,Rare Ultra,BUS
Lola,142/147,Rare Ultra,BUS
Bromley,143/147,Rare Ultra,BUS
Kiawe,144/147,Rare Ultra,BUS
Fran,145/147,Rare Ultra,BUS
Chrys,146/147,Rare Ultra,BUS
Pia,147/147,Rare Ultra,BUS
Tectass GX,148/147,Rare Rainbow,BUS
Kapu-Toro GX,149/147,Rare Rainbow,BUS
Glurak GX,150/147,Rare Rainbow,BUS
Amfira GX,151/147,Rare Rainbow,BUS
Kapu-Kime GX,152/147,Rare Rainbow,BUS
Necrozma GX,153/147,Rare Rainbow,BUS
Machomei GX,154/147,Rare Rainbow,BUS
Wolwerock GX,155/147,Rare Rainbow,BUS
Marshadow GX,156/147,Rare Rainbow,BUS
Alola-Sleimok GX,157/147,Rare Rainbow,BUS
Darkrai GX,158/147,Rare Rainbow,BUS
Guardevoir GX,159/147,Rare Rainbow,BUS
UHaFnir GX,160/147,Rare Rainbow,BUS
Bodybuilding-Hanteln,161/147,Rare Secret,BUS
Wahlband,162/147,Rare Secret,BUS
Fluchtseil,163/147,Rare Secret,BUS
Multitausch,164/147,Rare Secret,BUS
Rettungstrage,165/147,Rare Secret,BUS
Super-Anziehungskraft,166/147,Rare Secret,BUS
Feuer-Energie,167/147,Rare Secret,BUS
Finsternis-Energie,168/147,Rare Secret,BUS
Feen-Energie,169/147,Rare Secret,BUS
Knofensa,1/168,Common,CES
Ultrigaria,2/168,Uncommon,CES
Sarzenia,3/168,Rare Holo,CES
Sichlor,4/168,Uncommon,CES
Webarak,5/168,Common,CES
Ariados,6/168,Rare Holo,CES
Geckarbor,7/168,Common,CES
Geckarbor,8/168,Common,CES
Reptain,9/168,Uncommon,CES
Gewaldro,10/168,Rare,CES
Gewaldro,10a/168,Rare Holo,CES
Samurzel,11/168,Common,CES
Samurzel,12/168,Common,CES
Blanas,13/168,Uncommon,CES
Tengulist GX,14/168,Rare Holo GX,CES
Gehweiher,15/168,Common,CES
Maskeregen,16/168,Uncommon,CES
Volbeat,17/168,Uncommon,CES
Illumise,18/168,Uncommon,CES
Tuska,19/168,Common,CES
Noktuska,20/168,Uncommon,CES
Tropius,21/168,Uncommon,CES
Moruda,22/168,Rare,CES
Schneckmag,23/168,Common,CES
Magcargo,24/168,Rare,CES
Flemmli,25/168,Common,CES
Flemmli,26/168,Common,CES
Jungglut,27/168,Uncommon,CES
Lohgock GX,28/168,Rare Holo GX,CES
Qurtel,29/168,Uncommon,CES
Choreogel,30/168,Uncommon,CES
Arktos GX,31/168,Rare Holo GX,CES
Hydropi,32/168,Common,CES
Hydropi,33/168,Common,CES
Moorabbel,34/168,Uncommon,CES
Sumpex,35/168,Rare,CES
Loturzel,36/168,Common,CES
Lombrero,37/168,Uncommon,CES
Kappalores,38/168,Rare Holo,CES
Wailmer,39/168,Common,CES
Wailord,40/168,Rare,CES
Perlu,41/168,Common,CES
Aalabyss,42/168,Uncommon,CES
Saganabyss,43/168,Uncommon,CES
Liebiskus,44/168,Common,CES
Regice,45/168,Rare,CES
Kyogre,46/168,Rare Holo,CES
Voltobal,47/168,Common,CES
Lektrobal GX,48/168,Rare Holo GX,CES
Lampi,49/168,Common,CES
Lanturn,50/168,Uncommon,CES
Frizelbliz,51/168,Common,CES
Voltenso,52/168,Rare,CES
Plusle,53/168,Uncommon,CES
Minun,54/168,Uncommon,CES
Choreogel,55/168,Uncommon,CES
Pantimos GX,56/168,Rare Holo GX,CES
Schluppuck,57/168,Common,CES
Schlukwech,58/168,Uncommon,CES
Spoink,59/168,Common,CES
Groink,60/168,Rare,CES
Lunastein,61/168,Rare Holo,CES
Sonnfel,62/168,Uncommon,CES
Shuppet,63/168,Common,CES
Shuppet,64/168,Common,CES
Banette,65/168,Rare,CES
Banette GX,66/168,Rare Holo GX,CES
Deoxys,67/168,Rare Holo,CES
Deoxys,68/168,Rare,CES
Deoxys,69/168,Rare,CES
Lunala,70/168,Rare Holo,CES
Onix,71/168,Common,CES
Phanpy,72/168,Common,CES
Donphan,73/168,Uncommon,CES
Larvitar,74/168,Common,CES
Pupitar,75/168,Uncommon,CES
Meditie,76/168,Common,CES
Meditalis,77/168,Rare,CES
Puppance,78/168,Common,CES
Lepumentas,79/168,Rare,CES
Regirock,80/168,Rare,CES
Groudon,81/168,Rare Holo,CES
Colossand GX,82/168,Rare Holo GX,CES
Meteno,83/168,Uncommon,CES
Alola-Rattfratz,84/168,Common,CES
Alola-Rattikarl GX,85/168,Rare Holo GX,CES
Sniebel,86/168,Common,CES
Despotar,87/168,Rare Holo,CES
Zobiris,88/168,Uncommon,CES
Stahlos,89/168,Rare Holo,CES
Scherox GX,90/168,Rare Holo GX,CES
Flunkifer,91/168,Uncommon,CES
Tanhel,92/168,Common,CES
Tanhel,93/168,Common,CES
Metang,94/168,Uncommon,CES
Metagross,95/168,Rare Holo,CES
Registeel,96/168,Rare,CES
Jirachi ◇,97/168,Rare Prism Star,CES
Heatran,98/168,Rare Holo,CES
Solgaleo,99/168,Rare Holo,CES
Kaguron,100/168,Rare Holo,CES
Katagami,101/168,Rare,CES
Muramura GX,102/168,Rare Holo GX,CES
Kindwurm,103/168,Common,CES
Kindwurm,104/168,Common,CES
Draschel,105/168,Uncommon,CES
Brutalanda,106/168,Rare Holo,CES
Latias ◇,107/168,Rare Prism Star,CES
Latios ◇,108/168,Rare Prism Star,CES
Rayquaza GX,109/168,Rare Holo GX,CES
Dummisel,110/168,Uncommon,CES
Wingull,111/168,Common,CES
Pelipper,112/168,Uncommon,CES
Bummelz,113/168,Common,CES
Muntier,114/168,Uncommon,CES
Letarking,115/168,Rare Holo,CES
Flurmel,116/168,Common,CES
Flurmel,117/168,Common,CES
Krakeelo,118/168,Uncommon,CES
Krawumms,119/168,Rare,CES
Eneco,120/168,Common,CES
Enekoro,121/168,Rare Holo,CES
Kecleon,122/168,Uncommon,CES
Kunstrad,123/168,Uncommon,CES
Acro Bike,123a/168,Uncommon,CES
Aprikoko-Hersteller,124/168,Uncommon,CES
Ultraball,125/168,Uncommon,CES
Bills Wartung,126/168,Uncommon,CES
Nachahmerin,127/168,Uncommon,CES
Energie-Wiederverwertung,128/168,Uncommon,CES
Energie-Umschalter,129/168,Uncommon,CES
Angler,130/168,Uncommon,CES
Freundesball,131/168,Uncommon,CES
Tali,132/168,Uncommon,CES
Wanderer,133/168,Uncommon,CES
Notgürtel,134/168,Uncommon,CES
Letzte-Chance-Trank,135/168,Uncommon,CES
Lebenskräuter,136/168,Uncommon,CES
Xenia,137/168,Uncommon,CES
Köderball,138/168,Uncommon,CES
Mask Royale,139/168,Uncommon,CES
PokéNav,140/168,Uncommon,CES
Regenbogenpinsel,141/168,Uncommon,CES
Sonderbonbon,142/168,Uncommon,CES
Schrein der Bestrafung,143/168,Uncommon,CES
Himmelturm,144/168,Uncommon,CES
Troys Entschluss,145/168,Rare Holo,CES
Super-Anziehungskraft,146/168,Uncommon,CES
Tausch,147/168,Uncommon,CES
Ben & Svenja,148/168,Uncommon,CES
Tate & Liza,148a/168,Uncommon,CES
TV-Reporter,149/168,Uncommon,CES
Expedition ins Unterirdische,150/168,Uncommon,CES
Regenbogen-Energie,151/168,Uncommon,CES
Tengulist GX,152/168,Rare Ultra,CES
Lohgock GX,153/168,Rare Ultra,CES
Arktos GX,154/168,Rare Ultra,CES
Lektrobal GX,155/168,Rare Ultra,CES
Pantimos GX,156/168,Rare Ultra,CES
Banette GX,157/168,Rare Ultra,CES
Scherox GX,158/168,Rare Ultra,CES
Muramura GX,159/168,Rare Ultra,CES
Rayquaza GX,160/168,Rare Ultra,CES
Aprikoko-Hersteller,161/168,Rare Ultra,CES
Bills Wartung,162/168,Rare Ultra,CES
Nachahmerin,163/168,Rare Ultra,CES
Xenia,164/168,Rare Ultra,CES
Troys Entschluss,165/168,Rare Ultra,CES
Ben & Svenja,166/168,Rare Ultra,CES
TV-Reporter,167/168,Rare Ultra,CES
Expedition ins Unterirdische,168/168,Rare Ultra,CES
Tengulist GX,169/168,Rare Rainbow,CES
Lohgock GX,170/168,Rare Rainbow,CES
Arktos GX,171/168,Rare Rainbow,CES
Lektrobal GX,172/168,Rare Rainbow,CES
Pantimos GX,173/168,Rare Rainbow,CES
Banette GX,174/168,Rare Rainbow,CES
Scherox GX,175/168,Rare Rainbow,CES
Muramura GX,176/168,Rare Rainbow,CES
Rayquaza GX,177/168,Rare Rainbow,CES
Rayquaza-GX,177a/168,Rare Ultra,CES
Kunstrad,178/168,Rare Secret,CES
Notgürtel,179/168,Rare Secret,CES
Lebenskräuter,180/168,Rare Secret,CES
PokéNav,181/168,Rare Secret,CES
Regenbogenpinsel,182/168,Rare Secret,CES
Regenbogen-Energie,183/168,Rare Secret,CES
Bisaflor & Serpifeu GX,1/236,Rare Holo GX,CEC
Myrapla,2/236,Common,CEC
Duflor,3/236,Uncommon,CEC
Giflor GX,4/236,Rare Holo GX,CEC
Tangela,5/236,Common,CEC
Tangoloss,6/236,Uncommon,CEC
Sonnkern,7/236,Common,CEC
Sonnflora,8/236,Rare,CEC
Skaraborn,9/236,Uncommon,CEC
Liliep,10/236,Uncommon,CEC
Wielie,11/236,Rare,CEC
Tropius,12/236,Uncommon,CEC
Zirpurze,13/236,Common,CEC
Zirpeise,14/236,Uncommon,CEC
Sesokitz,15/236,Common,CEC
Kronjuwild,16/236,Rare Holo,CEC
Bauz,17/236,Common,CEC
Bauz,18/236,Common,CEC
Arboretoss,19/236,Uncommon,CEC
Silvarro,20/236,Rare Holo,CEC
Masskito,21/236,Rare Holo,CEC
Glurak & Rutena GX,22/236,Rare Holo GX,CEC
Ponita,23/236,Common,CEC
Gallopa,24/236,Uncommon,CEC
Flamara,25/236,Uncommon,CEC
Schneckmag,26/236,Common,CEC
Magcargo,27/236,Rare,CEC
Entei,28/236,Rare,CEC
Qurtel,29/236,Uncommon,CEC
Victini,30/236,Rare Holo,CEC
Floink,31/236,Common,CEC
Ferkokel,32/236,Uncommon,CEC
Flambirex,33/236,Rare,CEC
Ignivor,34/236,Uncommon,CEC
Ramoth GX,35/236,Rare Holo GX,CEC
Leufeo,36/236,Common,CEC
Pyroleo,37/236,Uncommon,CEC
Turtok & Plinfa GX,38/236,Rare Holo GX,CEC
Alola Vulpix,39/236,Common,CEC
Enton,40/236,Common,CEC
Entoron,41/236,Uncommon,CEC
Aquana,42/236,Uncommon,CEC
Sniebel,43/236,Common,CEC
Snibunna,44/236,Rare,CEC
Wailmer,45/236,Common,CEC
Wailord,46/236,Rare,CEC
Schneppke,47/236,Common,CEC
Firnontor,48/236,Rare,CEC
Seemops,49/236,Common,CEC
Seemops,50/236,Common,CEC
Seejong,51/236,Uncommon,CEC
Walraisa,52/236,Rare,CEC
Kyogre,53/236,Rare,CEC
Plinfa,54/236,Common,CEC
Pliprin,55/236,Uncommon,CEC
Impoleon,56/236,Rare,CEC
Phione,57/236,Rare,CEC
Schallquap,58/236,Common,CEC
Piccolente,59/236,Common,CEC
Swaroness,60/236,Rare,CEC
Schwarzes Kyurem,61/236,Rare Holo,CEC
Lusardin,62/236,Rare Holo,CEC
Lusardin GX,63/236,Rare Holo GX,CEC
Araqua,64/236,Common,CEC
Aranestro,65/236,Uncommon,CEC
Pikachu,66/236,Common,CEC
Raichu,67/236,Rare,CEC
Magnetilo,68/236,Common,CEC
Magneton,69/236,Rare Holo,CEC
Blitza,70/236,Uncommon,CEC
Lampi,71/236,Common,CEC
Lanturn,72/236,Rare,CEC
Togedemaru,73/236,Uncommon,CEC
Togedemaru,74/236,Common,CEC
Solgaleo & Lunala GX,75/236,Rare Holo GX,CEC
Smogon,76/236,Common,CEC
Smogmog,77/236,Rare,CEC
Natu,78/236,Common,CEC
Xatu,79/236,Rare,CEC
Trasla,80/236,Common,CEC
Kirlia,81/236,Uncommon,CEC
Galagladi,82/236,Rare Holo,CEC
Zwirrlicht,83/236,Common,CEC
Zwirrklop,84/236,Uncommon,CEC
Zwirrfinst,85/236,Rare Holo,CEC
Rotom,86/236,Uncommon,CEC
Fleknoil,87/236,Common,CEC
Fletiamo,88/236,Rare,CEC
Golbit,89/236,Common,CEC
Golgantes,90/236,Rare,CEC
Algitt,91/236,Common,CEC
Tandrak,92/236,Rare,CEC
Paragoni,93/236,Common,CEC
Trombork,94/236,Rare,CEC
Choreogel GX,95/236,Rare Holo GX,CEC
Mimigma,96/236,Uncommon,CEC
Mimigma,97/236,Rare,CEC
Moruda,98/236,Uncommon,CEC
Cosmog,99/236,Common,CEC
Cosmog,100/236,Common,CEC
Cosmovum,101/236,Uncommon,CEC
Lunala,102/236,Rare Holo,CEC
Marshadow,103/236,Rare,CEC
Kopplosio,104/236,Rare Holo,CEC
Onix,105/236,Common,CEC
Nasgnet,106/236,Common,CEC
Knacklion,107/236,Common,CEC
Knacklion,108/236,Common,CEC
Vibrava,109/236,Uncommon,CEC
Libelldra GX,110/236,Rare Holo GX,CEC
Anorith,111/236,Uncommon,CEC
Armaldo,112/236,Rare,CEC
Groudon,113/236,Rare,CEC
Rotomurf,114/236,Common,CEC
Stalobor,115/236,Rare Holo,CEC
Mebrana,116/236,Common,CEC
Branawarz,117/236,Rare,CEC
Jiutesto,118/236,Uncommon,CEC
Pam-Pam,119/236,Common,CEC
Pandagro,120/236,Uncommon,CEC
Krabbox,121/236,Common,CEC
Krawell,122/236,Rare,CEC
Wuffels,123/236,Common,CEC
Wolwerock,124/236,Rare Holo,CEC
Quartermak,125/236,Common,CEC
Sankabuh,126/236,Common,CEC
Colossand,127/236,Rare,CEC
Alola-Mauzi,128/236,Common,CEC
Alola-Snobilikat GX,129/236,Rare Holo GX,CEC
Alola-Sleima,130/236,Common,CEC
Alola-Sleimok,131/236,Rare,CEC
Kanivanha,132/236,Common,CEC
Absol,133/236,Uncommon,CEC
Gladiantri,134/236,Common,CEC
Caesurio,135/236,Uncommon,CEC
Schlingking,136/236,Rare Holo,CEC
Alola-Sandan,137/236,Common,CEC
Alola-Sandamer,138/236,Rare,CEC
Stahlos,139/236,Rare Holo,CEC
Flunkifer,140/236,Uncommon,CEC
Voluminas,141/236,Uncommon,CEC
Solgaleo,142/236,Rare Holo,CEC
Togepi & Pii & Fluffeluff GX,143/236,Rare Holo GX,CEC
Togepi & Pii & Fluffeluff GX,143a/236,Rare Ultra,CEC
Piepi,144/236,Uncommon,CEC
Alola Vulnona,145/236,Rare Holo,CEC
Azurill,146/236,Common,CEC
Waumboll,147/236,Common,CEC
Elfun,148/236,Rare,CEC
Flabébé,149/236,Common,CEC
Flabébé,150/236,Common,CEC
Floette,151/236,Uncommon,CEC
Florges,152/236,Rare Holo,CEC
Flauschling,153/236,Common,CEC
Sabbaione,154/236,Rare,CEC
Feelinara,155/236,Rare,CEC
Arceus & Dialga & Palkia GX,156/236,Rare Holo GX,CEC
Reshiram & Zekrom GX,157/236,Rare Holo GX,CEC
Agoyon & Schlingking GX,158/236,Rare Holo GX,CEC
Sen-Long,159/236,Rare,CEC
Miniras,160/236,Common,CEC
Miniras,161/236,Common,CEC
Mediras,162/236,Uncommon,CEC
Grandiras,163/236,Rare Holo,CEC
Ultra-Necrozma,164/236,Rare Holo,CEC
Mega-Schlapor & Pummeluff GX,165/236,Rare Holo GX,CEC
Evoli,166/236,Common,CEC
Evoli,167/236,Common,CEC
Fluffeluff,168/236,Uncommon,CEC
Griffel,169/236,Common,CEC
Ambidiffel,170/236,Uncommon,CEC
Teddiursa,171/236,Common,CEC
Ursaring,172/236,Rare,CEC
Sengo,173/236,Uncommon,CEC
Yorkleff,174/236,Common,CEC
Terribark,175/236,Uncommon,CEC
Bissbark,176/236,Rare Holo,CEC
Geronimatz,177/236,Common,CEC
Washakwil,178/236,Rare,CEC
Eguana,179/236,Common,CEC
Elezard,180/236,Rare,CEC
Velursi,181/236,Common,CEC
Kosturso,182/236,Rare,CEC
Typ:Null,183/236,Uncommon,CEC
Amigento GX,184/236,Rare Holo GX,CEC
Bestienit,185/236,Uncommon,CEC
Cursilla & Super Sandro,186/236,Uncommon,CEC
Öde des Chaos,187/236,Uncommon,CEC
Turner,188/236,Uncommon,CEC
Cynthia & Kattlea,189/236,Uncommon,CEC
Dracium Z: Drachenklaue,190/236,Uncommon,CEC
Erika,191/236,Uncommon,CEC
Superfänger,192/236,Uncommon,CEC
Bromley & Hala,193/236,Uncommon,CEC
Inselwanderschafts-Abzeichen,194/236,Uncommon,CEC
Tracys Angel,195/236,Uncommon,CEC
Lillys ganze Kraft,196/236,Uncommon,CEC
Lillys Poképuppe,197/236,Uncommon,CEC
Maho & Tracy,198/236,Uncommon,CEC
Misty & Lorelei,199/236,Uncommon,CEC
Ns Entschluss,200/236,Uncommon,CEC
Professor Eichs Vorbereitung,201/236,Uncommon,CEC
Rot & Blau,202/236,Uncommon,CEC
Rollerskaterin,203/236,Uncommon,CEC
Rosy,204/236,Rare Holo,CEC
Mica,205/236,Uncommon,CEC
Team-Ruf,206/236,Uncommon,CEC
Unbekanntes Fossil,207/236,Uncommon,CEC
Willi,208/236,Uncommon,CEC
Zug-Energie,209/236,Uncommon,CEC
Bisaflor & Serpifeu GX,210/236,Rare Ultra,CEC
Giflor GX,211/236,Rare Ultra,CEC
Glurak & Rutena GX,212/236,Rare Ultra,CEC
Ramoth GX,213/236,Rare Ultra,CEC
Turtok & Plinfa GX,214/236,Rare Ultra,CEC
Turtok & Plinfa GX,215/236,Rare Ultra,CEC
Solgaleo & Lunala GX,216/236,Rare Ultra,CEC
Choreogel GX,217/236,Rare Ultra,CEC
Libelldra GX,218/236,Rare Ultra,CEC
Alola-Snobilikat GX,219/236,Rare Ultra,CEC
Arceus & Dialga & Palkia GX,220/236,Rare Ultra,CEC
Arceus & Dialga & Palkia GX,221/236,Rare Ultra,CEC
Reshiram & Zekrom GX,222/236,Rare Ultra,CEC
Agoyon & Schlingking GX,223/236,Rare Ultra,CEC
Agoyon & Schlingking GX,224/236,Rare Ultra,CEC
Mega-Schlapor & Pummeluff GX,225/236,Rare Ultra,CEC
Mega-Schlapor & Pummeluff GX,226/236,Rare Ultra,CEC
Amigento GX,227/236,Rare Ultra,CEC
Cynthia & Kattlea,228/236,Rare Ultra,CEC
Bromley & Hala,229/236,Rare Ultra,CEC
Lillys ganze Kraft,230/236,Rare Ultra,CEC
Maho & Tracy,231/236,Rare Ultra,CEC
Ns Entschluss,232/236,Rare Ultra,CEC
Professor Eichs Vorbereitung,233/236,Rare Ultra,CEC
Rot & Blau,234/236,Rare Ultra,CEC
Rollerskaterin,235/236,Rare Ultra,CEC
Rosy,236/236,Rare Ultra,CEC
Qurtel,237/236,Rare Secret,CEC
Snibunna,238/236,Rare Secret,CEC
Plinfa,239/236,Rare Secret,CEC
Lusardin,240/236,Rare Secret,CEC
Pikachu,241/236,Rare Secret,CEC
Magnetilo,242/236,Rare Secret,CEC
Smogon,243/236,Rare Secret,CEC
Galagladi,244/236,Rare Secret,CEC
Mimigma,245/236,Rare Secret,CEC
Stalobor,246/236,Rare Secret,CEC
Stahlos,247/236,Rare Secret,CEC
Bissbark,248/236,Rare Secret,CEC
Bisaflor & Serpifeu GX,249/236,Rare Rainbow,CEC
Giflor GX,250/236,Rare Rainbow,CEC
Glurak & Rutena GX,251/236,Rare Rainbow,CEC
Ramoth GX,252/236,Rare Rainbow,CEC
Turtok & Plinfa GX,253/236,Rare Rainbow,CEC
Solgaleo & Lunala GX,254/236,Rare Rainbow,CEC
Choreogel GX,255/236,Rare Rainbow,CEC
Libelldra GX,256/236,Rare Rainbow,CEC
Alola-Snobilikat GX,257/236,Rare Rainbow,CEC
Arceus & Dialga & Palkia GX,258/236,Rare Rainbow,CEC
Reshiram & Zekrom GX,259/236,Rare Rainbow,CEC
Agoyon & Schlingking GX,260/236,Rare Rainbow,CEC
Mega-Schlapor & Pummeluff GX,261/236,Rare Rainbow,CEC
Amigento GX,262/236,Rare Rainbow,CEC
Riesige Feuerstelle,263/236,Rare Secret,CEC
Superfänger,264/236,Rare Secret,CEC
Inselwanderschafts-Abzeichen,265/236,Rare Secret,CEC
Tracys Angel,266/236,Rare Secret,CEC
Lillys Poképuppe,267/236,Rare Secret,CEC
Kampfkunstschule,268/236,Rare Secret,CEC
Kraftwerk,269/236,Rare Secret,CEC
Team-Ruf,270/236,Rare Secret,CEC
Zug-Energie,271/236,Rare Secret,CEC
Hornliu,1/111,Common,CIN
Kokuna,2/111,Uncommon,CIN
Bibor,3/111,Rare,CIN
Owei,4/111,Common,CIN
Tuska,5/111,Common,CIN
Noktuska,6/111,Rare,CIN
Laukaps,7/111,Common,CIN
Schnuthelm,8/111,Common,CIN
Hydragil,9/111,Uncommon,CIN
Mähikel,10/111,Common,CIN
Chevrumm,11/111,Rare Holo,CIN
Alola-Knogga,12/111,Rare Holo,CIN
Camaub,13/111,Common,CIN
Camerupt,14/111,Rare,CIN
Sterndu,15/111,Common,CIN
Starmie,16/111,Rare,CIN
Karpador,17/111,Common,CIN
Garados GX,18/111,Rare Holo GX,CIN
Quiekel,19/111,Common,CIN
Keifel,20/111,Uncommon,CIN
Mamutel,21/111,Rare,CIN
Remoraid,22/111,Common,CIN
Octillery,23/111,Rare,CIN
Krebscorps,24/111,Common,CIN
Krebutack,25/111,Rare,CIN
Barschwa,26/111,Common,CIN
Milotic,27/111,Rare Holo,CIN
Regice,28/111,Rare Holo,CIN
Schalellos,29/111,Common,CIN
Pikachu,30/111,Common,CIN
Alola-Raichu,31/111,Rare Holo,CIN
Alola-Kleinstein,32/111,Common,CIN
Alola-Georok,33/111,Uncommon,CIN
Alola-Geowaz GX,34/111,Rare Holo GX,CIN
Emolga,35/111,Uncommon,CIN
Nebulak,36/111,Common,CIN
Alpollo,37/111,Uncommon,CIN
Gengar,38/111,Rare Holo,CIN
Traunfugil,39/111,Common,CIN
Traunmagil,40/111,Rare,CIN
Spoink,41/111,Common,CIN
Groink,42/111,Uncommon,CIN
Palimpalim,43/111,Common,CIN
Irrbis,44/111,Common,CIN
Pumpdjinn,45/111,Rare,CIN
Molunk,46/111,Common,CIN
Amfira,47/111,Rare Holo,CIN
Kommandutan,48/111,Rare,CIN
Anego GX,49/111,Rare Holo GX,CIN
Menki,50/111,Common,CIN
Rasaff,51/111,Rare,CIN
Tragosso,52/111,Common,CIN
Regirock,53/111,Rare,CIN
Gastrodon,54/111,Uncommon,CIN
Velursi,55/111,Common,CIN
Kosturso,56/111,Rare Holo,CIN
Masskito GX,57/111,Rare Holo GX,CIN
Hunduster,58/111,Common,CIN
Hundemon,59/111,Rare,CIN
Kapuno,60/111,Common,CIN
Duodino,61/111,Uncommon,CIN
Trikephalo,62/111,Rare,CIN
Schlingking GX,63/111,Rare Holo GX,CIN
Schlingking-GX,63a/111,Rare Holo GX,CIN
Flunkifer,64/111,Uncommon,CIN
Stollunior,65/111,Common,CIN
Stollrak,66/111,Uncommon,CIN
Stolloss,67/111,Rare Holo,CIN
Registeel,68/111,Rare,CIN
Cavalanzas,69/111,Rare,CIN
Katagami GX,70/111,Rare Holo GX,CIN
Pummeluff,71/111,Common,CIN
Knuddeluff,72/111,Rare,CIN
Xerneas,73/111,Rare Holo,CIN
Alola-Kokowei GX,74/111,Rare Holo GX,CIN
Miniras,75/111,Common,CIN
Mediras,76/111,Uncommon,CIN
Grandiras,77/111,Rare,CIN
Miltank,78/111,Uncommon,CIN
Wablu,79/111,Common,CIN
Altaria,80/111,Rare,CIN
Staralili,81/111,Common,CIN
Staravia,82/111,Uncommon,CIN
Staraptor,83/111,Rare,CIN
Regigigas,84/111,Rare Holo,CIN
Regigigas,84a/111,Rare Holo,CIN
Picochilla,85/111,Common,CIN
Chillabell,86/111,Uncommon,CIN
Scoppel,87/111,Common,CIN
Grebbit,88/111,Uncommon,CIN
Typ:Null,89/111,Rare Holo,CIN
Amigento GX,90/111,Rare Holo GX,CIN
Konterfänger,91/111,Uncommon,CIN
Flotte Hüfttasche,92/111,Uncommon,CIN
Verschlungener Hain,93/111,Uncommon,CIN
Kampf-Disc,94/111,Uncommon,CIN
Gladio,95/111,Uncommon,CIN
Samantha,96/111,Uncommon,CIN
Rote Späher-Karte,97/111,Uncommon,CIN
Psycho-Disc,98/111,Uncommon,CIN
See des Nichts,99/111,Uncommon,CIN
Konter-Energie,100/111,Uncommon,CIN
Garados GX,101/111,Rare Ultra,CIN
Alola-Geowaz GX,102/111,Rare Ultra,CIN
Anego GX,103/111,Rare Ultra,CIN
Masskito GX,104/111,Rare Ultra,CIN
Schlingking GX,105/111,Rare Ultra,CIN
Katagami GX,106/111,Rare Ultra,CIN
Alola-Kokowei GX,107/111,Rare Ultra,CIN
Amigento GX,108/111,Rare Ultra,CIN
Gladio,109/111,Rare Ultra,CIN
Samantha,110/111,Rare Ultra,CIN
Mayla,111/111,Rare Ultra,CIN
Garados GX,112/111,Rare Rainbow,CIN
Alola-Geowaz GX,113/111,Rare Rainbow,CIN
Anego GX,114/111,Rare Rainbow,CIN
Masskito GX,115/111,Rare Rainbow,CIN
Schlingking GX,116/111,Rare Rainbow,CIN
Katagami GX,117/111,Rare Rainbow,CIN
Alola-Kokowei GX,118/111,Rare Rainbow,CIN
Amigento GX,119/111,Rare Rainbow,CIN
Konterfänger,120/111,Rare Secret,CIN
Fleißiges Staffelholz,121/111,Rare Secret,CIN
Konter-Energie,122/111,Rare Secret,CIN
Verkrümmungs-Energie,123/111,Rare Secret,CIN
Wasser-Energie,124/111,Rare Secret,CIN
Bisasam,1/18,Common,DET
Kappalores,2/18,Rare,DET
Bubungus,3/18,Common,DET
Glumanda,4/18,Common,DET
Glurak,5/18,Rare Ultra,DET
Arkani,6/18,Rare,DET
Enton,7/18,Common,DET
Karpador,8/18,Common,DET
Quajutsu,9/18,Rare Ultra,DET
Meisterdetektiv Pikachu,10/18,Rare,DET
Pantimos,11/18,Rare,DET
Mewtu,12/18,Rare Ultra,DET
Machomei,13/18,Rare,DET
Pummeluff,14/18,Common,DET
Snubbull,15/18,Common,DET
Schlurp,16/18,Common,DET
Ditto,17/18,Rare Ultra,DET
Letarking,18/18,Rare,DET
Glumanda,1/70,Common,DRM
Glutexo,2/70,Uncommon,DRM
Glurak,3/70,Rare Holo,DRM
Flemmli,4/70,Common,DRM
Jungglut,5/70,Uncommon,DRM
Lohgock,6/70,Rare Holo,DRM
Victini ◇,7/70,Rare Prism Star,DRM
Flampion,8/70,Common,DRM
Flampivian,9/70,Uncommon,DRM
Furnifraß,10/70,Uncommon,DRM
Reshiram GX,11/70,Rare Holo GX,DRM
Flamiau,12/70,Common,DRM
Molunk,13/70,Common,DRM
Amfira,14/70,Uncommon,DRM
Seeper,15/70,Common,DRM
Seeper,16/70,Common,DRM
Seemon,17/70,Uncommon,DRM
Seedraking GX,18/70,Rare Holo GX,DRM
Karpador,19/70,Common,DRM
Garados,20/70,Rare Holo,DRM
Lapras,21/70,Uncommon,DRM
Karnimani,22/70,Common,DRM
Tyracroc,23/70,Uncommon,DRM
Impergator,24/70,Rare Holo,DRM
Felino,25/70,Common,DRM
Morlord,26/70,Uncommon,DRM
Corasonn,27/70,Common,DRM
Barschwa,28/70,Common,DRM
Milotic,29/70,Uncommon,DRM
Phione,30/70,Uncommon,DRM
Lusardin,31/70,Common,DRM
Knacklion,32/70,Common,DRM
Trikephalo,33/70,Rare Holo,DRM
Dratini,34/70,Common,DRM
Dratini,35/70,Common,DRM
Dragonir,36/70,Uncommon,DRM
Dragoran GX,37/70,Rare Holo GX,DRM
Vibrava,38/70,Common,DRM
Libelldra,39/70,Uncommon,DRM
Altaria,40/70,Rare Holo,DRM
Altaria,40a/70,Rare Holo,DRM
Altaria GX,41/70,Rare Holo GX,DRM
Kindwurm,42/70,Common,DRM
Draschel,43/70,Uncommon,DRM
Brutalanda GX,44/70,Rare Holo GX,DRM
Shardrago,45/70,Uncommon,DRM
Zekrom,46/70,Rare Holo,DRM
Kyurem,47/70,Rare Holo,DRM
Weißes Kyurem GX,48/70,Rare Holo GX,DRM
Zygarde,49/70,Uncommon,DRM
Tortunator,50/70,Uncommon,DRM
Sen-Long,51/70,Uncommon,DRM
Miniras,52/70,Common,DRM
Mediras,53/70,Common,DRM
Grandiras,54/70,Rare Holo,DRM
Kangama,55/70,Common,DRM
Wablu,56/70,Common,DRM
Wablu,57/70,Common,DRM
Pyros letzter Widerstand,58/70,Rare Holo,DRM
Drachenkralle,59/70,Uncommon,DRM
Feuerstein,60/70,Uncommon,DRM
Fiery Flint,60a/70,Uncommon,DRM
Siegfried ◇,61/70,Rare Prism Star,DRM
Rettungsring,62/70,Uncommon,DRM
Wela Vulkanpark,63/70,Uncommon,DRM
Amalia,64/70,Uncommon,DRM
Reshiram GX,65/70,Rare Ultra,DRM
Seedraking GX,66/70,Rare Ultra,DRM
Dragoran GX,67/70,Rare Ultra,DRM
Altaria GX,68/70,Rare Ultra,DRM
Pyros letzter Widerstand,69/70,Rare Ultra,DRM
Amalia,70/70,Rare Ultra,DRM
Reshiram GX,71/70,Rare Rainbow,DRM
Altaria GX,72/70,Rare Rainbow,DRM
Brutalanda GX,73/70,Rare Rainbow,DRM
Weißes Kyurem GX,74/70,Rare Rainbow,DRM
Drachenkralle,75/70,Rare Secret,DRM
Feuerstein,76/70,Rare Secret,DRM
Rettungsring,77/70,Rare Secret,DRM
Ultra-Necrozma GX,78/70,Rare Secret,DRM
Owei,1/131,Common,FLI
Alola-Kokowei,2/131,Rare,FLI
Alola-Kokowei,2a/131,Rare,FLI
Shnebedeck,3/131,Common,FLI
Rexblisar,4/131,Rare,FLI
Purmel,5/131,Common,FLI
Purmel,6/131,Common,FLI
Puponcho,7/131,Uncommon,FLI
Vivillon,8/131,Rare,FLI
Mähikel,9/131,Common,FLI
Chevrumm,10/131,Uncommon,FLI
Schabelle,11/131,Rare Holo,FLI
Alola-Knogga,12/131,Rare,FLI
Heatran,13/131,Rare,FLI
Fynx,14/131,Common,FLI
Fynx,15/131,Common,FLI
Rutena,16/131,Uncommon,FLI
Fennexis,17/131,Rare Holo,FLI
Leufeo,18/131,Common,FLI
Pyroleo,19/131,Rare Holo,FLI
Palkia GX,20/131,Rare Holo GX,FLI
Froxy,21/131,Common,FLI
Froxy,22/131,Common,FLI
Amphizel,23/131,Uncommon,FLI
Quajutsu GX,24/131,Rare Holo GX,FLI
Scampisto,25/131,Common,FLI
Wummer,26/131,Rare,FLI
Amarino,27/131,Uncommon,FLI
Amagarga,28/131,Rare Holo,FLI
Arktip,29/131,Common,FLI
Arktilas,30/131,Rare,FLI
Volcanion ◇,31/131,Rare Prism Star,FLI
Araqua,32/131,Common,FLI
Aranestro,33/131,Uncommon,FLI
Magnetilo,34/131,Common,FLI
Magneton,35/131,Uncommon,FLI
Magnezone,36/131,Rare,FLI
Eguana,37/131,Common,FLI
Elezard,38/131,Uncommon,FLI
Voltriant,39/131,Rare,FLI
Rotom,40/131,Rare,FLI
Selfe,41/131,Uncommon,FLI
Vesprit,42/131,Uncommon,FLI
Tobutz,43/131,Uncommon,FLI
Psiau,44/131,Common,FLI
Psiaugon,45/131,Rare,FLI
Gramokles,46/131,Common,FLI
Gramokles,47/131,Common,FLI
Duokles,48/131,Uncommon,FLI
Durengard,49/131,Rare,FLI
Iscalar,50/131,Common,FLI
Calamanero,51/131,Rare,FLI
Algitt,52/131,Common,FLI
Tandrak,53/131,Rare,FLI
Hoopa,54/131,Uncommon,FLI
Venicro,55/131,Uncommon,FLI
Agoyon GX,56/131,Rare Holo GX,FLI
Tragosso,57/131,Common,FLI
Chelterrar,58/131,Rare,FLI
Panferno,59/131,Rare Holo,FLI
Kaumalat,60/131,Common,FLI
Knarksel,61/131,Uncommon,FLI
Knakrack,62/131,Rare Holo,FLI
Glibunkel,63/131,Common,FLI
Toxiquak,64/131,Rare,FLI
Pam-Pam,65/131,Common,FLI
Bithora,66/131,Common,FLI
Thanathora,67/131,Rare,FLI
Balgoras,68/131,Uncommon,FLI
Monargoras,69/131,Rare Holo,FLI
Resladero,70/131,Uncommon,FLI
Zygarde,71/131,Uncommon,FLI
Zygarde,72/131,Rare,FLI
Zygarde GX,73/131,Rare Holo GX,FLI
Diancie ◇,74/131,Rare Prism Star,FLI
Wuffels,75/131,Common,FLI
Wolwerock,76/131,Rare,FLI
Masskito,77/131,Rare,FLI
Pandagro,78/131,Rare,FLI
Yveltal GX,79/131,Rare Holo GX,FLI
Schlingking,80/131,Rare Holo,FLI
Impoleon,81/131,Rare Holo,FLI
Dialga GX,82/131,Rare Holo GX,FLI
Flabébé,83/131,Common,FLI
Flabébé,84/131,Common,FLI
Floette,85/131,Uncommon,FLI
Florges,86/131,Rare,FLI
Feelinara,87/131,Rare,FLI
Dedenne,88/131,Uncommon,FLI
Clavion,89/131,Uncommon,FLI
Xerneas GX,90/131,Rare Holo GX,FLI
Viscora,91/131,Common,FLI
Viscora,92/131,Common,FLI
Viscargot,93/131,Uncommon,FLI
Viscogon,94/131,Rare Holo,FLI
Ultra-Necrozma GX,95/131,Rare Holo GX,FLI
Arceus ◇,96/131,Rare Prism Star,FLI
Scoppel,97/131,Common,FLI
Grebbit,98/131,Uncommon,FLI
Coiffwaff,99/131,Common,FLI
eF-eM,100/131,Common,FLI
UHaFnir,101/131,Rare,FLI
Bestienring,102/131,Rare,FLI
Beast Ring,102a/131,Rare,FLI
Heureka,103/131,Uncommon,FLI
Wellenbrecher Marinus,104/131,Uncommon,FLI
Diantha,105/131,Rare Holo,FLI
Enetransporter,106/131,Uncommon,FLI
Fossilausgrabungskarte,107/131,Uncommon,FLI
Richter,108/131,Uncommon,FLI
Lady,109/131,Uncommon,FLI
Flordelis ◇,110/131,Rare Prism Star,FLI
Labor von Flordelis,111/131,Uncommon,FLI
Metall-Bratpfanne,112/131,Uncommon,FLI
Metal Frying Pan,112a/131,Uncommon,FLI
Geheimnisvoller Schatz,113/131,Uncommon,FLI
Mysterious Treasure,113a/131,Uncommon,FLI
Ultraforschungsteam,114/131,Uncommon,FLI
Ultradimension,115/131,Uncommon,FLI
Unbekanntes Fossil,116/131,Uncommon,FLI
Bestien-Energie ◇,117/131,Rare Prism Star,FLI
Aggregat-Energie FightingDarknessFairy,118/131,Uncommon,FLI
Palkia GX,119/131,Rare Ultra,FLI
Quajutsu GX,120/131,Rare Ultra,FLI
Agoyon GX,121/131,Rare Ultra,FLI
Lucario GX,122/131,Rare Ultra,FLI
Zygarde GX,123/131,Rare Ultra,FLI
Yveltal GX,124/131,Rare Ultra,FLI
Dialga GX,125/131,Rare Ultra,FLI
Xerneas GX,126/131,Rare Ultra,FLI
Ultra-Necrozma GX,127/131,Rare Ultra,FLI
Heureka,128/131,Rare Ultra,FLI
Wellenbrecher Marinus,129/131,Rare Ultra,FLI
Diantha,130/131,Rare Ultra,FLI
Ultraforschungsteam,131/131,Rare Ultra,FLI
Palkia GX,132/131,Rare Rainbow,FLI
Quajutsu GX,133/131,Rare Rainbow,FLI
Agoyon GX,134/131,Rare Rainbow,FLI
Lucario GX,135/131,Rare Rainbow,FLI
Zygarde GX,136/131,Rare Rainbow,FLI
Yveltal GX,137/131,Rare Rainbow,FLI
Dialga GX,138/131,Rare Rainbow,FLI
Xerneas GX,139/131,Rare Rainbow,FLI
Ultra-Necrozma GX,140/131,Rare Rainbow,FLI
Bestienring,141/131,Rare Secret,FLI
Enetransporter,142/131,Rare Secret,FLI
Energieaufbereitung,143/131,Rare Secret,FLI
Metall-Bratpfanne,144/131,Rare Secret,FLI
Geheimnisvoller Schatz,145/131,Rare Secret,FLI
Aggregat-Energie FightingDarknessFairy,146/131,Rare Secret,FLI
Knofensa,1/145,Common,GRI
Ultrigaria,2/145,Uncommon,GRI
Sarzenia,3/145,Rare,GRI
Lilminip,4/145,Common,GRI
Dressella,5/145,Rare,GRI
Paragoni,6/145,Common,GRI
Trombork,7/145,Rare,GRI
Reißlaus,8/145,Common,GRI
Tectass,9/145,Rare Holo,GRI
Victini,10/145,Rare Holo,GRI
Lichtel,11/145,Common,GRI
Laternecto,12/145,Uncommon,GRI
Skelabra,13/145,Rare Holo,GRI
Choreogel,14/145,Rare,GRI
Molunk,15/145,Common,GRI
Amfira,16/145,Rare,GRI
Tortunator,17/145,Rare,GRI
Tortunator GX,18/145,Rare Holo GX,GRI
Alola-Sandan,19/145,Common,GRI
Alola-Sandan,19a/145,Common,GRI
Alola-Sandamer,20/145,Rare,GRI
Alola Vulpix,21/145,Common,GRI
Alola Vulpix,21a/145,Common,GRI
Alola Vulnona GX,22/145,Rare Holo GX,GRI
Tentacha,23/145,Common,GRI
Tentoxa,24/145,Uncommon,GRI
Quaxo,25/145,Rare Holo,GRI
Botogel,26/145,Common,GRI
Kanivanha,27/145,Common,GRI
Tohaido,28/145,Rare,GRI
Wailmer,29/145,Common,GRI
Wailord,30/145,Rare,GRI
Schneppke,31/145,Common,GRI
Firnontor,32/145,Uncommon,GRI
Gelatini,33/145,Common,GRI
Gelatroppo,34/145,Uncommon,GRI
Gelatwino,35/145,Rare,GRI
Mamolida,36/145,Uncommon,GRI
Lusardin,37/145,Common,GRI
Lusardin GX,38/145,Rare Holo GX,GRI
Garstella,39/145,Uncommon,GRI
Alola-Kleinstein,40/145,Common,GRI
Alola-Georok,41/145,Uncommon,GRI
Alola-Geowaz,42/145,Rare Holo,GRI
Eguana,43/145,Common,GRI
Elezard,44/145,Rare,GRI
Donarion GX,45/145,Rare Holo GX,GRI
Choreogel,46/145,Rare,GRI
Kapu-Riki GX,47/145,Rare Holo GX,GRI
Flegmon,48/145,Common,GRI
Lahmus,49/145,Uncommon,GRI
Unratütox,50/145,Common,GRI
Deponitox,51/145,Rare,GRI
Deponitox,51a/145,Rare,GRI
Mollimorba,52/145,Common,GRI
Hypnomorba,53/145,Uncommon,GRI
Morbitesse,54/145,Rare,GRI
Choreogel,55/145,Rare,GRI
Choreogel,56/145,Rare,GRI
Aggrostella GX,57/145,Rare Holo GX,GRI
Mimigma,58/145,Rare Holo,GRI
Moruda,59/145,Rare Holo,GRI
Kapu-Fala GX,60/145,Rare Holo GX,GRI
Tapu Lele-GX,60a/145,Rare Holo GX,GRI
Lunala,61/145,Rare,GRI
Machollo,62/145,Common,GRI
Machollo,63/145,Common,GRI
Maschock,64/145,Uncommon,GRI
Machomei,65/145,Rare Holo,GRI
Mogelbaum,66/145,Uncommon,GRI
Skorgla,67/145,Common,GRI
Skorgro,68/145,Uncommon,GRI
Nasgnet,69/145,Common,GRI
Schmerbe,70/145,Common,GRI
Welsar,71/145,Rare,GRI
Pam-Pam,72/145,Common,GRI
Wuffels,73/145,Common,GRI
Wolwerock GX,74/145,Rare Holo GX,GRI
Pampuli,75/145,Common,GRI
Pampross,76/145,Rare Holo,GRI
Meteno,77/145,Rare Holo,GRI
Kramurx,78/145,Common,GRI
Kramshef,79/145,Rare,GRI
Zobiris,80/145,Uncommon,GRI
Absol,81/145,Rare Holo,GRI
Pandagro,82/145,Rare,GRI
Tanhel,83/145,Common,GRI
Metang,84/145,Uncommon,GRI
Metagross GX,85/145,Rare Holo GX,GRI
Voluminas,86/145,Rare,GRI
Solgaleo,87/145,Rare,GRI
Piepi,88/145,Common,GRI
Pixi,89/145,Uncommon,GRI
Waumboll,90/145,Common,GRI
Elfun,91/145,Uncommon,GRI
Feelinara GX,92/145,Rare Holo GX,GRI
Sylveon-GX,92a/145,Rare Holo GX,GRI
Curelei,93/145,Rare Holo,GRI
Viscora,94/145,Common,GRI
Viscargot,95/145,Uncommon,GRI
Viscogon,96/145,Rare Holo,GRI
Sen-Long,97/145,Rare Holo,GRI
Miniras,98/145,Common,GRI
Mediras,99/145,Uncommon,GRI
Grandiras GX,100/145,Rare Holo GX,GRI
Chaneira,101/145,Common,GRI
Heiteira,102/145,Rare Holo,GRI
Schwalbini,103/145,Common,GRI
Schwalboss,104/145,Rare,GRI
Formeo,105/145,Common,GRI
Rayquaza,106/145,Rare,GRI
Nagelotz,107/145,Common,GRI
Kukmarda,108/145,Uncommon,GRI
Dartiri,109/145,Common,GRI
Dartignis,110/145,Uncommon,GRI
Fiaro,111/145,Rare,GRI
Velursi,112/145,Common,GRI
Kosturso,113/145,Uncommon,GRI
Koalelu,114/145,Uncommon,GRI
Sen-Long GX,115/145,Rare Holo GX,GRI
Schutzzone des Æther-Paradieses,116/145,Uncommon,GRI
Mondscheiben-Podium,117/145,Uncommon,GRI
Sonnenkreis-Podium,118/145,Uncommon,GRI
Wasserpflaster,119/145,Uncommon,GRI
Plätscherhügel,120/145,Uncommon,GRI
Wahlband,121/145,Uncommon,GRI
Wahlband,121a/145,Uncommon,GRI
Energielotterie,122/145,Uncommon,GRI
Energieaufbereitung,123/145,Uncommon,GRI
Spezial-Hammer,124/145,Uncommon,GRI
Enhanced Hammer,124a/145,Uncommon,GRI
Feldgebläse,125/145,Uncommon,GRI
Field Blower,125a/145,Uncommon,GRI
Hala,126/145,Uncommon,GRI
Maho,127/145,Uncommon,GRI
Top-Trank,128/145,Uncommon,GRI
Max Potion,128a/145,Uncommon,GRI
Multitausch,129/145,Uncommon,GRI
Rettungstrage,130/145,Uncommon,GRI
Rettungstrage,130a/145,Uncommon,GRI
Tortunator GX,131/145,Rare Ultra,GRI
Alola Vulnona GX,132/145,Rare Ultra,GRI
Lusardin GX,133/145,Rare Ultra,GRI
Donarion GX,134/145,Rare Ultra,GRI
Kapu-Riki GX,135/145,Rare Ultra,GRI
Aggrostella GX,136/145,Rare Ultra,GRI
Kapu-Fala GX,137/145,Rare Ultra,GRI
Wolwerock GX,138/145,Rare Ultra,GRI
Metagross GX,139/145,Rare Ultra,GRI
Feelinara GX,140/145,Rare Ultra,GRI
Grandiras GX,141/145,Rare Ultra,GRI
Sen-Long GX,142/145,Rare Ultra,GRI
Hala,143/145,Rare Ultra,GRI
Tali,144/145,Rare Ultra,GRI
Maho,145/145,Rare Ultra,GRI
Silvarro GX,146/145,Rare Rainbow,GRI
Fuegro GX,147/145,Rare Rainbow,GRI
Tortunator GX,148/145,Rare Rainbow,GRI
Primarene GX,149/145,Rare Rainbow,GRI
Alola Vulnona GX,150/145,Rare Rainbow,GRI
Lusardin GX,151/145,Rare Rainbow,GRI
Donarion GX,152/145,Rare Rainbow,GRI
Kapu-Riki GX,153/145,Rare Rainbow,GRI
Aggrostella GX,154/145,Rare Rainbow,GRI
Kapu-Fala GX,155/145,Rare Rainbow,GRI
Wolwerock GX,156/145,Rare Rainbow,GRI
Metagross GX,157/145,Rare Rainbow,GRI
Metagross-GX,157a/145,Rare Ultra,GRI
Feelinara GX,158/145,Rare Rainbow,GRI
Grandiras GX,159/145,Rare Rainbow,GRI
Sen-Long GX,160/145,Rare Rainbow,GRI
Wasserpflaster,161/145,Rare Secret,GRI
Spezial-Hammer,162/145,Rare Secret,GRI
Feldgebläse,163/145,Rare Secret,GRI
Top-Trank,164/145,Rare Secret,GRI
Sonderbonbon,165/145,Rare Secret,GRI
Doppel-Farblos-Energie,166/145,Rare Secret,GRI
Pflanze-Energie,167/145,Rare Secret,GRI
Elektro-Energie,168/145,Rare Secret,GRI
Kampf-Energie,169/145,Rare Secret,GRI
Sichlor,SV1/94,Rare Shiny,HIFSV
Bauz,SV2/94,Rare Shiny,HIFSV
Arboretoss,SV3/94,Rare Shiny,HIFSV
Reißlaus,SV4/94,Rare Shiny,HIFSV
Schabelle,SV5/94,Rare Shiny,HIFSV
Glumanda,SV6/94,Rare Shiny,HIFSV
Glutexo,SV7/94,Rare Shiny,HIFSV
Alola-Vulpix,SV8/94,Rare Shiny,HIFSV
Felino,SV9/94,Rare Shiny,HIFSV
Morlord,SV10/94,Rare Shiny,HIFSV
Froxy,SV11/94,Rare Shiny,HIFSV
Amphizel,SV12/94,Rare Shiny,HIFSV
Voltobal,SV13/94,Rare Shiny,HIFSV
Voltriant,SV14/94,Rare Shiny,HIFSV
Vipitis,SV15/94,Rare Shiny,HIFSV
Shuppet,SV16/94,Rare Shiny,HIFSV
Iscalar,SV17/94,Rare Shiny,HIFSV
Calamanero,SV18/94,Rare Shiny,HIFSV
Venicro,SV19/94,Rare Shiny,HIFSV
Mogelbaum,SV20/94,Rare Shiny,HIFSV
Riolu,SV21/94,Rare Shiny,HIFSV
Lucario,SV22/94,Rare Shiny,HIFSV
Wuffels,SV23/94,Rare Shiny,HIFSV
Masskito,SV24/94,Rare Shiny,HIFSV
Zorua,SV25/94,Rare Shiny,HIFSV
Schlingking,SV26/94,Rare Shiny,HIFSV
Magnetilo,SV27/94,Rare Shiny,HIFSV
Magneton,SV28/94,Rare Shiny,HIFSV
Magnezone,SV29/94,Rare Shiny,HIFSV
Tanhel,SV30/94,Rare Shiny,HIFSV
Metang,SV31/94,Rare Shiny,HIFSV
Kaguron,SV32/94,Rare Shiny,HIFSV
Katagami,SV33/94,Rare Shiny,HIFSV
Trasla,SV34/94,Rare Shiny,HIFSV
Kirlia,SV35/94,Rare Shiny,HIFSV
Diancie,SV36/94,Rare Shiny,HIFSV
Altaria,SV37/94,Rare Shiny,HIFSV
Kaumalat,SV38/94,Rare Shiny,HIFSV
Knarksel,SV39/94,Rare Shiny,HIFSV
Knakrack,SV40/94,Rare Shiny,HIFSV
Evoli,SV41/94,Rare Shiny,HIFSV
Wablu,SV42/94,Rare Shiny,HIFSV
eF-eM,SV43/94,Rare Shiny,HIFSV
Kommandutan,SV44/94,Rare Shiny,HIFSV
Typ:Null,SV45/94,Rare Shiny,HIFSV
Folipurba-GX,SV46/94,Rare Shiny GX,HIFSV
Silvarro-GX,SV47/94,Rare Shiny GX,HIFSV
Tectass-GX,SV48/94,Rare Shiny GX,HIFSV
Glurak-GX,SV49/94,Rare Shiny GX,HIFSV
Ho-Oh-GX,SV50/94,Rare Shiny GX,HIFSV
Reshiram-GX,SV51/94,Rare Shiny GX,HIFSV
Tortunator-GX,SV52/94,Rare Shiny GX,HIFSV
Alola-Vulnona-GX,SV53/94,Rare Shiny GX,HIFSV
Arktos-GX,SV54/94,Rare Shiny GX,HIFSV
Glaziola-GX,SV55/94,Rare Shiny GX,HIFSV
Quajutsu-GX,SV56/94,Rare Shiny GX,HIFSV
Lektrobal-GX,SV57/94,Rare Shiny GX,HIFSV
Voltriant-GX,SV58/94,Rare Shiny GX,HIFSV
Mewtu-GX,SV59/94,Rare Shiny GX,HIFSV
Psiana-GX,SV60/94,Rare Shiny GX,HIFSV
Banette-GX,SV61/94,Rare Shiny GX,HIFSV
Anego-GX,SV62/94,Rare Shiny GX,HIFSV
Agoyon-GX,SV63/94,Rare Shiny GX,HIFSV
Lucario-GX,SV64/94,Rare Shiny GX,HIFSV
Zygarde-GX,SV65/94,Rare Shiny GX,HIFSV
Wolwerock-GX,SV66/94,Rare Shiny GX,HIFSV
Wolwerock-GX,SV67/94,Rare Shiny GX,HIFSV
Masskito-GX,SV68/94,Rare Shiny GX,HIFSV
Nachtara-GX,SV69/94,Rare Shiny GX,HIFSV
Darkrai-GX,SV70/94,Rare Shiny GX,HIFSV
Schlingking-GX,SV71/94,Rare Shiny GX,HIFSV
Scherox-GX,SV72/94,Rare Shiny GX,HIFSV
Katagami-GX,SV73/94,Rare Shiny GX,HIFSV
Muramura-GX,SV74/94,Rare Shiny GX,HIFSV
Guardevoir-GX,SV75/94,Rare Shiny GX,HIFSV
Feelinara-GX,SV76/94,Rare Shiny GX,HIFSV
Altaria-GX,SV77/94,Rare Shiny GX,HIFSV
UHaFnir-GX,SV78/94,Rare Shiny GX,HIFSV
Amigento-GX,SV79/94,Rare Shiny GX,HIFSV
Sen-Long-GX,SV80/94,Rare Shiny GX,HIFSV
Angestellte der Æther Foundation,SV81/94,Rare Ultra,HIFSV
Cynthia,SV82/94,Rare Ultra,HIFSV
Angler,SV83/94,Rare Ultra,HIFSV
Bromley,SV84/94,Rare Ultra,HIFSV
Wanderer,SV85/94,Rare Ultra,HIFSV
Lady,SV86/94,Rare Ultra,HIFSV
Schutzzone des Æther-Paradieses,SV87/94,Rare Secret,HIFSV
Plätscherhügel,SV88/94,Rare Secret,HIFSV
Kraterberg,SV89/94,Rare Secret,HIFSV
Schrein der Bestrafung,SV90/94,Rare Secret,HIFSV
Kapu-Toro-GX,SV91/94,Rare Secret,HIFSV
Kapu-Kime-GX,SV92/94,Rare Secret,HIFSV
Kapu-Riki-GX,SV93/94,Rare Secret,HIFSV
Kapu-Fala-GX,SV94/94,Rare Secret,HIFSV
Raupy,1/68,Common,HIF
Safcon,2/68,Uncommon,HIF
Smettbo,3/68,Rare,HIF
Paras,4/68,Common,HIF
Sichlor,5/68,Uncommon,HIF
Pinsir-GX,6/68,Rare Holo GX,HIF
Glumanda,7/68,Common,HIF
Glutexo,8/68,Uncommon,HIF
Glurak-GX,9/68,Rare Holo GX,HIF
Magmar,10/68,Uncommon,HIF
Enton,11/68,Common,HIF
Flegmon,12/68,Common,HIF
Sterndu,13/68,Common,HIF
Starmie-GX,14/68,Rare Holo GX,HIF
Karpador,15/68,Common,HIF
Garados-GX,16/68,Rare Holo GX,HIF
Lapras,17/68,Rare,HIF
Aquana,18/68,Rare Holo,HIF
Pikachu,19/68,Common,HIF
Raichu-GX,20/68,Rare Holo GX,HIF
Voltobal,21/68,Common,HIF
Lektrobal,22/68,Rare,HIF
Blitza,23/68,Rare,HIF
Zapdos,24/68,Rare Holo,HIF
Rettan,25/68,Common,HIF
Rettan,26/68,Common,HIF
Arbok,27/68,Rare,HIF
Smogon,28/68,Common,HIF
Smogmog,29/68,Rare,HIF
Rossana,30/68,Uncommon,HIF
Mewtu-GX,31/68,Rare Holo GX,HIF
Mew,32/68,Rare,HIF
Kleinstein,33/68,Common,HIF
Georok,34/68,Uncommon,HIF
Geowaz,35/68,Rare,HIF
Onix-GX,36/68,Rare Holo GX,HIF
Tragosso,37/68,Common,HIF
Piepi,38/68,Common,HIF
Piepi,39/68,Common,HIF
Pixi,40/68,Rare,HIF
Pummeluff,41/68,Common,HIF
Knuddeluff-GX,42/68,Rare Holo GX,HIF
Pantimos,43/68,Rare,HIF
Lavados & Zapdos & Arktos-GX,44/68,Rare Holo GX,HIF
Porenta,45/68,Uncommon,HIF
Chaneira,46/68,Uncommon,HIF
Kangama,47/68,Rare,HIF
Evoli,48/68,Rare Holo,HIF
Evoli,49/68,Common,HIF
Relaxo,50/68,Rare,HIF
Bills Analyse,51/68,Rare,HIF
Pyros letzter Widerstand,52/68,Rare,HIF
Rockos Durchhaltevermögen,53/68,Uncommon,HIF
Rockos Marmoria-Arena,54/68,Uncommon,HIF
Rockos Training,55/68,Rare Holo,HIF
Erikas Gastfreundschaft,56/68,Rare,HIF
Giovannis Exil,57/68,Uncommon,HIF
Jessie & James,58/68,Rare Holo,HIF
Kogas Falle,59/68,Uncommon,HIF
Major Bobs Strategie,60/68,Uncommon,HIF
Mistys Azuria-Arena,61/68,Uncommon,HIF
Mistys Entschlossenheit,62/68,Uncommon,HIF
Mistys Wasserkontrolle,63/68,Rare Holo,HIF
Pokémon-Center-Dame,64/68,Uncommon,HIF
Sabrinas Vorschlag,65/68,Uncommon,HIF
Lavados & Zapdos & Arktos-GX,66/68,Rare Ultra,HIF
Giovannis Exil,67/68,Rare Ultra,HIF
Jessie & James,68/68,Rare Ultra,HIF
Lavados & Zapdos & Arktos-GX,69/68,Rare Rainbow,HIF
Tangela,1/214,Common,LOT
Tangoloss,2/214,Rare,LOT
Sichlor,3/214,Common,LOT
Pinsir,4/214,Uncommon,LOT
Endivie,5/214,Common,LOT
Endivie,6/214,Common,LOT
Lorblatt,7/214,Uncommon,LOT
Meganie,8/214,Rare Holo,LOT
Webarak,9/214,Common,LOT
Ariados,10/214,Uncommon,LOT
Hoppspross,11/214,Common,LOT
Hoppspross,12/214,Common,LOT
Hubelupf,13/214,Uncommon,LOT
Papungha,14/214,Rare Holo,LOT
Tannza,15/214,Common,LOT
Pottrott,16/214,Uncommon,LOT
Pottrott GX,17/214,Rare Holo GX,LOT
Skaraborn,18/214,Uncommon,LOT
Celebi ◇,19/214,Rare Prism Star,LOT
Geckarbor,20/214,Common,LOT
Reptain,21/214,Uncommon,LOT
Gewaldro GX,22/214,Rare Holo GX,LOT
Waumpel,23/214,Common,LOT
Waumpel,24/214,Common,LOT
Schaloko,25/214,Uncommon,LOT
Papinella,26/214,Rare,LOT
Panekon,27/214,Uncommon,LOT
Pudox,28/214,Rare,LOT
Nincada,29/214,Common,LOT
Ninjask,30/214,Uncommon,LOT
Wadribie,31/214,Common,LOT
Honweisel,32/214,Uncommon,LOT
Shaymin,33/214,Rare Holo,LOT
Viridium GX,34/214,Rare Holo GX,LOT
Mähikel,35/214,Common,LOT
Chevrumm,36/214,Uncommon,LOT
Kapu-Toro,37/214,Rare Holo,LOT
Lavados,38/214,Rare,LOT
Feurigel,39/214,Common,LOT
Feurigel,40/214,Common,LOT
Igelavar,41/214,Uncommon,LOT
Tornupto,42/214,Rare Holo,LOT
Schneckmag,43/214,Common,LOT
Magcargo GX,44/214,Rare Holo GX,LOT
Hunduster,45/214,Common,LOT
Hundemon,46/214,Rare,LOT
Entei,47/214,Rare,LOT
Heatran,48/214,Rare Holo,LOT
Victini,49/214,Rare,LOT
Leufeo,50/214,Common,LOT
Pyroleo,51/214,Rare,LOT
Kopplosio GX,52/214,Rare Holo GX,LOT
Alola Vulpix,53/214,Common,LOT
Flegmon,54/214,Common,LOT
Laschoking,55/214,Rare,LOT
Lapras,56/214,Rare,LOT
Botogel,57/214,Uncommon,LOT
Mantax,58/214,Uncommon,LOT
Suicune,59/214,Rare Holo,LOT
Suicune GX,60/214,Rare Holo GX,LOT
Petznief,61/214,Common,LOT
Siberio,62/214,Rare,LOT
Weißes Kyurem,63/214,Rare Holo,LOT
Robball,64/214,Common,LOT
Robball,65/214,Common,LOT
Marikeck,66/214,Uncommon,LOT
Primarene,67/214,Rare,LOT
Garstella,68/214,Common,LOT
Aggrostella,69/214,Rare,LOT
Knirfish,70/214,Common,LOT
Elektek,71/214,Uncommon,LOT
Elevoltek,72/214,Rare,LOT
Lampi,73/214,Common,LOT
Lanturn,74/214,Rare,LOT
Voltilamm,75/214,Common,LOT
Voltilamm,76/214,Common,LOT
Waaty,77/214,Uncommon,LOT
Ampharos,78/214,Rare Holo,LOT
Raikou,79/214,Rare,LOT
Pachirisu,80/214,Common,LOT
Elezeba,81/214,Common,LOT
Zebritz,82/214,Rare,LOT
Flunschlik,83/214,Common,LOT
Dedenne,84/214,Common,LOT
Kapu-Riki,85/214,Rare Holo,LOT
Zeraora GX,86/214,Rare Holo GX,LOT
Natu,87/214,Common,LOT
Xatu,88/214,Uncommon,LOT
Psiana,89/214,Rare,LOT
Icognito,90/214,Rare,LOT
Icognito,91/214,Rare,LOT
Icognito,92/214,Rare,LOT
Woingenau,93/214,Rare,LOT
Girafarig,94/214,Uncommon,LOT
Ninjatom,95/214,Rare,LOT
Zobiris,96/214,Uncommon,LOT
Giratina,97/214,Rare Holo,LOT
Symvolara GX,98/214,Rare Holo GX,LOT
Makabaja,99/214,Common,LOT
Echnatoll,100/214,Rare,LOT
Lichtel,101/214,Common,LOT
Laternecto,102/214,Uncommon,LOT
Skelabra,103/214,Rare Holo,LOT
Meloetta,104/214,Rare,LOT
Garstella,105/214,Common,LOT
Anego,106/214,Rare Holo,LOT
Venicro,107/214,Common,LOT
Agoyon,108/214,Rare Holo,LOT
Onix,109/214,Common,LOT
Mogelbaum,110/214,Uncommon,LOT
Phanpy,111/214,Common,LOT
Donphan,112/214,Rare,LOT
Kapoera,113/214,Uncommon,LOT
Larvitar,114/214,Common,LOT
Larvitar,115/214,Common,LOT
Pupitar,116/214,Uncommon,LOT
Rocara,117/214,Common,LOT
Alola-Mauzi,118/214,Common,LOT
Alola-Snobilikat,119/214,Rare,LOT
Nachtara,120/214,Rare,LOT
Despotar GX,121/214,Rare Holo GX,LOT
Alola-Digda,122/214,Common,LOT
Alola-Digdri,123/214,Uncommon,LOT
Forstellka,124/214,Rare,LOT
Stahlos,125/214,Rare,LOT
Scherox,126/214,Rare Holo,LOT
Dialga,127/214,Rare Holo,LOT
Fermicula,128/214,Common,LOT
Kobalium,129/214,Rare Holo,LOT
Genesect GX,130/214,Rare Holo GX,LOT
Magearna,131/214,Uncommon,LOT
Alola Vulnona GX,132/214,Rare Holo GX,LOT
Pummeluff,133/214,Common,LOT
Knuddeluff,134/214,Rare,LOT
Marill,135/214,Common,LOT
Azumarill,136/214,Rare,LOT
Snubbull,137/214,Common,LOT
Granbull,138/214,Rare,LOT
Trasla,139/214,Common,LOT
Kirlia,140/214,Uncommon,LOT
Guardevoir,141/214,Rare Holo,LOT
Dedenne,142/214,Uncommon,LOT
Rocara,143/214,Uncommon,LOT
Xerneas ◇,144/214,Rare Prism Star,LOT
Wommel,145/214,Common,LOT
Bandelby,146/214,Rare,LOT
Bubungus,147/214,Common,LOT
Lamellux,148/214,Uncommon,LOT
Mimigma GX,149/214,Rare Holo GX,LOT
Kapu-Fala,150/214,Rare Holo,LOT
Kapu-Kime,151/214,Rare Holo,LOT
Chaneira,152/214,Common,LOT
Heiteira,153/214,Rare Holo,LOT
Ditto ◇,154/214,Rare Prism Star,LOT
Evoli,155/214,Common,LOT
Damhirplex,156/214,Uncommon,LOT
Farbeagle,157/214,Rare,LOT
Miltank,158/214,Rare,LOT
Lugia GX,159/214,Rare Holo GX,LOT
Ho-Oh,160/214,Rare,LOT
Kecleon,161/214,Uncommon,LOT
Kecleon,162/214,Uncommon,LOT
Peppeck,163/214,Common,LOT
Peppeck,164/214,Common,LOT
Trompeck,165/214,Uncommon,LOT
Tukanon,166/214,Rare,LOT
Abenteuerbeutel,167/214,Uncommon,LOT
Angestellte der Æther Foundation,168/214,Uncommon,LOT
Wahlhelm,169/214,Uncommon,LOT
Kontergewinn,170/214,Uncommon,LOT
Flexfänger,171/214,Uncommon,LOT
Elektrokraft,172/214,Uncommon,LOT
Electropower,172a/214,Uncommon,LOT
Fabian,173/214,Uncommon,LOT
Feenschmuck Grass,174/214,Uncommon,LOT
Feenschmuck Psychic,175/214,Uncommon,LOT
Feenschmuck Fighting,176/214,Uncommon,LOT
Feenschmuck Dragon,177/214,Uncommon,LOT
Hitzemanufaktur ◇,178/214,Rare Prism Star,LOT
Kahili,179/214,Uncommon,LOT
Lebenswald ◇,180/214,Rare Prism Star,LOT
Nirgendwo-Mixer,181/214,Uncommon,LOT
Samantha ◇,182/214,Rare Prism Star,LOT
Matsurika,183/214,Uncommon,LOT
Kräutermischung,184/214,Uncommon,LOT
Kuhmuh-Milch,185/214,Uncommon,LOT
Jens,186/214,Uncommon,LOT
Netzball,187/214,Uncommon,LOT
Net Ball,187a/214,Uncommon,LOT
Professor Linds Vorlesung,188/214,Uncommon,LOT
Professor Elm's Lecture,188a/214,Uncommon,LOT
Urlauberin,189/214,Uncommon,LOT
Urlauberin,189a/214,Uncommon,LOT
Bannsticker,190/214,Uncommon,LOT
Donnerberg ◇,191/214,Rare Prism Star,LOT
Geduldhammer,192/214,Uncommon,LOT
Bianka,193/214,Uncommon,LOT
Gedächtnis-Energie,194/214,Uncommon,LOT
Pottrott GX,195/214,Rare Ultra,LOT
Gewaldro GX,196/214,Rare Ultra,LOT
Viridium GX,197/214,Rare Ultra,LOT
Magcargo GX,198/214,Rare Ultra,LOT
Kopplosio GX,199/214,Rare Ultra,LOT
Suicune GX,200/214,Rare Ultra,LOT
Zeraora GX,201/214,Rare Ultra,LOT
Symvolara GX,202/214,Rare Ultra,LOT
Despotar GX,203/214,Rare Ultra,LOT
Genesect GX,204/214,Rare Ultra,LOT
Alola Vulnona GX,205/214,Rare Ultra,LOT
Mimigma GX,206/214,Rare Ultra,LOT
Lugia GX,207/214,Rare Ultra,LOT
Fabian,208/214,Rare Ultra,LOT
Richter,209/214,Rare Ultra,LOT
Kahili,210/214,Rare Ultra,LOT
Matsurika,211/214,Rare Ultra,LOT
Jens,212/214,Rare Ultra,LOT
Professor Linds Vorlesung,213/214,Rare Ultra,LOT
Bianka,214/214,Rare Ultra,LOT
Pottrott GX,215/214,Rare Rainbow,LOT
Gewaldro GX,216/214,Rare Rainbow,LOT
Viridium GX,217/214,Rare Rainbow,LOT
Magcargo GX,218/214,Rare Rainbow,LOT
Kopplosio GX,219/214,Rare Rainbow,LOT
Suicune GX,220/214,Rare Rainbow,LOT
Zeraora GX,221/214,Rare Rainbow,LOT
Symvolara GX,222/214,Rare Rainbow,LOT
Despotar GX,223/214,Rare Rainbow,LOT
Genesect GX,224/214,Rare Rainbow,LOT
Alola Vulnona GX,225/214,Rare Rainbow,LOT
Mimigma GX,226/214,Rare Rainbow,LOT
Lugia GX,227/214,Rare Rainbow,LOT
Abenteuerbeutel,228/214,Rare Secret,LOT
Wahlhelm,229/214,Rare Secret,LOT
Kontergewinn,230/214,Rare Secret,LOT
Flexfänger,231/214,Rare Secret,LOT
Elektrokraft,232/214,Rare Secret,LOT
Nirgendwo-Mixer,233/214,Rare Secret,LOT
Netzball,234/214,Rare Secret,LOT
Bannsticker,235/214,Rare Secret,LOT
Geduldhammer,236/214,Rare Secret,LOT
Bisasam,1/73,Common,SLG
Bisaknosp,2/73,Common,SLG
Bisaflor,3/73,Uncommon,SLG
Knilz,4/73,Common,SLG
Kapilz,5/73,Common,SLG
Venuflibis,6/73,Uncommon,SLG
Shaymin,7/73,Rare Holo,SLG
Viridium,8/73,Rare Holo,SLG
Schimmerndes Genesect,9/73,Rare Shining,SLG
Entei GX,10/73,Rare Holo GX,SLG
Entei-GX,10a/73,Rare Holo GX,SLG
Qurtel,11/73,Common,SLG
Ignivor,12/73,Common,SLG
Ramoth,13/73,Uncommon,SLG
Reshiram,14/73,Rare Holo,SLG
Flamiau,15/73,Common,SLG
Miezunder,16/73,Common,SLG
Fuegro,17/73,Uncommon,SLG
Karnimani,18/73,Common,SLG
Tyracroc,19/73,Common,SLG
Impergator,20/73,Uncommon,SLG
Baldorfish,21/73,Common,SLG
Bamelin,22/73,Common,SLG
Bojelin,23/73,Uncommon,SLG
Palkia,24/73,Rare Holo,SLG
Manaphy,25/73,Rare Holo,SLG
Keldeo,26/73,Rare Holo,SLG
Schimmerndes Volcanion,27/73,Rare Shining,SLG
Pikachu,28/73,Common,SLG
Raichu GX,29/73,Rare Holo GX,SLG
Voltobal,30/73,Common,SLG
Lektrobal,31/73,Uncommon,SLG
Raikou,32/73,Rare Holo,SLG
Plusle,33/73,Common,SLG
Minun,34/73,Common,SLG
Zekrom,35/73,Rare Holo,SLG
Rettan,36/73,Common,SLG
Arbok,37/73,Uncommon,SLG
Rossana,38/73,Common,SLG
Mewtu GX,39/73,Rare Holo GX,SLG
Schimmerndes Mew,40/73,Rare Shining,SLG
Latios,41/73,Rare Holo,SLG
Schimmerndes Jirachi,42/73,Rare Shining,SLG
Golbit,43/73,Common,SLG
Golgantes,44/73,Uncommon,SLG
Marshadow,45/73,Rare Holo,SLG
Flunschlik,46/73,Common,SLG
Kryppuk,47/73,Uncommon,SLG
Felilou,48/73,Common,SLG
Kleoparda,49/73,Uncommon,SLG
Zurrokex,50/73,Common,SLG
Irokex,51/73,Uncommon,SLG
Zorua,52/73,Common,SLG
Zoroark GX,53/73,Rare Holo GX,SLG
Yveltal,54/73,Rare Holo,SLG
Hoopa,55/73,Rare Holo,SLG
Schimmerndes Rayquaza,56/73,Rare Shining,SLG
Schimmerndes Arceus,57/73,Rare Shining,SLG
Schadenstransporter,58/73,Uncommon,SLG
Energie-Zugewinn,59/73,Uncommon,SLG
Superball,60/73,Uncommon,SLG
Tali,61/73,Uncommon,SLG
Lilly,62/73,Uncommon,SLG
Pokémon-Züchterin,63/73,Uncommon,SLG
Pokémon-Fänger,64/73,Uncommon,SLG
Chrys,65/73,Uncommon,SLG
Super-Anziehungskraft,66/73,Uncommon,SLG
Tausch,67/73,Uncommon,SLG
Hyperball,68/73,Uncommon,SLG
Hyperball,68a/73,Uncommon,SLG
Doppel-Farblos-Energie,69/73,Uncommon,SLG
Verkrümmungs-Energie,70/73,Uncommon,SLG
Entei GX,71/73,Rare Ultra,SLG
Mewtu GX,72/73,Rare Ultra,SLG
Pokémon-Züchterin,73/73,Rare Ultra,SLG
Entei GX,74/73,Rare Rainbow,SLG
Raichu GX,75/73,Rare Rainbow,SLG
Mewtu GX,76/73,Rare Rainbow,SLG
Zoroark GX,77/73,Rare Rainbow,SLG
Zoroark-GX,77a/73,Rare Ultra,SLG
Mewtu GX,78/73,Rare Secret,SLG
Bauz,SM01/248,Promo,SMP
Flamiau,SM02/248,Promo,SMP
Robball,SM03/248,Promo,SMP
Pikachu,SM04/248,Promo,SMP
Relaxo GX,SM05/248,Promo,SMP
Wuffels,SM06/248,Promo,SMP
Peppeck,SM07/248,Promo,SMP
Flamiau,SM08/248,Promo,SMP
Togedemaru,SM09/248,Promo,SMP
Lamellux,SM10/248,Promo,SMP
Knirfish,SM11/248,Promo,SMP
Quartermak,SM12/248,Promo,SMP
Kommandutan,SM13/248,Promo,SMP
Wolwerock GX,SM14/248,Promo,SMP
Zygarde,SM15/248,Promo,SMP
Solgaleo GX,SM16/248,Promo,SMP
Lunala GX,SM17/248,Promo,SMP
Alola-Sandamer,SM18/248,Promo,SMP
Choreogel,SM19/248,Promo,SMP
Pampross,SM20/248,Promo,SMP
Sen-Long,SM21/248,Promo,SMP
Bauz,SM22/248,Promo,SMP
Flamiau,SM23/248,Promo,SMP
Robball,SM24/248,Promo,SMP
Mantidea,SM25/248,Promo,SMP
Fruyal,SM26/248,Promo,SMP
Tortunator,SM27/248,Promo,SMP
Donarion,SM28/248,Promo,SMP
Mimigma,SM29/248,Promo,SMP
Kapu-Riki,SM30/248,Promo,SMP
Tapu Koko,SM30a/248,Promo,SMP
Kapu-Riki,SM31/248,Promo,SMP
Kapu-Toro GX,SM32/248,Promo,SMP
Kapu-Riki GX,SM33/248,Promo,SMP
Kosturso GX,SM34/248,Promo,SMP
Psiana GX,SM35/248,Promo,SMP
Nachtara GX,SM36/248,Promo,SMP
Silvarro GX,SM37/248,Promo,SMP
Fuegro GX,SM38/248,Promo,SMP
Primarene GX,SM39/248,Promo,SMP
Miniras,SM40/248,Promo,SMP
Koalelu,SM41/248,Promo,SMP
Cosmog,SM42/248,Promo,SMP
Alola-Mauzi,SM43/248,Promo,SMP
Togedemaru,SM44/248,Promo,SMP
Kapu-Fala,SM45/248,Promo,SMP
Vipitis,SM46/248,Promo,SMP
Krawell,SM47/248,Promo,SMP
Zygarde,SM48/248,Promo,SMP
Kosturso,SM49/248,Promo,SMP
Kapu-Riki GX,SM50/248,Promo,SMP
Alola-Mauzi,SM51/248,Promo,SMP
Tectass,SM52/248,Promo,SMP
Moruda,SM53/248,Promo,SMP
Lucario,SM54/248,Promo,SMP
Silvarro,SM55/248,Promo,SMP
Fruyal GX,SM56/248,Promo,SMP
Ho-Oh GX,SM57/248,Promo,SMP
Necrozma GX,SM58/248,Promo,SMP
Marshadow GX,SM59/248,Promo,SMP
Glurak GX,SM60/248,Promo,SMP
Kapu-Toro,SM61/248,Promo,SMP
Tectass GX,SM62/248,Promo,SMP
Amfira GX,SM63/248,Promo,SMP
Amigento,SM64/248,Promo,SMP
Alola-Raichu,SM65/248,Promo,SMP
Schabelle GX,SM66/248,Promo,SMP
Kaguron GX,SM67/248,Promo,SMP
Voltriant GX,SM68/248,Promo,SMP
Masskito GX,SM69/248,Promo,SMP
Schimmerndes Ho-Oh,SM70/248,Promo,SMP
Grandiras GX,SM71/248,Promo,SMP
Alola-Raichu,SM72/248,Promo,SMP
Amfira,SM73/248,Promo,SMP
Regirock,SM74/248,Promo,SMP
Registeel,SM75/248,Promo,SMP
Pikachu,SM76/248,Promo,SMP
Mewtu,SM77/248,Promo,SMP
Festival der Champions,SM78/248,Promo,SMP
Schimmerndes Celebi,SM79/248,Promo,SMP
Ho-Oh GX,SM80/248,Promo,SMP
Pikachu,SM81/248,Promo,SMP
Schimmerndes Lugia,SM82/248,Promo,SMP
Zorua,SM83/248,Promo,SMP
Zoroark GX,SM84/248,Promo,SMP
Marshadow,SM85/248,Promo,SMP
Pikachu,SM86/248,Promo,SMP
Latias,SM87/248,Promo,SMP
Latios,SM88/248,Promo,SMP
Zoroark,SM89/248,Promo,SMP
Raichu GX,SM90/248,Promo,SMP
Amigento GX,SM91/248,Promo,SMP
Kapu-Kime,SM92/248,Promo,SMP
Marshadow,SM93/248,Promo,SMP
Wasch-Rotom,SM94/248,Promo,SMP
Lucario,SM95/248,Promo,SMP
Heatran,SM96/248,Promo,SMP
Manguspektor,SM97/248,Promo,SMP
Pikachu,SM98/248,Promo,SMP
Mimigma,SM99/248,Promo,SMP
Lucario GX,SM100/248,Promo,SMP
Morgenschwingen-Necrozma GX,SM101/248,Promo,SMP
Abendmähne-Necrozma GX,SM102/248,Promo,SMP
Lunala GX,SM103/248,Promo,SMP
Lunala-GX,SM103a/248,Promo,SMP
Solgaleo GX,SM104/248,Promo,SMP
Solgaleo-GX,SM104a/248,Promo,SMP
Wolwerock,SM105/248,Promo,SMP
Morgenschwingen-Necrozma,SM106/248,Promo,SMP
Abendmähne-Necrozma,SM107/248,Promo,SMP
Ash's Pikachu,SM108/248,Promo,SMP
Ash's Pikachu,SM109/248,Promo,SMP
Ash's Pikachu,SM110/248,Promo,SMP
Ash's Pikachu,SM111/248,Promo,SMP
Ash's Pikachu,SM112/248,Promo,SMP
Ash's Pikachu,SM113/248,Promo,SMP
Ash's Pikachu,SM114/248,Promo,SMP
Schabelle,SM115/248,Promo,SMP
Voltriant,SM116/248,Promo,SMP
Calamanero,SM117/248,Promo,SMP
Wolwerock,SM118/248,Promo,SMP
Owei,SM119/248,Promo,SMP
Wuffels,SM120/248,Promo,SMP
Raikou GX,SM121/248,Promo,SMP
Zygarde GX,SM122/248,Promo,SMP
Morgenschwingen-Necrozma,SM123/248,Promo,SMP
Abendmähne-Necrozma,SM124/248,Promo,SMP
Agoyon GX,SM125/248,Promo,SMP
Ultra-Necrozma GX,SM126/248,Promo,SMP
Alola-Sandamer,SM127/248,Promo,SMP
Alola Vulnona,SM128/248,Promo,SMP
Kyogre,SM129/248,Promo,SMP
Voltenso,SM130/248,Promo,SMP
Kaguron,SM131/248,Promo,SMP
Enekoro,SM132/248,Promo,SMP
Voltolos GX,SM133/248,Promo,SMP
Boreos GX,SM134/248,Promo,SMP
Latias,SM135/248,Promo,SMP
Latios,SM136/248,Promo,SMP
Reshiram GX,SM137/248,Promo,SMP
Zekrom GX,SM138/248,Promo,SMP
Brutalanda GX,SM139/248,Promo,SMP
Brutalanda,SM140/248,Promo,SMP
Weißes Kyurem GX,SM141/248,Promo,SMP
Kyurem,SM142/248,Promo,SMP
Lavados,SM143/248,Promo,SMP
Arktos,SM144/248,Promo,SMP
Zapdos,SM145/248,Promo,SMP
Folipurba GX,SM146/248,Promo,SMP
Glaziola GX,SM147/248,Promo,SMP
Festival der Champions,SM148/248,Promo,SMP
Suicune,SM149/248,Promo,SMP
Raikou,SM150/248,Promo,SMP
Giratina,SM151/248,Promo,SMP
Kapu-Fala,SM152/248,Promo,SMP
Bauz,SM153/248,Promo,SMP
Molunk,SM154/248,Promo,SMP
Seedraking GX,SM155/248,Promo,SMP
Dragoran GX,SM156/248,Promo,SMP
Pikachu,SM157/248,Promo,SMP
Glurak,SM158/248,Promo,SMP
Zapdos,SM159/248,Promo,SMP
Nidoqueen,SM160/248,Promo,SMP
Jirachi,SM161/248,Promo,SMP
Pikachu,SM162/248,Promo,SMP
Mimigma,SM163/248,Promo,SMP
Deoxys,SM164/248,Promo,SMP
Ultra-Necrozma,SM165/248,Promo,SMP
Karpador & Wailord GX,SM166/248,Promo,SMP
Celebi & Bisaflor GX,SM167/248,Promo,SMP
Pikachu & Zekrom GX,SM168/248,Promo,SMP
Evoli & Relaxo GX,SM169/248,Promo,SMP
Meisterdetektiv Pikachu,SM170/248,Promo,SMP
Flamara GX,SM171/248,Promo,SMP
Aquana GX,SM172/248,Promo,SMP
Blitza GX,SM173/248,Promo,SMP
Evoli GX,SM174/248,Promo,SMP
Evoli GX,SM175/248,Promo,SMP
Evoli GX,SM176/248,Promo,SMP
Meltan,SM177/248,Promo,SMP
Melmetal GX,SM178/248,Promo,SMP
Volcanion,SM179/248,Promo,SMP
Muramura,SM180/248,Promo,SMP
Melmetal,SM181/248,Promo,SMP
Snobilikat,SM182/248,Promo,SMP
Pikachu,SM183/248,Promo,SMP
Evoli,SM184/248,Promo,SMP
Tornupto,SM185/248,Promo,SMP
Flamara,SM186/248,Promo,SMP
Alola-Knogga GX,SM187/248,Promo,SMP
Kangama GX,SM188/248,Promo,SMP
Turtok GX,SM189/248,Promo,SMP
Meisterdetektiv Pikachu,SM190/248,Promo,SMP
Mewtu & Mew GX,SM191/248,Promo,SMP
Lucario & Melmetal GX,SM192/248,Promo,SMP
Knakrack & Giratina GX,SM193/248,Promo,SMP
Meisterdetektiv Pikachu,SM194/248,Promo,SMP
Glurak GX,SM195/248,Promo,SMP
Mewtu GX,SM196/248,Promo,SMP
Quajutsu GX,SM197/248,Promo,SMP
Bisasam,SM198/248,Promo,SMP
Enton,SM199/248,Promo,SMP
Snubbull,SM200/248,Promo,SMP
Reshiram & Glurak GX,SM201/248,Promo,SMP
Hutsassa,SM202/248,Promo,SMP
Kapu-Kime,SM203/248,Promo,SMP
Necrozma,SM204/248,Promo,SMP
Terrakium,SM205/248,Promo,SMP
Pikachu,SM206/248,Promo,SMP
Mogelbaum,SM207/248,Promo,SMP
Donarion,SM208/248,Promo,SMP
Muramura,SM209/248,Promo,SMP
Lavados & Zapdos & Arktos GX,SM210/248,Promo,SMP
Glurak GX,SM211/248,Promo,SMP
Garados GX,SM212/248,Promo,SMP
Raichu GX,SM213/248,Promo,SMP
Mewtu,SM214/248,Promo,SMP
Mew,SM215/248,Promo,SMP
Porygon-Z GX,SM216/248,Promo,SMP
Trombork & Zwirrfinst GX,SM217/248,Promo,SMP
Masskito,SM218/248,Promo,SMP
Entei,SM219/248,Promo,SMP
Phione,SM220/248,Promo,SMP
Kopplosio,SM221/248,Promo,SMP
Traunmagil,SM222/248,Promo,SMP
Terrakium,SM223/248,Promo,SMP
Celebi,SM224/248,Promo,SMP
Victini,SM225/248,Promo,SMP
Glurak,SM226/248,Promo,SMP
Pikachu,SM227/248,Promo,SMP
Armored Mewtwo,SM228/248,Promo,SMP
Bisaflor & Serpifeu GX,SM229/248,Promo,SMP
Glurak & Rutena GX,SM230/248,Promo,SMP
Festival der Champions,SM231/248,Promo,SMP
Pikachu GX,SM232/248,Promo,SMP
Evoli GX,SM233/248,Promo,SMP
Pikachu,SM234/248,Promo,SMP
Evoli,SM235/248,Promo,SMP
Alola-Sandamer GX,SM236/248,Promo,SMP
Folipurba,SM237/248,Promo,SMP
Glaziola,SM238/248,Promo,SMP
Karippas GX,SM239/248,Promo,SMP
Psiana & Deoxys GX,SM240/248,Promo,SMP
Nachtara & Darkrai GX,SM241/248,Promo,SMP
Evoli GX,SM242/248,Promo,SMP
Regigigas,SM243/248,Promo,SMP
Griffel,SM244/248,Promo,SMP
Traunmagil,SM245/248,Promo,SMP
Sabrina & Sandro,SM246/248,Promo,SMP
Reshiram & Glurak GX,SM247/248,Promo,SMP
Pikachu & Zekrom GX,SM248/248,Promo,SMP
Raupy,1/149,Common,SUM
Safcon,2/149,Uncommon,SUM
Smettbo,3/149,Rare,SUM
Paras,4/149,Common,SUM
Parasek,5/149,Rare,SUM
Pinsir,6/149,Uncommon,SUM
Gehweiher,7/149,Common,SUM
Maskeregen,8/149,Rare,SUM
Bauz,9/149,Common,SUM
Arboretoss,10/149,Uncommon,SUM
Silvarro,11/149,Rare,SUM
Silvarro GX,12/149,Rare Holo GX,SUM
Mabula,13/149,Common,SUM
Imantis,14/149,Common,SUM
Mantidea GX,15/149,Rare Holo GX,SUM
Bubungus,16/149,Common,SUM
Lamellux,17/149,Rare Holo,SUM
Frubberl,18/149,Common,SUM
Frubaila,19/149,Uncommon,SUM
Fruyal,20/149,Rare Holo,SUM
Fukano,21/149,Common,SUM
Arkani,22/149,Rare Holo,SUM
Qurtel,23/149,Common,SUM
Flamiau,24/149,Common,SUM
Miezunder,25/149,Uncommon,SUM
Fuegro,26/149,Rare,SUM
Fuegro GX,27/149,Rare Holo GX,SUM
Enton,28/149,Common,SUM
Entoron,29/149,Rare,SUM
Quapsel,30/149,Common,SUM
Quaputzi,31/149,Uncommon,SUM
Quappo,32/149,Rare Holo,SUM
Muschas,33/149,Common,SUM
Austos,34/149,Rare,SUM
Lapras GX,35/149,Rare Holo GX,SUM
Corasonn,36/149,Uncommon,SUM
Wingull,37/149,Common,SUM
Pelipper,38/149,Uncommon,SUM
Robball,39/149,Common,SUM
Marikeck,40/149,Uncommon,SUM
Primarene,41/149,Rare,SUM
Primarene GX,42/149,Rare Holo GX,SUM
Krawell,43/149,Rare,SUM
Lusardin,44/149,Uncommon,SUM
Araqua,45/149,Common,SUM
Aranestro,46/149,Uncommon,SUM
Gufa,47/149,Uncommon,SUM
Knirfish,48/149,Rare,SUM
Lampi,49/149,Common,SUM
Lanturn,50/149,Rare,SUM
Akkup,51/149,Uncommon,SUM
Donarion,52/149,Rare Holo,SUM
Togedemaru,53/149,Common,SUM
Zubat,54/149,Common,SUM
Golbat,55/149,Uncommon,SUM
Iksbat,56/149,Rare Holo,SUM
Alola-Sleima,57/149,Common,SUM
Alola-Sleimok,58/149,Rare Holo,SUM
Traumato,59/149,Common,SUM
Hypno,60/149,Uncommon,SUM
Psiana GX,61/149,Rare Holo GX,SUM
Garstella,62/149,Common,SUM
Aggrostella,63/149,Rare Holo,SUM
Cosmog,64/149,Common,SUM
Cosmovum,65/149,Rare,SUM
Lunala GX,66/149,Rare Holo GX,SUM
Makuhita,67/149,Common,SUM
Hariyama,68/149,Rare,SUM
Kiesling,69/149,Common,SUM
Sedimantur,70/149,Uncommon,SUM
Brockoloss,71/149,Rare Holo,SUM
Krabbox,72/149,Common,SUM
Quartermak,73/149,Uncommon,SUM
Sankabuh,74/149,Common,SUM
Colossand,75/149,Rare,SUM
Alola-Rattfratz,76/149,Common,SUM
Alola-Rattikarl,77/149,Uncommon,SUM
Alola-Mauzi,78/149,Common,SUM
Alola-Snobilikat,79/149,Uncommon,SUM
Nachtara GX,80/149,Rare Holo GX,SUM
Kanivanha,81/149,Common,SUM
Tohaido,82/149,Rare Holo,SUM
Ganovil,83/149,Common,SUM
Rokkaiman,84/149,Uncommon,SUM
Rabigator,85/149,Rare Holo,SUM
Alola-Digda,86/149,Common,SUM
Alola-Digdri,87/149,Rare Holo,SUM
Panzaeron,88/149,Common,SUM
Solgaleo GX,89/149,Rare Holo GX,SUM
Snubbull,90/149,Common,SUM
Granbull,91/149,Uncommon,SUM
Wommel,92/149,Common,SUM
Bandelby,93/149,Rare Holo,SUM
Dratini,94/149,Common,SUM
Dragonir,95/149,Uncommon,SUM
Dragoran,96/149,Rare Holo,SUM
Habitak,97/149,Common,SUM
Ibitak,98/149,Common,SUM
Kangama,99/149,Rare Holo,SUM
Tauros GX,100/149,Rare Holo GX,SUM
Evoli,101/149,Common,SUM
Evoli,101a/149,Common,SUM
Pandir,102/149,Uncommon,SUM
Yorkleff,103/149,Common,SUM
Terribark,104/149,Uncommon,SUM
Bissbark,105/149,Rare,SUM
Peppeck,106/149,Common,SUM
Trompeck,107/149,Uncommon,SUM
Tukanon,108/149,Rare,SUM
Mangunior,109/149,Common,SUM
Manguspektor GX,110/149,Rare Holo GX,SUM
Velursi,111/149,Common,SUM
Kosturso,112/149,Rare,SUM
Kommandutan,113/149,Rare Holo,SUM
Maxi-Malasada,114/149,Uncommon,SUM
Schmetterhammer,115/149,Uncommon,SUM
Energie-Zugewinn,116/149,Uncommon,SUM
Energie-Umschalter,117/149,Uncommon,SUM
EP-Teiler,118/149,Uncommon,SUM
Superball,119/149,Uncommon,SUM
Tali,120/149,Uncommon,SUM
Elima,121/149,Uncommon,SUM
Lilly,122/149,Uncommon,SUM
Nestball,123/149,Uncommon,SUM
Giftstich,124/149,Uncommon,SUM
Pokéball,125/149,Uncommon,SUM
Pokémon-Fänger,126/149,Uncommon,SUM
Trank,127/149,Uncommon,SUM
Prof. Kukui,128/149,Uncommon,SUM
Sonderbonbon,129/149,Uncommon,SUM
Schutz,130/149,Uncommon,SUM
Rotom-Pokédex,131/149,Uncommon,SUM
Tausch,132/149,Uncommon,SUM
Team Skull-Rüpel,133/149,Uncommon,SUM
Timerball,134/149,Uncommon,SUM
Hyperball,135/149,Uncommon,SUM
Doppel-Farblos-Energie,136/149,Uncommon,SUM
Regenbogen-Energie,137/149,Uncommon,SUM
Mantidea GX,138/149,Rare Ultra,SUM
Lapras GX,139/149,Rare Ultra,SUM
Psiana GX,140/149,Rare Ultra,SUM
Lunala GX,141/149,Rare Ultra,SUM
Nachtara GX,142/149,Rare Ultra,SUM
Solgaleo GX,143/149,Rare Ultra,SUM
Tauros GX,144/149,Rare Ultra,SUM
Manguspektor GX,145/149,Rare Ultra,SUM
Elima,146/149,Rare Ultra,SUM
Lilly,147/149,Rare Ultra,SUM
Prof. Kukui,148/149,Rare Ultra,SUM
Team Skull-Rüpel,149/149,Rare Ultra,SUM
Mantidea GX,150/149,Rare Rainbow,SUM
Lapras GX,151/149,Rare Rainbow,SUM
Psiana GX,152/149,Rare Rainbow,SUM
Lunala GX,153/149,Rare Rainbow,SUM
Nachtara GX,154/149,Rare Rainbow,SUM
Solgaleo GX,155/149,Rare Rainbow,SUM
Tauros GX,156/149,Rare Rainbow,SUM
Manguspektor GX,157/149,Rare Rainbow,SUM
Nestball,158/149,Rare Secret,SUM
Rotom-Pokédex,159/149,Rare Secret,SUM
Tausch,160/149,Rare Secret,SUM
Hyperball,161/149,Rare Secret,SUM
Psycho-Energie,162/149,Rare Secret,SUM
Metall-Energie,163/149,Rare Secret,SUM
Pflanzen-Energie,164/149,Common,SUM
Feuer-Energie,165/149,Common,SUM
Wasser-Energie,166/149,Common,SUM
Elektro-Energie,167/149,Common,SUM
Psycho-Energie,168/149,Common,SUM
Kampf-Energie,169/149,Common,SUM
Finsternis-Energie,170/149,Common,SUM
Metall-Energie,171/149,Common,SUM
Feen-Energie,172/149,Common,SUM
Celebi & Bisaflor GX,1/181,Rare Holo GX,TEU
Hornliu,2/181,Common,TEU
Hornliu,3/181,Common,TEU
Kokuna,4/181,Uncommon,TEU
Bibor,5/181,Rare,TEU
Paras,6/181,Common,TEU
Parasek,7/181,Rare,TEU
Owei,8/181,Common,TEU
Pinsir,9/181,Rare,TEU
Shaymin ◇,10/181,Rare Prism Star,TEU
Glumanda,11/181,Common,TEU
Glumanda,12/181,Common,TEU
Glutexo,13/181,Uncommon,TEU
Glurak,14/181,Rare,TEU
Vulpix,15/181,Common,TEU
Vulnona,16/181,Rare,TEU
Ponita,17/181,Common,TEU
Gallopa,18/181,Uncommon,TEU
Lavados,19/181,Rare Holo,TEU
Flamiau,20/181,Common,TEU
Miezunder,21/181,Uncommon,TEU
Schiggy,22/181,Common,TEU
Schiggy,23/181,Common,TEU
Schillok,24/181,Uncommon,TEU
Turtok,25/181,Rare,TEU
Enton,26/181,Common,TEU
Entoron,27/181,Uncommon,TEU
Sterndu,28/181,Common,TEU
Karpador,29/181,Common,TEU
Garados,30/181,Rare Holo,TEU
Lapras,31/181,Rare,TEU
Arktos,32/181,Rare Holo,TEU
Pikachu & Zekrom GX,33/181,Rare Holo GX,TEU
Alola-Kleinstein,34/181,Common,TEU
Alola-Kleinstein,35/181,Common,TEU
Alola-Georok,36/181,Uncommon,TEU
Alola-Geowaz,37/181,Rare,TEU
Voltobal,38/181,Common,TEU
Lektrobal,39/181,Rare Holo,TEU
Zapdos,40/181,Rare Holo,TEU
Voltilamm,41/181,Common,TEU
Waaty,42/181,Uncommon,TEU
Ampharos GX,43/181,Rare Holo GX,TEU
Elezeba,44/181,Common,TEU
Zebritz,45/181,Rare,TEU
Emolga,46/181,Common,TEU
Wattzapf,47/181,Common,TEU
Voltula,48/181,Rare,TEU
Eguana,49/181,Common,TEU
Elezard,50/181,Uncommon,TEU
Kapu-Riki ◇,51/181,Rare Prism Star,TEU
Zeraora,52/181,Rare Holo,TEU
Gengar & Mimigma GX,53/181,Rare Holo GX,TEU
Nidoran♀,54/181,Common,TEU
Nidorina,55/181,Uncommon,TEU
Nidoqueen,56/181,Rare,TEU
Nidoran♂,57/181,Common,TEU
Nidorino,58/181,Uncommon,TEU
Nidoking,59/181,Rare,TEU
Tentacha,60/181,Common,TEU
Tentoxa,61/181,Uncommon,TEU
Sleima,62/181,Common,TEU
Sleimok,63/181,Rare,TEU
Alola-Knogga,64/181,Rare,TEU
Starmie,65/181,Rare,TEU
Pantimos,66/181,Rare,TEU
Pantimos GX,67/181,Rare Holo GX,TEU
Rossana,68/181,Uncommon,TEU
Cosmog,69/181,Common,TEU
Cosmovum,70/181,Uncommon,TEU
Menki,71/181,Common,TEU
Rasaff,72/181,Rare,TEU
Kicklee,73/181,Uncommon,TEU
Nockchan,74/181,Uncommon,TEU
Amonitas,75/181,Uncommon,TEU
Amoroso,76/181,Rare Holo,TEU
Kabuto,77/181,Uncommon,TEU
Kabutops,78/181,Rare,TEU
Larvitar,79/181,Common,TEU
Pupitar,80/181,Uncommon,TEU
Pam-Pam,81/181,Common,TEU
Wolwerock GX,82/181,Rare Holo GX,TEU
Alola-Sleima,83/181,Common,TEU
Alola-Sleimok,84/181,Rare,TEU
Despotar,85/181,Rare Holo,TEU
Fiffyen,86/181,Common,TEU
Magnayen,87/181,Rare,TEU
Absol,88/181,Rare Holo,TEU
Kryppuk,89/181,Uncommon,TEU
Zorua,90/181,Common,TEU
Zoroark,91/181,Rare Holo,TEU
Skallyk,92/181,Common,TEU
Grypheldis,93/181,Rare,TEU
Pandagro,94/181,Rare,TEU
Yveltal,95/181,Rare Holo,TEU
Hoopa GX,96/181,Rare Holo GX,TEU
Fuegro GX,97/181,Rare Holo GX,TEU
Panzaeron,98/181,Rare,TEU
Jirachi,99/181,Rare Holo,TEU
Bronzel,100/181,Common,TEU
Bronzong,101/181,Rare,TEU
Kastadur,102/181,Common,TEU
Tentantel,103/181,Rare,TEU
Gladiantri,104/181,Common,TEU
Caesurio,105/181,Rare,TEU
Kobalium GX,106/181,Rare Holo GX,TEU
Gramokles,107/181,Common,TEU
Duokles,108/181,Uncommon,TEU
Durengard,109/181,Rare Holo,TEU
Clavion,110/181,Common,TEU
Alola Vulnona,111/181,Rare Holo,TEU
Mimigma,112/181,Rare,TEU
Latias & Latios GX,113/181,Rare Holo GX,TEU
Alola-Kokowei,114/181,Rare,TEU
Alola-Kokowei,115/181,Rare,TEU
Dratini,116/181,Common,TEU
Dratini,117/181,Common,TEU
Dragonir,118/181,Uncommon,TEU
Dragoran,119/181,Rare Holo,TEU
Evoli & Relaxo GX,120/181,Rare Holo GX,TEU
Taubsi,121/181,Common,TEU
Taubsi,122/181,Common,TEU
Tauboga,123/181,Common,TEU
Tauboss,124/181,Rare,TEU
Mauzi,125/181,Common,TEU
Snobilikat,126/181,Uncommon,TEU
Porenta,127/181,Uncommon,TEU
Kangama,128/181,Uncommon,TEU
Tauros,129/181,Uncommon,TEU
Aerodactyl,130/181,Rare,TEU
Lugia,131/181,Rare Holo,TEU
Sengo,132/181,Rare Holo,TEU
Bills Analyse,133/181,Rare Holo,TEU
Schwarzmarkt ◇,134/181,Rare Prism Star,TEU
Rockos Durchhaltevermögen,135/181,Uncommon,TEU
Dicke Polster,136/181,Uncommon,TEU
Journée,137/181,Uncommon,TEU
Gefährlicher Bohrer,138/181,Uncommon,TEU
Elektro-Ladegerät,139/181,Uncommon,TEU
Erikas Gastfreundschaft,140/181,Rare Holo,TEU
Soir,141/181,Uncommon,TEU
Feenschmuck UB,142/181,Uncommon,TEU
Pflanzen-Disc,143/181,Uncommon,TEU
Hin & Her,144/181,Uncommon,TEU
Jasmin,145/181,Uncommon,TEU
Richterpfeife,146/181,Uncommon,TEU
Lavandia,147/181,Uncommon,TEU
Metall-Schutzbrille,148/181,Uncommon,TEU
Matin,149/181,Uncommon,TEU
Yasu,150/181,Uncommon,TEU
Nuit,151/181,Uncommon,TEU
Pokémon-Kommunikation,152/181,Uncommon,TEU
Pokémon Communication,152a/181,Uncommon,TEU
Pokémon Communication,152b/181,Uncommon,TEU
Rücksendeetikett,153/181,Uncommon,TEU
Sabrinas Vorschlag,154/181,Uncommon,TEU
Unbekanntes Fossil,155/181,Uncommon,TEU
Vertania-Wald,156/181,Uncommon,TEU
Wasser-Disc,157/181,Uncommon,TEU
Wundersames Labyrinth ◇,158/181,Rare Prism Star,TEU
Celebi & Bisaflor GX,159/181,Rare Ultra,TEU
Karpador & Wailord GX,160/181,Rare Ultra,TEU
Karpador & Wailord GX,161/181,Rare Ultra,TEU
Pikachu & Zekrom GX,162/181,Rare Ultra,TEU
Ampharos GX,163/181,Rare Ultra,TEU
Gengar & Mimigma GX,164/181,Rare Ultra,TEU
Gengar & Mimigma GX,165/181,Rare Ultra,TEU
Hoopa GX,166/181,Rare Ultra,TEU
Fuegro GX,167/181,Rare Ultra,TEU
Kobalium GX,168/181,Rare Ultra,TEU
Latias & Latios GX,169/181,Rare Ultra,TEU
Latias & Latios GX,170/181,Rare Ultra,TEU
Evoli & Relaxo GX,171/181,Rare Ultra,TEU
Rockos Durchhaltevermögen,172/181,Rare Ultra,TEU
Journée,173/181,Rare Ultra,TEU
Erikas Gastfreundschaft,174/181,Rare Ultra,TEU
Soir,175/181,Rare Ultra,TEU
Hin & Her,176/181,Rare Ultra,TEU
Jasmin,177/181,Rare Ultra,TEU
Matin,178/181,Rare Ultra,TEU
Yasu,179/181,Rare Ultra,TEU
Nuit,180/181,Rare Ultra,TEU
Sabrinas Vorschlag,181/181,Rare Ultra,TEU
Celebi & Bisaflor GX,182/181,Rare Rainbow,TEU
Karpador & Wailord GX,183/181,Rare Rainbow,TEU
Pikachu & Zekrom GX,184/181,Rare Rainbow,TEU
Ampharos GX,185/181,Rare Rainbow,TEU
Gengar & Mimigma GX,186/181,Rare Rainbow,TEU
Hoopa GX,187/181,Rare Rainbow,TEU
Fuegro GX,188/181,Rare Rainbow,TEU
Kobalium GX,189/181,Rare Rainbow,TEU
Latias & Latios GX,190/181,Rare Rainbow,TEU
Evoli & Relaxo GX,191/181,Rare Rainbow,TEU
Gefährlicher Bohrer,192/181,Rare Secret,TEU
Elektro-Ladegerät,193/181,Rare Secret,TEU
Richterpfeife,194/181,Rare Secret,TEU
Metall-Schutzbrille,195/181,Rare Secret,TEU
Pokémon-Kommunikation,196/181,Rare Secret,TEU
Owei,1/156,Common,UPR
Yanma,2/156,Common,UPR
Yanmega,3/156,Uncommon,UPR
Roselia,4/156,Common,UPR
Roserade,5/156,Rare,UPR
Chelast,6/156,Common,UPR
Chelast,7/156,Common,UPR
Chelcarain,8/156,Uncommon,UPR
Chelterrar,9/156,Rare Holo,UPR
Kikugi,10/156,Common,UPR
Kinoso,11/156,Uncommon,UPR
Venuflibis,12/156,Common,UPR
Folipurba GX,13/156,Rare Holo GX,UPR
Schneid-Rotom,14/156,Rare,UPR
Shaymin,15/156,Rare Holo,UPR
Araqua,16/156,Common,UPR
Aranestro,17/156,Rare,UPR
Magmar,18/156,Common,UPR
Magbrant,19/156,Rare Holo,UPR
Panflam,20/156,Common,UPR
Panflam,21/156,Common,UPR
Panpyro,22/156,Uncommon,UPR
Panferno,23/156,Rare Holo,UPR
Hitze-Rotom,24/156,Rare,UPR
Molunk,25/156,Common,UPR
Amfira,26/156,Rare,UPR
Tortunator,27/156,Uncommon,UPR
Alola-Sandan,28/156,Common,UPR
Alola-Sandamer,29/156,Rare,UPR
Alola Vulpix,30/156,Common,UPR
Plinfa,31/156,Common,UPR
Plinfa,32/156,Common,UPR
Pliprin,33/156,Uncommon,UPR
Impoleon,34/156,Rare,UPR
Bamelin,35/156,Common,UPR
Bojelin,36/156,Uncommon,UPR
Shnebedeck,37/156,Common,UPR
Rexblisar,38/156,Rare,UPR
Glaziola GX,39/156,Rare Holo GX,UPR
Wasch-Rotom,40/156,Rare,UPR
Frost-Rotom,41/156,Rare,UPR
Manaphy,42/156,Uncommon,UPR
Elektek,43/156,Common,UPR
Elevoltek,44/156,Rare,UPR
Sheinux,45/156,Common,UPR
Sheinux,46/156,Common,UPR
Luxio,47/156,Uncommon,UPR
Luxtra,48/156,Rare Holo,UPR
Pachirisu,49/156,Common,UPR
Rotom,50/156,Uncommon,UPR
Driftlon,51/156,Common,UPR
Drifzepeli,52/156,Uncommon,UPR
Kryppuk,53/156,Uncommon,UPR
Pionskora,54/156,Common,UPR
Piondragi,55/156,Rare,UPR
Glibunkel,56/156,Common,UPR
Toxiquak,57/156,Rare,UPR
Giratina ◇,58/156,Rare Prism Star,UPR
Cresselia,59/156,Rare Holo,UPR
Cosmog,60/156,Common,UPR
Cosmovum,61/156,Uncommon,UPR
Lunala ◇,62/156,Rare Prism Star,UPR
Morgenschwingen-Necrozma GX,63/156,Rare Holo GX,UPR
Koknodon,64/156,Uncommon,UPR
Rameidon,65/156,Rare Holo,UPR
Riolu,66/156,Common,UPR
Lucario,67/156,Rare Holo,UPR
Hippopotas,68/156,Common,UPR
Hippoterus,69/156,Rare,UPR
Quartermak,70/156,Common,UPR
Kramurx,71/156,Common,UPR
Kramshef,72/156,Uncommon,UPR
Sniebel,73/156,Common,UPR
Snibunna,74/156,Rare Holo,UPR
Skunkapuh,75/156,Common,UPR
Skuntank,76/156,Uncommon,UPR
Darkrai ◇,77/156,Rare Prism Star,UPR
Alola-Digda,78/156,Common,UPR
Alola-Digdri,79/156,Uncommon,UPR
Magnetilo,80/156,Common,UPR
Magnetilo,81/156,Common,UPR
Magneton,82/156,Uncommon,UPR
Magnezone,83/156,Rare Holo,UPR
Schilterus,84/156,Uncommon,UPR
Bollterus,85/156,Rare Holo,UPR
Bronzel,86/156,Common,UPR
Bronzong,87/156,Uncommon,UPR
Heatran,88/156,Rare Holo,UPR
Solgaleo ◇,89/156,Rare Prism Star,UPR
Abendmähne-Necrozma GX,90/156,Rare Holo GX,UPR
Magearna,91/156,Rare,UPR
Bubungus,92/156,Common,UPR
Lamellux,93/156,Rare,UPR
Kapu-Fala,94/156,Rare,UPR
Alola-Kokowei,95/156,Rare,UPR
Kaumalat,96/156,Common,UPR
Kaumalat,97/156,Common,UPR
Knarksel,98/156,Uncommon,UPR
Knakrack,99/156,Rare,UPR
Dialga GX,100/156,Rare Holo GX,UPR
Palkia GX,101/156,Rare Holo GX,UPR
Schlurp,102/156,Common,UPR
Schlurplek,103/156,Rare,UPR
Evoli,104/156,Common,UPR
Evoli,105/156,Common,UPR
Haspiror,106/156,Common,UPR
Schlapor,107/156,Uncommon,UPR
Charmian,108/156,Common,UPR
Shnurgarst,109/156,Uncommon,UPR
Wirbel-Rotom,110/156,Rare,UPR
Shaymin,111/156,Rare,UPR
Mangunior,112/156,Common,UPR
Manguspektor,113/156,Uncommon,UPR
Kommandutan,114/156,Uncommon,UPR
Typ:Null,115/156,Rare,UPR
Amigento GX,116/156,Rare Holo GX,UPR
Sen-Long,117/156,Rare Holo,UPR
Ewiger Kristall,118/156,Uncommon,UPR
Cynthia,119/156,Uncommon,UPR
Cynthia,119a/156,Uncommon,UPR
Zyrus ◇,120/156,Rare Prism Star,UPR
Elektro-Disc,121/156,Uncommon,UPR
Fluchtboard,122/156,Uncommon,UPR
Escape Board,122a/156,Uncommon,UPR
Feuer-Disc,123/156,Uncommon,UPR
Silvana,124/156,Uncommon,UPR
Lilly,125/156,Uncommon,UPR
Lillie,125a/156,Uncommon,UPR
LeBelle,126/156,Uncommon,UPR
LeBelle-Pfeife,127/156,Uncommon,UPR
Mars,128/156,Uncommon,UPR
Fehlendes Kleeblatt,129/156,Uncommon,UPR
Kraterberg,130/156,Uncommon,UPR
Bestellpad,131/156,Uncommon,UPR
Adressbuch,132/156,Uncommon,UPR
Pokémon Fan Club,133/156,Uncommon,UPR
Unbekanntes Fossil,134/156,Uncommon,UPR
Volkner,135/156,Uncommon,UPR
Volkner,135a/156,Uncommon,UPR
Super-Antriebs-Energie ◇,136/156,Rare Prism Star,UPR
Aggregat-Energie GrassFireWater,137/156,Uncommon,UPR
Aggregat-Energie LightningPsychicMetal,138/156,Uncommon,UPR
Folipurba GX,139/156,Rare Ultra,UPR
Schabelle GX,140/156,Rare Ultra,UPR
Glaziola GX,141/156,Rare Ultra,UPR
Voltriant GX,142/156,Rare Ultra,UPR
Morgenschwingen-Necrozma GX,143/156,Rare Ultra,UPR
Kaguron GX,144/156,Rare Ultra,UPR
Abendmähne-Necrozma GX,145/156,Rare Ultra,UPR
Dialga GX,146/156,Rare Ultra,UPR
Palkia GX,147/156,Rare Ultra,UPR
Cynthia,148/156,Rare Ultra,UPR
Silvana,149/156,Rare Ultra,UPR
Tracy,150/156,Rare Ultra,UPR
Lilly,151/156,Rare Ultra,UPR
LeBelle,152/156,Rare Ultra,UPR
Samantha,153/156,Rare Ultra,UPR
Samantha,153a/156,Rare Ultra,UPR
Mars,154/156,Rare Ultra,UPR
Pokémon Fan Club,155/156,Rare Ultra,UPR
Volkner,156/156,Rare Ultra,UPR
Folipurba GX,157/156,Rare Rainbow,UPR
Schabelle GX,158/156,Rare Rainbow,UPR
Glaziola GX,159/156,Rare Rainbow,UPR
Voltriant GX,160/156,Rare Rainbow,UPR
Morgenschwingen-Necrozma GX,161/156,Rare Rainbow,UPR
Kaguron GX,162/156,Rare Rainbow,UPR
Abendmähne-Necrozma GX,163/156,Rare Rainbow,UPR
Dialga GX,164/156,Rare Rainbow,UPR
Palkia GX,165/156,Rare Rainbow,UPR
Schmetterhammer,166/156,Rare Secret,UPR
Fluchtboard,167/156,Rare Secret,UPR
Fehlendes Kleeblatt,168/156,Rare Secret,UPR
Rote Späher-Karte,169/156,Rare Secret,UPR
Aggregat-Energie GrassFireWater,170/156,Rare Secret,UPR
Aggregat-Energie LightningPsychicMetal,171/156,Rare Secret,UPR
Lunala GX,172/156,Rare Secret,UPR
Solgaleo GX,173/156,Rare Secret,UPR
Schabelle & Masskito GX,1/214,Rare Holo GX,UNB
Raupy,2/214,Common,UNB
Safcon,3/214,Uncommon,UNB
Smettbo,4/214,Rare,UNB
Myrapla,5/214,Common,UNB
Myrapla,6/214,Common,UNB
Duflor,7/214,Uncommon,UNB
Giflor,8/214,Rare Holo,UNB
Bluzuk,9/214,Common,UNB
Bluzuk,10/214,Common,UNB
Omot,11/214,Rare,UNB
Omot GX,12/214,Rare Holo GX,UNB
Knofensa,13/214,Common,UNB
Ultrigaria,14/214,Uncommon,UNB
Sarzenia,15/214,Rare,UNB
Tangela,16/214,Common,UNB
Tangoloss,17/214,Rare,UNB
Mabula,18/214,Common,UNB
Katagami,19/214,Rare Holo,UNB
Reshiram & Glurak GX,20/214,Rare Holo GX,UNB
Fukano,21/214,Common,UNB
Arkani,22/214,Rare Holo,UNB
Flampion,23/214,Common,UNB
Flampivian,24/214,Rare,UNB
Volcanion,25/214,Rare Holo,UNB
Flamiau,26/214,Common,UNB
Flamiau,27/214,Common,UNB
Miezunder,28/214,Uncommon,UNB
Fuegro,29/214,Rare,UNB
Molunk,30/214,Common,UNB
Amfira,31/214,Rare,UNB
Kopplosio,32/214,Rare,UNB
Schiggy,33/214,Common,UNB
Schillok,34/214,Uncommon,UNB
Turtok GX,35/214,Rare Holo GX,UNB
Quapsel,36/214,Common,UNB
Quapsel,37/214,Common,UNB
Quaputzi,38/214,Uncommon,UNB
Quappo,39/214,Rare,UNB
Tentacha,40/214,Common,UNB
Tentoxa,41/214,Uncommon,UNB
Flegmon,42/214,Common,UNB
Lahmus,43/214,Rare Holo,UNB
Jurob,44/214,Common,UNB
Jugong,45/214,Rare,UNB
Krabby,46/214,Common,UNB
Kingler,47/214,Rare,UNB
Goldini,48/214,Common,UNB
Golking,49/214,Rare,UNB
Kyurem,50/214,Rare Holo,UNB
Froxy,51/214,Common,UNB
Amphizel,52/214,Uncommon,UNB
Gufa,53/214,Uncommon,UNB
Pikachu,54/214,Common,UNB
Raichu,55/214,Rare,UNB
Flunschlik,56/214,Rare,UNB
Dedenne GX,57/214,Rare Holo GX,UNB
Akkup,58/214,Uncommon,UNB
Donarion,59/214,Rare Holo,UNB
Zeraora,60/214,Rare,UNB
Sleimok & Alola-Sleimok GX,61/214,Rare Holo GX,UNB
Rettan,62/214,Common,UNB
Arbok,63/214,Rare,UNB
Zubat,64/214,Common,UNB
Golbat,65/214,Uncommon,UNB
Iksbat,66/214,Rare Holo,UNB
Nebulak,67/214,Common,UNB
Nebulak,68/214,Common,UNB
Alpollo,69/214,Uncommon,UNB
Gengar,70/214,Rare,UNB
Traumato,71/214,Common,UNB
Hypno,72/214,Rare,UNB
Smogon,73/214,Common,UNB
Smogmog,74/214,Rare,UNB
Mewtu,75/214,Rare,UNB
Mew,76/214,Rare Holo,UNB
Traunfugil,77/214,Common,UNB
Traunmagil,78/214,Rare,UNB
Psiau,79/214,Common,UNB
Psiaugon,80/214,Rare,UNB
Marshadow,81/214,Rare Holo,UNB
Marshadow & Machomei GX,82/214,Rare Holo GX,UNB
Sandan,83/214,Common,UNB
Sandamer,84/214,Rare,UNB
Digda,85/214,Common,UNB
Digdri,86/214,Rare,UNB
Kleinstein,87/214,Common,UNB
Georok,88/214,Uncommon,UNB
Geowaz,89/214,Rare Holo,UNB
Tragosso,90/214,Common,UNB
Knogga,91/214,Rare,UNB
Rihorn,92/214,Common,UNB
Rihorn,93/214,Common,UNB
Rizeros,94/214,Uncommon,UNB
Rihornior,95/214,Rare,UNB
Felino,96/214,Common,UNB
Morlord,97/214,Rare,UNB
Skorgla,98/214,Common,UNB
Skorgro,99/214,Uncommon,UNB
Rabauz,100/214,Uncommon,UNB
Kapoera,101/214,Uncommon,UNB
Riolu,102/214,Common,UNB
Demeteros,103/214,Rare Holo,UNB
Krabbox,104/214,Common,UNB
Krawell,105/214,Rare,UNB
Muramura,106/214,Rare Holo,UNB
Quajutsu & Zoroark GX,107/214,Rare Holo GX,UNB
Kramurx,108/214,Common,UNB
Kramshef GX,109/214,Rare Holo GX,UNB
Kanivanha,110/214,Common,UNB
Tohaido,111/214,Rare,UNB
Kryppuk,112/214,Rare Holo,UNB
Ganovil,113/214,Common,UNB
Ganovil,114/214,Common,UNB
Rokkaiman,115/214,Uncommon,UNB
Rabigator,116/214,Rare,UNB
Quajutsu,117/214,Rare Holo,UNB
Iscalar,118/214,Common,UNB
Calamanero,119/214,Rare Holo,UNB
Lucario & Melmetal GX,120/214,Rare Holo GX,UNB
Alola-Digda,121/214,Common,UNB
Alola-Digdri,122/214,Rare,UNB
Stollunior,123/214,Common,UNB
Stollrak,124/214,Uncommon,UNB
Stolloss,125/214,Rare,UNB
Lucario,126/214,Rare Holo,UNB
Genesect,127/214,Rare,UNB
Meltan,128/214,Common,UNB
Melmetal,129/214,Rare Holo,UNB
Guardevoir & Feelinara GX,130/214,Rare Holo GX,UNB
Pii,131/214,Uncommon,UNB
Piepi,132/214,Common,UNB
Pixi,133/214,Rare,UNB
Pummeluff,134/214,Common,UNB
Knuddeluff,135/214,Rare,UNB
Togepi,136/214,Common,UNB
Togetic,137/214,Uncommon,UNB
Togekiss,138/214,Rare Holo,UNB
Waumboll,139/214,Common,UNB
Elfun GX,140/214,Rare Holo GX,UNB
Parfi,141/214,Common,UNB
Parfinesse,142/214,Rare,UNB
Rattfratz,143/214,Common,UNB
Rattikarl,144/214,Uncommon,UNB
Habitak,145/214,Common,UNB
Ibitak,146/214,Uncommon,UNB
Mauzi,147/214,Common,UNB
Snobilikat,148/214,Rare,UNB
Snobilikat GX,149/214,Rare Holo GX,UNB
Dodu,150/214,Common,UNB
Dodri,151/214,Uncommon,UNB
Schlurp,152/214,Common,UNB
Schlurplek,153/214,Rare,UNB
Porygon,154/214,Common,UNB
Porygon,155/214,Common,UNB
Porygon2,156/214,Uncommon,UNB
Porygon-Z,157/214,Rare Holo,UNB
Relaxo,158/214,Rare Holo,UNB
Charmian,159/214,Common,UNB
Shnurgarst,160/214,Rare,UNB
Wonneira,161/214,Uncommon,UNB
Plaudagei,162/214,Uncommon,UNB
Kaguron GX,163/214,Rare Holo GX,UNB
Bestienbringer,164/214,Uncommon,UNB
Hackender Eispickel,165/214,Uncommon,UNB
Rückentwicklungsspray Z,166/214,Uncommon,UNB
Finsterstein,167/214,Uncommon,UNB
Staubinsel,168/214,Uncommon,UNB
Elektromagnetisches Radar,169/214,Uncommon,UNB
Energie-Spinner,170/214,Uncommon,UNB
Feenschmuck Fähigkeit,171/214,Uncommon,UNB
Feenschmuck Lightning,172/214,Uncommon,UNB
Feuerkristall,173/214,Uncommon,UNB
Giovannis Exil,174/214,Uncommon,UNB
Grüns Erkundung,175/214,Uncommon,UNB
Janina,176/214,Uncommon,UNB
Kogas Falle,177/214,Uncommon,UNB
Major Bobs Strategie,178/214,Uncommon,UNB
Kampfkunstschule,179/214,Uncommon,UNB
Metallkernbarriere,180/214,Uncommon,UNB
Marlon,181/214,Uncommon,UNB
Pokécom 3.0,182/214,Uncommon,UNB
Pokégear 3.0,182a/214,Uncommon,UNB
Pokégear 3.0,182b/214,Uncommon,UNB
Kraftwerk,183/214,Uncommon,UNB
Rots Herausforderung,184/214,Rare Holo,UNB
Samson Eich,185/214,Uncommon,UNB
Tarnkappe,186/214,Uncommon,UNB
Überraschungskiste,187/214,Uncommon,UNB
Ultrawald Katagami-Ass,188/214,Uncommon,UNB
Schweißer,189/214,Uncommon,UNB
Welder,189a/214,Uncommon,UNB
Dreifach-Beschleunigungs-Energie,190/214,Uncommon,UNB
Schabelle & Masskito GX,191/214,Rare Ultra,UNB
Schabelle & Masskito GX,192/214,Rare Ultra,UNB
Omot GX,193/214,Rare Ultra,UNB
Reshiram & Glurak GX,194/214,Rare Ultra,UNB
Dedenne GX,195/214,Rare Ultra,UNB
Dedenne-GX,195a/214,Rare Ultra,UNB
Sleimok & Alola-Sleimok GX,196/214,Rare Ultra,UNB
Sleimok & Alola-Sleimok GX,197/214,Rare Ultra,UNB
Marshadow & Machomei GX,198/214,Rare Ultra,UNB
Marshadow & Machomei GX,199/214,Rare Ultra,UNB
Quajutsu & Zoroark GX,200/214,Rare Ultra,UNB
Quajutsu & Zoroark GX,201/214,Rare Ultra,UNB
Kramshef GX,202/214,Rare Ultra,UNB
Lucario & Melmetal GX,203/214,Rare Ultra,UNB
Guardevoir & Feelinara GX,204/214,Rare Ultra,UNB
Guardevoir & Feelinara GX,205/214,Rare Ultra,UNB
Elfun GX,206/214,Rare Ultra,UNB
Snobilikat GX,207/214,Rare Ultra,UNB
Kaguron GX,208/214,Rare Ultra,UNB
Grüns Erkundung,209/214,Rare Ultra,UNB
Janina,210/214,Rare Ultra,UNB
Kogas Falle,211/214,Rare Ultra,UNB
Marlon,212/214,Rare Ultra,UNB
Rots Herausforderung,213/214,Rare Ultra,UNB
Schweißer,214/214,Rare Ultra,UNB
Schabelle & Masskito GX,215/214,Rare Rainbow,UNB
Omot GX,216/214,Rare Rainbow,UNB
Reshiram & Glurak GX,217/214,Rare Rainbow,UNB
Turtok GX,218/214,Rare Rainbow,UNB
Dedenne GX,219/214,Rare Rainbow,UNB
Sleimok & Alola-Sleimok GX,220/214,Rare Rainbow,UNB
Marshadow & Machomei GX,221/214,Rare Rainbow,UNB
Quajutsu & Zoroark GX,222/214,Rare Rainbow,UNB
Kramshef GX,223/214,Rare Rainbow,UNB
Lucario & Melmetal GX,224/214,Rare Rainbow,UNB
Guardevoir & Feelinara GX,225/214,Rare Rainbow,UNB
Elfun GX,226/214,Rare Rainbow,UNB
Snobilikat GX,227/214,Rare Rainbow,UNB
Kaguron GX,228/214,Rare Rainbow,UNB
Bestienbringer,229/214,Rare Secret,UNB
Elektromagnetisches Radar,230/214,Rare Secret,UNB
Feuerkristall,231/214,Rare Secret,UNB
Metallkernbarriere,232/214,Rare Secret,UNB
Pokécom 3.0,233/214,Rare Secret,UNB
Dreifach-Beschleunigungs-Energie,234/214,Rare Secret,UNB
Bauz & Alola-Kokowei GX,1/236,Rare Holo GX,UNM
Yanma,2/236,Common,UNM
Yanmega,3/236,Uncommon,UNM
Celebi,4/236,Rare Holo,UNM
Knilz,5/236,Common,UNM
Strawickl,6/236,Common,UNM
Strawickl,7/236,Common,UNM
Folikon,8/236,Uncommon,UNM
Matrifol,9/236,Rare,UNM
Lithomith,10/236,Common,UNM
Castellith,11/236,Rare,UNM
Laukaps,12/236,Common,UNM
Tarnpignon,13/236,Common,UNM
Hutsassa,14/236,Rare,UNM
Imantis,15/236,Common,UNM
Mantidea,16/236,Uncommon,UNM
Frubberl,17/236,Common,UNM
Frubaila,18/236,Uncommon,UNM
Fruyal,19/236,Rare Holo,UNM
Moruda,20/236,Uncommon,UNM
Magmar,21/236,Common,UNM
Magbrant,22/236,Rare,UNM
Camaub,23/236,Common,UNM
Camerupt,24/236,Rare,UNM
Heatran GX,25/236,Rare Holo GX,UNM
Victini,26/236,Rare Holo,UNM
Lichtel,27/236,Common,UNM
Lichtel,28/236,Common,UNM
Laternecto,29/236,Uncommon,UNM
Skelabra,30/236,Rare Holo,UNM
Dartignis,31/236,Common,UNM
Fiaro,32/236,Rare,UNM
Molunk,33/236,Common,UNM
Amfira,34/236,Rare,UNM
Flegmon & Enton GX,35/236,Rare Holo GX,UNM
Lapras,36/236,Uncommon,UNM
Schneppke,37/236,Common,UNM
Frosdedje,38/236,Rare Holo,UNM
Finneon,39/236,Common,UNM
Lumineon,40/236,Uncommon,UNM
Shnebedeck,41/236,Common,UNM
Rexblisar,42/236,Rare,UNM
Barschuft,43/236,Uncommon,UNM
Galapaflos,44/236,Uncommon,UNM
Karippas,45/236,Uncommon,UNM
Frigometri,46/236,Common,UNM
Keldeo GX,47/236,Rare Holo GX,UNM
Araqua,48/236,Common,UNM
Aranestro,49/236,Rare,UNM
Reißlaus,50/236,Common,UNM
Tectass,51/236,Rare Holo,UNM
Gufa,52/236,Uncommon,UNM
Kapu-Kime,53/236,Rare,UNM
Raichu & Alola-Raichu GX,54/236,Rare Holo GX,UNM
Pikachu,55/236,Common,UNM
Pikachu,56/236,Common,UNM
Alola-Raichu,57/236,Rare Holo,UNM
Magnetilo,58/236,Common,UNM
Magneton,59/236,Uncommon,UNM
Magnezone,60/236,Rare Holo,UNM
Wattzapf,61/236,Common,UNM
Voltula,62/236,Rare,UNM
Zapplardin,63/236,Common,UNM
Zapplardin,64/236,Common,UNM
Zapplalek,65/236,Uncommon,UNM
Zapplarang,66/236,Rare Holo,UNM
Flunschlik,67/236,Common,UNM
Voltolos,68/236,Uncommon,UNM
Kapu-Riki,69/236,Rare Holo,UNM
Voltriant,70/236,Rare,UNM
Mewtu & Mew GX,71/236,Rare Holo GX,UNM
Psiana & Deoxys GX,72/236,Rare Holo GX,UNM
Owei,73/236,Common,UNM
Kokowei,74/236,Rare,UNM
Alola-Knogga,75/236,Rare,UNM
Rossana,76/236,Uncommon,UNM
Isso,77/236,Uncommon,UNM
Latios GX,78/236,Rare Holo GX,UNM
Jirachi GX,79/236,Rare Holo GX,UNM
Jirachi GX,79a/236,Rare Ultra,UNM
Driftlon,80/236,Common,UNM
Drifzepeli,81/236,Rare,UNM
Pionskora,82/236,Common,UNM
Selfe,83/236,Rare Holo,UNM
Vesprit,84/236,Uncommon,UNM
Tobutz,85/236,Uncommon,UNM
Giratina,86/236,Rare Holo,UNM
Cresselia,87/236,Uncommon,UNM
Somniam,88/236,Common,UNM
Somnivora,89/236,Uncommon,UNM
Pygraulon,90/236,Uncommon,UNM
Megalon,91/236,Rare,UNM
Gramokles,92/236,Common,UNM
Gramokles,93/236,Common,UNM
Duokles,94/236,Uncommon,UNM
Durengard,95/236,Rare Holo,UNM
Garstella,96/236,Common,UNM
Aggrostella,97/236,Rare,UNM
Molunk,98/236,Common,UNM
Amfira,99/236,Rare,UNM
Cosmog,100/236,Common,UNM
Necrozma,101/236,Rare,UNM
Venicro,102/236,Common,UNM
Onix,103/236,Common,UNM
Stahlos,104/236,Rare,UNM
Tragosso,105/236,Common,UNM
Aerodactyl GX,106/236,Rare Holo GX,UNM
Skaraborn,107/236,Uncommon,UNM
Kapilz,108/236,Uncommon,UNM
Meditie,109/236,Common,UNM
Meditalis,110/236,Rare,UNM
Relicanth,111/236,Uncommon,UNM
Kaumalat,112/236,Common,UNM
Knarksel,113/236,Uncommon,UNM
Knakrack,114/236,Rare Holo,UNM
Riolu,115/236,Common,UNM
Riolu,116/236,Common,UNM
Lucario,117/236,Rare,UNM
Rotomurf,118/236,Common,UNM
Stalobor,119/236,Rare,UNM
Flapteryx,120/236,Uncommon,UNM
Aeropteryx,121/236,Rare,UNM
Terrakium,122/236,Rare Holo,UNM
Meloetta,123/236,Rare,UNM
Zygarde,124/236,Rare,UNM
Nachtara & Darkrai GX,125/236,Rare Holo GX,UNM
Mega-Zobiris & Despotar GX,126/236,Rare Holo GX,UNM
Alola-Sleima,127/236,Common,UNM
Kramurx,128/236,Common,UNM
Kramurx,129/236,Common,UNM
Kramshef,130/236,Rare,UNM
Sniebel,131/236,Common,UNM
Snibunna GX,132/236,Rare Holo GX,UNM
Zobiris,133/236,Uncommon,UNM
Piondragi,134/236,Rare,UNM
Felilou,135/236,Common,UNM
Kleoparda,136/236,Rare,UNM
Zurrokex,137/236,Common,UNM
Irokex,138/236,Rare,UNM
Yveltal,139/236,Rare Holo,UNM
Hoopa,140/236,Rare Holo,UNM
Flunkifer GX,141/236,Rare Holo GX,UNM
Cavalanzas,142/236,Rare,UNM
Waumboll,143/236,Common,UNM
Elfun,144/236,Rare,UNM
Dedenne,145/236,Uncommon,UNM
Knakrack & Giratina GX,146/236,Rare Holo GX,UNM
Dratini,147/236,Common,UNM
Dratini,148/236,Common,UNM
Dragonir,149/236,Uncommon,UNM
Dragonir,150/236,Uncommon,UNM
Dragoran,151/236,Rare,UNM
Dragoran GX,152/236,Rare Holo GX,UNM
Latias,153/236,Rare,UNM
Milza,154/236,Common,UNM
Sharfax,155/236,Uncommon,UNM
Maxax,156/236,Rare Holo,UNM
Shardrago,157/236,Common,UNM
eF-eM,158/236,Common,UNM
UHaFnir,159/236,Rare,UNM
Agoyon GX,160/236,Rare Holo GX,UNM
Schlurp,161/236,Common,UNM
Schlurplek,162/236,Rare,UNM
Kangama,163/236,Rare Holo,UNM
Tauros,164/236,Uncommon,UNM
Hoothoot,165/236,Common,UNM
Noctuh,166/236,Uncommon,UNM
Bummelz,167/236,Common,UNM
Bummelz,168/236,Common,UNM
Muntier,169/236,Uncommon,UNM
Letarking,170/236,Rare Holo,UNM
Bidiza,171/236,Common,UNM
Bidifas,172/236,Uncommon,UNM
Mampfaxo,173/236,Uncommon,UNM
Dusselgurr,174/236,Common,UNM
Navitaub,175/236,Uncommon,UNM
Fasasnob,176/236,Rare,UNM
Ohrdoch,177/236,Uncommon,UNM
Boreos,178/236,Uncommon,UNM
Dartiri,179/236,Common,UNM
Mangunior,180/236,Common,UNM
Manguspektor,181/236,Rare,UNM
Kommandutan,182/236,Uncommon,UNM
Typ:Null,183/236,Uncommon,UNM
Amigento,184/236,Rare Holo,UNM
Koalelu,185/236,Uncommon,UNM
Pyros Quizshow,186/236,Uncommon,UNM
Blizzania,187/236,Uncommon,UNM
Blaus Taktik,188/236,Uncommon,UNM
Käfersammler,189/236,Uncommon,UNM
Exorzistin,190/236,Uncommon,UNM
Jubelball,191/236,Uncommon,UNM
Cherish Ball,191a/236,Uncommon,UNM
Trainercoach,192/236,Uncommon,UNM
Dunkelstadt,193/236,Uncommon,UNM
Ohrenbetäubende Glocke,194/236,Uncommon,UNM
Aerium Z: Luftschnitt,195/236,Uncommon,UNM
Giga-Bombe,196/236,Uncommon,UNM
Riesige Feuerstelle,197/236,Uncommon,UNM
Großartiger Trank,198/236,Uncommon,UNM
Astor,199/236,Uncommon,UNM
Hapu’u,200/236,Uncommon,UNM
Karategürtel,201/236,Uncommon,UNM
Mistys Gunst,202/236,Uncommon,UNM
Normium Z: Tackle,203/236,Uncommon,UNM
Pokémaniac,204/236,Uncommon,UNM
Pokémon-Labor,205/236,Uncommon,UNM
Reset-Stempel,206/236,Uncommon,UNM
Reset Stamp,206a/236,Uncommon,UNM
Schlummerwald,207/236,Uncommon,UNM
Stadion-Navi,208/236,Uncommon,UNM
Team-Wechsel,209/236,Uncommon,UNM
Unbekanntes Fossil,210/236,Uncommon,UNM
Umkehrboard,211/236,Uncommon,UNM
Wiederverwertungsenergie,212/236,Uncommon,UNM
Schwächewächter-Energie,213/236,Uncommon,UNM
Bauz & Alola-Kokowei GX,214/236,Rare Ultra,UNM
Bauz & Alola-Kokowei GX,215/236,Rare Ultra,UNM
Heatran GX,216/236,Rare Ultra,UNM
Flegmon & Enton GX,217/236,Rare Ultra,UNM
Flegmon & Enton GX,218/236,Rare Ultra,UNM
Keldeo GX,219/236,Rare Ultra,UNM
Raichu & Alola-Raichu GX,220/236,Rare Ultra,UNM
Raichu & Alola-Raichu GX,221/236,Rare Ultra,UNM
Mewtu & Mew GX,222/236,Rare Ultra,UNM
Latios GX,223/236,Rare Ultra,UNM
Aerodactyl GX,224/236,Rare Ultra,UNM
Mega-Zobiris & Despotar GX,225/236,Rare Ultra,UNM
Mega-Zobiris & Despotar GX,226/236,Rare Ultra,UNM
Flunkifer GX,227/236,Rare Ultra,UNM
Knakrack & Giratina GX,228/236,Rare Ultra,UNM
Dragoran GX,229/236,Rare Ultra,UNM
Agoyon GX,230/236,Rare Ultra,UNM
Blaus Taktik,231/236,Rare Ultra,UNM
Exorzistin,232/236,Rare Ultra,UNM
Trainercoach,233/236,Rare Ultra,UNM
Astor,234/236,Rare Ultra,UNM
Mistys Gunst,235/236,Rare Ultra,UNM
Pokémaniac,236/236,Rare Ultra,UNM
Bauz & Alola-Kokowei GX,237/236,Rare Rainbow,UNM
Heatran GX,238/236,Rare Rainbow,UNM
Flegmon & Enton GX,239/236,Rare Rainbow,UNM
Keldeo GX,240/236,Rare Rainbow,UNM
Raichu & Alola-Raichu GX,241/236,Rare Rainbow,UNM
Mewtu & Mew GX,242/236,Rare Rainbow,UNM
Latios GX,243/236,Rare Rainbow,UNM
Aerodactyl GX,244/236,Rare Rainbow,UNM
Mega-Zobiris & Despotar GX,245/236,Rare Rainbow,UNM
Flunkifer GX,246/236,Rare Rainbow,UNM
Knakrack & Giratina GX,247/236,Rare Rainbow,UNM
Dragoran GX,248/236,Rare Rainbow,UNM
Agoyon GX,249/236,Rare Rainbow,UNM
Jubelball,250/236,Rare Secret,UNM
Giga-Bombe,251/236,Rare Secret,UNM
Karategürtel,252/236,Rare Secret,UNM
Reset-Stempel,253/236,Rare Secret,UNM
Team-Wechsel,254/236,Rare Secret,UNM
Umkehrboard,255/236,Rare Secret,UNM
Vertania-Wald,256/236,Rare Secret,UNM
Wiederverwertungsenergie,257/236,Rare Secret,UNM
Schwächewächter-Energie,258/236,Rare Secret,UNM
Rexblisar,TG01/30,Trainer Gallery Rare Holo,ASR
Drapfel,TG02/30,Trainer Gallery Rare Holo,ASR
Seedraking,TG03/30,Trainer Gallery Rare Holo,ASR
Mottineva,TG04/30,Trainer Gallery Rare Holo,ASR
Guardevoir,TG05/30,Trainer Gallery Rare Holo,ASR
Damythir,TG06/30,Trainer Gallery Rare Holo,ASR
Legios,TG07/30,Trainer Gallery Rare Holo,ASR
Axantor,TG08/30,Trainer Gallery Rare Holo,ASR
Magnayen,TG09/30,Trainer Gallery Rare Holo,ASR
Galar-Barrikadax,TG10/30,Trainer Gallery Rare Holo,ASR
Bronzong,TG11/30,Trainer Gallery Rare Holo,ASR
Hoothoot,TG12/30,Trainer Gallery Rare Holo,ASR
Starmie V,TG13/30,Rare Holo V,ASR
Schimmelreiter-Coronospa V,TG14/30,Rare Holo V,ASR
Schimmelreiter-Coronospa VMAX,TG15/30,Rare Holo VMAX,ASR
Galar-Arktos V,TG16/30,Rare Holo V,ASR
Rappenreiter-Coronospa V,TG17/30,Rare Holo V,ASR
Rappenreiter-Coronospa VMAX,TG18/30,Rare Holo VMAX,ASR
Galar-Zapdos V,TG19/30,Rare Holo V,ASR
Galar-Lavados V,TG20/30,Rare Holo V,ASR
Zacian V,TG21/30,Rare Holo V,ASR
Zamazenta V,TG22/30,Rare Holo V,ASR
Knakrack V,TG23/30,Rare Holo V,ASR
Nio,TG24/30,Rare Ultra,ASR
Saida,TG25/30,Rare Ultra,ASR
Mel,TG26/30,Rare Ultra,ASR
Yarro,TG27/30,Rare Ultra,ASR
Nezz,TG28/30,Rare Ultra,ASR
Schimmelreiter-Coronospa VMAX,TG29/30,Rare Secret,ASR
Rappenreiter-Coronospa VMAX,TG30/30,Rare Secret,ASR
Bibor V,1/189,Rare Holo V,ASR
Hisui Voltobal,2/189,Common,ASR
Hisui-Lektrobal,3/189,Uncommon,ASR
Sichlor,4/189,Common,ASR
Sichlor,5/189,Common,ASR
Yanma,6/189,Common,ASR
Yanmega,7/189,Uncommon,ASR
Skaraborn,8/189,Common,ASR
Zirpurze,9/189,Common,ASR
Zirpeise,10/189,Uncommon,ASR
Wadribie,11/189,Common,ASR
Honweisel,12/189,Rare,ASR
Folipurba,13/189,Rare,ASR
Shaymin,14/189,Rare,ASR
Lilminip,15/189,Common,ASR
Hisui-Dressella,16/189,Rare Holo,ASR
Hisui-Dressella V,17/189,Rare Holo V,ASR
Hisui-Dressella VSTAR,18/189,Rare Holo VSTAR,ASR
Bauz,19/189,Common,ASR
Arboretoss,20/189,Uncommon,ASR
Ponita,21/189,Common,ASR
Gallopa,22/189,Rare,ASR
Feurigel,23/189,Common,ASR
Igelavar,24/189,Uncommon,ASR
Heatran V,25/189,Rare Holo V,ASR
Heatran VMAX,26/189,Rare Holo VMAX,ASR
Strahlendes Heatran,27/189,Radiant Rare,ASR
Enton,28/189,Common,ASR
Entoron,29/189,Uncommon,ASR
Starmie V,30/189,Rare Holo V,ASR
Quiekel,31/189,Common,ASR
Keifel,32/189,Uncommon,ASR
Mamutel,33/189,Rare,ASR
Mantax,34/189,Common,ASR
Schmerbe,35/189,Common,ASR
Welsar,36/189,Uncommon,ASR
Regice,37/189,Rare,ASR
Glaziola,38/189,Rare,ASR
Ur-Palkia V,39/189,Rare Holo V,ASR
Ur-Palkia VSTAR,40/189,Rare Holo VSTAR,ASR
Ottaro,41/189,Common,ASR
Zwottronin,42/189,Uncommon,ASR
Hisui-Barschuft,43/189,Common,ASR
Hisui-Salmagnis,44/189,Rare,ASR
Keldeo,45/189,Rare Holo,ASR
Strahlendes Quajutsu,46/189,Radiant Rare,ASR
Arktip,47/189,Common,ASR
Hisui-Arktilas,48/189,Rare,ASR
Galar-Pantifrost V,49/189,Rare Holo V,ASR
Luxtra V,50/189,Rare Holo V,ASR
Regieleki,51/189,Rare,ASR
Hisui-Tornupto,52/189,Rare Holo,ASR
Hisui-Tornupto V,53/189,Rare Holo V,ASR
Hisui-Tornupto VSTAR,54/189,Rare Holo VSTAR,ASR
Togepi,55/189,Common,ASR
Togetic,56/189,Uncommon,ASR
Togekiss,57/189,Rare Holo,ASR
Traunfugil,58/189,Common,ASR
Traunmagil,59/189,Rare,ASR
Trasla,60/189,Common,ASR
Kirlia,61/189,Uncommon,ASR
Galagladi,62/189,Rare Holo,ASR
Driftlon,63/189,Common,ASR
Drifzepeli,64/189,Uncommon,ASR
Selfe,65/189,Uncommon,ASR
Vesprit,66/189,Rare Holo,ASR
Tobutz,67/189,Uncommon,ASR
Diancie,68/189,Rare Holo,ASR
Damythir,69/189,Rare Holo,ASR
Hisui-Fukano,70/189,Common,ASR
Hisui-Arkani,71/189,Rare,ASR
Machomei V,72/189,Rare Holo V,ASR
Machomei VMAX,73/189,Rare Holo VMAX,ASR
Mogelbaum,74/189,Common,ASR
Regirock,75/189,Rare,ASR
Koknodon,76/189,Uncommon,ASR
Rameidon,77/189,Rare Holo,ASR
Lucario V,78/189,Rare Holo V,ASR
Hippopotas,79/189,Common,ASR
Hippoterus,80/189,Uncommon,ASR
Strahlendes Resladero,81/189,Radiant Rare,ASR
Hisui-Silvarro,82/189,Rare Holo,ASR
Hisui-Silvarro V,83/189,Rare Holo V,ASR
Hisui-Silvarro VSTAR,84/189,Rare Holo VSTAR,ASR
Axantor,85/189,Rare,ASR
Axantor,86/189,Rare Holo,ASR
Axantor V,87/189,Rare Holo V,ASR
Hisui-Baldorfish,88/189,Common,ASR
Hisui-Baldorfish,89/189,Common,ASR
Hisui-Myriador,90/189,Uncommon,ASR
Hisui-Myriador,91/189,Rare,ASR
Hisui-Sniebel,92/189,Common,ASR
Hisui-Snieboss,93/189,Rare Holo,ASR
Hisui-Snieboss V,94/189,Rare Holo V,ASR
Fiffyen,95/189,Common,ASR
Magnayen,96/189,Rare,ASR
Absol,97/189,Rare Holo,ASR
Darkrai V,98/189,Rare Holo V,ASR
Darkrai VSTAR,99/189,Rare Holo VSTAR,ASR
Hisui-Admurai,100/189,Rare Holo,ASR
Hisui-Admurai V,101/189,Rare Holo V,ASR
Hisui-Admurai VSTAR,102/189,Rare Holo VSTAR,ASR
Kleptifux,103/189,Common,ASR
Gaunux,104/189,Rare,ASR
Magnetilo,105/189,Common,ASR
Magneton,106/189,Uncommon,ASR
Magnezone,107/189,Rare Holo,ASR
Registeel,108/189,Rare,ASR
Schilterus,109/189,Uncommon,ASR
Bollterus,110/189,Rare Holo,ASR
Bronzel,111/189,Common,ASR
Bronzong,112/189,Uncommon,ASR
Ur-Dialga V,113/189,Rare Holo V,ASR
Ur-Dialga VSTAR,114/189,Rare Holo VSTAR,ASR
Gladiantri,115/189,Common,ASR
Caesurio,116/189,Uncommon,ASR
Knakrack V,117/189,Rare Holo V,ASR
Regidrago,118/189,Rare,ASR
Evoli,119/189,Common,ASR
Hoothoot,120/189,Common,ASR
Noctuh,121/189,Uncommon,ASR
Teddiursa,122/189,Common,ASR
Ursaring,123/189,Uncommon,ASR
Ursaluna,124/189,Rare,ASR
Damhirplex,125/189,Common,ASR
Miltank,126/189,Rare Holo,ASR
Charmian,127/189,Common,ASR
Shnurgarst,128/189,Uncommon,ASR
Plaudagei,129/189,Common,ASR
Regigigas,130/189,Rare Holo,ASR
Geronimatz,131/189,Common,ASR
Hisui-Washakwil,132/189,Rare,ASR
Kommandutan V,133/189,Rare Holo V,ASR
Damythir V,134/189,Rare Holo V,ASR
Diam,135/189,Rare Holo,ASR
Neutralisierendes Parfüm,136/189,Uncommon,ASR
Taiso,137/189,Uncommon,ASR
Zelestis,138/189,Uncommon,ASR
Finsterpflaster,139/189,Uncommon,ASR
Energielotterie,140/189,Uncommon,ASR
Federball,141/189,Uncommon,ASR
Großmaulmoor,142/189,Uncommon,ASR
Silvanas Vitalität,143/189,Uncommon,ASR
Lino,144/189,Uncommon,ASR
Mutige Spitzhacke,145/189,Uncommon,ASR
Hisui-Schwerball,146/189,Uncommon,ASR
Perla,147/189,Rare Holo,ASR
Jubeldorf,148/189,Uncommon,ASR
Denboku,149/189,Uncommon,ASR
Felizia,150/189,Uncommon,ASR
Scharfes Gewürzcurry,151/189,Uncommon,ASR
Sehr effektive Brille,152/189,Uncommon,ASR
Honig,153/189,Uncommon,ASR
Tauschwagen,154/189,Uncommon,ASR
Sinnoh-Tempel,155/189,Uncommon,ASR
Trekkingschuhe,156/189,Uncommon,ASR
Unbekanntes Fossil,157/189,Uncommon,ASR
Geduldturbo,158/189,Uncommon,ASR
Belila,159/189,Uncommon,ASR
Bibor V,160/189,Rare Ultra,ASR
Bibor V,161/189,Rare Ultra,ASR
Hisui-Dressella V,162/189,Rare Ultra,ASR
Hisui-Dressella V,163/189,Rare Ultra,ASR
Viridium V,164/189,Rare Ultra,ASR
Heatran V,165/189,Rare Ultra,ASR
Starmie V,166/189,Rare Ultra,ASR
Ur-Palkia V,167/189,Rare Ultra,ASR
Luxtra V,168/189,Rare Ultra,ASR
Hisui-Tornupto V,169/189,Rare Ultra,ASR
Jirachi V,170/189,Rare Ultra,ASR
Machomei V,171/189,Rare Ultra,ASR
Machomei V,172/189,Rare Ultra,ASR
Hisui-Silvarro V,173/189,Rare Ultra,ASR
Hisui-Snieboss V,174/189,Rare Ultra,ASR
Hisui-Snieboss V,175/189,Rare Ultra,ASR
Hisui-Admurai V,176/189,Rare Ultra,ASR
Ur-Dialga V,177/189,Rare Ultra,ASR
Knakrack V,178/189,Rare Ultra,ASR
Kommandutan V,179/189,Rare Ultra,ASR
Damythir V,180/189,Rare Ultra,ASR
Diam,181/189,Rare Ultra,ASR
Taiso,182/189,Rare Ultra,ASR
Zelestis,183/189,Rare Ultra,ASR
Silvanas Vitalität,184/189,Rare Ultra,ASR
Lino,185/189,Rare Ultra,ASR
Perla,186/189,Rare Ultra,ASR
Denboku,187/189,Rare Ultra,ASR
Felizia,188/189,Rare Ultra,ASR
Belila,189/189,Rare Ultra,ASR
Hisui-Dressella VSTAR,190/189,Rare Rainbow,ASR
Heatran VMAX,191/189,Rare Rainbow,ASR
Ur-Palkia VSTAR,192/189,Rare Rainbow,ASR
Hisui-Tornupto VSTAR,193/189,Rare Rainbow,ASR
Machomei VMAX,194/189,Rare Rainbow,ASR
Hisui-Silvarro VSTAR,195/189,Rare Rainbow,ASR
Axantor VSTAR,196/189,Rare Rainbow,ASR
Hisui-Admurai VSTAR,197/189,Rare Rainbow,ASR
Ur-Dialga VSTAR,198/189,Rare Rainbow,ASR
Diam,199/189,Rare Rainbow,ASR
Taiso,200/189,Rare Rainbow,ASR
Zelestis,201/189,Rare Rainbow,ASR
Silvanas Vitalität,202/189,Rare Rainbow,ASR
Lino,203/189,Rare Rainbow,ASR
Perla,204/189,Rare Rainbow,ASR
Denboku,205/189,Rare Rainbow,ASR
Felizia,206/189,Rare Rainbow,ASR
Belila,207/189,Rare Rainbow,ASR
Ur-Palkia VSTAR,208/189,Rare Secret,ASR
Hisui-Admurai VSTAR,209/189,Rare Secret,ASR
Ur-Dialga VSTAR,210/189,Rare Secret,ASR
Wahlgürtel,211/189,Rare Secret,ASR
Jubeldorf,212/189,Rare Secret,ASR
Schneegipfelpfad,213/189,Rare Secret,ASR
Sinnoh-Tempel,214/189,Rare Secret,ASR
Trekkingschuhe,215/189,Rare Secret,ASR
Doppel-Turbo-Energie,216/189,Rare Secret,ASR
Knofensa,1/163,Common,BST
Ultrigaria,2/163,Uncommon,BST
Sarzenia,3/163,Rare,BST
Tuska,4/163,Common,BST
Noktuska,5/163,Uncommon,BST
Zirpeise V,6/163,Rare Holo V,BST
Kikugi,7/163,Common,BST
Kinoso,8/163,Rare Holo,BST
Venuflibis,9/163,Uncommon,BST
Fermicula,10/163,Uncommon,BST
Purmel,11/163,Common,BST
Puponcho,12/163,Uncommon,BST
Vivillon,13/163,Rare,BST
Imantis,14/163,Common,BST
Mantidea,15/163,Rare,BST
Kapu-Toro,16/163,Rare Holo,BST
Sensect,17/163,Common,BST
Drapfel V,18/163,Rare Holo V,BST
Drapfel VMAX,19/163,Rare Holo VMAX,BST
Entei,20/163,Rare Holo,BST
Victini V,21/163,Rare Holo V,BST
Victini VMAX,22/163,Rare Holo VMAX,BST
Floink,23/163,Common,BST
Ferkokel,24/163,Uncommon,BST
Flambirex,25/163,Rare Holo,BST
Furnifraß,26/163,Uncommon,BST
Molunk,27/163,Common,BST
Amfira,28/163,Rare,BST
Thermopod,29/163,Common,BST
Infernopod,30/163,Rare,BST
Seeper,31/163,Common,BST
Seemon,32/163,Uncommon,BST
Seedraking,33/163,Rare Holo,BST
Galar-Pantimos,34/163,Common,BST
Galar-Pantifrost,35/163,Rare,BST
Remoraid,36/163,Common,BST
Octillery,37/163,Rare Holo,BST
Krebscorps,38/163,Common,BST
Krebutack,39/163,Uncommon,BST
Impoleon V,40/163,Rare Holo V,BST
Quabbel,41/163,Common,BST
Apoquallyp,42/163,Rare,BST
Knirfish,43/163,Uncommon,BST
Elektek,44/163,Common,BST
Elevoltek,45/163,Rare,BST
Sheinux,46/163,Common,BST
Luxio,47/163,Uncommon,BST
Luxtra,48/163,Rare Holo,BST
Pachirisu,49/163,Common,BST
Kapu-Riki V,50/163,Rare Holo V,BST
Kapu-Riki VMAX,51/163,Rare Holo VMAX,BST
Voldi,52/163,Common,BST
Bellektro,53/163,Rare,BST
Galar-Flegmon,54/163,Common,BST
Spoink,55/163,Common,BST
Groink,56/163,Uncommon,BST
Puppance,57/163,Common,BST
Lepumentas,58/163,Rare,BST
Palimpalim,59/163,Common,BST
Psiau,60/163,Common,BST
Psiaugon,61/163,Rare Holo,BST
Mimigma V,62/163,Rare Holo V,BST
Necrozma V,63/163,Rare Holo V,BST
Keradar,64/163,Uncommon,BST
Maritellit,65/163,Rare Holo,BST
Menki,66/163,Common,BST
Rasaff,67/163,Rare,BST
Onix,68/163,Common,BST
Tragosso,69/163,Common,BST
Knogga,70/163,Rare,BST
Skorgla,71/163,Common,BST
Skorgro,72/163,Uncommon,BST
Praktibalk,73/163,Common,BST
Strepoli,74/163,Uncommon,BST
Meistagrif,75/163,Rare,BST
Lin-Fu,76/163,Common,BST
Wie-Shu,77/163,Rare,BST
Klonkett,78/163,Common,BST
Wagong,79/163,Uncommon,BST
Montecarbo,80/163,Rare Holo,BST
Salanga,81/163,Common,BST
Sanaconda,82/163,Rare Holo,BST
Legios,83/163,Rare,BST
Humanolith,84/163,Rare,BST
Fokussierter-Angriff-Wulaosu V,85/163,Rare Holo V,BST
Fokussierter-Angriff-Wulaosu VMAX,86/163,Rare Holo VMAX,BST
Fließender-Angriff-Wulaosu V,87/163,Rare Holo V,BST
Fließender-Angriff-Wulaosu VMAX,88/163,Rare Holo VMAX,BST
Zubat,89/163,Common,BST
Golbat,90/163,Uncommon,BST
Iksbat,91/163,Rare Holo,BST
Galar-Lahmus,92/163,Rare,BST
Kramurx,93/163,Common,BST
Kramshef,94/163,Uncommon,BST
Hunduster,95/163,Common,BST
Hundemon,96/163,Rare Holo,BST
Despotar V,97/163,Rare Holo V,BST
Morpeko,98/163,Uncommon,BST
Stahlos,99/163,Rare Holo,BST
Flunkifer,100/163,Common,BST
Bronzel,101/163,Common,BST
Bronzong,102/163,Rare Holo,BST
Gladiantri,103/163,Common,BST
Caesurio,104/163,Uncommon,BST
Gramokles,105/163,Common,BST
Duokles,106/163,Uncommon,BST
Durengard,107/163,Rare Holo,BST
Durengard,108/163,Rare,BST
Krarmor V,109/163,Rare Holo V,BST
Krarmor VMAX,110/163,Rare Holo VMAX,BST
Habitak,111/163,Common,BST
Ibitak,112/163,Uncommon,BST
Schlurp,113/163,Common,BST
Schlurplek,114/163,Rare,BST
Charmian,115/163,Common,BST
Shnurgarst,116/163,Uncommon,BST
Bissbark V,117/163,Rare Holo V,BST
Bisofank,118/163,Uncommon,BST
Sen-Long,119/163,Rare,BST
Servol,120/163,Uncommon,BST
Bruno,121/163,Uncommon,BST
Camping-Set,122/163,Uncommon,BST
Raissa,123/163,Uncommon,BST
Energieaufbereitung,124/163,Uncommon,BST
Fluchtseil,125/163,Uncommon,BST
EP-Teiler,126/163,Uncommon,BST
Wellenfächer,127/163,Uncommon,BST
Connies Fokus,128/163,Uncommon,BST
Levelball,129/163,Uncommon,BST
Antonia,130/163,Uncommon,BST
Fließender-Angriff-Wirbelrolle,131/163,Uncommon,BST
Fließender-Stil-Mastrich,132/163,Uncommon,BST
Fokussierter-Angriff-Spottrolle,133/163,Uncommon,BST
Fokussierter-Stil-Mastrich,134/163,Uncommon,BST
Schwerthold & Schildrich,135/163,Uncommon,BST
Ausrüstungsstörer,136/163,Uncommon,BST
Turm des Unlichts,137/163,Uncommon,BST
Turm des Wassers,138/163,Uncommon,BST
Urne der Vitalität,139/163,Uncommon,BST
Fließender-Angriff-Energie,140/163,Uncommon,BST
Fokussierter-Angriff-Energie,141/163,Uncommon,BST
Zirpeise V,142/163,Rare Ultra,BST
Drapfel V,143/163,Rare Ultra,BST
Victini V,144/163,Rare Ultra,BST
Impoleon V,145/163,Rare Ultra,BST
Impoleon V,146/163,Rare Ultra,BST
Kapu-Riki V,147/163,Rare Ultra,BST
Mimigma V,148/163,Rare Ultra,BST
Necrozma V,149/163,Rare Ultra,BST
Fokussierter-Angriff-Wulaosu V,150/163,Rare Ultra,BST
Fokussierter-Angriff-Wulaosu V,151/163,Rare Ultra,BST
Fließender-Angriff-Wulaosu V,152/163,Rare Ultra,BST
Fließender-Angriff-Wulaosu V,153/163,Rare Ultra,BST
Despotar V,154/163,Rare Ultra,BST
Despotar V,155/163,Rare Ultra,BST
Krarmor V,156/163,Rare Ultra,BST
Bissbark V,157/163,Rare Ultra,BST
Bruno,158/163,Rare Ultra,BST
Raissa,159/163,Rare Ultra,BST
Connies Fokus,160/163,Rare Ultra,BST
Antonia,161/163,Rare Ultra,BST
Fließender-Stil-Mastrich,162/163,Rare Ultra,BST
Fokussierter-Stil-Mastrich,163/163,Rare Ultra,BST
Drapfel VMAX,164/163,Rare Rainbow,BST
Victini VMAX,165/163,Rare Rainbow,BST
Kapu-Riki VMAX,166/163,Rare Rainbow,BST
Fokussierter-Angriff-Wulaosu VMAX,167/163,Rare Rainbow,BST
Fokussierter-Angriff-Wulaosu VMAX,168/163,Rare Rainbow,BST
Fließender-Angriff-Wulaosu VMAX,169/163,Rare Rainbow,BST
Fließender-Angriff-Wulaosu VMAX,170/163,Rare Rainbow,BST
Krarmor VMAX,171/163,Rare Rainbow,BST
Bruno,172/163,Rare Rainbow,BST
Raissa,173/163,Rare Rainbow,BST
Connies Fokus,174/163,Rare Rainbow,BST
Antonia,175/163,Rare Rainbow,BST
Fließender-Stil-Mastrich,176/163,Rare Rainbow,BST
Fokussierter-Stil-Mastrich,177/163,Rare Rainbow,BST
Octillery,178/163,Rare Secret,BST
Hundemon,179/163,Rare Secret,BST
EP-Teiler,180/163,Rare Secret,BST
Levelball,181/163,Rare Secret,BST
Fließender-Angriff-Energie,182/163,Rare Secret,BST
Fokussierter-Angriff-Energie,183/163,Rare Secret,BST
Flamara,TG01/30,Trainer Gallery Rare Holo,BRS
Aquana,TG02/30,Trainer Gallery Rare Holo,BRS
Octillery,TG03/30,Trainer Gallery Rare Holo,BRS
Blitza,TG04/30,Trainer Gallery Rare Holo,BRS
Zekrom,TG05/30,Trainer Gallery Rare Holo,BRS
Zwirrfinst,TG06/30,Trainer Gallery Rare Holo,BRS
Dedenne,TG07/30,Trainer Gallery Rare Holo,BRS
Pokusan,TG08/30,Trainer Gallery Rare Holo,BRS
Ariados,TG09/30,Trainer Gallery Rare Holo,BRS
Hundemon,TG10/30,Trainer Gallery Rare Holo,BRS
Evoli,TG11/30,Trainer Gallery Rare Holo,BRS
Kommandutan,TG12/30,Trainer Gallery Rare Holo,BRS
Bellektro V,TG13/30,Rare Holo V,BRS
Feelinara V,TG14/30,Rare Holo V,BRS
Feelinara VMAX,TG15/30,Rare Holo VMAX,BRS
Mimigma V,TG16/30,Rare Holo V,BRS
Mimigma VMAX,TG17/30,Rare Holo VMAX,BRS
Fokussierter-Angriff-Wulaosu V,TG18/30,Rare Holo V,BRS
Fokussierter-Angriff-Wulaosu VMAX,TG19/30,Rare Holo VMAX,BRS
Fließender-Angriff-Wulaosu V,TG20/30,Rare Holo V,BRS
Fließender-Angriff-Wulaosu VMAX,TG21/30,Rare Holo VMAX,BRS
Nachtara V,TG22/30,Rare Holo V,BRS
Nachtara VMAX,TG23/30,Rare Holo VMAX,BRS
Lolas Vorahnung,TG24/30,Rare Ultra,BRS
Barista,TG25/30,Rare Ultra,BRS
Gloria,TG26/30,Rare Ultra,BRS
Fließender-Stil-Mastrich,TG27/30,Rare Ultra,BRS
Fokussierter-Stil-Mastrich,TG28/30,Rare Ultra,BRS
Fokussierter-Angriff-Wulaosu VMAX,TG29/30,Rare Secret,BRS
Fließender-Angriff-Wulaosu VMAX,TG30/30,Rare Secret,BRS
Owei,1/172,Common,BRS
Kokowei,2/172,Uncommon,BRS
Knilz,3/172,Common,BRS
Kapilz,4/172,Rare,BRS
Tropius,5/172,Uncommon,BRS
Chelast,6/172,Common,BRS
Chelcarain,7/172,Uncommon,BRS
Chelterrar,8/172,Rare Holo,BRS
Burmy,9/172,Common,BRS
Burmadame,10/172,Rare,BRS
Moterpel,11/172,Rare,BRS
Kikugi,12/172,Common,BRS
Shaymin V,13/172,Rare Holo V,BRS
Shaymin VSTAR,14/172,Rare Holo VSTAR,BRS
Laukaps,15/172,Common,BRS
Zarude V,16/172,Rare Holo V,BRS
Glurak V,17/172,Rare Holo V,BRS
Glurak VSTAR,18/172,Rare Holo VSTAR,BRS
Magmar,19/172,Common,BRS
Magbrant,20/172,Rare,BRS
Lavados,21/172,Rare Holo,BRS
Entei V,22/172,Rare Holo V,BRS
Qurtel,23/172,Uncommon,BRS
Panflam,24/172,Common,BRS
Panpyro,25/172,Uncommon,BRS
Panferno,26/172,Rare Holo,BRS
Grillchita V,27/172,Rare Holo V,BRS
Kingler V,28/172,Rare Holo V,BRS
Kingler VMAX,29/172,Rare Holo VMAX,BRS
Sterndu,30/172,Common,BRS
Lapras,31/172,Rare,BRS
Krebscorps,32/172,Common,BRS
Krebutack,33/172,Uncommon,BRS
Schneppke,34/172,Common,BRS
Plinfa,35/172,Common,BRS
Pliprin,36/172,Uncommon,BRS
Impoleon,37/172,Rare Holo,BRS
Bamelin,38/172,Common,BRS
Bojelin,39/172,Uncommon,BRS
Lumineon V,40/172,Rare Holo V,BRS
Manaphy,41/172,Rare,BRS
Petznief,42/172,Common,BRS
Siberio,43/172,Uncommon,BRS
Kubuin,44/172,Rare,BRS
Raichu V,45/172,Rare Holo V,BRS
Elektek,46/172,Common,BRS
Elevoltek,47/172,Rare,BRS
Raikou V,48/172,Rare Holo V,BRS
Sheinux,49/172,Common,BRS
Luxio,50/172,Uncommon,BRS
Luxtra,51/172,Rare,BRS
Pachirisu,52/172,Uncommon,BRS
Piepi,53/172,Common,BRS
Pixi,54/172,Rare,BRS
Starmie,55/172,Uncommon,BRS
Mewtu,56/172,Rare,BRS
Granbull V,57/172,Rare Holo V,BRS
Puppance,58/172,Common,BRS
Lepumentas,59/172,Uncommon,BRS
Zwirrlicht,60/172,Common,BRS
Zwirrklop,61/172,Uncommon,BRS
Zwirrfinst,62/172,Rare Holo,BRS
Palimpalim,63/172,Common,BRS
Elfun V,64/172,Rare Holo V,BRS
Elfun VSTAR,65/172,Rare Holo VSTAR,BRS
Symvolara,66/172,Uncommon,BRS
Dedenne,67/172,Common,BRS
Mimigma V,68/172,Rare Holo V,BRS
Mimigma VMAX,69/172,Rare Holo VMAX,BRS
Hokumil,70/172,Common,BRS
Pokusan,71/172,Rare,BRS
Kapoera,72/172,Uncommon,BRS
Nasgnet,73/172,Common,BRS
Knacklion,74/172,Common,BRS
Vibrava,75/172,Uncommon,BRS
Libelldra,76/172,Rare,BRS
Burmadame,77/172,Rare,BRS
Riolu,78/172,Common,BRS
Lucario,79/172,Rare Holo,BRS
Jiutesto,80/172,Common,BRS
Karadonis,81/172,Common,BRS
Golbit,82/172,Common,BRS
Golgantes,83/172,Rare,BRS
Sleima,84/172,Common,BRS
Sleimok,85/172,Rare,BRS
Sniebel,86/172,Common,BRS
Snibunna,87/172,Uncommon,BRS
Kramshef V,88/172,Rare Holo V,BRS
Kryppuk,89/172,Common,BRS
Felilou,90/172,Common,BRS
Kleoparda,91/172,Rare,BRS
Bähmon,92/172,Common,BRS
Pelzebub,93/172,Uncommon,BRS
Olangaar,94/172,Rare,BRS
Morpeko V,95/172,Rare Holo V,BRS
Stolloss V,96/172,Rare Holo V,BRS
Stolloss VMAX,97/172,Rare Holo VMAX,BRS
Burmadame,98/172,Rare,BRS
Voluminas,99/172,Uncommon,BRS
Heatran,100/172,Rare,BRS
Cavalanzas,101/172,Rare,BRS
Klikk,102/172,Common,BRS
Kliklak,103/172,Uncommon,BRS
Klikdiklak,104/172,Rare,BRS
Zamazenta V,105/172,Rare Holo V,BRS
Libelldra V,106/172,Rare Holo V,BRS
Kaumalat,107/172,Common,BRS
Knarksel,108/172,Uncommon,BRS
Knakrack,109/172,Rare Holo,BRS
Milza,110/172,Common,BRS
Sharfax,111/172,Uncommon,BRS
Maxax,112/172,Rare,BRS
Shardrago,113/172,Rare,BRS
Pescragon V,114/172,Rare Holo V,BRS
Porenta,115/172,Common,BRS
Formeo,116/172,Common,BRS
Staralili,117/172,Common,BRS
Staravia,118/172,Uncommon,BRS
Staraptor,119/172,Rare,BRS
Bidiza,120/172,Common,BRS
Bidifas,121/172,Rare Holo,BRS
Arceus V,122/172,Rare Holo V,BRS
Arceus VSTAR,123/172,Rare Holo VSTAR,BRS
Picochilla,124/172,Common,BRS
Chillabell,125/172,Uncommon,BRS
Boreos,126/172,Rare,BRS
Resladero,127/172,Common,BRS
Sen-Long V,128/172,Rare Holo V,BRS
Lolas Vorahnung,129/172,Uncommon,BRS
Barry,130/172,Uncommon,BRS
Fehlschlagschutz,131/172,Uncommon,BRS
Befehl vom Boss,132/172,Rare Holo,BRS
Barista,133/172,Uncommon,BRS
Cherens Obhut,134/172,Uncommon,BRS
Wahlgürtel,135/172,Uncommon,BRS
Reinigende Handschuhe,136/172,Uncommon,BRS
Stadionruine,137/172,Uncommon,BRS
Cynthias Ehrgeiz,138/172,Uncommon,BRS
Tafelwasserpack,139/172,Uncommon,BRS
Freunde aus Galar,140/172,Uncommon,BRS
Gloria,141/172,Uncommon,BRS
Jagdhandschuhe,142/172,Uncommon,BRS
Hitzkopf,143/172,Uncommon,BRS
Magmabecken,144/172,Uncommon,BRS
Marys Stolz,145/172,Uncommon,BRS
Topfhelm,146/172,Uncommon,BRS
Forschung des Professors,147/172,Rare Holo,BRS
Roxanas Backup,148/172,Uncommon,BRS
Jubel von Team Yell,149/172,Uncommon,BRS
Hyperball,150/172,Uncommon,BRS
Doppel-Turbo-Energie,151/172,Uncommon,BRS
Shaymin V,152/172,Rare Ultra,BRS
Glurak V,153/172,Rare Ultra,BRS
Glurak V,154/172,Rare Ultra,BRS
Lumineon V,155/172,Rare Ultra,BRS
Lumineon V,156/172,Rare Ultra,BRS
Pikachu V,157/172,Rare Ultra,BRS
Raichu V,158/172,Rare Ultra,BRS
Granbull V,159/172,Rare Ultra,BRS
Elfun V,160/172,Rare Ultra,BRS
Kramshef V,161/172,Rare Ultra,BRS
Kramshef V,162/172,Rare Ultra,BRS
Zamazenta V,163/172,Rare Ultra,BRS
Libelldra V,164/172,Rare Ultra,BRS
Arceus V,165/172,Rare Ultra,BRS
Arceus V,166/172,Rare Ultra,BRS
Barry,167/172,Rare Ultra,BRS
Cherens Obhut,168/172,Rare Ultra,BRS
Cynthias Ehrgeiz,169/172,Rare Ultra,BRS
Hitzkopf,170/172,Rare Ultra,BRS
Marys Stolz,171/172,Rare Ultra,BRS
Roxanas Backup,172/172,Rare Ultra,BRS
Shaymin VSTAR,173/172,Rare Rainbow,BRS
Glurak VSTAR,174/172,Rare Rainbow,BRS
Elfun VSTAR,175/172,Rare Rainbow,BRS
Arceus VSTAR,176/172,Rare Rainbow,BRS
Cherens Obhut,177/172,Rare Rainbow,BRS
Cynthias Ehrgeiz,178/172,Rare Rainbow,BRS
Hitzkopf,179/172,Rare Rainbow,BRS
Roxanas Backup,180/172,Rare Rainbow,BRS
Galar-Arktos V,181/172,Rare Secret,BRS
Galar-Zapdos V,182/172,Rare Secret,BRS
Galar-Lavados V,183/172,Rare Secret,BRS
Arceus VSTAR,184/172,Rare Secret,BRS
Magmabecken,185/172,Rare Secret,BRS
Hyperball,186/172,Rare Secret,BRS
Blastoise,2/25,Classic Collection,CELCC
Charizard,4/25,Classic Collection,CELCC
Venusaur,15/25,Classic Collection,CELCC
Here Comes Team Rocket!,15/25,Classic Collection,CELCC
Rocket's Zapdos,15/25,Classic Collection,CELCC
Claydol,15/25,Classic Collection,CELCC
Imposter Professor Oak,73/25,Classic Collection,CELCC
Dark Gyarados,8/25,Classic Collection,CELCC
_____'s Pikachu,24/25,Classic Collection,CELCC
Cleffa,20/25,Classic Collection,CELCC
Shining Magikarp,66/25,Classic Collection,CELCC
Team Magma's Groudon,9/25,Classic Collection,CELCC
Rocket's Admin.,86/25,Classic Collection,CELCC
Mew ex,88/25,Classic Collection,CELCC
Gardevoir ex δ,93/25,Classic Collection,CELCC
Umbreon ★,17/25,Classic Collection,CELCC
Luxray GL LV.X,109/25,Classic Collection,CELCC
Garchomp C LV.X,145/25,Classic Collection,CELCC
Donphan,107/25,Classic Collection,CELCC
Reshiram,113/25,Classic Collection,CELCC
Zekrom,114/25,Classic Collection,CELCC
Mewtwo-EX,54/25,Classic Collection,CELCC
Xerneas-EX,97/25,Classic Collection,CELCC
M Rayquaza-EX,76/25,Classic Collection,CELCC
Tapu Lele-GX,60/25,Classic Collection,CELCC
Ho-Oh,1/25,Rare,CEL
Reshiram,2/25,Rare,CEL
Kyogre,3/25,Rare,CEL
Palkia,4/25,Rare,CEL
Pikachu,5/25,Rare Holo,CEL
Fliegendes Pikachu V,6/25,Rare Holo V,CEL
Fliegendes Pikachu VMAX,7/25,Rare Holo VMAX,CEL
Surfendes Pikachu V,8/25,Rare Holo V,CEL
Surfendes Pikachu VMAX,9/25,Rare Holo VMAX,CEL
Zekrom,10/25,Rare,CEL
Mew,11/25,Rare Holo,CEL
Xerneas,12/25,Rare,CEL
Cosmog,13/25,Rare,CEL
Cosmovum,14/25,Rare,CEL
Lunala,15/25,Rare Holo,CEL
Zacian V,16/25,Rare Holo V,CEL
Groudon,17/25,Rare,CEL
Zamazenta V,18/25,Rare Holo V,CEL
Yveltal,19/25,Rare,CEL
Dialga,20/25,Rare,CEL
Solgaleo,21/25,Rare Holo,CEL
Lugia,22/25,Rare,CEL
Forschung des Professors (Prof. Eich),23/25,Rare Holo,CEL
Forschung des Professors (Prof. Eich),24/25,Rare Ultra,CEL
Mew,25/25,Rare Holo,CEL
Bisaflor V,1/73,Rare Holo V,CPA
Hornliu,2/73,Common,CPA
Kokuna,3/73,Common,CPA
Bibor,4/73,Uncommon,CPA
Cottomi V,5/73,Rare Holo V,CPA
Vulpix,6/73,Common,CPA
Victini,7/73,Uncommon,CPA
Fuegro V,8/73,Rare Holo V,CPA
Thermopod,9/73,Common,CPA
Infernopod,10/73,Rare Holo,CPA
Kanivanha,11/73,Common,CPA
Tohaido,12/73,Uncommon,CPA
Wailord V,13/73,Rare Holo V,CPA
Kamalm V,14/73,Rare Holo V,CPA
Kamalm VMAX,15/73,Rare Holo VMAX,CPA
Guardevoir V,16/73,Rare Holo V,CPA
Guardevoir VMAX,17/73,Rare Holo VMAX,CPA
Brimova,18/73,Common,CPA
Brimano,19/73,Uncommon,CPA
Silembrim,20/73,Rare Holo,CPA
Galar-Gorgasonn V,21/73,Rare Holo V,CPA
Pokusan V,22/73,Rare Holo V,CPA
Pokusan VMAX,23/73,Rare Holo VMAX,CPA
Machollo,24/73,Common,CPA
Maschock,25/73,Uncommon,CPA
Machomei,26/73,Rare Holo,CPA
Lucario V,27/73,Rare Holo V,CPA
Zygarde,28/73,Rare Holo,CPA
Wuffels,29/73,Common,CPA
Wolwerock,30/73,Rare Holo,CPA
Klonkett,31/73,Common,CPA
Kaocto V,32/73,Rare Holo V,CPA
Rettan,33/73,Common,CPA
Arbok,34/73,Uncommon,CPA
Galar-Zigzachs,35/73,Common,CPA
Galar-Geradaks,36/73,Common,CPA
Galar-Barrikadax,37/73,Rare Holo,CPA
Absol,38/73,Uncommon,CPA
Felilou,39/73,Common,CPA
Kleoparda,40/73,Uncommon,CPA
Zurrokex,41/73,Common,CPA
Irokex,42/73,Rare Holo,CPA
Unratütox,43/73,Common,CPA
Iscalar,44/73,Common,CPA
Calamanero,45/73,Uncommon,CPA
Kleptifux,46/73,Common,CPA
Duraludon V,47/73,Rare Holo V,CPA
Wablu,48/73,Common,CPA
Altaria,49/73,Rare Holo,CPA
Betys,50/73,Uncommon,CPA
Hyperheiler,51/73,Uncommon,CPA
Superball,52/73,Uncommon,CPA
Hop,53/73,Uncommon,CPA
Hypertrank,54/73,Uncommon,CPA
Kabu,55/73,Uncommon,CPA
Mary,56/73,Rare Holo,CPA
Yarro,57/73,Uncommon,CPA
Nezz,58/73,Uncommon,CPA
Pokéball,59/73,Common,CPA
Pokémon-Center-Dame,60/73,Uncommon,CPA
Trank,61/73,Common,CPA
Forschung des Professors,62/73,Rare Holo,CPA
Rotom-Rad,63/73,Uncommon,CPA
Smart-Rotom,64/73,Uncommon,CPA
Sania,65/73,Uncommon,CPA
Verdächtige Konserve,66/73,Uncommon,CPA
Rüpel von Team Yell,67/73,Uncommon,CPA
Turffield-Stadion,68/73,Uncommon,CPA
Kamalm V,69/73,Rare Ultra,CPA
Guardevoir V,70/73,Rare Ultra,CPA
Galar-Gorgasonn V,71/73,Rare Ultra,CPA
Kaocto V,72/73,Rare Ultra,CPA
Hop,73/73,Rare Ultra,CPA
Glurak VMAX,74/73,Rare Rainbow,CPA
Kamalm VMAX,75/73,Rare Rainbow,CPA
Guardevoir VMAX,76/73,Rare Rainbow,CPA
Kabu,77/73,Rare Rainbow,CPA
Nezz,78/73,Rare Rainbow,CPA
Glurak V,79/73,Rare Secret,CPA
Verdächtige Konserve,80/73,Rare Secret,CPA
Hornliu,1/198,Common,CRE
Kokuna,2/198,Uncommon,CRE
Bibor,3/198,Rare Holo,CRE
Ledyba,4/198,Common,CRE
Ledian,5/198,Uncommon,CRE
Skaraborn,6/198,Common,CRE
Celebi V,7/198,Rare Holo V,CRE
Celebi VMAX,8/198,Rare Holo VMAX,CRE
Shnebedeck,9/198,Common,CRE
Rexblisar,10/198,Rare,CRE
Sesokitz,11/198,Common,CRE
Kronjuwild,12/198,Rare,CRE
Frubberl,13/198,Common,CRE
Frubaila,14/198,Uncommon,CRE
Fruyal,15/198,Rare,CRE
Chimpep,16/198,Common,CRE
Chimstix,17/198,Uncommon,CRE
Gortrom,18/198,Rare Holo,CRE
Zarude,19/198,Rare Holo,CRE
Lohgock V,20/198,Rare Holo V,CRE
Lohgock VMAX,21/198,Rare Holo VMAX,CRE
Formeo Sonnenform,22/198,Common,CRE
Ignivor,23/198,Common,CRE
Ramoth,24/198,Rare,CRE
Volcanion V,25/198,Rare Holo V,CRE
Hopplo,26/198,Common,CRE
Kickerlo,27/198,Uncommon,CRE
Liberlo,28/198,Rare Holo,CRE
Lapras,29/198,Common,CRE
Sniebel,30/198,Common,CRE
Snibunna,31/198,Rare Holo,CRE
Botogel,32/198,Common,CRE
Formeo Regenform,33/198,Common,CRE
Formeo Schneeform,34/198,Common,CRE
Schneppke,35/198,Common,CRE
Frosdedje,36/198,Rare Holo,CRE
Seemops,37/198,Common,CRE
Seejong,38/198,Uncommon,CRE
Walraisa,39/198,Rare,CRE
Kapu-Kime,40/198,Rare Holo,CRE
Memmeon,41/198,Common,CRE
Phlegleon,42/198,Uncommon,CRE
Intelleon,43/198,Rare Holo,CRE
Fließender-Angriff-Wulaosu,44/198,Rare Holo,CRE
Schimmelreiter-Coronospa V,45/198,Rare Holo V,CRE
Schimmelreiter-Coronospa VMAX,46/198,Rare Holo VMAX,CRE
Voltilamm,47/198,Common,CRE
Waaty,48/198,Uncommon,CRE
Ampharos,49/198,Rare,CRE
Elezeba,50/198,Common,CRE
Zebritz,51/198,Rare,CRE
Voltolos,52/198,Rare Holo,CRE
Zeraora V,53/198,Rare Holo V,CRE
Galar-Flegmon,54/198,Common,CRE
Nebulak,55/198,Common,CRE
Alpollo,56/198,Uncommon,CRE
Gengar,57/198,Rare Holo,CRE
Galar-Arktos V,58/198,Rare Holo V,CRE
Trasla,59/198,Common,CRE
Kirlia,60/198,Uncommon,CRE
Guardevoir,61/198,Rare Holo,CRE
Shuppet,62/198,Common,CRE
Banette,63/198,Rare,CRE
Cresselia,64/198,Rare Holo,CRE
Golbit,65/198,Common,CRE
Golgantes,66/198,Rare,CRE
Flauschling,67/198,Common,CRE
Sabbaione,68/198,Rare,CRE
Iscalar,69/198,Common,CRE
Calamanero,70/198,Rare,CRE
Brimova,71/198,Common,CRE
Brimano,72/198,Uncommon,CRE
Silembrim,73/198,Rare Holo,CRE
Rappenreiter-Coronospa V,74/198,Rare Holo V,CRE
Rappenreiter-Coronospa VMAX,75/198,Rare Holo VMAX,CRE
Digda,76/198,Common,CRE
Digdri,77/198,Rare,CRE
Galar-Porenta,78/198,Common,CRE
Galar-Lauchzelot,79/198,Rare,CRE
Galar-Zapdos V,80/198,Rare Holo V,CRE
Galagladi,81/198,Rare,CRE
Galar-Makabaja,82/198,Common,CRE
Galar-Oghnatoll,83/198,Rare Holo,CRE
Krabbox,84/198,Common,CRE
Krawell,85/198,Uncommon,CRE
Wuffels,86/198,Common,CRE
Wolwerock,87/198,Rare Holo,CRE
Quartermak,88/198,Rare,CRE
Sanaconda V,89/198,Rare Holo V,CRE
Sanaconda VMAX,90/198,Rare Holo VMAX,CRE
Klopptopus,91/198,Common,CRE
Kaocto,92/198,Rare Holo,CRE
Dakuma,93/198,Common,CRE
Smogon,94/198,Common,CRE
Smogmog,95/198,Rare,CRE
Galar-Smogmog,96/198,Rare,CRE
Galar-Lavados V,97/198,Rare Holo V,CRE
Galar-Laschoking,98/198,Rare Holo,CRE
Galar-Laschoking V,99/198,Rare Holo V,CRE
Galar-Laschoking VMAX,100/198,Rare Holo VMAX,CRE
Baldorfish,101/198,Common,CRE
Vipitis,102/198,Rare,CRE
Kryppuk,103/198,Rare,CRE
Kleoparda V,104/198,Rare Holo V,CRE
Toxiped,105/198,Common,CRE
Rollum,106/198,Uncommon,CRE
Cerapendra,107/198,Rare,CRE
Fokussierter-Angriff-Wulaosu,108/198,Rare Holo,CRE
Stollunior,109/198,Common,CRE
Stollrak,110/198,Uncommon,CRE
Stolloss,111/198,Rare,CRE
Metagross V,112/198,Rare Holo V,CRE
Metagross VMAX,113/198,Rare Holo VMAX,CRE
Kobalium,114/198,Rare Holo,CRE
Tauros,115/198,Rare Holo,CRE
Porygon,116/198,Common,CRE
Porygon2,117/198,Uncommon,CRE
Porygon-Z,118/198,Rare Holo,CRE
Heiteira V,119/198,Rare Holo V,CRE
Sengo,120/198,Rare,CRE
Formeo,121/198,Common,CRE
Kecleon,122/198,Rare,CRE
Shaymin,123/198,Rare Holo,CRE
Boreos V,124/198,Rare Holo V,CRE
Boreos VMAX,125/198,Rare Holo VMAX,CRE
Coiffwaff,126/198,Common,CRE
Raffel,127/198,Common,CRE
Schlaraffel,128/198,Rare Holo,CRE
Agathe,129/198,Uncommon,CRE
Saverio,130/198,Uncommon,CRE
Kamillo,131/198,Uncommon,CRE
Kattlea,132/198,Uncommon,CRE
Schmetterhandschuhe,133/198,Uncommon,CRE
Ärztin,134/198,Uncommon,CRE
Hügel des Dyna-Baums,135/198,Uncommon,CRE
Echohorn,136/198,Uncommon,CRE
Entdecker-Set,137/198,Uncommon,CRE
Feuerfeste Handschuhe,138/198,Uncommon,CRE
Flavia,139/198,Uncommon,CRE
Nebelkristall,140/198,Uncommon,CRE
Galar-Brustpanzer,141/198,Uncommon,CRE
Enia,142/198,Uncommon,CRE
Handschuhe der Redlichkeit,143/198,Uncommon,CRE
Melanies Überzeugung,144/198,Uncommon,CRE
Sophora,145/198,Uncommon,CRE
Mel,146/198,Uncommon,CRE
Uralter Friedhof,147/198,Uncommon,CRE
Schneegipfelpfad,148/198,Uncommon,CRE
Mila,149/198,Uncommon,CRE
Peony,150/198,Uncommon,CRE
Fließender-Angriff-Himmelsrolle,151/198,Uncommon,CRE
Robuster Helm,152/198,Uncommon,CRE
Narcisse,153/198,Uncommon,CRE
Fokussierter-Angriff-Stichrolle,154/198,Uncommon,CRE
Unkrauthandschuhe,155/198,Uncommon,CRE
Einladende Laterne,156/198,Uncommon,CRE
Wirkungs-Energie,157/198,Uncommon,CRE
Glücks-Energie,158/198,Uncommon,CRE
Spiral-Energie,159/198,Uncommon,CRE
Celebi V,160/198,Rare Ultra,CRE
Lohgock V,161/198,Rare Ultra,CRE
Volcanion V,162/198,Rare Ultra,CRE
Schimmelreiter-Coronospa V,163/198,Rare Ultra,CRE
Schimmelreiter-Coronospa V,164/198,Rare Ultra,CRE
Zeraora V,165/198,Rare Ultra,CRE
Zeraora V,166/198,Rare Ultra,CRE
Galar-Gallopa V,167/198,Rare Ultra,CRE
Galar-Gallopa V,168/198,Rare Ultra,CRE
Galar-Arktos V,169/198,Rare Ultra,CRE
Galar-Arktos V,170/198,Rare Ultra,CRE
Rappenreiter-Coronospa V,171/198,Rare Ultra,CRE
Rappenreiter-Coronospa V,172/198,Rare Ultra,CRE
Galar-Zapdos V,173/198,Rare Ultra,CRE
Galar-Zapdos V,174/198,Rare Ultra,CRE
Sanaconda V,175/198,Rare Ultra,CRE
Galar-Lavados V,176/198,Rare Ultra,CRE
Galar-Lavados V,177/198,Rare Ultra,CRE
Galar-Laschoking V,178/198,Rare Ultra,CRE
Galar-Laschoking V,179/198,Rare Ultra,CRE
Kleoparda V,180/198,Rare Ultra,CRE
Metagross V,181/198,Rare Ultra,CRE
Heiteira V,182/198,Rare Ultra,CRE
Heiteira V,183/198,Rare Ultra,CRE
Boreos V,184/198,Rare Ultra,CRE
Boreos V,185/198,Rare Ultra,CRE
Agathe,186/198,Rare Ultra,CRE
Saverio,187/198,Rare Ultra,CRE
Kamillo,188/198,Rare Ultra,CRE
Kattlea,189/198,Rare Ultra,CRE
Ärztin,190/198,Rare Ultra,CRE
Flavia,191/198,Rare Ultra,CRE
Enia,192/198,Rare Ultra,CRE
Melanies Überzeugung,193/198,Rare Ultra,CRE
Sophora,194/198,Rare Ultra,CRE
Mel,195/198,Rare Ultra,CRE
Mila,196/198,Rare Ultra,CRE
Peony,197/198,Rare Ultra,CRE
Narcisse,198/198,Rare Ultra,CRE
Celebi VMAX,199/198,Rare Rainbow,CRE
Lohgock VMAX,200/198,Rare Rainbow,CRE
Lohgock VMAX,201/198,Rare Rainbow,CRE
Schimmelreiter-Coronospa VMAX,202/198,Rare Rainbow,CRE
Schimmelreiter-Coronospa VMAX,203/198,Rare Rainbow,CRE
Rappenreiter-Coronospa VMAX,204/198,Rare Rainbow,CRE
Rappenreiter-Coronospa VMAX,205/198,Rare Rainbow,CRE
Sanaconda VMAX,206/198,Rare Rainbow,CRE
Galar-Laschoking VMAX,207/198,Rare Rainbow,CRE
Metagross VMAX,208/198,Rare Rainbow,CRE
Boreos VMAX,209/198,Rare Rainbow,CRE
Agathe,210/198,Rare Rainbow,CRE
Saverio,211/198,Rare Rainbow,CRE
Kamillo,212/198,Rare Rainbow,CRE
Kattlea,213/198,Rare Rainbow,CRE
Ärztin,214/198,Rare Rainbow,CRE
Flavia,215/198,Rare Rainbow,CRE
Melanies Überzeugung,216/198,Rare Rainbow,CRE
Sophora,217/198,Rare Rainbow,CRE
Mel,218/198,Rare Rainbow,CRE
Mila,219/198,Rare Rainbow,CRE
Peony,220/198,Rare Rainbow,CRE
Narcisse,221/198,Rare Rainbow,CRE
Lektrobal,222/198,Rare Secret,CRE
Bronzong,223/198,Rare Secret,CRE
Relaxo,224/198,Rare Secret,CRE
Echohorn,225/198,Rare Secret,CRE
Wellenfächer,226/198,Rare Secret,CRE
Nebelkristall,227/198,Rare Secret,CRE
Robuster Helm,228/198,Rare Secret,CRE
Urne der Vitalität,229/198,Rare Secret,CRE
Einladende Laterne,230/198,Rare Secret,CRE
Wasser-Energie,231/198,Rare Secret,CRE
Psycho-Energie,232/198,Rare Secret,CRE
Kampf-Energie,233/198,Rare Secret,CRE
Hisui Voltobal,GG01/70,Trainer Gallery Rare Holo,CRZ
Zirpeise,GG02/70,Trainer Gallery Rare Holo,CRZ
Magbrant,GG03/70,Trainer Gallery Rare Holo,CRZ
Choreogel,GG04/70,Trainer Gallery Rare Holo,CRZ
Lapras,GG05/70,Trainer Gallery Rare Holo,CRZ
Manaphy,GG06/70,Trainer Gallery Rare Holo,CRZ
Keldeo,GG07/70,Trainer Gallery Rare Holo,CRZ
Elevoltek,GG08/70,Trainer Gallery Rare Holo,CRZ
Riffex,GG09/70,Trainer Gallery Rare Holo,CRZ
Mew,GG10/70,Trainer Gallery Rare Holo,CRZ
Lunastein,GG11/70,Trainer Gallery Rare Holo,CRZ
Deoxys,GG12/70,Trainer Gallery Rare Holo,CRZ
Diancie,GG13/70,Trainer Gallery Rare Holo,CRZ
Curelei,GG14/70,Trainer Gallery Rare Holo,CRZ
Sonnfel,GG15/70,Trainer Gallery Rare Holo,CRZ
Absol,GG16/70,Trainer Gallery Rare Holo,CRZ
Gaunux,GG17/70,Trainer Gallery Rare Holo,CRZ
Magnezone,GG18/70,Trainer Gallery Rare Holo,CRZ
Altaria,GG19/70,Trainer Gallery Rare Holo,CRZ
Latias,GG20/70,Trainer Gallery Rare Holo,CRZ
Hisui Viscogon,GG21/70,Trainer Gallery Rare Holo,CRZ
Ditto,GG22/70,Trainer Gallery Rare Holo,CRZ
Dummisel,GG23/70,Trainer Gallery Rare Holo,CRZ
Miltank,GG24/70,Trainer Gallery Rare Holo,CRZ
Bidifas,GG25/70,Trainer Gallery Rare Holo,CRZ
Riolu,GG26/70,Trainer Gallery Rare Holo,CRZ
Wablu,GG27/70,Trainer Gallery Rare Holo,CRZ
Zwirrlicht,GG28/70,Trainer Gallery Rare Holo,CRZ
Bidiza,GG29/70,Trainer Gallery Rare Holo,CRZ
Pikachu,GG30/70,Trainer Gallery Rare Holo,CRZ
Chelast,GG31/70,Trainer Gallery Rare Holo,CRZ
Paras,GG32/70,Trainer Gallery Rare Holo,CRZ
Fiffyen,GG33/70,Trainer Gallery Rare Holo,CRZ
Voltilamm,GG34/70,Trainer Gallery Rare Holo,CRZ
Folipurba VSTAR,GG35/70,Rare Holo VSTAR,CRZ
Entei V,GG36/70,Rare Holo V,CRZ
Grillchita VSTAR,GG37/70,Rare Holo VSTAR,CRZ
Suicune V,GG38/70,Rare Holo V,CRZ
Lumineon V,GG39/70,Rare Holo V,CRZ
Glaziola VSTAR,GG40/70,Rare Holo VSTAR,CRZ
Raikou V,GG41/70,Rare Holo V,CRZ
Zeraora VMAX,GG42/70,Rare Holo VMAX,CRZ
Zeraora VSTAR,GG43/70,Rare Holo VSTAR,CRZ
Mewtu VSTAR,GG44/70,Rare Holo VSTAR,CRZ
Deoxys VMAX,GG45/70,Rare Holo VMAX,CRZ
Deoxys VSTAR,GG46/70,Rare Holo VSTAR,CRZ
Silembrim VMAX,GG47/70,Rare Holo VMAX,CRZ
Zacian V,GG48/70,Rare Holo V,CRZ
Piondragi V,GG49/70,Rare Holo V,CRZ
Darkrai VSTAR,GG50/70,Rare Holo VSTAR,CRZ
Hisui-Admurai V,GG51/70,Rare Holo V,CRZ
Hisui-Admurai VSTAR,GG52/70,Rare Holo VSTAR,CRZ
Hoopa V,GG53/70,Rare Holo V,CRZ
Zamazenta V,GG54/70,Rare Holo V,CRZ
Regigigas VSTAR,GG55/70,Rare Holo VSTAR,CRZ
Hisui-Zoroark VSTAR,GG56/70,Rare Holo VSTAR,CRZ
Diam,GG57/70,Rare Ultra,CRZ
Cherens Obhut,GG58/70,Rare Ultra,CRZ
Achromas' Experiment,GG59/70,Rare Ultra,CRZ
Cynthias Ehrgeiz,GG60/70,Rare Ultra,CRZ
Silvanas Vitalität,GG61/70,Rare Ultra,CRZ
Lino,GG62/70,Rare Ultra,CRZ
Perla,GG63/70,Rare Ultra,CRZ
Mel,GG64/70,Rare Ultra,CRZ
Roy,GG65/70,Rare Ultra,CRZ
Felizia,GG66/70,Rare Ultra,CRZ
Ur-Palkia VSTAR,GG67/70,Rare Secret,CRZ
Ur-Dialga VSTAR,GG68/70,Rare Secret,CRZ
Giratina VSTAR,GG69/70,Rare Secret,CRZ
Arceus VSTAR,GG70/70,Rare Secret,CRZ
Myrapla,1/159,Common,CRZ
Duflor,2/159,Uncommon,CRZ
Blubella,3/159,Rare,CRZ
Tangela,4/159,Common,CRZ
Tangoloss,5/159,Rare,CRZ
Sichlor,6/159,Common,CRZ
Sonnkern,7/159,Common,CRZ
Yanma,8/159,Common,CRZ
Yanmega,9/159,Rare,CRZ
Zirpurze,10/159,Common,CRZ
Kikugi,11/159,Common,CRZ
Venuflibis,12/159,Uncommon,CRZ
Folipurba V,13/159,Rare Holo V,CRZ
Folipurba VSTAR,14/159,Rare Holo VSTAR,CRZ
Mabula,15/159,Common,CRZ
Zarude,16/159,Rare Holo,CRZ
Coronospa,17/159,Rare Holo,CRZ
Glurak V,18/159,Rare Holo V,CRZ
Glurak VSTAR,19/159,Rare Holo VSTAR,CRZ
Strahlendes Glurak,20/159,Radiant Rare,CRZ
Entei,21/159,Rare Holo,CRZ
Grillchita V,22/159,Rare Holo V,CRZ
Grillchita VSTAR,23/159,Rare Holo VSTAR,CRZ
Ignivor,24/159,Common,CRZ
Ramoth,25/159,Rare,CRZ
Volcanion,26/159,Rare Holo,CRZ
Molunk,27/159,Common,CRZ
Amfira,28/159,Uncommon,CRZ
Jurob,29/159,Common,CRZ
Galar-Pantimos,30/159,Common,CRZ
Wailmer,31/159,Common,CRZ
Wailord,32/159,Rare,CRZ
Krebscorps,33/159,Common,CRZ
Schneppke,34/159,Common,CRZ
Liebiskus,35/159,Common,CRZ
Kyogre,36/159,Rare Holo,CRZ
Kyogre V,37/159,Rare Holo V,CRZ
Glaziola V,38/159,Rare Holo V,CRZ
Sheinux,39/159,Common,CRZ
Sheinux,40/159,Common,CRZ
Luxio,41/159,Uncommon,CRZ
Luxio,42/159,Uncommon,CRZ
Luxtra,43/159,Rare,CRZ
Luxtra,44/159,Rare,CRZ
Rotom V,45/159,Rare Holo V,CRZ
Rotom VSTAR,46/159,Rare Holo VSTAR,CRZ
Emolga,47/159,Common,CRZ
Zapplalek,48/159,Uncommon,CRZ
Eguana,49/159,Common,CRZ
Elezard,50/159,Rare,CRZ
Strahlendes Akkup,51/159,Radiant Rare,CRZ
Zeraora,52/159,Rare,CRZ
Zeraora V,53/159,Rare Holo V,CRZ
Zeraora VMAX,54/159,Rare Holo VMAX,CRZ
Zeraora VSTAR,55/159,Rare Holo VSTAR,CRZ
Britzigel,56/159,Uncommon,CRZ
Owei,57/159,Common,CRZ
Kokowei,58/159,Rare,CRZ
Mewtu,59/159,Rare Holo,CRZ
Mew V,60/159,Rare Holo V,CRZ
Girafarig,61/159,Uncommon,CRZ
Lunastein,62/159,Uncommon,CRZ
Zwirrklop,63/159,Uncommon,CRZ
Kapu-Fala,64/159,Rare Holo,CRZ
Silembrim V,65/159,Rare Holo V,CRZ
Silembrim VMAX,66/159,Rare Holo VMAX,CRZ
Cupidos,67/159,Rare,CRZ
Georok,68/159,Uncommon,CRZ
Sonnfel,69/159,Uncommon,CRZ
Puppance,70/159,Common,CRZ
Riolu,71/159,Common,CRZ
Pam-Pam,72/159,Common,CRZ
Wuffels,73/159,Common,CRZ
Wolwerock,74/159,Rare,CRZ
Smogon,75/159,Common,CRZ
Absol,76/159,Rare Holo,CRZ
Felilou,77/159,Common,CRZ
Kleoparda,78/159,Rare,CRZ
Rokkaiman,79/159,Uncommon,CRZ
Pandagro,80/159,Rare,CRZ
Algitt,81/159,Common,CRZ
Tandrak,82/159,Rare,CRZ
Hoopa,83/159,Rare Holo,CRZ
Galar-Mauzi,84/159,Common,CRZ
Galar-Mauzinger,85/159,Rare,CRZ
Scherox,86/159,Rare,CRZ
Stollunior,87/159,Common,CRZ
Stollrak,88/159,Uncommon,CRZ
Stolloss,89/159,Rare Holo,CRZ
Metang,90/159,Uncommon,CRZ
Gladiantri,91/159,Common,CRZ
Gladiantri,92/159,Common,CRZ
Caesurio,93/159,Uncommon,CRZ
Zacian,94/159,Rare Holo,CRZ
Zacian V,95/159,Rare Holo V,CRZ
Zacian VSTAR,96/159,Rare Holo VSTAR,CRZ
Zamazenta,97/159,Rare Holo,CRZ
Zamazenta V,98/159,Rare Holo V,CRZ
Zamazenta VSTAR,99/159,Rare Holo VSTAR,CRZ
Rayquaza V,100/159,Rare Holo V,CRZ
Rayquaza VMAX,101/159,Rare Holo VMAX,CRZ
Rayquaza VMAX,102/159,Rare Holo VMAX,CRZ
Duraludon V,103/159,Rare Holo V,CRZ
Duraludon VMAX,104/159,Rare Holo VMAX,CRZ
Strahlendes Endynalos,105/159,Radiant Rare,CRZ
Tauros,106/159,Rare,CRZ
Ditto,107/159,Rare Holo,CRZ
Evoli V,108/159,Rare Holo V,CRZ
Relaxo,109/159,Rare,CRZ
Staralili,110/159,Common,CRZ
Bidiza,111/159,Common,CRZ
Plaudagei,112/159,Common,CRZ
Regigigas V,113/159,Rare Holo V,CRZ
Regigigas VSTAR,114/159,Rare Holo VSTAR,CRZ
Shaymin,115/159,Uncommon,CRZ
Bissbark V,116/159,Rare Holo V,CRZ
Mangunior,117/159,Common,CRZ
Manguspektor,118/159,Rare,CRZ
Kommandutan,119/159,Rare,CRZ
Schlaraffel V,120/159,Rare Holo V,CRZ
Wolly,121/159,Common,CRZ
Zwollock,122/159,Rare,CRZ
Saida,123/159,Rare Holo,CRZ
Betys,124/159,Rare Holo,CRZ
Schmetterhammer,125/159,Uncommon,CRZ
Buddel-Brüder,126/159,Uncommon,CRZ
Energie-Zugewinn,127/159,Common,CRZ
Energiesuche,128/159,Common,CRZ
Energie-Umschalter,129/159,Uncommon,CRZ
Freunde aus Hisui,130/159,Uncommon,CRZ
Freunde aus Sinnoh,131/159,Uncommon,CRZ
Superball,132/159,Uncommon,CRZ
Hop,133/159,Rare Holo,CRZ
Delion,134/159,Rare Holo,CRZ
Nirgendwo-Sauger,135/159,Uncommon,CRZ
Kate,136/159,Rare Holo,CRZ
Pokéball,137/159,Common,CRZ
Pokémon-Fänger,138/159,Uncommon,CRZ
Trank,139/159,Common,CRZ
Roy,140/159,Rare Holo,CRZ
Sonderbonbon,141/159,Uncommon,CRZ
Rettungsbox,142/159,Uncommon,CRZ
Luft-Siegelstein,143/159,Rare Holo,CRZ
Tausch,144/159,Common,CRZ
Trekkingschuhe,145/159,Uncommon,CRZ
Hyperball,146/159,Uncommon,CRZ
Kamillas Glanz,147/159,Rare Ultra,CRZ
Freunde aus Hisui,148/159,Rare Ultra,CRZ
Freunde aus Sinnoh,149/159,Rare Ultra,CRZ
Forschung des Professors,150/159,Rare Ultra,CRZ
Volo,151/159,Rare Ultra,CRZ
Pflanze-Energie,152/159,Rare Ultra,CRZ
Feuer-Energie,153/159,Rare Ultra,CRZ
Wasser-Energie,154/159,Rare Ultra,CRZ
Elektro-Energie,155/159,Rare Ultra,CRZ
Psycho-Energie,156/159,Rare Ultra,CRZ
Kampf-Energie,157/159,Rare Ultra,CRZ
Finsternis-Energie,158/159,Rare Ultra,CRZ
Metall-Energie,159/159,Rare Ultra,CRZ
Pikachu,160/159,Rare Secret,CRZ
Smettbo V,1/189,Rare Holo V,DAA
Smettbo VMAX,2/189,Rare Holo VMAX,DAA
Paras,3/189,Common,DAA
Parasek,4/189,Uncommon,DAA
Venuflibis,5/189,Uncommon,DAA
Vegimak,6/189,Common,DAA
Vegichita,7/189,Uncommon,DAA
Laukaps,8/189,Common,DAA
Schnuthelm,9/189,Common,DAA
Hydragil,10/189,Rare,DAA
Bauz,11/189,Common,DAA
Arboretoss,12/189,Uncommon,DAA
Silvarro,13/189,Rare Holo,DAA
Frubberl,14/189,Common,DAA
Frubaila,15/189,Uncommon,DAA
Fruyal,16/189,Rare,DAA
Reißlaus,17/189,Common,DAA
Tectass,18/189,Rare Holo,DAA
Glurak V,19/189,Rare Holo V,DAA
Glurak VMAX,20/189,Rare Holo VMAX,DAA
Hundemon V,21/189,Rare Holo V,DAA
Flemmli,22/189,Common,DAA
Jungglut,23/189,Uncommon,DAA
Lohgock,24/189,Rare Holo,DAA
Heatran,25/189,Rare Holo,DAA
Grillmak,26/189,Common,DAA
Grillchita,27/189,Uncommon,DAA
Galar-Flampivian,28/189,Rare,DAA
Ignivor,29/189,Common,DAA
Ramoth,30/189,Rare,DAA
Dartignis,31/189,Uncommon,DAA
Fiaro,32/189,Rare,DAA
Infernopod V,33/189,Rare Holo V,DAA
Infernopod VMAX,34/189,Rare Holo VMAX,DAA
Galar-Pantimos,35/189,Common,DAA
Galar-Pantifrost,36/189,Rare,DAA
Suicune,37/189,Rare Holo,DAA
Barschwa,38/189,Common,DAA
Milotic,39/189,Rare Holo,DAA
Relicanth,40/189,Uncommon,DAA
Sodamak,41/189,Common,DAA
Sodachita,42/189,Uncommon,DAA
Galar-Flampion,43/189,Common,DAA
Galar-Flampivian,44/189,Rare,DAA
Gelatini,45/189,Common,DAA
Gelatroppo,46/189,Uncommon,DAA
Gelatwino,47/189,Rare,DAA
Petznief,48/189,Common,DAA
Siberio,49/189,Rare,DAA
Lusardin,50/189,Common,DAA
Garstella,51/189,Common,DAA
Aggrostella,52/189,Uncommon,DAA
Pescragon,53/189,Rare Holo,DAA
Pescryodon,54/189,Rare,DAA
Voltilamm,55/189,Common,DAA
Waaty,56/189,Uncommon,DAA
Ampharos,57/189,Rare,DAA
Frizelbliz,58/189,Common,DAA
Voltenso,59/189,Rare,DAA
Donarion V,60/189,Rare Holo V,DAA
Kapu-Riki,61/189,Rare Holo,DAA
Toxel,62/189,Common,DAA
Riffex,63/189,Rare Holo,DAA
Britzigel,64/189,Rare Holo,DAA
Lectragon,65/189,Rare,DAA
Lecryodon,66/189,Rare Holo,DAA
Pummeluff,67/189,Common,DAA
Knuddeluff,68/189,Rare,DAA
Mew V,69/189,Rare Holo V,DAA
Snubbull,70/189,Common,DAA
Granbull,71/189,Rare,DAA
Lunastein,72/189,Uncommon,DAA
Mollimorba,73/189,Common,DAA
Hypnomorba,74/189,Uncommon,DAA
Morbitesse,75/189,Rare,DAA
Golbit,76/189,Common,DAA
Golgantes,77/189,Rare,DAA
Dedenne,78/189,Uncommon,DAA
Bubungus,79/189,Common,DAA
Lamellux,80/189,Uncommon,DAA
Mimigma,81/189,Rare,DAA
Fatalitee,82/189,Common,DAA
Mortipot,83/189,Uncommon,DAA
Digda,84/189,Common,DAA
Digdri,85/189,Uncommon,DAA
Larvitar,86/189,Common,DAA
Pupitar,87/189,Uncommon,DAA
Despotar,88/189,Rare Holo,DAA
Knacklion,89/189,Common,DAA
Vibrava,90/189,Uncommon,DAA
Libelldra,91/189,Rare,DAA
Sonnfel,92/189,Uncommon,DAA
Hippopotas,93/189,Common,DAA
Hippoterus,94/189,Rare,DAA
Rihornior V,95/189,Rare Holo V,DAA
Grebbit,96/189,Rare,DAA
Quartermak,97/189,Common,DAA
Galar-Lauchzelot,98/189,Rare,DAA
Galar-Lahmus V,99/189,Rare Holo V,DAA
Sleima,100/189,Common,DAA
Sleimok,101/189,Rare,DAA
Webarak,102/189,Common,DAA
Ariados,103/189,Uncommon,DAA
Iksbat V,104/189,Rare Holo V,DAA
Darkrai,105/189,Rare Holo,DAA
Felilou,106/189,Common,DAA
Kleoparda,107/189,Rare,DAA
Kapuno,108/189,Common,DAA
Duodino,109/189,Uncommon,DAA
Trikephalo,110/189,Rare,DAA
Hoopa,111/189,Rare Holo,DAA
Kleptifux,112/189,Common,DAA
Gaunux,113/189,Rare,DAA
Olangaar V,114/189,Rare Holo V,DAA
Olangaar VMAX,115/189,Rare Holo VMAX,DAA
Endynalos V,116/189,Rare Holo V,DAA
Endynalos VMAX,117/189,Rare Holo VMAX,DAA
Scherox V,118/189,Rare Holo V,DAA
Scherox VMAX,119/189,Rare Holo VMAX,DAA
Panzaeron,120/189,Common,DAA
Stollunior,121/189,Common,DAA
Stollrak,122/189,Uncommon,DAA
Stolloss,123/189,Rare Holo,DAA
Cavalanzas,124/189,Rare,DAA
Klikk,125/189,Common,DAA
Kliklak,126/189,Uncommon,DAA
Klikdiklak,127/189,Rare,DAA
Galar-Flunschlik V,128/189,Rare Holo V,DAA
Meltan,129/189,Common,DAA
Melmetal,130/189,Rare,DAA
Kupfanti,131/189,Common,DAA
Patinaraja,132/189,Rare Holo,DAA
Kangama,133/189,Rare Holo,DAA
Tauros,134/189,Common,DAA
Wiesor,135/189,Common,DAA
Wiesenior,136/189,Uncommon,DAA
Dummisel,137/189,Common,DAA
Teddiursa,138/189,Common,DAA
Ursaring,139/189,Uncommon,DAA
Lugia,140/189,Rare,DAA
Eneco,141/189,Common,DAA
Enekoro,142/189,Rare,DAA
Brutalanda V,143/189,Rare Holo V,DAA
Brutalanda VMAX,144/189,Rare Holo VMAX,DAA
Staralili,145/189,Common,DAA
Staravia,146/189,Uncommon,DAA
Staraptor,147/189,Rare,DAA
Piccolente,148/189,Common,DAA
Swaroness,149/189,Rare,DAA
Scoppel,150/189,Common,DAA
Dartiri,151/189,Common,DAA
Raffel,152/189,Common,DAA
Schlaraffel,153/189,Rare,DAA
Meikro,154/189,Common,DAA
Kranoviz,155/189,Uncommon,DAA
Krarmor,156/189,Rare Holo,DAA
Großer Parasol,157/189,Uncommon,DAA
Rauchschwaden,158/189,Uncommon,DAA
Vogel-Profi,159/189,Uncommon,DAA
Umhang der Stärke,160/189,Uncommon,DAA
Vertraute Glocke,161/189,Uncommon,DAA
Wirrschein-Wald,162/189,Uncommon,DAA
Kabu,163/189,Uncommon,DAA
Alter PC,164/189,Uncommon,DAA
Nezz,165/189,Uncommon,DAA
Fürsorgliche Pokémon-Züchter,166/189,Uncommon,DAA
Seltenes Fossil,167/189,Uncommon,DAA
Rose,168/189,Uncommon,DAA
Rose Tower,169/189,Uncommon,DAA
Spikeford,170/189,Uncommon,DAA
Kampfhandschuhe,171/189,Uncommon,DAA
Turbopflaster,172/189,Uncommon,DAA
Yell-Tröte,173/189,Uncommon,DAA
Hitze-Fire-Energie,174/189,Uncommon,DAA
Versteck-Darkness-Energie,175/189,Uncommon,DAA
Kraft-Colorless-Energie,176/189,Uncommon,DAA
Smettbo V,177/189,Rare Ultra,DAA
Hundemon V,178/189,Rare Ultra,DAA
Infernopod V,179/189,Rare Ultra,DAA
Donarion V,180/189,Rare Ultra,DAA
Rihornior V,181/189,Rare Ultra,DAA
Iksbat V,182/189,Rare Ultra,DAA
Scherox V,183/189,Rare Ultra,DAA
Galar-Flunschlik V,184/189,Rare Ultra,DAA
Brutalanda V,185/189,Rare Ultra,DAA
Kabu,186/189,Rare Ultra,DAA
Nezz,187/189,Rare Ultra,DAA
Fürsorgliche Pokémon-Züchter,188/189,Rare Ultra,DAA
Rose,189/189,Rare Ultra,DAA
Smettbo VMAX,190/189,Rare Rainbow,DAA
Infernopod VMAX,191/189,Rare Rainbow,DAA
Endynalos VMAX,192/189,Rare Rainbow,DAA
Scherox VMAX,193/189,Rare Rainbow,DAA
Brutalanda VMAX,194/189,Rare Rainbow,DAA
Fürsorgliche Pokémon-Züchter,195/189,Rare Rainbow,DAA
Rose,196/189,Rare Rainbow,DAA
Gortrom,197/189,Rare Secret,DAA
Montecarbo,198/189,Rare Secret,DAA
Großer Parasol,199/189,Rare Secret,DAA
Turbopflaster,200/189,Rare Secret,DAA
Fang-Energie,201/189,Rare Secret,DAA
Pinsir,1/203,Rare,EVS
Hoppspross,2/203,Common,EVS
Hubelupf,3/203,Uncommon,EVS
Papungha,4/203,Rare Holo,EVS
Samurzel,5/203,Common,EVS
Tropius,6/203,Rare,EVS
Folipurba V,7/203,Rare Holo V,EVS
Folipurba VMAX,8/203,Rare Holo VMAX,EVS
Lilminip,9/203,Common,EVS
Dressella,10/203,Rare,EVS
Lithomith,11/203,Common,EVS
Castellith,12/203,Uncommon,EVS
Trombork V,13/203,Rare Holo V,EVS
Trombork VMAX,14/203,Rare Holo VMAX,EVS
Cottini,15/203,Common,EVS
Cottomi,16/203,Rare Holo,EVS
Knapfel,17/203,Common,EVS
Flamara VMAX,18/203,Rare Holo VMAX,EVS
Entei,19/203,Rare Holo,EVS
Victini,20/203,Rare Holo,EVS
Ramoth V,21/203,Rare Holo V,EVS
Leufeo,22/203,Common,EVS
Pyroleo,23/203,Uncommon,EVS
Enton,24/203,Common,EVS
Entoron,25/203,Uncommon,EVS
Tentacha,26/203,Common,EVS
Tentoxa,27/203,Uncommon,EVS
Garados V,28/203,Rare Holo V,EVS
Garados VMAX,29/203,Rare Holo VMAX,EVS
Aquana VMAX,30/203,Rare Holo VMAX,EVS
Suicune V,31/203,Rare Holo V,EVS
Loturzel,32/203,Common,EVS
Lombrero,33/203,Uncommon,EVS
Kappalores,34/203,Rare Holo,EVS
Kanivanha,35/203,Common,EVS
Tohaido,36/203,Rare,EVS
Barschwa,37/203,Common,EVS
Milotic,38/203,Rare,EVS
Liebiskus,39/203,Common,EVS
Glaziola V,40/203,Rare Holo V,EVS
Glaziola VMAX,41/203,Rare Holo VMAX,EVS
Schallquap,42/203,Common,EVS
Frigometri,43/203,Common,EVS
Arktip,44/203,Common,EVS
Arktilas,45/203,Uncommon,EVS
Lusardin,46/203,Rare,EVS
Kubuin,47/203,Uncommon,EVS
Pescryodon V,48/203,Rare Holo V,EVS
Pikachu,49/203,Common,EVS
Raichu,50/203,Rare Holo,EVS
Blitza VMAX,51/203,Rare Holo VMAX,EVS
Lampi,52/203,Common,EVS
Lanturn,53/203,Uncommon,EVS
Voltilamm,54/203,Common,EVS
Waaty,55/203,Uncommon,EVS
Ampharos,56/203,Rare,EVS
Emolga,57/203,Common,EVS
Lectragon V,58/203,Rare Holo V,EVS
Lectragon VMAX,59/203,Rare Holo VMAX,EVS
Regieleki,60/203,Rare Holo,EVS
Traumato,61/203,Common,EVS
Hypno,62/203,Uncommon,EVS
Galar-Arktos,63/203,Rare Holo,EVS
Psiana V,64/203,Rare Holo V,EVS
Psiana VMAX,65/203,Rare Holo VMAX,EVS
Woingenau,66/203,Common,EVS
Zobiris,67/203,Common,EVS
Fleknoil,68/203,Common,EVS
Fletiamo,69/203,Uncommon,EVS
Golgantes V,70/203,Rare Holo V,EVS
Flabébé,71/203,Common,EVS
Floette,72/203,Uncommon,EVS
Florges,73/203,Rare Holo,EVS
Feelinara V,74/203,Rare Holo V,EVS
Feelinara VMAX,75/203,Rare Holo VMAX,EVS
Irrbis,76/203,Common,EVS
Pumpdjinn,77/203,Rare,EVS
Wommel,78/203,Common,EVS
Bandelby,79/203,Uncommon,EVS
Marshadow,80/203,Rare Holo,EVS
Nockchan,81/203,Common,EVS
Galar-Zapdos,82/203,Rare Holo,EVS
Meditalis V,83/203,Rare Holo V,EVS
Hippopotas,84/203,Common,EVS
Hippoterus,85/203,Uncommon,EVS
Kiesling,86/203,Common,EVS
Sedimantur,87/203,Uncommon,EVS
Brockoloss,88/203,Rare,EVS
Mebrana,89/203,Uncommon,EVS
Branawarz,90/203,Rare,EVS
Wolwerock V,91/203,Rare Holo V,EVS
Wolwerock VMAX,92/203,Rare Holo VMAX,EVS
Galar-Lavados,93/203,Rare Holo,EVS
Nachtara V,94/203,Rare Holo V,EVS
Nachtara VMAX,95/203,Rare Holo VMAX,EVS
Blanas,96/203,Uncommon,EVS
Tengulist,97/203,Rare,EVS
Zurrokex,98/203,Common,EVS
Irokex,99/203,Uncommon,EVS
Deponitox V,100/203,Rare Holo V,EVS
Deponitox VMAX,101/203,Rare Holo VMAX,EVS
Zorua,102/203,Common,EVS
Zoroark,103/203,Rare Holo,EVS
Kleptifux,104/203,Common,EVS
Gaunux,105/203,Rare,EVS
Altaria,106/203,Rare,EVS
Kindwurm,107/203,Common,EVS
Draschel,108/203,Uncommon,EVS
Brutalanda,109/203,Rare Holo,EVS
Rayquaza V,110/203,Rare Holo V,EVS
Rayquaza VMAX,111/203,Rare Holo VMAX,EVS
Dialga,112/203,Rare Holo,EVS
Kapuno,113/203,Common,EVS
Duodino,114/203,Uncommon,EVS
Trikephalo,115/203,Rare Holo,EVS
Kyurem,116/203,Rare Holo,EVS
UHaFnir V,117/203,Rare Holo V,EVS
Zygarde,118/203,Rare Holo,EVS
Sen-Long,119/203,Rare,EVS
Drapfel,120/203,Rare,EVS
Schlapfel,121/203,Rare,EVS
Duraludon V,122/203,Rare Holo V,EVS
Duraludon VMAX,123/203,Rare Holo VMAX,EVS
Regidrago,124/203,Rare Holo,EVS
Evoli,125/203,Common,EVS
Teddiursa,126/203,Common,EVS
Ursaring,127/203,Uncommon,EVS
Farbeagle,128/203,Rare,EVS
Bummelz,129/203,Common,EVS
Muntier,130/203,Uncommon,EVS
Letarking,131/203,Rare Holo,EVS
Wablu,132/203,Common,EVS
Yorkleff,133/203,Common,EVS
Terribark,134/203,Uncommon,EVS
Bissbark,135/203,Rare,EVS
Geronimatz,136/203,Common,EVS
Washakwil,137/203,Uncommon,EVS
Dartiri,138/203,Common,EVS
Dartignis,139/203,Uncommon,EVS
Fiaro,140/203,Rare,EVS
Aromalady,141/203,Uncommon,EVS
Boost-Shake,142/203,Uncommon,EVS
Nachahmerin,143/203,Uncommon,EVS
Kristallhöhle,144/203,Uncommon,EVS
Buddelhandschuhe,145/203,Uncommon,EVS
Traumball,146/203,Uncommon,EVS
Elementarorden,147/203,Uncommon,EVS
Gesichtsschutz,148/203,Uncommon,EVS
Mac,149/203,Uncommon,EVS
Glücks-Eis,150/203,Uncommon,EVS
Mondsonnenorden,151/203,Uncommon,EVS
Roy,152/203,Uncommon,EVS
Fließender-Angriff-Flugdrachenrolle,153/203,Uncommon,EVS
Rettungsbox,154/203,Uncommon,EVS
Schleifenorden,155/203,Uncommon,EVS
Gummihandschuhe,156/203,Uncommon,EVS
Shoppingcenter,157/203,Uncommon,EVS
Fokussierter-Angriff-Bissdrachenrolle,158/203,Uncommon,EVS
Schneeblattorden,159/203,Uncommon,EVS
Seelenmaske,160/203,Uncommon,EVS
Sturmgebirge,161/203,Uncommon,EVS
Tauschbecher,162/203,Uncommon,EVS
Spielzeugfänger,163/203,Uncommon,EVS
Amalias Entschluss,164/203,Uncommon,EVS
Schatz-Energie,165/203,Uncommon,EVS
Folipurba V,166/203,Rare Ultra,EVS
Folipurba V,167/203,Rare Ultra,EVS
Trombork V,168/203,Rare Ultra,EVS
Flamara V,169/203,Rare Ultra,EVS
Ramoth V,170/203,Rare Ultra,EVS
Garados V,171/203,Rare Ultra,EVS
Aquana V,172/203,Rare Ultra,EVS
Suicune V,173/203,Rare Ultra,EVS
Glaziola V,174/203,Rare Ultra,EVS
Glaziola V,175/203,Rare Ultra,EVS
Pescryodon V,176/203,Rare Ultra,EVS
Blitza V,177/203,Rare Ultra,EVS
Lectragon V,178/203,Rare Ultra,EVS
Psiana V,179/203,Rare Ultra,EVS
Psiana V,180/203,Rare Ultra,EVS
Golgantes V,181/203,Rare Ultra,EVS
Golgantes V,182/203,Rare Ultra,EVS
Feelinara V,183/203,Rare Ultra,EVS
Feelinara V,184/203,Rare Ultra,EVS
Meditalis V,185/203,Rare Ultra,EVS
Meditalis V,186/203,Rare Ultra,EVS
Wolwerock V,187/203,Rare Ultra,EVS
Nachtara V,188/203,Rare Ultra,EVS
Nachtara V,189/203,Rare Ultra,EVS
Deponitox V,190/203,Rare Ultra,EVS
Dragoran V,191/203,Rare Ultra,EVS
Dragoran V,192/203,Rare Ultra,EVS
Rayquaza V,193/203,Rare Ultra,EVS
Rayquaza V,194/203,Rare Ultra,EVS
UHaFnir V,195/203,Rare Ultra,EVS
UHaFnir V,196/203,Rare Ultra,EVS
Duraludon V,197/203,Rare Ultra,EVS
Duraludon V,198/203,Rare Ultra,EVS
Aromalady,199/203,Rare Ultra,EVS
Nachahmerin,200/203,Rare Ultra,EVS
Mac,201/203,Rare Ultra,EVS
Roy,202/203,Rare Ultra,EVS
Amalias Entschluss,203/203,Rare Ultra,EVS
Folipurba VMAX,204/203,Rare Rainbow,EVS
Folipurba VMAX,205/203,Rare Rainbow,EVS
Trombork VMAX,206/203,Rare Rainbow,EVS
Garados VMAX,207/203,Rare Rainbow,EVS
Glaziola VMAX,208/203,Rare Rainbow,EVS
Glaziola VMAX,209/203,Rare Rainbow,EVS
Lectragon VMAX,210/203,Rare Rainbow,EVS
Feelinara VMAX,211/203,Rare Rainbow,EVS
Feelinara VMAX,212/203,Rare Rainbow,EVS
Wolwerock VMAX,213/203,Rare Rainbow,EVS
Nachtara VMAX,214/203,Rare Rainbow,EVS
Nachtara VMAX,215/203,Rare Rainbow,EVS
Deponitox VMAX,216/203,Rare Rainbow,EVS
Rayquaza VMAX,217/203,Rare Rainbow,EVS
Rayquaza VMAX,218/203,Rare Rainbow,EVS
Duraludon VMAX,219/203,Rare Rainbow,EVS
Duraludon VMAX,220/203,Rare Rainbow,EVS
Aromalady,221/203,Rare Rainbow,EVS
Nachahmerin,222/203,Rare Rainbow,EVS
Mac,223/203,Rare Rainbow,EVS
Roy,224/203,Rare Rainbow,EVS
Amalias Entschluss,225/203,Rare Rainbow,EVS
Frosdedje,226/203,Rare Secret,EVS
Intelleon,227/203,Rare Secret,EVS
Cresselia,228/203,Rare Secret,EVS
Boost-Shake,229/203,Rare Secret,EVS
Kristallhöhle,230/203,Rare Secret,EVS
Gesichtsschutz,231/203,Rare Secret,EVS
Sturmgebirge,232/203,Rare Secret,EVS
Spielzeugfänger,233/203,Rare Secret,EVS
Turffield-Stadion,234/203,Rare Secret,EVS
Elektro-Energie,235/203,Rare Secret,EVS
Finsternis-Energie,236/203,Rare Secret,EVS
Metall-Energie,237/203,Rare Secret,EVS
Raupy,1/264,Common,FST
Safcon,2/264,Uncommon,FST
Smettbo,3/264,Rare Holo,FST
Knilz,4/264,Common,FST
Kapilz,5/264,Uncommon,FST
Kapilz V,6/264,Rare Holo V,FST
Vegimak,7/264,Common,FST
Vegichita,8/264,Uncommon,FST
Strawickl,9/264,Common,FST
Folikon,10/264,Uncommon,FST
Matrifol,11/264,Rare,FST
Maracamba,12/264,Rare,FST
Schnuthelm,13/264,Common,FST
Hydragil,14/264,Rare,FST
Viridium,15/264,Rare,FST
Paragoni,16/264,Common,FST
Trombork,17/264,Uncommon,FST
Mabula,18/264,Common,FST
Araqua,19/264,Common,FST
Aranestro,20/264,Rare,FST
Fruyal V,21/264,Rare Holo V,FST
Gortrom V,22/264,Rare Holo V,FST
Gortrom VMAX,23/264,Rare Holo VMAX,FST
Cottini,24/264,Common,FST
Cottomi,25/264,Uncommon,FST
Schlapfel V,26/264,Rare Holo V,FST
Zarude,27/264,Uncommon,FST
Vulpix,28/264,Common,FST
Vulpix,29/264,Common,FST
Vulnona,30/264,Uncommon,FST
Vulnona,31/264,Uncommon,FST
Fukano,32/264,Common,FST
Arkani,33/264,Rare,FST
Schneckmag,34/264,Common,FST
Magcargo,35/264,Uncommon,FST
Victini,36/264,Uncommon,FST
Grillmak,37/264,Common,FST
Grillchita,38/264,Uncommon,FST
Skelabra V,39/264,Rare Holo V,FST
Skelabra VMAX,40/264,Rare Holo VMAX,FST
Furnifraß,41/264,Uncommon,FST
Choreogel,42/264,Rare,FST
Liberlo V,43/264,Rare Holo V,FST
Liberlo V,44/264,Rare Holo V,FST
Liberlo VMAX,45/264,Rare Holo VMAX,FST
Thermopod,46/264,Common,FST
Thermopod,47/264,Common,FST
Infernopod,48/264,Rare,FST
Infernopod,49/264,Uncommon,FST
Muschas,50/264,Common,FST
Austos,51/264,Rare,FST
Sterndu,52/264,Common,FST
Starmie,53/264,Rare Holo,FST
Lapras,54/264,Uncommon,FST
Karnimani,55/264,Common,FST
Tyracroc,56/264,Uncommon,FST
Impergator,57/264,Rare Holo,FST
Marill,58/264,Common,FST
Azumarill,59/264,Rare,FST
Baldorfish,60/264,Common,FST
Mantax,61/264,Common,FST
Hydropi,62/264,Common,FST
Moorabbel,63/264,Uncommon,FST
Sumpex,64/264,Rare Holo,FST
Perlu,65/264,Common,FST
Aalabyss,66/264,Rare,FST
Saganabyss,67/264,Rare,FST
Sodamak,68/264,Common,FST
Sodachita,69/264,Uncommon,FST
Barschuft,70/264,Common,FST
Galar-Flampion,71/264,Common,FST
Galar-Flampivian,72/264,Uncommon,FST
Quajutsu V,73/264,Rare Holo V,FST
Scampisto,74/264,Common,FST
Wummer,75/264,Uncommon,FST
Krawell V,76/264,Rare Holo V,FST
Gufa,77/264,Uncommon,FST
Intelleon V,78/264,Rare Holo V,FST
Intelleon VMAX,79/264,Rare Holo VMAX,FST
Kamehaps,80/264,Common,FST
Kamalm,81/264,Uncommon,FST
Pikuda,82/264,Common,FST
Barrakiefa,83/264,Uncommon,FST
Snomnom,84/264,Common,FST
Mottineva,85/264,Uncommon,FST
Pikachu V,86/264,Rare Holo V,FST
Voltobal,87/264,Common,FST
Lektrobal,88/264,Rare,FST
Plusle,89/264,Common,FST
Minun,90/264,Common,FST
Sheinux,91/264,Common,FST
Luxio,92/264,Uncommon,FST
Luxtra,93/264,Rare,FST
Rotom,94/264,Common,FST
Zapplardin,95/264,Common,FST
Zapplalek,96/264,Uncommon,FST
Zapplarang,97/264,Rare,FST
Eguana,98/264,Common,FST
Elezard,99/264,Uncommon,FST
Akkup,100/264,Uncommon,FST
Donarion,101/264,Rare,FST
Zeraora,102/264,Rare,FST
Bellektro V,103/264,Rare Holo V,FST
Bellektro VMAX,104/264,Rare Holo VMAX,FST
Toxel,105/264,Common,FST
Toxel,106/264,Common,FST
Riffex,107/264,Rare Holo,FST
Riffex,108/264,Rare Holo,FST
Morpeko,109/264,Common,FST
Pummeluff,110/264,Common,FST
Knuddeluff,111/264,Uncommon,FST
Rossana,112/264,Common,FST
Mew V,113/264,Rare Holo V,FST
Mew VMAX,114/264,Rare Holo VMAX,FST
Snubbull,115/264,Common,FST
Granbull,116/264,Rare,FST
Galar-Corasonn,117/264,Common,FST
Galar-Gorgasonn,118/264,Rare,FST
Flunkifer,119/264,Common,FST
Deoxys,120/264,Rare Holo,FST
Somniam,121/264,Common,FST
Somnivora,122/264,Uncommon,FST
Symvolara,123/264,Common,FST
Meloetta,124/264,Rare,FST
Sankabuh,125/264,Common,FST
Colossand,126/264,Rare,FST
Servol,127/264,Common,FST
Grolldra,128/264,Common,FST
Phandra,129/264,Uncommon,FST
Katapuldra,130/264,Rare Holo,FST
Sandan,131/264,Common,FST
Sandamer,132/264,Uncommon,FST
Menki,133/264,Common,FST
Rasaff,134/264,Uncommon,FST
Kleinstein,135/264,Common,FST
Georok,136/264,Uncommon,FST
Geowaz,137/264,Rare,FST
Onix,138/264,Common,FST
Stahlos,139/264,Rare Holo,FST
Skorgla,140/264,Common,FST
Skorgro,141/264,Uncommon,FST
Makuhita,142/264,Common,FST
Hariyama,143/264,Uncommon,FST
Puppance,144/264,Common,FST
Lepumentas,145/264,Rare,FST
Lucario V,146/264,Rare Holo V,FST
Rotomurf,147/264,Common,FST
Demeteros,148/264,Rare Holo,FST
Pam-Pam,149/264,Common,FST
Velursi,150/264,Common,FST
Kosturso,151/264,Uncommon,FST
Klopptopus,152/264,Common,FST
Kaocto,153/264,Uncommon,FST
Legios,154/264,Uncommon,FST
Legios,155/264,Common,FST
Gengar V,156/264,Rare Holo V,FST
Gengar VMAX,157/264,Rare Holo VMAX,FST
Despotar V,158/264,Rare Holo V,FST
Galar-Zigzachs,159/264,Common,FST
Galar-Geradaks,160/264,Uncommon,FST
Galar-Barrikadax,161/264,Rare Holo,FST
Kanivanha,162/264,Common,FST
Tohaido,163/264,Uncommon,FST
Absol,164/264,Rare,FST
Glibunkel,165/264,Common,FST
Toxiquak,166/264,Rare,FST
Darkrai,167/264,Uncommon,FST
Unratütox,168/264,Common,FST
Deponitox,169/264,Uncommon,FST
Zorua,170/264,Common,FST
Zoroark,171/264,Uncommon,FST
Skallyk,172/264,Common,FST
Grypheldis,173/264,Uncommon,FST
Pandagro,174/264,Uncommon,FST
Yveltal,175/264,Rare,FST
Bähmon,176/264,Common,FST
Pelzebub,177/264,Uncommon,FST
Olangaar,178/264,Rare Holo,FST
Morpeko,179/264,Common,FST
Galar-Mauzi,180/264,Common,FST
Galar-Mauzinger,181/264,Uncommon,FST
Panzaeron,182/264,Common,FST
Stalobor,183/264,Uncommon,FST
Fermicula,184/264,Common,FST
Genesect V,185/264,Rare Holo V,FST
Clavion,186/264,Common,FST
Togedemaru,187/264,Uncommon,FST
Meltan,188/264,Common,FST
Melmetal,189/264,Rare Holo,FST
Krarmor,190/264,Rare,FST
Kupfanti,191/264,Common,FST
Patinaraja,192/264,Uncommon,FST
Latias,193/264,Rare,FST
Latios,194/264,Rare,FST
Viscora,195/264,Common,FST
Viscargot,196/264,Uncommon,FST
Viscogon,197/264,Rare,FST
Tortunator,198/264,Uncommon,FST
Mauzi,199/264,Common,FST
Snobilikat,200/264,Uncommon,FST
Dodri V,201/264,Rare Holo V,FST
Chaneira,202/264,Common,FST
Heiteira,203/264,Rare,FST
Kangama,204/264,Rare,FST
Evoli,205/264,Common,FST
Relaxo,206/264,Common,FST
Dummisel,207/264,Uncommon,FST
Damhirplex,208/264,Uncommon,FST
Farbeagle,209/264,Common,FST
Eneco,210/264,Common,FST
Enekoro,211/264,Uncommon,FST
Haspiror,212/264,Common,FST
Schlapor,213/264,Uncommon,FST
Scoppel,214/264,Common,FST
Grebbit,215/264,Uncommon,FST
Resladero,216/264,Uncommon,FST
Schlaraffel V,217/264,Rare Holo V,FST
Schlaraffel VMAX,218/264,Rare Holo VMAX,FST
Meikro,219/264,Common,FST
Kranoviz,220/264,Uncommon,FST
Wolly,221/264,Common,FST
Wolly,222/264,Common,FST
Zwollock,223/264,Uncommon,FST
Entdeckung der Abenteurerin,224/264,Uncommon,FST
VIP-Kampfpass,225/264,Uncommon,FST
Käfersammler,226/264,Uncommon,FST
Maik & Benny & Colin,227/264,Uncommon,FST
Küchenchef,228/264,Uncommon,FST
Urglmator,229/264,Uncommon,FST
Cross-Tauscher,230/264,Uncommon,FST
Cross-Transceiver,231/264,Uncommon,FST
Tänzerin,232/264,Uncommon,FST
Kamillas Glanz,233/264,Uncommon,FST
Abschiedsglocke,234/264,Uncommon,FST
Richter,235/264,Uncommon,FST
Power-Tablette,236/264,Uncommon,FST
Flottball,237/264,Uncommon,FST
Schüler,238/264,Uncommon,FST
Schülerin,239/264,Uncommon,FST
Sannah,240/264,Uncommon,FST
Ulrich,241/264,Uncommon,FST
Skatepark,242/264,Uncommon,FST
Schwammhandschuhe,243/264,Uncommon,FST
Fusionsangriff-Energie,244/264,Uncommon,FST
Celebi V,245/264,Rare Ultra,FST
Fruyal V,246/264,Rare Ultra,FST
Skelabra V,247/264,Rare Ultra,FST
Krawell V,248/264,Rare Ultra,FST
Bellektro V,249/264,Rare Ultra,FST
Mew V,250/264,Rare Ultra,FST
Mew V,251/264,Rare Ultra,FST
Sanaconda V,252/264,Rare Ultra,FST
Hoopa V,253/264,Rare Ultra,FST
Genesect V,254/264,Rare Ultra,FST
Genesect V,255/264,Rare Ultra,FST
Schlaraffel V,256/264,Rare Ultra,FST
Schlaraffel V,257/264,Rare Ultra,FST
Maik & Benny & Colin,258/264,Rare Ultra,FST
Tänzerin,259/264,Rare Ultra,FST
Kamillas Glanz,260/264,Rare Ultra,FST
Schüler,261/264,Rare Ultra,FST
Schülerin,262/264,Rare Ultra,FST
Sannah,263/264,Rare Ultra,FST
Ulrich,264/264,Rare Ultra,FST
Skelabra VMAX,265/264,Rare Rainbow,FST
Intelleon VMAX,266/264,Rare Rainbow,FST
Bellektro VMAX,267/264,Rare Rainbow,FST
Mew VMAX,268/264,Rare Rainbow,FST
Mew VMAX,269/264,Rare Rainbow,FST
Psiana VMAX,270/264,Rare Rainbow,FST
Gengar VMAX,271/264,Rare Rainbow,FST
Schlaraffel VMAX,272/264,Rare Rainbow,FST
Maik & Benny & Colin,273/264,Rare Rainbow,FST
Tänzerin,274/264,Rare Rainbow,FST
Kamillas Glanz,275/264,Rare Rainbow,FST
Schüler,276/264,Rare Rainbow,FST
Schülerin,277/264,Rare Rainbow,FST
Sannah,278/264,Rare Rainbow,FST
Ulrich,279/264,Rare Rainbow,FST
Waaty,280/264,Rare Secret,FST
Power-Tablette,281/264,Rare Secret,FST
Trainingsplatz,282/264,Rare Secret,FST
Pflanze-Energie,283/264,Rare Secret,FST
Feuer-Energie,284/264,Rare Secret,FST
Bisasam,1/78,Common,PGO
Bisaknosp,2/78,Uncommon,PGO
Bisaflor,3/78,Rare Holo,PGO
Strahlendes Bisaflor,4/78,Radiant Rare,PGO
Alola-Kokowei V,5/78,Rare Holo V,PGO
Webarak,6/78,Common,PGO
Ariados,7/78,Uncommon,PGO
Glumanda,8/78,Common,PGO
Glutexo,9/78,Uncommon,PGO
Glurak,10/78,Rare Holo,PGO
Strahlendes Glurak,11/78,Radiant Rare,PGO
Lavados,12/78,Rare Holo,PGO
Camaub,13/78,Common,PGO
Camerupt,14/78,Uncommon,PGO
Schiggy,15/78,Common,PGO
Schillok,16/78,Uncommon,PGO
Turtok,17/78,Rare Holo,PGO
Strahlendes Turtok,18/78,Radiant Rare,PGO
Flegmon,19/78,Common,PGO
Lahmus,20/78,Uncommon,PGO
Karpador,21/78,Common,PGO
Garados,22/78,Rare Holo,PGO
Lapras,23/78,Rare Holo,PGO
Arktos,24/78,Rare Holo,PGO
Reißlaus,25/78,Common,PGO
Tectass,26/78,Rare Holo,PGO
Pikachu,27/78,Common,PGO
Pikachu,28/78,Rare Holo,PGO
Zapdos,29/78,Rare Holo,PGO
Mewtu V,30/78,Rare Holo V,PGO
Mewtu VSTAR,31/78,Rare Holo VSTAR,PGO
Natu,32/78,Common,PGO
Xatu,33/78,Uncommon,PGO
Lunastein,34/78,Uncommon,PGO
Feelinara,35/78,Rare Holo,PGO
Onix,36/78,Common,PGO
Larvitar,37/78,Common,PGO
Pupitar,38/78,Uncommon,PGO
Sonnfel,39/78,Uncommon,PGO
Meistagrif V,40/78,Rare Holo V,PGO
Alola-Rattfratz,41/78,Common,PGO
Alola-Rattikarl,42/78,Common,PGO
Despotar,43/78,Rare Holo,PGO
Stahlos,44/78,Uncommon,PGO
Meltan,45/78,Common,PGO
Melmetal,46/78,Rare Holo,PGO
Melmetal V,47/78,Rare Holo V,PGO
Melmetal VMAX,48/78,Rare Holo VMAX,PGO
Dragoran V,49/78,Rare Holo V,PGO
Dragoran VSTAR,50/78,Rare Holo VSTAR,PGO
Chaneira,51/78,Uncommon,PGO
Heiteira,52/78,Rare Holo,PGO
Ditto,53/78,Rare Holo,PGO
Evoli,54/78,Common,PGO
Relaxo,55/78,Rare Holo,PGO
Griffel,56/78,Common,PGO
Ambidiffel,57/78,Common,PGO
Letarking V,58/78,Rare Holo V,PGO
Bidiza,59/78,Common,PGO
Bidifas,60/78,Common,PGO
Dusselgurr,61/78,Common,PGO
Navitaub,62/78,Common,PGO
Fasasnob,63/78,Uncommon,PGO
Blanche,64/78,Uncommon,PGO
Candela,65/78,Uncommon,PGO
Ei-Brutmaschine,66/78,Uncommon,PGO
Lockmodul,67/78,Uncommon,PGO
PokéStop,68/78,Uncommon,PGO
Sonderbonbon,69/78,Uncommon,PGO
Spark,70/78,Uncommon,PGO
Alola-Kokowei V,71/78,Rare Ultra,PGO
Mewtu V,72/78,Rare Ultra,PGO
Meistagrif V,73/78,Rare Ultra,PGO
Meistagrif V,74/78,Rare Ultra,PGO
Melmetal V,75/78,Rare Ultra,PGO
Dragoran V,76/78,Rare Ultra,PGO
Letarking V,77/78,Rare Ultra,PGO
Forschung des Professors,78/78,Rare Ultra,PGO
Mewtu VSTAR,79/78,Rare Rainbow,PGO
Melmetal VMAX,80/78,Rare Rainbow,PGO
Dragoran VSTAR,81/78,Rare Rainbow,PGO
Blanche,82/78,Rare Rainbow,PGO
Candela,83/78,Rare Rainbow,PGO
Forschung des Professors,84/78,Rare Rainbow,PGO
Spark,85/78,Rare Rainbow,PGO
Mewtu VSTAR,86/78,Rare Secret,PGO
Ei-Brutmaschine,87/78,Rare Secret,PGO
Lockmodul,88/78,Rare Secret,PGO
Parasek,TG01/30,Trainer Gallery Rare Holo,LOR
Roserade,TG02/30,Trainer Gallery Rare Holo,LOR
Glurak,TG03/30,Trainer Gallery Rare Holo,LOR
Skelabra,TG04/30,Trainer Gallery Rare Holo,LOR
Pikachu,TG05/30,Trainer Gallery Rare Holo,LOR
Gengar,TG06/30,Trainer Gallery Rare Holo,LOR
Banette,TG07/30,Trainer Gallery Rare Holo,LOR
Hisui-Arkani,TG08/30,Trainer Gallery Rare Holo,LOR
Kryppuk,TG09/30,Trainer Gallery Rare Holo,LOR
Relaxo,TG10/30,Trainer Gallery Rare Holo,LOR
Formeo,TG11/30,Trainer Gallery Rare Holo,LOR
Maritellit V,TG12/30,Rare Holo V,LOR
Maritellit VMAX,TG13/30,Rare Holo VMAX,LOR
Infernopod V,TG14/30,Rare Holo V,LOR
Infernopod VMAX,TG15/30,Rare Holo VMAX,LOR
Pikachu V,TG16/30,Rare Holo V,LOR
Pikachu VMAX,TG17/30,Rare Holo VMAX,LOR
Cupidos V,TG18/30,Rare Holo V,LOR
Galagladi V,TG19/30,Rare Holo V,LOR
Iksbat V,TG20/30,Rare Holo V,LOR
Endynalos V,TG21/30,Rare Holo V,LOR
Endynalos VMAX,TG22/30,Rare Holo VMAX,LOR
Entdeckung der Abenteurerin,TG23/30,Rare Ultra,LOR
Befehl vom Boss,TG24/30,Rare Ultra,LOR
Küchenchef,TG25/30,Rare Ultra,LOR
Kabu,TG26/30,Rare Ultra,LOR
Kate,TG27/30,Rare Ultra,LOR
Papella,TG28/30,Rare Ultra,LOR
Pikachu VMAX,TG29/30,Rare Secret,LOR
Mew VMAX,TG30/30,Rare Secret,LOR
Myrapla,1/196,Common,LOR
Duflor,2/196,Uncommon,LOR
Giflor,3/196,Rare Holo,LOR
Paras,4/196,Common,LOR
Parasek,5/196,Rare,LOR
Waumpel,6/196,Common,LOR
Schaloko,7/196,Uncommon,LOR
Papinella,8/196,Rare Holo,LOR
Panekon,9/196,Uncommon,LOR
Pudox,10/196,Rare,LOR
Samurzel,11/196,Common,LOR
Blanas,12/196,Uncommon,LOR
Tengulist,13/196,Rare Holo,LOR
Roselia,14/196,Common,LOR
Roserade,15/196,Uncommon,LOR
Paragoni,16/196,Common,LOR
Trombork,17/196,Rare Holo,LOR
Sensect,18/196,Common,LOR
Keradar,19/196,Uncommon,LOR
Maritellit,20/196,Rare Holo,LOR
Schneckmag,21/196,Common,LOR
Magcargo,22/196,Rare,LOR
Qurtel,23/196,Uncommon,LOR
Lichtel,24/196,Common,LOR
Laternecto,25/196,Uncommon,LOR
Skelabra,26/196,Rare Holo,LOR
Fennexis V,27/196,Rare Holo V,LOR
Leufeo,28/196,Common,LOR
Pyroleo,29/196,Rare Holo,LOR
Quapsel,30/196,Common,LOR
Quaputzi,31/196,Uncommon,LOR
Quaxo,32/196,Rare,LOR
Jurob,33/196,Common,LOR
Jugong,34/196,Rare,LOR
Seeper,35/196,Common,LOR
Seemon,36/196,Uncommon,LOR
Seedraking,37/196,Rare Holo,LOR
Liebiskus,38/196,Common,LOR
Schalellos,39/196,Common,LOR
Finneon,40/196,Common,LOR
Lumineon,41/196,Uncommon,LOR
Shnebedeck,42/196,Common,LOR
Rexblisar,43/196,Uncommon,LOR
Hisui-Barschuft,44/196,Common,LOR
Hisui-Salmagnis,45/196,Rare Holo,LOR
Piccolente,46/196,Common,LOR
Swaroness,47/196,Uncommon,LOR
Kyurem V,48/196,Rare Holo V,LOR
Kyurem VMAX,49/196,Rare Holo VMAX,LOR
Urgl,50/196,Rare,LOR
Polaross,51/196,Rare Holo,LOR
Pikachu,52/196,Common,LOR
Raichu,53/196,Rare,LOR
Frizelbliz,54/196,Common,LOR
Voltenso,55/196,Rare,LOR
Magnezone V,56/196,Rare Holo V,LOR
Magnezone VSTAR,57/196,Rare Holo VSTAR,LOR
Rotom V,58/196,Rare Holo V,LOR
Zapplardin,59/196,Common,LOR
Zapplalek,60/196,Uncommon,LOR
Zapplarang,61/196,Rare,LOR
Piepi,62/196,Common,LOR
Pixi,63/196,Rare,LOR
Nebulak,64/196,Common,LOR
Alpollo,65/196,Uncommon,LOR
Gengar,66/196,Rare Holo,LOR
Pantimos,67/196,Rare,LOR
Rossana,68/196,Common,LOR
Strahlendes Guardevoir,69/196,Radiant Rare,LOR
Zobiris,70/196,Rare Holo,LOR
Flunkifer,71/196,Common,LOR
Shuppet,72/196,Common,LOR
Banette,73/196,Rare,LOR
Cresselia,74/196,Rare Holo,LOR
Hisui-Zorua,75/196,Common,LOR
Hisui-Zoroark,76/196,Rare Holo,LOR
Iscalar,77/196,Common,LOR
Calamanero,78/196,Rare,LOR
Curelei,79/196,Rare,LOR
Mimigma,80/196,Rare,LOR
Phantoross,81/196,Rare Holo,LOR
Cupidos V,82/196,Rare Holo V,LOR
Hisui-Fukano,83/196,Common,LOR
Hisui-Arkani,84/196,Rare Holo,LOR
Quappo,85/196,Rare,LOR
Machollo,86/196,Common,LOR
Maschock,87/196,Uncommon,LOR
Machomei,88/196,Rare Holo,LOR
Rihorn,89/196,Common,LOR
Rizeros,90/196,Uncommon,LOR
Rihornior,91/196,Rare,LOR
Aerodactyl V,92/196,Rare Holo V,LOR
Aerodactyl VSTAR,93/196,Rare Holo VSTAR,LOR
Mogelbaum,94/196,Common,LOR
Skorgla,95/196,Common,LOR
Skorgro,96/196,Rare,LOR
Makuhita,97/196,Common,LOR
Hariyama,98/196,Uncommon,LOR
Meditie,99/196,Common,LOR
Meditalis,100/196,Uncommon,LOR
Relicanth,101/196,Uncommon,LOR
Gastrodon,102/196,Uncommon,LOR
Lin-Fu,103/196,Common,LOR
Wie-Shu,104/196,Uncommon,LOR
Demeteros,105/196,Rare,LOR
Bithora,106/196,Common,LOR
Thanathora,107/196,Rare Holo,LOR
Rocara,108/196,Uncommon,LOR
Wuffels,109/196,Common,LOR
Legios,110/196,Common,LOR
Humanolith,111/196,Rare,LOR
Webarak,112/196,Common,LOR
Ariados,113/196,Rare,LOR
Kramurx,114/196,Common,LOR
Kramshef,115/196,Rare,LOR
Vipitis,116/196,Uncommon,LOR
Kryppuk,117/196,Rare,LOR
Piondragi V,118/196,Rare Holo V,LOR
Piondragi VSTAR,119/196,Rare Holo VSTAR,LOR
Darkrai,120/196,Rare Holo,LOR
Iscalar,121/196,Common,LOR
Hoopa,122/196,Rare,LOR
Strahlendes Hisui-Snieboss,123/196,Radiant Rare,LOR
Strahlendes Stahlos,124/196,Radiant Rare,LOR
Bronzel,125/196,Common,LOR
Bronzong,126/196,Uncommon,LOR
Galar-Flunschlik,127/196,Uncommon,LOR
Magearna,128/196,Rare,LOR
Galar-Mauzinger V,129/196,Rare Holo V,LOR
Giratina V,130/196,Rare Holo V,LOR
Giratina VSTAR,131/196,Rare Holo VSTAR,LOR
Viscora,132/196,Common,LOR
Hisui Viscargot,133/196,Uncommon,LOR
Hisui Viscogon,134/196,Rare Holo,LOR
Hisui Viscogon-V,135/196,Rare Holo V,LOR
Hisui Viscogon-VSTAR,136/196,Rare Holo VSTAR,LOR
Tauboss V,137/196,Rare Holo V,LOR
Schlurp,138/196,Common,LOR
Schlurplek,139/196,Uncommon,LOR
Porygon,140/196,Common,LOR
Porygon2,141/196,Uncommon,LOR
Porygon-Z,142/196,Rare,LOR
Relaxo,143/196,Rare Holo,LOR
Griffel,144/196,Common,LOR
Ambidiffel,145/196,Uncommon,LOR
Hisui-Zoroark V,146/196,Rare Holo V,LOR
Hisui-Zoroark VSTAR,147/196,Rare Holo VSTAR,LOR
Bisofank,148/196,Rare,LOR
Koalelu,149/196,Uncommon,LOR
Raffel,150/196,Common,LOR
Schlaraffel,151/196,Rare,LOR
ArceusPhone,152/196,Uncommon,LOR
Hinatsu,153/196,Uncommon,LOR
Kiste des Unheils,154/196,Uncommon,LOR
Achromas' Experiment,155/196,Uncommon,LOR
Schadenspumpe,156/196,Uncommon,LOR
Lamina,157/196,Uncommon,LOR
Susuki,158/196,Uncommon,LOR
Lady,159/196,Uncommon,LOR
See der Stärke,160/196,Uncommon,LOR
Nirgendwo City,161/196,Uncommon,LOR
Nirgendwo-Sauger,162/196,Uncommon,LOR
Illusionsportal,163/196,Uncommon,LOR
Banditenschwestern,164/196,Uncommon,LOR
Panikmaske,165/196,Uncommon,LOR
Urs,166/196,Uncommon,LOR
Distmar,167/196,Uncommon,LOR
Werkzeugkasten,168/196,Uncommon,LOR
Volo,169/196,Rare Holo,LOR
Aufzieharm,170/196,Uncommon,LOR
Geschenk-Energie,171/196,Uncommon,LOR
Hisui-Lektrobal V,172/196,Rare Ultra,LOR
Fennexis V,173/196,Rare Ultra,LOR
Kyurem V,174/196,Rare Ultra,LOR
Magnezone V,175/196,Rare Ultra,LOR
Rotom V,176/196,Rare Ultra,LOR
Rotom V,177/196,Rare Ultra,LOR
Cupidos V,178/196,Rare Ultra,LOR
Aerodactyl V,179/196,Rare Ultra,LOR
Aerodactyl V,180/196,Rare Ultra,LOR
Galagladi V,181/196,Rare Ultra,LOR
Piondragi V,182/196,Rare Ultra,LOR
Galar-Mauzinger V,183/196,Rare Ultra,LOR
Galar-Mauzinger V,184/196,Rare Ultra,LOR
Giratina V,185/196,Rare Ultra,LOR
Giratina V,186/196,Rare Ultra,LOR
Hisui Viscogon-V,187/196,Rare Ultra,LOR
Tauboss V,188/196,Rare Ultra,LOR
Hinatsu,189/196,Rare Ultra,LOR
Achromas' Experiment,190/196,Rare Ultra,LOR
Lamina,191/196,Rare Ultra,LOR
Susuki,192/196,Rare Ultra,LOR
Lady,193/196,Rare Ultra,LOR
Banditenschwestern,194/196,Rare Ultra,LOR
Distmar,195/196,Rare Ultra,LOR
Volo,196/196,Rare Ultra,LOR
Kyurem VMAX,197/196,Rare Rainbow,LOR
Magnezone VSTAR,198/196,Rare Rainbow,LOR
Aerodactyl VSTAR,199/196,Rare Rainbow,LOR
Piondragi VSTAR,200/196,Rare Rainbow,LOR
Giratina VSTAR,201/196,Rare Rainbow,LOR
Hisui Viscogon-VSTAR,202/196,Rare Rainbow,LOR
Hisui-Zoroark VSTAR,203/196,Rare Rainbow,LOR
Hinatsu,204/196,Rare Rainbow,LOR
Achromas' Experiment,205/196,Rare Rainbow,LOR
Lamina,206/196,Rare Rainbow,LOR
Susuki,207/196,Rare Rainbow,LOR
Lady,208/196,Rare Rainbow,LOR
Banditenschwestern,209/196,Rare Rainbow,LOR
Distmar,210/196,Rare Rainbow,LOR
Volo,211/196,Rare Rainbow,LOR
Giratina VSTAR,212/196,Rare Secret,LOR
Hisui-Zoroark VSTAR,213/196,Rare Secret,LOR
Kiste des Unheils,214/196,Rare Secret,LOR
Stadionruine,215/196,Rare Secret,LOR
Finsterpflaster,216/196,Rare Secret,LOR
Nirgendwo-Sauger,217/196,Rare Secret,LOR
Raupy,1/192,Common,RCL
Safcon,2/192,Uncommon,RCL
Smettbo,3/192,Rare,RCL
Sichlor,4/192,Common,RCL
Pottrott,5/192,Uncommon,RCL
Skaraborn,6/192,Uncommon,RCL
Loturzel,7/192,Common,RCL
Lombrero,8/192,Uncommon,RCL
Kappalores,9/192,Rare,RCL
Gehweiher,10/192,Common,RCL
Maskeregen,11/192,Uncommon,RCL
Shnebedeck,12/192,Common,RCL
Rexblisar,13/192,Rare,RCL
Paragoni,14/192,Common,RCL
Trombork,15/192,Rare,RCL
Mabula,16/192,Common,RCL
Gortrom V,17/192,Rare Holo V,RCL
Gortrom VMAX,18/192,Rare Holo VMAX,RCL
Cottomi V,19/192,Rare Holo V,RCL
Knapfel,20/192,Common,RCL
Knapfel,21/192,Common,RCL
Drapfel,22/192,Rare Holo,RCL
Schlapfel,23/192,Rare Holo,RCL
Vulpix,24/192,Common,RCL
Vulnona,25/192,Rare,RCL
Vulnona V,26/192,Rare Holo V,RCL
Fukano,27/192,Common,RCL
Arkani,28/192,Rare,RCL
Magmar,29/192,Common,RCL
Magbrant,30/192,Rare,RCL
Lichtel,31/192,Common,RCL
Laternecto,32/192,Uncommon,RCL
Skelabra,33/192,Rare Holo,RCL
Furnifraß,34/192,Uncommon,RCL
Liberlo V,35/192,Rare Holo V,RCL
Liberlo VMAX,36/192,Rare Holo VMAX,RCL
Galar-Pantimos,37/192,Common,RCL
Galar-Pantifrost,38/192,Rare,RCL
Karpador,39/192,Common,RCL
Garados,40/192,Rare Holo,RCL
Wingull,41/192,Common,RCL
Pelipper,42/192,Uncommon,RCL
Milotic V,43/192,Rare Holo V,RCL
Schallquap,44/192,Common,RCL
Mebrana,45/192,Uncommon,RCL
Branawarz,46/192,Rare,RCL
Galar-Flampion,47/192,Common,RCL
Galar-Flampivian,48/192,Rare,RCL
Intelleon V,49/192,Rare Holo V,RCL
Intelleon VMAX,50/192,Rare Holo VMAX,RCL
Urgl,51/192,Rare,RCL
Pikuda,52/192,Common,RCL
Barrakiefa,53/192,Rare,RCL
Kubuin,54/192,Rare Holo,RCL
Kubuin V,55/192,Rare Holo V,RCL
Voltobal,56/192,Common,RCL
Lektrobal,57/192,Uncommon,RCL
Elektek,58/192,Common,RCL
Elevoltek,59/192,Rare,RCL
Sheinux,60/192,Common,RCL
Luxio,61/192,Uncommon,RCL
Luxtra,62/192,Rare Holo,RCL
Eguana,63/192,Common,RCL
Elezard,64/192,Uncommon,RCL
Akkup,65/192,Uncommon,RCL
Donarion,66/192,Rare Holo,RCL
Bellektro V,67/192,Rare Holo V,RCL
Toxel,68/192,Common,RCL
Riffex,69/192,Rare,RCL
Riffex V,70/192,Rare Holo V,RCL
Riffex VMAX,71/192,Rare Holo VMAX,RCL
Britzigel V,72/192,Rare Holo V,RCL
Morpeko,73/192,Uncommon,RCL
Piepi,74/192,Common,RCL
Pixi,75/192,Rare Holo,RCL
Natu,76/192,Common,RCL
Xatu,77/192,Uncommon,RCL
Galar-Corasonn,78/192,Common,RCL
Galar-Gorgasonn,79/192,Rare Holo,RCL
Symvolara,80/192,Rare,RCL
Sankabuh,81/192,Common,RCL
Colossand,82/192,Uncommon,RCL
Brimova,83/192,Common,RCL
Brimano,84/192,Uncommon,RCL
Silembrim,85/192,Rare Holo,RCL
Hokumil,86/192,Common,RCL
Pokusan,87/192,Rare,RCL
Servol,88/192,Uncommon,RCL
Grolldra,89/192,Common,RCL
Phandra,90/192,Uncommon,RCL
Katapuldra,91/192,Rare Holo,RCL
Katapuldra V,92/192,Rare Holo V,RCL
Katapuldra VMAX,93/192,Rare Holo VMAX,RCL
Galar-Porenta,94/192,Common,RCL
Galar-Lauchzelot,95/192,Rare Holo,RCL
Nasgnet,96/192,Common,RCL
Meditie,97/192,Common,RCL
Meditalis,98/192,Uncommon,RCL
Schmerbe,99/192,Common,RCL
Welsar,100/192,Rare,RCL
Galar-Makabaja,101/192,Common,RCL
Galar-Oghnatoll,102/192,Rare,RCL
Bithora,103/192,Common,RCL
Thanathora,104/192,Rare,RCL
Klonkett,105/192,Common,RCL
Wagong,106/192,Uncommon,RCL
Montecarbo,107/192,Rare Holo,RCL
Sanaconda V,108/192,Rare Holo V,RCL
Legios,109/192,Uncommon,RCL
Legios V,110/192,Rare Holo V,RCL
Humanolith,111/192,Rare Holo,RCL
Smogon,112/192,Common,RCL
Galar-Smogmog,113/192,Rare Holo,RCL
Skunkapuh,114/192,Common,RCL
Skuntank,115/192,Uncommon,RCL
Kryppuk,116/192,Rare,RCL
Unratütox,117/192,Common,RCL
Deponitox,118/192,Rare,RCL
Skallyk,119/192,Common,RCL
Grypheldis,120/192,Rare,RCL
Calamanero V,121/192,Rare Holo V,RCL
Calamanero VMAX,122/192,Rare Holo VMAX,RCL
Bähmon,123/192,Common,RCL
Pelzebub,124/192,Uncommon,RCL
Olangaar,125/192,Rare Holo,RCL
Galar-Mauzi,126/192,Common,RCL
Galar-Mauzinger,127/192,Rare,RCL
Scherox,128/192,Rare,RCL
Bronzel,129/192,Common,RCL
Bronzong,130/192,Uncommon,RCL
Voluminas,131/192,Rare,RCL
Fermicula,132/192,Uncommon,RCL
Gramokles,133/192,Common,RCL
Duokles,134/192,Uncommon,RCL
Durengard,135/192,Rare,RCL
Patinaraja V,136/192,Rare Holo V,RCL
Patinaraja VMAX,137/192,Rare Holo VMAX,RCL
Duraludon,138/192,Rare Holo,RCL
Zacian,139/192,Rare,RCL
Zamazenta,140/192,Rare,RCL
Relaxo,141/192,Rare,RCL
Plaudagei,142/192,Uncommon,RCL
Dusselgurr,143/192,Common,RCL
Navitaub,144/192,Uncommon,RCL
Fasasnob,145/192,Rare,RCL
Scoppel,146/192,Common,RCL
Grebbit,147/192,Rare,RCL
Resladero,148/192,Uncommon,RCL
Velursi,149/192,Common,RCL
Kosturso,150/192,Uncommon,RCL
Raffel,151/192,Common,RCL
Schlaraffel,152/192,Rare,RCL
Zwollock V,153/192,Rare Holo V,RCL
Befehl vom Boss,154/192,Rare Holo,RCL
Flammenhalstuch,155/192,Uncommon,RCL
Geräumiger Eimer,156/192,Uncommon,RCL
Verfluchte Schaufel,157/192,Uncommon,RCL
Stuart,158/192,Uncommon,RCL
Hyperheiler,159/192,Uncommon,RCL
Galar-Mine 1,160/192,Uncommon,RCL
Yarro,161/192,Uncommon,RCL
Nugget,162/192,Uncommon,RCL
Olivia,163/192,Uncommon,RCL
Pokéball,164/192,Uncommon,RCL
Anziehungsnetz,165/192,Uncommon,RCL
Géraldine,166/192,Uncommon,RCL
Sania,167/192,Uncommon,RCL
Ausrüstungsentsorger,168/192,Uncommon,RCL
Trainingsplatz,169/192,Uncommon,RCL
Turffield-Stadion,170/192,Uncommon,RCL
Fang-Energie,171/192,Uncommon,RCL
Horror-Psychic-Energie,172/192,Uncommon,RCL
Tempo-Lightning-Energie,173/192,Uncommon,RCL
Zwillings-Energie,174/192,Uncommon,RCL
Gortrom V,175/192,Rare Ultra,RCL
Cottomi V,176/192,Rare Ultra,RCL
Vulnona V,177/192,Rare Ultra,RCL
Liberlo V,178/192,Rare Ultra,RCL
Milotic V,179/192,Rare Ultra,RCL
Intelleon V,180/192,Rare Ultra,RCL
Bellektro V,181/192,Rare Ultra,RCL
Riffex V,182/192,Rare Ultra,RCL
Katapuldra V,183/192,Rare Ultra,RCL
Sanaconda V,184/192,Rare Ultra,RCL
Legios V,185/192,Rare Ultra,RCL
Calamanero V,186/192,Rare Ultra,RCL
Patinaraja V,187/192,Rare Ultra,RCL
Zwollock V,188/192,Rare Ultra,RCL
Befehl vom Boss,189/192,Rare Ultra,RCL
Yarro,190/192,Rare Ultra,RCL
Olivia,191/192,Rare Ultra,RCL
Sania,192/192,Rare Ultra,RCL
Gortrom VMAX,193/192,Rare Rainbow,RCL
Liberlo VMAX,194/192,Rare Rainbow,RCL
Intelleon VMAX,195/192,Rare Rainbow,RCL
Riffex VMAX,196/192,Rare Rainbow,RCL
Katapuldra VMAX,197/192,Rare Rainbow,RCL
Calamanero VMAX,198/192,Rare Rainbow,RCL
Patinaraja VMAX,199/192,Rare Rainbow,RCL
Befehl vom Boss,200/192,Rare Rainbow,RCL
Yarro,201/192,Rare Rainbow,RCL
Olivia,202/192,Rare Rainbow,RCL
Sania,203/192,Rare Rainbow,RCL
Mottineva,204/192,Rare Secret,RCL
Galar-Mauzinger,205/192,Rare Secret,RCL
Großes Amulett,206/192,Rare Secret,RCL
Anziehungsnetz,207/192,Rare Secret,RCL
Ausrüstungsentsorger,208/192,Rare Secret,RCL
Zwillings-Energie,209/192,Rare Secret,RCL
Bauz,SV001/122,Rare Shiny,SHFSV
Arboretoss,SV002/122,Rare Shiny,SHFSV
Silvarro,SV003/122,Rare Shiny,SHFSV
Chimpep,SV004/122,Rare Shiny,SHFSV
Chimstix,SV005/122,Rare Shiny,SHFSV
Gortrom,SV006/122,Rare Shiny,SHFSV
Sensect,SV007/122,Rare Shiny,SHFSV
Keradar,SV008/122,Rare Shiny,SHFSV
Maritellit,SV009/122,Rare Shiny,SHFSV
Cottini,SV010/122,Rare Shiny,SHFSV
Cottomi,SV011/122,Rare Shiny,SHFSV
Knapfel,SV012/122,Rare Shiny,SHFSV
Drapfel,SV013/122,Rare Shiny,SHFSV
Schlapfel,SV014/122,Rare Shiny,SHFSV
Hopplo,SV015/122,Rare Shiny,SHFSV
Kickerlo,SV016/122,Rare Shiny,SHFSV
Liberlo,SV017/122,Rare Shiny,SHFSV
Thermopod,SV018/122,Rare Shiny,SHFSV
Infernopod,SV019/122,Rare Shiny,SHFSV
Galar-Pantimos,SV020/122,Rare Shiny,SHFSV
Galar-Pantifrost,SV021/122,Rare Shiny,SHFSV
Suicune,SV022/122,Rare Shiny,SHFSV
Galar-Flampion,SV023/122,Rare Shiny,SHFSV
Galar-Flampivian,SV024/122,Rare Shiny,SHFSV
Memmeon,SV025/122,Rare Shiny,SHFSV
Phlegleon,SV026/122,Rare Shiny,SHFSV
Intelleon,SV027/122,Rare Shiny,SHFSV
Kamehaps,SV028/122,Rare Shiny,SHFSV
Kamalm,SV029/122,Rare Shiny,SHFSV
Urgl,SV030/122,Rare Shiny,SHFSV
Pikuda,SV031/122,Rare Shiny,SHFSV
Barrakiefa,SV032/122,Rare Shiny,SHFSV
Snomnom,SV033/122,Rare Shiny,SHFSV
Mottineva,SV034/122,Rare Shiny,SHFSV
Kubuin,SV035/122,Rare Shiny,SHFSV
Pescragon,SV036/122,Rare Shiny,SHFSV
Pescryodon,SV037/122,Rare Shiny,SHFSV
Rotom,SV038/122,Rare Shiny,SHFSV
Voldi,SV039/122,Rare Shiny,SHFSV
Bellektro,SV040/122,Rare Shiny,SHFSV
Toxel,SV041/122,Rare Shiny,SHFSV
Riffex,SV042/122,Rare Shiny,SHFSV
Britzigel,SV043/122,Rare Shiny,SHFSV
Morpeko,SV044/122,Rare Shiny,SHFSV
Lectragon,SV045/122,Rare Shiny,SHFSV
Lecryodon,SV046/122,Rare Shiny,SHFSV
Galar-Ponita,SV047/122,Rare Shiny,SHFSV
Galar-Gallopa,SV048/122,Rare Shiny,SHFSV
Galar-Corasonn,SV049/122,Rare Shiny,SHFSV
Galar-Gorgasonn,SV050/122,Rare Shiny,SHFSV
Dedenne,SV051/122,Rare Shiny,SHFSV
Fatalitee,SV052/122,Rare Shiny,SHFSV
Mortipot,SV053/122,Rare Shiny,SHFSV
Brimova,SV054/122,Rare Shiny,SHFSV
Brimano,SV055/122,Rare Shiny,SHFSV
Silembrim,SV056/122,Rare Shiny,SHFSV
Hokumil,SV057/122,Rare Shiny,SHFSV
Pokusan,SV058/122,Rare Shiny,SHFSV
Servol,SV059/122,Rare Shiny,SHFSV
Grolldra,SV060/122,Rare Shiny,SHFSV
Phandra,SV061/122,Rare Shiny,SHFSV
Katapuldra,SV062/122,Rare Shiny,SHFSV
Galar-Porenta,SV063/122,Rare Shiny,SHFSV
Galar-Lauchzelot,SV064/122,Rare Shiny,SHFSV
Galar-Makabaja,SV065/122,Rare Shiny,SHFSV
Galar-Oghnatoll,SV066/122,Rare Shiny,SHFSV
Klonkett,SV067/122,Rare Shiny,SHFSV
Wagong,SV068/122,Rare Shiny,SHFSV
Montecarbo,SV069/122,Rare Shiny,SHFSV
Salanga,SV070/122,Rare Shiny,SHFSV
Sanaconda,SV071/122,Rare Shiny,SHFSV
Klopptopus,SV072/122,Rare Shiny,SHFSV
Kaocto,SV073/122,Rare Shiny,SHFSV
Legios,SV074/122,Rare Shiny,SHFSV
Humanolith,SV075/122,Rare Shiny,SHFSV
Smogon,SV076/122,Rare Shiny,SHFSV
Galar-Smogmog,SV077/122,Rare Shiny,SHFSV
Galar-Zigzachs,SV078/122,Rare Shiny,SHFSV
Galar-Geradaks,SV079/122,Rare Shiny,SHFSV
Galar-Barrikadax,SV080/122,Rare Shiny,SHFSV
Kleptifux,SV081/122,Rare Shiny,SHFSV
Gaunux,SV082/122,Rare Shiny,SHFSV
Bähmon,SV083/122,Rare Shiny,SHFSV
Pelzebub,SV084/122,Rare Shiny,SHFSV
Olangaar,SV085/122,Rare Shiny,SHFSV
Galar-Mauzi,SV086/122,Rare Shiny,SHFSV
Galar-Mauzinger,SV087/122,Rare Shiny,SHFSV
Galar-Flunschlik,SV088/122,Rare Shiny,SHFSV
Krarmor,SV089/122,Rare Shiny,SHFSV
Kupfanti,SV090/122,Rare Shiny,SHFSV
Patinaraja,SV091/122,Rare Shiny,SHFSV
Duraludon,SV092/122,Rare Shiny,SHFSV
Picochilla,SV093/122,Rare Shiny,SHFSV
Chillabell,SV094/122,Rare Shiny,SHFSV
Piccolente,SV095/122,Rare Shiny,SHFSV
Swaroness,SV096/122,Rare Shiny,SHFSV
Scoppel,SV097/122,Rare Shiny,SHFSV
Kommandutan,SV098/122,Rare Shiny,SHFSV
Raffel,SV099/122,Rare Shiny,SHFSV
Schlaraffel,SV100/122,Rare Shiny,SHFSV
Meikro,SV101/122,Rare Shiny,SHFSV
Kranoviz,SV102/122,Rare Shiny,SHFSV
Wolly,SV103/122,Rare Shiny,SHFSV
Zwollock,SV104/122,Rare Shiny,SHFSV
Gortrom V,SV105/122,Rare Holo V,SHFSV
Gortrom VMAX,SV106/122,Rare Holo VMAX,SHFSV
Glurak VMAX,SV107/122,Rare Holo VMAX,SHFSV
Infernopod V,SV108/122,Rare Holo V,SHFSV
Infernopod VMAX,SV109/122,Rare Holo VMAX,SHFSV
Lapras V,SV110/122,Rare Holo V,SHFSV
Lapras VMAX,SV111/122,Rare Holo VMAX,SHFSV
Riffex V,SV112/122,Rare Holo V,SHFSV
Riffex VMAX,SV113/122,Rare Holo VMAX,SHFSV
Servol V,SV114/122,Rare Holo V,SHFSV
Legios V,SV115/122,Rare Holo V,SHFSV
Olangaar V,SV116/122,Rare Holo V,SHFSV
Olangaar VMAX,SV117/122,Rare Holo VMAX,SHFSV
Ditto V,SV118/122,Rare Holo V,SHFSV
Ditto VMAX,SV119/122,Rare Holo VMAX,SHFSV
Zwollock V,SV120/122,Rare Holo V,SHFSV
Endynalos V,SV121/122,Rare Secret,SHFSV
Endynalos VMAX,SV122/122,Rare Secret,SHFSV
Yanma,1/72,Common,SHF
Yanmega,2/72,Rare,SHF
Celebi,3/72,Rare,SHF
Tuska,4/72,Common,SHF
Tropius,5/72,Uncommon,SHF
Bauz,6/72,Common,SHF
Arboretoss,7/72,Uncommon,SHF
Silvarro,8/72,Rare Holo,SHF
Moruda V,9/72,Rare Holo V,SHF
Moruda VMAX,10/72,Rare Holo VMAX,SHF
Chimpep,11/72,Common,SHF
Chimstix,12/72,Uncommon,SHF
Gortrom,13/72,Rare Holo,SHF
Cottini,14/72,Common,SHF
Cottomi,15/72,Uncommon,SHF
Zarude,16/72,Rare,SHF
Reshiram,17/72,Amazing Rare,SHF
Liberlo V,18/72,Rare Holo V,SHF
Liberlo VMAX,19/72,Rare Holo VMAX,SHF
Seeper,20/72,Common,SHF
Kyogre,21/72,Amazing Rare,SHF
Bamelin,22/72,Common,SHF
Bojelin,23/72,Uncommon,SHF
Manaphy,24/72,Rare,SHF
Volcanion,25/72,Rare,SHF
Kamehaps,26/72,Common,SHF
Kamalm,27/72,Rare,SHF
Urgl,28/72,Uncommon,SHF
Snomnom,29/72,Common,SHF
Mottineva,30/72,Rare Holo,SHF
Sheinux,31/72,Common,SHF
Luxio,32/72,Uncommon,SHF
Luxtra,33/72,Rare Holo,SHF
Rotom,34/72,Uncommon,SHF
Morpeko,35/72,Common,SHF
Morpeko,36/72,Common,SHF
Morpeko V,37/72,Rare Holo V,SHF
Morpeko VMAX,38/72,Rare Holo VMAX,SHF
Servol V,39/72,Rare Holo V,SHF
Knacklion,40/72,Common,SHF
Smogon,41/72,Common,SHF
Galar-Smogmog,42/72,Rare Holo,SHF
Webarak,43/72,Common,SHF
Iksbat V,44/72,Rare Holo V,SHF
Iksbat VMAX,45/72,Rare Holo VMAX,SHF
Yveltal,46/72,Amazing Rare,SHF
Kleptifux,47/72,Common,SHF
Gaunux,48/72,Rare Holo,SHF
Kupfanti,49/72,Common,SHF
Ditto V,50/72,Rare Holo V,SHF
Ditto VMAX,51/72,Rare Holo VMAX,SHF
Evoli,52/72,Common,SHF
Schlaraffel V,53/72,Rare Holo V,SHF
Urgl V,54/72,Rare Holo V,SHF
Urgl VMAX,55/72,Rare Holo VMAX,SHF
Servol,56/72,Rare Holo,SHF
Ballduin,57/72,Uncommon,SHF
Befehl vom Boss,58/72,Rare,SHF
Arenatrainer,59/72,Uncommon,SHF
Forschung des Professors,60/72,Rare,SHF
Rostiger Schild,61/72,Uncommon,SHF
Rostiges Schwert,62/72,Uncommon,SHF
Tuch von Team Yell,63/72,Uncommon,SHF
Pokusan V,64/72,Rare Ultra,SHF
Ballduin,65/72,Rare Ultra,SHF
Vogel-Profi,66/72,Rare Ultra,SHF
Petra Fakt,67/72,Rare Ultra,SHF
Arenatrainer,68/72,Rare Ultra,SHF
Nezz,69/72,Rare Ultra,SHF
Poké-Kind,70/72,Rare Ultra,SHF
Rose,71/72,Rare Ultra,SHF
Géraldine,72/72,Rare Ultra,SHF
Pokusan VMAX,73/72,Rare Rainbow,SHF
Rutena,TG01/30,Trainer Gallery Rare Holo,SIT
Milotic,TG02/30,Trainer Gallery Rare Holo,SIT
Waaty,TG03/30,Trainer Gallery Rare Holo,SIT
Rossana,TG04/30,Trainer Gallery Rare Holo,SIT
Guardevoir,TG05/30,Trainer Gallery Rare Holo,SIT
Calamanero,TG06/30,Trainer Gallery Rare Holo,SIT
Wuffels,TG07/30,Trainer Gallery Rare Holo,SIT
Quartermak,TG08/30,Trainer Gallery Rare Holo,SIT
Shardrago,TG09/30,Trainer Gallery Rare Holo,SIT
Farbeagle,TG10/30,Trainer Gallery Rare Holo,SIT
Altaria,TG11/30,Trainer Gallery Rare Holo,SIT
Zirpeise V,TG12/30,Rare Holo V,SIT
Serpiroyal V,TG13/30,Rare Holo V,SIT
Lohgock V,TG14/30,Rare Holo V,SIT
Lohgock VMAX,TG15/30,Rare Holo VMAX,SIT
Zeraora V,TG16/30,Rare Holo V,SIT
Flunkifer V,TG17/30,Rare Holo V,SIT
Krarmor V,TG18/30,Rare Holo V,SIT
Krarmor VMAX,TG19/30,Rare Holo VMAX,SIT
Rayquaza VMAX,TG20/30,Rare Holo VMAX,SIT
Duraludon VMAX,TG21/30,Rare Holo VMAX,SIT
Heiteira V,TG22/30,Rare Holo V,SIT
Freunde aus Galar,TG23/30,Rare Ultra,SIT
Mac,TG24/30,Rare Ultra,SIT
Richter,TG25/30,Rare Ultra,SIT
Prof. Burnett,TG26/30,Rare Ultra,SIT
Roy,TG27/30,Rare Ultra,SIT
Schwerthold & Schildrich,TG28/30,Rare Ultra,SIT
Rayquaza VMAX,TG29/30,Rare Secret,SIT
Duraludon VMAX,TG30/30,Rare Secret,SIT
Bluzuk,1/195,Common,SIT
Omot,2/195,Uncommon,SIT
Webarak,3/195,Common,SIT
Ariados,4/195,Rare Holo,SIT
Sonnkern,5/195,Common,SIT
Sonnflora,6/195,Uncommon,SIT
Serpiroyal V,7/195,Rare Holo V,SIT
Serpiroyal VSTAR,8/195,Rare Holo VSTAR,SIT
Lilminip,9/195,Common,SIT
Hisui-Dressella,10/195,Rare,SIT
Tarnpignon,11/195,Common,SIT
Hutsassa,12/195,Rare,SIT
Fermicula,13/195,Common,SIT
Viridium,14/195,Rare,SIT
Brigaron V,15/195,Rare Holo V,SIT
Strahlendes Fruyal,16/195,Radiant Rare,SIT
Vulpix,17/195,Common,SIT
Vulnona,18/195,Uncommon,SIT
Fukano,19/195,Common,SIT
Arkani,20/195,Rare,SIT
Ponita,21/195,Common,SIT
Gallopa,22/195,Rare Holo,SIT
Victini,23/195,Rare,SIT
Reshiram V,24/195,Rare Holo V,SIT
Fynx,25/195,Common,SIT
Rutena,26/195,Uncommon,SIT
Fennexis,27/195,Rare,SIT
Dartignis,28/195,Uncommon,SIT
Fiaro,29/195,Rare,SIT
Flamiau,30/195,Common,SIT
Miezunder,31/195,Uncommon,SIT
Fuegro,32/195,Rare,SIT
Alola Vulpix-V,33/195,Rare Holo V,SIT
Alola Vulpix-VSTAR,34/195,Rare Holo VSTAR,SIT
Amoroso V,35/195,Rare Holo V,SIT
Arktos,36/195,Rare Holo,SIT
Wailmer,37/195,Common,SIT
Wailord,38/195,Uncommon,SIT
Barschwa,39/195,Common,SIT
Milotic,40/195,Rare,SIT
Schneppke,41/195,Common,SIT
Firnontor,42/195,Uncommon,SIT
Frosdedje,43/195,Rare,SIT
Relicanth,44/195,Common,SIT
Phione,45/195,Rare,SIT
Keldeo,46/195,Rare,SIT
Araqua,47/195,Common,SIT
Aranestro,48/195,Uncommon,SIT
Pikachu,49/195,Common,SIT
Raichu,50/195,Uncommon,SIT
Lampi,51/195,Common,SIT
Lanturn,52/195,Uncommon,SIT
Rotom,53/195,Common,SIT
Emolga,54/195,Common,SIT
Flunschlik,55/195,Common,SIT
Zeraora,56/195,Rare,SIT
Regieleki V,57/195,Rare Holo V,SIT
Regieleki VMAX,58/195,Rare Holo VMAX,SIT
Strahlendes Simsala,59/195,Radiant Rare,SIT
Traumato,60/195,Common,SIT
Hypno,61/195,Uncommon,SIT
Rossana,62/195,Uncommon,SIT
Traunfugil,63/195,Common,SIT
Traunmagil,64/195,Rare,SIT
Icognito V,65/195,Rare Holo V,SIT
Icognito VSTAR,66/195,Rare Holo VSTAR,SIT
Trasla,67/195,Common,SIT
Kirlia,68/195,Uncommon,SIT
Guardevoir,69/195,Rare,SIT
Flunkifer V,70/195,Rare Holo V,SIT
Flunkifer VSTAR,71/195,Rare Holo VSTAR,SIT
Meditie,72/195,Common,SIT
Meditalis,73/195,Rare Holo,SIT
Palimpalim,74/195,Common,SIT
Symvolara,75/195,Uncommon,SIT
Monozyto,76/195,Common,SIT
Mitodos,77/195,Uncommon,SIT
Zytomega,78/195,Rare Holo,SIT
Pygraulon,79/195,Common,SIT
Megalon,80/195,Uncommon,SIT
Psiau,81/195,Common,SIT
Psiaugon,82/195,Uncommon,SIT
Flauschling,83/195,Common,SIT
Sabbaione,84/195,Uncommon,SIT
Dedenne,85/195,Uncommon,SIT
Servol,86/195,Common,SIT
Grolldra,87/195,Common,SIT
Phandra,88/195,Uncommon,SIT
Katapuldra,89/195,Rare Holo,SIT
Hisui-Arkani V,90/195,Rare Holo V,SIT
Phanpy,91/195,Common,SIT
Donphan,92/195,Uncommon,SIT
Puppance,93/195,Common,SIT
Lepumentas,94/195,Uncommon,SIT
Anorith,95/195,Uncommon,SIT
Armaldo,96/195,Rare,SIT
Terrakium,97/195,Rare Holo,SIT
Resladero,98/195,Common,SIT
Sankabuh,99/195,Common,SIT
Colossand,100/195,Uncommon,SIT
Humanolith,101/195,Uncommon,SIT
Ursaluna V,102/195,Rare Holo V,SIT
Zubat,103/195,Common,SIT
Golbat,104/195,Uncommon,SIT
Iksbat,105/195,Rare Holo,SIT
Kramurx,106/195,Common,SIT
Kramshef,107/195,Uncommon,SIT
Skuntank V,108/195,Rare Holo V,SIT
Glibunkel,109/195,Common,SIT
Toxiquak,110/195,Uncommon,SIT
Ganovil,111/195,Common,SIT
Rokkaiman,112/195,Uncommon,SIT
Rabigator,113/195,Rare Holo,SIT
Garstella,114/195,Common,SIT
Aggrostella,115/195,Uncommon,SIT
Morpeko,116/195,Uncommon,SIT
Tanhel,117/195,Common,SIT
Metang,118/195,Uncommon,SIT
Metagross,119/195,Rare Holo,SIT
Strahlendes Jirachi,120/195,Radiant Rare,SIT
Kastadur,121/195,Common,SIT
Tentantel,122/195,Uncommon,SIT
Klikk,123/195,Common,SIT
Kliklak,124/195,Uncommon,SIT
Klikdiklak,125/195,Rare,SIT
Kobalium,126/195,Rare,SIT
Togedemaru,127/195,Common,SIT
Magearna V,128/195,Rare Holo V,SIT
Dratini,129/195,Common,SIT
Dragonir,130/195,Uncommon,SIT
Dragoran,131/195,Rare Holo,SIT
eF-eM,132/195,Common,SIT
UHaFnir,133/195,Rare,SIT
Zygarde,134/195,Rare,SIT
Regidrago V,135/195,Rare Holo V,SIT
Regidrago VSTAR,136/195,Rare Holo VSTAR,SIT
Farbeagle,137/195,Common,SIT
Lugia V,138/195,Rare Holo V,SIT
Lugia VSTAR,139/195,Rare Holo VSTAR,SIT
Ho-Oh V,140/195,Rare Holo V,SIT
Pandir,141/195,Common,SIT
Wablu,142/195,Common,SIT
Altaria,143/195,Uncommon,SIT
Haspiror,144/195,Common,SIT
Schlapor,145/195,Uncommon,SIT
Flapteryx,146/195,Uncommon,SIT
Aeropteryx,147/195,Rare Holo,SIT
Geronimatz,148/195,Common,SIT
Hisui-Washakwil,149/195,Rare,SIT
Dartiri,150/195,Common,SIT
Brian,151/195,Uncommon,SIT
Frida,152/195,Uncommon,SIT
Ergreifendes Aroma,153/195,Uncommon,SIT
Erd-Siegelstein,154/195,Rare Holo,SIT
Notfall-Gelee,155/195,Uncommon,SIT
Wald-Siegelstein,156/195,Rare Holo,SIT
Kimono-Trägerin,157/195,Uncommon,SIT
Arenatrainer,158/195,Uncommon,SIT
Siegfried,159/195,Uncommon,SIT
Blättriger Tarnponcho,160/195,Uncommon,SIT
Urzeitlicher Altar,161/195,Uncommon,SIT
Prof. Laven,162/195,Uncommon,SIT
Quartettstein,163/195,Uncommon,SIT
Serena,164/195,Uncommon,SIT
Unbekanntes Fossil,165/195,Uncommon,SIT
Wassili,166/195,Uncommon,SIT
Arbeiterin,167/195,Uncommon,SIT
Regenerative Energie,168/195,Uncommon,SIT
V-Schutz-Energie,169/195,Uncommon,SIT
Serpiroyal V,170/195,Rare Ultra,SIT
Brigaron V,171/195,Rare Ultra,SIT
Reshiram V,172/195,Rare Ultra,SIT
Alola Vulpix-V,173/195,Rare Ultra,SIT
Amoroso V,174/195,Rare Ultra,SIT
Regieleki V,175/195,Rare Ultra,SIT
Icognito V,176/195,Rare Ultra,SIT
Icognito V,177/195,Rare Ultra,SIT
Flunkifer V,178/195,Rare Ultra,SIT
Hisui-Arkani V,179/195,Rare Ultra,SIT
Skuntank V,180/195,Rare Ultra,SIT
Skuntank V,181/195,Rare Ultra,SIT
Magearna V,182/195,Rare Ultra,SIT
Regidrago V,183/195,Rare Ultra,SIT
Regidrago V,184/195,Rare Ultra,SIT
Lugia V,185/195,Rare Ultra,SIT
Lugia V,186/195,Rare Ultra,SIT
Ho-Oh V,187/195,Rare Ultra,SIT
Brian,188/195,Rare Ultra,SIT
Frida,189/195,Rare Ultra,SIT
Kimono-Trägerin,190/195,Rare Ultra,SIT
Arenatrainer,191/195,Rare Ultra,SIT
Siegfried,192/195,Rare Ultra,SIT
Serena,193/195,Rare Ultra,SIT
Wassili,194/195,Rare Ultra,SIT
Arbeiterin,195/195,Rare Ultra,SIT
Serpiroyal VSTAR,196/195,Rare Rainbow,SIT
Alola Vulpix-VSTAR,197/195,Rare Rainbow,SIT
Regieleki VMAX,198/195,Rare Rainbow,SIT
Icognito VSTAR,199/195,Rare Rainbow,SIT
Flunkifer VSTAR,200/195,Rare Rainbow,SIT
Regidrago VSTAR,201/195,Rare Rainbow,SIT
Lugia VSTAR,202/195,Rare Rainbow,SIT
Brian,203/195,Rare Rainbow,SIT
Frida,204/195,Rare Rainbow,SIT
Kimono-Trägerin,205/195,Rare Rainbow,SIT
Siegfried,206/195,Rare Rainbow,SIT
Serena,207/195,Rare Rainbow,SIT
Wassili,208/195,Rare Rainbow,SIT
Arbeiterin,209/195,Rare Rainbow,SIT
Serpiroyal VSTAR,210/195,Rare Secret,SIT
Lugia VSTAR,211/195,Rare Secret,SIT
Energie-Umschalter,212/195,Rare Secret,SIT
Großmaulmoor,213/195,Rare Secret,SIT
Blättriger Tarnponcho,214/195,Rare Secret,SIT
V-Schutz-Energie,215/195,Rare Secret,SIT
Celebi V,1/202,Rare Holo V,SSH
Roselia,2/202,Common,SSH
Roselia,3/202,Common,SSH
Roserade,4/202,Rare,SSH
Waumboll,5/202,Common,SSH
Elfun,6/202,Rare,SSH
Maracamba,7/202,Common,SSH
Fermicula,8/202,Rare,SSH
Moruda V,9/202,Rare Holo V,SSH
Chimpep,10/202,Common,SSH
Chimpep,11/202,Common,SSH
Chimstix,12/202,Uncommon,SSH
Chimstix,13/202,Uncommon,SSH
Gortrom,14/202,Rare Holo,SSH
Gortrom,15/202,Rare,SSH
Sensect,16/202,Common,SSH
Sensect,17/202,Common,SSH
Keradar,18/202,Uncommon,SSH
Maritellit,19/202,Rare,SSH
Cottini,20/202,Common,SSH
Cottomi,21/202,Uncommon,SSH
Vulpix,22/202,Common,SSH
Vulnona,23/202,Rare,SSH
Qurtel V,24/202,Rare Holo V,SSH
Victini V,25/202,Rare Holo V,SSH
Furnifraß,26/202,Uncommon,SSH
Molunk,27/202,Common,SSH
Amfira,28/202,Uncommon,SSH
Tortunator,29/202,Rare,SSH
Hopplo,30/202,Common,SSH
Hopplo,31/202,Common,SSH
Kickerlo,32/202,Uncommon,SSH
Kickerlo,33/202,Uncommon,SSH
Liberlo,34/202,Rare Holo,SSH
Liberlo,35/202,Rare Holo,SSH
Liberlo,36/202,Rare,SSH
Thermopod,37/202,Common,SSH
Thermopod,38/202,Common,SSH
Infernopod,39/202,Rare,SSH
Muschas,40/202,Common,SSH
Austos,41/202,Rare,SSH
Krabby,42/202,Common,SSH
Krabby,43/202,Common,SSH
Kingler,44/202,Uncommon,SSH
Goldini,45/202,Common,SSH
Goldini,46/202,Common,SSH
Golking,47/202,Uncommon,SSH
Lapras,48/202,Rare,SSH
Lapras V,49/202,Rare Holo V,SSH
Lapras VMAX,50/202,Rare Holo VMAX,SSH
Baldorfish,51/202,Uncommon,SSH
Mantax,52/202,Uncommon,SSH
Keldeo V,53/202,Rare Holo V,SSH
Memmeon,54/202,Common,SSH
Memmeon,55/202,Common,SSH
Phlegleon,56/202,Uncommon,SSH
Phlegleon,57/202,Uncommon,SSH
Intelleon,58/202,Rare Holo,SSH
Intelleon,59/202,Rare,SSH
Kamehaps,60/202,Common,SSH
Kamalm,61/202,Rare,SSH
Urgl,62/202,Rare,SSH
Snomnom,63/202,Common,SSH
Mottineva,64/202,Rare Holo,SSH
Pikachu,65/202,Common,SSH
Raichu,66/202,Rare,SSH
Lampi,67/202,Common,SSH
Lampi,68/202,Common,SSH
Lanturn,69/202,Rare,SSH
Wattzapf,70/202,Common,SSH
Voltula,71/202,Uncommon,SSH
Kapu-Riki V,72/202,Rare Holo V,SSH
Voldi,73/202,Common,SSH
Voldi,74/202,Common,SSH
Bellektro,75/202,Rare Holo,SSH
Bellektro,76/202,Rare Holo,SSH
Britzigel,77/202,Common,SSH
Morpeko,78/202,Rare,SSH
Morpeko V,79/202,Rare Holo V,SSH
Morpeko VMAX,80/202,Rare Holo VMAX,SSH
Galar-Ponita,81/202,Common,SSH
Galar-Gallopa,82/202,Rare,SSH
Nebulak,83/202,Common,SSH
Alpollo,84/202,Uncommon,SSH
Gengar,85/202,Rare Holo,SSH
Woingenau V,86/202,Rare Holo V,SSH
Somniam,87/202,Common,SSH
Somnivora,88/202,Rare,SSH
Fatalitee,89/202,Common,SSH
Mortipot,90/202,Rare,SSH
Servol V,91/202,Rare Holo V,SSH
Digda,92/202,Common,SSH
Digdri,93/202,Uncommon,SSH
Kicklee,94/202,Uncommon,SSH
Nockchan,95/202,Uncommon,SSH
Rihorn,96/202,Common,SSH
Rihorn,97/202,Common,SSH
Rizeros,98/202,Uncommon,SSH
Rihornior,99/202,Rare Holo,SSH
Mogelbaum,100/202,Uncommon,SSH
Puppance,101/202,Common,SSH
Puppance,102/202,Common,SSH
Lepumentas,103/202,Rare,SSH
Regirock V,104/202,Rare Holo V,SSH
Pampuli,105/202,Common,SSH
Pampross,106/202,Rare,SSH
Salanga,107/202,Common,SSH
Salanga,108/202,Common,SSH
Sanaconda,109/202,Rare,SSH
Sanaconda,110/202,Rare Holo,SSH
Klopptopus,111/202,Common,SSH
Klopptopus,112/202,Common,SSH
Kaocto,113/202,Rare,SSH
Humanolith,114/202,Rare,SSH
Humanolith V,115/202,Rare Holo V,SSH
Humanolith VMAX,116/202,Rare Holo VMAX,SSH
Galar-Zigzachs,117/202,Common,SSH
Galar-Geradaks,118/202,Uncommon,SSH
Galar-Barrikadax,119/202,Rare Holo,SSH
Zobiris V,120/202,Rare Holo V,SSH
Pionskora,121/202,Common,SSH
Piondragi,122/202,Rare,SSH
Glibunkel,123/202,Common,SSH
Toxiquak,124/202,Rare Holo,SSH
Kleptifux,125/202,Common,SSH
Gaunux,126/202,Rare,SSH
Galar-Mauzi,127/202,Common,SSH
Galar-Mauzinger,128/202,Rare Holo,SSH
Flunkifer,129/202,Common,SSH
Kastadur,130/202,Common,SSH
Tentantel,131/202,Uncommon,SSH
Galar-Flunschlik,132/202,Uncommon,SSH
Gladiantri,133/202,Common,SSH
Caesurio,134/202,Uncommon,SSH
Krarmor,135/202,Rare,SSH
Kupfanti,136/202,Common,SSH
Patinaraja,137/202,Rare Holo,SSH
Zacian V,138/202,Rare Holo V,SSH
Zamazenta V,139/202,Rare Holo V,SSH
Relaxo,140/202,Rare,SSH
Relaxo V,141/202,Rare Holo V,SSH
Relaxo VMAX,142/202,Rare Holo VMAX,SSH
Hoothoot,143/202,Common,SSH
Noctuh,144/202,Rare,SSH
Picochilla,145/202,Common,SSH
Picochilla,146/202,Common,SSH
Chillabell,147/202,Rare,SSH
Kommandutan,148/202,Rare Holo,SSH
Sen-Long,149/202,Rare,SSH
Meikro,150/202,Common,SSH
Kranoviz,151/202,Uncommon,SSH
Wolly,152/202,Common,SSH
Wolly,153/202,Common,SSH
Zwollock,154/202,Uncommon,SSH
Urgl V,155/202,Rare Holo V,SSH
Luftballon,156/202,Uncommon,SSH
Betys,157/202,Uncommon,SSH
Großes Amulett,158/202,Uncommon,SSH
Schmetterhammer,159/202,Uncommon,SSH
Energie-Zugewinn,160/202,Uncommon,SSH
Energiesuche,161/202,Uncommon,SSH
Energie-Umschalter,162/202,Uncommon,SSH
Entwicklungsrauch,163/202,Uncommon,SSH
Superball,164/202,Uncommon,SSH
Hop,165/202,Uncommon,SSH
Hypertrank,166/202,Uncommon,SSH
Glücks-Ei,167/202,Uncommon,SSH
Prunusbeere,168/202,Uncommon,SSH
Mary,169/202,Rare Holo,SSH
Metallplatte,170/202,Uncommon,SSH
Gewöhnliche Angel,171/202,Uncommon,SSH
Adressbuch,172/202,Uncommon,SSH
Poké-Kind,173/202,Uncommon,SSH
Pokécom 3.0,174/202,Uncommon,SSH
Pokémon-Fänger,175/202,Uncommon,SSH
Pokémon-Center-Dame,176/202,Uncommon,SSH
Trank,177/202,Uncommon,SSH
Forschung des Professors,178/202,Rare Holo,SSH
Flottball,179/202,Uncommon,SSH
Sonderbonbon,180/202,Uncommon,SSH
Rotom-Rad,181/202,Uncommon,SSH
Tsitrubeere,182/202,Uncommon,SSH
Tausch,183/202,Uncommon,SSH
Rüpel von Team Yell,184/202,Uncommon,SSH
Vitalitätsband,185/202,Uncommon,SSH
Aurora-Energie,186/202,Uncommon,SSH
Moruda V,187/202,Rare Ultra,SSH
Qurtel V,188/202,Rare Ultra,SSH
Lapras V,189/202,Rare Ultra,SSH
Morpeko V,190/202,Rare Ultra,SSH
Woingenau V,191/202,Rare Ultra,SSH
Servol V,192/202,Rare Ultra,SSH
Humanolith V,193/202,Rare Ultra,SSH
Zobiris V,194/202,Rare Ultra,SSH
Zacian V,195/202,Rare Ultra,SSH
Zamazenta V,196/202,Rare Ultra,SSH
Relaxo V,197/202,Rare Ultra,SSH
Urgl V,198/202,Rare Ultra,SSH
Betys,199/202,Rare Ultra,SSH
Mary,200/202,Rare Ultra,SSH
Forschung des Professors,201/202,Rare Ultra,SSH
Rüpel von Team Yell,202/202,Rare Ultra,SSH
Lapras VMAX,203/202,Rare Rainbow,SSH
Morpeko VMAX,204/202,Rare Rainbow,SSH
Humanolith VMAX,205/202,Rare Rainbow,SSH
Relaxo VMAX,206/202,Rare Rainbow,SSH
Betys,207/202,Rare Rainbow,SSH
Mary,208/202,Rare Rainbow,SSH
Forschung des Professors,209/202,Rare Rainbow,SSH
Rüpel von Team Yell,210/202,Rare Rainbow,SSH
Zacian V,211/202,Rare Secret,SSH
Zamazenta V,212/202,Rare Secret,SSH
Luftballon,213/202,Rare Secret,SSH
Metallplatte,214/202,Rare Secret,SSH
Gewöhnliche Angel,215/202,Rare Secret,SSH
Flottball,216/202,Rare Secret,SSH
Chimpep,SWSH001/307,Promo,SWSHP
Hopplo,SWSH002/307,Promo,SWSHP
Memmeon,SWSH003/307,Promo,SWSHP
Mauzi V,SWSH004/307,Promo,SWSHP
Mauzi VMAX,SWSH005/307,Promo,SWSHP
Gortrom,SWSH006/307,Promo,SWSHP
Mottineva,SWSH007/307,Promo,SWSHP
Galar-Mauzinger,SWSH008/307,Promo,SWSHP
Chillabell,SWSH009/307,Promo,SWSHP
Cottini,SWSH010/307,Promo,SWSHP
Wolly,SWSH011/307,Promo,SWSHP
Morpeko,SWSH012/307,Promo,SWSHP
Galar-Ponita,SWSH013/307,Promo,SWSHP
Gortrom V,SWSH014/307,Promo,SWSHP
Liberlo V,SWSH015/307,Promo,SWSHP
Intelleon V,SWSH016/307,Promo,SWSHP
Riffex V,SWSH017/307,Promo,SWSHP
Zacian V,SWSH018/307,Promo,SWSHP
Zamazenta V,SWSH019/307,Promo,SWSHP
Pikachu,SWSH020/307,Promo,SWSHP
Mortipot V,SWSH021/307,Promo,SWSHP
Drapfel,SWSH022/307,Promo,SWSHP
Luxtra,SWSH023/307,Promo,SWSHP
Montecarbo,SWSH024/307,Promo,SWSHP
Deponitox,SWSH025/307,Promo,SWSHP
Mantax,SWSH026/307,Promo,SWSHP
Noctuh,SWSH027/307,Promo,SWSHP
Duraludon,SWSH028/307,Promo,SWSHP
Rayquaza,SWSH029/307,Promo,SWSHP
Patinaraja V,SWSH030/307,Promo,SWSHP
Morpeko,SWSH031/307,Promo,SWSHP
Relaxo,SWSH032/307,Promo,SWSHP
Zacian,SWSH033/307,Promo,SWSHP
Zamazenta,SWSH034/307,Promo,SWSHP
Silvarro,SWSH035/307,Promo,SWSHP
Lecryodon,SWSH036/307,Promo,SWSHP
Trikephalo,SWSH037/307,Promo,SWSHP
Kangama,SWSH038/307,Promo,SWSHP
Pikachu,SWSH039/307,Promo,SWSHP
Brimova,SWSH040/307,Promo,SWSHP
Flamara,SWSH041/307,Promo,SWSHP
Evoli,SWSH042/307,Promo,SWSHP
Galar-Lauchzelot V,SWSH043/307,Promo,SWSHP
Endynalos V,SWSH044/307,Promo,SWSHP
Endynalos VMAX,SWSH045/307,Promo,SWSHP
Cottomi,SWSH046/307,Promo,SWSHP
Kamalm,SWSH047/307,Promo,SWSHP
Infernopod,SWSH048/307,Promo,SWSHP
Zwollock V,SWSH049/307,Promo,SWSHP
Glurak V,SWSH050/307,Promo,SWSHP
Lapras,SWSH051/307,Promo,SWSHP
Gengar,SWSH052/307,Promo,SWSHP
Machomei,SWSH053/307,Promo,SWSHP
Montecarbo,SWSH054/307,Promo,SWSHP
Silembrim V,SWSH055/307,Promo,SWSHP
Morpeko V,SWSH056/307,Promo,SWSHP
Olangaar V,SWSH057/307,Promo,SWSHP
Pokusan,SWSH058/307,Promo,SWSHP
Galar-Barrikadax,SWSH059/307,Promo,SWSHP
Duraludon,SWSH060/307,Promo,SWSHP
Pikachu V,SWSH061/307,Promo,SWSHP
Pikachu VMAX,SWSH062/307,Promo,SWSHP
Pikachu V,SWSH063/307,Promo,SWSHP
Endynalos V,SWSH064/307,Promo,SWSHP
Evoli V,SWSH065/307,Promo,SWSHP
Glurak,SWSH066/307,Promo,SWSHP
Donphan,SWSH067/307,Promo,SWSHP
Relaxo,SWSH068/307,Promo,SWSHP
Lugia,SWSH069/307,Promo,SWSHP
Chimpep,SWSH070/307,Promo,SWSHP
Hopplo,SWSH071/307,Promo,SWSHP
Aquana,SWSH072/307,Promo,SWSHP
Memmeon,SWSH073/307,Promo,SWSHP
Special Delivery Pikachu,SWSH074/307,Promo,SWSHP
Special Delivery Charizard,SWSH075/307,Promo,SWSHP
Zacian V,SWSH076/307,Promo,SWSHP
Zamazenta V,SWSH077/307,Promo,SWSHP
Maritellit V,SWSH078/307,Promo,SWSHP
Galar-Pantifrost,SWSH079/307,Promo,SWSHP
Dedenne,SWSH080/307,Promo,SWSHP
Mortipot,SWSH081/307,Promo,SWSHP
Scoppel,SWSH082/307,Promo,SWSHP
Simsala V,SWSH083/307,Promo,SWSHP
Cottomi V,SWSH084/307,Promo,SWSHP
Bellektro V,SWSH085/307,Promo,SWSHP
Urgl V,SWSH086/307,Promo,SWSHP
Evoli VMAX,SWSH087/307,Promo,SWSHP
Kinoso,SWSH088/307,Promo,SWSHP
Octillery,SWSH089/307,Promo,SWSHP
Hundemon,SWSH090/307,Promo,SWSHP
Bronzong,SWSH091/307,Promo,SWSHP
Glumanda,SWSH092/307,Promo,SWSHP
Pikuda,SWSH093/307,Promo,SWSHP
Blitza,SWSH094/307,Promo,SWSHP
Evoli,SWSH095/307,Promo,SWSHP
Katapuldra V,SWSH096/307,Promo,SWSHP
Katapuldra VMAX,SWSH097/307,Promo,SWSHP
Iksbat V,SWSH098/307,Promo,SWSHP
Iksbat VMAX,SWSH099/307,Promo,SWSHP
Bisaflor V,SWSH100/307,Promo,SWSHP
Turtok V,SWSH101/307,Promo,SWSHP
Bisaflor VMAX,SWSH102/307,Promo,SWSHP
Turtok VMAX,SWSH103/307,Promo,SWSHP
Victini V,SWSH104/307,Promo,SWSHP
Guardevoir V,SWSH105/307,Promo,SWSHP
Fokussierter-Angriff-Wulaosu V,SWSH106/307,Promo,SWSHP
Fließender-Angriff-Wulaosu V,SWSH107/307,Promo,SWSHP
Impoleon V,SWSH108/307,Promo,SWSHP
Despotar V,SWSH109/307,Promo,SWSHP
Iksbat V,SWSH110/307,Promo,SWSHP
Galar-Gallopa V,SWSH111/307,Promo,SWSHP
Liberlo,SWSH112/307,Promo,SWSHP
Intelleon,SWSH113/307,Promo,SWSHP
Cresselia,SWSH114/307,Promo,SWSHP
Quartermak,SWSH115/307,Promo,SWSHP
Morpeko,SWSH116/307,Promo,SWSHP
Phanpy,SWSH117/307,Promo,SWSHP
Evoli,SWSH118/307,Promo,SWSHP
Relaxo,SWSH119/307,Promo,SWSHP
Mary,SWSH120/307,Promo,SWSHP
Mary,SWSH121/307,Promo,SWSHP
Waaty,SWSH122/307,Promo,SWSHP
Galar-Arktos,SWSH123/307,Promo,SWSHP
Galar-Zapdos,SWSH124/307,Promo,SWSHP
Galar-Lavados,SWSH125/307,Promo,SWSHP
Galar-Flegmon,SWSH126/307,Promo,SWSHP
Evoli,SWSH127/307,Promo,SWSHP
Kubuin,SWSH128/307,Promo,SWSHP
Nachtara,SWSH129/307,Promo,SWSHP
Schimmelreiter-Coronospa V,SWSH130/307,Promo,SWSHP
Rappenreiter-Coronospa V,SWSH131/307,Promo,SWSHP
Katapuldra,SWSH132/307,Promo,SWSHP
Siegfrieds Glurak V,SWSH133/307,Promo,SWSHP
Dunkles Feelinara V,SWSH134/307,Promo,SWSHP
Zacian,SWSH135/307,Promo,SWSHP
Mimigma,SWSH136/307,Promo,SWSHP
Helles Riffex,SWSH137/307,Promo,SWSHP
Trikephalo C,SWSH138/307,Promo,SWSHP
Pikachu V-UNION,SWSH139/307,Promo,SWSHP
Pikachu V-UNION,SWSH140/307,Promo,SWSHP
Pikachu V-UNION,SWSH141/307,Promo,SWSHP
Pikachu V-UNION,SWSH142/307,Promo,SWSHP
Pikachu V,SWSH143/307,Promo,SWSHP
Quajutsu ☆,SWSH144/307,Promo,SWSHP
Pikachu V,SWSH145/307,Promo,SWSHP
Pokéball,SWSH146/307,Promo,SWSHP
Rayquaza V,SWSH147/307,Promo,SWSHP
UHaFnir V,SWSH148/307,Promo,SWSHP
Flamara V,SWSH149/307,Promo,SWSHP
Aquana V,SWSH150/307,Promo,SWSHP
Blitza V,SWSH151/307,Promo,SWSHP
Forschung des Professors,SWSH152/307,Promo,SWSHP
Pikachu,SWSH153/307,Promo,SWSHP
Dragoran V,SWSH154/307,Promo,SWSHP
Quajutsu V-UNION,SWSH155/307,Promo,SWSHP
Quajutsu V-UNION,SWSH156/307,Promo,SWSHP
Quajutsu V-UNION,SWSH157/307,Promo,SWSHP
Quajutsu V-UNION,SWSH158/307,Promo,SWSHP
Mewtu V-UNION,SWSH159/307,Promo,SWSHP
Mewtu V-UNION,SWSH160/307,Promo,SWSHP
Mewtu V-UNION,SWSH161/307,Promo,SWSHP
Mewtu V-UNION,SWSH162/307,Promo,SWSHP
Zacian V-UNION,SWSH163/307,Promo,SWSHP
Zacian V-UNION,SWSH164/307,Promo,SWSHP
Zacian V-UNION,SWSH165/307,Promo,SWSHP
Zacian V-UNION,SWSH166/307,Promo,SWSHP
Prof. Burnett,SWSH167/307,Promo,SWSHP
Choreogel,SWSH168/307,Promo,SWSHP
Gufa,SWSH169/307,Promo,SWSHP
Deoxys,SWSH170/307,Promo,SWSHP
Latias,SWSH171/307,Promo,SWSHP
Floink,SWSH172/307,Promo,SWSHP
Elezeba,SWSH173/307,Promo,SWSHP
Psiana,SWSH174/307,Promo,SWSHP
Evoli,SWSH175/307,Promo,SWSHP
Hoopa V,SWSH176/307,Promo,SWSHP
Special Delivery Bidoof,SWSH177/307,Promo,SWSHP
Forschung des Professors,SWSH178/307,Promo,SWSHP
Flamara V,SWSH179/307,Promo,SWSHP
Flamara VMAX,SWSH180/307,Promo,SWSHP
Aquana V,SWSH181/307,Promo,SWSHP
Aquana VMAX,SWSH182/307,Promo,SWSHP
Blitza V,SWSH183/307,Promo,SWSHP
Blitza VMAX,SWSH184/307,Promo,SWSHP
Lavados,SWSH185/307,Promo,SWSHP
Lucario,SWSH186/307,Promo,SWSHP
Kleoparda,SWSH187/307,Promo,SWSHP
Bidifas,SWSH188/307,Promo,SWSHP
Drapfel,SWSH189/307,Promo,SWSHP
Evoli,SWSH190/307,Promo,SWSHP
Folipurba,SWSH191/307,Promo,SWSHP
Glaziola,SWSH192/307,Promo,SWSHP
Galar-Barrikadax,SWSH193/307,Promo,SWSHP
Folipurba V,SWSH194/307,Promo,SWSHP
Folipurba VSTAR,SWSH195/307,Promo,SWSHP
Glaziola V,SWSH196/307,Promo,SWSHP
Glaziola VSTAR,SWSH197/307,Promo,SWSHP
Pikachu V,SWSH198/307,Promo,SWSHP
Wolwerock V,SWSH199/307,Promo,SWSHP
Krarmor V,SWSH200/307,Promo,SWSHP
Psiana V,SWSH201/307,Promo,SWSHP
Feelinara V,SWSH202/307,Promo,SWSHP
Nachtara V,SWSH203/307,Promo,SWSHP
Arceus V,SWSH204/307,Promo,SWSHP
Hisui-Salmagnis,SWSH205/307,Promo,SWSHP
Damythir,SWSH206/307,Promo,SWSHP
Hisui-Admurai,SWSH207/307,Promo,SWSHP
Magnezone,SWSH208/307,Promo,SWSHP
Toxel,SWSH209/307,Promo,SWSHP
Choreogel,SWSH210/307,Promo,SWSHP
Feelinara,SWSH211/307,Promo,SWSHP
Evoli,SWSH212/307,Promo,SWSHP
Lucario V,SWSH213/307,Promo,SWSHP
Lucario VSTAR,SWSH214/307,Promo,SWSHP
Morpeko V-UNION,SWSH215/307,Promo,SWSHP
Morpeko V-UNION,SWSH216/307,Promo,SWSHP
Morpeko V-UNION,SWSH217/307,Promo,SWSHP
Morpeko V-UNION,SWSH218/307,Promo,SWSHP
Bellektro V,SWSH219/307,Promo,SWSHP
Bauz,SWSH220/307,Promo,SWSHP
Feurigel,SWSH221/307,Promo,SWSHP
Ottaro,SWSH222/307,Promo,SWSHP
Mewtu V,SWSH223/307,Promo,SWSHP
Melmetal V,SWSH224/307,Promo,SWSHP
Alola-Kokowei V,SWSH225/307,Promo,SWSHP
Spark,SWSH226/307,Promo,SWSHP
Blanche,SWSH227/307,Promo,SWSHP
Candela,SWSH228/307,Promo,SWSHP
Mewtu V,SWSH229/307,Promo,SWSHP
Strahlendes Evoli,SWSH230/307,Promo,SWSHP
Bisasam,SWSH231/307,Promo,SWSHP
Glumanda,SWSH232/307,Promo,SWSHP
Schiggy,SWSH233/307,Promo,SWSHP
Pikachu,SWSH234/307,Promo,SWSHP
Dragoran V,SWSH235/307,Promo,SWSHP
Dragoran VSTAR,SWSH236/307,Promo,SWSHP
Hisui-Tornupto V,SWSH237/307,Promo,SWSHP
Hisui-Silvarro V,SWSH238/307,Promo,SWSHP
Hisui-Admurai V,SWSH239/307,Promo,SWSHP
Finneon,SWSH240/307,Promo,SWSHP
Gengar,SWSH241/307,Promo,SWSHP
Curelei,SWSH242/307,Promo,SWSHP
Machomei,SWSH243/307,Promo,SWSHP
Hopplo,SWSH244/307,Promo,SWSHP
Glibunkel,SWSH245/307,Promo,SWSHP
Snibunna,SWSH246/307,Promo,SWSHP
Regigigas,SWSH247/307,Promo,SWSHP
Axantor V,SWSH248/307,Promo,SWSHP
Axantor VSTAR,SWSH249/307,Promo,SWSHP
Lumineon V,SWSH250/307,Promo,SWSHP
Befehl vom Boss,SWSH251/307,Promo,SWSHP
Panferno V,SWSH252/307,Promo,SWSHP
Ur-Palkia V,SWSH253/307,Promo,SWSHP
Ur-Palkia VSTAR,SWSH254/307,Promo,SWSHP
Ur-Dialga V,SWSH255/307,Promo,SWSHP
Ur-Dialga VSTAR,SWSH256/307,Promo,SWSHP
Rotom V,SWSH257/307,Promo,SWSHP
Galagladi V,SWSH258/307,Promo,SWSHP
Giratina V,SWSH259/307,Promo,SWSHP
Glurak V,SWSH260/307,Promo,SWSHP
Glurak VMAX,SWSH261/307,Promo,SWSHP
Glurak VSTAR,SWSH262/307,Promo,SWSHP
Zeraora V,SWSH263/307,Promo,SWSHP
Zeraora VMAX,SWSH264/307,Promo,SWSHP
Zeraora VSTAR,SWSH265/307,Promo,SWSHP
Deoxys V,SWSH266/307,Promo,SWSHP
Deoxys VMAX,SWSH267/307,Promo,SWSHP
Deoxys VSTAR,SWSH268/307,Promo,SWSHP
Sonnflora,SWSH269/307,Promo,SWSHP
Gallopa,SWSH270/307,Promo,SWSHP
Kirlia,SWSH271/307,Promo,SWSHP
Aeropteryx,SWSH272/307,Promo,SWSHP
Hisui-Barschuft,SWSH273/307,Promo,SWSHP
Koknodon,SWSH274/307,Promo,SWSHP
Manaphy,SWSH275/307,Promo,SWSHP
Togetic,SWSH276/307,Promo,SWSHP
Gortrom,SWSH277/307,Promo,SWSHP
Liberlo,SWSH278/307,Promo,SWSHP
Intelleon,SWSH279/307,Promo,SWSHP
Regieleki V,SWSH280/307,Promo,SWSHP
Regidrago V,SWSH281/307,Promo,SWSHP
Galar-Arktos,SWSH282/307,Promo,SWSHP
Galar-Zapdos,SWSH283/307,Promo,SWSHP
Galar-Lavados,SWSH284/307,Promo,SWSHP
Pikachu V,SWSH285/307,Promo,SWSHP
Pikachu VMAX,SWSH286/307,Promo,SWSHP
Morpeko V-UNION,SWSH287/307,Promo,SWSHP
Morpeko V-UNION,SWSH288/307,Promo,SWSHP
Morpeko V-UNION,SWSH289/307,Promo,SWSHP
Morpeko V-UNION,SWSH290/307,Promo,SWSHP
Lucario VSTAR,SWSH291/307,Promo,SWSHP
Zacian V,SWSH292/307,Promo,SWSHP
Zamazenta V,SWSH293/307,Promo,SWSHP
Hisui-Lektrobal V,SWSH294/307,Promo,SWSHP
Viridium V,SWSH295/307,Promo,SWSHP
Festival der Champions,SWSH296/307,Promo,SWSHP
Hisui-Zoroark V,SWSH297/307,Promo,SWSHP
Hisui-Zoroark VSTAR,SWSH298/307,Promo,SWSHP
Sophora,SWSH302/307,Promo,SWSHP
Bulbasaur,SWSH303/307,Promo,SWSHP
Arcanine,SWSH304/307,Promo,SWSHP
Greninja,SWSH305/307,Promo,SWSHP
Arceus V,SWSH306/307,Promo,SWSHP
Arceus VSTAR,SWSH307/307,Promo,SWSHP
Hornliu,1/185,Common,VIV
Kokuna,2/185,Uncommon,VIV
Bibor,3/185,Rare,VIV
Owei,4/185,Common,VIV
Kokowei,5/185,Rare,VIV
Yanma,6/185,Common,VIV
Yanmega,7/185,Rare,VIV
Tannza,8/185,Common,VIV
Celebi,9/185,Amazing Rare,VIV
Samurzel,10/185,Common,VIV
Blanas,11/185,Uncommon,VIV
Tengulist,12/185,Rare,VIV
Nincada,13/185,Common,VIV
Ninjask,14/185,Rare,VIV
Shaymin,15/185,Rare Holo,VIV
Genesect,16/185,Rare Holo,VIV
Mähikel,17/185,Common,VIV
Chevrumm,18/185,Uncommon,VIV
Moruda,19/185,Uncommon,VIV
Maritellit V,20/185,Rare Holo V,VIV
Maritellit VMAX,21/185,Rare Holo VMAX,VIV
Zarude V,22/185,Rare Holo V,VIV
Glumanda,23/185,Common,VIV
Glutexo,24/185,Uncommon,VIV
Glurak,25/185,Rare,VIV
Flamara,26/185,Rare,VIV
Schneckmag,27/185,Common,VIV
Magcargo,28/185,Uncommon,VIV
Fiaro V,29/185,Rare Holo V,VIV
Aquana,30/185,Rare,VIV
Wailmer,31/185,Common,VIV
Wailord,32/185,Rare Holo,VIV
Ottaro,33/185,Common,VIV
Zwottronin,34/185,Uncommon,VIV
Admurai,35/185,Rare,VIV
Galar-Flampivian V,36/185,Rare Holo V,VIV
Galar-Flampivian VMAX,37/185,Rare Holo VMAX,VIV
Kamehaps,38/185,Common,VIV
Kamalm,39/185,Rare,VIV
Urgl,40/185,Uncommon,VIV
Pikuda,41/185,Common,VIV
Barrakiefa,42/185,Rare,VIV
Pikachu V,43/185,Rare Holo V,VIV
Pikachu VMAX,44/185,Rare Holo VMAX,VIV
Voltobal,45/185,Common,VIV
Lektrobal,46/185,Rare Holo,VIV
Blitza,47/185,Rare,VIV
Zapdos,48/185,Rare Holo,VIV
Ampharos V,49/185,Rare Holo V,VIV
Raikou,50/185,Amazing Rare,VIV
Frizelbliz,51/185,Common,VIV
Voltenso,52/185,Rare,VIV
Elezeba,53/185,Common,VIV
Zebritz,54/185,Uncommon,VIV
Wattzapf,55/185,Common,VIV
Voltula,56/185,Uncommon,VIV
Zapplardin,57/185,Common,VIV
Zapplalek,58/185,Uncommon,VIV
Zapplarang,59/185,Rare,VIV
Zekrom,60/185,Rare Holo,VIV
Zeraora,61/185,Rare Holo,VIV
Britzigel,62/185,Uncommon,VIV
Piepi,63/185,Common,VIV
Pixi,64/185,Rare,VIV
Girafarig,65/185,Uncommon,VIV
Ninjatom,66/185,Rare,VIV
Shuppet,67/185,Common,VIV
Banette,68/185,Rare,VIV
Zwirrlicht,69/185,Common,VIV
Zwirrklop,70/185,Uncommon,VIV
Zwirrfinst,71/185,Rare Holo,VIV
Palimpalim,72/185,Common,VIV
Fleknoil,73/185,Common,VIV
Fletiamo,74/185,Uncommon,VIV
Waumboll,75/185,Common,VIV
Elfun,76/185,Rare,VIV
Dedenne,77/185,Common,VIV
Xerneas,78/185,Rare Holo,VIV
Diancie,79/185,Rare Holo,VIV
Hokumil,80/185,Common,VIV
Pokusan,81/185,Rare,VIV
Zacian,82/185,Amazing Rare,VIV
Felino,83/185,Common,VIV
Morlord,84/185,Rare,VIV
Pottrott,85/185,Uncommon,VIV
Phanpy,86/185,Common,VIV
Donphan,87/185,Rare,VIV
Kapoera,88/185,Uncommon,VIV
Regirock,89/185,Rare Holo,VIV
Riolu,90/185,Common,VIV
Rotomurf,91/185,Common,VIV
Terrakium,92/185,Rare,VIV
Zygarde,93/185,Rare Holo,VIV
Wuffels,94/185,Common,VIV
Wolwerock,95/185,Rare,VIV
Pampuli,96/185,Common,VIV
Pampross,97/185,Rare,VIV
Montecarbo V,98/185,Rare Holo V,VIV
Montecarbo VMAX,99/185,Rare Holo VMAX,VIV
Klopptopus,100/185,Common,VIV
Kaocto,101/185,Rare,VIV
Zamazenta,102/185,Amazing Rare,VIV
Fiffyen,103/185,Common,VIV
Magnayen,104/185,Uncommon,VIV
Zobiris,105/185,Uncommon,VIV
Piondragi V,106/185,Rare Holo V,VIV
Ganovil,107/185,Common,VIV
Rokkaiman,108/185,Uncommon,VIV
Rabigator,109/185,Rare,VIV
Unratütox,110/185,Common,VIV
Deponitox,111/185,Rare,VIV
Galar-Mauzi,112/185,Common,VIV
Galar-Mauzinger,113/185,Rare,VIV
Forstellka,114/185,Rare,VIV
Stahlos V,115/185,Rare Holo V,VIV
Tanhel,116/185,Common,VIV
Metang,117/185,Uncommon,VIV
Metagross,118/185,Rare,VIV
Jirachi,119/185,Amazing Rare,VIV
Lucario,120/185,Rare,VIV
Dialga,121/185,Rare Holo,VIV
Stalobor,122/185,Uncommon,VIV
Kastadur,123/185,Common,VIV
Tentantel,124/185,Uncommon,VIV
Galar-Flunschlik,125/185,Uncommon,VIV
Durengard V,126/185,Rare Holo V,VIV
Durengard VMAX,127/185,Rare Holo VMAX,VIV
Magearna,128/185,Rare Holo,VIV
Duraludon,129/185,Rare Holo,VIV
Evoli,130/185,Common,VIV
Relaxo,131/185,Rare Holo,VIV
Lugia,132/185,Rare Holo,VIV
Schwalbini,133/185,Common,VIV
Schwalboss,134/185,Uncommon,VIV
Flurmel,135/185,Common,VIV
Krakeelo,136/185,Uncommon,VIV
Krawumms,137/185,Rare,VIV
Rayquaza,138/185,Amazing Rare,VIV
Plaudagei,139/185,Common,VIV
Togekiss V,140/185,Rare Holo V,VIV
Togekiss VMAX,141/185,Rare Holo VMAX,VIV
Boreos,142/185,Rare Holo,VIV
Peppeck,143/185,Common,VIV
Trompeck,144/185,Uncommon,VIV
Tukanon,145/185,Rare,VIV
Nio,146/185,Uncommon,VIV
Saida,147/185,Uncommon,VIV
Schönheit,148/185,Uncommon,VIV
Petra Fakt,149/185,Uncommon,VIV
Circhester-Therme,150/185,Uncommon,VIV
Dronen-Rotom,151/185,Uncommon,VIV
Heldenmedaille,152/185,Uncommon,VIV
Liga-Angestellte,153/185,Uncommon,VIV
Delion,154/185,Rare Holo,VIV
Gedächtniskapsel,155/185,Uncommon,VIV
Kuhmuh-Käse,156/185,Uncommon,VIV
Kate,157/185,Uncommon,VIV
Papella,158/185,Uncommon,VIV
Beulenhelm,159/185,Uncommon,VIV
Teleskopisches Visier,160/185,Uncommon,VIV
Score-Stadion,161/185,Uncommon,VIV
Aroma-Grass-Energie,162/185,Uncommon,VIV
Schicht-Metal-Energie,163/185,Uncommon,VIV
Stein-Fighting-Energie,164/185,Uncommon,VIV
Wasch-Water-Energie,165/185,Uncommon,VIV
Maritellit V,166/185,Rare Ultra,VIV
Zarude V,167/185,Rare Ultra,VIV
Fiaro V,168/185,Rare Ultra,VIV
Galar-Flampivian V,169/185,Rare Ultra,VIV
Pikachu V,170/185,Rare Ultra,VIV
Ampharos V,171/185,Rare Ultra,VIV
Simsala V,172/185,Rare Ultra,VIV
Montecarbo V,173/185,Rare Ultra,VIV
Galar-Lauchzelot V,174/185,Rare Ultra,VIV
Piondragi V,175/185,Rare Ultra,VIV
Stahlos V,176/185,Rare Ultra,VIV
Durengard V,177/185,Rare Ultra,VIV
Togekiss V,178/185,Rare Ultra,VIV
Nio,179/185,Rare Ultra,VIV
Saida,180/185,Rare Ultra,VIV
Schönheit,181/185,Rare Ultra,VIV
Delion,182/185,Rare Ultra,VIV
Kate,183/185,Rare Ultra,VIV
Papella,184/185,Rare Ultra,VIV
Pokémon-Center-Dame,185/185,Rare Ultra,VIV
Maritellit VMAX,186/185,Rare Rainbow,VIV
Galar-Flampivian VMAX,187/185,Rare Rainbow,VIV
Pikachu VMAX,188/185,Rare Rainbow,VIV
Montecarbo VMAX,189/185,Rare Rainbow,VIV
Durengard VMAX,190/185,Rare Rainbow,VIV
Togekiss VMAX,191/185,Rare Rainbow,VIV
Nio,192/185,Rare Rainbow,VIV
Saida,193/185,Rare Rainbow,VIV
Schönheit,194/185,Rare Rainbow,VIV
Delion,195/185,Rare Rainbow,VIV
Kate,196/185,Rare Rainbow,VIV
Papella,197/185,Rare Rainbow,VIV
Galar-Barrikadax,198/185,Rare Secret,VIV
Kommandutan,199/185,Rare Secret,VIV
Umhang der Stärke,200/185,Rare Secret,VIV
Heldenmedaille,201/185,Rare Secret,VIV
Gedächtniskapsel,202/185,Rare Secret,VIV
Teleskopisches Visier,203/185,Rare Secret,VIV
Myrapla,1/98,Common,AOR
Duflor,2/98,Uncommon,AOR
Giflor,3/98,Rare,AOR
Blubella,4/98,Uncommon,AOR
Webarak,5/98,Common,AOR
Ariados,6/98,Uncommon,AOR
Gewaldro EX,7/98,Rare Holo EX,AOR
M-Gewaldro EX,8/98,Rare Holo EX,AOR
Wadribie,9/98,Common,AOR
Honweisel,10/98,Uncommon,AOR
Honweisel,11/98,Rare,AOR
Viridium,12/98,Rare Holo,AOR
Flamara,13/98,Uncommon,AOR
Entei,14/98,Rare,AOR
Entei,15/98,Rare Holo,AOR
Ignivor,16/98,Common,AOR
Ramoth,17/98,Rare Holo,AOR
Ramoth,18/98,Rare,AOR
Karpador,19/98,Common,AOR
Garados,20/98,Rare,AOR
Garados,21/98,Rare Holo,AOR
Aquana,22/98,Uncommon,AOR
Relicanth,23/98,Common,AOR
Regice,24/98,Rare,AOR
Kyurem EX,25/98,Rare Holo EX,AOR
Blitza,26/98,Rare Holo,AOR
Ampharos EX,27/98,Rare Holo EX,AOR
M-Ampharos EX,28/98,Rare Holo EX,AOR
Rotom,29/98,Uncommon,AOR
Icognito,30/98,Common,AOR
Puppance,31/98,Common,AOR
Puppance,32/98,Common,AOR
Lepumentas,33/98,Rare,AOR
Golbit,34/98,Common,AOR
Golgantes,35/98,Rare,AOR
Hoopa EX,36/98,Rare Holo EX,AOR
Machomei EX,37/98,Rare Holo EX,AOR
Felino,38/98,Common,AOR
Morlord,39/98,Common,AOR
Regirock,40/98,Rare,AOR
Golgantes,41/98,Common,AOR
Despotar EX,42/98,Rare Holo EX,AOR
M-Despotar EX,43/98,Rare Holo EX,AOR
Zobiris,44/98,Uncommon,AOR
Iscalar,45/98,Common,AOR
Calamanero,46/98,Common,AOR
Tanhel,47/98,Common,AOR
Metang,48/98,Uncommon,AOR
Metagross,49/98,Rare,AOR
Metagross,50/98,Rare,AOR
Registeel,51/98,Rare,AOR
Trasla,52/98,Common,AOR
Kirlia,53/98,Uncommon,AOR
Guardevoir,54/98,Rare Holo,AOR
Waumboll,55/98,Common,AOR
Elfun,56/98,Uncommon,AOR
Giratina EX,57/98,Rare Holo EX,AOR
Viscora,58/98,Common,AOR
Viscargot,59/98,Uncommon,AOR
Viscogon,60/98,Rare Holo,AOR
Mauzi,61/98,Common,AOR
Snobilikat,62/98,Common,AOR
Evoli,63/98,Common,AOR
Porygon,64/98,Common,AOR
Porygon2,65/98,Uncommon,AOR
Porygon-Z,66/98,Rare,AOR
Porygon-Z,67/98,Rare Holo,AOR
Lugia EX,68/98,Rare Holo EX,AOR
AssTrainer,69/98,Uncommon,AOR
Ampharos' Geistesbund,70/98,Uncommon,AOR
ÖkoArm,71/98,Uncommon,AOR
Energieaufbereitung,72/98,Uncommon,AOR
Verblasstes Dorf,73/98,Uncommon,AOR
Wald der großen Gewächse,74/98,Uncommon,AOR
Hexe,75/98,Uncommon,AOR
Hexe,75a/98,Rare Ultra,AOR
Levelball,76/98,Uncommon,AOR
Glückshelm,77/98,Uncommon,AOR
Flordelis,78/98,Uncommon,AOR
Farbroller,79/98,Uncommon,AOR
Gewaldros Geistesbund,80/98,Uncommon,AOR
Despotars Geistesbund,81/98,Uncommon,AOR
GefahrEnergie,82/98,Uncommon,AOR
BlitzEnergie,83/98,Uncommon,AOR
Gewaldro EX,84/98,Rare Ultra,AOR
M-Gewaldro EX,85/98,Rare Ultra,AOR
Kyurem EX,86/98,Rare Ultra,AOR
Ampharos EX,87/98,Rare Ultra,AOR
M-Ampharos EX,88/98,Rare Ultra,AOR
Hoopa EX,89/98,Rare Ultra,AOR
Machomei EX,90/98,Rare Ultra,AOR
Despotar EX,91/98,Rare Ultra,AOR
M-Despotar EX,92/98,Rare Ultra,AOR
Giratina EX,93/98,Rare Ultra,AOR
Lugia EX,94/98,Rare Ultra,AOR
Troy,95/98,Rare Ultra,AOR
ProtoKyogre EX,96/98,Rare Secret,AOR
Proto-Groudon EX,97/98,Rare Secret,AOR
M-Rayquaza EX,98/98,Rare Secret,AOR
EnergieZugewinn,99/98,Rare Secret,AOR
TrainerPost,100/98,Rare Secret,AOR
Endivie,1/122,Common,BKP
Lorblatt,2/122,Uncommon,BKP
Meganie,3/122,Rare Holo,BKP
Samurzel,4/122,Common,BKP
Zirpurze,5/122,Common,BKP
Zirpeise,6/122,Uncommon,BKP
Lilminip,7/122,Common,BKP
Dressella,8/122,Rare,BKP
Fermicula,9/122,Uncommon,BKP
Fukano,10/122,Common,BKP
Arkani,11/122,Uncommon,BKP
Camaub,12/122,Common,BKP
Camerupt,13/122,Rare,BKP
Flambirex EX,14/122,Rare Holo EX,BKP
Furnifraß,15/122,Uncommon,BKP
Enton,16/122,Common,BKP
Entoron,17/122,Rare,BKP
Entoron-TURBO,18/122,Rare BREAK,BKP
Flegmon,19/122,Common,BKP
Lahmus,20/122,Uncommon,BKP
Laschoking,21/122,Rare Holo,BKP
Muschas,22/122,Common,BKP
Muschas,23/122,Common,BKP
Austos,24/122,Uncommon,BKP
Sterndu,25/122,Common,BKP
Garados EX,26/122,Rare Holo EX,BKP
M-Garados EX,27/122,Rare Holo EX,BKP
Lapras,28/122,Uncommon,BKP
Corasonn,29/122,Common,BKP
Suicune,30/122,Rare Holo,BKP
Palkia EX,31/122,Rare Holo EX,BKP
Manaphy EX,32/122,Rare Holo EX,BKP
Schallquap,33/122,Common,BKP
Mebrana,34/122,Uncommon,BKP
Branawarz,35/122,Rare,BKP
Piccolente,36/122,Common,BKP
Swaroness,37/122,Uncommon,BKP
Froxy,38/122,Common,BKP
Amphizel,39/122,Uncommon,BKP
Quajutsu,40/122,Rare,BKP
Quajutsu-TURBO,41/122,Rare BREAK,BKP
Elektek,42/122,Common,BKP
Elevoltek,43/122,Uncommon,BKP
Sheinux,44/122,Common,BKP
Luxio,45/122,Uncommon,BKP
Luxtra,46/122,Rare,BKP
Luxtra-TURBO,47/122,Rare BREAK,BKP
Elezeba,48/122,Common,BKP
Zebritz,49/122,Rare,BKP
Traumato,50/122,Common,BKP
Hypno,51/122,Rare,BKP
Psiana EX,52/122,Rare Holo EX,BKP
Pionskora,53/122,Common,BKP
Piondragi,54/122,Rare,BKP
Symvolara,55/122,Uncommon,BKP
Unratütox,56/122,Common,BKP
Deponitox,57/122,Rare Holo,BKP
Psiau,58/122,Common,BKP
Psiaugon,59/122,Rare,BKP
Gramokles,60/122,Common,BKP
Duokles,61/122,Uncommon,BKP
Durengard,62/122,Rare Holo,BKP
Algitt,63/122,Common,BKP
Paragoni,64/122,Common,BKP
Trombork,65/122,Rare,BKP
Trombork-TURBO,66/122,Rare BREAK,BKP
Mogelbaum,67/122,Uncommon,BKP
Kaumalat,68/122,Common,BKP
Knarksel,69/122,Uncommon,BKP
Knakrack,70/122,Rare Holo,BKP
Pam-Pam,71/122,Common,BKP
Blanas,72/122,Uncommon,BKP
Tengulist,73/122,Rare,BKP
Darkrai EX,74/122,Rare Holo EX,BKP
Pandagro,75/122,Rare,BKP
Scherox EX,76/122,Rare Holo EX,BKP
M-Scherox EX,77/122,Rare Holo EX,BKP
Flunkifer,78/122,Uncommon,BKP
Kastadur,79/122,Common,BKP
Tentantel,80/122,Rare,BKP
Piepi,81/122,Common,BKP
Pixi,82/122,Rare,BKP
Togekiss EX,83/122,Rare Holo EX,BKP
Parfi,84/122,Common,BKP
Parfinesse,85/122,Uncommon,BKP
Tandrak,86/122,Rare Holo,BKP
Rattfratz,87/122,Common,BKP
Rattikarl,88/122,Rare,BKP
Rattikarl-TURBO,89/122,Rare BREAK,BKP
Dummisel,90/122,Uncommon,BKP
Damhirplex,91/122,Uncommon,BKP
Ho-Oh EX,92/122,Rare Holo EX,BKP
Charmian,93/122,Common,BKP
Shnurgarst,94/122,Uncommon,BKP
Coiffwaff,95/122,Common,BKP
Durchfeiern,96/122,Uncommon,BKP
Platzballon,97/122,Uncommon,BKP
Halbstarke,98/122,Uncommon,BKP
Halbstarke,98a/122,Uncommon,BKP
Halbstarke,98b/122,Rare Ultra,BKP
Kampfgeistgürtel,99/122,Uncommon,BKP
Superball,100/122,Uncommon,BKP
Garados' Geistesbund,101/122,Uncommon,BKP
Top-Elixier,102/122,Uncommon,BKP
Top-Trank,103/122,Uncommon,BKP
Mistys Entschlossenheit,104/122,Uncommon,BKP
Pokémon-Fänger,105/122,Uncommon,BKP
Trank,106/122,Uncommon,BKP
Prof. Platan,107/122,Uncommon,BKP
Prof. Platan,107a/122,Uncommon,BKP
Psychos siebter Sinn,108/122,Uncommon,BKP
Zeitpuzzle,109/122,Uncommon,BKP
Umgekehrtes Tal,110/122,Uncommon,BKP
Scherox' Geistesbund,111/122,Uncommon,BKP
Tierno,112/122,Uncommon,BKP
Platsch-Energie,113/122,Uncommon,BKP
Garados EX,114/122,Rare Ultra,BKP
M-Garados EX,115/122,Rare Ultra,BKP
Manaphy EX,116/122,Rare Ultra,BKP
Psiana EX,117/122,Rare Ultra,BKP
Darkrai EX,118/122,Rare Ultra,BKP
Scherox EX,119/122,Rare Ultra,BKP
M-Scherox EX,120/122,Rare Ultra,BKP
Ho-Oh EX,121/122,Rare Ultra,BKP
Géraldine,122/122,Rare Ultra,BKP
Garados EX,123/122,Rare Secret,BKP
Paras,1/162,Common,BKT
Parasek,2/162,Rare,BKT
Pinsir,3/162,Uncommon,BKT
Tuska,4/162,Common,BKT
Vegimak,5/162,Common,BKT
Vegichita,6/162,Rare,BKT
Igamaro,7/162,Common,BKT
Igamaro,8/162,Common,BKT
Igamaro,9/162,Common,BKT
Igastarnish,10/162,Uncommon,BKT
Brigaron,11/162,Rare Holo,BKT
Brigaron-TURBO,12/162,Rare BREAK,BKT
Purmel,13/162,Common,BKT
Puponcho,14/162,Uncommon,BKT
Vivillon,15/162,Rare Holo,BKT
Mähikel,16/162,Common,BKT
Chevrumm,17/162,Uncommon,BKT
Feurigel,18/162,Common,BKT
Igelavar,19/162,Uncommon,BKT
Tornupto,20/162,Rare Holo,BKT
Hundemon EX,21/162,Rare Holo EX,BKT
M-Hundemon EX,22/162,Rare Holo EX,BKT
Grillmak,23/162,Common,BKT
Grillchita,24/162,Rare,BKT
Fynx,25/162,Common,BKT
Rutena,26/162,Uncommon,BKT
Goldini,27/162,Common,BKT
Golking,28/162,Uncommon,BKT
Sterndu,29/162,Common,BKT
Starmie,30/162,Uncommon,BKT
Remoraid,31/162,Common,BKT
Remoraid,32/162,Common,BKT
Octillery,33/162,Rare Holo,BKT
Firnontor EX,34/162,Rare Holo EX,BKT
M-Firnontor EX,35/162,Rare Holo EX,BKT
Plinfa,36/162,Common,BKT
Pliprin,37/162,Uncommon,BKT
Impoleon,38/162,Rare Holo,BKT
Shnebedeck,39/162,Common,BKT
Rexblisar,40/162,Rare,BKT
Sodamak,41/162,Common,BKT
Sodachita,42/162,Rare,BKT
Gelatini,43/162,Common,BKT
Gelatroppo,44/162,Uncommon,BKT
Gelatwino,45/162,Rare,BKT
Froxy,46/162,Common,BKT
Amphizel,47/162,Uncommon,BKT
Pikachu,48/162,Common,BKT
Raichu,49/162,Rare,BKT
Raichu-TURBO,50/162,Rare BREAK,BKT
Magnetilo,51/162,Common,BKT
Magnetilo,52/162,Common,BKT
Magneton,53/162,Uncommon,BKT
Magnezone,54/162,Rare Holo,BKT
Raikou,55/162,Rare Holo,BKT
Flunschlik,56/162,Uncommon,BKT
Dedenne,57/162,Uncommon,BKT
Nebulak,58/162,Common,BKT
Alpollo,59/162,Uncommon,BKT
Gengar,60/162,Rare Holo,BKT
Mewtu EX,61/162,Rare Holo EX,BKT
Mewtu EX,62/162,Rare Holo EX,BKT
M-Mewtu EX,63/162,Rare Holo EX,BKT
M-Mewtu EX,64/162,Rare Holo EX,BKT
Traunfugil,65/162,Common,BKT
Traunmagil,66/162,Rare Holo,BKT
Woingenau,67/162,Uncommon,BKT
Trasla,68/162,Common,BKT
Kirlia,69/162,Uncommon,BKT
Cresselia,70/162,Rare,BKT
Fleknoil,71/162,Common,BKT
Fletiamo,72/162,Uncommon,BKT
Pygraulon,73/162,Common,BKT
Megalon,74/162,Uncommon,BKT
Sandan,75/162,Common,BKT
Sandamer,76/162,Uncommon,BKT
Tragosso,77/162,Common,BKT
Knogga,78/162,Rare,BKT
Knogga-TURBO,79/162,Rare BREAK,BKT
Quiekel,80/162,Common,BKT
Keifel,81/162,Uncommon,BKT
Mamutel,82/162,Rare Holo,BKT
Hippopotas,83/162,Common,BKT
Galagladi,84/162,Rare Holo,BKT
Meloetta,85/162,Rare Holo,BKT
Pam-Pam,86/162,Common,BKT
Resladero,87/162,Rare,BKT
Noktuska,88/162,Uncommon,BKT
Zorua,89/162,Common,BKT
Zorua,90/162,Common,BKT
Zoroark,91/162,Rare Holo,BKT
Zoroark-TURBO,92/162,Rare BREAK,BKT
Iscalar,93/162,Common,BKT
Yveltal,94/162,Rare Holo,BKT
Bronzel,95/162,Common,BKT
Bronzong,96/162,Rare,BKT
Pantimos,97/162,Rare,BKT
Snubbull,98/162,Common,BKT
Granbull,99/162,Uncommon,BKT
Trasla,100/162,Common,BKT
Flabébé,101/162,Common,BKT
Floette,102/162,Uncommon,BKT
Florges,103/162,Rare,BKT
Florges-TURBO,104/162,Rare BREAK,BKT
Parfi,105/162,Common,BKT
Parfinesse,106/162,Rare,BKT
Xerneas,107/162,Rare Holo,BKT
Milza,108/162,Common,BKT
Milza,109/162,Common,BKT
Sharfax,110/162,Uncommon,BKT
Maxax,111/162,Rare Holo,BKT
UHaFnir,112/162,Rare,BKT
UHaFnir-TURBO,113/162,Rare BREAK,BKT
Mauzi,114/162,Common,BKT
Dodu,115/162,Common,BKT
Dodu,116/162,Common,BKT
Dodri,117/162,Rare,BKT
Relaxo,118/162,Uncommon,BKT
Hoothoot,119/162,Common,BKT
Noctuh,120/162,Rare,BKT
Teddiursa,121/162,Common,BKT
Ursaring,122/162,Uncommon,BKT
Farbeagle,123/162,Rare,BKT
Wablu,124/162,Common,BKT
Staralili,125/162,Common,BKT
Staravia,126/162,Uncommon,BKT
Staraptor,127/162,Rare,BKT
Plaudagei,128/162,Rare,BKT
Geronimatz,129/162,Common,BKT
Washakwil,130/162,Rare,BKT
eF-eM,131/162,Common,BKT
eF-eM,132/162,Common,BKT
Offensivweste,133/162,Uncommon,BKT
Linette,134/162,Uncommon,BKT
Vetternhilfe,135/162,Uncommon,BKT
Angler,136/162,Uncommon,BKT
Leichtstein,137/162,Uncommon,BKT
Giovannis Intrige,138/162,Uncommon,BKT
Firnontors Geistesbund,139/162,Uncommon,BKT
Schwerball,140/162,Uncommon,BKT
Schwere Stiefel,141/162,Uncommon,BKT
Hundemons Geistesbund,142/162,Uncommon,BKT
Richter,143/162,Uncommon,BKT
Mewtus Geistesbund,144/162,Uncommon,BKT
Parallelstadt,145/162,Uncommon,BKT
Brief vom Prof.,146/162,Uncommon,BKT
Brief vom Prof.,146a/162,Uncommon,BKT
Vorbestellte Fahrkarte,147/162,Uncommon,BKT
Géraldine,148/162,Uncommon,BKT
Superangel,149/162,Uncommon,BKT
Karte,150/162,Uncommon,BKT
Brand-Energie,151/162,Uncommon,BKT
Regenbogen-Energie,152/162,Uncommon,BKT
Hundemon EX,153/162,Rare Ultra,BKT
M-Hundemon EX,154/162,Rare Ultra,BKT
Firnontor EX,155/162,Rare Ultra,BKT
M-Firnontor EX,156/162,Rare Ultra,BKT
Mewtu EX,157/162,Rare Ultra,BKT
Mewtu EX,158/162,Rare Ultra,BKT
M-Mewtu EX,159/162,Rare Ultra,BKT
M-Mewtu EX,160/162,Rare Ultra,BKT
Linette,161/162,Rare Ultra,BKT
Giovannis Intrige,162/162,Rare Ultra,BKT
Mewtu EX,163/162,Rare Secret,BKT
Mewtu EX,164/162,Rare Secret,BKT
Team Magma's Numel,1/34,Common,DCR
Team Magma's Camerupt,2/34,Rare Holo,DCR
Team Aqua's Spheal,3/34,Common,DCR
Team Aqua's Sealeo,4/34,Common,DCR
Team Aqua's Walrein,5/34,Rare Holo,DCR
Team Aqua's Kyogre-EX,6/34,Rare Ultra,DCR
Team Aqua's Grimer,7/34,Common,DCR
Team Aqua's Muk,8/34,Rare Holo,DCR
Team Aqua's Seviper,9/34,Common,DCR
Team Magma's Baltoy,10/34,Common,DCR
Team Magma's Claydol,11/34,Rare Holo,DCR
Team Magma's Aron,12/34,Common,DCR
Team Magma's Lairon,13/34,Common,DCR
Team Magma's Aggron,14/34,Rare Holo,DCR
Team Magma's Groudon-EX,15/34,Rare Ultra,DCR
Team Aqua's Poochyena,16/34,Common,DCR
Team Magma's Poochyena,17/34,Common,DCR
Team Aqua's Mightyena,18/34,Common,DCR
Team Magma's Mightyena,19/34,Common,DCR
Team Aqua's Carvanha,20/34,Common,DCR
Team Aqua's Sharpedo,21/34,Rare Holo,DCR
Team Magma's Zangoose,22/34,Common,DCR
Aqua Diffuser,23/34,Uncommon,DCR
Magma Pointer,24/34,Uncommon,DCR
Team Aqua Admin,25/34,Uncommon,DCR
Team Aqua Grunt,26/34,Uncommon,DCR
Team Aqua's Great Ball,27/34,Uncommon,DCR
Team Aqua's Secret Base,28/34,Uncommon,DCR
Team Magma Admin,29/34,Uncommon,DCR
Team Magma Grunt,30/34,Uncommon,DCR
Team Magma's Great Ball,31/34,Uncommon,DCR
Team Magma's Secret Base,32/34,Uncommon,DCR
Double Aqua Energy,33/34,Uncommon,DCR
Double Magma Energy,34/34,Uncommon,DCR
Bisaflor EX,1/108,Rare Holo EX,EVO
M-Bisaflor EX,2/108,Rare Holo EX,EVO
Raupy,3/108,Common,EVO
Safcon,4/108,Uncommon,EVO
Hornliu,5/108,Common,EVO
Kokuna,6/108,Uncommon,EVO
Bibor,7/108,Rare,EVO
Tangela,8/108,Common,EVO
Glumanda,9/108,Common,EVO
Glutexo,10/108,Uncommon,EVO
Glurak,11/108,Rare Holo,EVO
Glurak EX,12/108,Rare Holo EX,EVO
M-Glurak EX,13/108,Rare Holo EX,EVO
Vulpix,14/108,Common,EVO
Vulnona,15/108,Rare Holo,EVO
Vulnona-TURBO,16/108,Rare BREAK,EVO
Fukano,17/108,Common,EVO
Arkani,18/108,Rare,EVO
Ponita,19/108,Common,EVO
Magmar,20/108,Uncommon,EVO
Turtok EX,21/108,Rare Holo EX,EVO
M-Turtok EX,22/108,Rare Holo EX,EVO
Quapsel,23/108,Common,EVO
Quaputzi,24/108,Uncommon,EVO
Quappo,25/108,Rare Holo,EVO
Lahmus EX,26/108,Rare Holo EX,EVO
M-Lahmus EX,27/108,Rare Holo EX,EVO
Jurob,28/108,Common,EVO
Jugong,29/108,Rare,EVO
Sterndu,30/108,Common,EVO
Starmie,31/108,Rare,EVO
Starmie-TURBO,32/108,Rare BREAK,EVO
Karpador,33/108,Common,EVO
Garados,34/108,Rare Holo,EVO
Pikachu,35/108,Common,EVO
Raichu,36/108,Rare Holo,EVO
Magnetilo,37/108,Common,EVO
Magneton,38/108,Rare Holo,EVO
Voltobal,39/108,Common,EVO
Lektrobal,40/108,Rare,EVO
Elektek,41/108,Common,EVO
Zapdos,42/108,Rare Holo,EVO
Nidoran♂,43/108,Common,EVO
Nidorino,44/108,Uncommon,EVO
Nidoking,45/108,Rare Holo,EVO
Nidoking-TURBO,46/108,Rare BREAK,EVO
Nebulak,47/108,Common,EVO
Alpollo,48/108,Uncommon,EVO
Traumato,49/108,Common,EVO
Smogon,50/108,Uncommon,EVO
Mewtu,51/108,Rare,EVO
Mewtu EX,52/108,Rare Holo EX,EVO
Mew,53/108,Rare Holo,EVO
Sandan,54/108,Common,EVO
Digda,55/108,Common,EVO
Digdri,56/108,Rare,EVO
Machollo,57/108,Common,EVO
Maschock,58/108,Uncommon,EVO
Machomei,59/108,Rare Holo,EVO
Machomei-TURBO,60/108,Rare BREAK,EVO
Onix,61/108,Common,EVO
Nockchan,62/108,Rare Holo,EVO
Piepi,63/108,Rare Holo,EVO
Tauboss EX,64/108,Rare Holo EX,EVO
M-Tauboss EX,65/108,Rare Holo EX,EVO
Rattfratz,66/108,Common,EVO
Rattikarl,67/108,Rare,EVO
Porenta,68/108,Rare,EVO
Dodu,69/108,Common,EVO
Chaneira,70/108,Rare Holo,EVO
Porygon,71/108,Uncommon,EVO
Dragoran EX,72/108,Rare Holo EX,EVO
Turtoks Geistesbund,73/108,Uncommon,EVO
Rockos Durchhaltevermögen,74/108,Uncommon,EVO
Gluraks Geistesbund,75/108,Uncommon,EVO
Rückentwicklungsspray,76/108,Uncommon,EVO
Energie-Zugewinn,77/108,Uncommon,EVO
Hyperheiler,78/108,Uncommon,EVO
Wartung,79/108,Uncommon,EVO
Mistys Entschlossenheit,80/108,Uncommon,EVO
Tauboss' Geistesbund,81/108,Uncommon,EVO
Pokédex,82/108,Uncommon,EVO
Trank,83/108,Uncommon,EVO
Prof. Eichs Tipp,84/108,Uncommon,EVO
Beleber,85/108,Uncommon,EVO
Lahmus' Geistesbund,86/108,Uncommon,EVO
Supertrank,87/108,Uncommon,EVO
Tausch,88/108,Uncommon,EVO
Bisaflors Geistesbund,89/108,Uncommon,EVO
Doppel-Farblos-Energie,90/108,Uncommon,EVO
Pflanze-Energie,91/108,Common,EVO
Feuer-Energie,92/108,Common,EVO
Wasser-Energie,93/108,Common,EVO
Elektro-Energie,94/108,Common,EVO
Psycho-Energie,95/108,Common,EVO
Kampf-Energie,96/108,Common,EVO
Finsternis-Energie,97/108,Common,EVO
Metall-Energie,98/108,Common,EVO
Feen-Energie,99/108,Common,EVO
M-Bisaflor EX,100/108,Rare Ultra,EVO
M-Glurak EX,101/108,Rare Ultra,EVO
M-Turtok EX,102/108,Rare Ultra,EVO
Mewtu EX,103/108,Rare Ultra,EVO
Tauboss EX,104/108,Rare Ultra,EVO
M-Tauboss EX,105/108,Rare Ultra,EVO
Dragoran EX,106/108,Rare Ultra,EVO
Rockos Durchhaltevermögen,107/108,Rare Ultra,EVO
Mistys Entschlossenheit,108/108,Rare Ultra,EVO
Kokowei,109/108,Rare Secret,EVO
Fliegendes Pikachu,110/108,Rare Secret,EVO
Surfendes Pikachu,111/108,Rare Secret,EVO
Imakuni?s Dodu,112/108,Rare Secret,EVO
Hier kommt Team Rocket!,113/108,Rare Secret,EVO
Pottrott,1/124,Uncommon,FCO
Burmy,2/124,Common,FCO
Burmadame,3/124,Uncommon,FCO
Moterpel,4/124,Rare,FCO
Serpifeu,5/124,Common,FCO
Efoserp,6/124,Uncommon,FCO
Serpiroyal,7/124,Rare,FCO
Sesokitz,8/124,Common,FCO
Lavados,9/124,Rare,FCO
Fynx,10/124,Common,FCO
Fynx,11/124,Common,FCO
Rutena,12/124,Uncommon,FCO
Fennexis,13/124,Rare Holo,FCO
Fennexis-TURBO,14/124,Rare BREAK,FCO
Jurob,15/124,Common,FCO
Jugong,16/124,Uncommon,FCO
Amonitas,17/124,Uncommon,FCO
Amoroso,18/124,Rare,FCO
Amoroso-TURBO,19/124,Rare BREAK,FCO
Glaziola EX,20/124,Rare Holo EX,FCO
Weißes Kyurem,21/124,Rare Holo,FCO
Bithora,22/124,Common,FCO
Thanathora,23/124,Rare,FCO
Rotom,24/124,Rare,FCO
Simsala EX,25/124,Rare Holo EX,FCO
M-Simsala EX,26/124,Rare Holo EX,FCO
Smogon,27/124,Common,FCO
Smogmog,28/124,Uncommon,FCO
Mew,29/124,Rare Holo,FCO
Spoink,30/124,Common,FCO
Groink,31/124,Rare,FCO
Mollimorba,32/124,Common,FCO
Monozyto,33/124,Common,FCO
Mitodos,34/124,Uncommon,FCO
Zytomega,35/124,Rare,FCO
Digda,36/124,Common,FCO
Knogga,37/124,Rare,FCO
Kabuto,38/124,Uncommon,FCO
Kabutops,39/124,Rare,FCO
Larvitar,40/124,Common,FCO
Larvitar,41/124,Common,FCO
Pupitar,42/124,Uncommon,FCO
Regirock EX,43/124,Rare Holo EX,FCO
Regirock EX,43a/124,Rare Ultra,FCO
Burmadame,44/124,Uncommon,FCO
Riolu,45/124,Common,FCO
Riolu,46/124,Common,FCO
Lucario,47/124,Rare,FCO
Resladero,48/124,Uncommon,FCO
Rocara,49/124,Rare,FCO
Rocara,50/124,Common,FCO
Rocara-TURBO,51/124,Rare BREAK,FCO
Zygarde,52/124,Uncommon,FCO
Zygarde,53/124,Rare,FCO
Zygarde EX,54/124,Rare Holo EX,FCO
Zygarde EX,54a/124,Rare Ultra,FCO
Nachtara EX,55/124,Rare Holo EX,FCO
Despotar,56/124,Rare Holo,FCO
Skallyk,57/124,Common,FCO
Grypheldis,58/124,Rare,FCO
Burmadame,59/124,Uncommon,FCO
Bronzel,60/124,Common,FCO
Bronzong,61/124,Rare,FCO
Bronzong-TURBO,62/124,Rare BREAK,FCO
Lucario,63/124,Rare Holo,FCO
Genesect EX,64/124,Rare Holo EX,FCO
Pummeluff,65/124,Common,FCO
Knuddeluff,66/124,Uncommon,FCO
Pantimos,67/124,Rare,FCO
Snubbull,68/124,Common,FCO
M-Altaria EX,69/124,Rare Holo EX,FCO
Waumboll,70/124,Common,FCO
Elfun,71/124,Uncommon,FCO
Diancie EX,72/124,Rare Holo EX,FCO
Seedraking EX,73/124,Rare Holo EX,FCO
Mauzi,74/124,Common,FCO
Kangama,75/124,Uncommon,FCO
Aerodactyl,76/124,Rare,FCO
Relaxo,77/124,Rare,FCO
Lugia,78/124,Rare,FCO
Lugia-TURBO,79/124,Rare BREAK,FCO
Flurmel,80/124,Common,FCO
Krakeelo,81/124,Uncommon,FCO
Krawumms,82/124,Rare,FCO
Altaria EX,83/124,Rare Holo EX,FCO
Ohrdoch EX,84/124,Rare Holo EX,FCO
M-Ohrdoch EX,85/124,Rare Holo EX,FCO
Picochilla,86/124,Common,FCO
Picochilla,87/124,Common,FCO
Chillabell,88/124,Uncommon,FCO
Chillabell,89/124,Uncommon,FCO
Simsalas Geistesbund,90/124,Uncommon,FCO
Altarias Geistesbund,91/124,Uncommon,FCO
Ohrdochs Geistesbund,92/124,Uncommon,FCO
Verbogener Löffel,93/124,Uncommon,FCO
Chaosturm,94/124,Uncommon,FCO
Rückentwicklungsspray,95/124,Uncommon,FCO
Kabutos Domfossil,96/124,Uncommon,FCO
Energietasche,97/124,Uncommon,FCO
Energierückstellung,98/124,Uncommon,FCO
Feentropfen,99/124,Uncommon,FCO
Feenbeet,100/124,Uncommon,FCO
Fossilausgrabungsset,101/124,Uncommon,FCO
Amonitas Helixfossil,102/124,Uncommon,FCO
Görentalent,103/124,Uncommon,FCO
Mega-Fänger,104/124,Uncommon,FCO
N,105/124,Uncommon,FCO
N,105a/124,Rare Ultra,FCO
Aerodactyls Altbernstein,106/124,Uncommon,FCO
Pokémon Fan Club,107/124,Uncommon,FCO
Langzeitgedächtnis,108/124,Uncommon,FCO
Zufallsempfänger,109/124,Uncommon,FCO
Verbrannte Erde,110/124,Uncommon,FCO
Sannah,111/124,Uncommon,FCO
Sannah,111a/124,Rare Ultra,FCO
Team Rockets Machenschaften,112/124,Uncommon,FCO
Hyperball,113/124,Uncommon,FCO
Doppel-Farblos-Energie,114/124,Uncommon,FCO
Stärke-Energie,115/124,Uncommon,FCO
Glaziola EX,116/124,Rare Ultra,FCO
Simsala EX,117/124,Rare Ultra,FCO
M-Simsala EX,118/124,Rare Ultra,FCO
Nachtara EX,119/124,Rare Ultra,FCO
Genesect EX,120/124,Rare Ultra,FCO
M-Altaria EX,121/124,Rare Ultra,FCO
Seedraking EX,122/124,Rare Ultra,FCO
Altaria EX,123/124,Rare Ultra,FCO
Team Rockets Machenschaften,124/124,Rare Ultra,FCO
Simsala EX,125/124,Rare Secret,FCO
Raupy,1/106,Common,FLF
Safcon,2/106,Uncommon,FLF
Smettbo,3/106,Rare,FLF
Tannza,4/106,Common,FLF
Samurzel,5/106,Common,FLF
Blanas,6/106,Uncommon,FLF
Tengulist,7/106,Rare Holo,FLF
Roselia,8/106,Common,FLF
Roserade,9/106,Uncommon,FLF
Maracamba,10/106,Uncommon,FLF
Glurak EX,11/106,Rare Holo EX,FLF
Glurak EX,12/106,Rare Holo EX,FLF
M-Glurak EX,13/106,Rare Holo EX,FLF
Ponita,14/106,Common,FLF
Gallopa,15/106,Uncommon,FLF
Qurtel,16/106,Uncommon,FLF
Dartignis,17/106,Uncommon,FLF
Leufeo,18/106,Common,FLF
Leufeo,19/106,Common,FLF
Pyroleo,20/106,Rare Holo,FLF
Baldorfish,21/106,Rare,FLF
Barschwa,22/106,Common,FLF
Milotic,23/106,Rare Holo,FLF
Seemops,24/106,Common,FLF
Seejong,25/106,Uncommon,FLF
Walraisa,26/106,Rare,FLF
Liebiskus,27/106,Uncommon,FLF
Bamelin,28/106,Common,FLF
Bojelin,29/106,Rare,FLF
Arktip,30/106,Common,FLF
Arktilas,31/106,Uncommon,FLF
Sheinux,32/106,Common,FLF
Luxio,33/106,Uncommon,FLF
Luxtra,34/106,Rare,FLF
Magnezone EX,35/106,Rare Holo EX,FLF
Eguana,36/106,Common,FLF
Elezard,37/106,Rare,FLF
Zwirrlicht,38/106,Common,FLF
Zwirrklop,39/106,Uncommon,FLF
Zwirrfinst,40/106,Rare Holo,FLF
Toxiquak EX,41/106,Rare Holo EX,FLF
Psiau,42/106,Common,FLF
Psiaugon,43/106,Rare,FLF
Algitt,44/106,Common,FLF
Kleinstein,45/106,Common,FLF
Georok,46/106,Uncommon,FLF
Geowaz,47/106,Rare,FLF
Bithora,48/106,Common,FLF
Thanathora,49/106,Rare,FLF
Sniebel,50/106,Uncommon,FLF
Sniebel,51/106,Common,FLF
Snibunna,52/106,Rare,FLF
Skunkapuh,53/106,Common,FLF
Skunkapuh,54/106,Common,FLF
Skuntank,55/106,Rare,FLF
Ganovil,56/106,Common,FLF
Rokkaiman,57/106,Uncommon,FLF
Zurrokex,58/106,Common,FLF
Irokex,59/106,Rare,FLF
Forstellka,60/106,Rare,FLF
Fermicula,61/106,Rare,FLF
Flabébé,62/106,Common,FLF
Flabébé,63/106,Common,FLF
Floette,64/106,Rare,FLF
Floette,65/106,Uncommon,FLF
Florges,66/106,Rare Holo,FLF
Parfi,67/106,Common,FLF
Rocara,68/106,Rare Holo,FLF
M-Glurak EX,69/106,Rare Holo EX,FLF
Shardrago,70/106,Rare Holo,FLF
Tandrak,71/106,Rare,FLF
Viscora,72/106,Common,FLF
Viscargot,73/106,Uncommon,FLF
Viscogon,74/106,Rare Holo,FLF
Taubsi,75/106,Common,FLF
Tauboga,76/106,Uncommon,FLF
Tauboss,77/106,Rare,FLF
Kangama EX,78/106,Rare Holo EX,FLF
M-Kangama EX,79/106,Rare Holo EX,FLF
Relaxo,80/106,Rare,FLF
Wiesor,81/106,Common,FLF
Wiesenior,82/106,Rare,FLF
Miltank,83/106,Uncommon,FLF
Haspiror,84/106,Common,FLF
Schlapor,85/106,Rare,FLF
Dartiri,86/106,Common,FLF
Coiffwaff,87/106,Uncommon,FLF
Schmied,88/106,Uncommon,FLF
Schmied,88a/106,Rare Ultra,FLF
Feurige Fackel,89/106,Uncommon,FLF
Flordelis,90/106,Uncommon,FLF
Magnetsturm,91/106,Uncommon,FLF
Adressbuch,92/106,Uncommon,FLF
Pokémon-Center-Dame,93/106,Uncommon,FLF
Pokémon Fan Club,94/106,Uncommon,FLF
Schutzschachtel,95/106,Uncommon,FLF
Zauberasche,96/106,Uncommon,FLF
Schock-Megafon,97/106,Uncommon,FLF
Trickschaufel,98/106,Uncommon,FLF
Hyperball,99/106,Uncommon,FLF
Glurak EX,100/106,Rare Ultra,FLF
Magnezone EX,101/106,Rare Ultra,FLF
Toxiquak EX,102/106,Rare Ultra,FLF
Kangama EX,103/106,Rare Ultra,FLF
Flordelis,104/106,Rare Ultra,FLF
Pokémon-Center-Dame,105/106,Rare Ultra,FLF
Pokémon Fan Club,106/106,Rare Ultra,FLF
M-Glurak EX,107/106,Rare Secret,FLF
M-Glurak EX,108/106,Rare Secret,FLF
M-Kangama EX,109/106,Rare Secret,FLF
Knofensa,1/111,Common,FFI
Ultrigaria,2/111,Uncommon,FFI
Sarzenia,3/111,Rare Holo,FFI
Skaraborn EX,4/111,Rare Holo EX,FFI
M Skaraborn EX,5/111,Rare Holo EX,FFI
Knilz,6/111,Common,FFI
Folipurba,7/111,Rare,FFI
Schnuthelm,8/111,Common,FFI
Hydragil,9/111,Uncommon,FFI
Magmar,10/111,Common,FFI
Magbrant,11/111,Rare,FFI
Flemmli,12/111,Common,FFI
Jungglut,13/111,Uncommon,FFI
Lohgock,14/111,Rare Holo,FFI
Quapsel,15/111,Common,FFI
Quaputzi,16/111,Uncommon,FFI
Quappo,17/111,Rare Holo,FFI
Quaxo,18/111,Rare,FFI
Glaziola,19/111,Rare,FFI
Branawarz EX,20/111,Rare Holo EX,FFI
Petznief,21/111,Common,FFI
Siberio,22/111,Rare,FFI
Scampisto,23/111,Common,FFI
Wummer,24/111,Rare Holo,FFI
Amarino,25/111,Uncommon,FFI
Amagarga,26/111,Rare,FFI
Pikachu,27/111,Common,FFI
Raichu,28/111,Uncommon,FFI
Elektek,29/111,Common,FFI
Elevoltek,30/111,Rare,FFI
Plusle,31/111,Common,FFI
Minun,32/111,Common,FFI
Voltolos,33/111,Rare,FFI
Dedenne,34/111,Uncommon,FFI
Traumato,35/111,Common,FFI
Hypno,36/111,Rare,FFI
Rossana,37/111,Rare,FFI
Pionskora,38/111,Common,FFI
Mollimorba,39/111,Common,FFI
Hypnomorba,40/111,Uncommon,FFI
Morbitesse,41/111,Rare,FFI
Golbit,42/111,Common,FFI
Golgantes,43/111,Rare,FFI
Machollo,44/111,Common,FFI
Maschock,45/111,Uncommon,FFI
Machomei,46/111,Rare Holo,FFI
Kicklee,47/111,Uncommon,FFI
Nockchan,48/111,Uncommon,FFI
Kapoera,49/111,Uncommon,FFI
Kapilz,50/111,Rare,FFI
Makuhita,51/111,Common,FFI
Hariyama,52/111,Rare,FFI
Knacklion,53/111,Common,FFI
Lucario EX,54/111,Rare Holo EX,FFI
M Lucario EX,55/111,Rare Holo EX,FFI
M Lucario EX,55a/111,Rare Ultra,FFI
Lin-Fu,56/111,Common,FFI
Wie-Shu,57/111,Uncommon,FFI
Demeteros,58/111,Rare Holo,FFI
Pam-Pam,59/111,Uncommon,FFI
Pam-Pam,60/111,Common,FFI
Balgoras,61/111,Uncommon,FFI
Monargoras,62/111,Rare,FFI
Resladero,63/111,Rare Holo,FFI
Resladero EX,64/111,Rare Holo EX,FFI
Piondragi,65/111,Rare,FFI
Zurrokex,66/111,Common,FFI
Irokex,67/111,Uncommon,FFI
Pandagro,68/111,Rare,FFI
Piepi,69/111,Common,FFI
Piepi,70/111,Common,FFI
Pixi,71/111,Uncommon,FFI
Feelinara,72/111,Rare,FFI
Clavion,73/111,Uncommon,FFI
Dragoran EX,74/111,Rare Holo EX,FFI
Vibrava,75/111,Uncommon,FFI
Libelldra,76/111,Rare,FFI
UHaFnir,77/111,Rare Holo,FFI
Schlurp,78/111,Common,FFI
Schlurplek,79/111,Uncommon,FFI
Evoli,80/111,Common,FFI
Bummelz,81/111,Common,FFI
Muntier,82/111,Uncommon,FFI
Letarking,83/111,Rare Holo,FFI
Nagelotz,84/111,Common,FFI
Kukmarda,85/111,Uncommon,FFI
Boreos,86/111,Rare,FFI
eF-eM,87/111,Common,FFI
Kampfreporter,88/111,Uncommon,FFI
Energie-Umschalter,89/111,Uncommon,FFI
Kampfhalle,90/111,Uncommon,FFI
Fokusgurt,91/111,Uncommon,FFI
Fossilforscher,92/111,Uncommon,FFI
Hyperheiler,93/111,Uncommon,FFI
Kieferfossil,94/111,Uncommon,FFI
Connie,95/111,Uncommon,FFI
Wartung,96/111,Uncommon,FFI
Gebirgsring,97/111,Uncommon,FFI
Flossenfossil,98/111,Uncommon,FFI
Glänzender Mantel,99/111,Uncommon,FFI
Super-Anziehungskraft,100/111,Uncommon,FFI
Ausrüstungsgreifer,101/111,Uncommon,FFI
Trainingscenter,102/111,Uncommon,FFI
Kräuter-Energie,103/111,Uncommon,FFI
Stärke-Energie,104/111,Uncommon,FFI
Skaraborn EX,105/111,Rare Ultra,FFI
Branawarz EX,106/111,Rare Ultra,FFI
Lucario EX,107/111,Rare Ultra,FFI
Dragoran EX,108/111,Rare Ultra,FFI
Kampfreporter,109/111,Rare Ultra,FFI
Fossilforscher,110/111,Rare Ultra,FFI
Connie,111/111,Rare Ultra,FFI
M Skaraborn EX,112/111,Rare Secret,FFI
M Lucario EX,113/111,Rare Secret,FFI
Bisaflor-EX,1/83,Rare Holo EX,GEN
M-Bisaflor-EX,2/83,Rare Holo EX,GEN
Raupy,3/83,Common,GEN
Safcon,4/83,Uncommon,GEN
Smettbo,5/83,Rare Holo,GEN
Paras,6/83,Common,GEN
Parasek,7/83,Rare,GEN
Tangela,8/83,Common,GEN
Pinsir,9/83,Rare,GEN
Folipurba-EX,10/83,Rare Holo EX,GEN
Glurak-EX,11/83,Rare Holo EX,GEN
M-Glurak-EX,12/83,Rare Holo EX,GEN
Vulnona-EX,13/83,Rare Holo EX,GEN
Ponita,14/83,Common,GEN
Gallopa,15/83,Rare,GEN
Magmar,16/83,Common,GEN
Turtok-EX,17/83,Rare Holo EX,GEN
M-Turtok-EX,18/83,Rare Holo EX,GEN
Muschas,19/83,Common,GEN
Austos,20/83,Uncommon,GEN
Krabby,21/83,Common,GEN
Karpador,22/83,Common,GEN
Garados,23/83,Rare,GEN
Aquana-EX,24/83,Rare Holo EX,GEN
Arktos,25/83,Rare Holo,GEN
Pikachu,26/83,Common,GEN
Raichu,27/83,Rare Holo,GEN
Blitza-EX,28/83,Rare Holo EX,GEN
Blitza-EX,28a/83,Rare Ultra,GEN
Zapdos,29/83,Rare Holo,GEN
Zubat,30/83,Common,GEN
Golbat,31/83,Uncommon,GEN
Flegmon,32/83,Common,GEN
Nebulak,33/83,Common,GEN
Alpollo,34/83,Uncommon,GEN
Gengar,35/83,Rare Holo,GEN
Rossana,36/83,Rare,GEN
Psiaugon-EX,37/83,Rare Holo EX,GEN
Digda,38/83,Common,GEN
Digdri,39/83,Rare,GEN
Machollo,40/83,Common,GEN
Maschock,41/83,Uncommon,GEN
Machomei,42/83,Rare Holo,GEN
Kleinstein,43/83,Common,GEN
Georok,44/83,Uncommon,GEN
Geowaz,45/83,Rare Holo,GEN
Geowaz-EX,46/83,Rare Holo EX,GEN
Kicklee,47/83,Rare,GEN
Nockchan,48/83,Rare,GEN
Rihorn,49/83,Common,GEN
Piepi,50/83,Common,GEN
Pixi,51/83,Uncommon,GEN
Pantimos,52/83,Uncommon,GEN
Mauzi,53/83,Common,GEN
Snobilikat,54/83,Uncommon,GEN
Dodu,55/83,Common,GEN
Dodri,56/83,Rare,GEN
Tauros,57/83,Rare,GEN
Relaxo,58/83,Rare,GEN
Citro,59/83,Uncommon,GEN
Schmetterhammer,60/83,Uncommon,GEN
Energie-Umschalter,61/83,Uncommon,GEN
Evobrause,62/83,Uncommon,GEN
Imakuni?,63/83,Uncommon,GEN
Wartung,64/83,Uncommon,GEN
Top-Beleber,65/83,Uncommon,GEN
Astrid,66/83,Uncommon,GEN
Pokéball,67/83,Uncommon,GEN
Pokémon-Center-Dame,68/83,Uncommon,GEN
Pokémon Fan Club,69/83,Uncommon,GEN
Revitalisierer,70/83,Uncommon,GEN
Rote Karte,71/83,Uncommon,GEN
Sannah,72/83,Uncommon,GEN
Team Flare-Rüpel,73/83,Uncommon,GEN
Team Flare-Rüpel,73a/83,Rare Ultra,GEN
Doppel-Farblos-Energie,74/83,Uncommon,GEN
Pflanzen-Energie,75/83,Common,GEN
Feuer-Energie,76/83,Common,GEN
Wasser-Energie,77/83,Common,GEN
Elektro-Energie,78/83,Common,GEN
Psycho-Energie,79/83,Common,GEN
Kampf-Energie,80/83,Common,GEN
Finsternis-Energie,81/83,Common,GEN
Metall-Energie,82/83,Common,GEN
Feen-Energie,83/83,Common,GEN
Endivie,RC1/83,Common,GEN
Knilz,RC2/83,Common,GEN
Glumanda,RC3/83,Common,GEN
Glutexo,RC4/83,Common,GEN
Glurak,RC5/83,Uncommon,GEN
Flamara-EX,RC6/83,Rare Holo EX,GEN
Schneppke,RC7/83,Common,GEN
Frosdedje,RC8/83,Uncommon,GEN
Raichu,RC9/83,Common,GEN
Dedenne,RC10/83,Uncommon,GEN
Woingenau,RC11/83,Common,GEN
Schluppuck,RC12/83,Common,GEN
Jirachi,RC13/83,Uncommon,GEN
Psiau,RC14/83,Common,GEN
Psiaugon,RC15/83,Uncommon,GEN
Yveltal,RC16/83,Uncommon,GEN
Flabébé,RC17/83,Common,GEN
Floette,RC18/83,Uncommon,GEN
Flauschling,RC19/83,Uncommon,GEN
Sabbaione,RC20/83,Uncommon,GEN
Feelinara-EX,RC21/83,Rare Holo EX,GEN
Diancie,RC22/83,Uncommon,GEN
Wablu,RC23/83,Common,GEN
Altaria,RC24/83,Uncommon,GEN
Dartiri,RC25/83,Common,GEN
Blumenkrone,RC26/83,Common,GEN
Heiko,RC27/83,Uncommon,GEN
Flamara-EX,RC28/83,Rare Ultra,GEN
Pikachu,RC29/83,Rare Ultra,GEN
Guardevoir-EX,RC30/83,Rare Ultra,GEN
M-Guardevoir-EX,RC31/83,Rare Ultra,GEN
Feelinara-EX,RC32/83,Rare Ultra,GEN
Hornliu,1/39,,KSS
Vegimak,2/39,,KSS
Igamaro,3/39,,KSS
Igastarnish,4/39,,KSS
Brigaron,5/39,,KSS
Schneckmag,6/39,,KSS
Grillmak,7/39,,KSS
Fynx,8/39,,KSS
Rutena,9/39,,KSS
Fennexis,10/39,,KSS
Sodamak,11/39,,KSS
Froxy,12/39,,KSS
Amphizel,13/39,,KSS
Quajutsu,14/39,,KSS
Scampisto,15/39,,KSS
Fiffyen,16/39,,KSS
Magnayen,17/39,,KSS
Iscalar,18/39,,KSS
Gladiantri,19/39,,KSS
Caesurio,20/39,,KSS
Gramokles,21/39,,KSS
Snubbull,22/39,,KSS
Granbull,23/39,,KSS
Flauschling,24/39,,KSS
Porenta,25/39,,KSS
Relaxo,26/39,,KSS
Miltank,27/39,,KSS
Eneco,28/39,,KSS
Bidiza,29/39,,KSS
Scoppel,30/39,,KSS
Dartiri,31/39,,KSS
Coiffwaff,32/39,,KSS
Coiffwaff,33/39,,KSS
Schmetterhammer,34/39,,KSS
Pokéball,35/39,,KSS
Pokémon-Fänger,36/39,,KSS
Trank,37/39,,KSS
Tausch,38/39,,KSS
Tierno,39/39,,KSS
Bluzuk,1/119,Common,PHF
Omot,2/119,Rare,PHF
Yanma,3/119,Common,PHF
Yanmega,4/119,Rare,PHF
Strawickl,5/119,Common,PHF
Folikon,6/119,Uncommon,PHF
Matrifol,7/119,Rare,PHF
Laukaps,8/119,Common,PHF
Dartignis,9/119,Uncommon,PHF
Fiaro,10/119,Rare,PHF
Leufeo,11/119,Common,PHF
Pyroleo,12/119,Rare Holo,PHF
Krabby,13/119,Common,PHF
Kingler,14/119,Uncommon,PHF
Karnimani,15/119,Common,PHF
Tyracroc,16/119,Uncommon,PHF
Impergator,17/119,Rare Holo,PHF
Finneon,18/119,Common,PHF
Lumineon,19/119,Uncommon,PHF
Quabbel,20/119,Common,PHF
Apoquallyp,21/119,Rare,PHF
Mamolida,22/119,Common,PHF
Voltenso EX,23/119,Rare Holo EX,PHF
M Voltenso EX,24/119,Rare Holo EX,PHF
M Voltenso EX,24a/119,Rare Ultra,PHF
Pachirisu,25/119,Rare,PHF
Wattzapf,26/119,Common,PHF
Voltula,27/119,Rare,PHF
Eguana,28/119,Common,PHF
Eguana,29/119,Common,PHF
Elezard,30/119,Rare Holo,PHF
Zubat,31/119,Common,PHF
Golbat,32/119,Uncommon,PHF
Iksbat,33/119,Rare,PHF
Gengar EX,34/119,Rare Holo EX,PHF
M-Gengar EX,35/119,Rare Holo EX,PHF
Woingenau,36/119,Uncommon,PHF
Schluppuck,37/119,Common,PHF
Schlukwech,38/119,Rare,PHF
Somniam,39/119,Common,PHF
Somnivora,40/119,Rare,PHF
Lichtel,41/119,Common,PHF
Laternecto,42/119,Uncommon,PHF
Skelabra,43/119,Rare Holo,PHF
Irrbis,44/119,Common,PHF
Pumpdjinn,45/119,Rare Holo,PHF
Skorgla,46/119,Common,PHF
Skorgro,47/119,Rare,PHF
Kiesling,48/119,Common,PHF
Sedimantur,49/119,Uncommon,PHF
Brockoloss,50/119,Rare Holo,PHF
Kramurx,51/119,Common,PHF
Kramshef,52/119,Rare,PHF
Fiffyen,53/119,Common,PHF
Magnayen,54/119,Rare,PHF
Kryppuk,55/119,Rare,PHF
Felilou,56/119,Common,PHF
Kleoparda,57/119,Uncommon,PHF
Calamanero EX,58/119,Rare Holo EX,PHF
Panzaeron,59/119,Common,PHF
Bronzel,60/119,Common,PHF
Bronzong,61/119,Rare,PHF
Dialga EX,62/119,Rare Holo EX,PHF
Heatran,63/119,Rare Holo,PHF
Cavalanzas,64/119,Rare,PHF
Durengard EX,65/119,Rare Holo EX,PHF
Durengard EX,65a/119,Rare Ultra,PHF
Clavion,66/119,Uncommon,PHF
Florges EX,67/119,Rare Holo EX,PHF
Flauschling,68/119,Common,PHF
Sabbaione,69/119,Rare Holo,PHF
Dedenne,70/119,Common,PHF
Diancie,71/119,Rare Holo,PHF
Kapuno,72/119,Common,PHF
Duodino,73/119,Uncommon,PHF
Trikephalo,74/119,Rare Holo,PHF
Viscora,75/119,Common,PHF
Viscargot,76/119,Uncommon,PHF
Viscogon,77/119,Rare Holo,PHF
Habitak,78/119,Common,PHF
Ibitak,79/119,Uncommon,PHF
Chaneira,80/119,Common,PHF
Heiteira,81/119,Rare,PHF
Girafarig,82/119,Uncommon,PHF
Flurmel,83/119,Common,PHF
Krakeelo,84/119,Uncommon,PHF
Krawumms,85/119,Rare,PHF
Regigigas,86/119,Rare Holo,PHF
Scoppel,87/119,Common,PHF
Grebbit,88/119,Rare,PHF
Dartiri,89/119,Common,PHF
Coiffwaff,90/119,Uncommon,PHF
Azett,91/119,Uncommon,PHF
Kampfverdichter Team Flare-Zubehör,92/119,Uncommon,PHF
Dimensionstal,93/119,Uncommon,PHF
SpezialHammer,94/119,Uncommon,PHF
Gengars Geistesbund,95/119,Uncommon,PHF
Handperiskop,96/119,Uncommon,PHF
Kopfgeschirr Team Flare-Superzubehör,97/119,Rare Holo,PHF
Störnetz Team Flare-Superzubehör,98/119,Rare Holo,PHF
Flordelis' Trumpfkarte,99/119,Uncommon,PHF
Voltensos Geistesbund,100/119,Uncommon,PHF
Prof. Platan,101/119,Uncommon,PHF
Robo-Ersatz Team Flare-Zubehör,102/119,Uncommon,PHF
Rollerskates,103/119,Uncommon,PHF
Sannah,104/119,Uncommon,PHF
Stahlbunker,105/119,Uncommon,PHF
Visierflöte Team Flare-Zubehör,106/119,Uncommon,PHF
Tierno,107/119,Uncommon,PHF
Trickmünze,108/119,Uncommon,PHF
Kampffahnder,109/119,Uncommon,PHF
Xeros,110/119,Uncommon,PHF
DoppelFarblosEnergie,111/119,Uncommon,PHF
GeheimnisEnergie,112/119,Uncommon,PHF
Voltenso EX,113/119,Rare Ultra,PHF
Gengar EX,114/119,Rare Ultra,PHF
Calamanero EX,115/119,Rare Ultra,PHF
Florges EX,116/119,Rare Ultra,PHF
Azett,117/119,Rare Ultra,PHF
Flordelis' Trumpfkarte,118/119,Rare Ultra,PHF
Xeros,119/119,Rare Ultra,PHF
M Voltenso EX,120/119,Rare Secret,PHF
M-Gengar EX,121/119,Rare Secret,PHF
Dialga EX,122/119,Rare Secret,PHF
Hornliu,1/160,Common,PRC
Kokuna,2/160,Uncommon,PRC
Bibor,3/160,Rare,PRC
Tangela,4/160,Common,PRC
Tangoloss,5/160,Rare,PRC
Geckarbor,6/160,Common,PRC
Reptain,7/160,Uncommon,PRC
Gewaldro,8/160,Rare,PRC
Gewaldro,9/160,Rare Holo,PRC
Loturzel,10/160,Common,PRC
Lombrero,11/160,Uncommon,PRC
Kappalores,12/160,Rare Holo,PRC
Gehweiher,13/160,Common,PRC
Maskeregen,14/160,Uncommon,PRC
Knilz,15/160,Common,PRC
Kapilz,16/160,Rare,PRC
Volbeat,17/160,Common,PRC
Illumise,18/160,Common,PRC
Trombork EX,19/160,Rare Holo EX,PRC
Vulpix,20/160,Common,PRC
Vulnona,21/160,Rare,PRC
Schneckmag,22/160,Common,PRC
Magcargo,23/160,Uncommon,PRC
Magcargo,24/160,Rare,PRC
Flemmli,25/160,Common,PRC
Flemmli,26/160,Uncommon,PRC
Jungglut,27/160,Uncommon,PRC
Lohgock,28/160,Rare Holo,PRC
Camerupt EX,29/160,Rare Holo EX,PRC
Seeper,30/160,Common,PRC
Seemon,31/160,Uncommon,PRC
Sterndu,32/160,Common,PRC
Hydropi,33/160,Common,PRC
Moorabbel,34/160,Uncommon,PRC
Sumpex,35/160,Rare,PRC
Sumpex,36/160,Rare Holo,PRC
Kappalores,37/160,Rare,PRC
Wailord EX,38/160,Rare Holo EX,PRC
Schmerbe,39/160,Common,PRC
Welsar,40/160,Uncommon,PRC
Welsar,41/160,Rare,PRC
Krebscorps,42/160,Common,PRC
Barschwa,43/160,Common,PRC
Milotic,44/160,Rare Holo,PRC
Seemops,45/160,Common,PRC
Seemops,46/160,Common,PRC
Seejong,47/160,Uncommon,PRC
Walraisa,48/160,Rare,PRC
Perlu,49/160,Common,PRC
Aalabyss,50/160,Rare Holo,PRC
Saganabyss,51/160,Uncommon,PRC
Saganabyss,52/160,Rare,PRC
Kyogre,53/160,Rare,PRC
Kyogre EX,54/160,Rare Holo EX,PRC
ProtoKyogre EX,55/160,Rare Holo EX,PRC
Manaphy,56/160,Rare Holo,PRC
Lampi,57/160,Common,PRC
Lanturn,58/160,Uncommon,PRC
Frizelbliz,59/160,Common,PRC
Frizelbliz,60/160,Uncommon,PRC
Voltenso,61/160,Rare Holo,PRC
Zapplardin,62/160,Common,PRC
Zapplalek,63/160,Uncommon,PRC
Zapplalek,64/160,Rare,PRC
Zapplarang,65/160,Rare Holo,PRC
Nidoran♀,66/160,Common,PRC
Nidorina,67/160,Uncommon,PRC
Nidoqueen,68/160,Uncommon,PRC
Nidoqueen,69/160,Rare,PRC
Tentacha,70/160,Common,PRC
Tentacha,71/160,Uncommon,PRC
Tentoxa,72/160,Rare,PRC
Starmie,73/160,Rare,PRC
Rihorn,74/160,Common,PRC
Rizeros,75/160,Uncommon,PRC
Rihornior,76/160,Rare,PRC
Rihornior,77/160,Rare Holo,PRC
Nasgnet,78/160,Common,PRC
Meditie,79/160,Common,PRC
Meditalis,80/160,Rare Holo,PRC
Meditalis,81/160,Rare,PRC
Knacklion,82/160,Common,PRC
Sonnfel,83/160,Common,PRC
Groudon,84/160,Rare,PRC
Groudon EX,85/160,Rare Holo EX,PRC
Proto-Groudon EX,86/160,Rare Holo EX,PRC
Hippopotas,87/160,Common,PRC
Hippoterus,88/160,Rare Holo,PRC
Rotomurf,89/160,Common,PRC
Grebbit,90/160,Rare,PRC
Tohaido EX,91/160,Rare Holo EX,PRC
Krebutack,92/160,Rare Holo,PRC
Stolloss EX,93/160,Rare Holo EX,PRC
M-Stolloss EX,94/160,Rare Holo EX,PRC
Voluminas,95/160,Rare,PRC
Stalobor,96/160,Rare,PRC
Stalobor,97/160,Rare Holo,PRC
Gramokles,98/160,Common,PRC
Duokles,99/160,Uncommon,PRC
Durengard,100/160,Rare Holo,PRC
Pantimos,101/160,Uncommon,PRC
Marill,102/160,Common,PRC
Azumarill,103/160,Rare,PRC
Azumarill,104/160,Rare Holo,PRC
Guardevoir EX,105/160,Rare Holo EX,PRC
M-Guardevoir EX,106/160,Rare Holo EX,PRC
Seedraking,107/160,Rare,PRC
Seedraking,108/160,Rare Holo,PRC
Vibrava,109/160,Uncommon,PRC
Libelldra,110/160,Rare Holo,PRC
Zigzachs,111/160,Common,PRC
Geradaks,112/160,Uncommon,PRC
Eneco,113/160,Common,PRC
Enekoro,114/160,Rare,PRC
Pandir,115/160,Common,PRC
Bidiza,116/160,Common,PRC
Bidiza,117/160,Uncommon,PRC
Bidifas,118/160,Uncommon,PRC
Bisofank,119/160,Uncommon,PRC
Scoppel,120/160,Common,PRC
Scoppel,121/160,Uncommon,PRC
Kunstrad,122/160,Uncommon,PRC
Stolloss' Geistesbund,123/160,Uncommon,PRC
Adrians Ass im Ärmel,124/160,Uncommon,PRC
Tauchball,125/160,Uncommon,PRC
EnergieZugewinn,126/160,Uncommon,PRC
Fluchtseil,127/160,Uncommon,PRC
EPTeiler,128/160,Uncommon,PRC
Tafelwasserpack,129/160,Uncommon,PRC
Guardevoirs Geistesbund,130/160,Uncommon,PRC
Groudons Geistesbund,131/160,Uncommon,PRC
Kyogres Geistesbund,132/160,Uncommon,PRC
Marcs Balltrick,133/160,Uncommon,PRC
Prof. Birks Beobachtungen,134/160,Uncommon,PRC
Sonderbonbon,135/160,Uncommon,PRC
Wiederball,136/160,Uncommon,PRC
Raue See,137/160,Uncommon,PRC
Verbrannte Erde,138/160,Uncommon,PRC
Erinnerungsstätte,139/160,Uncommon,PRC
Silentiumlabor,140/160,Uncommon,PRC
Senior & Junior,141/160,Uncommon,PRC
Schwächenschutz,142/160,Uncommon,PRC
SchutzEnergie,143/160,Uncommon,PRC
WunderEnergie,144/160,Uncommon,PRC
Trombork EX,145/160,Rare Ultra,PRC
Camerupt EX,146/160,Rare Ultra,PRC
Wailord EX,147/160,Rare Ultra,PRC
Kyogre EX,148/160,Rare Ultra,PRC
ProtoKyogre EX,149/160,Rare Ultra,PRC
Groudon EX,150/160,Rare Ultra,PRC
Proto-Groudon EX,151/160,Rare Ultra,PRC
Tohaido EX,152/160,Rare Ultra,PRC
Stolloss EX,153/160,Rare Ultra,PRC
M-Stolloss EX,154/160,Rare Ultra,PRC
Guardevoir EX,155/160,Rare Ultra,PRC
M-Guardevoir EX,156/160,Rare Ultra,PRC
Adrians Ass im Ärmel,157/160,Rare Ultra,PRC
Marcs Balltrick,158/160,Rare Ultra,PRC
Prof. Birks Beobachtungen,159/160,Rare Ultra,PRC
Senior & Junior,160/160,Rare Ultra,PRC
Tauchball,161/160,Rare Secret,PRC
SpezialHammer,162/160,Rare Secret,PRC
Tausch,163/160,Rare Secret,PRC
Schwächenschutz,164/160,Rare Secret,PRC
Owei,1/108,Common,ROS
Kokowei,2/108,Uncommon,ROS
Waumpel,3/108,Common,ROS
Schaloko,4/108,Uncommon,ROS
Papinella,5/108,Rare Holo,ROS
Panekon,6/108,Common,ROS
Pudox,7/108,Uncommon,ROS
Pudox,8/108,Rare,ROS
Nincada,9/108,Common,ROS
Ninjask,10/108,Uncommon,ROS
Ninjatom,11/108,Rare,ROS
Tropius,12/108,Uncommon,ROS
Victini,13/108,Rare,ROS
Dartignis,14/108,Uncommon,ROS
Fiaro,15/108,Rare,ROS
Arktos,16/108,Rare,ROS
Arktos,17/108,Rare,ROS
Wingull,18/108,Common,ROS
Pelipper,19/108,Uncommon,ROS
Pikachu,20/108,Common,ROS
Voltobal,21/108,Common,ROS
Lektrobal,22/108,Uncommon,ROS
Zapdos,23/108,Rare,ROS
Frizelbliz,24/108,Common,ROS
Voltenso,25/108,Uncommon,ROS
Voltolos EX,26/108,Rare Holo EX,ROS
Natu,27/108,Common,ROS
Natu,28/108,Common,ROS
Xatu,29/108,Rare,ROS
Shuppet,30/108,Common,ROS
Banette,31/108,Rare,ROS
Banette,32/108,Rare,ROS
Deoxys,33/108,Rare Holo,ROS
Galagladi EX,34/108,Rare Holo EX,ROS
M-Galagladi EX,35/108,Rare Holo EX,ROS
Skorgla,36/108,Common,ROS
Skorgro,37/108,Uncommon,ROS
Bithora,38/108,Common,ROS
Resladero,39/108,Common,ROS
Absol,40/108,Rare Holo,ROS
Iscalar,41/108,Common,ROS
Jirachi,42/108,Rare Holo,ROS
Togepi,43/108,Common,ROS
Togetic,44/108,Uncommon,ROS
Togekiss,45/108,Rare,ROS
Togekiss,46/108,Rare Holo,ROS
Rocara,47/108,Rare,ROS
Clavion,48/108,Rare,ROS
Dratini,49/108,Common,ROS
Dragonir,50/108,Uncommon,ROS
Dragoran,51/108,Rare,ROS
Dragoran,52/108,Rare Holo,ROS
Altaria,53/108,Uncommon,ROS
Kindwurm,54/108,Common,ROS
Kindwurm,55/108,Common,ROS
Draschel,56/108,Uncommon,ROS
Brutalanda,57/108,Rare Holo,ROS
Latios EX,58/108,Rare Holo EX,ROS
M-Latios EX,59/108,Rare Holo EX,ROS
Rayquaza EX,60/108,Rare Holo EX,ROS
M-Rayquaza EX,61/108,Rare Holo EX,ROS
Trikephalo EX,62/108,Rare Holo EX,ROS
Reshiram,63/108,Rare Holo,ROS
Zekrom,64/108,Rare Holo,ROS
Habitak,65/108,Common,ROS
Ibitak,66/108,Uncommon,ROS
Mauzi,67/108,Common,ROS
Dummisel,68/108,Common,ROS
Panzaeron,69/108,Rare,ROS
Schwalbini,70/108,Common,ROS
Schwalboss,71/108,Rare,ROS
Schwalboss,72/108,Rare Holo,ROS
Wablu,73/108,Common,ROS
Altaria,74/108,Rare,ROS
Rayquaza EX,75/108,Rare Holo EX,ROS
M-Rayquaza EX,76/108,Rare Holo EX,ROS
Shaymin EX,77/108,Rare Holo EX,ROS
Shaymin EX,77a/108,Rare Ultra,ROS
Dusselgurr,78/108,Common,ROS
Navitaub,79/108,Uncommon,ROS
Fasasnob,80/108,Uncommon,ROS
Fasasnob,81/108,Rare,ROS
Dartiri,82/108,Common,ROS
Galagladis Geistesbund,83/108,Uncommon,ROS
Heilender Schal,84/108,Uncommon,ROS
Latios' Geistesbund,85/108,Uncommon,ROS
MegaTurbo,86/108,Uncommon,ROS
Rayquazas Geistesbund,87/108,Uncommon,ROS
Beleber,88/108,Uncommon,ROS
Himmelsfeld,89/108,Uncommon,ROS
Troy,90/108,Uncommon,ROS
Tausch,91/108,Uncommon,ROS
TrainerPost,92/108,Uncommon,ROS
TrainerPost,92a/108,Uncommon,ROS
Hyperball,93/108,Uncommon,ROS
Heiko,94/108,Uncommon,ROS
Großlinse,95/108,Uncommon,ROS
Wibke,96/108,Uncommon,ROS
DoppelDrachenEnergie,97/108,Uncommon,ROS
Voltolos EX,98/108,Rare Ultra,ROS
Galagladi EX,99/108,Rare Ultra,ROS
M-Galagladi EX,100/108,Rare Ultra,ROS
Latios EX,101/108,Rare Ultra,ROS
M-Latios EX,102/108,Rare Ultra,ROS
Trikephalo EX,103/108,Rare Ultra,ROS
Rayquaza EX,104/108,Rare Ultra,ROS
M-Rayquaza EX,105/108,Rare Ultra,ROS
Shaymin EX,106/108,Rare Ultra,ROS
Heiko,107/108,Rare Ultra,ROS
Wibke,108/108,Rare Ultra,ROS
EnergieUmschalter,109/108,Rare Secret,ROS
Kampffahnder,110/108,Rare Secret,ROS
Tangela,1/114,Common,STS
Tangoloss,2/114,Uncommon,STS
Hoppspross,3/114,Common,STS
Hubelupf,4/114,Uncommon,STS
Papungha,5/114,Rare,STS
Yanma,6/114,Common,STS
Yanmega,7/114,Rare,STS
Yanmega-TURBO,8/114,Rare BREAK,STS
Samurzel,9/114,Common,STS
Blanas,10/114,Uncommon,STS
Tengulist,11/114,Rare Holo,STS
Tarnpignon,12/114,Common,STS
Hutsassa,13/114,Rare,STS
Ignivor,14/114,Common,STS
Ramoth,15/114,Rare,STS
Ponita,16/114,Common,STS
Gallopa,17/114,Uncommon,STS
Panflam,18/114,Common,STS
Panpyro,19/114,Uncommon,STS
Panferno,20/114,Rare Holo,STS
Fiaro-TURBO,21/114,Rare BREAK,STS
Leufeo,22/114,Common,STS
Pyroleo,23/114,Rare,STS
Pyroleo-TURBO,24/114,Rare BREAK,STS
Volcanion,25/114,Rare,STS
Volcanion EX,26/114,Rare Holo EX,STS
Mantax,27/114,Common,STS
Schalellos,28/114,Common,STS
Gastrodon,29/114,Rare,STS
Ottaro,30/114,Common,STS
Zwottronin,31/114,Uncommon,STS
Admurai,32/114,Rare,STS
Scampisto,33/114,Common,STS
Wummer,34/114,Rare,STS
Wummer-TURBO,35/114,Rare BREAK,STS
Arktip,36/114,Common,STS
Arktilas,37/114,Rare,STS
Voltilamm,38/114,Common,STS
Waaty,39/114,Uncommon,STS
Ampharos,40/114,Rare Holo,STS
Wattzapf,41/114,Common,STS
Voltula,42/114,Rare,STS
Nidoran♂,43/114,Common,STS
Nidorino,44/114,Uncommon,STS
Nidoking,45/114,Rare,STS
Driftlon,46/114,Common,STS
Drifzepeli,47/114,Uncommon,STS
Lichtel,48/114,Common,STS
Laternecto,49/114,Uncommon,STS
Skelabra,50/114,Rare Holo,STS
Hoopa,51/114,Rare,STS
Menki,52/114,Common,STS
Rasaff,53/114,Rare,STS
Nasgnet,54/114,Common,STS
Voluminas,55/114,Rare,STS
Anorith,56/114,Uncommon,STS
Armaldo,57/114,Rare,STS
Glibunkel,58/114,Common,STS
Toxiquak,59/114,Rare,STS
Sniebel,60/114,Common,STS
Snibunna,61/114,Rare,STS
Kryppuk,62/114,Rare,STS
Gladiantri,63/114,Common,STS
Caesurio,64/114,Rare Holo,STS
Yveltal,65/114,Rare Holo,STS
Yveltal-TURBO,66/114,Rare BREAK,STS
Stahlos EX,67/114,Rare Holo EX,STS
M-Stahlos EX,68/114,Rare Holo EX,STS
Schilterus,69/114,Uncommon,STS
Bollterus,70/114,Rare,STS
Klikk,71/114,Common,STS
Kliklak,72/114,Uncommon,STS
Klikdiklak,73/114,Rare Holo,STS
Kobalium,74/114,Rare,STS
Magearna EX,75/114,Rare Holo EX,STS
Marill,76/114,Common,STS
Azumarill,77/114,Uncommon,STS
Guardevoir EX,78/114,Rare Holo EX,STS
M-Guardevoir EX,79/114,Rare Holo EX,STS
Clavion,80/114,Uncommon,STS
Xerneas,81/114,Rare Holo,STS
Xerneas-TURBO,82/114,Rare BREAK,STS
Shardrago,83/114,Rare,STS
Kapuno,84/114,Common,STS
Duodino,85/114,Uncommon,STS
Trikephalo,86/114,Rare Holo,STS
Trikephalo-TURBO,87/114,Rare BREAK,STS
Mauzi,88/114,Common,STS
Snobilikat,89/114,Uncommon,STS
Griffel,90/114,Common,STS
Ambidiffel,91/114,Uncommon,STS
Geronimatz,92/114,Common,STS
Washakwil,93/114,Uncommon,STS
Dartiri,94/114,Common,STS
Dartignis,95/114,Uncommon,STS
Fiaro,96/114,Rare,STS
Resladero,97/114,Uncommon,STS
Schilterus' Panzerfossil,98/114,Uncommon,STS
Bezauberndes Pofflé,99/114,Uncommon,STS
Anoriths Klauenfossil,100/114,Uncommon,STS
Guardevoirs Geistesbund,101/114,Uncommon,STS
Gierige Würfel,102/114,Uncommon,STS
Ninjajunge,103/114,Uncommon,STS
Pokémon Ranger,104/114,Uncommon,STS
Spezial-Aufladung,105/114,Uncommon,STS
Stahlos' Geistesbund,106/114,Uncommon,STS
Volcanion EX,107/114,Rare Ultra,STS
Stahlos EX,108/114,Rare Ultra,STS
M-Stahlos EX,109/114,Rare Ultra,STS
Magearna EX,110/114,Rare Ultra,STS
Guardevoir EX,111/114,Rare Ultra,STS
M-Guardevoir EX,112/114,Rare Ultra,STS
Pokémon Ranger,113/114,Rare Ultra,STS
Prof. Platan,114/114,Rare Ultra,STS
Volcanion EX,115/114,Rare Secret,STS
Guardevoir EX,116/114,Rare Secret,STS
Chespin,XY01/211,Promo,XYP
Fennekin,XY02/211,Promo,XYP
Froakie,XY03/211,Promo,XYP
Sylveon,XY04/211,Promo,XYP
Xerneas,XY05/211,Promo,XYP
Yveltal,XY06/211,Promo,XYP
Xerneas-EX,XY07/211,Promo,XYP
Yveltal-EX,XY08/211,Promo,XYP
Garchomp-EX,XY09/211,Promo,XYP
Dragalge,XY10/211,Promo,XYP
Skiddo,XY11/211,Promo,XYP
Honedge,XY12/211,Promo,XYP
Machamp,XY13/211,Promo,XYP
Trevenant,XY14/211,Promo,XYP
Slurpuff,XY15/211,Promo,XYP
Gogoat,XY16/211,Promo,XYP
Charizard-EX,XY17/211,Promo,XYP
Chesnaught-EX,XY18/211,Promo,XYP
Delphox-EX,XY19/211,Promo,XYP
Greninja-EX,XY20/211,Promo,XYP
Bronzong,XY21/211,Promo,XYP
Darkrai,XY22/211,Promo,XYP
Shiftry,XY23/211,Promo,XYP
Greninja,XY24/211,Promo,XYP
Krookodile-EX,XY25/211,Promo,XYP
Pyroar,XY26/211,Promo,XYP
Champions Festival,XY27/211,Promo,XYP
Venusaur-EX,XY28/211,Promo,XYP
Charizard-EX,XY29/211,Promo,XYP
Blastoise-EX,XY30/211,Promo,XYP
Xerneas,XY31/211,Promo,XYP
Yveltal,XY32/211,Promo,XYP
Trevor,XY33/211,Promo,XYP
Metagross-EX,XY34/211,Promo,XYP
M Metagross-EX,XY35/211,Promo,XYP
Treecko,XY36/211,Promo,XYP
Torchic,XY37/211,Promo,XYP
Mudkip,XY38/211,Promo,XYP
Kingdra,XY39/211,Promo,XYP
Ditto,XY40/211,Promo,XYP
Kyogre-EX,XY41/211,Promo,XYP
Groudon-EX,XY42/211,Promo,XYP
Diancie-EX,XY43/211,Promo,XYP
M Diancie-EX,XY44/211,Promo,XYP
Gallade-EX,XY45/211,Promo,XYP
Altaria,XY46/211,Promo,XYP
Heliolisk,XY47/211,Promo,XYP
Meowstic,XY48/211,Promo,XYP
Regirock,XY49/211,Promo,XYP
Pangoro,XY50/211,Promo,XYP
Kyogre,XY51/211,Promo,XYP
Groudon,XY52/211,Promo,XYP
Sceptile-EX,XY53/211,Promo,XYP
Blaziken-EX,XY54/211,Promo,XYP
Swampert-EX,XY55/211,Promo,XYP
Blissey,XY56/211,Promo,XYP
Fearow,XY57/211,Promo,XYP
Malamar,XY58/211,Promo,XYP
Salamence,XY59/211,Promo,XYP
Gyarados,XY60/211,Promo,XYP
Flygon-EX,XY61/211,Promo,XYP
Absol-EX,XY62/211,Promo,XYP
M Absol-EX,XY63/211,Promo,XYP
Rayquaza,XY64/211,Promo,XYP
Latios,XY65/211,Promo,XYP
Rayquaza-EX,XY66/211,Promo,XYP
Jirachi,XY67/211,Promo,XYP
Jirachi,XY67a/211,Promo,XYP
Chesnaught,XY68/211,Promo,XYP
Rayquaza-EX,XY69/211,Promo,XYP
Tyrantrum-EX,XY70/211,Promo,XYP
Hoopa-EX,XY71/211,Promo,XYP
Latios-EX,XY72/211,Promo,XYP
Rayquaza-EX,XY73/211,Promo,XYP
Reshiram,XY74/211,Promo,XYP
Palkia,XY75/211,Promo,XYP
Zekrom,XY76/211,Promo,XYP
Dialga,XY77/211,Promo,XYP
Latias,XY78/211,Promo,XYP
Latios,XY79/211,Promo,XYP
Black Kyurem,XY80/211,Promo,XYP
White Kyurem,XY81/211,Promo,XYP
Regigigas,XY82/211,Promo,XYP
Arceus,XY83/211,Promo,XYP
Pikachu-EX,XY84/211,Promo,XYP
Hoopa-EX,XY85/211,Promo,XYP
M Blaziken-EX,XY86/211,Promo,XYP
M Swampert-EX,XY87/211,Promo,XYP
Chespin,XY88/211,Promo,XYP
Pikachu,XY89/211,Promo,XYP
Hoopa,XY90/211,Promo,XYP
Champions Festival,XY91/211,Promo,XYP
Sableye,XY92/211,Promo,XYP
Celebi,XY93/211,Promo,XYP
Trevenant,XY94/211,Promo,XYP
Pikachu,XY95/211,Promo,XYP
Umbreon,XY96/211,Promo,XYP
Aerodactyl-EX,XY97/211,Promo,XYP
M Aerodactyl-EX,XY98/211,Promo,XYP
Aerodactyl Spirit Link,XY99/211,Promo,XYP
Mewtwo,XY100/211,Promo,XYP
Mewtwo,XY101/211,Promo,XYP
Aurorus-EX,XY102/211,Promo,XYP
Mawile-EX,XY103/211,Promo,XYP
M Mawile-EX,XY104/211,Promo,XYP
Mawile Spirit Link,XY105/211,Promo,XYP
Gyarados-EX,XY106/211,Promo,XYP
Mewtwo-EX,XY107/211,Promo,XYP
Machamp-EX,XY108/211,Promo,XYP
Gyarados,XY109/211,Promo,XYP
Mew,XY110/211,Promo,XYP
Celebi,XY111/211,Promo,XYP
Jirachi,XY112/211,Promo,XYP
Manaphy,XY113/211,Promo,XYP
Darkrai,XY114/211,Promo,XYP
Shaymin,XY115/211,Promo,XYP
Arceus,XY116/211,Promo,XYP
Victini,XY117/211,Promo,XYP
Keldeo,XY118/211,Promo,XYP
Genesect,XY119/211,Promo,XYP
Meloetta,XY120/211,Promo,XYP
Charizard-EX,XY121/211,Promo,XYP
Blastoise-EX,XY122/211,Promo,XYP
Venusaur-EX,XY123/211,Promo,XYP
Pikachu-EX,XY124/211,Promo,XYP
Mewtwo-EX,XY125/211,Promo,XYP
Mew-EX,XY126/211,Promo,XYP
Moltres,XY127/211,Promo,XYP
White Kyurem,XY128/211,Promo,XYP
Zygarde,XY129/211,Promo,XYP
Tyranitar,XY130/211,Promo,XYP
Pansear,XY131/211,Promo,XYP
Gastly,XY132/211,Promo,XYP
Ash-Greninja-EX,XY133/211,Promo,XYP
Empoleon BREAK,XY134/211,Promo,XYP
Beheeyem BREAK,XY135/211,Promo,XYP
Noctowl BREAK,XY136/211,Promo,XYP
Vivillon,XY137/211,Promo,XYP
Froakie,XY138/211,Promo,XYP
Floette,XY139/211,Promo,XYP
Lucario,XY140/211,Promo,XYP
Rayquaza,XY141/211,Promo,XYP
Azelf,XY142/211,Promo,XYP
Magikarp,XY143/211,Promo,XYP
Yanmega,XY144/211,Promo,XYP
Volcanion,XY145/211,Promo,XYP
Clawitzer,XY146/211,Promo,XYP
Hoopa,XY147/211,Promo,XYP
Shaymin-EX,XY148/211,Promo,XYP
Xerneas-EX,XY149/211,Promo,XYP
Yveltal-EX,XY150/211,Promo,XYP
Yveltal-EX,XY150a/211,Promo,XYP
Zygarde-EX,XY151/211,Promo,XYP
Zygarde,XY152/211,Promo,XYP
Ho-Oh,XY153/211,Promo,XYP
Ho-Oh BREAK,XY154/211,Promo,XYP
Wobbuffet BREAK,XY155/211,Promo,XYP
Lugia,XY156/211,Promo,XYP
Beedrill-EX,XY157/211,Promo,XYP
M Beedrill-EX,XY158/211,Promo,XYP
Beedrill Spirit Link,XY159/211,Promo,XYP
Black Kyurem,XY160/211,Promo,XYP
Braixen,XY161/211,Promo,XYP
Greninja,XY162/211,Promo,XYP
Weezing,XY163/211,Promo,XYP
Volcanion,XY164/211,Promo,XYP
Magearna,XY165/211,Promo,XYP
M Gengar-EX,XY166/211,Promo,XYP
Garchomp-EX,XY167/211,Promo,XYP
M Garchomp-EX,XY168/211,Promo,XYP
Garchomp Spirit Link,XY169/211,Promo,XYP
Salamence-EX,XY170/211,Promo,XYP
M Salamence-EX,XY171/211,Promo,XYP
Salamence Spirit Link,XY172/211,Promo,XYP
Volcanion-EX,XY173/211,Promo,XYP
Pikachu-EX,XY174/211,Promo,XYP
Magearna-EX,XY175/211,Promo,XYP
Champions Festival,XY176/211,Promo,XYP
Karen,XY177/211,Promo,XYP
Karen,XY177a/211,Promo,XYP
Absol,XY178/211,Promo,XYP
Snorlax,XY179/211,Promo,XYP
Arcanine BREAK,XY180/211,Promo,XYP
Crobat BREAK,XY181/211,Promo,XYP
Mandibuzz BREAK,XY182/211,Promo,XYP
Mewtwo-EX,XY183/211,Promo,XYP
Giratina,XY184/211,Promo,XYP
Volcanion,XY185/211,Promo,XYP
Magearna,XY186/211,Promo,XYP
Celebi,XY187/211,Promo,XYP
Shaymin,XY188/211,Promo,XYP
Victini,XY189/211,Promo,XYP
Manaphy,XY190/211,Promo,XYP
Keldeo,XY191/211,Promo,XYP
Mew,XY192/211,Promo,XYP
Meloetta,XY193/211,Promo,XYP
Darkrai,XY194/211,Promo,XYP
Jirachi,XY195/211,Promo,XYP
Genesect,XY196/211,Promo,XYP
Arceus,XY197/211,Promo,XYP
M Camerupt-EX,XY198/211,Promo,XYP
M Camerupt-EX,XY198a/211,Promo,XYP
Camerupt Spirit Link,XY199/211,Promo,XYP
M Sharpedo-EX,XY200/211,Promo,XYP
M Sharpedo-EX,XY200a/211,Promo,XYP
Sharpedo Spirit Link,XY201/211,Promo,XYP
Pikachu,XY202/211,Promo,XYP
Gym Badge,XY203/211,Promo,XYP
Gym Badge,XY204/211,Promo,XYP
Gym Badge,XY205/211,Promo,XYP
Gym Badge,XY206/211,Promo,XYP
Gym Badge,XY207/211,Promo,XYP
Gym Badge,XY208/211,Promo,XYP
Gym Badge,XY209/211,Promo,XYP
Gym Badge,XY210/211,Promo,XYP
Lucario Spirit Link,XY211/211,Promo,XYP
Bisaflor EX,1/146,Rare Holo EX,XY
M-Bisaflor EX,2/146,Rare Holo EX,XY
Hornliu,3/146,Common,XY
Kokuna,4/146,Uncommon,XY
Bibor,5/146,Rare,XY
Ledyba,6/146,Common,XY
Ledian,7/146,Uncommon,XY
Volbeat,8/146,Uncommon,XY
Illumise,9/146,Uncommon,XY
Vegimak,10/146,Common,XY
Vegichita,11/146,Rare,XY
Igamaro,12/146,Common,XY
Igastarnish,13/146,Uncommon,XY
Brigaron,14/146,Rare Holo,XY
Purmel,15/146,Common,XY
Puponcho,16/146,Uncommon,XY
Vivillon,17/146,Rare Holo,XY
Mähikel,18/146,Common,XY
Chevrumm,19/146,Rare Holo,XY
Schneckmag,20/146,Common,XY
Magcargo,21/146,Rare,XY
Grillmak,22/146,Common,XY
Grillchita,23/146,Rare,XY
Fynx,24/146,Common,XY
Rutena,25/146,Uncommon,XY
Fennexis,26/146,Rare Holo,XY
Dartignis,27/146,Uncommon,XY
Fiaro,28/146,Rare Holo,XY
Turtok EX,29/146,Rare Holo EX,XY
M-Turtok EX,30/146,Rare Holo EX,XY
Muschas,31/146,Common,XY
Austos,32/146,Rare,XY
Sterndu,33/146,Common,XY
Starmie,34/146,Rare,XY
Lapras,35/146,Rare Holo,XY
Corasonn,36/146,Uncommon,XY
Sodamak,37/146,Common,XY
Sodachita,38/146,Rare,XY
Froxy,39/146,Common,XY
Amphizel,40/146,Uncommon,XY
Quajutsu,41/146,Rare Holo,XY
Pikachu,42/146,Common,XY
Raichu,43/146,Rare Holo,XY
Voltobal,44/146,Common,XY
Lektrobal,45/146,Uncommon,XY
Emolga EX,46/146,Rare Holo EX,XY
Rettan,47/146,Common,XY
Arbok,48/146,Rare,XY
Spoink,49/146,Common,XY
Groink,50/146,Rare,XY
Toxiped,51/146,Common,XY
Rollum,52/146,Uncommon,XY
Cerapendra,53/146,Rare,XY
Paragoni,54/146,Common,XY
Trombork,55/146,Rare Holo,XY
Irrbis,56/146,Common,XY
Pumpdjinn,57/146,Rare Holo,XY
Digda,58/146,Common,XY
Digdri,59/146,Rare,XY
Rihorn,60/146,Common,XY
Rizeros,61/146,Rare,XY
Rihornior,62/146,Rare Holo,XY
Lunastein,63/146,Uncommon,XY
Sonnfel,64/146,Uncommon,XY
Praktibalk,65/146,Common,XY
Strepoli,66/146,Uncommon,XY
Meistagrif,67/146,Rare,XY
Zobiris,68/146,Uncommon,XY
Ganovil,69/146,Common,XY
Rokkaiman,70/146,Uncommon,XY
Rabigator,71/146,Rare,XY
Zorua,72/146,Common,XY
Zoroark,73/146,Rare Holo,XY
Iscalar,74/146,Uncommon,XY
Iscalar,75/146,Common,XY
Calamanero,76/146,Rare,XY
Calamanero,77/146,Rare,XY
Yveltal,78/146,Rare,XY
Yveltal EX,79/146,Rare Holo EX,XY
Panzaeron EX,80/146,Rare Holo EX,XY
Gladiantri,81/146,Common,XY
Caesurio,82/146,Rare,XY
Gramokles,83/146,Common,XY
Duokles,84/146,Uncommon,XY
Durengard,85/146,Rare,XY
Durengard,86/146,Rare Holo,XY
Pummeluff,87/146,Common,XY
Pummeluff,88/146,Common,XY
Knuddeluff,89/146,Rare,XY
Knuddeluff,90/146,Rare,XY
Pantimos,91/146,Uncommon,XY
Parfi,92/146,Common,XY
Parfinesse,93/146,Rare Holo,XY
Flauschling,94/146,Common,XY
Sabbaione,95/146,Rare Holo,XY
Xerneas,96/146,Rare,XY
Xerneas EX,97/146,Rare Holo EX,XY
Dodu,98/146,Common,XY
Dodri,99/146,Uncommon,XY
Tauros,100/146,Rare,XY
Dummisel,101/146,Uncommon,XY
Schwalbini,102/146,Common,XY
Schwalboss,103/146,Rare,XY
Eneco,104/146,Common,XY
Enekoro,105/146,Uncommon,XY
Bidiza,106/146,Common,XY
Bidifas,107/146,Rare,XY
Yorkleff,108/146,Common,XY
Terribark,109/146,Uncommon,XY
Bissbark,110/146,Rare,XY
Scoppel,111/146,Common,XY
Grebbit,112/146,Uncommon,XY
Dartiri,113/146,Common,XY
Coiffwaff,114/146,Rare Holo,XY
Olivier,115/146,Uncommon,XY
Evobrause,116/146,Uncommon,XY
Feenbeet,117/146,Uncommon,XY
Superball,118/146,Uncommon,XY
Unverwüstliches Amulett,119/146,Uncommon,XY
Top-Beleber,120/146,Uncommon,XY
Muskelband,121/146,Uncommon,XY
Prof. Platan,122/146,Uncommon,XY
Brief vom Prof.,123/146,Uncommon,XY
Rote Karte,124/146,Uncommon,XY
Rollerskates,125/146,Uncommon,XY
Schattenkreis,126/146,Uncommon,XY
Sannah,127/146,Uncommon,XY
Supertrank,128/146,Uncommon,XY
Team Flare-Rüpel,129/146,Uncommon,XY
Doppel-Farblos-Energie,130/146,Uncommon,XY
Regenbogen-Energie,131/146,Uncommon,XY
Pflanze-Energie,132/146,Common,XY
Feuer-Energie,133/146,Common,XY
Wasser-Energie,134/146,Common,XY
Elektro-Energie,135/146,Common,XY
Psycho-Energie,136/146,Common,XY
Kampf-Energie,137/146,Common,XY
Finsternis-Energie,138/146,Common,XY
Metall-Energie,139/146,Common,XY
Feen-Energie,140/146,Common,XY
Bisaflor EX,141/146,Rare Ultra,XY
Turtok EX,142/146,Rare Ultra,XY
Emolga EX,143/146,Rare Ultra,XY
Yveltal EX,144/146,Rare Ultra,XY
Panzaeron EX,145/146,Rare Ultra,XY
Xerneas EX,146/146,Rare Ultra,XY
